Frame,root_translateX,root_translateY,root_translateZ,root_rotateX,root_rotateY,root_rotateZ,waist_yaw_joint,waist_roll_joint,waist_pitch_joint,head_yaw_joint,head_pitch_joint,left_shoulder_pitch_joint,left_shoulder_roll_joint,left_shoulder_yaw_joint,left_elbow_joint,left_wrist_roll_joint,left_wrist_pitch_joint,left_wrist_yaw_joint,right_shoulder_pitch_joint,right_shoulder_roll_joint,right_shoulder_yaw_joint,right_elbow_joint,right_wrist_roll_joint,right_wrist_pitch_joint,right_wrist_yaw_joint,left_hip_pitch_joint,left_hip_roll_joint,left_hip_yaw_joint,left_knee_joint,left_ankle_pitch_joint,left_ankle_roll_joint,right_hip_pitch_joint,right_hip_roll_joint,right_hip_yaw_joint,right_knee_joint,right_ankle_pitch_joint,right_ankle_roll_joint
0,-1.56814102,-0.147765584,106.165814,0.207724988,1.6501379,-0.00864214505,-1.32190403,-0.00982042381,-0.849155158,0,0,3.35600833,14.1967907,-27.562781,69.3296166,-10.5399048,-1.92626959,-24.0670475,-1.02052332,-17.7486171,38.5229465,72.7788621,17.8295565,-1.40315532,31.4101446,-7.65548093,5.10633139,6.53046297,10.586473,-3.82078349,-4.44695517,-9.11329431,-6.07617983,-10.2027778,13.2779996,-4.50284959,4.29604897
1,-1.56845208,-0.149425317,106.164825,0.209914851,1.64996549,-0.00997236969,-1.32159102,-0.0159172373,-0.847100925,0,0,3.36902282,14.153623,-27.4444326,69.3463506,-10.4122896,-1.93658595,-24.0595992,-1.01835303,-17.735831,38.5336631,72.7826597,17.7960937,-1.42022717,31.3384789,-7.65523077,5.10333592,6.53786689,10.5880483,-3.8246276,-4.44944306,-9.11235089,-6.0779544,-10.2000688,13.2765046,-4.49479637,4.33408629
2,-1.5685752,-0.150592404,106.16231,0.211095417,1.64877475,-0.00483119037,-1.3260347,-0.0230513115,-0.851980241,0,0,3.36659982,14.182828,-27.4585131,69.3362077,-10.4123775,-1.94548654,-24.0747195,-1.01686544,-17.7421113,38.5391136,72.772995,17.858216,-1.40242332,31.3811505,-7.65184983,5.10199848,6.53971403,10.5862058,-3.81444337,-4.46858851,-9.11313636,-6.08003205,-10.202385,13.2866236,-4.49273707,4.36363326
3,-1.56963784,-0.149150717,106.163406,0.210063969,1.64758894,0.000477252119,-1.32734012,-0.0215987157,-0.845672562,0,0,3.38941692,14.1192663,-27.2819253,69.3505375,-10.2166328,-1.95959152,-24.0587676,-1.01890585,-17.7302746,38.5353467,72.7873999,17.8122642,-1.4435258,31.3314164,-7.65193521,5.1029069,6.53287701,10.585282,-3.80143442,-4.48776256,-9.1137451,-6.08009182,-10.2015885,13.2923276,-4.49588664,4.3513116
4,-1.57065988,-0.149580266,106.160581,0.212544533,1.6477234,-0.00235205091,-1.31988731,-0.0247506979,-0.844421623,0,0,3.37648609,14.1431839,-27.3406086,69.3391925,-10.2931745,-1.96457094,-24.0793914,-1.01699756,-17.7469659,38.5437308,72.7504895,17.8523745,-1.3947147,31.35426,-7.65384851,5.09938764,6.54351674,10.5908247,-3.81187735,-4.47501145,-9.11031549,-6.08070141,-10.2018745,13.2834953,-4.50247692,4.34307568
5,-1.57080553,-0.148894452,106.159449,0.206405086,1.64723238,-0.00417021821,-1.31781392,-0.0217445342,-0.83982624,0,0,3.37301208,14.1328831,-27.3366727,69.3539389,-10.2755867,-1.96209307,-24.0542631,-1.01720012,-17.7500309,38.5399776,72.7347323,17.8850057,-1.38144034,31.3579381,-7.65409525,5.10824982,6.54308345,10.5898506,-3.81143424,-4.47601933,-9.11213403,-6.07423877,-10.2061792,13.2877437,-4.49559892,4.33399537
6,-1.56922489,-0.148669654,106.158113,0.21183872,1.64718768,0.00222512888,-1.33436529,-0.0236752733,-0.845321767,0,0,3.36893062,14.1796076,-27.4259262,69.3267206,-10.3549151,-1.96001435,-24.0453395,-1.02477095,-17.7532787,38.5803748,72.7461319,17.9090497,-1.40571632,31.3486832,-7.65150661,5.10031442,6.53989802,10.5870015,-3.81068292,-4.47299228,-9.11083544,-6.08199787,-10.2076076,13.2926743,-4.49626572,4.36107621
7,-1.5698636,-0.149082707,106.157649,0.21130409,1.64581595,0.00447974033,-1.31835383,-0.027130045,-0.836686381,0,0,3.36224728,14.1703681,-27.416533,69.3372186,-10.3555725,-1.99793321,-24.0937536,-1.03483086,-17.7539224,38.5920271,72.7577159,17.9004471,-1.46038516,31.3398278,-7.65477486,5.10094109,6.54986967,10.5952994,-3.80730667,-4.51959636,-9.10590746,-6.08182455,-10.2063525,13.2892335,-4.48931515,4.37983447
8,-1.56961493,-0.147260923,106.157947,0.201376752,1.64610805,0.00560548278,-1.32238183,-0.0269869062,-0.83748007,0,0,3.36565917,14.1793207,-27.4179059,69.3305318,-10.4004571,-1.9688953,-24.0458022,-1.04256306,-17.7444063,38.6212056,72.7638425,17.9138377,-1.47716715,31.3258498,-7.64921252,5.1130493,6.53702379,10.5840219,-3.81500515,-4.52357751,-9.11316795,-6.07061066,-10.2121787,13.3027496,-4.48511287,4.37512975
9,-1.56835336,-0.150779088,106.162953,0.210032056,1.64612357,0.00562891739,-1.31399873,-0.0328565616,-0.83298143,0,0,3.39106043,14.1321105,-27.3053256,69.3239407,-10.2749857,-1.96288089,-24.0199551,-1.05352285,-17.756704,38.6468701,72.7573197,17.9667272,-1.47085029,31.340446,-7.65829923,5.10409194,6.55296417,10.6015644,-3.8156109,-4.51513881,-9.10484622,-6.07706391,-10.2043291,13.2857689,-4.48563069,4.35889567
10,-1.56785902,-0.148173363,106.164312,0.208127485,1.64587723,0.00583063053,-1.31829396,-0.0318026181,-0.832446541,0,0,3.36840982,14.1822398,-27.4360264,69.3192211,-10.3958211,-1.97576028,-24.0350925,-1.05343021,-17.7595181,38.6190814,72.7574358,17.9866219,-1.46212344,31.3881446,-7.65655754,5.10630022,6.54750344,10.6004843,-3.81228161,-4.52962906,-9.10502722,-6.07636467,-10.2042207,13.2878615,-4.47986985,4.38779549
11,-1.56769082,-0.146427483,106.160879,0.206901802,1.64624858,0.00999843688,-1.33140493,-0.0270282575,-0.831099126,0,0,3.41276421,14.0670418,-27.1622809,69.3653453,-10.1398077,-2.01486781,-24.0202249,-1.05476263,-17.7476045,38.6149936,72.7710825,17.9163682,-1.48829555,31.353577,-7.65434712,5.1068445,6.53327017,10.5918962,-3.81194266,-4.52182898,-9.10668866,-6.07672752,-10.2175925,13.2938525,-4.4904972,4.3814639
12,-1.56609323,-0.14530461,106.161499,0.204830924,1.64708604,0.00448772579,-1.31831125,-0.0290413374,-0.834213745,0,0,3.41310529,14.1065161,-27.2491114,69.340019,-10.2489601,-2.01975929,-24.0469838,-1.0551002,-17.7457672,38.6199694,72.7815054,17.9353989,-1.49758674,31.3681014,-7.65381948,5.11042139,6.54087346,10.5954257,-3.81375693,-4.53274277,-9.10475572,-6.07297092,-10.2074385,13.2891354,-4.48515386,4.38368926
13,-1.56475902,-0.143236562,106.162357,0.200879414,1.64764444,0.00531359337,-1.31590232,-0.0252401336,-0.83294269,0,0,3.41371638,14.0863593,-27.2072509,69.3628455,-10.2110978,-2.0370591,-24.0562951,-1.04472364,-17.7305188,38.5834552,72.7833291,17.8684152,-1.48450245,31.3264543,-7.65304596,5.11363542,6.54092511,10.5929207,-3.82508523,-4.54299318,-9.10543276,-6.06859063,-10.215511,13.2895802,-4.49487407,4.36523196
14,-1.56326201,-0.145272561,106.166446,0.208921959,1.64765806,0.00524267314,-1.31846952,-0.0335078675,-0.833239856,0,0,3.39171677,14.1338855,-27.3598937,69.3601134,-10.3976875,-2.01976762,-24.0347236,-1.04828591,-17.7285244,38.6053254,72.789927,17.8391495,-1.48579421,31.3111547,-7.65444445,5.10325054,6.53985021,10.5980664,-3.8160792,-4.51521779,-9.10345627,-6.07769869,-10.2091896,13.2855119,-4.49166431,4.3719725
15,-1.5625583,-0.145050324,106.169021,0.20863369,1.6468044,0.00312979503,-1.31635675,-0.0373036484,-0.82852185,0,0,3.39619673,14.1446072,-27.3590023,69.3342338,-10.3868309,-1.97517886,-24.0728446,-1.05308155,-17.7371236,38.5488637,72.786751,17.8946397,-1.43765407,31.4191468,-7.65405513,5.10414103,6.53396088,10.5977215,-3.80223056,-4.48708979,-9.10450556,-6.07850508,-10.2100963,13.2861839,-4.47731792,4.38253496
16,-1.56300645,-0.142833078,106.168044,0.209379823,1.64674738,-0.00194489104,-1.31870228,-0.0279866301,-0.821909747,0,0,3.40702877,14.074339,-27.219132,69.3794292,-10.2533519,-2.02516176,-24.0502811,-1.0517693,-17.7478385,38.5404864,72.7708776,17.9028086,-1.41232389,31.4034784,-7.65141867,5.1021099,6.53951468,10.594221,-3.80910856,-4.49948957,-9.10765428,-6.08161965,-10.1909598,13.2894274,-4.48462836,4.37906778
17,-1.56193031,-0.143646845,106.166625,0.21494522,1.64697896,-0.00105697008,-1.30998738,-0.0364054385,-0.820599684,0,0,3.39579204,14.1520401,-27.4210973,69.3224859,-10.458693,-1.99240204,-24.0393887,-1.04766127,-17.7366967,38.5463843,72.7724759,17.8148341,-1.44561253,31.3474093,-7.65281886,5.09755715,6.54283671,10.5976942,-3.80960503,-4.48947395,-9.10660584,-6.08751794,-10.2011206,13.288863,-4.50112028,4.34709994
18,-1.5612389,-0.142174703,106.167412,0.210113314,1.64714194,-0.00907232884,-1.30347426,-0.0293326376,-0.814395845,0,0,3.41847766,14.0728833,-27.2084069,69.3469106,-10.2241827,-1.98563311,-24.0223029,-1.04798933,-17.7349123,38.5346091,72.7724896,17.8072423,-1.4465409,31.345835,-7.65212645,5.10283006,6.54504414,10.5986086,-3.81084471,-4.49000799,-9.10717787,-6.0804504,-10.1972061,13.2855546,-4.49912842,4.34307738
19,-1.56013519,-0.145603984,106.170011,0.21843663,1.646842,-0.0107081825,-1.30667292,-0.0395473056,-0.808999995,0,0,3.39539354,14.1248235,-27.3462247,69.3352925,-10.3704931,-2.00601183,-24.0269406,-1.04104143,-17.7228827,38.5548845,72.7746206,17.7719746,-1.48734594,31.2884682,-7.65387839,5.09311412,6.54890149,10.6036945,-3.80126793,-4.49215224,-9.1049,-6.08982569,-10.2026898,13.2807573,-4.49468709,4.34145991
20,-1.55913383,-0.141070248,106.169045,0.207354334,1.64479264,-0.00948695519,-1.30859338,-0.0202001144,-0.80216479,0,0,3.41560813,14.0820998,-27.2703618,69.3342543,-10.293598,-2.04212005,-24.0053385,-1.06071578,-17.7364816,38.5685995,72.7819972,17.8070664,-1.4686784,31.329965,-7.64707296,5.10381958,6.54110696,10.594379,-3.81262739,-4.4724608,-9.11345823,-6.08273724,-10.2014425,13.3038937,-4.49398657,4.35709293
21,-1.56018455,-0.141425116,106.167233,0.209552141,1.64543517,-0.0244162524,-1.29964317,-0.0243079396,-0.797902539,0,0,3.44045188,14.0507202,-27.1371305,69.3400122,-10.1741653,-2.04112968,-24.0186061,-1.05309682,-17.7340534,38.546637,72.7770931,17.8176959,-1.46347304,31.3235617,-7.64810518,5.10287958,6.55983534,10.6026025,-3.81840658,-4.481317,-9.11105315,-6.08253062,-10.1889031,13.2914892,-4.49479637,4.33501989
22,-1.56092243,-0.137828372,106.166673,0.203310479,1.64436791,-0.026500667,-1.29975875,-0.0232112673,-0.790625506,0,0,3.42038265,14.0616878,-27.1843339,69.3507492,-10.2680411,-2.03430781,-24.0223422,-1.05434877,-17.7357234,38.5386013,72.7673123,17.8335249,-1.44086266,31.3569443,-7.64467728,5.10915951,6.55834892,10.5955085,-3.81447154,-4.47130309,-9.11452032,-6.07714801,-10.1904339,13.3003036,-4.49893632,4.32122419
23,-1.55947693,-0.14040753,106.166232,0.208754755,1.64431269,-0.0335274612,-1.29473546,-0.0288906597,-0.787605015,0,0,3.43418112,14.0453372,-27.1533641,69.3340152,-10.2055406,-1.99364855,-24.0245979,-1.04966518,-17.7259477,38.5653654,72.7737873,17.7763579,-1.47792402,31.2989116,-7.64814701,5.10555488,6.5627053,10.6092398,-3.81822302,-4.45420029,-9.11302537,-6.08150695,-10.1849348,13.2976475,-4.50935108,4.29375104
24,-1.55785708,-0.139806466,106.16287,0.209620627,1.64477074,-0.0312034431,-1.29608741,-0.0303391233,-0.786082149,0,0,3.41043106,14.0943156,-27.295876,69.3244257,-10.3567917,-1.98800062,-24.0381302,-1.04409751,-17.7206594,38.5491096,72.7771751,17.751969,-1.48607222,31.3007386,-7.64541237,5.10228322,6.5613017,10.6046695,-3.8127704,-4.4544974,-9.11220916,-6.0842672,-10.1856707,13.2967254,-4.50355695,4.31781337
25,-1.55558093,-0.139790063,106.164134,0.210616403,1.64541832,-0.0400989647,-1.29183893,-0.0311459761,-0.787052783,0,0,3.42368696,14.0536401,-27.2133144,69.3567598,-10.3017882,-2.02241389,-24.0437019,-1.03784255,-17.7282683,38.5256376,72.76833,17.7242111,-1.4660921,31.3104956,-7.64384314,5.10087449,6.56872867,10.6103061,-3.80265275,-4.45212776,-9.11091655,-6.08580613,-10.1835662,13.2896502,-4.48705734,4.33935877
26,-1.55346049,-0.142282492,106.164598,0.217836394,1.64465477,-0.036448576,-1.30383648,-0.0394442891,-0.782972759,0,0,3.43751212,14.028529,-27.0913255,69.3639588,-10.1652049,-2.03069998,-24.0479571,-1.02825499,-17.7233283,38.495397,72.7639928,17.7207072,-1.47403881,31.3006362,-7.6418436,5.09162812,6.5719649,10.6087378,-3.79992793,-4.44446343,-9.11327382,-6.09575174,-10.1776324,13.3015535,-4.49274262,4.3559762
27,-1.55291762,-0.141697971,106.162441,0.218373377,1.64638925,-0.0366571782,-1.30240342,-0.0371687355,-0.785903124,0,0,3.44318886,14.0566779,-27.1589085,69.3434068,-10.2741797,-2.02765414,-24.0557282,-1.02546753,-17.7285176,38.4918145,72.7607212,17.7242487,-1.47353978,31.3065511,-7.64137915,5.09126442,6.56934296,10.6088223,-3.80199236,-4.47343069,-9.10859087,-6.09543712,-10.1753588,13.2900754,-4.50422076,4.35853367
28,-1.55096399,-0.14001932,106.164765,0.208237463,1.6472226,-0.0425200978,-1.30128892,-0.0329902706,-0.781685108,0,0,3.45799415,13.9952617,-27.0069949,69.3826599,-10.0720249,-2.06338499,-24.0492634,-1.02419786,-17.7292501,38.5166184,72.7465144,17.7503537,-1.45941815,31.2806545,-7.64224061,5.10222815,6.57153247,10.6082187,-3.8102539,-4.44469181,-9.10883163,-6.08366358,-10.1732722,13.2880468,-4.48245721,4.36909998
29,-1.54832257,-0.140777044,106.162298,0.214435722,1.64723096,-0.0405203536,-1.30627976,-0.0343114686,-0.776417592,0,0,3.48469998,13.9834617,-26.9814107,69.3466648,-10.0991288,-2.03337208,-23.9905067,-1.04306369,-17.7357473,38.5708398,72.7634874,17.8179435,-1.46139432,31.2782195,-7.63959305,5.09595078,6.57160034,10.6043861,-3.80993758,-4.45362869,-9.11145015,-6.09208179,-10.1766497,13.2951681,-4.48724731,4.38539809
30,-1.54631054,-0.138350902,106.158781,0.218125654,1.64814838,-0.0379543164,-1.30763972,-0.034311512,-0.77642741,0,0,3.44979429,14.0422354,-27.1292091,69.3458861,-10.2326009,-2.05368378,-24.0251084,-1.03031088,-17.7451986,38.5064755,72.7597035,17.813719,-1.47270319,31.3392916,-7.64276995,5.09032612,6.58045056,10.6149669,-3.81971627,-4.46357558,-9.10415551,-6.09609922,-10.1735659,13.2830821,-4.4847974,4.3963392
31,-1.5449564,-0.131015957,106.1584,0.206509472,1.64839942,-0.0324628533,-1.313387,-0.0168679209,-0.774782829,0,0,3.46495646,14.0342663,-27.1295711,69.3295688,-10.2433619,-2.04641624,-23.9957694,-1.02956447,-17.7555771,38.5445402,72.7525591,17.8517615,-1.46394102,31.3003903,-7.63906969,5.09972617,6.5717775,10.6078498,-3.82783779,-4.44780339,-9.10730081,-6.08709404,-10.1704957,13.2964061,-4.48581211,4.39460988
32,-1.5432423,-0.128761085,106.157458,0.204146113,1.64961312,-0.033310314,-1.31932852,-0.015475973,-0.769995827,0,0,3.45789234,14.0254229,-27.1388602,69.337444,-10.242351,-2.03959822,-23.9931654,-1.02453979,-17.7479358,38.5216146,72.7573607,17.8045905,-1.49467538,31.2912379,-7.63790514,5.10175516,6.57399134,10.6065103,-3.83724595,-4.48020026,-9.10664768,-6.08466207,-10.1688855,13.2949342,-4.49696197,4.37878775
33,-1.53982909,-0.132998673,106.163168,0.209321026,1.6494415,-0.0308996643,-1.33004274,-0.0292297912,-0.762007547,0,0,3.49570512,13.9772914,-26.9694135,69.3321984,-10.1127089,-2.01178782,-23.9447871,-1.04078284,-17.7311967,38.5375665,72.7879873,17.8023963,-1.53559365,31.2779156,-7.64198874,5.09809759,6.57925955,10.6166616,-3.83703251,-4.4969974,-9.10257091,-6.08735316,-10.1739996,13.2915481,-4.49731629,4.38087138
34,-1.53724086,-0.135334686,106.163883,0.21808241,1.65021338,-0.0353650213,-1.32899804,-0.0446922323,-0.765020461,0,0,3.47457956,14.0260539,-27.1156205,69.3376011,-10.3123426,-2.04633962,-23.9836389,-1.03201907,-17.7477855,38.5516777,72.7491303,17.8303403,-1.46822525,31.3035288,-7.64375605,5.08853021,6.58854604,10.6231051,-3.83544022,-4.48810877,-9.09888944,-6.09389862,-10.1787039,13.281664,-4.49621279,4.39587475
35,-1.536653,-0.129801466,106.162798,0.21106114,1.65062982,-0.0410260113,-1.32797628,-0.0239085686,-0.754797642,0,0,3.49106038,13.9715438,-27.0160995,69.3387212,-10.2099537,-2.02138488,-23.9418126,-1.03863763,-17.7590912,38.5554377,72.7527708,17.8264044,-1.50551681,31.2790289,-7.63973478,5.09552218,6.58864124,10.6194296,-3.83684767,-4.4987152,-9.10282192,-6.08935953,-10.1711429,13.2872289,-4.48877001,4.40525686
36,-1.53548606,-0.125207868,106.166005,0.213360856,1.64987678,-0.0396131015,-1.33395654,-0.0261983995,-0.751533932,0,0,3.48731701,13.9920557,-27.0644282,69.3314608,-10.2743104,-2.02001094,-23.9705608,-1.04063556,-17.7636862,38.5957495,72.7513775,17.8606954,-1.49389759,31.2724275,-7.6395461,5.09186462,6.58512839,10.621844,-3.83210453,-4.51428205,-9.10532177,-6.09414451,-10.1665419,13.2989999,-4.49643946,4.41792815
37,-1.53399799,-0.117484655,106.165218,0.205437163,1.6509707,-0.0404441191,-1.33333499,-0.0202936776,-0.751194183,0,0,3.46519253,14.0360413,-27.1663056,69.3318569,-10.3857022,-2.01602425,-23.9645776,-1.02865232,-17.7633771,38.5593104,72.7376898,17.8199533,-1.47833895,31.2769354,-7.63660997,5.09757124,6.595398,10.6167718,-3.85380062,-4.50502885,-9.10772514,-6.08697494,-10.15835,13.3037187,-4.50716884,4.39403913
38,-1.53179998,-0.116866629,106.168354,0.205650486,1.65108436,-0.0474943709,-1.34099996,-0.0133881955,-0.743704668,0,0,3.50075882,13.969441,-27.0181008,69.3395887,-10.2279948,-2.03125365,-23.9292092,-1.03098867,-17.7691367,38.5751599,72.7203206,17.7869925,-1.42099909,31.2407969,-7.64050232,5.09955584,6.59539032,10.6299438,-3.84888801,-4.50494091,-9.10330601,-6.08799136,-10.161059,13.2940036,-4.4934154,4.40787624
39,-1.52889341,-0.119295774,106.165266,0.210154401,1.65235554,-0.0444758387,-1.34929982,-0.015976783,-0.736688889,0,0,3.48239372,14.024173,-27.1103629,69.3081698,-10.3020495,-1.99495589,-23.9343421,-1.03261713,-17.7748604,38.5893974,72.710772,17.8405805,-1.42343586,31.2283728,-7.63638628,5.09441527,6.58573414,10.6212729,-3.84765815,-4.51298047,-9.10510918,-6.09315114,-10.1697154,13.2995258,-4.5084495,4.40936565
40,-1.52583951,-0.117249787,106.167579,0.214084116,1.65329728,-0.0554569886,-1.32778643,-0.0200778947,-0.736445777,0,0,3.48063004,13.9913915,-27.0705173,69.3437278,-10.2507607,-2.01982034,-23.9263029,-1.02444332,-17.7717287,38.564498,72.7255798,17.7530704,-1.4605494,31.2167546,-7.63590731,5.08767686,6.60542344,10.626819,-3.84901095,-4.48673931,-9.10330089,-6.09714637,-10.1605425,13.2916079,-4.50661175,4.39970307
41,-1.52373323,-0.118906586,106.167531,0.218237454,1.6543818,-0.0571181965,-1.3372806,-0.0262191219,-0.732112076,0,0,3.48232456,14.0107713,-27.0953929,69.3313925,-10.3197823,-1.99959679,-23.9360445,-1.03413418,-17.7706513,38.6234425,72.7275401,17.7924515,-1.46971242,31.1986785,-7.63702063,5.08501821,6.59812367,10.6289543,-3.85413744,-4.50818269,-9.10188021,-6.09985839,-10.1597561,13.288606,-4.52813752,4.37120111
42,-1.52007332,-0.115823699,106.168246,0.208958982,1.65593846,-0.0625066738,-1.33285283,-0.0154323955,-0.733514132,0,0,3.49440461,14.0150231,-27.1056911,69.3101301,-10.3461187,-1.98231876,-23.8906084,-1.02270066,-17.7654142,38.5829088,72.7297189,17.768341,-1.44281076,31.1942628,-7.6324094,5.09583851,6.60160664,10.6244224,-3.85399571,-4.50305535,-9.10446458,-6.09174839,-10.1547513,13.2912937,-4.51564339,4.38482819
43,-1.5173764,-0.119059766,106.170297,0.218739511,1.65598226,-0.0608663166,-1.34115919,-0.0269296917,-0.728710321,0,0,3.48410148,14.0531424,-27.1900883,69.2912924,-10.4592078,-1.97713699,-23.8947833,-1.02580423,-17.7630578,38.5672301,72.7412278,17.7859133,-1.44935782,31.2120521,-7.63381813,5.08306862,6.60147858,10.629061,-3.84035027,-4.47387807,-9.10254615,-6.10208844,-10.1608583,13.2880434,-4.5074604,4.37233919
44,-1.51521778,-0.118517049,106.166196,0.214994154,1.65712652,-0.0614792707,-1.34740647,-0.0239144883,-0.725316251,0,0,3.50405438,14.0098356,-27.0640628,69.3079512,-10.3398972,-2.00059229,-23.8745984,-1.02159428,-17.7598886,38.5389701,72.7421089,17.7538678,-1.42920076,31.2348376,-7.63266127,5.08740024,6.60647273,10.6267712,-3.85704326,-4.48143524,-9.10224221,-6.10044621,-10.1555043,13.2896545,-4.52174873,4.36950595
45,-1.51264984,-0.116670865,106.16709,0.2096722,1.65825894,-0.0672521034,-1.35842399,-0.0173095903,-0.724421229,0,0,3.52056146,13.996813,-27.0144688,69.2993657,-10.3127319,-1.94344901,-23.8831617,-1.02246288,-17.7527323,38.5737563,72.7533241,17.6982684,-1.4793828,31.1755447,-7.63155819,5.09239097,6.60931067,10.6296834,-3.85391759,-4.48887716,-9.10201596,-6.09474556,-10.1535133,13.2862248,-4.51138306,4.36336176
46,-1.50936469,-0.115380413,106.167686,0.208548083,1.66048094,-0.0670813899,-1.35904063,-0.0203267364,-0.728504188,0,0,3.53157684,14.0005662,-27.0342217,69.2905479,-10.3232367,-1.94935477,-23.8451125,-1.0063717,-17.7442919,38.5296845,72.7513775,17.6857042,-1.45771658,31.1876375,-7.62620503,5.09207294,6.60702341,10.6168571,-3.84399973,-4.46788714,-9.10710274,-6.09515068,-10.1522105,13.2944288,-4.51742436,4.35622251
47,-1.50703155,-0.115273101,106.16529,0.206295436,1.66141795,-0.0656806044,-1.35839379,-0.0179804096,-0.724733284,0,0,3.53321225,14.0224322,-27.0967657,69.2667515,-10.4053603,-1.93561179,-23.8336565,-1.00940207,-17.7361759,38.5500043,72.7695458,17.6766559,-1.49435564,31.1587527,-7.62425501,5.0935807,6.60907204,10.6144606,-3.85399785,-4.45880341,-9.10653327,-6.09447406,-10.148599,13.2953244,-4.51332241,4.37599975
48,-1.50392558,-0.119715696,106.165695,0.215186568,1.66310465,-0.06721508,-1.34392115,-0.0308687031,-0.717589813,0,0,3.51474235,14.0394803,-27.1811254,69.2622231,-10.5053859,-1.94798404,-23.7909439,-1.01268451,-17.7346562,38.5277618,72.768651,17.7187231,-1.46414101,31.1857661,-7.62877233,5.0846989,6.61240005,10.6236353,-3.86201094,-4.44567707,-9.09894749,-6.10247221,-10.1509793,13.2818475,-4.50977583,4.3874194
49,-1.50059424,-0.121340016,106.162846,0.212186391,1.66542485,-0.0676572029,-1.35472971,-0.0282863146,-0.719257393,0,0,3.50307041,14.0451459,-27.2305623,69.2786839,-10.5760323,-1.94385305,-23.7571857,-1.00291317,-17.7289291,38.4932147,72.7639723,17.7047775,-1.46519084,31.2249099,-7.62748057,5.09060189,6.60710239,10.6212746,-3.86851925,-4.45279882,-9.09833705,-6.0985948,-10.1493537,13.2791189,-4.51566175,4.37693292
50,-1.4958417,-0.119105855,106.16672,0.21337664,1.66645756,-0.0643426886,-1.34799514,-0.0259745241,-0.715875916,0,0,3.51360619,14.0320969,-27.2176516,69.2740257,-10.5838912,-1.9263921,-23.7721729,-0.995111605,-17.7128115,38.5211434,72.7812049,17.7719849,-1.53460018,31.1962538,-7.62454785,5.08663867,6.61136058,10.619713,-3.86040798,-4.47506865,-9.09788881,-6.10171791,-10.1547137,13.2845429,-4.51910544,4.37533807
51,-1.49113592,-0.114432292,106.161726,0.199156864,1.6697834,-0.0656899677,-1.34409073,-0.0122425138,-0.716769336,0,0,3.51356414,14.0366424,-27.2400785,69.2619499,-10.6246726,-1.90512887,-23.6982805,-0.991711878,-17.705896,38.4916847,72.7910813,17.7139966,-1.54640691,31.202722,-7.6217082,5.10118697,6.61802642,10.614038,-3.87613705,-4.4600845,-9.09630336,-6.08705306,-10.1499147,13.2828507,-4.52079677,4.37831902
52,-1.48747982,-0.119183771,106.160247,0.209689824,1.67081808,-0.0640514629,-1.35322323,-0.0238941161,-0.715093592,0,0,3.50363945,14.0560427,-27.2859313,69.2682952,-10.6918065,-1.92812975,-23.6936667,-0.99221315,-17.6928213,38.5031868,72.8073577,17.6644265,-1.59634231,31.1734512,-7.62512671,5.08997436,6.61926653,10.6233159,-3.87189508,-4.47149433,-9.09122511,-6.0969705,-10.156651,13.2754417,-4.52539477,4.3801397
53,-1.48149636,-0.119268429,106.165326,0.208831865,1.6713372,-0.0604963339,-1.3567873,-0.0188729149,-0.714671348,0,0,3.53025264,14.0346992,-27.2007246,69.2447037,-10.615217,-1.92241138,-23.6775935,-0.991275386,-17.6928452,38.5227416,72.8094341,17.7001535,-1.61990508,31.20194,-7.62405523,5.08926189,6.6104607,10.6234688,-3.8665432,-4.44280412,-9.09088958,-6.09870622,-10.1586778,13.2820243,-4.50322227,4.42307256
54,-1.47715993,-0.119079289,106.167877,0.207489479,1.67195832,-0.0599813605,-1.34615462,-0.0196993995,-0.710140584,0,0,3.49976887,14.0648767,-27.3237654,69.2503044,-10.7313294,-1.90491543,-23.6735979,-0.992545908,-17.6888922,38.5281819,72.8210044,17.6505236,-1.65671094,31.1922923,-7.62350369,5.09140017,6.61773443,10.6250286,-3.86937644,-4.44360966,-9.09073419,-6.09718693,-10.1587709,13.2857331,-4.50763884,4.42086811
55,-1.47214513,-0.118201645,106.16492,0.204506833,1.67486105,-0.0584217559,-1.34026796,-0.0248492587,-0.709562259,0,0,3.4854878,14.0881394,-27.3851773,69.2431123,-10.8480369,-1.88439114,-23.6231569,-0.995826106,-17.694481,38.502432,72.8127672,17.6482338,-1.62991494,31.2300086,-7.61868414,5.09577704,6.61605292,10.6160887,-3.88019247,-4.46391026,-9.09423552,-6.09446937,-10.1578095,13.2959707,-4.52635697,4.39605959
56,-1.46666961,-0.117910432,106.162965,0.207425846,1.6763005,-0.0519639413,-1.3475944,-0.0180696273,-0.711378449,0,0,3.50808633,14.0772444,-27.3368367,69.2142206,-10.7759007,-1.90922357,-23.6253819,-1.00887902,-17.718788,38.5231583,72.8071733,17.6373704,-1.61725593,31.2620012,-7.6219003,5.09322852,6.61781212,10.6246103,-3.87694899,-4.48568021,-9.08757779,-6.0962465,-10.163698,13.2923054,-4.53273808,4.40104563
57,-1.46047231,-0.115616899,106.164086,0.204874401,1.67717553,-0.0464655517,-1.35136114,-0.0109816985,-0.711496003,0,0,3.52534771,14.0579517,-27.2633284,69.2082646,-10.7345191,-1.92461583,-23.6498408,-1.00222898,-17.7264412,38.5105395,72.7839643,17.6978244,-1.5863918,31.2405135,-7.61911188,5.09526776,6.61468219,10.6246495,-3.87762134,-4.4971673,-9.08875173,-6.09554256,-10.1754152,13.3027684,-4.53346464,4.42170609
58,-1.45389317,-0.118989951,106.161571,0.21337593,1.6803129,-0.043258127,-1.35600855,-0.0233012654,-0.717574818,0,0,3.48444406,14.1262211,-27.4586053,69.2059765,-10.923449,-1.90530389,-23.5939681,-0.983153331,-17.7258111,38.4430948,72.7691906,17.6667197,-1.57859375,31.2963093,-7.62252868,5.08511298,6.61171148,10.6302392,-3.87598422,-4.49246472,-9.08030022,-6.10392107,-10.1791752,13.2890705,-4.54559164,4.41839345
59,-1.4491071,-0.118149281,106.165123,0.207059359,1.68128014,-0.0446491974,-1.34089932,-0.013050879,-0.713903645,0,0,3.48613517,14.1138431,-27.4196698,69.2058467,-10.8913104,-1.89242579,-23.6009383,-0.981188904,-17.7256728,38.4271395,72.7621145,17.6674437,-1.56478652,31.2909271,-7.62102518,5.09129302,6.61687937,10.6340393,-3.88769031,-4.48391759,-9.08129145,-6.09739013,-10.1730289,13.2961201,-4.54267984,4.42012234
60,-1.44204469,-0.119317754,106.170583,0.214229569,1.68225099,-0.0428835951,-1.34981517,-0.0198378392,-0.717443444,0,0,3.49296557,14.1018971,-27.378535,69.212151,-10.8468714,-1.88529912,-23.6169227,-0.98647387,-17.7302797,38.4601293,72.7590409,17.7212024,-1.54481537,31.2601468,-7.62404327,5.08583612,6.61373194,10.6445015,-3.88257621,-4.48079022,-9.07770304,-6.10331446,-10.1717329,13.2954601,-4.54441343,4.43028054
61,-1.43532567,-0.120108027,106.172562,0.221727368,1.68376722,-0.0363620742,-1.34626454,-0.0270983687,-0.720667453,0,0,3.49600138,14.091844,-27.3546481,69.218428,-10.8154944,-1.90137163,-23.6287218,-0.987462433,-17.7302985,38.4740253,72.7610353,17.78278,-1.54773709,31.2671,-7.62374616,5.07734662,6.61799056,10.6469407,-3.87651228,-4.50389205,-9.07374239,-6.11180268,-10.1729939,13.2971105,-4.55078514,4.44920102
62,-1.42925205,-0.117958919,106.170917,0.209341375,1.68585946,-0.0335925889,-1.34230463,-0.0142046324,-0.720850534,0,0,3.47652552,14.1204129,-27.436566,69.2191998,-10.8909808,-1.84544796,-23.6031974,-0.992686354,-17.7391556,38.4666623,72.7503734,17.7195854,-1.51173388,31.2513017,-7.62249624,5.0918612,6.60904472,10.646828,-3.88805061,-4.51374545,-9.07439296,-6.09954505,-10.1790309,13.3020333,-4.54626185,4.43344804
63,-1.42430915,-0.115969195,106.1692,0.20617957,1.68761188,-0.0316957475,-1.33787792,-0.00827067373,-0.718549454,0,0,3.4865501,14.0634013,-27.3265658,69.2491843,-10.8104068,-1.91447833,-23.5851145,-1.00064715,-17.7401767,38.4670619,72.7609261,17.7560347,-1.51752268,31.2791382,-7.62011592,5.09550426,6.60253982,10.6433352,-3.89213677,-4.51178647,-9.07393876,-6.09667253,-10.1818791,13.3060384,-4.55402137,4.43037488
64,-1.4166682,-0.115706795,106.171513,0.20930229,1.6890896,-0.0265612738,-1.34679516,-0.00672533551,-0.717907096,0,0,3.49798107,14.0431592,-27.251683,69.2543206,-10.7288244,-1.87325771,-23.6317117,-0.999836708,-17.7411551,38.4988906,72.7498885,17.746037,-1.51818051,31.2060142,-7.62137096,5.0928439,6.61161244,10.6474427,-3.89765172,-4.52084928,-9.0715277,-6.10063831,-10.1850816,13.3093297,-4.56284171,4.41103008
65,-1.41198849,-0.115168153,106.169736,0.204874575,1.68911336,-0.0186334716,-1.35332514,0.00322787657,-0.714524979,0,0,3.49319353,14.0275411,-27.2597989,69.2527087,-10.7749308,-1.8466187,-23.6178721,-1.01836893,-17.765211,38.5350496,72.7372526,17.7445258,-1.472416,31.2687665,-7.61590937,5.09876994,6.58863953,10.6402036,-3.90001027,-4.53280296,-9.07888723,-6.09811071,-10.1904706,13.3330509,-4.57445388,4.40817464
66,-1.40444711,-0.11688869,106.172514,0.210508817,1.69276743,-0.0154843259,-1.35066329,0.0047073427,-0.709900407,0,0,3.52140563,13.9965935,-27.1376308,69.2367329,-10.6151658,-1.80671502,-23.6113185,-1.03294103,-17.7605733,38.5061033,72.7533445,17.8115709,-1.48859277,31.315888,-7.61747946,5.0900781,6.59226038,10.6415423,-3.88495525,-4.52262683,-9.07199642,-6.10523801,-10.1930448,13.3199105,-4.55987356,4.42289924
67,-1.39431227,-0.121790392,106.174147,0.21124902,1.69484788,-0.0129705021,-1.34032441,0.00242539,-0.717083098,0,0,3.5074159,14.027314,-27.2193557,69.229165,-10.7077704,-1.81091047,-23.66429,-1.01988395,-17.7595317,38.5123392,72.7489391,17.7784036,-1.51592111,31.3043552,-7.61653604,5.09223985,6.58520949,10.6446287,-3.89520395,-4.51776587,-9.0702957,-6.10578998,-10.187076,13.3257571,-4.57134529,4.41894243
68,-1.38756679,-0.123914634,106.17491,0.218674601,1.69624455,-0.0127943325,-1.34120871,-0.000281082514,-0.717707473,0,0,3.51223887,14.0326245,-27.2333405,69.2141181,-10.7550438,-1.83200422,-23.6323401,-1.01698785,-17.7616781,38.4962268,72.7417605,17.7415564,-1.51929458,31.3547381,-7.62041217,5.08385878,6.59367808,10.6545,-3.8990455,-4.48755509,-9.06373616,-6.11200673,-10.1982741,13.3147614,-4.57101061,4.40682738
69,-1.38227409,-0.121795537,106.171954,0.210220531,1.6982842,-0.00812760504,-1.35017291,0.0228341862,-0.713599221,0,0,3.52455306,13.9898829,-27.1713309,69.2180591,-10.6947981,-1.83795588,-23.6132788,-1.01159808,-17.7637357,38.4925932,72.7313172,17.7134724,-1.51897335,31.3094301,-7.61599048,5.09313589,6.58384943,10.649088,-3.90315301,-4.49655259,-9.06619759,-6.1055125,-10.2017874,13.3250109,-4.58296259,4.41306292
70,-1.37657914,-0.123698695,106.168485,0.205392468,1.7006441,-0.00059288784,-1.35162955,0.0131826987,-0.715266428,0,0,3.50091399,14.041695,-27.272457,69.2280312,-10.8155576,-1.86178684,-23.6908031,-1.00579968,-17.7569294,38.4705931,72.7213861,17.7848564,-1.50270768,31.3442709,-7.6152033,5.10061324,6.57552557,10.6467717,-3.91089332,-4.50604442,-9.06270566,-6.09930471,-10.2032013,13.3257068,-4.5965615,4.38946504
71,-1.36872986,-0.12727693,106.168616,0.215212666,1.70204679,0.00505474124,-1.35718804,0.00737819262,-0.716248694,0,0,3.51440041,14.0111512,-27.1948678,69.2382628,-10.7011118,-1.85898966,-23.6295671,-0.99545749,-17.7534495,38.4316781,72.7193029,17.7178915,-1.51692205,31.3832303,-7.61495315,5.08891825,6.57339882,10.6497616,-3.89924443,-4.47008774,-9.06017336,-6.11076748,-10.2125347,13.3295701,-4.59948482,4.39591573
72,-1.36419768,-0.128556718,106.169248,0.210717968,1.70288666,0.00483788728,-1.3443538,0.0144595455,-0.715003412,0,0,3.49143774,14.063567,-27.3326207,69.2131209,-10.8452331,-1.84672264,-23.6606717,-0.985036435,-17.7454376,38.4253295,72.717889,17.624171,-1.56179266,31.3336738,-7.611515,5.09407632,6.56738355,10.648743,-3.89835139,-4.48508385,-9.05952279,-6.10775238,-10.2103559,13.3345271,-4.59210395,4.4281619
73,-1.35714915,-0.134238636,106.16765,0.2146529,1.70634174,0.00123720366,-1.33661114,2.87664958e-05,-0.718551589,0,0,3.51720805,14.0135478,-27.1687611,69.2385634,-10.6833866,-1.88280781,-23.7018014,-0.994092199,-17.7341866,38.4141177,72.7331818,17.6903078,-1.54233067,31.39603,-7.60952912,5.09163282,6.57210492,10.6477117,-3.90384115,-4.4724655,-9.05696317,-6.10748429,-10.2215787,13.3292678,-4.60513595,4.40055513
74,-1.34990746,-0.134430313,106.170702,0.211600912,1.70782328,0.00166498526,-1.35072967,0.000644533184,-0.718111042,0,0,3.52349737,14.0371495,-27.1917173,69.2025478,-10.7015984,-1.85522239,-23.6276017,-0.986731923,-17.7258623,38.44178,72.7285305,17.6554345,-1.588937,31.3467195,-7.60642053,5.09566391,6.57059716,10.6506213,-3.90107194,-4.49135012,-9.05695464,-6.10526192,-10.2111191,13.3373215,-4.60270525,4.42888334
75,-1.34544512,-0.13819579,106.170022,0.21073427,1.70959052,0.00357389751,-1.33958771,0.000853430553,-0.712995603,0,0,3.51002418,14.0360994,-27.1784787,69.2166043,-10.674924,-1.8912194,-23.721177,-0.979578474,-17.7258521,38.4170103,72.7030061,17.6943581,-1.5655372,31.3856174,-7.60563762,5.09958316,6.57373051,10.6487951,-3.90170629,-4.48917513,-9.05701952,-6.10270871,-10.2231428,13.3412489,-4.61157767,4.41072144
76,-1.34014357,-0.142386241,106.166732,0.214618801,1.71084156,0.0059041871,-1.33706492,-0.0120495084,-0.713944573,0,0,3.52007673,14.0122748,-27.1443688,69.2267198,-10.6496711,-1.90794718,-23.6044593,-0.971838269,-17.7051651,38.3819817,72.7207645,17.671173,-1.60138118,31.4087239,-7.60492472,5.0977087,6.5681067,10.6509082,-3.90291737,-4.49410226,-9.05464518,-6.10733446,-10.2294369,13.343315,-4.61948916,4.41535743
77,-1.33447768,-0.144588912,106.165552,0.219962245,1.71294063,0.00859830022,-1.33071861,-0.0108699459,-0.713961702,0,0,3.49658835,14.044854,-27.218671,69.2221163,-10.7712621,-1.91870408,-23.651328,-0.958414172,-17.7103868,38.3779382,72.7052737,17.6545927,-1.62222756,31.3783398,-7.60560091,5.09124478,6.57201357,10.653671,-3.91150505,-4.46895222,-9.05158952,-6.11280074,-10.2333873,13.3449798,-4.62710482,4.41091738
78,-1.32962856,-0.146004197,106.165493,0.220494698,1.71363447,0.01194999,-1.30905506,-0.0162442426,-0.709607776,0,0,3.49689336,14.0319697,-27.159694,69.2260641,-10.6776458,-1.93603014,-23.6541933,-0.947443181,-17.7094733,38.3456143,72.6963739,17.6690386,-1.6256466,31.3970033,-7.60411193,5.09194701,6.57408013,10.6561384,-3.9050279,-4.47528381,-9.05086552,-6.11303339,-10.2316481,13.3512491,-4.62940617,4.4301068
79,-1.32496059,-0.144724175,106.164491,0.214806411,1.71516719,0.0143989079,-1.31191851,-0.00627356627,-0.710320037,0,0,3.51086686,14.0138526,-27.1277851,69.2149309,-10.6195021,-1.92275609,-23.6394999,-0.944098416,-17.7173604,38.3430598,72.6928905,17.6167825,-1.65148851,31.4390944,-7.60233949,5.09879854,6.57373179,10.6540936,-3.91282541,-4.49876557,-9.0508937,-6.10639744,-10.2351273,13.3566492,-4.6326313,4.42379272
80,-1.31751494,-0.14866339,106.164813,0.217038285,1.71726492,0.0181717504,-1.31146473,-0.00663054204,-0.710349759,0,0,3.48693323,14.071064,-27.2380858,69.2070215,-10.7569998,-1.92586127,-23.6470165,-0.943045393,-17.7218974,38.363284,72.6754121,17.6257779,-1.63160893,31.4495958,-7.60214569,5.09764893,6.56759742,10.6565995,-3.92141608,-4.5011254,-9.0488583,-6.10819549,-10.2364421,13.3589629,-4.63809972,4.43526188
81,-1.31124118,-0.149661268,106.166303,0.213134143,1.71838246,0.027016082,-1.30615383,-0.00559894919,-0.707054566,0,0,3.5040117,14.0371401,-27.1543135,69.2077865,-10.6536488,-1.92177425,-23.6104016,-0.931327349,-17.7191585,38.3338527,72.6574282,17.5738957,-1.63525155,31.4918303,-7.60263063,5.10287488,6.56272451,10.6575173,-3.92282139,-4.50539726,-9.0470022,-6.10381435,-10.251588,13.3661936,-4.64021537,4.43711671
82,-1.30503662,-0.154907361,106.165731,0.212841598,1.72039372,0.038540715,-1.29165611,-0.0290729203,-0.705296006,0,0,3.50351437,14.0506699,-27.1597555,69.2130048,-10.6461561,-1.92120778,-23.6006327,-0.931273348,-17.6960178,38.3302191,72.6607272,17.5700059,-1.65141488,31.4955356,-7.60014444,5.10676126,6.54784665,10.6548262,-3.92920122,-4.52855245,-9.04808478,-6.10339899,-10.255039,13.3777204,-4.65376177,4.45211922
83,-1.29752634,-0.156631391,106.167901,0.219414704,1.72163846,0.0473143505,-1.30672447,-0.0173040158,-0.704561867,0,0,3.52635709,14.0090834,-27.071938,69.20306,-10.5389298,-1.90721229,-23.5856729,-0.932293394,-17.7143227,38.3425271,72.6348203,17.5631075,-1.59156887,31.5028371,-7.60611232,5.09983886,6.54463219,10.6699661,-3.92594535,-4.53927585,-9.04008407,-6.10795686,-10.2675809,13.3726302,-4.65433081,4.44719465
84,-1.29143624,-0.152973051,106.167722,0.207806531,1.72337888,0.0483176573,-1.30468737,-0.00562736301,-0.700462046,0,0,3.50482129,14.0117327,-27.1249983,69.217861,-10.5519507,-1.93084154,-23.5940484,-0.928674141,-17.7023272,38.3351505,72.6078547,17.4518983,-1.55179411,31.4930495,-7.60363723,5.11391247,6.5443735,10.6702402,-3.93684804,-4.56079222,-9.04159013,-6.09683944,-10.2667305,13.3811295,-4.65474916,4.462493
85,-1.28947925,-0.158492604,106.166232,0.21966662,1.72394702,0.052874809,-1.28565974,-0.0204220472,-0.687592369,0,0,3.458954,14.0539475,-27.3092939,69.2029439,-10.64256,-1.92416738,-23.6019748,-0.951551646,-17.6908422,38.4038758,72.601284,17.427033,-1.58618145,31.5127443,-7.6072393,5.10290775,6.55075034,10.6764198,-3.93397765,-4.56051048,-9.03746298,-6.10723713,-10.2714792,13.3769853,-4.67065795,4.43997514
86,-1.28668128,-0.159027486,106.169271,0.216022479,1.72272278,0.0514869989,-1.30153161,-0.0141663459,-0.678495838,0,0,3.40549582,14.1115157,-27.5704035,69.1716616,-10.7614984,-1.83658728,-23.5768158,-1.01266807,-17.7038862,38.5905517,72.5898025,17.3784004,-1.59596559,31.5915374,-7.60663824,5.10697172,6.54805412,10.6802763,-3.93100311,-4.56576674,-9.04304666,-6.10329013,-10.2748901,13.392296,-4.67071515,4.44163018
87,-1.2853005,-0.158109167,106.169426,0.210436895,1.72297147,0.046779577,-1.28704456,-0.0149114686,-0.675585003,0,0,3.28911473,14.2641534,-28.0988126,69.1291779,-11.1658319,-1.68904559,-23.6086786,-1.04133235,-17.6955295,38.721384,72.5487531,17.3205367,-1.56355015,31.5658354,-7.6051689,5.11540871,6.54623729,10.6786908,-3.94657167,-4.56683096,-9.04627905,-6.09666442,-10.2648642,13.3965068,-4.67251277,4.44515072
88,-1.28367776,-0.1567484,106.16889,0.214776396,1.72113967,0.0485838993,-1.2914559,-0.00916522091,-0.670202334,0,0,3.19393925,14.3329607,-28.4012414,69.1069251,-11.1684342,-1.62144913,-23.6028679,-1.10295538,-17.7072227,38.9457079,72.5413082,17.3897709,-1.59382411,31.6006283,-7.60500327,5.11156502,6.54725243,10.6841934,-3.94328934,-4.58413781,-9.04801819,-6.10321628,-10.25926,13.4069143,-4.68433028,4.44401136
89,-1.28295794,-0.15952934,106.16852,0.219991909,1.71896923,0.0416953535,-1.27853415,-0.0181459783,-0.656444679,0,0,3.16230139,14.2666968,-28.3287867,69.111515,-10.8092696,-1.66925373,-23.6554484,-1.20746624,-17.7357097,39.0911363,72.5278937,17.3447241,-1.65489998,31.8161037,-7.60597145,5.10862804,6.55405231,10.6958116,-3.94278475,-4.58865214,-9.04851252,-6.10748643,-10.2558757,13.4106692,-4.69092611,4.43178404
90,-1.28493607,-0.161273079,106.166279,0.228498949,1.71784705,0.0275698538,-1.26830348,-0.033133988,-0.648677259,0,0,2.87346699,14.6474209,-29.350385,69.0549747,-11.5699554,-1.50637901,-23.6666089,-1.28996532,-17.7345572,39.1384422,72.4830535,17.3563405,-1.56725969,31.9056953,-7.60619599,5.10017013,6.56603032,10.7023011,-3.94109727,-4.58100574,-9.04915115,-6.11496591,-10.242445,13.4024055,-4.69216451,4.4177702
91,-1.2878702,-0.158567645,106.16771,0.220418075,1.71470352,0.0113228741,-1.2412204,-0.0172737735,-0.634234558,0,0,2.99808998,14.3719082,-28.4708017,68.9966585,-10.3600591,-1.56191571,-23.710025,-1.45221721,-17.7915722,39.3322283,72.4444561,17.2049597,-1.46649978,31.9927939,-7.60065927,5.11048713,6.5704153,10.7013321,-3.94009793,-4.5783727,-9.05594121,-6.10671291,-10.2304358,13.410489,-4.68869563,4.43383309
92,-1.29122082,-0.156196905,106.169617,0.215722759,1.7112836,-0.00549421216,-1.23110062,-0.0244453788,-0.619233968,0,0,2.9262921,14.3609782,-28.2692121,69.006617,-9.91870765,-1.57904678,-23.8368753,-1.59163952,-17.7836355,39.1962939,72.4272098,16.4932881,-1.43903441,31.9820056,-7.60023665,5.11636024,6.5845427,10.7097306,-3.94772768,-4.54586655,-9.05844874,-6.10047225,-10.2301301,13.4110645,-4.68387053,4.41613949
93,-1.29883755,-0.155084266,106.170869,0.216764353,1.70615667,-0.0166486744,-1.22710069,-0.0185064409,-0.579731462,0,0,2.87648188,14.2106244,-27.8066512,69.0444767,-9.20623184,-1.60966022,-23.8620138,-1.83554867,-17.8396345,39.3272252,72.3852998,16.425408,-1.38846551,32.1931848,-7.59627599,5.11481918,6.57604722,10.7068773,-3.93429611,-4.53303305,-9.06813053,-6.10420922,-10.2118961,13.4250928,-4.67414989,4.42253383
94,-1.30585348,-0.15223393,106.165445,0.223052157,1.7038911,-0.0140799228,-1.22531235,-0.0519908964,-0.547992214,0,0,2.75833561,14.2415386,-27.6361782,69.0153664,-8.98360694,-1.56030912,-24.0115556,-2.04497016,-17.816586,39.3481973,72.4042946,16.1765005,-1.48700902,32.4260396,-7.61111629,5.10602019,6.57188251,10.7330327,-3.94299094,-4.55019647,-9.07478826,-6.11587091,-10.2336741,13.4352971,-4.68508246,4.43544801
95,-1.31459702,-0.149909011,106.16399,0.230550754,1.69815154,-0.0236573864,-1.24055584,-0.0516697708,-0.518879493,0,0,2.54793612,14.3307546,-27.8051503,69.0382271,-9.2180327,-1.48146462,-24.1023186,-2.31555579,-17.9095346,39.7206646,72.2292232,16.403688,-1.12267008,32.2386124,-7.61208105,5.09717125,6.57468972,10.7399252,-3.93898546,-4.51744144,-9.07804114,-6.12472412,-10.2354064,13.4381598,-4.69204029,4.42316818
96,-1.32725704,-0.145352329,106.163108,0.232311268,1.69240955,-0.0416004052,-1.25182768,-0.0419873406,-0.480836887,0,0,2.29310859,14.3943897,-28.1057793,69.0942961,-9.30194242,-1.50456037,-24.0317593,-2.64883957,-17.997931,39.9356892,72.147657,15.4458922,-1.08812331,31.9088338,-7.61888136,5.09477769,6.57745894,10.7591214,-3.94099396,-4.5156054,-9.08189763,-6.12847218,-10.2253772,13.4349112,-4.68147356,4.4266106
97,-1.34224016,-0.141347526,106.156695,0.226750014,1.68555331,-0.0557413374,-1.25903321,-0.0186397597,-0.439608531,0,0,2.06906173,14.4142144,-28.1291813,69.0723917,-8.95355582,-1.46130702,-24.0359565,-3.08036729,-17.977203,40.3202254,72.2866172,15.525259,-1.09401947,32.1808324,-7.62425245,5.10073746,6.58785619,10.7711801,-3.9538535,-4.5232471,-9.09604466,-6.12370172,-10.2256572,13.4515205,-4.69178885,4.4086028
98,-1.35958185,-0.136027893,106.157172,0.22522906,1.67476514,-0.0693747798,-1.27482471,0.00756127037,-0.391315678,0,0,1.75709242,14.5016715,-28.3266574,69.0730679,-8.75467095,-1.43795663,-24.219301,-3.519989,-18.0309088,40.6024591,72.2991165,15.1933358,-1.21717471,32.2161411,-7.63361152,5.10193018,6.601987,10.8018929,-3.95794265,-4.53213531,-9.10434078,-6.12709163,-10.2166337,13.4620117,-4.67643416,4.42992068
99,-1.38262417,-0.132388831,106.155813,0.241522033,1.6632628,-0.0718173823,-1.32422502,0.0420239795,-0.338648463,0,0,1.40625303,14.4743764,-28.3737994,69.0995485,-8.25373805,-1.38394542,-24.2693731,-4.09576136,-18.1565706,41.2059575,72.277779,14.9488116,-1.24174162,32.0456288,-7.65778612,5.08034935,6.59515382,10.8442154,-3.95696679,-4.5013064,-9.1042204,-6.14764452,-10.2244389,13.4559952,-4.67375971,4.44557334
100,-1.41185252,-0.129173859,106.153393,0.24234844,1.64530889,-0.070003779,-1.34259449,0.0421013728,-0.269098754,0,0,0.939301595,14.7139384,-28.9998494,69.0024779,-7.76748493,-1.3680791,-24.4064806,-4.66304229,-18.2991321,41.4684963,72.1026461,14.0880703,-0.985687758,32.0466021,-7.67713348,5.07834895,6.57679001,10.8821989,-3.95806858,-4.49849535,-9.1218346,-6.15566573,-10.2546889,13.4946182,-4.66952969,4.46103347
101,-1.44499959,-0.127806305,106.151152,0.258101122,1.62096112,-0.0692237185,-1.37721704,0.0410432737,-0.191919618,0,0,0.379457216,14.9911143,-29.4181165,68.9153178,-6.84045025,-1.28349532,-24.6468128,-5.30804267,-18.391314,42.0342887,72.0721356,13.8495532,-1.07277865,31.8525735,-7.70228565,5.06085513,6.56954958,10.943826,-3.95751363,-4.49059666,-9.13058151,-6.17860449,-10.2701687,13.5269651,-4.68232861,4.44989386
102,-1.48065332,-0.125330209,106.145465,0.246245364,1.60004164,-0.0810347137,-1.36209863,0.0142431422,-0.122172954,0,0,-0.226719885,15.411813,-30.3282358,68.6767461,-6.49065961,-1.13178849,-24.7336057,-6.05039544,-18.4853298,42.370375,72.0688913,12.9881673,-1.27501414,31.845354,-7.71362377,5.0785752,6.56766274,10.9719279,-3.96955397,-4.50938352,-9.1559864,-6.16862516,-10.2599029,13.5743803,-4.68720366,4.43327302
103,-1.52100902,-0.125876837,106.140995,0.256952365,1.56897075,-0.0920797257,-1.36449645,-0.017228777,-0.0424937084,0,0,-0.86423136,15.7389808,-30.8735786,68.5032115,-5.64975831,-0.990163026,-24.8584632,-6.69851593,-18.5447217,42.6199091,71.9018522,12.2335023,-1.30724538,31.6166451,-7.7359047,5.07095912,6.57684166,11.0366756,-3.96672841,-4.5048534,-9.18185233,-6.18568782,-10.2489405,13.6371787,-4.70202005,4.45140418
104,-1.56178838,-0.126325712,106.133699,0.253967904,1.54227185,-0.096557397,-1.38191183,-0.0195951757,0.040505403,0,0,-1.48158671,16.0546158,-31.371718,68.2101213,-4.81356472,-0.875796044,-25.0682508,-7.47724629,-18.6383807,42.8232165,71.8847767,11.4246124,-1.59044786,31.6635241,-7.75365038,5.08061402,6.5647646,11.0824481,-3.97620103,-4.51420393,-9.20143619,-6.18305137,-10.2486545,13.6858088,-4.7213768,4.43602857
105,-1.60880815,-0.128980528,106.127226,0.263848339,1.49839927,-0.0838595995,-1.42726173,-0.0261642753,0.137497151,0,0,-2.27580409,16.505089,-32.2654585,68.014771,-4.19019897,-0.89641996,-25.3953844,-8.26946627,-18.7545656,43.3767146,71.7169112,10.8441752,-1.67888078,31.2308385,-7.78518707,5.07471914,6.55103806,11.173737,-3.99942111,-4.51858464,-9.23253916,-6.20518161,-10.255903,13.7937216,-4.76203009,4.44932226
106,-1.6628217,-0.131772319,106.118512,0.272807497,1.45149242,-0.0813652151,-1.42610604,-0.0529362372,0.259407436,0,0,-2.89799975,16.6637081,-32.285044,67.8037523,-2.72696156,-0.907913461,-25.2191485,-9.1095266,-18.8232586,43.5865858,71.6013375,10.107576,-1.74521194,30.9353064,-7.8213256,5.07229186,6.53435575,11.2852236,-4.02539675,-4.51565748,-9.28028389,-6.22936304,-10.2429086,13.9248279,-4.8069531,4.45706385
107,-1.71383321,-0.136872835,106.11378,0.282913969,1.40055615,-0.0596858099,-1.46822792,-0.0628325777,0.393931,0,0,-3.73308941,17.0881378,-33.1485439,67.5693129,-2.29671941,-1.01665562,-25.1566129,-10.0031783,-18.9102308,43.9162244,71.4916447,9.4630922,-1.83528336,30.5853105,-7.86164677,5.06932158,6.51069213,11.40168,-4.03714254,-4.52077628,-9.29832072,-6.25039874,-10.2738177,14.0227737,-4.84271639,4.47000919
108,-1.76431332,-0.139833207,106.105638,0.290428787,1.34470154,-0.0442230703,-1.45527884,-0.0951008459,0.52942936,0,0,-4.56367456,17.3751833,-33.8187015,67.4357554,-1.72711056,-1.05853962,-24.8296262,-10.8638957,-19.0216551,44.2373833,71.2097764,8.9815724,-1.69063895,30.1552579,-7.88774749,5.06893439,6.48182732,11.5121626,-4.06881327,-4.51468631,-9.30823559,-6.26856705,-10.3004145,14.1198725,-4.8883459,4.45695328
109,-1.81871485,-0.134764926,106.093609,0.300909601,1.28459956,-0.0810844356,-1.43870101,-0.0834478295,0.664318446,0,0,-5.33946239,17.5468414,-34.1851446,67.3383023,-1.1454525,-1.25594938,-24.5965699,-11.8219988,-19.1944435,44.8731271,71.0051166,8.71133426,-1.97454088,29.7236924,-7.90291819,5.06636966,6.50490952,11.6287608,-4.11830226,-4.5161595,-9.36247754,-6.29397791,-10.2754843,14.275343,-4.94381472,4.45148017
110,-1.88006852,-0.133520039,106.084263,0.288935782,1.22416049,-0.077439814,-1.45414599,-0.065613045,0.798040583,0,0,-6.14461107,17.6769172,-34.4003331,67.2876496,-0.361110394,-1.30343926,-24.6042299,-12.9148803,-19.3751003,45.5454533,70.8770779,8.55118254,-1.90929806,29.2812873,-7.98339831,5.09525453,6.46781092,11.8381103,-4.18641163,-4.52934134,-9.41163441,-6.29631384,-10.2743974,14.4302517,-4.97436146,4.46019293
111,-1.95578113,-0.139167614,106.06643,0.304965918,1.13925575,-0.0522522396,-1.46335693,-0.113772529,0.993875981,0,0,-7.15151798,17.985693,-35.2215097,67.2703077,-0.393223302,-1.46779655,-24.2588409,-13.8966901,-19.4406599,45.8450732,70.6552402,8.13628014,-1.89628655,28.7175304,-8.05833402,5.09313717,6.41313654,12.0689579,-4.2651509,-4.52296792,-9.4681952,-6.33892141,-10.2850389,14.6500147,-5.06535708,4.45202018
112,-2.03738753,-0.137687067,106.053615,0.306424167,1.06786192,-0.0419479981,-1.45735853,-0.128838459,1.1783024,0,0,-8.09306127,18.1428966,-35.4950759,67.2662165,0.174555103,-1.51567042,-24.13955,-14.957059,-19.5362825,46.3526656,70.5491742,8.09505397,-2.15552915,28.0502721,-8.12045374,5.10051847,6.37445291,12.2431201,-4.30657856,-4.55723882,-9.53035761,-6.36223882,-10.2720419,14.833465,-5.10603897,4.46016518
113,-2.1150874,-0.142208778,106.031036,0.323101875,0.963438138,-0.00367063496,-1.50393103,-0.127402571,1.39331206,0,0,-9.01852202,18.1825885,-35.6733814,67.3037415,0.941847762,-1.66871169,-23.9717988,-16.082109,-19.6339952,46.6944209,70.4313466,7.73938468,-2.20884881,27.8679146,-8.19149966,5.09695994,6.30834137,12.5072904,-4.41689764,-4.53414296,-9.59330719,-6.41438902,-10.3454878,15.1176077,-5.22612052,4.45779212
114,-2.19984427,-0.145209848,106.008923,0.311597726,0.875442592,0.0382975183,-1.4929721,-0.169653495,1.58857458,0,0,-10.1586172,18.5482325,-36.4681148,67.2995205,1.01391309,-1.70626268,-23.8214476,-17.1715549,-19.714477,47.1437244,70.259178,7.59888256,-2.22264814,27.4565255,-8.29410959,5.12658674,6.22277404,12.7737677,-4.51338473,-4.55213154,-9.65538251,-6.42953753,-10.3869385,15.3559933,-5.31808689,4.42292443
115,-2.28562653,-0.150004262,105.982673,0.32113237,0.766591531,0.0697237103,-1.49545135,-0.180396088,1.81944884,0,0,-11.2683547,18.7869681,-37.0484931,67.2299345,1.16503252,-1.66638633,-23.599615,-18.3002334,-19.756703,47.5482834,70.1909513,7.75446744,-2.32511144,26.848444,-8.40158347,5.13510142,6.14877706,13.1036863,-4.62598296,-4.53244907,-9.72478748,-6.47562295,-10.4090649,15.6477192,-5.4393364,4.42879754
116,-2.36770473,-0.157917058,105.956781,0.329320061,0.654091578,0.0998014992,-1.49167767,-0.21677537,2.04250553,0,0,-12.3867991,18.9994331,-37.5475409,67.2685524,1.57991934,-1.83006851,-23.3851248,-19.4653988,-19.8145922,47.8368589,70.1176565,7.52575344,-2.42991279,26.6763078,-8.49593741,5.14831912,6.05971608,13.4211595,-4.71731668,-4.53343347,-9.77705209,-6.51593345,-10.4524784,15.9197315,-5.55657361,4.40808243
117,-2.44713202,-0.165815302,105.929673,0.348153813,0.521720152,0.124275476,-1.47502055,-0.255545285,2.28536358,0,0,-13.4494203,19.1870003,-38.0470121,67.198099,1.78515777,-1.96308388,-22.9918477,-20.5737268,-19.8550594,48.1389513,70.0020692,7.40495983,-2.42102074,26.2097018,-8.5802006,5.15009283,6.01269151,13.776898,-4.83232725,-4.54009889,-9.84163153,-6.57794132,-10.481429,16.2671661,-5.70596863,4.43280899
118,-2.54550092,-0.174776744,105.880582,0.390735769,0.44923774,0.187658498,-1.51911347,-0.300815805,2.50964159,0,0,-14.5677621,19.2904111,-38.3649472,67.2228652,2.41135261,-2.10581669,-22.7958673,-21.8169629,-19.9273552,48.363043,69.9159132,7.06696792,-2.41135624,26.0230139,-8.84331571,5.12256546,5.84860604,14.2801087,-4.99054687,-4.53602425,-10.1239369,-6.69820259,-10.5223683,16.8677003,-5.95694906,4.43388859
119,-2.64750998,-0.182247825,105.850959,0.335615534,0.326659853,0.266715944,-1.53437596,-0.28122266,2.79798102,0,0,-15.7560272,19.5407802,-39.0839544,67.1130017,2.70666907,-2.10092542,-22.5425937,-23.0268507,-19.9831681,48.6715182,69.8232139,6.71551072,-2.46444303,25.383003,-9.03145071,5.21436321,5.67695997,14.7395858,-5.13403506,-4.56142572,-10.1095807,-6.65959452,-10.5678864,17.0444724,-6.01670937,4.42682703
120,-2.74459813,-0.187307631,105.79679,0.347376255,0.198678417,0.347122244,-1.59562098,-0.283410589,3.06195908,0,0,-16.9039327,19.6009644,-39.3587021,67.1952781,3.36434777,-2.39123728,-22.4739588,-24.2446802,-20.0115971,49.0421584,69.7139992,6.65752924,-2.5167356,25.2439864,-9.22453077,5.21843528,5.5271466,15.2313253,-5.31764335,-4.54759843,-10.2669158,-6.74361652,-10.640826,17.5560997,-6.23412966,4.42169969
121,-2.84855366,-0.195351383,105.74348,0.35771229,0.150403349,0.401233467,-1.66726401,-0.302236885,3.26546158,0,0,-18.1560703,19.808235,-40.1769725,67.249742,3.19248677,-2.56888687,-22.1442297,-25.5773406,-20.0484903,49.4794989,69.6549044,5.79664964,-2.55719849,24.7461237,-9.53647746,5.22956593,5.3727506,15.758218,-5.49095684,-4.56056,-10.5636483,-6.81820945,-10.6076868,18.1091435,-6.42628423,4.4363688
122,-2.95261666,-0.202341028,105.689442,0.348827667,0.058667449,0.495010204,-1.72072401,-0.310936198,3.53838889,0,0,-19.4156767,19.9408978,-40.8395213,67.2505275,3.40118384,-2.65046771,-21.7583992,-26.8460244,-20.013653,49.8300686,69.6401716,5.52776516,-2.19903639,24.8738875,-9.86181388,5.26376212,5.15796591,16.3885027,-5.7037151,-4.59073791,-10.7740155,-6.87697127,-10.6589507,18.6289533,-6.61600127,4.43125598
123,-3.06430757,-0.212023919,105.627286,0.389729774,0.0292630313,0.553259818,-1.77438069,-0.355345527,3.73819626,0,0,-20.6791627,20.0972955,-41.5079646,67.2667287,3.46489136,-2.80737338,-21.7053371,-28.1839184,-20.0467486,50.2592947,69.5423087,4.46543595,-2.20557715,24.1447426,-10.2081036,5.23236844,4.99199188,16.9223759,-5.87246047,-4.55851009,-11.1499807,-6.99850979,-10.6108526,19.2709245,-6.83721103,4.43743388
124,-3.18700112,-0.234564533,105.56339,0.436479912,-0.0297984998,0.628660538,-1.79576666,-0.428795487,3.99477957,0,0,-21.9652566,20.2292581,-42.0137503,67.2726232,3.8119068,-2.87349196,-21.6390758,-29.547593,-19.9863356,50.6179411,69.5687279,4.16899038,-2.30467466,24.0208754,-10.5227807,5.19700684,4.79331449,17.4470574,-6.02172188,-4.56796905,-11.4948242,-7.12467833,-10.5578998,19.9157012,-7.05139253,4.44616457
125,-3.30808572,-0.252252771,105.48799,0.473892322,-0.121334339,0.705591705,-1.82137474,-0.516818483,4.28629461,0,0,-23.3059595,20.4189991,-42.7983956,67.2416141,3.71387225,-2.88355816,-21.3273955,-30.9996468,-20.0313858,51.1825314,69.484737,3.11467256,-2.426115,23.8769787,-10.8284641,5.17467725,4.64434209,18.0407033,-6.25011401,-4.55336909,-11.8005059,-7.24867998,-10.5446083,20.5742237,-7.31077238,4.46442807
126,-3.42569016,-0.272252038,105.408084,0.485782043,-0.172673679,0.787888468,-1.84147193,-0.584923046,4.52135642,0,0,-24.5872791,20.5325527,-43.3505515,67.2815639,3.86004555,-3.01276699,-21.0088559,-32.315353,-19.9287657,51.5296143,69.5024955,2.65734785,-2.49938094,23.5870645,-11.2130242,5.18402436,4.46225479,18.6824354,-6.49558589,-4.52230069,-12.1350016,-7.33258373,-10.5415535,21.2024149,-7.54928515,4.47063373
127,-3.55208553,-0.283360854,105.317736,0.493854051,-0.204197472,0.840588728,-1.8287998,-0.618383289,4.75579925,0,0,-25.8612511,20.598476,-43.739244,67.27235,4.10668155,-3.09523085,-20.8628401,-33.6694346,-19.9167821,51.8481128,69.4270629,1.57193463,-2.52287508,23.2687555,-11.6344239,5.19634858,4.30168985,19.3551971,-6.76767416,-4.53958449,-12.5442597,-7.41925627,-10.503587,21.8968932,-7.81114606,4.45234376
128,-3.68556604,-0.308838231,105.21369,0.514830411,-0.270199388,0.958523328,-1.85589025,-0.711127813,5.04007001,0,0,-27.2138403,20.6804041,-44.1605027,67.382439,4.3922223,-3.44339953,-20.916131,-35.0724681,-19.9431244,52.3098541,69.3550727,1.30825177,-2.56166159,23.0294701,-12.0732925,5.19298514,4.08868912,20.1033009,-7.06271784,-4.52494824,-12.929718,-7.53692336,-10.5409165,22.6520406,-8.12708585,4.43667701
129,-3.8031783,-0.346845086,105.121303,0.578813045,-0.298642826,1.06217995,-1.89484453,-0.871677493,5.28193427,0,0,-28.7064996,20.9954807,-45.334882,67.3009002,3.87116595,-3.46019475,-20.658819,-36.3480435,-19.8218988,52.4505628,69.3324033,1.05377279,-2.64520441,22.7714562,-12.5859512,5.14498812,3.87684952,20.9084077,-7.28782124,-4.51173866,-13.3556264,-7.6922743,-10.5310298,23.3964561,-8.43235433,4.42909636
130,-3.91523503,-0.373486453,105.021417,0.623644748,-0.331510181,1.11668042,-1.92905758,-0.988879911,5.50996824,0,0,-30.1165204,21.2736436,-46.4096464,67.2441686,3.44573311,-3.5874194,-20.4787137,-37.6803641,-19.7650512,52.8218861,69.277796,0.445760103,-2.69944487,22.3914843,-13.0735678,5.12190123,3.70849518,21.7090903,-7.53719571,-4.53844299,-13.8019374,-7.82647301,-10.4890549,24.1727566,-8.73797797,4.4687725
131,-4.05849293,-0.384815875,104.886866,0.623582643,-0.336628923,1.22582923,-2.00086763,-0.90783342,5.74541426,0,0,-31.4021704,21.2303453,-46.8638677,67.1662908,3.9329527,-3.58342929,-20.1006986,-39.059171,-19.7848553,53.2077542,69.3154508,0.104531736,-2.85724785,22.1370017,-13.7031276,5.13353432,3.45020859,22.6462777,-7.89261229,-4.56901961,-14.341285,-7.93531207,-10.457309,25.04462,-9.09410489,4.44953954
132,-4.18978073,-0.387336826,104.744649,0.595425524,-0.296072063,1.32155154,-2.05466135,-0.858806322,5.91347661,0,0,-32.7931418,21.28115,-47.7015084,67.1338337,4.22951567,-3.66747819,-19.8043623,-40.4172414,-19.788045,53.45374,69.3010937,-0.379655131,-2.94498547,21.981912,-14.4080365,5.17528385,3.17970364,23.6309741,-8.25031613,-4.53910296,-14.920357,-8.00559642,-10.4008294,25.8935579,-9.42465958,4.43380748
133,-4.32545766,-0.405681273,104.591715,0.55069489,-0.285505682,1.47265686,-2.10372943,-0.832216769,6.15158042,0,0,-34.200072,21.3453298,-48.4641468,67.0329723,4.67098665,-3.82909156,-19.4446367,-41.7747279,-19.8367494,53.8186088,69.2111811,-0.8593847,-3.09320015,21.7657997,-15.1262018,5.23246662,2.82199489,24.6685208,-8.62788642,-4.6040158,-15.4708139,-8.06755563,-10.377354,26.7857428,-9.77922494,4.42897256
134,-4.47453335,-0.411157263,104.418743,0.502939272,-0.208283542,1.56110917,-2.09684033,-0.785459695,6.32793078,0,0,-35.6790402,21.4087857,-49.4069144,66.9835559,5.02189146,-3.94556422,-19.2625576,-43.1407316,-19.8419762,54.2776282,69.1861963,-1.34916577,-3.18215845,21.2855981,-15.9589709,5.29031192,2.49917924,25.7742362,-9.02959546,-4.58302534,-16.177928,-8.11743565,-10.2266382,27.7526193,-10.1093075,4.42703706
135,-4.61650118,-0.418049702,104.245889,0.449335964,-0.157172709,1.70012577,-2.15376739,-0.724665729,6.54423434,0,0,-37.1257118,21.4600275,-50.0764301,66.9052,5.41810007,-4.15959417,-19.2525052,-44.4736396,-19.839729,54.5208615,69.0779173,-2.33936861,-3.13491873,20.9006982,-16.771579,5.33723575,2.10175593,26.879856,-9.42261394,-4.58424026,-16.7957716,-8.17328184,-10.1800469,28.6566563,-10.4667176,4.39755241
136,-4.74704131,-0.425785128,104.060674,0.360116867,-0.145991466,1.81610987,-2.19305998,-0.61554145,6.75601588,0,0,-38.4592072,21.4647847,-50.8085785,66.7946192,5.66379051,-4.1874861,-18.7141019,-45.8253955,-19.9478185,55.0558907,68.8976276,-3.18507025,-3.19849904,20.4874239,-17.5317159,5.43551918,1.71949906,28.0032685,-9.85956675,-4.59307938,-17.3651122,-8.18427503,-10.1066599,29.5799886,-10.828354,4.39428075
137,-4.89734523,-0.423925929,103.877473,0.270268309,-0.153154433,1.92559991,-2.20617778,-0.4862925,7.0346718,0,0,-39.8728173,21.4579836,-51.4592838,66.6809307,5.93429289,-4.09473896,-18.4990773,-47.1434512,-19.9480217,55.3629111,68.8573705,-4.03353321,-3.30811717,20.2185945,-18.265758,5.52206152,1.35423249,29.0921287,-10.2742011,-4.5702546,-17.9051787,-8.19168664,-10.0132434,30.46068,-11.1672577,4.35474719
138,-5.0450366,-0.431541819,103.674436,0.149099973,-0.138436173,2.01261462,-2.16211538,-0.356507247,7.32583807,0,0,-41.3030418,21.4898037,-52.1002561,66.5546747,6.08734121,-4.27733767,-18.340482,-48.5071326,-20.0209732,55.5902164,68.7572194,-4.81491069,-3.36446367,20.0364043,-19.0642106,5.65805998,0.986174089,30.251543,-10.7299992,-4.62060761,-18.4860299,-8.15001224,-9.90960386,31.3702324,-11.5245628,4.30846583
139,-5.18920235,-0.424625026,103.471744,0.0426094887,-0.127722672,2.11615688,-2.16420371,-0.225226262,7.58964473,0,0,-42.6984085,21.3954071,-52.6303198,66.5935794,6.27054866,-4.48142628,-18.1174968,-49.8314107,-20.081656,55.9184514,68.7436615,-6.12489701,-3.06199771,19.3323279,-19.8255837,5.7533757,0.627980185,31.3545605,-11.1609773,-4.60881742,-19.0440905,-8.14274918,-9.82631483,32.2560909,-11.902461,4.28310918
140,-5.31521179,-0.42095501,103.251505,-0.118632774,-0.0160138953,2.22129107,-2.12558838,-0.0897479787,7.72291197,0,0,-44.0575752,21.3611383,-53.281592,66.5478376,6.1464787,-4.59976101,-17.7433579,-51.0769435,-20.1836325,55.9223514,68.6250416,-6.85852976,-3.10317649,19.343579,-20.7597982,5.89935989,0.182616553,32.5405375,-11.6290092,-4.61198193,-19.7108519,-8.05379365,-9.72513668,33.1423523,-12.2697015,4.24302963
141,-5.45929745,-0.402152119,103.025091,-0.238633442,0.081046496,2.30960977,-2.12135196,0.111230251,7.8969708,0,0,-45.3925425,21.2301148,-53.6567128,66.5254005,6.29723549,-4.61553534,-17.7774764,-52.2788075,-20.248077,56.0895784,68.5557493,-7.11578414,-3.17026838,18.9188385,-21.6339241,5.98906674,-0.187299168,33.6475472,-12.0759495,-4.6127435,-20.4094146,-8.03058553,-9.60999932,34.0762714,-12.6464069,4.22360457
142,-5.60107492,-0.401766272,102.78827,-0.339066004,0.179645678,2.40212986,-2.08431248,0.231499524,8.10205662,0,0,-46.7698091,21.0901932,-54.0356551,66.5317457,6.61724308,-4.67859378,-17.5786342,-53.5269528,-20.3338147,56.2562794,68.4735207,-7.19073949,-3.11477159,18.7161185,-22.5110707,6.06247292,-0.548146,34.7575759,-12.5319175,-4.63266716,-21.1220663,-8.01568291,-9.44916203,35.0299263,-13.0401365,4.1737651
143,-5.73889054,-0.396202132,102.548575,-0.459780771,0.30480633,2.4920376,-2.02893736,0.407731718,8.23900277,0,0,-48.1307756,20.9505893,-54.5307277,66.4615792,6.88077611,-4.69247315,-17.3782057,-54.7507178,-20.4456795,56.4054609,68.473309,-7.37495481,-3.17316245,18.658931,-23.4090578,6.14593313,-0.935422368,35.836155,-12.963314,-4.58477302,-21.8533183,-7.97989613,-9.33098695,35.9667141,-13.4106077,4.13162924
144,-5.87640405,-0.394260231,102.316165,-0.558121888,0.357468944,2.57314312,-2.02029376,0.518633393,8.45601496,0,0,-49.4576662,20.8270773,-54.9017845,66.4430967,7.2292831,-4.72133582,-17.1425215,-55.9692851,-20.4422866,56.4156345,68.5139554,-8.21100326,-3.12695601,18.3094029,-24.1913621,6.21084512,-1.27130973,36.8817579,-13.3700518,-4.58714736,-22.4945945,-7.97572032,-9.22265929,36.8948104,-13.7568496,4.1235837
145,-6.01144098,-0.395593606,102.050745,-0.578356271,0.51769735,2.6424004,-1.98934382,0.485730344,8.57234759,0,0,-50.7447436,20.7732178,-55.247037,66.3150716,7.7749324,-4.64886751,-17.0440985,-57.1679935,-20.4107482,56.5389911,68.5059982,-8.80344704,-3.03321209,17.9001824,-25.0921547,6.17054743,-1.60298649,37.9301066,-13.8031506,-4.59369282,-23.3569332,-8.05225942,-8.99951616,37.9457887,-14.1722148,4.08328303
146,-6.15862086,-0.386409811,101.786005,-0.590964796,0.655042559,2.67944428,-1.94266076,0.556796221,8.74708432,0,0,-52.0879788,20.6953041,-55.6093238,66.1895601,8.41587393,-4.65798582,-16.8386822,-58.3742937,-20.4273558,56.7199331,68.5101851,-9.32157922,-2.97913364,17.5528741,-25.9527961,6.12111308,-1.91298615,38.9519507,-14.2192184,-4.55884647,-24.2369621,-8.13771192,-8.74010216,39.0330182,-14.5441877,4.07564218
147,-6.29306212,-0.394749222,101.507974,-0.566864239,0.779689303,2.75331285,-1.94424814,0.4876889,8.88780927,0,0,-53.3842463,20.6686425,-56.1061586,66.0695878,8.73046989,-4.59098508,-16.6269925,-59.5430962,-20.3480351,56.9416615,68.5580238,-10.0762665,-2.95953719,17.1495105,-26.7840438,6.02437498,-2.23132931,39.964557,-14.6219802,-4.5537217,-25.0807603,-8.26489431,-8.49190845,40.1129087,-14.9696846,4.0437849
148,-6.43035471,-0.387116242,101.219916,-0.543164117,0.955042471,2.7619038,-1.90770385,0.430001469,8.99741502,0,0,-54.7383962,20.6157546,-56.5206043,66.0494319,9.35749662,-4.62154121,-16.5512986,-60.7661167,-20.2938734,57.3737325,68.5861164,-10.5435803,-2.86083327,16.6801518,-27.6827055,5.92931753,-2.51476658,41.0002595,-15.0218468,-4.55166624,-26.0393586,-8.36969417,-8.1485335,41.2322742,-15.3668994,4.03887911
149,-6.57445788,-0.385633018,100.920284,-0.50960569,1.11881958,2.78149056,-1.87406794,0.394789656,9.14598871,0,0,-56.0693439,20.5475859,-57.1232421,65.9811847,9.42591548,-4.56641518,-16.2311932,-61.9908857,-20.2448668,57.6737144,68.6649777,-11.0181214,-3.05629621,16.6352689,-28.5971073,5.82015915,-2.80183794,42.0749557,-15.4110822,-4.50166669,-26.9948166,-8.47717318,-7.78790207,42.3584666,-15.7838483,4.04687726
150,-6.73045218,-0.38820575,100.604987,-0.487245152,1.23378859,2.80539219,-1.87175891,0.305989967,9.33772578,0,0,-57.3886018,20.5063077,-57.7312451,65.9670462,9.50613947,-4.65624113,-15.9766884,-63.208121,-20.11628,57.9430014,68.7827234,-11.6069904,-3.04361084,16.2806541,-29.4756131,5.72404644,-3.10293509,43.1770169,-15.8140104,-4.49402371,-27.8984643,-8.57694687,-7.45926155,43.4972879,-16.2087407,4.00541802
151,-6.88466281,-0.382533949,100.279462,-0.449209419,1.38752743,2.8271115,-1.90037058,0.262593933,9.54680727,0,0,-58.7307544,20.429451,-58.2376968,66.0172754,9.73268574,-4.79936732,-15.7045515,-64.4789255,-20.0477663,58.3962937,68.8367023,-11.68832,-2.98917253,16.1354886,-30.4029342,5.59609821,-3.38937722,44.2868544,-16.2064953,-4.45773662,-28.8719165,-8.68105261,-7.07010511,44.6511596,-16.6396368,3.99829541
152,-7.03715906,-0.366382115,99.938798,-0.443035052,1.51611655,2.81108082,-1.85903683,0.240005297,9.73028835,0,0,-60.0005822,20.3433462,-58.624948,65.9936361,9.99136891,-4.8247419,-15.6040504,-65.6776169,-19.9288903,58.6613939,69.0226133,-11.8655489,-3.06418913,15.9932158,-31.3208877,5.51847525,-3.65734902,45.4434581,-16.6376544,-4.43776814,-29.827057,-8.73347517,-6.64825812,45.8188112,-17.0513248,3.98799079
153,-7.20218718,-0.348374131,99.5737195,-0.474626367,1.70375353,2.83436507,-1.80619764,0.263345761,9.93892587,0,0,-61.4735603,20.2937659,-59.3438595,65.983261,9.74170586,-4.86839449,-15.6907238,-66.9709542,-19.9085278,59.0803235,69.1679733,-12.1977983,-2.9796728,15.733742,-32.3710703,5.44716423,-4.00425688,46.6462032,-17.0704783,-4.41157137,-30.8167378,-8.74813873,-6.31002288,46.9229761,-17.4885986,3.9068379
154,-7.34874085,-0.336383237,99.217838,-0.495412008,1.85838618,2.82357185,-1.70297192,0.141822875,10.1412788,0,0,-62.8332939,20.2373365,-59.9046454,66.0095846,10.1236757,-4.86196088,-15.135105,-68.1517915,-19.8321629,59.2391118,69.3018724,-12.4398594,-2.89973184,15.57967,-33.3267708,5.38650959,-4.30193873,47.8010516,-17.5115686,-4.36820608,-31.7625243,-8.74841023,-5.90696061,48.0211749,-17.9154906,3.88780259
155,-7.49776587,-0.322108134,98.8476336,-0.523160623,2.01354082,2.82735209,-1.68599154,0.121151267,10.3711027,0,0,-64.3021124,20.2127547,-60.7580775,66.0889309,9.74700609,-4.93324714,-14.8871845,-69.3642115,-19.7204176,59.3288809,69.4292008,-12.6880522,-2.82013303,15.6805092,-34.2720314,5.32623957,-4.58935181,48.9148608,-17.9778792,-4.35097223,-32.6975909,-8.74756841,-5.55026423,49.1087323,-18.3597431,3.82993466
156,-7.64235333,-0.294098281,98.4846771,-0.612225136,2.15937921,2.85956762,-1.73653024,0.213087201,10.6164157,0,0,-65.7199299,20.2470422,-61.3935378,66.0332034,9.70467684,-4.78494281,-14.4974641,-70.6451247,-19.575954,59.7821664,69.6279593,-12.6680535,-2.73121933,15.5355197,-35.2273973,5.30273305,-4.95698802,50.0362686,-18.4228797,-4.3168755,-33.5690786,-8.69884355,-5.26804892,50.1517739,-18.7706046,3.78520076
157,-7.79540166,-0.25497498,98.0969727,-0.679089332,2.36337602,2.87580878,-1.7416563,0.313145284,10.7934099,0,0,-67.2088565,20.1616051,-62.1241564,66.2029882,9.40752093,-4.90981959,-14.3571772,-71.8280588,-19.5062468,60.0559273,69.7491268,-12.8416974,-2.71933929,15.4583966,-36.2747385,5.22687953,-5.32434377,51.1938968,-18.8629573,-4.28142639,-34.5878218,-8.66571969,-4.91535759,51.2821702,-19.1614895,3.76088871
158,-7.95255601,-0.222327583,97.7098107,-0.729847493,2.52869306,2.94146948,-1.74979489,0.391928954,11.0538415,0,0,-68.7288605,20.0136939,-62.789649,66.3430344,9.45709956,-4.93116521,-14.0443519,-73.0910837,-19.4897245,60.520988,69.8620094,-12.9499439,-2.560617,15.2911885,-37.278872,5.10343709,-5.74062117,52.3432742,-19.2622826,-4.2388043,-35.5311597,-8.66807269,-4.60151168,52.3832103,-19.5579069,3.71927279
159,-8.12469572,-0.173436699,97.3154008,-0.841529277,2.70127266,2.98264911,-1.77252416,0.464514068,11.3443628,0,0,-70.2868061,19.9351673,-63.3552092,66.4927795,9.67466585,-4.95120498,-14.0327201,-74.4210718,-19.4435815,60.9950578,69.9743591,-13.1174961,-2.52116177,15.1785177,-38.3344743,5.03644148,-6.18390386,53.5293058,-19.6538488,-4.25216159,-36.4868159,-8.60151079,-4.31738221,53.4784517,-19.9116612,3.71647583
160,-8.26752707,-0.157358719,96.9167352,-0.855741076,2.90602587,3.0403524,-1.76260662,0.402357213,11.5263327,0,0,-71.7499693,19.8470886,-64.0841406,66.5757253,9.79875672,-4.92353631,-13.6754389,-75.5103026,-19.3694346,61.1684968,70.0697905,-13.5807196,-2.43590543,14.8943374,-39.3588217,4.87132251,-6.57252541,54.6556689,-20.0138698,-4.23375594,-37.5074886,-8.61536583,-3.96244844,54.6137828,-20.2960403,3.66758832
161,-8.41833502,-0.142015237,96.5164959,-0.892939761,3.09170092,3.08026507,-1.75837831,0.395205738,11.7309421,0,0,-73.2065413,19.695793,-64.6906136,66.8050489,10.0813438,-4.98534227,-13.5239778,-76.6485673,-19.2755964,61.5470942,70.2380796,-13.7399594,-2.38343144,14.5740186,-40.3658101,4.73823414,-6.94844578,55.7719916,-20.3601246,-4.21630181,-38.4809955,-8.58473841,-3.6072897,55.6998751,-20.6832198,3.62505545
162,-8.55045542,-0.128304271,96.1145937,-0.895127952,3.31975555,3.13820694,-1.76306243,0.311807074,11.8837599,0,0,-74.5309628,19.6205995,-65.2185667,66.8163665,10.2973511,-4.88729277,-13.1539497,-77.8020974,-19.1729062,61.9113277,70.4646779,-13.862055,-2.48219747,14.3548122,-41.3936101,4.55203934,-7.30244894,56.8650268,-20.6795162,-4.15955148,-39.5053668,-8.59909461,-3.25563912,56.7893346,-21.0527331,3.5920857
163,-8.68369266,-0.109781325,95.7050264,-0.918801764,3.54298493,3.17888673,-1.79215882,0.379260714,12.0508451,0,0,-75.9490671,19.5354697,-65.8906983,66.9413658,10.0978908,-4.81951467,-12.8599544,-78.9699915,-19.1045121,62.40625,70.6160622,-13.889264,-2.40027212,14.2663963,-42.4418051,4.38697458,-7.65012008,57.990321,-20.9828431,-4.11245434,-40.5284779,-8.57090045,-2.88018298,57.8819463,-21.4196867,3.57155437
164,-8.80021006,-0.0918977195,95.2991247,-0.91880511,3.76164117,3.20182957,-1.7432837,0.399382372,12.187244,0,0,-77.1747855,19.3582775,-66.3918908,67.0204389,9.92253853,-4.78508454,-12.5913709,-80.0320654,-19.0707761,62.8280893,70.7673919,-13.8907478,-2.46026381,14.0582036,-43.4233067,4.21649605,-7.94587069,59.0532691,-21.3004487,-4.10480837,-41.5296163,-8.56813422,-2.52598474,58.952838,-21.7980775,3.5310983
165,-8.94408152,-0.0638071739,94.8777258,-0.93000903,3.96011208,3.24087682,-1.75490302,0.418723466,12.3607231,0,0,-78.4315199,19.2272199,-66.9651076,67.1696034,9.63897982,-4.70019212,-12.1452195,-81.1381736,-18.979424,63.2039819,70.9711979,-13.9661651,-2.54266492,14.029469,-44.4213989,4.03079089,-8.26030869,60.1419876,-21.6104283,-4.05127975,-42.5292179,-8.5625181,-2.16762371,60.0305599,-22.1554261,3.50957958
166,-9.09035355,-0.0293890305,94.4477856,-0.96721572,4.17411852,3.25902263,-1.77779355,0.46414908,12.6103512,0,0,-79.3999041,19.1099848,-66.6449971,67.1292507,10.053043,-4.5289755,-11.7496312,-82.2266189,-18.8727587,63.5308611,71.1202873,-14.0192655,-2.4897794,13.6450309,-45.4517841,3.86632378,-8.586253,61.248007,-21.9254212,-4.0359003,-43.544867,-8.50649603,-1.79483455,61.0953113,-22.4910702,3.51262072
167,-9.21184048,-0.0152953697,94.006747,-0.977243863,4.41282409,3.32675554,-1.7431361,0.470759743,12.7392846,0,0,-80.5376907,18.8847473,-67.1037058,67.2666331,9.65822643,-4.59709596,-11.543275,-83.316519,-18.9133658,63.9704589,71.2308339,-13.9516057,-2.49172494,13.7050017,-46.4849561,3.65367437,-8.90722579,62.3278941,-22.2446216,-4.05518064,-44.5842169,-8.50430866,-1.47269583,62.1912493,-22.8518886,3.49967047
168,-9.33569819,0.00939310557,93.5653329,-0.981431158,4.65846553,3.38170949,-1.80348071,0.493347339,12.8883305,0,0,-81.8110497,18.788872,-67.8680108,67.4308787,9.12033111,-4.51476785,-11.4765918,-84.3595503,-18.8363572,64.3583659,71.3538456,-13.7624222,-2.50191067,13.5196611,-47.5218505,3.42520967,-9.22697171,63.4009236,-22.5396567,-3.96586012,-45.6235121,-8.4916822,-1.11823057,63.2485694,-23.1971034,3.45577605
169,-9.46710929,0.0400217425,93.1161046,-0.996214273,4.87849046,3.42663413,-1.80084341,0.554124763,13.0397481,0,0,-82.9646891,18.6671204,-68.4122061,67.5185373,8.57177386,-4.45964779,-11.3938467,-85.4072672,-18.805816,64.844327,71.4805115,-13.7784322,-2.37798031,13.3828029,-48.5430868,3.21083586,-9.53971497,64.4908989,-22.8317275,-3.94326543,-46.6507145,-8.47474931,-0.776596938,64.3261547,-23.5455438,3.46903963
170,-9.58824381,0.0745228142,92.6600456,-1.01771747,5.10139999,3.4709378,-1.83463235,0.650785547,13.2254251,0,0,-83.9562823,18.4827822,-68.3974051,67.6712262,8.62850455,-4.50118644,-11.4212716,-86.4483656,-18.784528,65.2870804,71.5418261,-13.7750598,-2.21086991,13.3288171,-49.5570249,2.99495684,-9.85647011,65.5735248,-23.1502141,-3.87471424,-47.6714283,-8.44143848,-0.425380019,65.3964112,-23.8792429,3.45720356
171,-9.69989747,0.0858262181,92.1965539,-1.02158692,5.38352026,3.50628553,-1.78283199,0.585624582,13.3062057,0,0,-85.2380902,18.3946044,-69.4342073,67.8038753,7.88988448,-4.3853204,-11.1400385,-87.4201035,-18.7801959,65.5866593,71.6234673,-14.0100516,-2.11276086,13.4511278,-50.6251401,2.76196906,-10.165403,66.632532,-23.4376114,-3.8453329,-48.7540167,-8.37577816,-0.0386754726,66.4480691,-24.2201445,3.41365811
172,-9.83304456,0.11081649,91.7170882,-1.03911436,5.5862162,3.54904616,-1.78919431,0.693218791,13.5255496,0,0,-86.3329286,18.322061,-69.8755468,67.8137996,7.33714545,-4.3372952,-10.9900997,-88.5266078,-18.7126778,66.3085078,71.8092895,-13.6894186,-1.98251577,13.2435874,-51.6240451,2.54297334,-10.4594563,67.7137373,-23.755012,-3.84110885,-49.7675894,-8.33524184,0.30393424,67.5247186,-24.5773463,3.39897235
173,-9.93962362,0.139726989,91.2443638,-1.03933932,5.8676834,3.57676753,-1.78734087,0.707271211,13.5891531,0,0,-87.5419404,18.3156816,-70.7879166,67.8370359,6.54747398,-4.22656119,-10.9963886,-89.4546734,-18.6841225,66.6277509,71.9011009,-13.7066699,-1.95381702,13.1426287,-52.6778306,2.29755803,-10.7383662,68.759569,-24.0527058,-3.78211907,-50.8599791,-8.27372916,0.695230868,68.5782821,-24.9031788,3.41507708
174,-10.0510612,0.163176144,90.7556295,-1.10078424,6.08616178,3.58832638,-1.69163658,0.816302695,13.7108099,0,0,-88.2949619,18.0865048,-70.6711136,67.8462976,6.86858764,-3.99676758,-10.7775869,-90.3835928,-18.6988706,67.1257263,72.0277736,-13.6547673,-1.68157667,13.0289769,-53.7010066,2.13655873,-11.03961,69.84714,-24.3897842,-3.76317042,-51.8587713,-8.16095078,1.008515,69.6364355,-25.2695826,3.38168045
175,-10.1714984,0.194683613,90.2818084,-1.10549095,6.31176227,3.60670389,-1.70943093,0.794643631,13.9350407,0,0,-89.5483084,18.1030407,-71.6448663,67.8943753,6.06588844,-3.85379379,-10.5847894,-91.4716965,-18.6706807,67.7536188,72.1094763,-13.4508307,-1.55189134,12.9408375,-54.6869205,1.93927341,-11.2031862,70.8651661,-24.6805761,-3.58750606,-52.9215898,-8.08486589,1.41016939,70.7145604,-25.5104236,3.33714526
176,-10.2883592,0.236632698,89.7903979,-1.24679198,6.48879569,3.69146537,-1.77600927,1.01006502,14.1094821,0,0,-90.3984074,17.9625113,-71.9060391,68.030139,6.04697522,-3.75972757,-10.2347875,-92.4403266,-18.5685489,68.335906,72.2929488,-13.3436838,-1.26223048,12.8294594,-55.7105814,1.76447105,-11.6351154,71.9805906,-24.9982721,-3.62570603,-53.8152176,-7.96474336,1.58733095,71.7486784,-25.7867645,3.31852062
177,-10.3790909,0.269659376,89.3078387,-1.25854308,6.72555178,3.69166815,-1.74412114,1.02129268,14.2318304,0,0,-91.417779,17.9457842,-72.5103401,67.9584903,5.85661913,-3.4876916,-10.1000236,-93.4109853,-18.5476724,68.9142455,72.3870074,-13.114677,-0.913104084,12.942575,-56.6987254,1.54525773,-11.8643775,73.0208011,-25.2824114,-3.56223287,-54.8504045,-7.87001461,1.96615704,72.7910267,-26.049696,3.28431823
178,-10.4967408,0.307984883,88.7979448,-1.34111471,6.89676346,3.78656023,-1.84188217,1.20961498,14.4407633,0,0,-92.3776392,17.9349959,-72.999648,67.9425008,5.48736331,-3.28990213,-9.99527322,-94.2568838,-18.5902876,69.270918,72.2696647,-13.1192506,-0.72099781,12.9919581,-57.6939044,1.30070601,-12.2421075,74.1158512,-25.5771921,-3.5204669,-55.7941727,-7.80796746,2.19830876,73.8670069,-26.3313099,3.28524244
179,-10.5965197,0.333765242,88.2951081,-1.33511154,7.11049189,3.79787785,-1.79790856,1.10225465,14.6198628,0,0,-93.3324586,17.8800402,-73.5320134,67.8992452,5.3556478,-2.99135669,-9.97583365,-95.1717739,-18.6156003,69.7963303,72.289602,-12.8322384,-0.403321203,12.9918727,-58.6613529,1.06000246,-12.4541225,75.1536301,-25.8644938,-3.49455871,-56.8309954,-7.73703595,2.57749483,74.9364301,-26.6108473,3.34492165
180,-10.6924385,0.356437988,87.7751827,-1.38473903,7.33841169,3.89165436,-1.83081428,1.1669073,14.7455383,0,0,-94.3077755,17.8155939,-74.2312814,67.9260401,4.86954495,-2.78476908,-9.66758892,-96.0126795,-18.6525175,70.2412898,72.3201944,-12.7395066,-0.148357365,12.918455,-59.6868785,0.782454572,-12.7913059,76.2100555,-26.1533886,-3.43816205,-57.8272639,-7.66323917,2.85079631,75.9916738,-26.9084728,3.32547909
181,-10.8024158,0.384845166,87.2495711,-1.3887575,7.52282349,3.9054755,-1.83167808,1.20413802,14.946684,0,0,-95.3927032,17.7266478,-75.0945353,68.114,4.4219554,-2.74811274,-9.85645389,-96.9310736,-18.6205266,70.8203942,72.4419426,-12.6346513,0.021208236,12.9886318,-60.637149,0.534487489,-13.0153609,77.2643293,-26.4312492,-3.45030378,-58.8117673,-7.58307665,3.20754563,77.0335714,-27.2298315,3.26936076
182,-10.9104961,0.406660838,86.7263675,-1.44085682,7.6713003,3.97426526,-1.93335185,1.23050362,15.1643126,0,0,-96.2871916,17.7345776,-75.5259437,68.1458082,4.29285031,-2.56593623,-9.8730854,-97.762854,-18.5402002,71.141133,72.5432069,-12.5782868,0.1732049,13.0966068,-61.5677965,0.295391861,-13.3123102,78.3128658,-26.7181769,-3.39313766,-59.707772,-7.4961753,3.48781155,78.0657564,-27.557672,3.26205822
183,-11.0172205,0.427738717,86.2059236,-1.39305789,7.83863435,4.00699428,-1.85669472,1.2085452,15.395243,0,0,-97.3490333,17.6547788,-76.3289896,68.1250513,3.73111933,-2.32116957,-9.88812719,-98.6493306,-18.6970947,71.6321827,72.4537588,-12.4513256,0.491675917,13.2012957,-62.457572,0.00608180738,-13.4763175,79.3152917,-26.9713823,-3.39392548,-60.703074,-7.45264907,3.89501911,79.1195658,-27.8575327,3.2770253
184,-11.1074917,0.446413923,85.6700063,-1.36412429,8.07567286,4.04251402,-1.83278671,1.14122066,15.5474486,0,0,-98.234943,17.5060361,-76.6366623,68.2664977,3.76629864,-2.22749181,-9.99210743,-99.5184039,-18.7751057,72.0085329,72.4519351,-12.3897881,0.737373669,13.2685936,-63.4703388,-0.312236842,-13.6940665,80.3750434,-27.1868662,-3.39118935,-61.7604761,-7.37673066,4.2816774,80.1685531,-28.1693496,3.27281086
185,-11.2041332,0.453936448,85.1363361,-1.36666572,8.26019868,4.08667592,-1.85034008,1.07759265,15.7356955,0,0,-99.2973311,17.6302687,-77.7208045,68.0210616,3.21713009,-1.76317844,-9.99006691,-100.368168,-18.7912745,72.4842419,72.4820289,-11.8866311,1.01029864,13.3672574,-64.4214358,-0.579259806,-13.9183742,81.4068869,-27.4219323,-3.37993768,-62.7433062,-7.29583902,4.6057259,81.2157645,-28.4777532,3.26294828
186,-11.300505,0.477712415,84.5937252,-1.32691319,8.45587109,4.07136371,-1.80663157,1.02147549,15.9086563,0,0,-100.353859,17.6404098,-78.502588,67.982717,2.83617736,-1.63974294,-10.3106435,-101.168837,-18.911672,72.6683087,72.3777593,-11.7794245,1.19160142,13.4547051,-65.3543236,-0.841568152,-14.0543641,82.4209309,-27.6655207,-3.36337746,-63.7623636,-7.19764822,5.01815492,82.236427,-28.7842955,3.27055946
187,-11.3987483,0.483359117,84.0462446,-1.3145767,8.57732802,4.12421569,-1.80440258,0.909596035,16.1709902,0,0,-101.110357,17.5229681,-78.6941884,68.0654784,3.29400814,-1.44937287,-10.2234135,-101.96924,-18.9555662,72.9688917,72.4342791,-11.7113634,1.44743085,13.4393671,-66.2288815,-1.10473539,-14.2414507,83.4482938,-27.9201792,-3.32106294,-64.6813382,-7.138518,5.35124874,83.291821,-29.1056456,3.2947697
188,-11.4935949,0.504944008,83.5022211,-1.29153272,8.77660682,4.14065657,-1.76684635,0.887871071,16.3362808,0,0,-102.105324,17.4178737,-79.3287608,68.1649327,3.28341046,-1.36168039,-10.506985,-102.734706,-19.0838508,73.0661877,72.4234874,-11.5935793,1.42639632,13.6463944,-67.1838854,-1.38880093,-14.4019644,84.4642503,-28.1006652,-3.31391686,-65.7126216,-7.03905934,5.73190884,84.328712,-29.3481173,3.29407943
189,-11.5986183,0.515806675,82.9581738,-1.39111423,8.84867118,4.21978473,-1.71862554,1.03688942,16.6197781,0,0,-103.01223,17.2760192,-79.7656675,68.2082157,3.34421771,-1.17706752,-10.6640102,-103.429964,-19.2414267,73.1816862,72.4420382,-11.5469872,1.60358007,13.65857,-68.0585047,-1.60316354,-14.712861,85.5053146,-28.3237563,-3.27048176,-66.4962356,-6.94519888,5.89661415,85.33777,-29.6233705,3.30251343
190,-11.6805114,0.548638217,82.4120164,-1.37826435,9.0084329,4.21935821,-1.68231593,1.13278228,16.8164397,0,0,-103.955623,17.2634261,-80.177767,68.1951358,4.01692091,-1.30337672,-11.2770214,-104.14432,-19.2954193,73.283818,72.490956,-11.4494811,1.64014923,13.8083151,-68.9545982,-1.87041486,-14.8627785,86.5149941,-28.5008785,-3.26082132,-67.4628439,-6.84179452,6.27297764,86.3550038,-29.8703263,3.33578008
191,-11.7703803,0.545792794,81.8539321,-1.38373755,9.12851168,4.32331285,-1.74550457,1.02324313,17.0441702,0,0,-104.771659,17.4249618,-80.21409,67.9918626,4.54565951,-1.14223943,-11.5985483,-104.935973,-19.3819646,73.5166523,72.5918925,-10.9655759,1.6121304,14.0895055,-69.8343539,-2.18832602,-15.0994497,87.5210127,-28.6783319,-3.21195259,-68.3671132,-6.79709135,6.55292959,87.4016346,-30.1461874,3.33719521
192,-11.8593626,0.564267812,81.2955737,-1.42224588,9.21703,4.34035969,-1.71252714,1.05403714,17.3148045,0,0,-105.514927,17.4496819,-80.21409,67.8835494,4.94768231,-0.749311132,-11.6618505,-105.578284,-19.5185291,73.5458651,72.4991317,-10.7373272,1.71311806,14.1332921,-70.6882437,-2.41694739,-15.3032437,88.5520297,-28.9088166,-3.1365123,-69.2279629,-6.67509649,6.84894914,88.4244213,-30.3812108,3.36587432
193,-11.9433589,0.576618919,80.7399333,-1.46647362,9.32431253,4.40272574,-1.68095875,1.1479119,17.5205605,0,0,-106.227651,17.4212,-80.21409,67.8447403,5.21971381,-0.694510604,-11.8698502,-106.236414,-19.6253977,73.7373767,72.6088724,-10.2709567,1.75011495,14.0759954,-71.5261371,-2.67464296,-15.5281789,89.5199427,-29.1664206,-3.08472965,-70.0814292,-6.57973766,7.10231629,89.4213625,-30.6274493,3.33794376
194,-12.0314918,0.582331931,80.1714242,-1.48686187,9.42770573,4.47795178,-1.73134869,1.13300224,17.7466842,0,0,-106.89632,17.4746975,-80.21409,67.7591717,5.67920966,-0.519090428,-11.9422818,-106.909338,-19.7520943,73.7839108,72.5823986,-9.97598476,1.73902817,14.3043354,-72.392212,-2.97319565,-15.7512376,90.5349907,-29.3615352,-3.05664882,-70.9656586,-6.49888188,7.38572346,90.447216,-30.8564724,3.34359894
195,-12.1125087,0.576086622,79.6197355,-1.48077312,9.50438454,4.48177018,-1.63814948,1.04768048,18.023177,0,0,-107.594529,17.4253955,-80.21409,67.6848319,5.78618579,-0.420143879,-12.1252891,-107.57871,-19.8750718,73.7650936,72.6658362,-9.67696762,1.69296409,14.3228273,-73.1836123,-3.19363467,-15.9005421,91.5023777,-29.5760442,-3.05331611,-71.8184214,-6.37267663,7.71373305,91.4407763,-31.0736793,3.35166369
196,-12.1923126,0.566201331,79.0590763,-1.48202754,9.59682541,4.52364345,-1.61068977,1.02860717,18.2948461,0,0,-108.243786,17.3932663,-80.21409,67.6299992,6.25297458,-0.224062702,-12.0828113,-108.2814,-19.9651381,74.1234942,72.7289061,-9.1617212,1.76197824,14.1840711,-74.0228513,-3.44357839,-16.0629742,92.4857747,-29.7662103,-3.03847518,-72.6767508,-6.26029483,8.00845657,92.4344595,-31.3248663,3.33735209
197,-12.2754544,0.56920629,78.4900606,-1.48501649,9.69967692,4.58997761,-1.55882526,1.10546249,18.4738278,0,0,-108.888276,17.2821596,-80.21409,67.6666158,6.56484913,-0.198378482,-12.2385157,-108.963292,-20.1213719,74.2574478,72.8440221,-9.36380259,1.59949231,14.4493454,-74.8761332,-3.7409215,-16.236543,93.4691444,-29.9407626,-2.98945214,-73.5564382,-6.15795726,8.32177954,93.4314554,-31.5657432,3.34342306
198,-12.3593017,0.550330058,77.9445231,-1.43775032,9.76348994,4.6226492,-1.47017357,1.04786478,18.7464582,0,0,-109.501654,17.2246733,-80.21409,67.5936147,7.12230612,-0.147116552,-12.2629566,-109.669561,-20.2326169,74.7121608,72.9590972,-9.22611879,1.69155899,14.439942,-75.6291479,-4.00673027,-16.3493828,94.3909467,-30.1164043,-2.95036147,-74.4000895,-6.05030366,8.68109445,94.4043612,-31.7797535,3.34260173
199,-12.4303967,0.535133993,77.3900568,-1.36522706,9.86633498,4.66145439,-1.50873553,0.798082365,19.0218412,0,0,-110.230374,17.2931425,-80.21409,67.5306336,7.8659293,-0.152469886,-12.6092592,-110.385098,-20.2303066,74.794731,73.0643914,-9.18495921,1.7543612,14.4698087,-76.4145445,-4.30785922,-16.4358189,95.315727,-30.2786316,-2.95235375,-75.3117285,-5.9337977,9.09322806,95.3935024,-31.9993338,3.36091881
200,-12.5100687,0.506475521,76.8326581,-1.29777387,9.97398249,4.72826781,-1.51488345,0.609457353,19.2189553,0,0,-110.872999,17.3795922,-80.21409,67.4057367,8.35387204,-0.0884723675,-12.8765714,-111.093765,-20.2572431,75.0406451,73.2922533,-9.30920462,1.69094534,14.6224617,-77.2109172,-4.63727113,-16.5574304,96.2172368,-30.4286055,-2.92748866,-76.2198841,-5.82940894,9.46085446,96.3694544,-32.2299688,3.34524779
201,-12.5758544,0.50125476,76.2811124,-1.26416004,10.0973797,4.78470915,-1.49728622,0.673898053,19.3887777,0,0,-111.510679,17.3351004,-80.21409,67.4225868,8.62018965,0.0657469007,-12.879657,-111.741908,-20.3515288,75.2246914,73.3138094,-9.42414731,1.88284602,14.843251,-78.0239147,-4.98358051,-16.7301181,97.1247163,-30.5765678,-2.94376052,-77.1134709,-5.71063621,9.80223073,97.3215691,-32.4448534,3.34409285
202,-12.6588568,0.47155018,75.7298708,-1.2146505,10.1720789,4.85867297,-1.51957099,0.500484726,19.6505089,0,0,-112.202837,17.346891,-80.21409,67.4270401,8.891425,0.10449415,-13.0281282,-112.34957,-20.4182614,75.3350536,73.3618666,-9.47635386,2.18595103,14.8392536,-78.7762463,-5.32510789,-16.8933425,98.0036796,-30.7235638,-2.92763444,-77.9746827,-5.60522932,10.1438776,98.287556,-32.6463303,3.35782089
203,-12.7401382,0.459417608,75.1817286,-1.19716177,10.2360588,4.96271318,-1.5480437,0.53454053,19.9041804,0,0,-112.826693,17.4313411,-80.21409,67.3154075,9.07930643,0.211615242,-13.0583202,-113.066549,-20.5013695,75.6029541,73.4740388,-9.33103305,2.1779119,15.0348941,-79.5406675,-5.69728405,-17.0959293,98.9029287,-30.823766,-3.02835327,-78.7882402,-5.51708957,10.4552591,99.2239476,-32.8349938,3.39489772
204,-12.8101945,0.429233909,74.6509969,-1.09998722,10.301043,5.05935942,-1.64605286,0.361902909,20.1525124,0,0,-113.454148,17.4964431,-80.21409,67.3165686,9.19847872,0.189827566,-13.2275971,-113.689824,-20.5010519,75.7137329,73.5660619,-9.30254689,2.33527754,15.0670216,-80.2375175,-6.05636374,-17.1795633,99.7312531,-30.9474881,-2.99978771,-79.63754,-5.44337091,10.8540167,100.154028,-33.0071555,3.43077478
205,-12.8768012,0.400866754,74.1092324,-1.06855611,10.4047811,5.13687965,-1.64135123,0.242409337,20.3459246,0,0,-114.062383,17.3130389,-80.21409,67.5685958,9.40428598,0.213999218,-13.1878582,-114.294043,-20.6692999,76.042026,73.5441985,-8.83444073,2.41892964,14.9725089,-81.0375512,-6.40138434,-17.3483219,100.600777,-31.0215376,-3.05734891,-80.4983146,-5.31585982,11.1696115,101.074348,-33.1645641,3.438085
206,-12.9492521,0.387594942,73.5660136,-1.07807857,10.4383686,5.20454304,-1.6565769,0.258692908,20.6085027,0,0,-114.665557,17.2547637,-80.21409,67.7662136,9.19082464,-0.00193581231,-13.1687012,-115.01208,-20.769147,76.4966024,73.5921942,-8.49473359,2.50133374,15.1982535,-81.7548304,-6.71006706,-17.5498962,101.470861,-31.162359,-3.09468678,-81.2528388,-5.1758546,11.4554942,101.987183,-33.3358072,3.48186246
207,-13.0098984,0.363476481,73.0405688,-1.04061019,10.4811148,5.24997676,-1.55344969,0.223786399,20.970904,0,0,-115.398928,17.0533807,-80.21409,67.9583673,9.09850609,0.0208362625,-13.1645621,-115.5949,-21.0801289,76.5907975,73.3662447,-8.31587484,2.62414075,15.1675091,-82.4266819,-6.99531967,-17.6813192,102.287417,-31.3059569,-3.15683681,-82.0202925,-5.03186482,11.7837915,102.87493,-33.4909549,3.52795663
208,-13.0720586,0.328862341,72.498697,-0.980858972,10.5213849,5.33433618,-1.57629923,0.0128861157,21.1702738,0,0,-115.866892,16.9299899,-80.21409,68.1520852,9.08449567,-0.0948454275,-12.9434774,-116.169469,-21.2167805,76.8705553,73.3199566,-7.8332033,2.81193403,15.2606814,-83.1238052,-7.32946319,-17.8040116,103.127633,-31.4145125,-3.2170524,-82.8215215,-4.92443662,12.1268549,103.798016,-33.6584038,3.5621477
209,-13.1345853,0.319640269,71.9542503,-1.02150695,10.5762883,5.37306711,-1.48690091,0.198605252,21.3933546,0,0,-116.402024,16.7326538,-80.21409,68.4045768,8.77058444,-0.18834963,-12.8843912,-116.849237,-21.3369885,77.5118964,73.4143703,-7.49856672,2.71098554,15.20827,-83.8944827,-7.61958401,-18.02017,104.011084,-31.5189017,-3.2893523,-83.5758681,-4.7525754,12.3579834,104.678789,-33.8026096,3.57101841
210,-13.1883591,0.294093881,71.4173138,-1.00033069,10.5721136,5.44265033,-1.52061409,0.141855572,21.6420213,0,0,-116.856887,16.7056933,-80.21409,68.5844635,8.65188771,-0.444794939,-12.658282,-117.546313,-21.3119148,78.248102,73.6469519,-6.86779278,2.57098224,15.2322456,-84.5452495,-7.91951214,-18.1772764,104.854291,-31.6563012,-3.37981602,-84.2652801,-4.61489159,12.6756555,105.554918,-34.0210971,3.63727167
211,-13.245979,0.261676265,70.8998799,-0.978926966,10.5651964,5.54021952,-1.5543104,0.0601569111,21.955124,0,0,-117.350382,16.6253447,-80.21409,68.7225016,8.45836966,-0.462772157,-12.5239211,-118.156412,-21.372461,78.6063112,73.7295425,-6.65977382,2.51715694,15.2458702,-85.1787291,-8.24497492,-18.3403437,105.665157,-31.7369623,-3.41108868,-84.9479233,-4.52739303,12.9426194,106.421287,-34.1913464,3.65735883
212,-13.2912174,0.228973548,70.353961,-0.936899165,10.5969156,5.64077731,-1.57961187,0.034316768,22.1378589,0,0,-117.783347,16.5449602,-80.21409,68.9348727,8.47426864,-0.788734024,-12.4740231,-118.661478,-21.4818021,78.9672526,73.7022764,-6.55006134,2.65153728,15.4905924,-85.8836592,-8.59372182,-18.4722688,106.509396,-31.8021462,-3.47648667,-85.7079048,-4.43574213,13.2425552,107.313624,-34.3736134,3.69266664
213,-13.3458912,0.194888946,69.842577,-0.935214355,10.536859,5.74275685,-1.69163295,-0.049680178,22.4627607,0,0,-118.228676,16.4982007,-80.21409,69.1125464,8.60143395,-0.772066494,-12.4785217,-119.182717,-21.4719154,79.2206936,73.7613848,-6.41406929,2.67770779,15.5423021,-86.4706935,-8.90040072,-18.6483562,107.320905,-31.8600628,-3.54904484,-86.3016941,-4.38912908,13.4511995,108.150158,-34.5632366,3.66830293
214,-13.3823633,0.144800066,69.3091094,-0.858057885,10.5290987,5.86256177,-1.70335494,-0.149092464,22.7031407,0,0,-118.657817,16.3465381,-80.21409,69.2216996,8.6785263,-0.69669477,-12.4980705,-119.630941,-21.626095,79.4893454,73.6911227,-6.36299527,2.82196693,15.7034604,-87.1100538,-9.25456311,-18.74723,108.144612,-31.8884969,-3.58995682,-87.0311378,-4.34950374,13.7501825,109.043028,-34.7399472,3.64292067
215,-13.4364024,0.10464167,68.8098609,-0.836053996,10.4236929,5.96713923,-1.73029129,-0.27369203,23.0191684,0,0,-119.10447,16.2601362,-80.21409,69.3777831,9.10443214,-0.798864208,-12.7827537,-120.049686,-21.7551019,79.6305596,73.675946,-6.57107228,2.82915891,15.6960086,-87.6352612,-9.5519171,-18.8900851,108.940834,-31.9199636,-3.62871387,-87.5799435,-4.32064747,13.9799552,109.875819,-34.9188469,3.6168985
216,-13.4710953,0.0681850128,68.2890475,-0.825427243,10.3796265,6.09384234,-1.84488831,-0.269985185,23.289579,0,0,-119.525141,16.2715904,-80.21409,69.4318577,9.09927534,-0.79597317,-12.9220195,-120.483786,-21.7393395,79.8121811,73.7240715,-6.58086123,2.76117996,15.7801224,-88.237964,-9.89375612,-19.0496042,109.758019,-31.9476395,-3.6939059,-88.1935814,-4.29162087,14.1963373,110.725501,-35.1213586,3.6157681
217,-13.5223091,0.0220937145,67.7734673,-0.806446374,10.2772781,6.17012627,-1.82562397,-0.313195336,23.5762045,0,0,-119.881786,16.1696498,-80.21409,69.4489605,9.50361571,-0.569346907,-13.0450696,-120.978769,-21.8629694,80.21409,73.6794089,-6.62304106,2.98298203,16.0066559,-88.7949795,-10.1514942,-19.1804023,110.565436,-31.9825111,-3.78074236,-88.7573179,-4.21067118,14.4433195,111.567274,-35.2870556,3.64699359
218,-13.5614574,-0.019396696,67.2667503,-0.787909319,10.1863966,6.27556178,-1.92854447,-0.326947442,23.9046444,0,0,-120.329533,16.1823386,-80.21409,69.5143937,9.73451709,-0.551594498,-13.2991621,-121.403471,-21.8590625,80.21409,73.7044552,-6.97668776,2.90313199,16.0572727,-89.3323857,-10.4411326,-19.3090421,111.348292,-32.0297828,-3.81020908,-89.3034803,-4.15710457,14.6888153,112.386945,-35.4793254,3.69765353
219,-13.5685846,-0.0494806562,66.7501211,-0.822718196,10.2444865,6.31191669,-1.96193961,-0.397746195,23.9496366,0,0,-120.615991,16.148425,-80.21409,69.5981113,10.1113164,-0.446720332,-13.3862589,-121.617187,-22.0624741,80.21409,73.4340412,-7.17311077,3.11012088,16.1678501,-90.0463385,-10.7043425,-19.4836081,112.141297,-32.0799369,-3.90850233,-89.9867041,-3.99054784,14.8732475,113.19833,-35.6142763,3.71279222
220,-13.5547981,-0.0946870772,66.237253,-0.774397875,10.3744315,6.37371324,-1.95580375,-0.540706803,23.9496366,0,0,-120.91447,16.0773842,-80.21409,69.6151936,10.2771474,-0.328633538,-13.4956009,-121.92206,-22.2404466,80.21409,73.3655276,-7.37372965,3.1092592,16.0926446,-90.8042846,-11.0091772,-19.5595444,112.900568,-32.0929825,-3.97373149,-90.7867378,-3.83330749,15.1423979,114.014565,-35.7401123,3.73966219
221,-13.5390103,-0.131930143,65.7300889,-0.727177804,10.4721539,6.41479034,-1.93664486,-0.575504642,23.9496366,0,0,-121.209562,15.9493318,-80.21409,69.7691051,10.4660978,-0.343090754,-13.5138904,-122.165569,-22.4287822,80.21409,73.216486,-7.64511612,3.11696067,16.1931918,-91.5065715,-11.2746069,-19.6158679,113.644792,-32.1465654,-3.97668555,-91.53519,-3.66223217,15.4241688,114.812092,-35.8865925,3.75300026
222,-13.5220617,-0.173988286,65.236938,-0.715827759,10.5723998,6.44911173,-1.96717132,-0.709600199,23.9496366,0,0,-121.453713,15.9711526,-80.21409,69.7241557,10.9155106,-0.202412309,-13.4957307,-122.444555,-22.5046281,80.21409,73.2096353,-7.82799102,3.0875121,16.186184,-92.211003,-11.5106702,-19.7100972,114.376606,-32.2222678,-4.01975757,-92.2324293,-3.47224534,15.6478131,115.57191,-36.0421296,3.77474801
223,-13.4955943,-0.229517999,64.7608161,-0.642412114,10.6804572,6.48989789,-1.87001167,-0.723553688,23.9496366,0,0,-121.840111,15.7713354,-80.21409,69.8830463,11.1652889,-0.140082417,-13.6901281,-122.62561,-22.8082556,80.21409,72.9557026,-8.10290528,3.24432556,16.0476712,-92.8751297,-11.7602265,-19.7473234,115.065929,-32.2940496,-4.04007098,-92.9755539,-3.30180992,15.9228068,116.340306,-36.1659883,3.75917219
224,-13.4676173,-0.288962387,64.2923117,-0.572424282,10.772786,6.52951469,-1.90093791,-0.931875685,23.9496366,0,0,-122.140229,15.7888377,-80.21409,69.9064602,11.6327769,-0.143628259,-13.7506086,-122.839928,-22.8848767,80.21409,72.8872299,-8.00261249,3.32461486,15.9814849,-93.5209787,-11.9865688,-19.7795704,115.741353,-32.3698101,-4.02073002,-93.6781208,-3.12068035,16.1877584,117.093075,-36.314661,3.7332623
225,-13.4434968,-0.324540166,63.833046,-0.555435791,10.8490917,6.56998597,-2.01840991,-1.09737256,23.9496366,0,0,-122.310684,15.8794761,-80.21409,69.8552748,12.0054824,0.0959671394,-13.5439074,-123.066799,-22.8212978,80.21409,72.9226376,-7.9529997,3.34772331,15.9639997,-94.1416107,-12.2094874,-19.8544942,116.403909,-32.4737212,-4.04354285,-94.3329652,-2.96500283,16.3922013,117.821159,-36.4453328,3.70064217
226,-13.3995861,-0.522282301,63.3740366,-0.184017779,10.961471,6.67639453,-4.03138896,-4.11076771,23.9496366,0,0,-122.09459,18.5352056,-80.21409,68.5899344,14.8647593,0.109811519,-13.9614462,-123.337876,-20.6774551,79.1779503,73.8004604,-5.96523578,3.20582058,15.9456008,-94.6690447,-12.4727408,-19.6699203,116.94165,-32.5121205,-4.17936629,-95.2184241,-2.79729736,16.9225723,118.650317,-36.6370049,3.56722424
227,-13.3731157,-0.546627212,62.9278302,-0.166504905,10.9772069,6.75437789,-3.77999445,-3.79416155,23.9496366,0,0,-122.390774,18.1068964,-80.21409,68.7872381,14.5121661,0.238160105,-14.1012807,-123.551019,-20.9024006,79.7314005,73.8474521,-5.78060296,3.20824636,15.8931774,-95.1969842,-12.7450416,-19.7718062,117.593823,-32.5979623,-4.26873888,-95.7964425,-2.72933484,17.1057734,119.372773,-36.7602352,3.58954317
228,-13.3402795,-0.562740117,62.5024259,-0.222922701,10.979813,6.82660261,-3.73358929,-3.50849507,23.9496366,0,0,-122.519141,17.9908173,-80.21409,68.9006056,14.2558009,-0.00953785808,-13.7821504,-123.736677,-20.9433903,80.1041717,73.9089443,-5.76594837,3.07842816,15.8301126,-95.7267541,-13.016347,-19.9663215,118.257253,-32.6563434,-4.29566008,-96.2825471,-2.64302174,17.2134154,120.050082,-36.858006,3.61320379
229,-13.3061081,-0.587685267,62.0899796,-0.255591809,11.0205822,6.88725664,-3.68623175,-3.39912582,23.9496366,0,0,-122.679446,17.8096551,-80.21409,69.034129,14.0579585,0.0297323971,-13.5994607,-123.91907,-21.058858,80.21409,73.9412989,-5.73704984,2.93034859,16.0964968,-96.2686408,-13.2591807,-20.1121631,118.87488,-32.7305021,-4.36928695,-96.8217086,-2.5424455,17.32875,120.713403,-36.9338006,3.62640314
230,-13.2622287,-0.608159043,61.6742849,-0.255535,11.0869536,6.9352709,-3.6948109,-3.49607245,23.9496366,0,0,-122.914841,17.6770128,-80.21409,69.2060585,13.8131022,-0.0436050516,-13.7007183,-124.120069,-21.1039236,80.1644618,74.0011791,-5.79637985,2.94734808,16.2243955,-96.8396788,-13.4877368,-20.1965262,119.498626,-32.7771421,-4.39777055,-97.3960865,-2.42654018,17.4862371,121.370331,-37.0456108,3.62717495
231,-13.2257715,-0.624183565,61.2777889,-0.289122179,11.0956324,6.96323812,-3.61546928,-3.37356682,23.9496366,0,0,-123.103491,17.5513066,-80.21409,69.310294,13.4021135,0.00240909556,-13.7513334,-124.268393,-21.2467821,80.21409,73.9698695,-6.00028191,2.90747215,16.3919656,-97.3187756,-13.6786149,-20.3270442,120.093222,-32.8746738,-4.47740287,-97.8648902,-2.32662048,17.5966625,121.99461,-37.1446041,3.64206647
232,-13.1911442,-0.647426024,60.9006882,-0.340450093,11.0627698,6.97554633,-3.47271982,-3.19092223,23.9496366,0,0,-123.346632,17.3275308,-80.21409,69.5175424,13.2401749,-0.153076492,-14.1336003,-124.318308,-21.3794261,80.21409,74.034005,-6.32169909,2.76555854,16.3985243,-97.7481145,-13.8215717,-20.4810616,120.682421,-32.9578621,-4.59620974,-98.2244519,-2.23852257,17.6502146,122.559439,-37.2813547,3.61199827
233,-13.1544545,-0.668305904,60.5391383,-0.352622131,11.0384407,6.97548104,-3.45274109,-3.16125701,23.9496366,0,0,-123.414592,17.3019261,-80.21409,69.594949,12.8638485,-0.179694646,-14.139447,-124.354495,-21.4686028,80.21409,73.9176801,-6.2226733,2.86720242,16.2981342,-98.1564505,-13.9366433,-20.5652915,121.23385,-33.056671,-4.63379755,-98.6679087,-2.15007632,17.7828568,123.164485,-37.2882054,3.66171308
234,-13.1133363,-0.690034637,60.1794899,-0.331709815,11.0209869,6.97601658,-3.36627602,-3.17810559,23.9496366,0,0,-123.569132,17.1508184,-80.21409,69.7350908,12.9113926,-0.161913743,-14.2428133,-124.406527,-21.6310981,80.21409,73.7961642,-6.24859301,2.9381143,16.3624558,-98.5533528,-14.0447831,-20.6013703,121.770484,-33.1648236,-4.70875589,-99.0898095,-2.04999014,17.9381975,123.730557,-37.4121802,3.6529555
235,-13.0687326,-0.714715151,59.8417878,-0.303141145,11.0216221,6.96266964,-3.33250949,-3.20652686,23.9496366,0,0,-123.643909,17.0380401,-80.21409,69.908318,12.8519025,-0.173397732,-14.1717913,-124.489528,-21.6534584,80.21409,73.8270503,-6.39668859,2.86463833,16.1251324,-98.9408158,-14.1265516,-20.628066,122.271151,-33.2629154,-4.76267682,-99.4886925,-1.93001274,18.0935502,124.25752,-37.5508125,3.67893113
236,-13.0469337,-0.73213093,59.5166206,-0.346401194,10.9725444,6.97390624,-3.292469,-3.04295109,23.9496366,0,0,-123.710244,16.9425199,-80.21409,70.0522233,12.8013975,-0.181274448,-14.1475791,-124.510073,-21.7036552,80.21409,73.7835625,-6.43461108,2.90280116,16.1575536,-99.3011287,-14.2383541,-20.7426152,122.772159,-33.3287311,-4.8172812,-99.8040834,-1.85486316,18.1602743,124.759935,-37.6620797,3.67887137
237,-13.0067363,-0.756533816,59.214288,-0.250701179,10.9314983,6.97295827,-3.30632959,-3.14652621,23.9496366,0,0,-123.739532,16.942969,-80.21409,70.1222327,12.5427733,-0.167337407,-14.1029404,-124.516766,-21.7156439,80.21409,73.790659,-6.50483268,2.87646523,15.9061155,-99.5763717,-14.3116377,-20.6856258,123.211982,-33.4225745,-4.86280056,-100.172299,-1.76068947,18.4085329,125.257432,-37.7588191,3.75526575
238,-12.9568025,-0.779287051,58.928299,-0.240164546,10.88983,6.97093317,-3.36499878,-3.14802821,23.9496366,0,0,-123.823844,17.0016027,-80.21409,70.1857672,12.7734663,-0.204652811,-14.3917738,-124.566381,-21.6096035,80.21409,73.8384977,-6.70651237,2.886531,15.8707027,-99.8621058,-14.3761019,-20.7318952,123.661668,-33.5102536,-4.88382901,-100.4575,-1.7110213,18.5162552,125.720956,-37.8911609,3.73686779
239,-12.9177392,-0.814478192,58.6559117,-0.183470558,10.8057967,6.98193163,-3.3809827,-3.23935979,23.9496366,0,0,-123.817574,17.0106032,-80.21409,70.2330662,12.7763563,-0.210154822,-14.3498484,-124.480416,-21.6162271,80.21409,73.8254793,-6.72674083,2.87106319,15.695872,-100.082728,-14.4424145,-20.7385546,124.084962,-33.5605955,-4.90710032,-100.710654,-1.6408649,18.6924212,126.180942,-37.98984,3.77400096
240,-12.8763095,-0.838388223,58.4050655,-0.150680135,10.7384847,6.96495326,-3.38577728,-3.28413254,23.9496366,0,0,-123.876791,17.0480651,-80.21409,70.3165106,12.8409307,-0.28909472,-14.520907,-124.543705,-21.52968,80.21409,73.9327953,-7.18406127,2.78378532,15.6803675,-100.289628,-14.4723785,-20.7575767,124.472575,-33.6543604,-4.90606682,-100.948926,-1.56860065,18.8253059,126.606135,-38.0832053,3.76654069
241,-12.8391922,-0.861135498,58.1595898,-0.0970049306,10.6784165,6.97705641,-3.44245312,-3.3513512,23.9496366,0,0,-123.823598,17.1157881,-80.21409,70.3080207,12.9271396,-0.214304656,-14.4551067,-124.486468,-21.4703479,80.21409,73.910843,-6.93230647,2.76432932,15.8014651,-100.501616,-14.5028856,-20.71177,124.834439,-33.7331329,-4.79287565,-101.195427,-1.51556113,18.9880318,127.014935,-38.1858835,3.77342552
242,-12.7928108,-0.884861127,57.948035,-0.0445853784,10.5931532,6.96917851,-3.44541465,-3.38283667,23.9496366,0,0,-123.819896,17.1438499,-80.21409,70.3941016,12.9141511,-0.359559034,-14.4694894,-124.486509,-21.4004409,80.21409,74.0083781,-7.24785695,2.62369679,15.6378325,-100.633084,-14.5354571,-20.7128919,125.184554,-33.8019642,-4.84344125,-101.358341,-1.45465442,19.1455991,127.384462,-38.2873152,3.75726999
243,-12.7622977,-0.892921723,57.7393115,-0.0921659036,10.4991137,6.98370668,-3.50571177,-3.30576567,23.9496366,0,0,-123.713495,17.1947161,-80.21409,70.4419334,12.8244554,-0.294113922,-14.315034,-124.420461,-21.2749618,80.21409,74.0448172,-7.16504602,2.65687187,15.7908458,-100.792548,-14.6000467,-20.8200029,125.529055,-33.8754126,-4.84715004,-101.452775,-1.43690094,19.1776327,127.719442,-38.407045,3.74107732
244,-12.7223343,-0.909118354,57.5567365,-0.0433038983,10.4282662,7.00501584,-3.5173105,-3.33521403,23.9496366,0,0,-123.700709,17.2460449,-80.21409,70.4692132,12.8210172,-0.383817144,-14.3528963,-124.376065,-21.3308396,80.21409,73.9636267,-7.14409527,2.59015757,15.7489751,-100.876683,-14.6011566,-20.7681174,125.762033,-34.0469562,-4.68613004,-101.595615,-1.41032553,19.321789,128.034232,-38.5059052,3.72234894
245,-12.6952946,-0.907748099,57.3885977,-0.081235299,10.3490905,6.99789083,-3.50218142,-3.25049727,23.9496366,0,0,-123.456694,17.2232594,-80.21409,70.5445775,12.1454057,-0.262176865,-13.7512403,-124.28271,-21.324397,80.21409,73.9552666,-7.29031425,2.50097515,15.7350363,-100.994517,-14.6548846,-20.867734,126.051933,-34.0999961,-4.74937247,-101.666983,-1.34398603,19.389582,128.310213,-38.5535799,3.77976564
246,-12.6687422,-0.92201205,57.2411954,-0.0878185088,10.2601052,6.99010336,-3.49787861,-3.17715577,23.9496366,0,0,-123.335676,17.2835683,-80.21409,70.5821504,12.2116781,-0.274039543,-13.5217767,-124.203671,-21.3509921,80.21409,73.8580867,-7.36603202,2.46756528,15.830811,-101.057874,-14.6710448,-20.932409,126.295238,-34.1892496,-4.80022322,-101.720792,-1.2985022,19.4554028,128.55722,-38.625553,3.78361061
247,-12.6387194,-0.92007881,57.1205556,-0.0704433174,10.1896266,7.01200856,-3.57340471,-3.13328866,23.9496366,0,0,-123.429414,17.3489025,-80.21409,70.6729645,12.6058313,-0.378004013,-14.1796768,-124.169847,-21.3078167,80.21409,73.8085746,-7.37643013,2.439471,15.9529587,-101.087373,-14.715091,-20.9474798,126.491647,-34.272332,-4.83087242,-101.790726,-1.28281401,19.5803236,128.789842,-38.6600045,3.82991374
248,-12.5979722,-0.939756539,57.0151269,-0.0332663715,10.1252009,7.01839496,-3.54996435,-3.16000644,23.9496366,0,0,-123.364295,17.2897018,-80.21409,70.7552342,12.5467092,-0.344727331,-14.2159178,-124.072941,-21.4240922,80.21409,73.6926595,-7.44593585,2.38487175,15.9724008,-101.10602,-14.7464126,-20.9755724,126.680598,-34.3305218,-4.90266624,-101.84603,-1.24805219,19.6914576,129.010416,-38.7062142,3.8828332
249,-12.5777185,-0.958617311,56.940347,0.00230161811,10.0212083,7.03326704,-3.52667618,-3.1386907,23.9496366,0,0,-123.269929,17.2708659,-80.21409,70.8022669,12.5628933,-0.400240041,-14.3017092,-123.958904,-21.4269506,80.21409,73.6901187,-7.75083122,2.44218174,15.8998215,-101.055572,-14.7495118,-20.980526,126.815685,-34.3723942,-4.94660101,-101.812617,-1.24217011,19.789008,129.156336,-38.7834534,3.91921676
250,-12.5635788,-0.963393319,56.8875194,0.0191064243,9.93225431,7.03967605,-3.5298678,-3.07315675,23.9496366,0,0,-123.171889,17.3223962,-80.21409,70.8093429,12.6875067,-0.385930341,-14.3381073,-123.852927,-21.42449,80.21409,73.6484682,-7.7771616,2.50576695,15.9865205,-100.990009,-14.7366403,-20.9830703,126.896486,-34.4395418,-4.94754101,-101.748276,-1.24829007,19.8545471,129.258134,-38.8567071,3.95958659
251,-12.5494629,-0.970287435,56.8697989,0.0399860647,9.84889615,7.04183901,-3.51076953,-3.03237838,23.9496366,0,0,-123.045161,17.3167596,-80.21409,70.8515945,12.770788,-0.396065354,-14.3416948,-123.744217,-21.4726582,80.21409,73.5867028,-7.75972157,2.55332556,16.0238236,-100.904379,-14.7018302,-20.9716126,126.95733,-34.4688058,-4.94659546,-101.656267,-1.2584552,19.9105615,129.297366,-38.9310606,3.99332901
252,-12.5369608,-0.979545433,56.8745792,0.0789497358,9.76343641,7.05867187,-3.55373184,-3.06387281,23.9496366,0,0,-122.921685,17.3633347,-80.21409,70.8655417,12.8303652,-0.370242303,-14.4021266,-123.613406,-21.3917085,80.21409,73.6714108,-7.75829918,2.40356278,15.9544647,-100.774237,-14.6739733,-20.9377707,126.965813,-34.5121058,-4.95635495,-101.557844,-1.29899163,19.974668,129.330028,-38.9773317,4.02766864
253,-12.5373572,-0.982583407,56.9099128,0.0970563953,9.64795388,7.07210254,-3.56838943,-2.98304158,23.9496366,0,0,-122.783797,17.3942225,-80.21409,70.9035722,12.6975121,-0.350882639,-14.4784813,-123.438812,-21.3516699,80.21409,73.6956306,-7.79347807,2.34183793,15.9688781,-100.581796,-14.6341567,-20.9329811,126.93953,-34.5533669,-4.97737955,-101.373634,-1.35764972,20.006973,129.302571,-39.0333768,4.08014071
254,-12.5314146,-0.985356141,56.9742441,0.12396389,9.57445319,7.08970815,-3.55388019,-2.96421459,23.9496366,0,0,-122.638369,17.4528084,-80.21409,70.8532884,12.5133019,-0.367418981,-14.4468541,-123.258673,-21.4368714,80.21409,73.6355933,-7.80023227,2.27492897,15.9694894,-100.393788,-14.5995379,-20.9126903,126.863497,-34.5929581,-4.98652645,-101.217297,-1.4091407,20.0388888,129.243831,-39.0480924,4.13499012
255,-12.5220418,-0.995734707,57.0849121,0.185356098,9.51622119,7.11409884,-3.56358781,-2.97713688,23.9496366,0,0,-122.424037,17.4064093,-80.21409,70.928318,12.4478832,-0.355194596,-14.278344,-123.096442,-21.5211611,80.21409,73.5700917,-7.94147119,2.23649102,16.0355186,-100.149732,-14.532614,-20.8343395,126.712727,-34.6294279,-5.00662855,-101.035444,-1.47229743,20.0959858,129.124836,-39.0647786,4.1903074
256,-12.5140637,-1.0006302,57.2229028,0.255426232,9.4836789,7.13602521,-3.54503979,-2.97230708,23.9496366,0,0,-122.392905,17.430752,-80.21409,70.9199305,12.3760048,-0.402240432,-14.4570601,-123.048344,-21.4583268,80.21409,73.7461262,-8.22113158,2.09540193,16.1990435,-99.8915166,-14.4823336,-20.7457707,126.509406,-34.6456496,-5.01290592,-100.836869,-1.55270413,20.1376841,128.930981,-39.100521,4.22311834
257,-12.5289872,-0.994476117,57.369101,0.241069783,9.37716276,7.12508808,-3.5223546,-2.8526776,23.9496366,0,0,-122.14695,17.376435,-80.21409,71.0189751,12.0703957,-0.437467987,-14.2810385,-122.840051,-21.4659715,80.21409,73.7510918,-8.40981897,2.13007069,16.2783096,-99.5880718,-14.3735918,-20.7514483,126.320811,-34.6776217,-5.03594629,-100.516827,-1.61736073,20.0811062,128.731826,-39.100521,4.27412065
258,-12.53739,-1.0048653,57.5797856,0.339285517,9.32174658,7.1611228,-3.49619945,-2.87861738,23.9496366,0,0,-122.052352,17.4924594,-80.21409,70.8725358,12.095915,-0.418456902,-14.419781,-122.637276,-21.567089,80.21409,73.6957331,-8.52406925,2.12959898,16.2752582,-99.22405,-14.3089509,-20.6248166,126.019695,-34.6514245,-5.09206611,-100.257027,-1.73368451,20.1335843,128.45448,-39.0848252,4.31026814
259,-12.5521898,-0.998849422,57.8060865,0.36078756,9.24147794,7.13878894,-3.42079054,-2.80268808,23.9496366,0,0,-121.880177,17.4015701,-80.21409,70.9676189,11.8800981,-0.388571169,-14.3924158,-122.476753,-21.5564083,80.21409,73.8228839,-8.9043537,2.06060639,16.2449236,-98.8347224,-14.1842615,-20.5848156,125.706025,-34.6760474,-5.09522934,-99.879796,-1.80926162,20.0852316,128.127806,-39.0800953,4.34688052
260,-12.580809,-0.997050665,58.0585361,0.357625345,9.14942056,7.15406406,-3.41536694,-2.71177933,23.9496366,0,0,-121.671692,17.4336566,-80.21409,70.993881,11.9058872,-0.500302606,-14.4126895,-122.226495,-21.6347318,80.21409,73.7536462,-8.75685235,1.98071964,16.1960007,-98.4069135,-14.0941722,-20.5819947,125.349175,-34.6774373,-5.16108816,-99.4692402,-1.94250729,19.9906199,127.770272,-39.0448208,4.37361772
261,-12.6013979,-0.998856127,58.3500504,0.392284939,9.10946711,7.14536343,-3.40119835,-2.75918234,23.9496366,0,0,-121.489709,17.4313514,-80.21409,71.0126777,11.7792008,-0.404094268,-14.2227146,-122.087938,-21.5912201,80.21409,73.8563723,-8.71326037,1.97753357,16.1656149,-97.9770214,-13.9609203,-20.5150845,124.918081,-34.6696304,-5.16796787,-99.0841131,-2.0420494,19.910932,127.350298,-38.9976071,4.3476677
262,-12.6315758,-0.998151861,58.6771965,0.43464579,9.04818047,7.16821739,-3.38709102,-2.7460148,23.9496366,0,0,-121.310416,17.4563772,-80.21409,71.031768,11.5739186,-0.516273882,-14.3422208,-121.802504,-21.7276514,80.21409,73.775175,-8.5581869,2.0193085,16.026443,-97.4735067,-13.8483878,-20.432475,124.421103,-34.6501302,-5.19521264,-98.6507308,-2.18238823,19.8491188,126.889137,-38.9225058,4.36587015
263,-12.6571506,-0.996243488,59.0263188,0.43653214,8.98042437,7.1606831,-3.31372391,-2.57044799,23.9496366,0,0,-121.132695,17.3315555,-80.21409,71.2447402,11.3591245,-0.647954113,-14.2382926,-121.53502,-21.6784877,80.21409,73.8850044,-8.61679419,2.15344061,15.468396,-96.9597467,-13.7004101,-20.3980628,123.923606,-34.6336456,-5.22870063,-98.1409391,-2.32309184,19.6947019,126.379946,-38.8811046,4.35910698
264,-12.6932621,-0.991131738,59.4076037,0.432481848,8.89436948,7.14794166,-3.28823727,-2.46053637,23.9496366,0,0,-120.871208,17.3161842,-80.21409,71.3514414,11.1307059,-0.608654058,-14.0478208,-121.337491,-21.6753219,80.21409,73.937071,-8.50217423,2.00582272,15.6718673,-96.4045753,-13.5328416,-20.3655153,123.383365,-34.5938221,-5.20012184,-97.5872703,-2.45358282,19.5431844,125.82513,-38.7799461,4.37324419
265,-12.7248183,-0.997197349,59.8079741,0.404214346,8.82541343,7.119295,-3.25023986,-2.364483,23.9496366,0,0,-120.621974,17.4089672,-80.21409,71.3352538,10.9138551,-0.55525612,-13.9979903,-121.100046,-21.6735546,80.21409,74.0261161,-8.6898849,2.06020554,15.4809089,-95.8282302,-13.3784794,-20.4079069,122.802922,-34.5538929,-5.27692561,-96.9937064,-2.58870893,19.3244954,125.218404,-38.7033011,4.33842474
266,-12.7113819,-1.00142844,60.2318943,0.451317848,8.94419265,7.08847402,-3.21497965,-2.43092601,23.7029557,0,0,-120.300422,17.3407319,-80.21409,71.481092,10.8854757,-0.48217443,-13.9280449,-120.787401,-21.6715789,80.21409,74.0451177,-8.23817376,1.99935667,15.6084268,-95.3940556,-13.2283569,-20.310061,122.16266,-34.4771967,-5.25749671,-96.623073,-2.66471421,19.1851322,124.586653,-38.5570189,4.33041933
267,-12.7072245,-1.00104883,60.6758177,0.481611344,8.99899604,7.05286765,-3.13125775,-2.36076353,23.5163635,0,0,-120.002244,17.2333493,-80.21409,71.6605006,10.627531,-0.502504488,-14.0085045,-120.41338,-21.7794737,80.21409,74.0327414,-8.148262,1.87864801,15.4134215,-94.8810674,-13.0434868,-20.2232903,121.508997,-34.4057973,-5.27798087,-96.1469747,-2.76615255,19.0252768,123.929452,-38.4319035,4.31586847
268,-12.7116516,-0.984963588,61.1522853,0.426231422,9.08523605,7.04414182,-3.07794087,-2.14110614,23.3019673,0,0,-119.679135,17.1971937,-80.21409,71.7569497,10.5006483,-0.430505409,-13.8115065,-120.12755,-21.7624119,80.21409,74.0721175,-8.090558,1.91189054,15.4684063,-94.4087598,-12.915974,-20.2402103,120.809886,-34.284196,-5.24957753,-95.6130656,-2.90198111,18.7380759,123.183377,-38.2769538,4.33589843
269,-12.7216056,-0.998238847,61.6554022,0.488852704,9.11530277,7.06960526,-3.17910899,-2.24444413,23.1747106,0,0,-119.362528,17.2582488,-80.21409,71.8471902,10.6294674,-0.303033189,-13.7706056,-119.79992,-21.6872184,80.21409,74.0861125,-7.61627137,1.92218812,15.3533415,-93.8046228,-12.7802043,-20.1236122,120.039591,-34.1521104,-5.20874623,-95.061118,-3.08255146,18.5857814,122.42886,-38.1438403,4.35076647
270,-12.7613395,-1.0009042,62.175566,0.474326778,9.11506302,7.0144815,-3.10404948,-2.22482591,23.0039064,0,0,-118.980912,17.3382508,-80.21409,71.8170349,10.6568249,-0.177773522,-13.7701139,-119.317859,-21.9111734,80.21409,73.8706269,-7.47787893,1.95237628,15.1809697,-93.1945708,-12.5549114,-20.0810943,119.261701,-34.025424,-5.16587655,-94.4349878,-3.21372866,18.3099767,121.615138,-37.958749,4.3056266
271,-12.7938032,-1.01401331,62.7259135,0.523126875,9.08895717,6.97700526,-3.0723749,-2.20352788,22.926452,0,0,-118.671081,17.3882563,-80.21409,71.84426,10.6165438,-0.204509271,-13.9037815,-118.997728,-21.9289729,80.21409,73.8587287,-7.26871378,1.96177846,15.0249989,-92.4964025,-12.3090041,-19.9519849,118.422872,-33.8894145,-5.1313128,-93.7780124,-3.37570894,18.1010395,120.776555,-37.8015317,4.25597497
272,-12.844032,-1.02209691,63.2961214,0.544049423,9.00222226,6.89843139,-3.08580305,-2.2988944,22.9701106,0,0,-118.309135,17.6467056,-80.21409,71.767639,10.6596952,-0.157500774,-13.7259072,-118.736268,-21.8942294,80.21409,73.8529435,-6.89772224,1.97459595,15.0871605,-91.72343,-12.013846,-19.8567584,117.559304,-33.78564,-5.08080185,-93.0225525,-3.50880265,17.8610574,119.899873,-37.6260949,4.22731421
273,-12.8749877,-1.03856428,63.8773918,0.58460317,9.00209684,6.81707485,-3.00520789,-2.33451661,22.893329,0,0,-117.979633,17.8465364,-80.21409,71.6515531,10.5287264,-0.228959467,-13.8588355,-118.36364,-22.0442802,80.21409,73.7793346,-6.91897224,2.01226999,14.9463561,-91.0295852,-11.729857,-19.7329356,116.668346,-33.633419,-5.06387151,-92.3518415,-3.62080836,17.6223679,118.993985,-37.4196831,4.17211946
274,-12.9116476,-1.02510927,64.4623876,0.551462322,8.96355222,6.72835221,-2.97065546,-2.28545856,22.8730348,0,0,-117.621964,18.0269934,-80.21409,71.5979976,10.5375117,-0.187807484,-13.7917434,-117.956862,-22.1865018,80.21409,73.6923453,-6.73588133,2.07848121,14.9145923,-90.2939875,-11.4588257,-19.7032909,115.777949,-33.5255942,-5.08412601,-91.5979048,-3.75025922,17.3128254,118.071568,-37.2261292,4.08681167
275,-12.9365295,-1.01687862,65.0638103,0.549834991,8.95988033,6.6402865,-2.86017181,-2.30564818,22.8400706,0,0,-117.2779,18.2214677,-80.21409,71.4818912,10.4273672,-0.207200699,-13.8781922,-117.657576,-22.3936699,80.21409,73.6370617,-6.81787178,2.03649988,15.1288895,-89.5614429,-11.1701964,-19.6113019,114.84011,-33.4009364,-5.09593797,-90.857321,-3.86325745,17.0340222,117.102514,-37.0102406,4.09941551
276,-12.9528001,-1.0027973,65.6905472,0.531095216,8.97325484,6.5660922,-2.80471046,-2.20356203,22.7594949,0,0,-116.914588,18.4240733,-80.21409,71.4165058,10.3991321,-0.128294658,-13.6937336,-117.237848,-22.7492137,80.21409,73.3913047,-7.00845583,2.0302129,15.2196286,-88.8337887,-10.9019714,-19.5350889,113.880256,-33.2288123,-5.11247173,-90.116505,-4.00850355,16.7150165,116.104815,-36.7892464,4.03419873
277,-12.9640281,-0.998649839,66.3408399,0.541916196,8.99687671,6.53719267,-2.80365754,-2.16337448,22.6176933,0,0,-116.487838,18.607247,-80.21409,71.4101674,10.080461,-0.0632489524,-13.6913729,-116.782561,-22.8969183,80.21409,73.3913184,-6.88558627,1.81947104,15.3518269,-88.0862518,-10.6662215,-19.4204305,112.86488,-33.026362,-5.09287634,-89.3522274,-4.20620594,16.3930824,115.06235,-36.5855258,3.95935309
278,-12.9783973,-0.985747296,66.9816673,0.506707739,9.02893298,6.4460179,-2.75993921,-2.15527196,22.476194,0,0,-116.00672,18.849968,-80.21409,71.3483951,9.82674598,-0.0672024247,-13.4499206,-116.271608,-22.7221901,80.21409,73.7511942,-6.49630604,1.53625138,15.2616428,-87.3962866,-10.3722203,-19.3352359,111.885807,-32.8042989,-5.01481966,-88.5837013,-4.33071047,16.0239414,113.993603,-36.357097,3.90969889
279,-12.9775167,-0.980837736,67.6373005,0.494690478,9.05530379,6.37860019,-2.68029942,-2.1374029,22.3124214,0,0,-115.556897,18.9528597,-80.21409,71.4322562,9.65617226,-0.182883718,-13.3214558,-115.87267,-22.6525853,80.21409,73.9960701,-6.21185129,1.52186209,15.4024574,-86.6510242,-10.0685441,-19.2100727,110.855002,-32.6019307,-4.9941387,-87.7910442,-4.46710764,15.6846979,112.921899,-36.151276,3.86110679
280,-12.9763961,-0.949764252,68.2992518,0.419218091,9.08941057,6.26681114,-2.61674088,-2.01630685,22.1033698,0,0,-115.096009,19.0520443,-80.21409,71.6317592,9.39941861,-0.234777587,-13.3769562,-115.14964,-22.8164006,79.6121249,73.8977018,-6.12479754,1.54754157,15.4702402,-85.9380275,-9.738593,-19.1401401,109.847911,-32.3946652,-4.93304522,-86.9809769,-4.56363529,15.2815511,111.830954,-35.8749061,3.82493923
281,-12.9781932,-0.942193717,68.9773083,0.395192405,9.0991583,6.22981677,-2.51524299,-1.96700654,21.7555168,0,0,-114.436288,18.9221785,-80.21409,72.0520754,8.89586463,-0.419891322,-13.2893941,-114.191863,-23.2477373,78.7910679,73.6783434,-6.18594823,1.40641386,15.5751621,-85.1628557,-9.45582659,-19.0257429,108.773727,-32.1677185,-4.88877022,-86.1154758,-4.74633815,14.885815,110.697894,-35.7095711,3.71566133
282,-12.9646435,-0.915590022,69.6663141,0.350941725,9.13696207,6.15856382,-2.52558069,-1.80548281,21.5924973,0,0,-113.901047,19.1149111,-80.21409,72.2177211,8.25034601,-0.470781888,-13.0649003,-113.409964,-23.4654308,78.0587896,73.3544695,-6.08032405,1.62169395,15.665645,-84.3957503,-9.1322293,-18.9030574,107.682317,-32.0006759,-4.81919151,-85.2911608,-4.89083294,14.5023938,109.558475,-35.4533366,3.76166735
283,-12.9445106,-0.896241516,70.3479528,0.279798365,9.20053374,6.08273859,-2.51171498,-1.64222987,21.3414298,0,0,-113.318596,19.2911265,-80.21409,72.366831,7.59995149,-0.574252263,-12.9172521,-112.701598,-23.6390508,77.5613196,73.2678285,-5.74797216,1.60497888,15.7613138,-83.6553578,-8.79765675,-18.814866,106.573525,-31.8414301,-4.78672891,-84.4352425,-5.00011725,14.055988,108.375766,-35.2100589,3.6108128
284,-12.9176795,-0.879797712,71.055007,0.266159064,9.21084095,6.03566665,-2.49494452,-1.56251015,21.160983,0,0,-112.780985,19.4036163,-80.21409,72.5965097,6.95729984,-0.668291642,-12.9826042,-111.904119,-23.961878,76.8414177,72.9179248,-5.58308158,1.7924602,15.9883561,-82.7903622,-8.46895987,-18.6480574,105.399914,-31.7036378,-4.72645291,-83.5771248,-5.18136016,13.6886835,107.217905,-34.9157665,3.67754588
285,-12.8883854,-0.871478487,71.7587292,0.25044088,9.25576582,5.96107341,-2.5104339,-1.53160205,20.891737,0,0,-112.172408,19.6017447,-80.21409,72.7658779,6.50884926,-0.709539047,-13.0722248,-111.090588,-24.1150245,76.1858015,72.8561116,-5.29532998,1.60055601,16.0530739,-81.9694486,-8.12786791,-18.4834532,104.221249,-31.5254519,-4.71258464,-82.7133859,-5.32658876,13.2883883,106.00595,-34.6903361,3.54577062
286,-12.8586933,-0.860044174,72.4710882,0.151630072,9.28839865,5.93693202,-2.50960509,-1.35278695,20.5673405,0,0,-111.541736,19.8193051,-80.21409,72.7991068,5.96242644,-0.778109291,-13.1718192,-110.473973,-24.2289059,76.1917642,73.0873476,-4.5614475,1.18656469,16.1657993,-81.1627759,-7.80696086,-18.4289176,103.03242,-31.3510942,-4.69564108,-81.8095743,-5.48632811,12.797144,104.812436,-34.3752356,3.50714014
287,-12.8148705,-0.853944104,73.1902361,0.134586577,9.32892488,5.87840863,-2.47816082,-1.29988116,20.2880524,0,0,-110.865124,19.9429212,-80.21409,72.9617063,5.31614498,-0.847389927,-13.0603146,-109.811847,-24.4421222,76.2315023,73.0447751,-3.60807176,1.21305654,15.9929375,-80.3415413,-7.47533298,-18.2511534,101.838394,-31.1088752,-4.65855443,-80.9457603,-5.62819797,12.4016001,103.595706,-34.0892214,3.48312989
288,-12.7809644,-0.844605453,73.9041448,0.0979481477,9.34101785,5.83110319,-2.38467965,-1.14872693,20.0332573,0,0,-110.238434,19.9825876,-80.21409,73.1418935,4.45757782,-1.04270724,-13.157819,-108.864145,-24.8680972,75.533737,72.7769565,-3.13863265,0.982845225,15.7906495,-79.5028555,-7.15296683,-18.0971497,100.637886,-30.8706724,-4.56820341,-80.0317376,-5.78452264,11.9703582,102.362727,-33.795052,3.43340824
289,-12.7272606,-0.845387764,74.6361256,0.0452267293,9.38111441,5.78744224,-2.36423925,-1.126473,19.7086867,0,0,-109.469853,20.2434342,-80.21409,73.0724851,3.67733543,-1.00250742,-13.0056748,-107.823354,-25.1676266,74.5608448,72.6065228,-2.91181786,0.894773191,15.5327979,-78.6866343,-6.82353443,-17.9658735,99.4187787,-30.582435,-4.5302267,-79.1096552,-5.90854906,11.5190833,101.10712,-33.4602327,3.38393697
290,-12.6864001,-0.855531637,75.3816843,0.055538052,9.36887998,5.76448593,-2.40521163,-1.08444354,19.4294191,0,0,-108.629152,20.4816353,-80.21409,73.1078655,2.66601621,-1.14438208,-12.7953281,-106.987755,-25.2756768,74.3552083,72.6554953,-1.67103812,0.851622137,15.0912244,-77.7658974,-6.51013632,-17.7545577,98.1344641,-30.2810426,-4.4667593,-78.1608121,-6.08443923,11.1241874,99.8400306,-33.1165342,3.34913374
291,-12.645334,-0.856481493,76.1242092,0.0159621835,9.32179763,5.70978611,-2.39234313,-0.975894654,19.1483739,0,0,-107.788725,20.5913094,-80.21409,73.3373872,1.19866778,-1.26137575,-12.7851699,-106.037519,-25.5101111,73.9370846,72.5831567,-0.907567896,0.699289975,15.1360936,-76.8330917,-6.14123482,-17.5853226,96.867826,-29.9955817,-4.46311668,-77.1381143,-6.21087927,10.6851437,98.5554496,-32.7628226,3.23467962
292,-12.5739157,-0.860091392,76.8805087,-0.0277495241,9.31140307,5.68912527,-2.36123567,-0.900722659,18.8464607,0,0,-106.922623,20.6246851,-80.21409,73.4957793,0.0584519318,-1.37549284,-12.7464,-105.001065,-25.7694551,73.3509724,72.5572362,-0.166532565,0.488021819,15.0880262,-75.905593,-5.82292751,-17.4414635,95.57649,-29.6876495,-4.41979962,-76.1185105,-6.37263522,10.2083862,97.2360142,-32.4242945,3.23476585
293,-12.508671,-0.855980441,77.6441455,-0.0893515344,9.23880468,5.67432577,-2.34526733,-0.744180006,18.5125669,0,0,-106.04092,20.8756502,-80.21409,73.4907045,-1.09505381,-1.57352319,-13.1238695,-103.942065,-25.9890798,73.1414564,72.5490604,0.607067107,0.417943624,14.9861198,-74.9028597,-5.47810413,-17.298243,94.2613644,-29.3921208,-4.38139389,-74.9868301,-6.54935783,9.69087815,95.8709326,-32.082949,3.1745509
294,-12.4474227,-0.86431168,78.4132957,-0.0883957744,9.19482502,5.63499111,-2.33461074,-0.690231703,18.2024849,0,0,-105.1749,20.7224832,-80.21409,73.9319005,-2.08779737,-1.71940343,-13.2767855,-102.928588,-26.175141,72.8091062,72.576108,1.17852331,0.152273371,15.2217681,-73.9052081,-5.14001574,-17.0670137,92.8997661,-29.0571615,-4.34708927,-73.9373578,-6.69684723,9.26395633,94.5025588,-31.7110896,3.14599004
295,-12.3702206,-0.868559722,79.1870892,-0.152523984,9.14730877,5.58759595,-2.39156897,-0.714762221,17.8605673,0,0,-104.31819,20.7449152,-80.21409,74.3127928,-2.87235729,-1.94630339,-13.4457849,-101.74829,-26.2713169,72.0188192,72.5309331,1.04606898,0.134224116,15.1413,-72.9155547,-4.76482449,-16.9080103,91.5408317,-28.736853,-4.31702875,-72.8149392,-6.81094639,8.74023193,93.0984837,-31.3404699,3.08358004
296,-12.2894824,-0.853096787,79.9687684,-0.246608698,9.11605956,5.54477195,-2.41997743,-0.486756579,17.5087511,0,0,-103.46249,20.6499227,-80.21409,74.7243664,-3.72870955,-1.96108306,-13.8531596,-100.709309,-26.3940076,71.6094313,72.587528,1.15251246,0.0329049633,15.5268214,-71.9302999,-4.38924733,-16.7529429,90.148723,-28.3994604,-4.27279644,-71.6612178,-6.91202892,8.18557874,91.6274658,-30.9502885,3.00246962
297,-12.2132115,-0.851201732,80.760324,-0.291539383,8.97912381,5.49171854,-2.46817594,-0.33921801,17.2774399,0,0,-102.255281,20.9200071,-79.2650557,74.7405608,-3.78357731,-1.9055914,-13.900159,-99.5801624,-26.5331283,70.7883196,72.4890026,0.767684394,-0.0466258695,15.678426,-70.8052175,-3.99814258,-16.5390128,88.742954,-28.0518977,-4.2478193,-70.4098862,-7.04279588,7.68578989,90.161154,-30.5678457,2.95028527
298,-12.127465,-0.861336756,81.5503955,-0.365399009,8.83891363,5.44946372,-2.42744582,-0.257363716,16.9971921,0,0,-101.051604,21.0933624,-78.4975473,74.7681001,-3.92097724,-2.13460957,-14.0749503,-98.2744352,-26.7545528,69.8599876,72.4284666,0.945405757,-0.31578123,15.7594713,-69.6776557,-3.59425258,-16.3753051,87.3266323,-27.7169777,-4.24677855,-69.1145203,-7.15784316,7.11175177,88.6662032,-30.2063784,2.85784848
299,-12.0327987,-0.86421594,82.3494673,-0.400276389,8.75687358,5.37436747,-2.3947973,-0.121834513,16.6594034,0,0,-99.8453582,21.4487304,-78.115528,74.4673532,-4.33989964,-2.04069873,-13.963655,-96.7967374,-26.9822559,68.3337819,72.2202073,0.259333158,-0.467343261,15.626701,-68.5823871,-3.19575672,-16.1302465,85.8650948,-27.3203435,-4.28563208,-67.9387305,-7.23149352,6.63776652,87.1812517,-29.7306523,2.84219603
300,-11.9610012,-0.870066416,83.1566274,-0.432792626,8.57329256,5.35535148,-2.38299687,-0.108768381,16.4714998,0,0,-98.5517955,21.7318332,-77.5327216,74.2299836,-4.54169758,-2.07464563,-13.7293786,-95.4334795,-27.0083951,67.1740977,72.3990968,0.865571304,-0.532287047,15.4932323,-67.3651176,-2.81899281,-15.8841035,84.366121,-26.9158204,-4.28348142,-66.6239123,-7.38264134,6.10845375,85.6565213,-29.2899105,2.82851196
301,-11.8459098,-0.886712316,83.9620352,-0.438151563,8.42009968,5.30922789,-2.28512559,-0.0849981557,16.14557,0,0,-97.047822,21.9823645,-76.7928482,73.856304,-4.5329353,-1.94278434,-13.3383486,-93.6107,-27.20624,65.5251876,72.2862211,1.14545677,-0.616968053,15.2018803,-66.1337028,-2.42928826,-15.5920993,82.8417389,-26.5326655,-4.29319438,-65.322611,-7.51104462,5.61360612,84.1196673,-28.8720941,2.83002762
302,-11.7652878,-0.900903996,84.7557366,-0.45185042,8.16532655,5.23997723,-2.21445853,-0.0716163744,16.0166553,0,0,-95.6158592,22.2826333,-75.9880675,73.7300479,-4.62012608,-2.36492973,-13.1863385,-91.9325499,-27.349452,63.9222036,72.1885972,1.54052473,-0.584980569,14.8718917,-64.8173409,-1.99828902,-15.2667005,81.3259355,-26.1676227,-4.27536844,-63.9038646,-7.64407451,5.09928178,82.5501376,-28.5022565,2.83646977
303,-11.6604194,-0.933779217,85.5572522,-0.418431349,7.98718351,5.19083174,-2.20521345,-0.108857561,15.7644659,0,0,-94.0666357,22.6863777,-75.436919,73.3611631,-5.18680894,-2.5245043,-13.0499541,-90.3081806,-27.3481116,62.6957134,72.2432865,2.32980015,-0.576852217,14.9449149,-63.5095373,-1.61033342,-14.8985943,79.7032464,-25.8169727,-4.24759603,-62.5642118,-7.78405155,4.60968998,80.9507259,-28.1382825,2.856088
304,-11.574202,-0.93870284,86.3432944,-0.494649993,7.72564016,5.1769735,-2.21987039,0.0115881513,15.5997371,0,0,-92.3999944,23.0483368,-74.8526852,72.9681267,-6.03760335,-2.55854447,-12.6217729,-88.7403858,-27.3400895,61.8305129,72.3753687,4.0657828,-0.746145927,15.3500681,-62.1730742,-1.19129054,-14.6496646,78.1290586,-25.4810828,-4.31768872,-61.048101,-7.90563063,3.96741783,79.2989266,-27.8004545,2.83871883
305,-11.4518292,-0.957863405,87.1487975,-0.513559518,7.52095305,5.13483373,-2.17313653,-0.0474449853,15.3550029,0,0,-90.7923454,23.2786285,-74.2412671,72.9285867,-6.68326113,-2.89180007,-12.7278168,-87.278739,-27.3113874,61.1994375,72.6765118,4.93050908,-0.814404596,15.513325,-60.8405111,-0.791247907,-14.3212341,76.5013972,-25.0594398,-4.31118125,-59.6264518,-8.01661693,3.40580681,77.6538618,-27.3877284,2.90774365
306,-11.349611,-0.95737949,87.9509687,-0.570059302,7.27362166,5.09467566,-2.19219532,0.0356361685,15.1744315,0,0,-88.9409065,23.4411392,-72.9725595,72.9934667,-6.80569355,-3.36153459,-12.5188206,-85.9748081,-27.2775011,60.6752478,72.9219068,5.2601656,-0.827198394,16.1931201,-59.4823826,-0.382196975,-14.0107816,74.8717687,-24.5913858,-4.34920748,-58.1847355,-8.12865338,2.81054643,76.0202923,-26.8490177,3.0140564
307,-11.2330027,-0.963198394,88.7493014,-0.585781812,7.06122758,5.07063472,-2.29618281,0.0309968692,14.9297126,0,0,-87.2102664,23.6649389,-71.9058274,73.0809887,-6.91150855,-3.53126543,-12.7184816,-84.649526,-27.1403714,60.2336693,73.2606773,5.7607301,-0.883240683,16.6931616,-58.1319654,-0.030717792,-13.6754901,73.2093075,-24.0799429,-4.31526229,-56.7276683,-8.22723265,2.23840582,74.3134144,-26.3249356,3.06902832
308,-11.1226611,-0.984729826,89.5414174,-0.578997704,6.78982774,5.05835558,-2.31785714,0.0534928176,14.7624242,0,0,-85.4355715,23.8738915,-70.8077788,73.0484019,-7.2152667,-3.69121992,-12.8179351,-83.2661258,-27.1193788,59.4857021,73.4708149,5.75922362,-0.962035773,17.2376933,-56.6948458,0.320967024,-13.3043974,71.5105506,-23.5808046,-4.32287667,-55.2114107,-8.32805222,1.67739862,72.6041869,-25.8473636,3.07881385
309,-11.0153571,-1.01438705,90.317446,-0.549515111,6.53920502,4.99650579,-2.32641408,-0.0766735558,14.6073124,0,0,-83.7400522,24.0823915,-70.032887,73.0788031,-7.41278467,-3.6773794,-12.9450065,-81.7662231,-27.0514611,58.3485644,73.6083408,5.50268726,-1.21536632,17.6137977,-55.2626576,0.676917317,-12.8806405,69.7861738,-23.078212,-4.3504685,-53.7644419,-8.39300475,1.18013823,70.9124242,-25.3257523,3.04251161
310,-10.8946331,-1.04067167,91.1103606,-0.464285906,6.203586,4.9016456,-2.30231376,-0.106626757,14.431855,0,0,-81.8860178,24.2469496,-68.8825193,73.1038903,-7.60364406,-3.75069422,-13.3055696,-80.1224766,-27.0610934,57.0399206,73.7197344,3.91525909,-0.921578748,17.2490536,-53.6386538,1.03696156,-12.3308667,67.9589684,-22.5827979,-4.34193418,-52.2081492,-8.49975463,0.736284894,69.1736697,-24.7629994,3.05872541
311,-10.7532829,-1.04045123,91.8645024,-0.450359568,6.02816828,4.82214649,-2.33365707,-0.095838353,14.1097459,0,0,-80.0678351,24.4280964,-67.8835358,73.1898961,-8.16922812,-3.77736782,-13.5827473,-78.2933042,-27.0219974,55.4415744,73.5967773,3.66478111,-0.981039814,17.5305309,-52.2508003,1.36285795,-11.8903903,66.1902021,-22.088311,-4.36919304,-50.815699,-8.51937521,0.269487622,67.4239665,-24.1748638,3.06925735
312,-10.6222816,-1.03708189,92.6077485,-0.45154361,5.80341132,4.72292123,-2.28347311,-0.0329634834,13.8509739,0,0,-78.2702864,24.6280622,-67.0246053,73.1211707,-8.6388779,-3.67576747,-13.9415627,-76.3621638,-27.0037522,53.7935727,73.4434327,3.48980533,-0.852662567,17.3525105,-50.8139915,1.71538547,-11.426892,64.4136904,-21.6001761,-4.3625208,-49.3482738,-8.51232218,-0.210661524,65.6348326,-23.5892553,3.10972408
313,-10.4627572,-1.0494695,93.3541,-0.382615035,5.5679075,4.6052904,-2.25897386,-0.127795467,13.5869495,0,0,-76.4619802,24.8610331,-66.1616861,73.1184455,-9.08269762,-3.48856842,-14.4423735,-74.4119126,-26.8730771,52.5194999,73.3611836,3.96390327,-0.810853431,17.1092311,-49.2834349,2.02569772,-10.8691985,62.5703385,-21.066332,-4.33804396,-47.8869583,-8.5464902,-0.62086569,63.8554112,-22.9916035,3.15505797
314,-10.3280529,-1.05857514,94.0856934,-0.384678412,5.33866838,4.49360956,-2.1262904,-0.0725945189,13.4202511,0,0,-74.6606544,24.9358117,-65.1754204,73.1581699,-9.62952427,-3.5633114,-14.7934299,-72.5971586,-26.8577621,51.568782,73.2919186,4.65805284,-0.730152612,16.8642544,-47.8117545,2.37522304,-10.3779559,60.7349847,-20.5058398,-4.38425659,-46.4005008,-8.50923664,-1.10212957,62.0258016,-22.3477216,3.19469399
315,-10.1681598,-1.0830882,94.808203,-0.323046185,5.13893262,4.34997156,-1.96529494,-0.145553039,13.1325328,0,0,-72.832042,25.0798023,-64.533007,73.1308491,-10.501123,-3.56478053,-14.9405026,-70.7734776,-26.8079239,51.0351052,73.2706358,5.67794864,-0.808315749,16.7542679,-46.3125826,2.68478152,-9.79274274,58.8501188,-19.9320527,-4.37634297,-44.9712257,-8.48954521,-1.49887071,60.1941703,-21.685854,3.21191631
316,-10.0191228,-1.08344993,95.5063641,-0.311607381,4.94801259,4.18490235,-1.87690952,-0.091679835,12.8820544,0,0,-70.969306,25.1815858,-63.3557556,73.2380626,-10.8581711,-3.7188062,-15.3353064,-68.9767485,-26.7749836,50.193438,73.132905,5.87954893,-0.94160561,16.9072112,-44.8569839,3.016981,-9.22652689,56.985928,-19.3401451,-4.36476281,-43.5497404,-8.41373267,-1.90998663,58.3377385,-20.980304,3.25139416
317,-9.88784432,-1.09606534,96.1916268,-0.263304661,4.72360112,4.03385741,-1.7305455,-0.128525057,12.7297241,0,0,-69.014902,25.0755608,-61.9409024,73.489072,-10.7241773,-4.00097797,-15.6332033,-67.3672281,-26.6790348,49.6551338,73.2194913,6.06127678,-1.04156884,16.9522836,-43.3487006,3.29851649,-8.64045738,55.0847448,-18.7014421,-4.38334647,-42.1206838,-8.37940926,-2.31079814,56.4931298,-20.2741256,3.32173721
318,-9.74612981,-1.10286884,96.8622446,-0.217415451,4.51520273,3.899926,-1.58790596,-0.150862137,12.5007172,0,0,-67.2436837,25.1966157,-60.8783367,73.5067486,-10.8725154,-4.06726879,-15.9264473,-65.799044,-26.7689269,49.290931,73.1511416,6.33891501,-1.16574755,17.5716623,-41.8560379,3.54219288,-8.08225591,53.1795523,-18.0311667,-4.41551538,-40.6647538,-8.34126778,-2.7334321,54.587128,-19.58797,3.31538855
319,-9.60643068,-1.10032307,97.5062191,-0.192292677,4.28330684,3.72203387,-1.47744782,-0.130072615,12.3605489,0,0,-65.4345715,25.3707701,-59.6855876,73.4874874,-11.2138498,-4.10863199,-16.2323271,-64.2845247,-26.8667984,48.9697789,73.0217095,6.41269044,-1.39305006,17.8061205,-40.3358939,3.81572275,-7.4818524,51.281955,-17.3847234,-4.41581164,-39.2190179,-8.26014818,-3.10159018,52.7233708,-18.8802138,3.36125669
320,-9.46626812,-1.10406959,98.126024,-0.197475519,4.00110003,3.61515104,-1.34282277,-0.0848186298,12.2476656,0,0,-63.5039024,25.4153098,-58.2468287,73.455891,-11.3552424,-4.15881894,-16.245745,-62.5842994,-26.9013062,48.0891524,72.8925301,6.29723164,-1.48102588,17.9655217,-38.7961575,4.0711381,-6.95423266,49.4239592,-16.7282261,-4.433749,-37.6893049,-8.19277007,-3.58116978,50.8804424,-18.1968841,3.4102586
321,-9.32575464,-1.11570023,98.7380445,-0.130805053,3.73498033,3.43782412,-1.17043221,-0.11980564,12.1195987,0,0,-61.4952599,25.5089841,-56.8510283,73.2993977,-11.7177334,-4.15765226,-16.1841247,-60.9310316,-27.0370784,47.3167707,72.6906912,6.19919367,-1.5980028,18.088098,-37.2250569,4.28118392,-6.30715548,47.5248387,-16.0487862,-4.40872916,-36.2516354,-8.14001199,-3.89863228,49.0770231,-17.4653811,3.48433008
322,-9.18660611,-1.10441344,99.3274391,-0.0870908376,3.50140554,3.24722274,-1.00962906,-0.0645420193,12.0072224,0,0,-59.3967116,25.52705,-55.1271705,73.1176668,-11.8821582,-4.09226473,-16.0612667,-59.1447732,-27.0524805,46.0418646,72.5028337,5.97055736,-1.69305523,18.0618615,-35.7211756,4.4785465,-5.68156522,45.6777029,-15.3516954,-4.42221281,-34.8909729,-8.06987619,-4.21766444,47.3171498,-16.6800033,3.56469921
323,-9.03318599,-1.1042526,99.8798907,-0.0507784548,3.26920148,3.11527674,-0.913930431,0.0472624578,11.8210502,0,0,-57.2601806,25.5341551,-53.7328591,72.9505799,-12.5255066,-4.16979463,-15.9874631,-57.2669834,-27.1098729,45.0392304,72.2051741,6.48902336,-1.52372417,17.7085427,-34.2713894,4.64242494,-5.13424338,43.9038447,-14.6523626,-4.44380816,-33.4754709,-8.00747216,-4.60362861,45.4970273,-15.9878643,3.58899462
324,-8.90159458,-1.11313574,100.393856,0.0160148508,3.00111021,2.93965304,-0.688257992,-0.00274203872,11.7330193,0,0,-55.2106559,25.4979721,-52.5400144,72.8160184,-12.9836039,-4.28838294,-15.7327943,-55.3194062,-27.0383625,43.73309,71.9928371,6.62467945,-1.43788214,17.1489282,-32.7409387,4.79001593,-4.50747747,42.0569069,-14.0122577,-4.44927615,-32.1054408,-7.95543125,-4.91177686,43.7687231,-15.2889464,3.61473931
325,-8.74938518,-1.11625083,100.872314,0.0603860025,2.82588673,2.79468429,-0.509964015,0.0230828344,11.5057448,0,0,-53.1374818,25.4509839,-51.4612817,72.6636847,-13.3633992,-4.39866061,-15.653098,-53.3844751,-26.970076,42.7882699,71.8683911,7.47220134,-1.49665186,16.7962104,-31.3596012,4.91709886,-3.92851265,40.2663352,-13.3652057,-4.46881263,-30.8437956,-7.87858906,-5.23118084,42.0606532,-14.6079493,3.62997362
326,-8.601439,-1.10844709,101.337099,0.0639191639,2.59365972,2.64789467,-0.362618959,0.115980027,11.3778939,0,0,-51.3711266,25.5197929,-51.0054417,72.6301006,-13.9846663,-4.52506393,-15.9939278,-51.5630549,-26.8515807,41.9366546,71.8067828,7.79732859,-1.50014326,16.3375017,-29.9324605,5.07366131,-3.38378777,38.5006904,-12.7405841,-4.50983047,-29.5189984,-7.77008638,-5.56325567,40.3703556,-13.9118762,3.70709755
327,-8.45613256,-1.11454967,101.773179,0.0916684458,2.43604907,2.51149985,-0.176848312,0.122818847,11.1509131,0,0,-49.6180083,25.4580958,-50.4433342,72.7014693,-14.0821989,-4.59972558,-16.2344171,-49.7438579,-26.6995066,41.3808923,71.8586034,8.62755857,-1.65169043,15.7560153,-28.634115,5.17146108,-2.91544362,36.7784991,-12.0611647,-4.55019049,-28.3033921,-7.66961686,-5.89831914,38.690696,-13.2365771,3.72801287
328,-8.30142274,-1.12431981,102.172387,0.129004616,2.28096998,2.41708751,-0.0236533536,0.148327843,10.913891,0,0,-47.9007314,25.4635207,-49.8566312,72.6431804,-13.8567958,-4.58489852,-16.4997529,-48.1725183,-26.6164259,41.3683589,72.0132731,9.57544283,-1.70948173,15.795212,-27.3655696,5.24560321,-2.41733095,35.1046042,-11.4212118,-4.57015044,-27.1319566,-7.59322717,-6.20617882,37.1099785,-12.6172411,3.77101489
329,-8.15597251,-1.12794004,102.544963,0.110757225,2.10966905,2.31737255,0.0857700005,0.164484749,10.7224015,0,0,-46.317777,25.5415009,-49.6206652,72.7057859,-13.7558738,-4.56602287,-16.8092714,-46.6472243,-26.4719469,41.2225754,72.147739,10.1642111,-1.88212202,15.9819443,-26.1414835,5.37433776,-1.93082426,33.5169165,-10.8111257,-4.60351335,-25.9535816,-7.45707076,-6.54870085,35.5482557,-11.9799187,3.82468993
330,-8.01846087,-1.13648642,102.891839,0.0995149377,2.00599253,2.22131929,0.220987075,0.168116195,10.4802739,0,0,-44.7599235,25.6459397,-49.3020027,72.6290829,-13.3440919,-4.59384137,-17.0605507,-45.1768314,-26.4143342,41.1456094,72.2319211,10.2126389,-1.93881963,16.1598314,-25.0207912,5.47434283,-1.48165874,31.9469702,-10.1913637,-4.66056379,-24.8756582,-7.31343018,-6.86442421,33.9954429,-11.3318729,3.83324901
331,-7.86665156,-1.15135247,103.21368,0.106063565,1.90880893,2.17258796,0.323828206,0.186899082,10.2330509,0,0,-43.1925898,25.6493667,-48.9415395,72.650721,-13.0285594,-4.61662689,-17.2399456,-43.8190376,-26.3367996,41.0080186,72.4770361,10.0678909,-2.02989145,16.4708509,-23.949809,5.52874614,-1.09943559,30.4481535,-9.56927944,-4.68892913,-23.8447402,-7.20755541,-7.20329679,32.5404077,-10.7553179,3.85676493
332,-7.72693977,-1.16976118,103.503442,0.112763838,1.78754479,2.09951332,0.455051375,0.141920459,10.0270174,0,0,-41.6359931,25.7039399,-48.4190027,72.60961,-12.4024837,-4.62886829,-17.6469685,-42.3659798,-26.257327,40.732219,72.5374559,9.84801263,-2.11216215,16.7840253,-22.8997101,5.59668518,-0.674407009,29.0338774,-8.98776653,-4.76431393,-22.8776981,-7.10001238,-7.49865466,31.2208835,-10.202712,3.88151668
333,-7.57742077,-1.16951577,103.774667,0.145041589,1.7215442,2.03286065,0.508908911,0.173289303,9.77220095,0,0,-39.8534196,25.6435132,-47.6524916,72.4135221,-12.2310392,-4.49140732,-17.3818513,-40.9834334,-26.2396795,40.3908735,72.6237964,9.38387481,-2.28666004,17.3763769,-21.9137911,5.60262403,-0.256617864,27.6288392,-8.39343164,-4.78072858,-21.9938904,-7.02698186,-7.73591494,29.9279492,-9.6602328,3.92350911
334,-7.4249357,-1.19130956,104.017174,0.164584878,1.62946144,1.97671024,0.58136169,0.118808419,9.55604424,0,0,-38.1366857,25.6535177,-47.1501858,72.2642962,-12.1044758,-4.51888859,-17.2824499,-39.4922118,-26.1552993,39.6235598,72.5941328,8.57454008,-2.26331701,17.4757801,-20.9231251,5.63424055,0.162404169,26.2684721,-7.87132003,-4.78929023,-21.0871658,-6.93281362,-8.01135513,28.6724306,-9.19058302,3.91764752
335,-7.24349096,-1.19417831,104.252136,0.169394645,1.58027783,1.93027425,0.529582506,0.250368428,9.23018787,0,0,-36.042635,25.399252,-45.5872199,72.0963418,-11.3326106,-4.63943972,-17.3804836,-37.9432069,-26.0877009,38.7392279,72.5281874,7.83258603,-2.22896393,17.4909397,-19.9856646,5.65819189,0.52887334,24.9387914,-7.34344971,-4.8552626,-20.2402291,-6.83783599,-8.28739552,27.465415,-8.71041133,3.95882076
336,-7.08606616,-1.20181423,104.447472,0.165947172,1.62954523,2.01235856,0.432603211,0.298955005,8.78137614,0,0,-34.0596228,25.1455737,-44.3530013,72.0568906,-10.8428152,-4.88841804,-17.4789202,-36.2723719,-25.9679711,38.0210198,72.4586219,7.90100403,-2.24557858,17.5059166,-19.3314315,5.63508877,0.686047946,23.7913469,-6.83200045,-4.87711536,-19.5924898,-6.77109651,-8.6416928,26.4142096,-8.27084597,3.95879984
337,-6.91949353,-1.20342392,104.627848,0.149161594,1.59381398,1.98834115,0.341322162,0.418986082,8.47210688,0,0,-32.0458747,24.9001923,-43.0928383,71.8592386,-10.6650518,-5.0497437,-17.326648,-34.7824003,-25.8083376,37.2926997,72.4991864,7.72407566,-2.10450465,17.3615161,-18.4755183,5.6717925,1.01459643,22.5478649,-6.4289019,-4.92767242,-18.8031829,-6.65440742,-8.92777527,25.2733084,-7.85976932,3.93501115
338,-6.77985698,-1.20463902,104.788387,0.101375625,1.56872966,1.91845443,0.361530637,0.533151547,8.20088007,0,0,-30.3022879,24.7793338,-42.2934739,71.7144796,-10.5876239,-5.27005956,-17.4426315,-33.2110913,-25.602013,36.4549394,72.5010374,7.76186283,-2.23275938,17.0539493,-17.7065124,5.75327837,1.39269894,21.4129572,-6.04342438,-4.95508538,-18.118576,-6.49098575,-9.09603356,24.2372473,-7.42554346,3.95552946
339,-6.61330968,-1.22033805,104.924989,0.123565308,1.5505787,1.97143541,0.311420874,0.502675029,7.85227405,0,0,-28.5534214,24.7774418,-41.9499086,71.4220929,-11.0775286,-5.22343156,-17.403042,-31.5839456,-25.3341347,35.5295546,72.5088443,7.75371783,-2.17382937,16.5793519,-16.9945471,5.72245073,1.62499933,20.3575427,-5.66266481,-5.01613874,-17.481975,-6.454253,-9.40283371,23.3598309,-7.14565128,3.9687177
340,-6.46433085,-1.24847228,105.05085,0.157717165,1.60007059,2.01171412,0.255595604,0.429122323,7.48543995,0,0,-26.7477055,24.6886494,-40.7919251,71.0681525,-10.9756752,-4.99574678,-17.6435141,-30.1142767,-24.9873335,34.6169662,72.7293501,7.57709853,-2.37549774,16.7998953,-16.4030084,5.67541079,1.83262172,19.3406334,-5.24231789,-5.02446773,-17.0007387,-6.41753945,-9.63761805,22.5690163,-6.85644143,3.98100905
341,-6.312868,-1.26580857,105.185604,0.131986362,1.58438719,2.02069756,0.158196653,0.422719821,7.14469548,0,0,-24.99171,24.7762004,-39.9936775,70.6551719,-10.9915016,-4.97935347,-17.9786186,-28.6606964,-24.6970864,34.186818,72.7840941,7.53343313,-2.38735389,16.6339251,-15.7243403,5.70535861,2.09411594,18.3202834,-4.85011776,-5.0442582,-16.3275109,-6.28829818,-9.87066752,21.5726078,-6.49494897,3.96751474
342,-6.18451424,-1.28352297,105.294323,0.116121678,1.51085914,2.05044689,0.137351596,0.390533408,6.94195881,0,0,-23.3005227,24.6069466,-38.8967935,70.4540911,-10.8464036,-5.10129455,-18.0162734,-27.3252287,-24.5062014,33.7473295,72.8045163,7.73735014,-2.15962236,16.6257152,-15.0552618,5.7244618,2.30433528,17.4154149,-4.52868564,-5.08460157,-15.702318,-6.20056654,-10.1520175,20.782389,-6.22101655,3.95526266
343,-6.05253428,-1.29198954,105.38559,0.0637477847,1.51110393,2.1487908,0.00646918632,0.434946767,6.67500044,0,0,-21.6487183,24.563966,-38.3410449,70.0591423,-11.3004848,-4.97681307,-18.0779517,-26.0103371,-24.399688,33.4692452,72.797652,7.83989006,-2.4770204,16.9392414,-14.5588317,5.76075572,2.38604975,16.6240538,-4.24106979,-5.09980044,-15.1321868,-6.07541784,-10.4205216,19.9622268,-5.95736997,3.95661674
344,-5.9391126,-1.31216003,105.46062,0.0174365038,1.53683164,2.26029735,-0.139518193,0.480120037,6.42083373,0,0,-20.0600846,24.3358701,-37.4036834,69.8480826,-11.3579122,-5.01340069,-18.0113489,-24.8043442,-24.3634043,33.2054598,72.7646417,7.61250282,-2.49721257,17.1811821,-14.1619208,5.79266977,2.41790105,15.9179454,-3.95164693,-5.11580187,-14.6067591,-5.94722842,-10.6965663,19.1554448,-5.72985893,3.9324558
345,-5.81035838,-1.32640861,105.53714,0.00687842324,1.49998287,2.28431392,-0.190616679,0.461259217,6.21491676,0,0,-18.5212515,24.2520193,-36.9266152,69.5818896,-11.9556357,-4.94260577,-18.0067709,-23.4808943,-24.318617,32.6859488,72.5616416,7.24820272,-2.53187365,17.5477634,-13.6403138,5.80184827,2.55301372,15.2059579,-3.70559833,-5.10731963,-14.0831756,-5.86255072,-10.8911695,18.4674518,-5.55152226,3.89200785
346,-5.69735542,-1.32738203,105.607057,-0.0607921525,1.45274024,2.31787506,-0.228930305,0.54956177,6.02643172,0,0,-17.0611603,23.9333363,-36.2112314,69.5066824,-11.8962446,-4.89031683,-18.1080012,-22.1894917,-24.3436804,32.13534,72.3865566,6.92341613,-2.47853947,17.7835808,-13.1795629,5.87292023,2.66074139,14.5929297,-3.49683189,-5.12797369,-13.538188,-5.71203982,-11.0722805,17.7456699,-5.32573627,3.83618044
347,-5.58860637,-1.323782,105.650508,-0.0576298902,1.50920904,2.38101089,-0.292367955,0.61541221,5.70791566,0,0,-15.7625757,23.6778155,-35.9310673,69.4599981,-12.1856987,-4.89744926,-18.2589466,-20.720026,-24.3432604,31.2674244,72.0820804,6.6788706,-2.51571961,18.0054971,-12.9005232,5.83798424,2.67959591,14.0585886,-3.29817541,-5.07315801,-13.3020086,-5.68548575,-11.2001587,17.3423011,-5.20682268,3.82207994
348,-5.48296385,-1.31725231,105.691493,-0.073081245,1.60499306,2.38774164,-0.271598097,0.65715203,5.39517496,0,0,-14.5441826,23.3761892,-35.5363268,69.4710971,-11.9537309,-4.93963379,-18.2797172,-19.36416,-24.3754288,30.816007,71.8360911,6.8142902,-2.58019254,17.987047,-12.7504862,5.83888668,2.70162476,13.6840151,-3.12852824,-5.04572114,-13.1351863,-5.62511968,-11.2155634,16.9426667,-5.0434548,3.81992972
349,-5.37998229,-1.31202219,105.743432,-0.113241219,1.56627592,2.44406723,-0.311168398,0.760291355,5.23597734,0,0,-13.3111038,22.9885623,-34.6889974,69.473194,-11.3824411,-4.97902648,-18.5017308,-18.0077323,-24.5721349,30.0256209,71.2926403,6.12727861,-2.05570253,18.4433105,-12.4403418,5.8745202,2.73192818,13.3030271,-2.9604027,-5.02576546,-12.7466032,-5.54412133,-11.3203248,16.4701201,-4.84432277,3.83568099
350,-5.28803393,-1.29866572,105.774927,-0.129393393,1.59419045,2.40500969,-0.240628045,0.856794084,5.01323676,0,0,-12.2097017,22.7115333,-34.1884572,69.4386469,-11.0981345,-4.98506607,-18.6516552,-16.6867839,-24.5508315,29.5823997,71.0746685,6.55713528,-2.02336713,18.4389119,-12.2192853,5.88951332,2.79185775,12.9567297,-2.83373855,-5.0168256,-12.5922657,-5.49712962,-11.3012959,16.211244,-4.70892793,3.80516925
351,-5.18760346,-1.29504558,105.809009,-0.135280507,1.62879304,2.47698438,-0.214648153,0.91637201,4.77503989,0,0,-11.0756649,22.4040826,-33.4889844,69.3249174,-10.555581,-4.91851484,-18.6915145,-15.3122681,-24.5360476,29.307628,70.8126146,6.76413142,-1.99234057,18.0111747,-12.0812267,5.87516864,2.80225031,12.7123737,-2.71487469,-4.98154383,-12.4050417,-5.47624504,-11.4206705,15.939831,-4.61217873,3.79695424
352,-5.1019311,-1.28419558,105.845022,-0.117488048,1.57610447,2.54318346,-0.174246157,0.993748768,4.64571367,0,0,-9.99259835,21.9671144,-32.681861,69.3261332,-10.0074292,-4.99927116,-18.7742246,-14.0098697,-24.5222677,29.0248616,70.5828675,7.08719852,-1.82049151,17.6345461,-11.7972214,5.838117,2.7729281,12.3982721,-2.57937612,-5.01245812,-12.1356487,-5.49713688,-11.5490798,15.6986878,-4.52697852,3.83058695
353,-5.0186187,-1.25666512,105.868244,-0.184015269,1.53028316,2.61119786,-0.172886229,1.15258098,4.52690125,0,0,-8.79529607,21.460883,-31.5067611,69.2239331,-9.33739623,-5.0036698,-18.6216041,-12.8837184,-24.4996153,28.9083898,70.5579988,7.52940247,-2.02615342,17.6445301,-11.6069725,5.89206226,2.83593019,12.2298063,-2.57575163,-4.98419949,-11.8843208,-5.42811611,-11.6804516,15.4876674,-4.43978603,3.86609539
354,-4.94240224,-1.26841599,105.896688,-0.184276097,1.44784635,2.71328019,-0.189501678,1.16231432,4.46423683,0,0,-7.59942386,20.8600141,-30.0322291,69.208934,-8.49654871,-5.06318337,-18.5385917,-11.7500265,-24.3941009,28.9174944,70.4482035,7.87284999,-2.03476885,17.4510906,-11.3341508,5.88717099,2.86413332,11.9788139,-2.48624627,-5.02986742,-11.5695003,-5.41598228,-11.8863392,15.2447483,-4.39542481,3.87864757
355,-4.86075953,-1.27147762,105.917513,-0.178805378,1.37637257,2.78732078,-0.153844408,1.1692032,4.37426531,0,0,-6.65080791,20.5890537,-29.6207614,69.176395,-8.66885817,-5.21600587,-18.3675398,-10.6237966,-24.2972385,28.6710578,70.3485715,7.84816398,-2.00756143,17.3132147,-11.0884928,5.87524164,2.90709393,11.7671413,-2.43411144,-5.06523456,-11.2831634,-5.41299279,-12.0329347,15.022815,-4.37408175,3.8789989
356,-4.78851236,-1.28659634,105.935013,-0.196424561,1.35822224,2.9611244,-0.212558048,1.12332717,4.25839969,0,0,-5.66583743,20.2980928,-29.1247121,69.095908,-8.91652253,-5.31464661,-18.2218587,-9.49498577,-24.0704763,28.3413679,70.1933009,7.71465256,-1.91667787,17.4330282,-10.9731104,5.87991818,2.82689107,11.6082241,-2.37685482,-5.10683084,-11.0692624,-5.39047323,-12.2752518,14.8437872,-4.35889653,3.88146759
357,-4.72266637,-1.27956551,105.955064,-0.249588005,1.30806099,3.11741531,-0.29959827,1.2098789,4.18492008,0,0,-4.69567651,19.9455116,-28.665959,68.9735247,-9.21187784,-5.31952336,-18.0329801,-8.53503683,-23.9577696,28.3311875,70.1684868,8.12456893,-1.95336025,17.747818,-10.8270024,5.92043743,2.74729354,11.4631791,-2.3286117,-5.13796327,-10.7732967,-5.32734606,-12.4977657,14.5778367,-4.2817235,3.89372692
358,-4.6519991,-1.26796961,105.978322,-0.265157212,1.22703706,3.23542236,-0.353078758,1.25525462,4.11247696,0,0,-3.74995784,19.5893975,-28.1957125,68.8802789,-9.37643417,-5.49956245,-17.9092017,-7.48756243,-23.8498321,28.0867334,70.0110851,7.70715814,-1.81476888,17.8101349,-10.5844624,5.91547487,2.7643846,11.2511401,-2.26830177,-5.16548381,-10.4652799,-5.31160888,-12.6833864,14.3484892,-4.23521119,3.90704494
359,-4.58433963,-1.25655429,106.001818,-0.293179924,1.17234995,3.34472812,-0.406564956,1.31270718,4.0472303,0,0,-2.92287444,19.2223055,-27.8759162,68.8700405,-9.5381611,-5.57418312,-17.915704,-6.65507251,-23.6877398,28.0805025,70.0856024,7.5910398,-1.92067502,18.0269285,-10.3912927,5.93108612,2.7554362,11.0559879,-2.19379273,-5.19180181,-10.1949905,-5.27622124,-12.833327,14.1156736,-4.16836712,3.92293196
360,-4.51859199,-1.24999192,106.025529,-0.321517947,1.09537422,3.48691465,-0.526050178,1.3830116,3.98233368,0,0,-2.07573547,18.92823,-27.6972555,68.7178161,-9.88649136,-5.4890811,-17.7939593,-5.70759208,-23.4715011,27.9195867,70.0346151,7.49095021,-1.86646808,18.040466,-10.1734899,5.94134763,2.71822639,10.8529939,-2.1078888,-5.20241934,-9.87400236,-5.2388917,-13.0510384,13.8522887,-4.10142657,3.90101986
361,-4.45441641,-1.24786068,106.045783,-0.333810632,1.10909814,3.58591984,-0.574470563,1.39161892,3.85569557,0,0,-1.37073732,18.703317,-27.5876258,68.6609479,-10.2798932,-5.67370154,-17.8671038,-4.83658544,-23.2124372,27.7116074,70.0240488,7.21723379,-1.92293432,18.214407,-10.0602719,5.93491956,2.69023713,10.648171,-2.01187534,-5.20340502,-9.70049165,-5.2132136,-13.1232736,13.6258569,-4.02670515,3.93302954
362,-4.39350158,-1.23823527,106.067502,-0.348683958,1.10085347,3.67687459,-0.65801178,1.47121389,3.74658074,0,0,-0.576444701,18.2663062,-27.0549633,68.6065864,-10.2234032,-5.68437414,-18.021782,-4.10242677,-23.085773,27.7431048,70.0469572,7.31719446,-1.96481298,18.6305567,-9.93448624,5.9332594,2.65411077,10.4684986,-1.92133435,-5.22922655,-9.49699982,-5.18507877,-13.2245918,13.3848417,-3.94864805,3.94161935
363,-4.33518887,-1.23524424,106.086135,-0.367721613,1.08128566,3.7990202,-0.756551826,1.52407262,3.65160611,0,0,0.108118239,17.9165902,-26.9104057,68.6128292,-9.95136705,-5.88934939,-17.7859731,-3.35354007,-22.8954891,27.9158762,69.9952868,7.3907445,-1.9278305,18.5651765,-9.7741706,5.93615625,2.59990873,10.2350837,-1.81814534,-5.23850536,-9.26484169,-5.14835711,-13.3961909,13.1352273,-3.89094148,3.91997022
364,-4.27573659,-1.2269727,106.106651,-0.393042179,1.07605459,3.91567378,-0.838682023,1.61071421,3.54393714,0,0,0.790337837,17.4374132,-26.5319757,68.737166,-10.29055,-6.05028829,-17.7578976,-2.64608124,-22.7516487,28.0016617,69.9398872,7.695791,-1.90828869,18.9071572,-9.62252162,5.93825184,2.5903343,9.99426406,-1.70959624,-5.2299672,-9.04372798,-5.10623961,-13.5222907,12.8686185,-3.81069018,3.94552537
365,-4.21738103,-1.22089675,106.122386,-0.382004087,1.02008419,4.00575871,-0.893374016,1.60218309,3.47017152,0,0,1.38184396,17.3169645,-26.5952045,68.5111619,-10.8893313,-5.73285952,-17.9963259,-1.89602935,-22.4942462,28.1200596,69.8862019,7.80544712,-2.10015083,18.9764358,-9.37238046,5.9033039,2.63507908,9.70615216,-1.618078,-5.22560954,-8.77423859,-5.10396985,-13.6880645,12.6123405,-3.76446645,3.92362266
366,-4.15597707,-1.21789044,106.138635,-0.381277377,0.959481353,4.07193022,-0.926825294,1.58690822,3.41036318,0,0,2.06256003,16.8348402,-25.4733271,68.4116187,-10.2813805,-5.24765526,-18.1995735,-1.14619272,-22.2441742,27.9215896,69.6995055,7.44036839,-1.80532999,19.2942326,-9.11000557,5.88641199,2.7123345,9.41628577,-1.52885439,-5.19507347,-8.53618601,-5.09467866,-13.7987819,12.4217901,-3.72234638,3.93318407
367,-4.09469642,-1.20747704,106.156647,-0.39101923,0.950383715,4.14468823,-1.00905928,1.71171702,3.30888856,0,0,2.70263713,16.3107581,-24.801158,68.2934086,-10.1291646,-5.15182728,-17.8867389,-0.490795356,-22.0876672,28.0908315,69.7533684,7.09828733,-2.2855068,19.0871856,-8.93159676,5.87512937,2.72949599,9.16126699,-1.4302859,-5.18322566,-8.33889429,-5.07122891,-13.8902808,12.1854886,-3.63807209,3.95516234
368,-4.03069444,-1.19732078,106.17218,-0.388127925,0.963872592,4.1804157,-0.998428729,1.7817653,3.17690262,0,0,3.24271662,15.8346444,-24.0079613,68.2923977,-9.85691578,-5.02560709,-18.3216051,0.205713892,-21.9166888,27.8452554,69.6419748,7.40494959,-2.20483971,19.4283365,-8.7451215,5.85078273,2.80930739,8.85503461,-1.3279479,-5.13561497,-8.18377984,-5.05573804,-13.9406022,11.9578282,-3.57343203,3.94631895
369,-3.97482105,-1.18804257,106.186342,-0.409386338,0.966390296,4.25256754,-1.0244304,1.86998328,3.0778461,0,0,3.78071632,15.3001992,-23.1017625,68.2629733,-9.23307277,-4.96252517,-18.2609479,0.892186043,-21.7285222,27.4227485,69.4663297,7.53784287,-2.110788,19.7612997,-8.58580563,5.85620377,2.82014242,8.59678686,-1.25069611,-5.13497122,-8.036439,-5.02144537,-14.0401019,11.7805165,-3.51219853,3.91923853
370,-3.91497537,-1.18297981,106.19911,-0.394379855,1.00127554,4.26494653,-0.966708583,1.90528319,2.94059131,0,0,4.2371753,14.847052,-22.462397,68.3026635,-9.4453892,-5.09218863,-18.7494037,1.66531421,-21.3559064,26.4412964,69.4040452,7.57578799,-2.2280743,20.0491563,-8.44789215,5.82582052,2.87564603,8.33560299,-1.14980771,-5.12931839,-7.96325437,-5.02499877,-14.0410069,11.640402,-3.47096148,3.91442026
371,-3.86242084,-1.17907664,106.212282,-0.415388444,1.02750141,4.34940031,-0.979993088,1.89810146,2.80983033,0,0,4.57119546,14.737395,-22.4880256,68.2627752,-9.73459734,-5.03946554,-18.6381519,2.39640346,-21.0421002,25.7593123,69.1411649,7.9506928,-1.91471504,20.4499262,-8.34252112,5.83217431,2.81763766,8.10669347,-1.06329738,-5.10072722,-7.83570571,-4.98872193,-14.1112733,11.4430223,-3.39786863,3.91147602
372,-3.81819867,-1.18280081,106.222427,-0.433180005,1.06570506,4.39965966,-0.902920166,1.81977029,2.68800024,0,0,4.87849122,14.7425552,-22.621257,68.1197237,-10.407009,-4.799521,-18.8087342,3.04673053,-20.6330316,25.1430875,69.0948289,8.35270408,-2.02358015,20.6766065,-8.26709363,5.84761096,2.78862835,7.90308297,-0.974205783,-5.12534834,-7.72875093,-4.94244014,-14.1573651,11.2301509,-3.32547162,3.8982357
373,-3.77617925,-1.1848188,106.232226,-0.423093856,1.10066435,4.45332826,-0.91185416,1.80634726,2.58079722,0,0,5.25547454,14.4055605,-21.8277717,68.0411219,-10.2086406,-4.73043107,-18.8974105,3.60143196,-20.2127222,24.448015,69.153186,8.50943643,-2.09553128,20.6298846,-8.20500038,5.82533601,2.78496353,7.7375337,-0.895666612,-5.10247788,-7.63566911,-4.93317499,-14.2206528,11.0505443,-3.2830284,3.85092042
374,-3.73326018,-1.18791955,106.240797,-0.425926506,1.14053115,4.47664513,-0.859679572,1.74048759,2.46796741,0,0,5.48086694,14.4108829,-21.627391,68.0028728,-10.3233272,-4.74383361,-19.4492437,4.19270906,-19.7839639,23.9383002,69.0786481,8.98151264,-2.02790643,20.6913256,-8.16527771,5.82322761,2.79723781,7.61455273,-0.839738088,-5.09839385,-7.59157853,-4.91409657,-14.2345736,10.9342987,-3.2442771,3.85252082
375,-3.69277373,-1.18694408,106.250536,-0.43047706,1.19624839,4.49301899,-0.817719372,1.70886146,2.32578528,0,0,5.78682826,14.1821775,-21.2272598,67.9051124,-10.7300163,-4.69626732,-19.5280316,4.68264024,-19.4108102,23.3467921,69.1366433,9.24372531,-2.1288991,20.9937117,-8.13000661,5.8229352,2.8078436,7.45671559,-0.758787486,-5.10358906,-7.52773163,-4.88112169,-14.2685478,10.7379854,-3.1712293,3.81401563
376,-3.65388393,-1.18522849,106.262648,-0.453701171,1.25427908,4.51925156,-0.807207711,1.69526085,2.19580849,0,0,6.01008494,14.0382603,-20.9018713,67.8409837,-10.828021,-4.50848493,-19.58797,5.09317175,-19.0555089,23.1327647,69.1686769,9.9053478,-2.10736949,21.1079346,-8.10310762,5.84383814,2.78976281,7.30041952,-0.683764582,-5.10898705,-7.44958146,-4.82406955,-14.2989233,10.5091305,-3.07199113,3.81897605
377,-3.61820385,-1.18680438,106.275964,-0.475878003,1.29148332,4.55490065,-0.795977759,1.70084442,2.08988143,0,0,6.2327124,13.7011315,-20.3118932,67.8752576,-10.8187012,-4.48261516,-19.7795192,5.48182957,-18.6529717,22.8184411,69.2286049,10.3764311,-2.15552403,21.0419772,-8.08360487,5.86518717,2.78229698,7.20210919,-0.62369771,-5.12364762,-7.33641376,-4.76526717,-14.352951,10.2674708,-2.96081934,3.81590076
378,-3.58710773,-1.18418867,106.283617,-0.493623034,1.33746155,4.59244424,-0.807790198,1.74136249,1.96466059,0,0,6.48953946,13.3375819,-19.7163485,67.8276853,-10.7369916,-4.56410785,-19.8928867,5.74412975,-18.3847109,22.7980957,69.3526958,11.0621932,-2.09794127,21.2675323,-8.07882117,5.88293585,2.7367727,7.10135238,-0.574131935,-5.15434591,-7.24378018,-4.71180728,-14.4373431,10.0374018,-2.88344931,3.78509362
379,-3.56030501,-1.17489332,106.299675,-0.505047139,1.38395554,4.61673176,-0.780701935,1.75320711,1.84274214,0,0,6.57668072,13.2309251,-19.7823367,67.874841,-11.0143861,-4.62611701,-20.0532578,5.98859887,-18.1300849,22.8053511,69.4524029,11.4346118,-2.10587624,21.3712145,-8.06684444,5.88414821,2.726273,6.98997931,-0.508349582,-5.126737,-7.15025098,-4.66983833,-14.4952802,9.79262748,-2.76820694,3.76659277
380,-3.53591628,-1.16805322,106.307387,-0.509279707,1.42990017,4.63665083,-0.769553252,1.78874341,1.73786309,0,0,6.69566646,12.9470513,-19.5451139,67.8159306,-11.3164179,-4.52276173,-19.9237523,6.16821449,-17.9631977,22.8056431,69.5349116,12.0164611,-2.04064601,21.6107663,-8.05882323,5.87988147,2.71368581,6.89078789,-0.453051517,-5.1571497,-7.09057135,-4.64293165,-14.5446505,9.60823286,-2.68368613,3.77702332
381,-3.51051427,-1.16184652,106.313598,-0.534447232,1.47364519,4.64005827,-0.725230286,1.81655818,1.63507418,0,0,6.73454817,12.8602379,-19.4267382,67.8002553,-11.3904538,-4.46382872,-20.2685676,6.42990337,-17.7005582,22.6452617,69.5080894,11.969822,-1.84094558,21.675508,-8.04122952,5.90655293,2.70197225,6.78274753,-0.416129702,-5.17025385,-7.0484214,-4.59373038,-14.5819058,9.4590308,-2.60036465,3.80412338
382,-3.48602645,-1.16907395,106.319356,-0.510365464,1.51986681,4.62774328,-0.666779822,1.76928729,1.52411829,0,0,6.79501626,12.5818471,-18.9138269,67.9154396,-11.0079726,-4.54920097,-20.38764,6.59174172,-17.430501,22.8737127,69.5953519,12.7489972,-1.91776259,21.8118454,-8.03861527,5.87976408,2.72694022,6.70511944,-0.364312445,-5.13990347,-6.98099975,-4.58282855,-14.5886079,9.2414611,-2.54125512,3.77108703
383,-3.46554369,-1.14663271,106.331229,-0.535543041,1.55173229,4.60106717,-0.621065099,1.83952789,1.42688778,0,0,6.86090282,12.4332734,-18.9257712,67.8944026,-11.203666,-4.60862318,-20.4851409,6.71799179,-17.2493764,23.0884026,69.6721643,13.5677337,-1.97511483,22.0411946,-8.00896968,5.89908967,2.75231395,6.61181692,-0.330468458,-5.13362696,-6.96358063,-4.54805776,-14.5846105,9.14522288,-2.45061339,3.80889341
384,-3.45133655,-1.14285927,106.3308,-0.528105463,1.58167827,4.56916596,-0.548051604,1.81804695,1.3522528,0,0,6.84418764,12.2130792,-18.6760287,68.0660043,-11.0407199,-4.7554317,-20.6034296,6.88322175,-16.9744852,23.0436751,69.7153789,14.2698754,-2.02861762,22.4234837,-7.98854571,5.88850416,2.79191496,6.54003718,-0.317468287,-5.13457166,-6.93767756,-4.53571006,-14.5893746,9.02787254,-2.4168714,3.76791057
385,-3.44160758,-1.13412682,106.333256,-0.527333252,1.6042534,4.52162976,-0.484127757,1.82108446,1.29565668,0,0,6.84039731,11.8531137,-18.1112557,68.2830472,-10.7586058,-4.96036256,-20.8502282,7.01461879,-16.7562009,23.068619,69.682833,14.4372355,-1.97270655,22.1768507,-7.97100322,5.88096491,2.85755734,6.49016784,-0.304126499,-5.127064,-6.91766383,-4.52421443,-14.5464178,8.92384193,-2.3598707,3.77565429
386,-3.43353041,-1.1253912,106.339025,-0.524870142,1.61807251,4.46533392,-0.39166223,1.8065908,1.25012035,0,0,6.78321412,11.7768862,-18.2940265,68.3416161,-10.9666525,-4.83100048,-20.697973,7.1135195,-16.516509,23.134293,69.7256993,14.7674034,-1.92426279,22.3340885,-7.95027189,5.87666104,2.91471194,6.45814023,-0.302374582,-5.09816163,-6.9063445,-4.51526261,-14.5148555,8.85319387,-2.30615681,3.77618107
387,-3.42652388,-1.1107319,106.34402,-0.531550274,1.62907412,4.40504976,-0.326335846,1.82945422,1.19974834,0,0,6.69338432,11.5644853,-18.4082648,68.5133134,-11.2877439,-4.80412241,-20.4254143,7.16070117,-16.2656806,23.3669224,69.8106395,15.5011143,-2.01196946,22.5767105,-7.9215979,5.88160353,2.9731632,6.41290389,-0.290139259,-5.08809094,-6.91085498,-4.50352493,-14.4920358,8.81431558,-2.27011262,3.76303211
388,-3.42478938,-1.10723926,106.345546,-0.510171504,1.63795288,4.33901462,-0.276585629,1.80961508,1.1584559,0,0,6.57516271,11.4707332,-18.475771,68.7032883,-11.4353042,-4.85821495,-20.5895591,7.14312752,-16.0590127,23.6397389,69.8896375,16.146738,-1.99439453,22.8336178,-7.90308382,5.8564663,3.0497911,6.39567089,-0.267920787,-5.09146548,-6.91194696,-4.51830802,-14.4244631,8.76590918,-2.25760697,3.79276733
389,-3.42454165,-1.10386899,106.344545,-0.503116498,1.64114002,4.27812111,-0.215031284,1.78065828,1.12671334,0,0,6.45858931,11.5107547,-18.7087504,68.7903254,-11.5506447,-4.82965494,-20.6699727,7.10461678,-15.9052908,23.880206,69.9525777,15.975459,-1.98030876,22.9504823,-7.88720449,5.85194045,3.106741,6.38815982,-0.275495173,-5.08329871,-6.9142577,-4.51836736,-14.3804527,8.73421881,-2.24103651,3.75629925
390,-3.42691913,-1.10192616,106.343436,-0.488614677,1.63667258,4.22688989,-0.190984002,1.73617069,1.11383779,0,0,6.30966643,11.6401134,-19.2661878,68.8133636,-11.9572937,-4.75070478,-20.4506041,7.05983038,-15.6055855,24.2240701,70.02939,16.7696393,-2.07913434,23.1080224,-7.87263484,5.83760687,3.15614525,6.39680854,-0.288714364,-5.06353342,-6.91995066,-4.53225783,-14.348286,8.72728702,-2.24282132,3.77064478
391,-3.43793891,-1.09877642,106.34129,-0.488693941,1.62005288,4.23260269,-0.255046254,1.74386426,1.11309,0,0,6.19823317,11.5758533,-19.4615773,68.8782709,-11.9772678,-4.68743503,-20.3244795,7.00655533,-15.5558651,24.3712539,69.9451191,16.2890484,-1.86978563,23.2522247,-7.8767432,5.83570167,3.13265089,6.42641955,-0.294571225,-5.04024333,-6.91799595,-4.53624282,-14.3886951,8.75643314,-2.25586485,3.75354881
392,-3.44135575,-1.09451888,106.340945,-0.476516092,1.61213065,4.1805846,-0.234764274,1.73278644,1.1008551,0,0,6.06738169,11.5056756,-19.4794434,69.0445313,-11.5350984,-4.73690054,-20.4890888,6.86545472,-15.3790179,24.7004366,70.0865723,16.8735298,-2.07989996,23.4161356,-7.86696578,5.82638188,3.16233148,6.44566062,-0.297515596,-5.01093371,-6.93003971,-4.55079283,-14.3475124,8.76723338,-2.25309243,3.744308
393,-3.44736837,-1.08514037,106.335533,-0.468349921,1.58957142,4.1521188,-0.275460382,1.74345306,1.1070171,0,0,5.92834209,11.4061342,-19.3869455,69.1945906,-11.2110477,-4.70299975,-20.4398209,6.702553,-15.3173515,25.065657,70.1526544,16.7305603,-2.17398795,23.1543549,-7.86060944,5.81349417,3.19000762,6.49568706,-0.33040784,-5.02077131,-6.94890682,-4.57348656,-14.342622,8.83461661,-2.26934721,3.77470234
394,-3.45231928,-1.07879639,106.333268,-0.469647762,1.56627989,4.1152529,-0.303182279,1.73504307,1.10610197,0,0,5.80195414,11.3611949,-19.9132014,69.2939084,-11.6085938,-4.58984401,-19.801842,6.61376225,-15.2839331,25.2379298,70.1062433,16.4145121,-2.0218361,23.3427213,-7.84812471,5.81620959,3.21071462,6.53894862,-0.360138826,-4.9851062,-6.96900679,-4.58448017,-14.3252563,8.90328904,-2.27463677,3.7886197
395,-3.46130356,-1.07499426,106.327105,-0.452474731,1.53932397,4.08217782,-0.337946394,1.71606817,1.11448367,0,0,5.65270511,11.4288872,-20.3356759,69.3980688,-11.7920288,-4.67803285,-19.6583585,6.51423913,-15.1579793,25.324832,70.0546002,16.6028085,-1.94009197,23.5057204,-7.84817935,5.79648529,3.2330423,6.61215673,-0.395968771,-4.96508734,-6.9907063,-4.61719507,-14.2978373,8.98407737,-2.31036677,3.77959873
396,-3.47210616,-1.06431972,106.33204,-0.461416022,1.50875596,4.05007123,-0.365206453,1.71344207,1.12620577,0,0,5.54981386,11.473193,-20.6090303,69.4487351,-11.786767,-4.56273456,-19.8487842,6.38534706,-15.0241161,25.4214262,70.1150952,16.5174209,-1.74875649,23.3864823,-7.83981322,5.80713654,3.25073163,6.66818135,-0.421292018,-4.95030724,-7.01211894,-4.62291194,-14.2797826,9.06541639,-2.30551861,3.7871828
397,-3.48676071,-1.05623994,106.330121,-0.46343805,1.4717856,4.01789113,-0.377040503,1.67916284,1.15796999,0,0,5.35635473,11.6309848,-21.3010856,69.5787273,-12.3612832,-4.60867398,-19.8961959,6.26428025,-14.9061587,25.403123,70.1413231,16.2757022,-1.54702259,23.0570077,-7.83216938,5.81151683,3.27267532,6.73683201,-0.455616093,-4.96818611,-7.03552728,-4.63686089,-14.2590897,9.16470514,-2.33045435,3.78410153
398,-3.49720605,-1.05196051,106.328666,-0.464260723,1.44582143,3.99708317,-0.402877934,1.63908553,1.16912935,0,0,5.27486033,11.6608994,-21.4677524,69.6066354,-12.3277982,-4.47921244,-19.8636501,6.11884546,-14.8547974,25.4784737,70.1959373,16.3883286,-1.38972237,22.9789045,-7.83290875,5.81480556,3.27374638,6.79425,-0.478240828,-4.96359068,-7.05634314,-4.64768461,-14.2420364,9.24175821,-2.34582911,3.75548987
399,-3.50503698,-1.04915965,106.323493,-0.461630458,1.4294325,3.98059507,-0.452879962,1.62561512,1.15998469,0,0,5.11651008,11.7589809,-22.1069489,69.7214167,-12.8621,-4.4421211,-19.775918,5.99774407,-14.7843065,25.5822003,70.26497,16.4688497,-1.30654998,22.8006246,-7.8432821,5.8142711,3.28169736,6.85289827,-0.518892886,-4.94612674,-7.05376431,-4.65545993,-14.1984624,9.25895065,-2.36407788,3.73217459
400,-3.51181142,-1.03675993,106.323791,-0.476823413,1.40543865,3.95440037,-0.491122991,1.65591149,1.16399411,0,0,5.07217745,11.6910845,-22.1077309,69.7585183,-12.7055384,-4.44768813,-19.7851217,5.8593892,-14.7845319,25.6931004,70.3361065,16.6446331,-1.28207688,22.7308474,-7.84462509,5.83161381,3.28383628,6.91353455,-0.56140377,-4.939183,-7.07081076,-4.65286659,-14.1686426,9.32610336,-2.36982357,3.74786695
401,-3.51741873,-1.03532067,106.319606,-0.462510999,1.3911416,3.93569331,-0.534044647,1.64976869,1.14708577,0,0,4.97445196,11.6434807,-22.3015205,69.9067471,-12.7994048,-4.58656978,-19.8117816,5.7289693,-14.7850066,25.7614023,70.3984456,16.6746945,-1.16289915,22.7697214,-7.85757256,5.81626167,3.30808345,6.97637187,-0.597767964,-4.93860158,-7.06446423,-4.67102465,-14.1272209,9.33312224,-2.40288125,3.71861581
402,-3.5202615,-1.02925366,106.319261,-0.461078793,1.37695715,3.91395483,-0.571874717,1.65485484,1.13039044,0,0,4.95246729,11.6691451,-22.5371671,69.835959,-12.9813372,-4.45280309,-19.7828899,5.58601088,-14.7931242,25.917928,70.5150096,16.563219,-1.14983652,22.6852285,-7.86170568,5.81405809,3.33022714,7.02653918,-0.634227834,-4.9408645,-7.06533593,-4.67792442,-14.1026561,9.35609472,-2.41795079,3.69069314
403,-3.52316983,-1.01977624,106.318653,-0.459964158,1.35941863,3.89172814,-0.6300516,1.66351851,1.11869278,0,0,4.87866923,11.6589579,-22.7248283,69.8708408,-13.0455443,-4.48288367,-19.7402866,5.43536294,-14.854625,26.1076502,70.5751562,16.3065063,-1.13532525,22.5956045,-7.8674789,5.81329524,3.35419534,7.08696373,-0.674588222,-4.92146463,-7.07110147,-4.68848005,-14.0630129,9.39778791,-2.43705056,3.71113547
404,-3.52596492,-1.01921987,106.317866,-0.44630574,1.34700232,3.88266679,-0.680275582,1.64518852,1.10497915,0,0,4.76072253,11.7023142,-23.0765932,69.9687242,-13.2513499,-4.53489343,-19.6339252,5.28914823,-14.888764,26.3924845,70.6380076,16.4653065,-1.16026387,22.6148656,-7.88567367,5.79779284,3.35210146,7.15523617,-0.703847952,-4.90943411,-7.06130783,-4.70463601,-14.0591017,9.39982757,-2.4544494,3.70545276
405,-3.52908969,-1.01224212,106.31541,-0.453068751,1.33258629,3.85908877,-0.702105347,1.64335344,1.10473283,0,0,4.69844743,11.7297981,-23.2521445,69.9370117,-13.328642,-4.44110938,-19.5981316,5.17693334,-14.9411618,26.6072768,70.6732787,16.5403447,-1.16399198,22.6832939,-7.88970263,5.80858753,3.36245602,7.20730611,-0.742302878,-4.93640226,-7.06956681,-4.70448404,-14.030724,9.43776073,-2.47488276,3.72145162
406,-3.53629068,-1.00398948,106.316268,-0.439921275,1.31502043,3.82725118,-0.726533839,1.62559313,1.1105116,0,0,4.64767607,11.691321,-23.2675363,69.9573793,-13.1151559,-4.45629374,-19.5035369,5.04754651,-15.0081659,26.8462173,70.7200382,16.7516212,-1.21449344,22.7895733,-7.89832489,5.79109029,3.40639911,7.26894515,-0.76995714,-4.89940782,-7.07798203,-4.72459339,-14.005174,9.47070274,-2.48899436,3.70843584
407,-3.54375876,-0.997331738,106.310558,-0.43482559,1.29540015,3.79569782,-0.745405598,1.60602774,1.11532603,0,0,4.53129136,11.7896869,-23.5623939,70.0284337,-13.1579898,-4.47246166,-19.6407776,4.9620176,-15.0968542,26.9951564,70.7170739,16.7233084,-1.22815574,22.9354662,-7.90582529,5.78782077,3.43170262,7.33815205,-0.816832195,-4.90443014,-7.09026143,-4.73840233,-13.9672707,9.52063142,-2.52649935,3.71186545
408,-3.54658887,-0.980699435,106.308901,-0.429935711,1.28166999,3.75289829,-0.805172155,1.64066352,1.10468033,0,0,4.50900573,11.7898277,-23.6143887,69.9988795,-13.1175806,-4.38644311,-19.782895,4.88632032,-15.2448251,27.1370536,70.7002307,16.5861479,-1.19125425,23.0997339,-7.90066252,5.77899275,3.46018152,7.38086293,-0.839322674,-4.89948081,-7.1070479,-4.75596787,-13.927688,9.56268404,-2.53025681,3.74792885
409,-3.54801677,-0.978622492,106.307662,-0.419776117,1.26386774,3.71864381,-0.80038766,1.59214484,1.09682454,0,0,4.46244988,11.851699,-23.7731223,70.0065088,-13.0844303,-4.30082754,-19.7455151,4.86154039,-15.3047481,27.2490858,70.6575761,16.4891934,-1.21364212,23.2219277,-7.90520289,5.77149363,3.49261787,7.4473514,-0.869613869,-4.88882529,-7.11250309,-4.7708167,-13.893211,9.59737884,-2.54354388,3.72436726
410,-3.54677066,-0.970782246,106.30343,-0.411037516,1.25459646,3.66899215,-0.802413719,1.57655824,1.08177155,0,0,4.44362844,11.8183173,-23.6670836,70.0361792,-12.8490091,-4.29201532,-19.7951569,4.85311066,-15.4180353,27.2507285,70.5643577,16.2737778,-1.12781354,23.3596892,-7.89394503,5.76535457,3.53847384,7.47249248,-0.903040868,-4.91761027,-7.1348489,-4.78522328,-13.8549397,9.64346127,-2.57704318,3.72439287
411,-3.54554802,-0.958548114,106.303465,-0.410776481,1.24648865,3.60981696,-0.800459164,1.57875981,1.06465125,0,0,4.42264055,11.7849885,-23.6225644,70.0832324,-12.7399378,-4.3156546,-19.8608855,4.86942115,-15.4639376,27.2788945,70.4909878,16.3069366,-1.17684159,23.3175726,-7.8822987,5.76588092,3.5960899,7.50092826,-0.925688174,-4.91496912,-7.16520483,-4.794561,-13.7766034,9.69578821,-2.58499352,3.74794891
412,-3.53909321,-0.955787394,106.295669,-0.385883229,1.2709862,3.55427329,-0.784418518,1.53163929,1.00947869,0,0,4.38970452,11.8036896,-23.6693734,70.1077801,-12.7858495,-4.33176446,-19.8866302,4.8823682,-15.4822801,27.3647516,70.4401097,16.4992611,-1.18006832,23.2866677,-7.90544963,5.74043505,3.64190596,7.52649451,-0.965528348,-4.91160739,-7.26337087,-4.83250739,-13.7243721,9.80593781,-2.64649809,3.75905736
413,-3.53183597,-0.955200475,106.294262,-0.374950312,1.27250602,3.50133389,-0.782928256,1.50595373,0.97977847,0,0,4.3908251,11.83493,-23.6712927,70.0762656,-12.6529493,-4.36117098,-19.9407919,4.90296677,-15.5256432,27.3518699,70.3758445,16.5391579,-1.1467592,23.4234986,-7.89884996,5.73514635,3.68973052,7.54324726,-0.982597311,-4.9059823,-7.27894626,-4.84114417,-13.6732789,9.81883833,-2.65779864,3.73863083
414,-3.52769159,-0.954176113,106.28792,-0.353908963,1.29205319,3.45343588,-0.780579685,1.45410245,0.932477169,0,0,4.37997919,11.8987658,-23.8065885,70.046042,-12.6851417,-4.34888817,-19.9229378,4.90527239,-15.5646436,27.4074625,70.3347746,16.624175,-1.15262164,23.5975181,-7.92172939,5.71395739,3.71806854,7.57242924,-0.995961963,-4.91379988,-7.34627741,-4.86906086,-13.6195355,9.88294222,-2.68810782,3.74227175
415,-3.53033915,-0.94633298,106.286287,-0.353942149,1.2569787,3.40650286,-0.768487155,1.41722925,0.946781293,0,0,4.39368396,11.9768187,-23.8718629,69.9726516,-12.5939783,-4.25137697,-20.0081803,4.90472128,-15.5871781,27.3949291,70.3050837,16.5160616,-1.15768601,23.7698677,-7.8907263,5.71778785,3.7597946,7.61855692,-1.03315117,-4.90450741,-7.35356095,-4.8781655,-13.6065564,9.96005762,-2.72619381,3.73966987
416,-3.54589745,-0.942831114,106.279325,-0.343050302,1.21985202,3.31834937,-0.707011504,1.37376353,0.975522302,0,0,4.38644353,12.0715517,-24.106818,69.9159132,-12.7418562,-4.23359628,-20.0031959,4.88806245,-15.6203011,27.4536483,70.2679821,16.5326146,-1.12740991,23.83436,-7.86684199,5.71621477,3.85667656,7.68515212,-1.09180659,-4.90800916,-7.34577112,-4.88667592,-13.5211714,9.97652179,-2.74894175,3.72393653
417,-3.54624242,-0.940618385,106.278026,-0.340678288,1.21847571,3.291012,-0.716822164,1.32898256,0.96503508,0,0,4.41794351,12.1250457,-24.2009448,69.8665992,-12.9003661,-4.22534584,-20.0294853,4.87930444,-15.6368268,27.5340891,70.2547794,16.5568276,-1.1364533,23.8413439,-7.8834863,5.71540369,3.86664864,7.73603532,-1.11628802,-4.89830645,-7.3908905,-4.8976516,-13.4957085,10.0543697,-2.77684734,3.73535276
418,-3.54838893,-0.939861033,106.269896,-0.349965483,1.2057864,3.26190619,-0.721251168,1.30665926,0.967514225,0,0,4.45694091,12.156176,-24.1966777,69.8341558,-12.9222927,-4.23942969,-20.0915718,4.8681883,-15.6776047,27.5721435,70.2524366,16.3897219,-1.12761631,23.8298811,-7.88331896,5.73251502,3.86334069,7.77947618,-1.16429923,-4.87690405,-7.42055316,-4.8924137,-13.4872894,10.1290595,-2.82484052,3.72807007
419,-3.55128497,-0.945448224,106.265986,-0.336545981,1.19043303,3.2189154,-0.708075626,1.24211142,0.971520451,0,0,4.50171493,12.1558678,-24.0565,69.8364713,-12.7992341,-4.26529263,-20.1399193,4.85520838,-15.7004073,27.5493665,70.2712675,16.4422256,-1.22066932,24.0020531,-7.88633108,5.72414974,3.90081282,7.83954257,-1.1987061,-4.85987468,-7.42254074,-4.90653981,-13.4269378,10.1458405,-2.85397363,3.69723732
420,-3.55475247,-0.938688498,106.264913,-0.352397594,1.17265337,3.18464657,-0.693248459,1.22529987,0.979811234,0,0,4.52459009,12.1792706,-24.0547737,69.8299689,-12.7889034,-4.29983716,-20.1952933,4.85077474,-15.7214255,27.5495988,70.2896543,16.3790737,-1.23845139,24.0097064,-7.87558975,5.74663387,3.92986545,7.87024513,-1.23926846,-4.8425149,-7.44285287,-4.89597607,-13.3922994,10.2078125,-2.86567993,3.71276832
421,-3.55703086,-0.945450459,106.260955,-0.33999895,1.15840804,3.16142696,-0.687371028,1.15045166,0.992371311,0,0,4.53476536,12.2480284,-24.0894078,69.8261577,-12.8417657,-4.30238867,-20.2241082,4.87052124,-15.6819589,27.5094065,70.2927347,16.3231498,-1.22893929,23.9447291,-7.8927617,5.74112447,3.93255399,7.94518938,-1.28032483,-4.81330859,-7.45452908,-4.91003644,-13.3771885,10.2501528,-2.90298771,3.68633378
422,-3.56017388,-0.94865486,106.257403,-0.326904591,1.14081584,3.13884328,-0.704284764,1.11467524,1.00724277,0,0,4.55126411,12.3370881,-24.2555146,69.7770145,-12.996151,-4.31503433,-20.2447217,4.90267179,-15.6465393,27.4157014,70.300248,16.3072218,-1.22749791,23.9196691,-7.905103,5.73352204,3.93799423,8.02128878,-1.30862326,-4.81363601,-7.46519015,-4.92896076,-13.3607217,10.2983876,-2.93202775,3.67632243
423,-3.56043205,-0.9495412,106.252766,-0.33183632,1.11915876,3.12862487,-0.711763235,1.07063226,1.01310019,0,0,4.56603183,12.4264867,-24.4184847,69.7650753,-13.1800308,-4.33492598,-20.1253044,4.96000739,-15.5916758,27.300319,70.2971402,16.3264915,-1.20759772,23.9358806,-7.90741416,5.74429709,3.94097646,8.08126382,-1.35605434,-4.80950033,-7.47326685,-4.92712686,-13.3658461,10.3602478,-2.97726793,3.6403824
424,-3.56009975,-0.941675622,106.248665,-0.34872219,1.10113846,3.10996839,-0.716543513,1.07567305,1.02289692,0,0,4.61073329,12.4512146,-24.4072968,69.7068411,-13.1301098,-4.32102697,-20.1342536,4.97981451,-15.5867786,27.2739631,70.3066957,16.2919768,-1.17614993,23.9165204,-7.91515874,5.76689904,3.95961306,8.14545906,-1.42397619,-4.79692595,-7.48697675,-4.91853491,-13.3298271,10.4269335,-3.00720871,3.63636112
425,-3.56114283,-0.939645991,106.246316,-0.344381338,1.08663731,3.10269689,-0.751991288,1.07322239,1.02660486,0,0,4.65507914,12.4892118,-24.4401107,69.6542282,-13.1634718,-4.27819955,-20.1005603,4.99501552,-15.5920036,27.2515276,70.3206839,16.2461428,-1.13335976,23.9069684,-7.94296017,5.76500281,3.95467782,8.23652683,-1.46916473,-4.79042575,-7.48725081,-4.92611087,-13.3380412,10.4567763,-3.03572987,3.63840805
426,-3.55952457,-0.941851549,106.241012,-0.337593715,1.06815981,3.09285342,-0.779689839,1.04700215,1.03738759,0,0,4.68323019,12.5439344,-24.4839896,69.6135885,-13.1959596,-4.24661505,-20.0759904,5.01098963,-15.568933,27.2221766,70.3441866,16.1951247,-1.12189528,23.9035635,-7.95231497,5.76187886,3.96530261,8.30585239,-1.51339276,-4.80770783,-7.49143344,-4.93920861,-13.3215941,10.5086746,-3.07936603,3.64021378
427,-3.56058218,-0.937185995,106.239367,-0.34558408,1.05680689,3.07264477,-0.796831586,1.03960826,1.04174888,0,0,4.6945713,12.5631665,-24.4045408,69.6369819,-13.0827919,-4.24500355,-20.1125251,4.99780309,-15.5620652,27.2716681,70.3848945,16.1871556,-1.12921052,23.9018713,-7.95980001,5.77417704,3.99058583,8.35605685,-1.5442761,-4.82112062,-7.5015148,-4.93525606,-13.2994968,10.5450906,-3.09063797,3.66042217
428,-3.56048755,-0.936163776,106.23728,-0.34595592,1.04350851,3.0544486,-0.790579029,1.02674765,1.05412828,0,0,4.71244804,12.5657142,-24.3367512,69.6413601,-12.9684204,-4.18216837,-20.1080274,4.98767649,-15.5378505,27.3029418,70.4191069,16.2350796,-1.13433562,23.9076531,-7.96582936,5.7798858,3.99973615,8.40814814,-1.58186584,-4.80785938,-7.51299635,-4.93857298,-13.2878129,10.5936319,-3.11599783,3.66181041
429,-3.56418118,-0.936442893,106.231809,-0.336978177,1.03206247,3.03406477,-0.793131225,1.01502673,1.06833166,0,0,4.72141394,12.5467817,-24.2660639,69.6576433,-12.9824693,-4.0928867,-20.0508843,4.96493494,-15.5555578,27.3431016,70.4262035,16.3011071,-1.11401933,23.9848974,-7.98253856,5.773824,4.02005084,8.47378796,-1.62255615,-4.83603177,-7.5194432,-4.9493032,-13.2748381,10.620653,-3.15476107,3.64079776
430,-3.56151089,-0.930164196,106.233621,-0.341351817,1.01930421,3.02077635,-0.786645213,0.99978292,1.07332848,0,0,4.72667831,12.4862347,-24.0441749,69.7488536,-12.8556822,-4.05271878,-20.0991977,4.97864996,-15.554494,27.3357267,70.4145375,16.3469308,-1.10250683,24.0448699,-7.99290252,5.782693,4.03492657,8.52904505,-1.65208466,-4.84738867,-7.52378976,-4.94867354,-13.2642513,10.6574686,-3.1571495,3.63512102
431,-3.56395431,-0.927272998,106.228685,-0.33210031,1.00139585,2.99863506,-0.783459837,0.989774879,1.09082902,0,0,4.73059969,12.4644447,-23.9487828,69.7904904,-12.9369128,-3.99735797,-20.1201459,4.97910631,-15.5607248,27.3116879,70.4120103,16.2869173,-1.0975177,24.0309261,-7.99811395,5.77713323,4.05057923,8.59211074,-1.68825969,-4.84416482,-7.54224493,-4.9671936,-13.2341028,10.7251635,-3.20099227,3.67244032
432,-3.55933197,-0.92334887,106.224561,-0.332742935,0.992277197,2.97935296,-0.784769579,0.983181292,1.08476883,0,0,4.74314163,12.4999787,-24.0040783,69.8016646,-13.1203563,-3.91962102,-20.1377575,4.98608036,-15.5633356,27.3285568,70.4276037,16.2922363,-1.12392481,24.0726141,-7.9944931,5.77910118,4.06147551,8.6229388,-1.71796803,-4.86791083,-7.55642952,-4.97184155,-13.2186273,10.7742725,-3.22372485,3.67051591
433,-3.55684571,-0.917791668,106.229174,-0.325381104,0.975830464,2.95833847,-0.788539043,0.984097284,1.09327636,0,0,4.74921964,12.516664,-24.0607279,69.8117665,-13.2610821,-3.89239973,-20.1045986,4.98353739,-15.5718136,27.315564,70.4506556,16.4046254,-1.15209795,24.1536321,-8.00651167,5.77344663,4.07940732,8.70128534,-1.73393861,-4.87100277,-7.56181086,-4.98667971,-13.2082087,10.8174444,-3.22366487,3.68851816
434,-3.55491824,-0.910279527,106.22493,-0.326206186,0.964131893,2.93278302,-0.788336005,0.980530431,1.10461597,0,0,4.75061812,12.5526694,-24.1099616,69.8118006,-13.3654474,-3.83589229,-20.1705885,4.95659059,-15.5796769,27.3614031,70.478591,16.4162504,-1.16896105,24.172924,-8.00872636,5.77812617,4.09372126,8.74531274,-1.78723319,-4.89187839,-7.57495556,-4.99080002,-13.2004624,10.8622923,-3.25329253,3.69861915
435,-3.55269462,-0.910423137,106.223595,-0.312857546,0.952065119,2.91002772,-0.78985092,0.959187584,1.10864087,0,0,4.75275341,12.6034527,-24.1555224,69.7958112,-13.5357248,-3.78650405,-20.2774058,4.92806046,-15.5877433,27.3637886,70.4968276,16.4234255,-1.07945003,24.2207387,-8.01054234,5.76672786,4.11702075,8.79464805,-1.81793254,-4.88220897,-7.59539234,-5.01183615,-13.1837874,10.9235992,-3.29312918,3.71239095
436,-3.54872458,-0.906791911,106.217051,-0.31718708,0.945360717,2.88390816,-0.775946415,0.939714928,1.10628595,0,0,4.74198946,12.6919173,-24.3045281,69.7737906,-13.6795413,-3.73918151,-20.3915093,4.88033964,-15.5813127,27.3673317,70.5528625,16.4854095,-1.06629946,24.3384451,-8.00698808,5.77363617,4.14412208,8.82301553,-1.86349076,-4.8625645,-7.60433818,-5.00934526,-13.1582732,10.9519104,-3.31504299,3.7270908
437,-3.54301147,-0.905353948,106.212687,-0.301137891,0.933929084,2.86883092,-0.792145116,0.927533393,1.10980275,0,0,4.74335977,12.7011978,-24.3467899,69.7687636,-13.7892282,-3.72641888,-20.3793106,4.80566176,-15.59937,27.4903212,70.6188148,16.6817125,-1.1068424,24.39281,-8.00730568,5.75481516,4.17271667,8.87258649,-1.88985465,-4.84625614,-7.61234231,-5.03287996,-13.1571326,10.9973482,-3.34425613,3.75166539
438,-3.54366004,-0.906895567,106.209528,-0.291514305,0.920014951,2.85511979,-0.78916678,0.889636355,1.12183146,0,0,4.71174325,12.7624398,-24.4876164,69.7631014,-13.93783,-3.70095209,-20.3619943,4.70326058,-15.5874325,27.6469119,70.7139935,16.7957408,-1.13474276,24.425933,-8.01394206,5.74969551,4.18043606,8.92716909,-1.9233834,-4.85495524,-7.62518306,-5.04807926,-13.1519314,11.0464214,-3.38283325,3.72023542
439,-3.54535542,-0.904955529,106.209016,-0.287438886,0.905683242,2.83341894,-0.789823652,0.857311204,1.1499886,0,0,4.6737627,12.8769172,-24.7256075,69.7091839,-14.1850982,-3.68476582,-20.3650696,4.59576237,-15.5975156,27.7366589,70.7279681,16.9742273,-1.10578959,24.3766685,-8.00905079,5.74805967,4.20859907,8.96030319,-1.94935072,-4.83230163,-7.65055124,-5.05969016,-13.1374317,11.1187096,-3.41129273,3.71338303
440,-3.54709029,-0.902948901,106.20954,-0.285834481,0.894700403,2.82067068,-0.78594752,0.841949788,1.16025651,0,0,4.65044273,12.8747486,-24.6478424,69.7244767,-14.0149335,-3.67820756,-20.4751484,4.43951795,-15.6658841,27.8698031,70.8211865,17.0743664,-1.13250001,24.6217152,-8.01348956,5.74686396,4.21407987,8.99897914,-1.96547252,-4.81776657,-7.66266031,-5.0667705,-13.1203708,11.158609,-3.42668264,3.71047081
441,-3.54697332,-0.905239303,106.203449,-0.281554076,0.88250374,2.81189221,-0.777032255,0.803707453,1.17846579,0,0,4.5650978,12.9295097,-24.6823229,69.77989,-13.9248398,-3.68785136,-20.641221,4.32649753,-15.6997174,27.8060041,70.8464514,16.8412128,-1.06065762,24.7887151,-8.01198607,5.74448706,4.23253931,9.03336743,-1.99461374,-4.82223949,-7.67745791,-5.07771802,-13.114589,11.2133888,-3.45360895,3.70628348
442,-3.54894549,-0.901420508,106.19477,-0.289639245,0.87372377,2.79945274,-0.772218733,0.799496694,1.18771237,0,0,4.52335169,12.8917524,-24.5497267,69.8196963,-13.7697092,-3.70055295,-20.5830671,4.17876352,-15.805237,27.8445144,70.8703638,16.2947584,-0.944560521,24.7456951,-8.01241808,5.75398572,4.24644387,9.06466165,-2.03155418,-4.82261813,-7.68696468,-5.07358447,-13.1038323,11.249687,-3.48242616,3.72072549
443,-3.54789943,-0.903412793,106.190157,-0.288416541,0.86231935,2.79459985,-0.760425931,0.782921159,1.19378644,0,0,4.42186618,12.9443466,-24.5246685,69.8583894,-13.5146964,-3.64421755,-20.8391923,4.00734029,-15.8726322,27.953601,70.8770574,16.7333436,-0.851778164,24.7840688,-8.01841071,5.75506062,4.25766843,9.10586221,-2.07159872,-4.79664847,-7.69421408,-5.07831224,-13.0952374,11.2940405,-3.53053012,3.6979626
444,-3.54947709,-0.901902746,106.186926,-0.299941451,0.849942909,2.7887825,-0.746070848,0.749563316,1.2124589,0,0,4.28748391,12.9841538,-24.392448,69.9619077,-13.176824,-3.70508137,-21.0299236,3.85718797,-15.8708171,28.0079949,70.9074518,16.9519951,-0.816849537,25.0037123,-8.01990994,5.77042684,4.25423455,9.13710691,-2.11058715,-4.80689461,-7.71072862,-5.07398361,-13.0875637,11.3502803,-3.54787538,3.67517837
445,-3.5513889,-0.899749249,106.184292,-0.310071972,0.832699596,2.7906482,-0.753346547,0.737354459,1.23328489,0,0,4.16626043,13.0852815,-24.4058539,69.9139051,-13.0736002,-3.50778986,-21.2191062,3.62638393,-16.0056177,28.2442973,70.8854381,16.7264605,-0.687319161,24.8566088,-8.02624494,5.78036434,4.24319568,9.18652418,-2.14219791,-4.78330271,-7.72941687,-5.07667897,-13.0875731,11.4274717,-3.57851156,3.70050386
446,-3.55767123,-0.897513796,106.171227,-0.306294855,0.818259981,2.79209392,-0.777586408,0.724346097,1.24597944,0,0,3.98123616,13.2047817,-24.7924102,69.9422504,-13.4755927,-3.61321575,-20.9945501,3.33718561,-16.1071553,28.5339024,70.9585211,16.5723083,-0.572867496,25.0254067,-8.04336652,5.77816245,4.21293837,9.24745288,-2.18831257,-4.78515284,-7.73272781,-5.08899508,-13.0865835,11.4668955,-3.62850256,3.68595257
447,-3.56221981,-0.896967482,106.166673,-0.294926139,0.790540111,2.80669946,-0.796874328,0.689575098,1.28920546,0,0,3.84880007,13.2366086,-24.591425,69.919301,-13.0426244,-3.55023735,-20.8878728,2.95650864,-16.2150842,29.0646816,71.0339196,17.1980407,-0.546679056,25.0664715,-8.06808839,5.76430912,4.20764327,9.34615424,-2.22146994,-4.75566649,-7.75776557,-5.11895101,-13.1098557,11.5810007,-3.68290374,3.68648233
448,-3.56977433,-0.892077666,106.161058,-0.300748756,0.768473637,2.81156668,-0.803529707,0.673182964,1.32249922,0,0,3.60378966,13.227481,-24.5383408,70.0945705,-12.9727422,-3.61163157,-20.9579147,2.58121749,-16.3286498,29.3551046,71.111169,16.6824741,-0.392921867,24.8363625,-8.08626864,5.77222659,4.18783316,9.42003298,-2.27083043,-4.76716724,-7.77548052,-5.12689794,-13.1144943,11.6588947,-3.7174201,3.68154496
449,-3.58293578,-0.889252126,106.156814,-0.299344326,0.743712052,2.8192909,-0.825250509,0.667626979,1.37081907,0,0,3.36090237,13.2278327,-24.308452,70.1630841,-12.5187045,-3.64481348,-21.1562497,2.13857812,-16.5168147,29.8128161,71.110363,17.0287391,-0.177825856,25.022328,-8.11319581,5.77225775,4.15838138,9.50796057,-2.30023845,-4.76146702,-7.79337306,-5.14222104,-13.1223891,11.7381078,-3.74385251,3.68131786
450,-3.59716006,-0.886764377,106.146801,-0.296584583,0.716833621,2.82059161,-0.814772626,0.650690938,1.41597794,0,0,3.02237963,13.4806163,-24.6603041,69.9414991,-12.6235454,-3.12031387,-21.2509639,1.69187329,-16.7184555,30.1491927,71.150907,16.2859492,-0.0710324066,24.7212652,-8.12416936,5.76928577,4.15417399,9.57634015,-2.35516406,-4.76653289,-7.82010215,-5.16099595,-13.122728,11.8389368,-3.81294414,3.68383521
451,-3.61160934,-0.883064885,106.145692,-0.288871843,0.690044411,2.81900843,-0.801858552,0.637452324,1.45468601,0,0,2.73988321,13.4345783,-24.5840279,69.98414,-12.4328414,-3.0815773,-21.041371,1.36285913,-16.7056301,30.1989608,71.1288182,16.5100289,-0.0672843536,24.7753296,-8.13798769,5.75866653,4.16307031,9.65153968,-2.38785206,-4.74360523,-7.84276557,-5.1846489,-13.1013171,11.9254471,-3.83819919,3.67581272
452,-3.63023169,-0.878768973,106.138253,-0.287696155,0.661773008,2.80785354,-0.766614243,0.618309651,1.51063038,0,0,2.29847669,13.597474,-25.0887209,70.0291236,-12.5331,-3.03656657,-20.7655134,0.901647296,-16.8602246,30.3736976,71.1271516,15.737251,0.00639824265,24.4492615,-8.15232169,5.75966886,4.15840486,9.73097819,-2.43800294,-4.76159893,-7.87148651,-5.19979698,-13.0905707,12.0203534,-3.88460179,3.69039603
453,-3.64114754,-0.87818075,106.129777,-0.261891172,0.661542297,2.83388008,-0.797366316,0.579281364,1.52100533,0,0,1.86286707,13.7194637,-25.5729079,70.0493614,-12.5016316,-2.90158858,-20.3324316,0.451628116,-16.9956724,30.7529472,71.0625176,15.8700436,0.0154147781,24.5681802,-8.26246789,5.72903546,4.11764827,9.91299078,-2.51560008,-4.74200355,-7.96257136,-5.25480262,-13.0871265,12.1905302,-3.97577457,3.69161821
454,-3.65866385,-0.869308505,106.120157,-0.273112787,0.607554578,2.86694481,-0.787366492,0.567922225,1.60687233,0,0,1.26215098,13.9720843,-26.1022407,70.1646141,-12.4389996,-2.9680491,-20.5223569,-0.0151041579,-17.0661173,30.9081633,70.9905,15.4148986,0.0950463512,23.9205041,-8.29526133,5.74135286,4.08187174,10.064113,-2.60320665,-4.75155002,-7.95584362,-5.26738212,-13.1213398,12.3028791,-4.02963232,3.71886682
455,-3.67696434,-0.86377142,106.108916,-0.258467957,0.56475868,2.88731807,-0.793717607,0.555817316,1.65881261,0,0,0.715973939,14.1795794,-26.7132199,70.1753784,-12.5491569,-2.98754844,-20.3289038,-0.639282334,-17.2862372,31.334934,71.0246578,14.6793316,0.132379485,23.7137799,-8.33207178,5.72301935,4.04823263,10.2010275,-2.66286387,-4.72456052,-7.97579716,-5.30708345,-13.1511075,12.4310126,-4.10079606,3.71700688
456,-3.70285511,-0.860470906,106.101227,-0.250870979,0.514380085,2.91669758,-0.784886333,0.531831613,1.73698551,0,0,0.00438942165,14.7111927,-28.0355735,70.0297861,-13.0300364,-2.88242585,-20.4156608,-1.28352189,-17.402446,31.9673344,71.003293,15.4865643,0.00509476083,23.9961126,-8.36530236,5.7131049,4.00967536,10.3398153,-2.71578631,-4.7438652,-7.99323549,-5.34199682,-13.1647166,12.566153,-4.16272709,3.73101474
457,-3.73426639,-0.86299954,106.090784,-0.225904604,0.538095201,2.89217341,-0.753858171,0.522497732,1.75407998,0,0,-0.615744809,14.9223087,-28.4959215,69.9336649,-12.5724026,-2.76287641,-20.3138312,-1.96906264,-17.5410852,32.3858986,71.0158537,14.9189346,-0.118661463,23.4728672,-8.50274626,5.69203932,3.99177813,10.5086448,-2.77022548,-4.73252196,-8.16922983,-5.39221493,-13.0630151,12.7876227,-4.2374643,3.74567531
458,-3.7680909,-0.858981721,106.085229,-0.226456828,0.487288693,2.91390772,-0.746460489,0.498696657,1.8455423,0,0,-1.31994601,15.1859557,-28.8846719,69.8752258,-11.8405043,-2.615171,-20.1734316,-2.74221487,-17.6711491,32.7036868,71.0858017,14.1403878,-0.252174479,23.3376158,-8.54883723,5.69380151,3.94798253,10.6589858,-2.81026959,-4.75223389,-8.19852109,-5.41780338,-13.0818545,12.9302243,-4.28813918,3.768562
459,-3.8112931,-0.85858833,106.069052,-0.209311657,0.428508493,2.95264049,-0.767253986,0.499700055,1.96836447,0,0,-2.00923782,15.2949399,-28.9729624,69.8732997,-11.0507645,-2.71476199,-20.2203584,-3.61791534,-17.8238431,33.1877936,71.2361956,13.8065896,-0.554555065,23.0638771,-8.62308907,5.67505136,3.87003001,10.8636541,-2.88603005,-4.76893797,-8.22910412,-5.46726462,-13.1101648,13.0922577,-4.37628875,3.76124174
460,-3.85202505,-0.852815341,106.060028,-0.208460283,0.367798694,2.99032403,-0.787241841,0.506771275,2.0910622,0,0,-2.850712,15.6418572,-29.8517482,69.7770691,-10.9619815,-2.54999051,-20.2630488,-4.47982716,-18.0196151,33.7826177,71.1632902,13.6052083,-0.600142362,22.9121308,-8.68975598,5.67240295,3.80310781,11.0633304,-2.96152157,-4.78836047,-8.27117638,-5.50369899,-13.1344802,13.2867422,-4.45337341,3.79847438
461,-3.89806181,-0.850299932,106.037903,-0.19013741,0.290845205,3.01758611,-0.826297609,0.504022337,2.23536937,0,0,-3.60092269,15.6462268,-29.8379375,69.9254072,-9.96333355,-2.92951893,-20.3890521,-5.41815172,-18.1846154,34.1671436,71.1902967,13.2955626,-0.6237682,22.7599303,-8.74398854,5.65186414,3.78426588,11.2828313,-3.06670435,-4.77647551,-8.31487934,-5.56074771,-13.1605178,13.5099374,-4.57709887,3.79146874
462,-3.95042114,-0.837947428,106.017148,-0.213065795,0.226227187,3.03781608,-0.845648923,0.552251957,2.36376049,0,0,-4.5138795,15.9789117,-30.642585,69.8366967,-9.9595667,-2.81479395,-20.2502712,-6.34534819,-18.367323,34.550085,71.1657695,12.4708189,-0.631320095,22.1001904,-8.83267342,5.67928863,3.73274705,11.5218316,-3.19435781,-4.8051717,-8.36860732,-5.56976484,-13.1625737,13.7128692,-4.65790087,3.78505093
463,-4.00351956,-0.831423327,105.992126,-0.20634043,0.160590689,3.05676146,-0.877965483,0.570098067,2.49865161,0,0,-5.40763152,16.2595761,-31.2588867,69.721123,-9.61594586,-2.85417448,-20.2296372,-7.38697765,-18.58941,34.8375438,71.2223986,11.4524514,-0.721168192,22.1477353,-8.92760878,5.67108686,3.6962384,11.7797284,-3.31520584,-4.78597374,-8.50198384,-5.63415474,-13.1383965,14.0623529,-4.78722068,3.82627112
464,-4.05418687,-0.829678122,105.966282,-0.209547827,0.0691532656,3.0610854,-0.882060608,0.552453608,2.66120114,0,0,-6.29419136,16.4122906,-31.5468372,69.740712,-8.99892023,-2.81368533,-20.2406902,-8.44263205,-18.7881736,35.4609659,71.1913486,11.0405867,-0.749304089,21.8276283,-8.98518301,5.68240619,3.69307432,12.0381025,-3.46036017,-4.78309951,-8.55816214,-5.66919575,-13.1136541,14.3249318,-4.89216611,3.8131055
465,-4.1041106,-0.834535435,105.939114,-0.200174996,-0.0359813221,3.06355655,-0.874404233,0.530320166,2.85167399,0,0,-7.25739445,16.591928,-32.0538114,69.764283,-8.709444,-2.89325746,-20.0234884,-9.53144617,-18.8933141,35.9735443,71.2469122,10.8351167,-0.876617214,21.4720776,-9.06335794,5.68843468,3.66613477,12.3729278,-3.61561955,-4.7909235,-8.60278292,-5.71908174,-13.1111833,14.6029649,-5.03337045,3.81971456
466,-4.16078791,-0.826758984,105.902863,-0.21791587,-0.0756615476,3.07705503,-0.905368468,0.566361207,2.97568931,0,0,-8.2127646,16.6527679,-32.1502981,69.8770563,-7.86089118,-3.04690534,-20.146507,-10.6158693,-19.0028157,36.410953,71.266064,10.5792595,-0.907886994,21.3994044,-9.30523372,5.71699085,3.56712649,12.8359848,-3.81593363,-4.79066651,-8.80147483,-5.75734062,-13.0873869,15.008726,-5.17852606,3.8562057
467,-4.22553904,-0.825503096,105.8658,-0.213853626,-0.167535196,3.11598592,-0.920937351,0.520514576,3.16362836,0,0,-9.27364666,16.9544522,-32.9358006,69.8037205,-7.61115215,-3.01436226,-19.9867642,-11.7762339,-19.129777,36.8435738,71.2809607,10.0079603,-0.964566999,21.0208702,-9.45775014,5.71774601,3.45585715,13.2338791,-3.98946141,-4.75252759,-8.94086277,-5.82681859,-13.0831676,15.4309683,-5.35973781,3.86001524
468,-4.29923236,-0.816251338,105.830967,-0.24703005,-0.241201438,3.15604318,-0.964007243,0.532174723,3.34735341,0,0,-10.2980273,17.0590412,-33.3037599,69.8490593,-7.28549641,-3.12407431,-19.830276,-13.0623176,-19.2976391,37.5345055,71.3644597,9.50375402,-1.0425557,20.7673404,-9.72134421,5.76142422,3.29115291,13.7744007,-4.1824689,-4.75427185,-9.04962072,-5.84302236,-13.1118885,15.7349971,-5.45873115,3.84070502
469,-4.37776372,-0.814384222,105.789292,-0.293431024,-0.332483179,3.22893398,-1.02182383,0.52791722,3.56722189,0,0,-11.3727678,17.2120118,-33.6644076,69.8664148,-6.35670424,-3.3209067,-19.8352382,-14.3312839,-19.3498149,38.2176985,71.4769188,9.32349423,-1.22885103,20.40776,-9.96323536,5.82022959,3.11967909,14.292415,-4.38415798,-4.74422506,-9.11998362,-5.84165376,-13.1247421,16.0264925,-5.58201009,3.84883081
470,-4.44701537,-0.810467731,105.730879,-0.27820825,-0.422040618,3.26751339,-1.08891998,0.478809334,3.75602262,0,0,-12.4750272,17.490354,-34.2979725,69.7255695,-5.90175473,-3.22930405,-19.7094141,-15.5587577,-19.4308312,38.7080549,71.435521,9.11567207,-1.290897,20.3377728,-10.2385261,5.80818668,2.96278644,14.9058924,-4.64523257,-4.7039103,-9.36943664,-5.95227593,-13.1581887,16.646187,-5.86438505,3.85166918
471,-4.53495793,-0.818613451,105.68856,-0.307685282,-0.564604664,3.30871517,-1.11001716,0.46319947,4.03278488,0,0,-13.6690365,17.7612103,-35.2160524,69.6352471,-5.42384511,-3.28198402,-19.6053101,-16.8507273,-19.5419379,39.3019057,71.411711,8.5426653,-1.27255634,20.1244489,-10.4573321,5.86231508,2.81917018,15.5036893,-4.86773111,-4.73078197,-9.4346419,-5.97170611,-13.1797652,17.0242892,-6.03496647,3.8536589
472,-4.61703725,-0.814309716,105.640852,-0.341570417,-0.697179417,3.3047629,-1.05476573,0.493009564,4.30773115,0,0,-14.9121864,17.9102382,-35.9532688,69.6196538,-4.71302007,-3.352526,-19.3797995,-18.1213115,-19.7011923,39.6625909,71.3620897,7.5490828,-1.25952552,19.9034786,-10.6742845,5.92148885,2.71778841,16.10575,-5.09867261,-4.72125002,-9.53164339,-5.98852331,-13.1355466,17.428061,-6.21535304,3.83731639
473,-4.69395556,-0.824141875,105.575871,-0.379312139,-0.794815367,3.43184897,-1.16198967,0.481508966,4.53758409,0,0,-16.1796304,18.1670447,-36.8678619,69.5805168,-4.20470074,-3.38852472,-19.4620827,-19.3953159,-19.7940829,40.2570223,71.264213,7.28764024,-1.3190393,19.8821957,-11.0233678,5.96677514,2.47541594,16.8108816,-5.38273676,-4.71813758,-9.66217172,-6.02194343,-13.2564725,17.8795843,-6.46815713,3.83069196
474,-4.76720221,-0.806724746,105.509973,-0.475434657,-0.856258221,3.47154736,-1.19814688,0.57859573,4.72669154,0,0,-17.4364091,18.2978155,-37.6648494,69.5912402,-3.74267643,-3.46620724,-19.2610993,-20.6740503,-19.9069654,40.8579287,71.2110878,6.86804293,-1.36324717,19.6332644,-11.3992391,6.08261557,2.31145917,17.5229733,-5.70261757,-4.74193268,-9.86623558,-5.98516798,-13.2420139,18.3484409,-6.64310773,3.79963125
475,-4.84764576,-0.802246761,105.445433,-0.539644223,-0.933898857,3.51165091,-1.20646551,0.600800088,4.93567356,0,0,-18.7730618,18.5316624,-38.7702335,69.5907621,-3.53671037,-3.50244331,-19.0740768,-21.9996346,-20.0151676,41.5779296,71.1570064,6.60416925,-1.37070798,19.6222097,-11.7920066,6.16880402,2.14276588,18.2911544,-6.00177858,-4.75055281,-10.071826,-5.9832709,-13.249703,18.8424258,-6.8192677,3.79507807
476,-4.93635163,-0.792340282,105.36499,-0.619454959,-1.04935875,3.54670162,-1.1918456,0.669084637,5.21973344,0,0,-20.1676686,18.5200067,-39.3582991,69.8543527,-2.5549441,-3.76460518,-19.1265429,-23.3653105,-20.0641673,42.111043,71.232357,6.12397877,-1.436894,19.2615672,-12.1365683,6.27616393,2.01730213,19.0543563,-6.33778077,-4.78012198,-10.2787338,-5.97858795,-13.262519,19.4260142,-7.05166745,3.78645282
477,-5.02364822,-0.792996306,105.277157,-0.697235667,-1.06560916,3.58168805,-1.20798438,0.736034472,5.39143501,0,0,-21.5313466,18.6474239,-40.2527944,69.8876635,-2.38872313,-3.81415351,-19.0928188,-24.7207188,-20.1089256,42.7813611,71.1884321,5.97465205,-1.46654855,19.1617696,-12.6589642,6.37785178,1.80417633,19.9027375,-6.67224361,-4.82567336,-10.5841141,-5.95707115,-13.2379602,19.9554205,-7.28857256,3.74215051
478,-5.10531291,-0.785691198,105.186462,-0.79402627,-1.15218508,3.63725166,-1.23842941,0.820310522,5.64263997,0,0,-22.9336408,18.7825677,-41.2636965,69.9238704,-2.44357659,-3.81903026,-18.8163737,-26.1226749,-20.185241,43.3210451,71.2353282,5.26961047,-1.4739179,18.9586927,-13.0974726,6.50176251,1.61852624,20.7571481,-6.99811321,-4.85060142,-10.8089588,-5.93293881,-13.2742823,20.5284973,-7.54010025,3.76164643
479,-5.19757308,-0.763224903,105.090272,-0.943901412,-1.19527915,3.69059414,-1.23214403,0.996158758,5.84038804,0,0,-24.3394389,18.8159861,-42.1439952,69.9628434,-2.32071899,-3.87663224,-18.7681475,-27.4827295,-20.317634,43.936855,71.1604693,4.69777209,-1.39348559,18.6405971,-13.6469459,6.67260176,1.36135115,21.6841397,-7.35094328,-4.87009521,-11.0291624,-5.83383148,-13.3186512,20.977017,-7.74034603,3.72394208
480,-5.29056862,-0.753668742,104.989123,-1.05432797,-1.20687843,3.75463036,-1.30245966,1.12841587,6.05262037,0,0,-25.6737488,18.6985701,-42.5144852,70.1565135,-1.71304165,-4.12372714,-18.6575838,-28.9209061,-20.3256355,44.597686,71.25448,4.29782909,-1.51739483,18.3097564,-14.2380587,6.79561304,1.07950393,22.6129293,-7.65597355,-4.88426059,-11.3701066,-5.79611304,-13.3377467,21.5807596,-7.99526918,3.74833738
481,-5.38710803,-0.72780042,104.872668,-1.20363398,-1.23246729,3.82282088,-1.32839986,1.28624372,6.25241322,0,0,-27.118747,18.7998413,-43.4406247,70.1233324,-1.4024087,-4.12250197,-18.5906172,-30.3302405,-20.4277315,45.1944021,71.2430599,2.6879345,-1.31982019,17.9827492,-14.8262643,6.95499252,0.778549731,23.5539654,-8.02869612,-4.93818494,-11.6915302,-5.72253014,-13.3363559,22.1804058,-8.26019599,3.74787848
482,-5.47784716,-0.709718885,104.76222,-1.26390465,-1.21099174,3.90515946,-1.37054074,1.39803748,6.42480848,0,0,-28.6233472,18.8284768,-44.4596411,70.1083401,-1.16110334,-4.13738197,-18.423853,-31.7393017,-20.5340809,45.6955843,71.153967,2.41741504,-1.4693707,18.2314005,-15.4664135,6.99003609,0.466042217,24.4859208,-8.30920431,-4.91353222,-12.0952892,-5.76369569,-13.3360289,22.8298492,-8.56471571,3.7728155
483,-5.57576269,-0.696061132,104.644048,-1.36278501,-1.20144584,4.0122227,-1.47060099,1.57953354,6.60524201,0,0,-29.9758049,18.6642671,-44.8913568,70.121297,-0.264251428,-4.22203234,-18.0878914,-33.2529297,-20.71908,46.778282,71.0458587,2.06858341,-1.33261868,17.8746477,-16.1161268,7.06463285,0.109597829,25.4321906,-8.60305527,-4.91697891,-12.5041016,-5.7684606,-13.390591,23.5273277,-8.86114848,3.78904488
484,-5.65689169,-0.681848126,104.531956,-1.38593432,-1.1771249,4.02180255,-1.38439215,1.61620237,6.75662974,0,0,-31.583727,18.775087,-46.1473808,70.06378,0.0718012097,-4.25219104,-18.0838342,-34.6532141,-20.8726415,47.4562431,70.9504,0.655815608,-1.45766781,17.7654979,-16.7026505,7.07510481,-0.107512941,26.3054098,-8.86400777,-4.91586046,-13.0051378,-5.85518265,-13.2914986,24.3220492,-9.16656551,3.81585807
485,-5.76147735,-0.675056782,104.387653,-1.40119454,-1.160487,4.06721264,-1.37516905,1.57682505,6.96781065,0,0,-33.2120578,19.055736,-47.5969963,69.8202837,0.0808859483,-4.10832079,-17.8241265,-36.1552478,-20.9305785,48.2609316,70.8948364,0.302638852,-1.55059819,17.8103466,-17.2947135,7.06928293,-0.339381855,27.1742047,-9.17175304,-4.91982026,-13.5692235,-5.97004765,-13.1821755,25.2335362,-9.52092853,3.81813594
486,-5.84800094,-0.666532526,104.231989,-1.44006114,-1.09204318,4.14223697,-1.40531569,1.59840247,7.09705747,0,0,-34.7041024,19.1390694,-48.5648102,69.6468379,0.509606711,-4.07710683,-17.6706949,-37.5521342,-20.9510589,48.7965073,70.8553852,-0.597444491,-1.49638079,17.7194539,-17.9609608,7.07300794,-0.650464688,28.0660874,-9.50081363,-4.94522259,-14.1967574,-6.06591064,-13.0753376,26.1755286,-9.86369219,3.82205775
487,-5.95098101,-0.673566852,104.056871,-1.40604568,-1.03063409,4.14942728,-1.34554631,1.44427872,7.2590115,0,0,-36.2101625,19.2426168,-49.3992305,69.5325142,0.967928412,-4.06379137,-17.5660991,-39.0212942,-20.9596427,49.5733525,70.781223,-0.968357647,-1.56720185,17.8392076,-18.6261188,7.01632549,-0.883415066,28.9916361,-9.82643863,-4.93711729,-14.9325335,-6.24334188,-12.8490108,27.2631714,-10.2572853,3.84658624
488,-6.04505241,-0.676557794,103.878891,-1.37991135,-0.98462543,4.19338112,-1.34313514,1.35469385,7.4392175,0,0,-37.7469414,19.2396149,-50.250979,69.576446,1.29822291,-4.16875687,-17.4222041,-40.4783716,-20.9736139,50.2785695,70.7564909,-1.28902404,-1.56216618,17.7190458,-19.2655321,6.95231124,-1.14694852,29.9012431,-10.1623986,-4.90323614,-15.6268171,-6.41829077,-12.6620045,28.3340289,-10.6515588,3.84889868
489,-6.15164489,-0.668964209,103.679323,-1.30564924,-0.904177473,4.17591304,-1.28290056,1.23698579,7.60722393,0,0,-39.0877075,19.1880743,-50.6859254,69.4197478,1.80148758,-4.23764061,-17.0738115,-41.9053757,-20.9738444,50.7499516,70.7572764,-1.64675007,-1.75163627,17.7203708,-19.9441046,6.83800547,-1.34199397,30.8267303,-10.5220994,-4.88739522,-16.4497149,-6.65207064,-12.3784372,29.507353,-11.0945734,3.86983321
490,-6.25156388,-0.666744681,103.480232,-1.24538235,-0.815061272,4.15051467,-1.28548888,1.17176762,7.75554064,0,0,-40.5097598,19.1273147,-51.3386388,69.4244948,1.90065061,-4.30967264,-16.74649,-43.3674187,-20.974483,51.5208238,70.7393745,-1.96451843,-1.77288019,17.6555267,-20.6240772,6.74864525,-1.51551556,31.7435193,-10.8758921,-4.87206657,-17.2780085,-6.85462887,-12.0667407,30.6641787,-11.5022896,3.89105632
491,-6.3592799,-0.658638682,103.269434,-1.18940728,-0.733993172,4.13510285,-1.29120842,1.06405735,7.93106455,0,0,-41.8711155,19.1238006,-51.7590711,69.3213316,2.23043221,-4.34858081,-16.8920653,-44.7541588,-20.9456323,51.9461568,70.6504318,-2.49192878,-1.77589273,17.6622818,-21.2951723,6.65274086,-1.70661796,32.648113,-11.2481835,-4.83144359,-18.0670183,-7.05075049,-11.7945448,31.7676504,-11.9479184,3.88736844
492,-6.45759404,-0.681481045,103.05196,-1.07843283,-0.672333291,4.09444424,-1.27644688,0.842240498,8.1301398,0,0,-43.3859388,19.1266539,-52.6025858,69.4184637,2.21149124,-4.53988245,-16.5525229,-46.1577798,-20.8954748,52.4147078,70.5000037,-3.02102106,-1.72008933,17.7185574,-21.9335457,6.52553114,-1.8359096,33.5726884,-11.6120097,-4.81311478,-18.8734195,-7.29006837,-11.4669066,32.9338471,-12.4378675,3.91500638
493,-6.56641647,-0.671799527,102.824521,-0.996438868,-0.591755471,4.06303029,-1.29424774,0.780892806,8.33344038,0,0,-44.7575808,19.0587772,-52.9814017,69.3332161,2.83389799,-4.59468362,-16.1858032,-47.6420311,-20.8961732,53.0583267,70.4626357,-3.27641208,-1.85117849,17.7896751,-22.62173,6.40228123,-2.01076436,34.5240108,-11.9880304,-4.79845677,-19.7001951,-7.51109414,-11.1564071,34.0808476,-12.888479,3.9501921
494,-6.66913018,-0.682330364,102.576315,-0.913348361,-0.444165102,4.08649896,-1.33769426,0.5908953,8.44280537,0,0,-46.1671986,19.1121551,-53.7843656,69.1899734,3.06530822,-4.5156562,-16.0255004,-48.9210182,-20.7362375,53.0923752,70.38053,-4.30534016,-1.8228221,17.5807276,-23.4306924,6.26076782,-2.24885921,35.5202144,-12.3807825,-4.77685373,-20.6224892,-7.73166827,-10.852847,35.2753453,-13.3821531,3.9291645
495,-6.75347075,-0.682806084,102.323127,-0.895639572,-0.298853126,4.12285167,-1.35606629,0.478825022,8.53440418,0,0,-47.5646997,19.1230868,-54.2133117,69.0818037,3.99719404,-4.5964932,-16.0110136,-50.2680818,-20.6802589,53.3822792,70.3454297,-5.00486252,-1.90655553,17.758555,-24.2641207,6.18788031,-2.51201146,36.5646049,-12.8017834,-4.78596905,-21.5065325,-7.87528495,-10.5643475,36.4433281,-13.818633,3.92779249
496,-6.86459318,-0.693747634,102.055764,-0.846347377,-0.201626053,4.18152165,-1.3896102,0.326617165,8.74933743,0,0,-49.1379109,19.1182015,-55.1396971,69.1036808,4.27671441,-4.65876062,-15.5798903,-51.6870126,-20.6305044,53.7371553,70.2510091,-5.57069588,-1.78165645,17.6672952,-25.0675319,6.07220978,-2.78855962,37.6209108,-13.1668997,-4.732405,-22.3521458,-8.06225797,-10.3052605,37.6108055,-14.2809454,3.85922507
497,-6.97910711,-0.697741099,101.767409,-0.827587885,-0.0909160538,4.26036828,-1.38593129,0.283352319,8.92749523,0,0,-50.5739752,19.0538458,-55.6111953,68.9332334,5.02261248,-4.63790976,-15.5882846,-53.0466608,-20.6128808,53.9259862,70.2694506,-6.50585294,-1.82344045,17.567337,-25.9479826,5.96611731,-3.13830779,38.7675527,-13.5683945,-4.73924799,-23.2306926,-8.22118537,-10.0344375,38.8167676,-14.7443294,3.87930626
498,-7.09622055,-0.697048102,101.468635,-0.836357201,0.0531603162,4.33486229,-1.41584742,0.269802397,9.13601322,0,0,-52.1017622,18.9866794,-56.2457199,68.8650203,5.52406576,-4.73408736,-15.3685335,-54.5184538,-20.6169619,54.459359,70.2469998,-6.81343429,-1.63437409,17.316121,-26.8878286,5.87681173,-3.51335326,39.9274998,-13.9810566,-4.6991932,-24.1525632,-8.33079624,-9.72267098,40.0191951,-15.1948828,3.82530678
499,-7.20616728,-0.704573188,101.166046,-0.840272122,0.239024744,4.38911784,-1.53183459,0.222509234,9.25055464,0,0,-53.5612165,18.9889265,-56.9688593,68.8429998,5.63973287,-4.65124655,-15.1549877,-55.8929543,-20.4084994,54.8298524,70.3760494,-7.35972861,-1.65743569,16.9471149,-27.8749394,5.78622805,-3.86611887,41.0925013,-14.3680969,-4.68418386,-25.1147251,-8.42257606,-9.38283577,41.1912146,-15.6371871,3.82135125
500,-7.3282823,-0.710277352,100.844705,-0.888435599,0.441610945,4.4698697,-1.5807206,0.209945768,9.36717073,0,0,-55.0574172,18.9793079,-57.6939727,68.7316404,5.91037571,-4.56169082,-15.1063396,-57.3185036,-20.31524,55.2439873,70.501199,-7.67183155,-1.72075293,16.8685575,-28.9208002,5.71661647,-4.31133024,42.2798955,-14.7744146,-4.67430783,-26.0871204,-8.46782521,-9.09003495,42.3572269,-16.0901754,3.77747924
501,-7.45322704,-0.725959241,100.515795,-0.916897298,0.638899974,4.49199383,-1.53852551,0.130725165,9.49778785,0,0,-56.4914428,18.9279568,-58.2761575,68.6365983,6.27790349,-4.39142146,-14.920468,-58.6335199,-20.2056581,55.4541829,70.5537573,-7.97863084,-1.68501855,16.781966,-29.9496862,5.65815389,-4.67409482,43.4695095,-15.1855254,-4.66673572,-27.0834315,-8.49471225,-8.70626711,43.5296015,-16.5221149,3.74952156
502,-7.57811219,-0.721302861,100.172579,-0.981617369,0.843130192,4.51995573,-1.53871078,0.148608161,9.64290888,0,0,-57.9689766,18.8047744,-59.0471971,68.6749157,6.49929084,-4.32039774,-14.3213665,-59.9604071,-20.1185698,55.7707759,70.5704707,-8.19046745,-1.76453295,16.7233613,-31.0148816,5.60756311,-5.09543382,44.7014229,-15.6270169,-4.69432541,-28.0660089,-8.49834079,-8.38745864,44.6814686,-16.949432,3.74333512
503,-7.71853924,-0.719790719,99.8176515,-1.01464275,1.03071853,4.53702099,-1.49818961,0.116837936,9.84607713,0,0,-59.5826771,18.7206606,-59.9475595,68.7328083,6.37282988,-4.36107322,-14.3249489,-61.353308,-20.0442351,56.0687702,70.6403641,-8.97766041,-1.70236521,16.4502272,-32.0297657,5.52773229,-5.45432867,45.8753959,-16.0680405,-4.70540227,-29.0898918,-8.53773902,-8.04009742,45.893431,-17.3621308,3.70126585
504,-7.85009712,-0.715621514,99.4405031,-1.06798883,1.3010245,4.55429468,-1.458163,0.128635207,9.94576288,0,0,-61.1718504,18.5703042,-60.6259065,68.894035,6.70431476,-4.43072408,-14.3142213,-62.7906052,-19.987647,56.5064863,70.7978204,-9.16730232,-1.88417086,16.6004281,-33.1955322,5.44437666,-5.8737279,47.1211711,-16.5166644,-4.68701412,-30.1757211,-8.52998847,-7.6925236,47.0376448,-17.8201992,3.64681814
505,-7.99562335,-0.71515548,99.0602911,-1.10867917,1.49117077,4.58063575,-1.39889361,0.0891350092,10.1828917,0,0,-62.7661122,18.4605619,-61.428324,68.9125106,6.90261479,-4.37987759,-13.967234,-64.3667192,-20.029791,57.2294755,70.8825762,-9.35396541,-1.83030927,16.4532546,-34.2335638,5.35961999,-6.23269105,48.2976849,-16.9573619,-4.64192676,-31.1942628,-8.54942462,-7.36200819,48.2209819,-18.2484999,3.59485535
506,-8.13349634,-0.71151061,98.6669421,-1.13987106,1.72714994,4.57738433,-1.36769832,0.0733050653,10.3595955,0,0,-64.3891905,18.3496908,-62.341773,68.9828411,7.34000815,-4.23402573,-13.5863186,-65.8318153,-19.9940384,57.7661405,70.9828707,-9.37766019,-1.85323395,16.4466345,-35.3159439,5.25596333,-6.60643345,49.4782114,-17.4006173,-4.62818186,-32.2752222,-8.56030426,-7.00304077,49.3961637,-18.669149,3.53808495
507,-8.28707591,-0.70053325,98.2570767,-1.17006189,1.95321777,4.57598707,-1.33502323,0.0762471226,10.5735247,0,0,-66.0516859,18.165175,-63.0136109,69.1529538,7.97740055,-4.16435609,-13.629149,-67.1908385,-19.9207624,58.03734,71.0049527,-9.6598597,-1.72204426,16.3289332,-36.4180701,5.14059076,-6.96641473,50.6946988,-17.8443832,-4.61162633,-33.370607,-8.56758524,-6.61089101,50.5906887,-19.0942685,3.48502761
508,-8.43347535,-0.683704205,97.8585184,-1.21072316,2.17432651,4.56370303,-1.30094645,0.154968321,10.7989867,0,0,-67.6500594,18.1155895,-63.1524413,69.0178458,9.33655697,-3.95452244,-14.0158564,-68.7329723,-19.9077509,58.8989752,71.1572796,-9.18620401,-1.61713416,16.2851415,-37.4931691,5.0384265,-7.30808043,51.879863,-18.2595972,-4.57530381,-34.4471882,-8.54614357,-6.19820713,51.7700335,-19.4737982,3.46290164
509,-8.5848406,-0.673446851,97.4456847,-1.24337941,2.45005803,4.52009382,-1.25378496,0.19241578,10.9575009,0,0,-69.3303269,18.0090266,-64.1316856,69.1346967,9.60150684,-3.90253445,-13.6556288,-70.0746536,-19.8328647,59.0647644,71.2537287,-9.65698761,-1.49860604,16.1522653,-38.6593454,4.92131181,-7.66199864,53.1019204,-18.6306336,-4.5850902,-35.6116672,-8.49737773,-5.74478375,52.9552524,-19.8579503,3.39323755
510,-8.75231698,-0.644485978,97.0128179,-1.25446471,2.67502077,4.53688985,-1.19784752,0.221145023,11.2325167,0,0,-71.0707957,17.8146036,-65.0268843,69.2957594,9.76744287,-3.86766121,-13.4399306,-71.5311368,-19.7964547,59.3407723,71.4029888,-9.8028463,-1.26469138,16.2799881,-39.7712695,4.72905223,-8.03794335,54.3252141,-19.0008964,-4.54871175,-36.7266136,-8.52166076,-5.32691192,54.1625703,-20.2745423,3.36253841
511,-8.91008154,-0.620797975,96.5716958,-1.27691225,2.93136811,4.49991534,-1.02378442,0.23849313,11.4208225,0,0,-72.7136611,17.5439266,-65.9219874,69.511566,9.89083792,-3.9363298,-13.151472,-72.919202,-19.7963949,59.6079283,71.6031202,-9.85064738,-1.1640685,16.3118202,-40.921948,4.5704975,-8.3876422,55.5597981,-19.3709578,-4.50953678,-37.9055145,-8.48060193,-4.83332616,55.3907441,-20.654031,3.35513129
512,-9.06653106,-0.595604023,96.1359024,-1.33626952,3.14244065,4.51023172,-1.05992178,0.302433866,11.6946678,0,0,-74.2555012,17.4030573,-66.5601593,69.707531,9.80545372,-3.88535482,-12.809575,-74.4599903,-19.6217179,60.2896632,71.9326563,-9.59435819,-1.15009788,16.3538361,-42.0326256,4.41830381,-8.81053763,56.7962058,-19.7301199,-4.48195605,-38.9624555,-8.44142738,-4.47444241,56.5514596,-21.0335983,3.3394289
513,-9.22514722,-0.585085386,95.678091,-1.3591505,3.37109064,4.42293045,-0.99756535,0.287476606,11.9315388,0,0,-75.824102,17.3152689,-67.43734,69.8784291,9.42154587,-3.91128221,-12.5167707,-75.8809975,-19.4316286,60.5385211,72.2052902,-10.0545106,-1.22073666,16.3568414,-43.1310771,4.2979563,-9.11007729,58.0021372,-20.1230419,-4.46461078,-40.1118227,-8.36191886,-3.99189296,57.7621243,-21.4160223,3.31499069
514,-9.35481638,-0.567257218,95.2310085,-1.35805321,3.65815688,4.35260543,-0.994762091,0.292974748,12.0650032,0,0,-77.3055017,17.2471173,-68.3786152,69.879078,8.8145128,-3.53526835,-12.3426026,-77.2937333,-19.2409503,61.1542012,72.444982,-10.2026053,-1.12638869,16.2959469,-44.247994,4.12407164,-9.41586912,59.161473,-20.4982071,-4.43417845,-41.2904401,-8.31499033,-3.53334031,58.9257427,-21.7889011,3.29984795
515,-9.50569585,-0.54404228,94.7527647,-1.31004622,3.91297497,4.28469876,-0.981192533,0.268879681,12.2801508,0,0,-78.692638,17.1151136,-68.6017575,70.0465611,8.77480464,-3.47953102,-12.3724591,-78.7272466,-19.0382576,61.5162968,72.6749408,-10.5362592,-1.02420586,16.3734815,-45.33062,3.90498222,-9.65032817,60.3268126,-20.9024962,-4.3632226,-42.5078155,-8.31758581,-3.01945353,60.1586328,-22.1821014,3.30839358
516,-9.63676125,-0.531557854,94.2778111,-1.28066573,4.23914965,4.22259523,-0.962083371,0.23157639,12.385176,0,0,-80.0531639,16.9481155,-69.107492,70.2670601,8.47380333,-3.43144798,-12.2205736,-79.8509083,-18.8817147,61.1322831,72.6700572,-11.5250905,-0.958857494,16.5014621,-46.4944603,3.67560953,-9.95029301,61.4895362,-21.2451446,-4.37054413,-43.7699388,-8.27808682,-2.53430519,61.349852,-22.5435806,3.29069059
517,-9.775199,-0.525882188,93.8014388,-1.22692523,4.46083954,4.16440721,-0.907014331,0.0909148805,12.6043167,0,0,-81.3125483,16.7589671,-69.3571013,70.4843216,8.29221165,-3.32673456,-12.0346465,-81.2240359,-18.7318894,61.7326909,72.8558862,-11.5945501,-0.849076771,16.4677398,-47.5205255,3.46080306,-10.1711625,62.6322541,-21.606687,-4.31183951,-44.9197978,-8.26455024,-2.03311765,62.5443564,-22.9201273,3.26789675
518,-9.91219804,-0.509997085,93.3116674,-1.17991547,4.7538332,4.11033222,-0.854835794,0.0923343859,12.7625158,0,0,-82.7415263,16.5918648,-70.0342736,70.6896849,7.56068644,-3.23876728,-11.9482642,-82.6045264,-18.6272014,62.4454006,73.0328632,-11.6657351,-0.731002063,16.5538138,-48.6466836,3.21391243,-10.4292669,63.7905859,-21.938361,-4.27725101,-46.1649891,-8.2327301,-1.53386946,63.7424741,-23.2664708,3.23908787
519,-10.0246772,-0.48535089,92.8189576,-1.16903989,5.03241014,4.06855988,-0.816411764,0.151205527,12.8647962,0,0,-83.9554012,16.3966734,-70.227445,70.8264321,7.64518783,-3.14204902,-12.0099613,-83.823319,-18.529446,62.8964937,73.1552124,-11.7549972,-0.671498042,16.5924744,-49.7478877,3.00040392,-10.6919995,64.9469847,-22.2997873,-4.23590147,-47.3475714,-8.16438295,-1.05806034,64.9205178,-23.6226976,3.23785609
520,-10.1663806,-0.474061584,92.3008561,-1.16104711,5.25661142,4.03601419,-0.751781153,0.119681043,13.1412174,0,0,-85.3628436,16.2573546,-70.7651858,70.9454686,7.3421904,-3.01536395,-11.9507325,-85.603922,-18.4212849,64.8583425,73.5925289,-10.4812036,-0.624710819,16.9185049,-50.8401921,2.7851059,-10.9800422,66.149945,-22.6436139,-4.20134199,-48.4932844,-8.08984425,-0.602421564,66.1218046,-23.9997428,3.19662842
521,-10.3091165,-0.456262566,91.7931974,-1.15320156,5.41196053,3.97394379,-0.699064579,0.043838542,13.463347,0,0,-86.6839388,16.1529346,-71.3181784,71.0385777,7.21225885,-2.80222769,-11.8849287,-86.9588539,-18.248867,65.3870607,73.8115526,-10.4126943,-0.582918813,17.1285179,-51.8214273,2.61424103,-11.1982599,67.3183445,-22.9866004,-4.16253841,-49.5499113,-7.98791648,-0.101664004,67.2922805,-24.3518118,3.16152467
522,-10.424,-0.433344301,91.2635565,-1.18928733,5.71263798,3.93905795,-0.666189971,0.155707382,13.5667689,0,0,-87.9586365,15.9852108,-71.829944,71.2131164,7.12619463,-2.72576799,-11.8001447,-88.1711169,-18.1934229,65.8006969,73.8768014,-10.5201459,-0.451492846,17.1989662,-53.007476,2.40900687,-11.5222867,68.5241256,-23.3162748,-4.13724067,-50.7386716,-7.83989006,0.327902494,68.448932,-24.7207974,3.10369281
523,-10.544534,-0.41038706,90.7322228,-1.22665913,5.97037021,3.939854,-0.625228153,0.227768533,13.7369593,0,0,-89.26323,15.8052626,-72.5837851,71.3343932,6.8738947,-2.60115055,-11.6663567,-89.4526721,-18.1129616,66.3092318,74.1007086,-10.4568847,-0.489976427,17.4092728,-54.1359598,2.19044252,-11.849971,69.710345,-23.6591794,-4.1163659,-51.8686444,-7.71159947,0.732602142,69.6020729,-25.0840422,3.05216779
524,-10.6593885,-0.383892003,90.1784241,-1.26181648,6.2426657,3.91851139,-0.603352124,0.368141513,13.8744962,0,0,-90.4982307,15.6491792,-73.0716997,71.4808393,6.84808469,-2.57468805,-11.7394841,-90.7732551,-18.0534382,66.966255,74.2368821,-10.4413238,-0.498012091,17.7450995,-55.3002236,1.9651323,-12.175841,70.9328669,-24.0122028,-4.09357484,-53.0463773,-7.58286663,1.13076236,70.7997738,-25.4586507,3.04864021
525,-10.7685626,-0.360214431,89.6340132,-1.26599063,6.51448167,3.90358516,-0.566798019,0.370596646,14.0260692,0,0,-91.8040672,15.5163713,-73.976447,71.6104353,6.38823965,-2.43494259,-11.6544517,-92.0487314,-17.9583722,67.6411119,74.4183603,-10.0702952,-0.424480969,17.780217,-56.4203303,1.72071995,-12.4410325,72.1018811,-24.3481252,-4.06881797,-54.2074958,-7.48305195,1.5360009,71.9582422,-25.8105267,2.99719224
526,-10.885416,-0.350188161,89.0747905,-1.23073394,6.7469799,3.92068247,-0.576304735,0.296057778,14.2417009,0,0,-92.9706225,15.4001897,-74.5836235,71.6952253,6.34854301,-2.22599152,-11.4325636,-93.2165435,-17.8846693,68.0684632,74.4712806,-9.92412314,-0.224185752,17.6223815,-57.4842449,1.43213667,-12.6858999,73.2564153,-24.6783443,-4.03306278,-55.3667394,-7.43048084,1.96774079,73.1645219,-26.1589227,2.98655528
527,-10.9867342,-0.321217952,88.5208249,-1.25740282,7.02396797,3.94269964,-0.595735876,0.43872885,14.36391,0,0,-94.1705843,15.2711162,-75.3162433,71.8541706,5.83323384,-2.20984816,-11.3815199,-94.4720552,-17.7860568,68.9743443,74.6329853,-9.32206245,-0.104416417,17.6016605,-58.6151876,1.16159064,-12.9898442,74.4140572,-24.999995,-4.0242719,-56.5462038,-7.33086509,2.3302836,74.3550581,-26.4265329,3.03225736
528,-11.0816061,-0.292060175,87.9605472,-1.26361308,7.32562947,4.00763489,-0.62417545,0.501858555,14.469474,0,0,-95.2839051,15.093533,-75.7930041,72.0171594,5.9331356,-2.02037764,-11.4200524,-95.6471961,-17.8009842,69.7330759,74.6282998,-8.9879185,0.0527153667,17.5860347,-59.7547842,0.832818519,-13.2888809,75.5393992,-25.3051593,-3.96042415,-57.7485869,-7.26413243,2.69300827,75.535465,-26.6947425,3.03219695
529,-11.1806169,-0.274898834,87.3930633,-1.22268379,7.58979021,4.04356669,-0.630168407,0.474613837,14.6204144,0,0,-96.2871507,14.9077451,-76.2502648,72.1551293,5.96178867,-1.94529081,-11.2003184,-96.8072013,-17.7544842,70.3410993,74.6607705,-8.92964333,0.102402131,17.5967957,-60.8376492,0.509579123,-13.5112693,76.6706015,-25.5969604,-3.92368498,-58.9469777,-7.20898292,3.11638693,76.7371685,-26.9790748,3.03526691
530,-11.2857103,-0.270580058,86.8154049,-1.20601013,7.88064059,4.11528463,-0.657913543,0.464729966,14.7332508,0,0,-97.5682141,14.8150423,-77.5835041,72.232003,4.89407387,-1.75302952,-11.0263799,-97.9853269,-17.8153941,71.0567665,74.5921749,-8.90309011,0.236878431,17.7933361,-61.9669322,0.173946108,-13.7716447,77.7846395,-25.8636963,-3.9082526,-60.1457852,-7.13651376,3.48750206,77.909427,-27.2752198,3.03614246
531,-11.3783687,-0.251754047,86.2464368,-1.2540274,8.14864823,4.17419808,-0.673657716,0.526492966,14.8621826,0,0,-98.6729767,14.7702141,-79.0978185,72.0808851,4.06324069,-1.47132178,-10.8682756,-99.0590736,-17.7607629,71.734253,74.6478136,-8.84547576,0.432396385,17.7310464,-63.0783201,-0.114194173,-14.0834095,78.9023453,-26.1570905,-3.87327947,-61.2416618,-7.01602496,3.79014283,79.0186702,-27.5927826,3.02330597
532,-11.4675678,-0.228934712,85.6605828,-1.24430604,8.44371831,4.16565367,-0.60967213,0.593720864,14.9789634,0,0,-99.8343889,14.6242171,-79.6613364,72.1137725,4.45988514,-1.2122509,-11.1688585,-100.205002,-17.808815,72.5400377,74.6079185,-8.95542644,0.591507882,17.8063834,-64.2069952,-0.408219222,-14.3010603,80.0335407,-26.4422782,-3.86088481,-62.4372181,-6.86711317,4.21683884,80.1641749,-27.8785372,3.03129003
533,-11.5654178,-0.20917228,85.0853682,-1.27675477,8.68185108,4.17217793,-0.582238248,0.580503701,15.1648504,0,0,-100.984053,14.5004865,-80.0515041,72.1582438,5.55574033,-1.33861633,-12.1473753,-101.234789,-17.8049798,72.7595259,74.5874689,-9.57406655,0.776528956,17.8275451,-65.2757491,-0.668111175,-14.5590895,81.1387132,-26.7128289,-3.83984313,-63.503916,-6.7067668,4.56474221,81.2477161,-28.2017111,3.01970646
534,-11.6739132,-0.172402814,84.4926059,-1.27371535,8.93468327,4.13234375,-0.52584175,0.758147369,15.2661934,0,0,-101.925205,14.4311208,-80.2015634,72.1103642,6.01693221,-1.00608889,-12.3272048,-102.227516,-17.835089,73.3174977,74.4859108,-9.89398493,0.908839805,17.9223737,-66.3569202,-0.949954663,-14.7570591,82.2535913,-26.9868117,-3.81110255,-64.6501447,-6.52767241,5.00234176,82.3580932,-28.4848207,3.05344226
535,-11.7590919,-0.149829476,83.9027047,-1.25304666,9.18575012,4.10514336,-0.507941905,0.733573416,15.437486,0,0,-102.911027,14.3443842,-80.21409,72.1900793,6.71236798,-0.873056711,-12.6180642,-103.303189,-17.7757432,73.8723549,74.5779749,-9.96160722,1.02184294,17.8672182,-67.3999447,-1.2401361,-14.9446913,83.3434846,-27.2713812,-3.8110351,-65.7461647,-6.35984399,5.42204109,83.4298933,-28.8261406,2.98513439
536,-11.8508913,-0.137728814,83.3185792,-1.24925803,9.4195282,4.08314829,-0.46233956,0.763125884,15.5965218,0,0,-103.86877,14.4090883,-80.21409,72.0153699,7.14872571,-0.592962393,-12.8606341,-104.254054,-17.7708989,74.1302151,74.5826605,-10.135906,1.25405123,17.8037043,-68.4377988,-1.51371229,-15.1524502,84.4194443,-27.5255121,-3.76356401,-66.8235997,-6.18354443,5.80728339,84.4974245,-29.1236944,2.96350425
537,-11.9434066,-0.115401018,82.7329099,-1.2004101,9.62727565,4.09237658,-0.555706592,0.723479037,15.7977307,0,0,-104.81051,14.466701,-80.21409,72.0412222,7.55137604,-0.440169647,-12.9152064,-105.315711,-17.6718475,74.6443576,74.6398906,-9.75086258,1.43631931,17.9803022,-69.408676,-1.84249881,-15.3027366,85.4638553,-27.7757309,-3.70229379,-67.9273173,-6.06254378,6.25015969,85.6071732,-29.3830708,2.99820332
538,-12.0341308,-0.112553278,82.138747,-1.1509549,9.80744561,4.08687844,-0.546961976,0.572462434,16.0058294,0,0,-105.683326,14.5122703,-80.21409,71.9648812,7.8768559,-0.281252089,-12.974437,-106.159171,-17.6858306,74.6949624,74.6365575,-9.64893055,1.59721935,17.892939,-70.3561462,-2.14165597,-15.4594177,86.5149873,-28.0438654,-3.6757282,-69.0012621,-5.91697495,6.68259647,86.7226319,-29.6498444,3.01346089
539,-12.1209912,-0.0833004015,81.5444946,-1.14117703,9.98044967,4.12594968,-0.661180881,0.624088578,16.185349,0,0,-106.483995,14.5713787,-80.21409,71.9415014,8.02566437,-0.0875836491,-12.8833718,-107.063352,-17.6439718,75.1192469,74.6054869,-9.49194121,1.82978249,17.9066352,-71.3087664,-2.47380572,-15.6599043,87.5716927,-28.2937769,-3.6444946,-70.0249435,-5.79712434,7.06255904,87.8047251,-29.909313,3.03386139
540,-12.2071333,-0.0861277862,80.945766,-1.09685515,10.1451394,4.14353695,-0.697987597,0.559803959,16.3801067,0,0,-107.327653,14.5937681,-80.21409,71.9714108,8.12967279,0.00735908527,-12.9149981,-107.917317,-17.6982479,75.2508852,74.5277457,-9.35329862,1.93293542,17.8749432,-72.2456224,-2.77952222,-15.8141709,88.6208575,-28.5164274,-3.61172549,-71.0655638,-5.65877672,7.46370202,88.906899,-30.1593696,3.03548676
541,-12.2844435,-0.0725844235,80.3490639,-1.05966536,10.2746662,4.19012541,-0.74708385,0.528819392,16.6153402,0,0,-108.117653,14.5487657,-80.21409,72.0565286,8.35502805,-0.0126300036,-12.7795913,-108.764984,-17.7843065,75.5710708,74.4384752,-9.07415818,1.9855345,17.9817297,-73.1250434,-3.10523046,-15.9682617,89.6564918,-28.7644367,-3.53496782,-72.0386745,-5.55660819,7.85250286,89.9869295,-30.4408383,3.05203225
542,-12.3679571,-0.0427703693,79.7411203,-1.07676913,10.4143793,4.23678679,-0.890375616,0.610813839,16.836348,0,0,-108.916505,14.6316944,-80.21409,72.0487149,8.50754276,0.118524566,-12.8483961,-109.606921,-17.7509735,75.7819392,74.3968861,-8.97561989,1.96856148,18.1892343,-74.0750681,-3.42376572,-16.1767225,90.7405863,-28.9719993,-3.49921946,-73.0207533,-5.42972249,8.19103948,91.0693233,-30.6904886,3.0852338
543,-12.4371357,-0.0157163144,79.1394234,-1.12790226,10.491856,4.25759957,-0.933760924,0.69405154,17.1121015,0,0,-109.694498,14.6811689,-80.21409,72.0257586,8.39609883,0.228840952,-12.7500294,-110.495153,-17.7850186,76.1688899,74.3839566,-8.69754837,2.00534034,18.2994275,-74.9504047,-3.69263121,-16.4228535,91.8304249,-29.2111823,-3.50484882,-73.8809883,-5.27559543,8.48186381,92.1278182,-30.9387591,3.0397505
544,-12.5102609,0.00192829375,78.5269499,-1.21522798,10.5967022,4.31063142,-1.00541868,0.731963145,17.3332887,0,0,-110.50712,14.6329904,-80.21409,72.1563655,8.41967237,0.212876773,-12.900332,-111.229747,-17.9175191,76.2281691,74.1934626,-8.41687797,2.15997091,18.2283354,-75.8893713,-3.99495032,-16.7445571,92.9289242,-29.4081854,-3.53604507,-74.7654227,-5.12431912,8.70254466,93.1917431,-31.1735161,3.09769014
545,-12.5702605,0.0317610742,77.9245257,-1.2221774,10.7095975,4.27678575,-0.954943049,0.782354467,17.5366371,0,0,-111.21791,14.5532821,-80.21409,72.2356572,8.32585119,0.255081685,-12.7535401,-111.992529,-18.0340746,76.3786314,74.088667,-8.52310876,2.2292555,18.3074222,-76.7804992,-4.25626696,-16.9105785,94.000376,-29.607084,-3.51644947,-75.6862688,-4.93673181,9.06291312,94.2208477,-31.3906649,3.05918559
546,-12.6202539,0.0532872742,77.3214698,-1.23696777,10.8137865,4.26652892,-0.97253356,0.849675693,17.755116,0,0,-111.904419,14.5275562,-80.21409,72.2875803,8.20008435,0.335415302,-12.701979,-112.71618,-18.0495347,76.7230163,74.0898691,-8.31435171,2.18124631,18.0808904,-77.6558767,-4.52883676,-17.1002904,95.0583996,-29.8259505,-3.52608324,-76.6196004,-4.75336642,9.4177756,95.297545,-31.5638717,3.14826727
547,-12.6733929,0.0793474261,76.7128944,-1.20060218,10.90729,4.21488031,-0.956709186,0.749398964,17.9782463,0,0,-112.657796,14.50676,-80.21409,72.3959617,8.42786262,0.128798278,-12.8996609,-113.384248,-18.1523223,76.8935593,73.9236018,-8.39215696,2.27262421,18.0299543,-78.5084824,-4.80850867,-17.2192535,96.1242165,-30.0170046,-3.50231482,-77.5435884,-4.55512359,9.84431238,96.3348459,-31.7821065,3.15793668
548,-12.7268597,0.096935418,76.1156857,-1.10362767,10.9936855,4.15793709,-0.923430157,0.682832901,18.189721,0,0,-113.410319,14.5229117,-80.21409,72.3939058,8.59122709,0.202188087,-13.1725859,-114.08284,-18.1406751,76.9691627,73.9595081,-8.54117461,2.16073717,18.041441,-79.290662,-5.07242377,-17.2423874,97.113303,-30.2383676,-3.50169306,-78.4963247,-4.36361192,10.3498685,97.3758418,-31.9883474,3.22349113
549,-12.788476,0.115235592,75.5055487,-1.00233287,11.0219492,4.09584676,-0.892591532,0.585904246,18.4805487,0,0,-114.092819,14.5698163,-80.21409,72.4184604,8.51708026,0.0852646932,-13.3947984,-114.775988,-18.2236021,77.4574051,73.7802362,-8.56330015,2.33764548,17.9298254,-80.0262393,-5.3264496,-17.2672493,98.1299152,-30.474938,-3.45048777,-79.4032919,-4.17453393,10.8583103,98.4337835,-32.1762084,3.26403983
550,-12.8227323,0.100556866,74.9016106,-0.832141945,11.1215648,4.08624228,-0.98787011,0.187657246,18.6484689,0,0,-114.670939,14.6172537,-80.21409,72.4329404,8.7593078,0.147480673,-13.3793511,-115.313578,-18.2639959,77.386658,73.6599292,-8.66348537,2.28682311,17.9673283,-80.7869106,-5.63766247,-17.2315257,99.0936617,-30.6751275,-3.48018607,-80.392112,-4.01580759,11.4058345,99.4955091,-32.4042752,3.26420077
551,-12.8680229,0.108973437,74.2953658,-0.687424318,11.1665964,4.04350099,-0.970085044,0.0813143159,18.8655596,0,0,-115.431153,14.739065,-80.21409,72.4118488,9.09944866,-0.115980828,-14.080622,-115.866578,-18.2806137,77.6061393,73.5664103,-8.79093414,2.45832083,17.8232096,-81.5237241,-5.92008098,-17.2127819,100.0991,-30.8491709,-3.45941739,-81.3481199,-3.83353801,11.9668039,100.571612,-32.5811054,3.43636379
552,-12.929593,0.119121431,73.6941576,-0.620927322,11.1555317,4.01696227,-0.966682329,-0.049346666,19.2104517,0,0,-116.048561,14.8403943,-80.21409,72.3437449,8.98194038,-0.205534826,-14.2599127,-116.504449,-18.3083818,77.7619291,73.589107,-8.72778648,2.37119515,17.8862744,-82.2336061,-6.17115489,-17.2840874,101.096519,-31.0434147,-3.44925727,-82.1618277,-3.65049065,12.3954708,101.585711,-32.7848124,3.45792094
553,-12.9676446,0.155757973,73.0961382,-0.490648701,11.1557808,4.02170957,-1.02864741,-0.113917163,19.4808658,0,0,-116.593528,14.93336,-80.21409,72.2608947,9.08065027,-0.0978764307,-14.1980039,-117.108252,-18.3436666,78.123895,73.5113316,-8.69660922,2.35990485,17.9801605,-82.9144121,-6.48066662,-17.2633048,102.092347,-31.2139269,-3.43098438,-83.0507973,-3.52484484,12.936695,102.646323,-32.9369514,3.67026277
554,-12.9929706,0.178001297,72.478807,-0.425946197,11.2350175,3.99386833,-1.06003842,-0.208292262,19.5672438,0,0,-117.057722,15.0273656,-80.21409,72.3339846,9.11855099,-0.279742937,-14.3036985,-117.556244,-18.3340753,78.2293736,73.4983611,-8.76271948,2.32196166,18.0369928,-83.6922887,-6.74634476,-17.3126444,103.068845,-31.4355563,-3.44750554,-83.9455111,-3.30569224,13.3695967,103.658434,-33.143872,3.69093007
555,-13.0289346,0.221695588,71.8793154,-0.440412164,11.2030479,3.99454333,-1.10205262,-0.120353403,19.8299806,0,0,-117.608126,15.0910776,-80.21409,72.3498784,9.23512097,-0.391296788,-14.3867946,-118.124488,-18.3633427,78.4206257,73.457018,-8.88249368,2.32871031,18.133155,-84.3904091,-7.0074996,-17.4722045,104.086134,-31.6261664,-3.50706351,-84.6944891,-3.14763782,13.7022132,104.674616,-33.3173076,3.86339405
556,-13.0657434,0.24262045,71.2934792,-0.356511854,11.1689906,3.98394766,-1.10223907,-0.206953838,20.1061184,0,0,-118.078576,15.0813411,-80.21409,72.3412109,9.47381218,-0.280075322,-14.4124368,-118.729574,-18.3667936,78.7547654,73.5109765,-8.7380975,2.34415571,18.2145846,-85.0359098,-7.24496095,-17.4840344,105.043344,-31.8065449,-3.50522384,-85.4619838,-2.98055475,14.1481315,105.66375,-33.5042533,3.9563636
557,-13.0944356,0.265785516,70.6873238,-0.321751693,11.1440255,3.96914214,-1.11183185,-0.18231832,20.3648801,0,0,-118.556689,15.1452837,-80.21409,72.296077,9.75265465,-0.231210841,-14.4434664,-119.271769,-18.4011221,78.9362504,73.4641282,-8.76776955,2.37203463,18.2330688,-85.716183,-7.48963113,-17.5765663,106.030511,-32.0170206,-3.53307351,-86.2171979,-2.76382751,14.5537671,106.667727,-33.709118,4.01951254
558,-13.1214693,0.281356857,70.1012075,-0.297493089,11.0703985,3.94836694,-1.12567921,-0.189035437,20.613668,0,0,-119.005337,15.1985916,-80.21409,72.2729227,9.83369229,-0.254014068,-14.5535605,-119.804032,-18.4136743,79.2096492,73.4503449,-8.61091596,2.43426725,18.3242552,-86.3307907,-7.68381938,-17.662415,106.993008,-32.2163904,-3.55249195,-86.8333697,-2.61347648,14.8703754,107.593818,-34.0411164,4.0264439
559,-13.1398752,0.30376853,69.5042193,-0.243375119,11.0105936,3.96578167,-1.21809124,-0.225420495,20.8445318,0,0,-119.363662,15.3675927,-80.21409,72.17493,9.97998213,-0.0750467835,-14.5096799,-120.235016,-18.4071344,79.1703483,73.3946993,-8.8396718,2.43207199,18.2930942,-86.9600356,-7.91895718,-17.7009355,107.964991,-32.3835046,-3.55599008,-87.5673418,-2.46221617,15.2723542,108.605458,-34.2091152,4.20546487
560,-13.1672844,0.30439191,68.9209819,-0.193174711,10.8823226,3.98068606,-1.26171811,-0.330077696,21.1964881,0,0,-119.818115,15.2943799,-80.21409,72.337106,10.1871349,-0.125212362,-14.4948465,-120.821976,-18.4176273,79.2920827,73.4776315,-8.53941669,2.47087344,18.3320997,-87.5094423,-8.12149278,-17.7623219,108.911751,-32.5663044,-3.60487566,-88.1828307,-2.32265727,15.6468757,109.578562,-34.4118283,4.30683298
561,-13.159816,0.308945542,68.3357418,-0.101070244,10.805424,3.98565854,-1.1956656,-0.325177302,21.4975679,0,0,-120.243855,15.1333086,-80.21409,72.5426127,10.099805,-0.255041798,-14.2973678,-121.324104,-18.5727477,79.5291654,73.3286719,-8.53303473,2.58856934,18.3471244,-88.0966405,-8.34888088,-17.7806882,109.873599,-32.7117669,-3.63482177,-88.8834373,-2.16567284,16.0841307,110.57605,-34.5979954,4.4730593
562,-13.1765723,0.336342887,67.7390039,-0.102270006,10.6505074,3.96965167,-1.25324014,-0.246095664,21.7588073,0,0,-120.554396,15.3106272,-80.21409,72.4315538,9.96958744,-0.128266217,-14.362532,-121.726156,-18.6004407,79.9694189,73.2363619,-8.20165359,2.48518909,18.1824178,-88.6737778,-8.54046427,-17.8965556,110.888688,-32.8537836,-3.67656276,-89.4573645,-2.01409621,16.4053016,111.549734,-34.8087853,4.53526994
563,-13.1761998,0.342179532,67.1681285,-0.0420566593,10.5078519,4.02285147,-1.37765054,-0.302305373,22.0543513,0,0,-120.932597,15.4383295,-80.21409,72.4598786,10.1224104,-0.187295446,-14.3362221,-122.130531,-18.6047625,80.21409,73.1380618,-7.9017545,2.55327668,18.2195706,-89.2029331,-8.80060398,-17.9611196,111.84305,-32.9533371,-3.65533496,-90.0374934,-1.93479409,16.7682493,112.509417,-35.0423436,4.60976895
564,-13.1851494,0.356535078,66.58656,-0.0380572153,10.3399506,4.06943595,-1.44856882,-0.210032573,22.3402476,0,0,-121.254313,15.4565268,-80.21409,72.5222314,9.90888328,-0.280954869,-14.3640056,-122.453107,-18.6746183,80.21409,73.0771775,-8.0914963,2.4310116,18.2307038,-89.7600375,-9.02336291,-18.0588375,112.832136,-33.0130978,-3.71044563,-90.5767437,-1.84709105,17.0712638,113.465841,-35.2632558,4.65728103
565,-13.1946459,0.358491112,66.0247803,-0.0100007334,10.1699039,4.09872034,-1.58928225,-0.322120686,22.6469146,0,0,-121.59727,15.5837135,-80.21409,72.4998626,9.90571407,-0.204910624,-14.5388687,-122.798291,-18.6667943,80.21409,73.0213953,-8.04913376,2.34054297,18.3416773,-90.2710586,-9.22641761,-18.1253806,113.763501,-33.1097313,-3.66817615,-91.0952165,-1.75212121,17.3728286,114.386407,-35.4873851,4.61651077
566,-13.205272,0.378347235,65.4529631,-0.0551617262,9.9454966,4.16492844,-1.67996037,-0.198290383,23.0128129,0,0,-121.945432,15.6870526,-80.21409,72.4433223,9.71395736,-0.109465081,-14.5339886,-123.091033,-18.8692121,80.21409,72.7241318,-8.29331814,2.34961837,18.5226261,-90.7420274,-9.43297192,-18.2635143,114.719502,-33.2690079,-3.66985082,-91.5279431,-1.70982217,17.6019439,115.317526,-35.7312945,4.67643245
567,-13.2074758,0.373999146,64.8983777,-0.031361117,9.74128119,4.27650819,-1.81840361,-0.265442976,23.3312466,0,0,-122.232109,15.7018877,-80.21409,72.4621599,9.56834371,-0.053679017,-14.5158544,-123.401875,-19.0630375,80.21409,72.5004568,-8.46823075,2.21901235,18.6055617,-91.1890633,-9.67707263,-18.3346798,115.611252,-33.3900116,-3.57652312,-92.0039595,-1.7054675,17.8931883,116.244683,-35.9631351,4.71508748
568,-13.2246152,0.381510449,64.3600941,-0.0541402717,9.48484936,4.34708931,-1.94162556,-0.227187753,23.7440752,0,0,-122.617509,15.7625654,-80.21409,72.5472231,9.51641719,-0.133687373,-14.6325055,-123.763465,-19.0815985,80.21409,72.415257,-8.87254209,2.23441314,18.7676762,-91.5953503,-9.84414248,-18.432261,116.501294,-33.5323766,-3.51325721,-92.3934237,-1.67089031,18.1489516,117.139629,-36.1571295,4.8148949
569,-13.206777,0.394768873,63.8030946,-0.12013712,9.34949976,4.43410331,-2.03265555,-0.174768039,23.9496366,0,0,-122.88651,15.8411997,-80.21409,72.5053609,9.44981602,-0.073555888,-14.5859441,-124.022192,-19.2391915,80.21409,72.2300564,-8.99299845,2.30609064,18.9718989,-92.1429812,-10.07081,-18.5890548,117.405283,-33.6810391,-3.45423178,-92.9024709,-1.64557656,18.3117081,118.058508,-36.3218327,4.87985256
570,-13.1595984,0.400118297,63.2404387,-0.126120791,9.35908078,4.51838316,-2.12365309,-0.111378007,23.9496366,0,0,-123.081402,15.821247,-80.21409,72.4740991,9.42636798,0.179035867,-14.5289974,-124.22703,-19.3494068,80.21409,72.0889447,-9.24363139,2.40231584,19.0346888,-92.8158504,-10.3356173,-18.6665843,118.278509,-33.8056388,-3.39456005,-93.5891508,-1.55505158,18.5606173,118.958481,-36.4971192,4.96157492
571,-13.1063282,0.395976612,62.6899719,-0.11850417,9.38920759,4.62881394,-2.25379872,-0.140274663,23.9496366,0,0,-123.283357,15.875436,-80.21409,72.4817079,9.30508773,0.171574485,-14.5192285,-124.446238,-19.3724194,80.21409,72.0943884,-9.44073187,2.4057049,18.8911985,-93.4892115,-10.6126941,-18.7175392,119.105399,-33.9395173,-3.24692594,-94.3152546,-1.46899162,18.8264807,119.868112,-36.5974616,5.02438662
572,-13.0454227,0.364804128,62.1765375,-0.0490769303,9.42562504,4.68708554,-2.4216408,-0.419059773,23.9496366,0,0,-123.473783,16.0018099,-80.21409,72.4089186,9.35959007,0.339239381,-14.5309713,-124.681593,-19.3100325,80.21409,72.1338122,-9.27031523,2.49033414,18.6787454,-94.0912243,-10.8431592,-18.7416651,119.871405,-34.0845769,-3.23052473,-94.9945715,-1.33721582,19.1134614,120.705002,-36.7644904,4.97496081
573,-12.9934892,0.349792489,61.6530657,0.00231955869,9.45967503,4.72052278,-2.48430223,-0.55201226,23.9496366,0,0,-123.659701,16.0373798,-80.21409,72.4322505,9.40077355,0.253537582,-14.5455828,-124.911592,-19.3906509,80.21409,72.1496719,-9.24909469,2.56008382,18.5164567,-94.7179488,-11.0606871,-18.7698038,120.647177,-34.2096855,-3.237769,-95.6874054,-1.18016811,19.4021632,121.536892,-36.9108238,4.99848739
574,-12.9296049,0.337502896,61.1240506,-0.0435190509,9.48056571,4.75860369,-2.47229156,-0.474411973,23.9496366,0,0,-123.85611,15.9626046,-80.21409,72.5349356,9.36007331,0.250466879,-14.4589436,-125.140704,-19.8005186,80.21409,71.7701593,-9.34868824,2.72229633,18.4144615,-95.3659494,-11.2884825,-18.9409444,121.46415,-34.3368055,-3.32477985,-96.2898896,-1.02112598,19.5687874,122.36273,-37.0752879,5.02447797
575,-12.8825635,0.324887806,60.618335,-0.0334204814,9.47466496,4.77852873,-2.56302742,-0.567364658,23.9496366,0,0,-124.004133,15.9595413,-80.21409,72.6371016,9.56244669,0.326104367,-14.4320992,-125.364912,-19.7823469,80.21409,71.8054304,-9.1163013,2.86360569,18.4052937,-95.9468365,-11.4972053,-19.0403476,122.22767,-34.4549234,-3.3885275,-96.8724842,-0.847060638,19.8148227,123.142041,-37.2397316,5.07862088
576,-12.8262088,0.296190823,60.1430416,0.0486134085,9.48072971,4.87457528,-2.68596741,-0.721770369,23.9496366,0,0,-124.16064,15.9949233,-80.21409,72.6290078,9.57964255,0.362424298,-14.4944845,-125.525476,-19.9308079,80.21409,71.6923908,-9.04887282,2.9118518,18.2068135,-96.4630007,-11.7649718,-19.0563815,122.916398,-34.5739907,-3.44351351,-97.4758904,-0.752898742,20.1362532,123.911789,-37.4068902,5.17151828
577,-12.7621293,0.280367932,59.6843243,0.0597129828,9.51812912,4.95924294,-2.76996977,-0.759916815,23.9496366,0,0,-124.388195,15.9311789,-80.21409,72.7310167,9.52091487,0.352785087,-14.5122105,-125.674784,-19.9356693,80.21409,71.8197123,-8.97317127,2.86197626,17.943718,-97.008323,-12.0610238,-19.1811127,123.59118,-34.678595,-3.53621412,-98.0500566,-0.657163289,20.3567607,124.63359,-37.537924,5.26605835
578,-12.6973048,0.267568626,59.2172325,0.0465561428,9.54109494,5.01108068,-2.84142764,-0.744590778,23.9496366,0,0,-124.574085,16.0195598,-80.21409,72.6168979,9.5098235,0.551838891,-14.5224336,-125.824188,-19.9246898,80.21409,71.9232034,-8.98950993,2.87745326,17.816767,-97.5441855,-12.3322429,-19.3501718,124.280688,-34.8008827,-3.70518937,-98.6164296,-0.519588552,20.5543683,125.368231,-37.6243839,5.3470486
579,-12.6341671,0.244776998,58.7758183,0.0600789489,9.55884113,5.11819831,-2.96132713,-0.818850889,23.9496366,0,0,-124.721344,16.0916098,-80.21409,72.5341911,9.58437416,0.675995348,-14.6509743,-126.00083,-19.8815998,80.21409,72.1278427,-8.87069282,2.80114254,17.903034,-98.0473792,-12.6280303,-19.465865,124.920062,-34.8969425,-3.81201267,-99.1595389,-0.457939478,20.7611523,126.069829,-37.7449743,5.42965803
580,-12.5846624,0.212012511,58.3672881,0.0543335919,9.54623329,5.23089435,-3.1132888,-0.92675315,23.9496366,0,0,-124.791886,16.1287711,-80.21409,72.5223202,9.50191329,0.664198331,-14.6064996,-126.145712,-19.740541,80.21409,72.3916929,-8.70559946,2.74479092,17.9490046,-98.5056917,-12.9097013,-19.6088499,125.519602,-34.9523729,-3.93599555,-99.6409238,-0.411042999,20.9146881,126.740225,-37.8064665,5.48673365
581,-12.5217587,0.186844659,57.9838097,0.0586816282,9.56064688,5.32158196,-3.1963772,-0.969029567,23.9496366,0,0,-124.883179,16.1404047,-80.21409,72.5389517,9.3650158,0.643786524,-14.5532207,-126.282193,-19.6734122,80.21409,72.6037566,-8.45797693,2.69972682,17.9977756,-98.9601725,-13.1696122,-19.7182541,126.086262,-35.0067583,-3.97729429,-100.110492,-0.371636329,21.0563326,127.362346,-37.9083456,5.47359407
582,-12.462905,0.157770712,57.6109469,0.0349490684,9.55214861,5.38738737,-3.21150714,-0.985096413,23.9496366,0,0,-124.958775,16.0560143,-80.21409,72.6450724,9.26099117,0.611246009,-14.4094145,-126.368567,-19.7087226,80.21409,72.7750441,-8.22242932,2.61397252,18.074371,-99.4072084,-13.3791018,-19.8563179,126.660298,-35.0438155,-4.06034682,-100.526103,-0.316392025,21.1529951,127.954947,-38.0175398,5.45365718
583,-12.4038205,0.127753103,57.2591364,-0.00784768237,9.53257405,5.44739511,-3.23954037,-0.995888325,23.9496366,0,0,-125.038702,16.0724101,-80.21409,72.6090705,9.2191759,0.56961814,-14.5283861,-126.391312,-19.7470519,80.21409,72.893582,-7.81918178,2.65450649,18.0128395,-99.8163982,-13.5739167,-20.0197626,127.202206,-35.0942769,-4.17730442,-100.892699,-0.248917386,21.2292747,128.534407,-38.1029992,5.45990979
584,-12.3403683,0.0962255814,56.9514751,-0.0260292612,9.55114526,5.5004664,-3.30579427,-1.09088975,23.9496366,0,0,-125.149952,16.0831694,-80.21409,72.6756307,9.28207767,0.445529824,-14.6411781,-126.458699,-19.7707373,80.21409,73.0033909,-7.46628127,2.61014505,18.0322766,-100.205084,-13.7247443,-20.1221283,127.673803,-35.132707,-4.21169784,-101.261495,-0.147324179,21.3375912,129.058924,-38.1450219,5.51445739
585,-12.2965388,0.0692666392,56.651938,-0.0588699408,9.53137956,5.5384316,-3.34217869,-1.13058905,23.9496366,0,0,-125.215809,16.1124658,-80.21409,72.6301689,9.39138034,0.527609702,-14.7633719,-126.46755,-19.8481421,80.21409,73.0976271,-7.37992378,2.48870151,17.945347,-100.554182,-13.8490905,-20.2379461,128.120443,-35.2016714,-4.25074006,-101.546437,-0.0635780955,21.4053347,129.511356,-38.2604555,5.54537466
586,-12.244875,0.0446678954,56.3764572,-0.102178078,9.54206748,5.58650973,-3.34512848,-1.09541443,23.9496366,0,0,-125.315502,16.0986159,-80.21409,72.6671271,9.49966615,0.47735285,-14.870027,-126.484216,-19.9967704,80.21409,73.1136302,-7.25061122,2.45998164,18.0067846,-100.922219,-13.9666645,-20.342933,128.538163,-35.256412,-4.21991627,-101.847539,0.0156111711,21.4577052,129.947559,-38.3438043,5.57157314
587,-12.203934,0.00591434437,56.1245382,-0.0778446003,9.51697982,5.64035982,-3.30028572,-1.1184692,23.9496366,0,0,-125.401399,15.9586619,-80.21409,72.7912589,9.70021502,0.464307562,-14.890171,-126.474982,-20.1338848,80.21409,73.1817818,-7.25402887,2.37984516,18.1203775,-101.159248,-14.0575257,-20.3837007,128.866012,-35.3883371,-4.23987579,-102.104102,0.077003506,21.5775272,130.351947,-38.4670858,5.59692381
588,-12.1646821,-0.0185964716,55.8964849,-0.0892685733,9.49255191,5.67375967,-3.2979991,-1.17138683,23.9496366,0,0,-125.42025,15.8691181,-80.21409,72.8555515,9.93688193,0.563636335,-14.9574722,-126.442962,-20.2290413,80.21409,73.1630534,-7.15808307,2.35467869,18.0184745,-101.389036,-14.15642,-20.4747317,129.204011,-35.4794586,-4.30043139,-102.321575,0.141520986,21.6510064,130.716584,-38.5700236,5.58766506
589,-12.1245041,-0.0446820253,55.6798935,-0.0934841102,9.4798196,5.71366505,-3.29306024,-1.06355191,23.9496366,0,0,-125.45813,15.8706617,-80.21409,72.8628735,9.98315732,0.469633829,-14.7710798,-126.358841,-20.2469705,80.21409,73.2116298,-7.37443657,2.28199288,17.8093631,-101.59653,-14.2713516,-20.5708922,129.504116,-35.5769527,-4.40827965,-102.544294,0.188610591,21.7224638,131.06562,-38.6684227,5.58414239
590,-12.0865569,-0.084142125,55.4912806,-0.0542525813,9.46242686,5.76942775,-3.31650507,-1.23227167,23.9496366,0,0,-125.489809,15.7594918,-80.21409,72.9362092,10.2210391,0.454436338,-14.7480211,-126.289856,-20.3303091,80.21409,73.2257682,-7.33751855,2.22458279,17.6947423,-101.759594,-14.3783286,-20.6166852,129.759278,-35.6491239,-4.49078236,-102.745299,0.214253896,21.8283113,131.377951,-38.779164,5.59803927
591,-12.055546,-0.119874976,55.31376,0.0396581124,9.42324826,5.83737979,-3.40063379,-1.24711357,23.9496366,0,0,-125.468608,15.8641577,-80.21409,72.8830772,10.1736743,0.446498697,-14.6821456,-126.254216,-20.2605728,80.21409,73.3166507,-7.46059685,2.15483119,17.7484839,-101.874109,-14.4783806,-20.567443,129.983527,-35.7180269,-4.53473505,-102.948894,0.235761268,22.0302731,131.680105,-38.8629021,5.68276435
592,-12.0267153,-0.138326583,55.1667213,-0.0144254138,9.37249182,5.86126185,-3.38435062,-1.17927314,23.9496366,0,0,-125.491407,15.8284033,-80.21409,72.946393,10.0624447,0.303562155,-14.7520799,-126.094923,-20.347207,80.21409,73.2445513,-7.69987118,2.2327961,17.5587327,-101.992756,-14.5527135,-20.7126921,130.214442,-35.7833337,-4.63533264,-103.015228,0.238435047,22.0131789,131.914367,-38.9550311,5.68435706
593,-11.9925171,-0.174389023,55.0301015,0.0278354777,9.36165128,5.91045703,-3.41081782,-1.25942317,23.9496366,0,0,-125.520217,15.8386247,-80.21409,72.9212579,9.72709182,0.394628293,-14.5460848,-126.04095,-20.4024,80.21409,73.2799316,-7.59416205,2.12349728,17.5596292,-102.116061,-14.6413626,-20.7334883,130.405551,-35.8012049,-4.67108185,-103.161401,0.240516894,22.1001118,132.138534,-39.0490931,5.72245628
594,-11.9681671,-0.204589288,54.9282968,0.0783274271,9.32440103,5.97387385,-3.46659144,-1.24311887,23.9496366,0,0,-125.5053,15.9367028,-80.21409,72.9104731,9.58274772,0.352227413,-14.5133204,-125.885823,-20.4938528,80.21409,73.1259587,-7.87422371,2.2721478,17.5138498,-102.157295,-14.7153181,-20.7236323,130.534819,-35.8331566,-4.71590795,-103.253117,0.221679899,22.2108958,132.326897,-39.1136281,5.75119985
595,-11.9390823,-0.234868587,54.8421204,0.0808904057,9.28416185,6.02153411,-3.47752017,-1.24192807,23.9496366,0,0,-125.464264,15.9526291,-80.21409,72.9558665,9.37265281,0.285872178,-14.4318704,-125.77736,-20.4817532,80.21409,73.1896024,-7.84967772,2.15381286,17.5553091,-102.195906,-14.7634744,-20.7802614,130.664251,-35.8658595,-4.80589143,-103.28666,0.186551089,22.2295781,132.482748,-39.1911473,5.79155176
596,-11.9111799,-0.27183434,54.7821403,0.074898206,9.24601119,6.02077919,-3.43078204,-1.22567136,23.9496366,0,0,-125.495382,15.9392334,-80.21409,73.0060889,9.25218108,0.319187787,-14.4683692,-125.710902,-20.6083353,80.21409,73.1081934,-8.1290299,2.10738678,17.6962073,-102.215065,-14.7594958,-20.8606733,130.766581,-35.9178475,-4.83993779,-103.267536,0.185306954,22.1850777,132.586403,-39.3001742,5.71812338
597,-11.8866101,-0.285529438,54.7476292,0.035960458,9.21458238,6.02704968,-3.40349564,-1.14541259,23.9496366,0,0,-125.471654,15.9283802,-80.21409,73.0723554,9.16499969,0.296174345,-14.3717562,-125.585254,-20.6888257,80.21409,73.01087,-8.31947948,2.01862975,17.7328359,-102.209171,-14.7713889,-20.9563881,130.843311,-35.9627901,-4.89252085,-103.236943,0.161566644,22.133508,132.660783,-39.3359166,5.72136943
598,-11.8696734,-0.303271157,54.732728,0.0210500492,9.17213943,6.03012698,-3.3788186,-1.0666478,23.9496366,0,0,-125.407409,15.9499295,-80.21409,73.0867534,9.04403704,0.300691207,-14.3767371,-125.470015,-20.7644615,80.21409,72.8725792,-8.3654364,2.00689741,17.8994499,-102.149755,-14.7566835,-21.021823,130.871943,-36.0329362,-4.96111943,-103.178081,0.147058602,22.1071264,132.705439,-39.3672774,5.73209966
599,-11.8573852,-0.324377022,54.7481239,0.00236327461,9.1451867,6.05134382,-3.36148123,-0.96100164,23.9496366,0,0,-125.378436,15.9695663,-80.21409,73.076836,9.01725928,0.30431569,-14.4091242,-125.391755,-20.8479913,80.21409,72.768972,-8.67470822,1.94173015,17.8965556,-102.072102,-14.7423162,-21.0808376,130.849772,-36.0877382,-5.01145664,-103.086884,0.0944702007,22.0424155,132.696191,-39.4347665,5.70304275
600,-11.8453957,-0.349469157,54.7875404,0.0217724075,9.12717995,6.08352583,-3.42077816,-0.987256247,23.9496366,0,0,-125.333479,16.037805,-80.21409,73.0701629,9.11467998,0.328881159,-14.4000007,-125.313289,-20.8442996,80.21409,72.7107856,-8.79746636,1.87153608,17.7951375,-101.962785,-14.738259,-21.099151,130.779872,-36.1342962,-5.04748248,-103.010953,0.0432055622,22.0248483,132.665127,-39.4556772,5.72263558
601,-11.8405998,-0.38220291,54.8486769,0.0442949606,9.0876844,6.08984254,-3.42192968,-1.11349927,23.9496366,0,0,-125.293619,16.0051259,-80.21409,73.1530062,9.26472728,0.311001058,-14.597803,-125.233636,-20.8815839,80.21409,72.6636573,-8.80326519,1.89611366,17.6999691,-101.810383,-14.6976655,-21.1232172,130.684359,-36.1908365,-5.11068947,-102.870736,-0.0107039253,21.9798732,132.58781,-39.5267214,5.68663578
602,-11.8397549,-0.411730492,54.940629,0.0393712351,9.0598457,6.07981295,-3.38051142,-1.08531172,23.9496366,0,0,-125.269125,16.0226505,-80.21409,73.1707374,9.25796113,0.281726387,-14.6647167,-125.171877,-20.8864726,80.21409,72.6638622,-8.83440402,1.93467179,17.6134033,-101.656055,-14.6278524,-21.171983,130.56035,-36.2072324,-5.17603731,-102.688745,-0.0621636794,21.8758699,132.455345,-39.5839071,5.6384266
603,-11.8459001,-0.429383386,55.0565004,0.0776675584,9.01501211,6.09258566,-3.3759337,-0.963948653,23.9496366,0,0,-125.179814,16.1003285,-80.21409,73.1503698,9.15189853,0.24795401,-14.5155522,-125.070203,-20.8717604,80.21409,72.6236461,-8.975555,2.02417928,17.4371383,-101.437468,-14.5693741,-21.1394099,130.393611,-36.2170132,-5.19434478,-102.50377,-0.144060736,21.851761,132.308551,-39.6082943,5.63795916
604,-11.8454441,-0.454565417,55.1928639,0.127800918,9.01651536,6.1030088,-3.33019299,-0.935756834,23.9496366,0,0,-125.111471,16.0355595,-80.21409,73.2083171,9.189141,0.33092504,-14.4811707,-125.039535,-20.8979712,80.21409,72.6504136,-8.87359906,2.05380821,17.3315914,-101.23914,-14.515571,-21.1015211,130.193282,-36.2066074,-5.21313292,-102.346061,-0.210866923,21.8212403,132.129818,-39.6236178,5.61352117
605,-11.8545003,-0.47885091,55.3689957,0.165580048,9.00868341,6.07529882,-3.26345713,-1.04700952,23.9496366,0,0,-125.091158,16.0005565,-80.21409,73.3000534,9.09002897,0.230436282,-14.7212245,-124.94771,-21.0606954,80.21409,72.5493951,-8.78348752,1.98578935,17.1230469,-100.998239,-14.4017151,-21.0677356,129.937901,-36.2011501,-5.22173725,-102.103876,-0.255514469,21.7438901,131.872252,-39.6526769,5.59329869
606,-11.8698597,-0.508478377,55.5573761,0.22008773,8.94242221,6.06021179,-3.15775397,-1.02160634,23.9496366,0,0,-124.916742,15.8795751,-80.21409,73.4137897,8.9927833,0.164391234,-14.6593994,-124.790111,-21.1128985,80.21409,72.5903967,-8.71471691,1.95676894,16.8969079,-100.663144,-14.2768985,-21.0204775,129.667453,-36.2151793,-5.24755024,-101.806271,-0.33755075,21.691547,131.617677,-39.6977869,5.52654639
607,-11.8798658,-0.535071269,55.7987213,0.279507004,8.91698911,6.04843005,-3.11014542,-0.996488741,23.9496366,0,0,-124.838373,15.9510189,-80.21409,73.3299013,8.81326544,0.235030331,-14.6235084,-124.691291,-21.260837,80.21409,72.4411229,-8.59077715,1.91703624,17.0390424,-100.31686,-14.1405415,-20.9508984,129.326886,-36.1889001,-5.2991408,-101.498845,-0.416439942,21.6368355,131.295688,-39.6698787,5.55691214
608,-11.8865892,-0.56559341,56.0510337,0.343873984,8.93165129,6.02546368,-3.07784823,-1.03411519,23.9496366,0,0,-124.752476,16.027558,-80.21409,73.293271,8.87453224,0.230881632,-14.6227896,-124.630885,-21.2228816,80.21409,72.5009895,-8.82902696,1.89406375,16.7159949,-99.9751659,-14.0001657,-20.8746803,128.941513,-36.1974071,-5.30273518,-101.209607,-0.483515868,21.5565449,130.947034,-39.6663817,5.52201243
609,-11.910183,-0.595849333,56.3318551,0.413701261,8.86942346,6.02018582,-3.04024996,-1.14260538,23.9496366,0,0,-124.584877,16.0593474,-80.21409,73.2441688,8.67687766,0.207808866,-14.7136311,-124.500237,-21.2654337,80.21409,72.5227027,-8.69283042,1.9222957,16.8456319,-99.538471,-13.8593554,-20.7951752,128.542193,-36.1625937,-5.32963119,-100.802787,-0.62341287,21.4754893,130.520093,-39.723523,5.45596706
610,-11.9242884,-0.613937248,56.6402912,0.452664424,8.85049575,5.9863544,-3.00533254,-1.08653091,23.9496366,0,0,-124.449052,16.1336086,-80.21409,73.2623234,8.66337523,0.158887409,-14.5533112,-124.438916,-21.2329408,80.21409,72.5680005,-8.92930865,1.75842441,16.8110934,-99.1187968,-13.7333751,-20.7697634,128.131111,-36.1000291,-5.43023347,-100.381665,-0.721997312,21.3504542,130.052061,-39.7407453,5.42229935
611,-11.9330347,-0.630194973,56.9701612,0.492634647,8.82700419,5.98484207,-2.91964013,-0.97804659,23.9496366,0,0,-124.308555,16.0526845,-80.21409,73.3674332,8.46971802,0.123856529,-14.6317525,-124.250348,-21.3947736,80.21409,72.4351738,-8.84032409,1.74343417,16.9235405,-98.6412846,-13.6083793,-20.7244725,127.646851,-36.0905113,-5.51247322,-99.9276551,-0.863236286,21.2347935,129.559673,-39.7739196,5.43719728
612,-11.9401433,-0.665252237,57.3297322,0.617451055,8.81082374,5.99753186,-2.91957802,-1.0758692,23.9496366,0,0,-124.111354,16.0583707,-80.21409,73.3753357,8.26640122,0.111660359,-14.608593,-124.175558,-21.3096557,80.21409,72.5856361,-8.78411761,1.62365283,17.0308872,-98.1081474,-13.4538343,-20.5578705,127.088319,-36.0768748,-5.53184662,-99.5151595,-1.00605549,21.2066941,129.059512,-39.7504169,5.43071286
613,-11.9646199,-0.682692416,57.7308774,0.6627915,8.74480342,5.98513449,-2.85744998,-1.04453411,23.9496366,0,0,-123.844006,16.0067242,-80.21409,73.4462263,8.23243042,0.120224483,-14.405902,-123.981867,-21.2566654,80.21409,72.6864224,-8.70607501,1.69962235,17.0494738,-97.5033341,-13.2700877,-20.4845382,126.493532,-36.0529042,-5.57725329,-98.9686966,-1.17496873,21.0669159,128.48665,-39.7061675,5.37678254
614,-11.9834967,-0.70921029,58.1432164,0.756119781,8.7008202,5.98417946,-2.85904568,-1.03176603,23.9496366,0,0,-123.594213,16.0824454,-80.21409,73.4590738,8.00416721,0.0289614562,-14.3379895,-123.749313,-21.1968483,80.21409,72.7464256,-8.68146926,1.70484446,16.8629311,-96.8891089,-13.0837183,-20.3368353,125.860975,-36.0308052,-5.57785051,-98.4666708,-1.33766277,20.9811066,127.909868,-39.6398464,5.33771813
615,-12.001884,-0.744633982,58.6113095,0.855748294,8.62433578,6.00465811,-2.88309521,-1.14301199,23.9496366,0,0,-123.279901,16.0928683,-80.21409,73.5199103,7.79416706,0.0615245765,-14.3259205,-123.550199,-21.0493521,80.21409,72.9754418,-8.43637304,1.64021241,16.8817073,-96.1922247,-12.8855335,-20.1754841,125.170347,-35.9665058,-5.53771802,-97.8627387,-1.56692021,20.8632295,127.261014,-39.5943881,5.28956914
616,-12.0246664,-0.78955777,59.0999246,0.997599834,8.56770448,6.01232545,-2.83741938,-1.2605795,23.9496366,0,0,-122.985124,16.04233,-80.21409,73.5820719,7.63906798,0.0910660518,-14.2921256,-123.285843,-21.1456595,80.21409,72.912324,-8.47917015,1.7413055,16.7243192,-95.4784289,-12.6737754,-19.9624624,124.418343,-35.9011579,-5.487984,-97.3010171,-1.76380831,20.797605,126.591915,-39.4900398,5.27764662
617,-12.0513149,-0.833724346,59.6496165,1.15726021,8.48712058,6.03924992,-2.98102518,-1.47028594,23.9496366,0,0,-122.631416,16.0860534,-80.21409,73.7573072,7.66336211,0.104618781,-14.2691471,-123.02687,-20.9913877,80.21409,72.9267152,-8.16188225,1.83725408,16.9311152,-94.6556234,-12.4441633,-19.704061,123.569214,-35.8211047,-5.38686604,-96.628988,-2.02927247,20.71887,125.818505,-39.4147848,5.23858135
618,-12.072856,-0.881953444,60.2176189,1.30022128,8.41271539,6.05480322,-3.09282235,-1.65641297,23.9496366,0,0,-122.194202,16.2560825,-80.21409,73.7057393,7.61406608,0.13715396,-14.2395613,-122.76817,-20.8649507,80.21409,73.0218529,-8.09622962,1.73760087,16.8360014,-93.8318957,-12.194052,-19.458461,122.700674,-35.7144786,-5.32831638,-95.9453338,-2.28613667,20.601681,125.030902,-39.3131448,5.1531677
619,-12.1017627,-0.909697544,60.799545,1.29016437,8.32812978,5.99139696,-3.16344715,-1.74689324,23.9496366,0,0,-121.773681,16.5478852,-80.21409,73.5574149,7.63654935,0.263719153,-14.1777694,-122.530397,-20.8294969,80.21409,72.9328829,-7.9379767,1.69315117,17.0265124,-93.0477149,-11.8943399,-19.414128,121.866694,-35.6049019,-5.28178358,-95.1236757,-2.4721191,20.2735844,124.163304,-39.1994904,5.04871276
620,-12.1143475,-0.935660489,61.402005,1.28809246,8.29354388,5.9127683,-3.23495966,-1.8839651,23.9496366,0,0,-121.368281,16.8936328,-80.21409,73.3786689,7.76321009,0.24413412,-14.2133342,-122.201209,-20.728282,80.21409,72.8914715,-7.7041964,1.72775195,16.9604218,-92.2806436,-11.5682461,-19.3408008,120.987949,-35.5089104,-5.24612145,-94.3433266,-2.61779486,19.9713792,123.273535,-39.040026,5.0154634
621,-12.1130049,-0.960861798,61.9984269,1.30591945,8.28188001,5.82624348,-3.27514956,-1.9412499,23.9496366,0,0,-120.957172,17.0888669,-80.21409,73.3394909,7.78223814,0.298173189,-14.2804041,-121.975294,-20.6951983,80.21409,72.8151373,-7.36097171,1.66739624,17.0580696,-91.5287423,-11.2471325,-19.2383787,120.107456,-35.4352605,-5.18646445,-93.582307,-2.76254834,19.6797267,122.371541,-38.8998739,4.9908871
622,-12.1243462,-0.949404854,62.5938535,1.2705399,8.28500322,5.72427374,-3.18466663,-1.84365909,23.9496366,0,0,-120.568343,17.1542199,-80.21409,73.3904851,7.63045426,0.336681689,-14.1076815,-121.731798,-20.8113542,80.21409,72.6867639,-7.3105837,1.67784493,17.112513,-90.8451906,-10.9467886,-19.1669127,119.251278,-35.2803996,-5.14910032,-92.8511625,-2.90102829,19.3520638,121.445927,-38.6798565,4.93542426
623,-12.144728,-0.952515658,63.2110119,1.18015475,8.21510134,5.62992951,-3.08364237,-1.77898307,23.9496366,0,0,-119.977423,17.3835315,-80.21409,73.119511,7.2912739,0.387067007,-13.919047,-121.343297,-20.9926325,80.21409,72.4738395,-6.90359706,1.80428369,17.1853775,-90.0677443,-10.6159641,-19.1885354,118.359378,-35.1554754,-5.13137342,-91.9746922,-3.059065,18.918188,120.487897,-38.4916404,4.83760357
624,-12.1484078,-0.948956329,63.8544559,1.12883987,8.16253229,5.55679109,-2.98925278,-1.61728912,23.9496366,0,0,-119.433658,17.4879634,-80.21409,73.0668093,6.81225352,0.448060463,-13.7368688,-120.9447,-21.2130034,80.21409,72.2850258,-6.5682941,1.81073352,17.0467247,-89.2669115,-10.3064515,-19.1376351,117.429243,-34.9991905,-5.08226479,-91.114341,-3.24498125,18.5418223,119.504678,-38.2789858,4.77782703
625,-12.1612571,-0.947700534,64.5057201,1.11779245,8.09214504,5.43085661,-2.95713809,-1.56823118,23.9496366,0,0,-118.806783,17.8863837,-80.21409,72.7896129,6.45895046,0.473629223,-13.5719914,-120.555981,-21.3751453,80.21409,71.9556604,-6.09863877,2.02443136,17.138992,-88.4247218,-9.94107567,-19.0209003,116.469984,-34.8617602,-5.04507996,-90.2548847,-3.40259235,18.2080481,118.494589,-38.0563558,4.69724702
626,-12.1418193,-0.952343177,65.1515186,1.11663287,8.12476838,5.3228337,-2.83009251,-1.60690093,23.7816378,0,0,-118.13849,18.0306015,-80.21409,72.6680491,6.14445995,0.588967212,-13.7235226,-119.696483,-21.4166302,79.467762,71.9418498,-6.20081328,2.17827945,16.804714,-87.6753681,-9.63453336,-18.9177952,115.488896,-34.7035526,-5.02636097,-89.4868436,-3.5280736,17.8762836,117.480975,-37.8542095,4.58906323
627,-12.1114381,-0.951336697,65.7919228,1.0881051,8.23890242,5.22450307,-2.86669165,-1.63715664,23.3688485,0,0,-117.278569,18.5411017,-80.21409,72.3107005,6.06712001,0.747048259,-13.8225868,-118.907897,-21.5435931,79.1780254,71.733932,-5.89335786,2.23034982,16.8287989,-87.0219512,-9.35524266,-18.8420023,114.495451,-34.5310151,-5.08608628,-88.8084692,-3.6326519,17.5113227,116.468058,-37.6113519,4.49451335
628,-12.0669186,-0.941689126,66.4605439,1.06762092,8.37030059,5.10438284,-2.74049644,-1.50102116,23.111294,0,0,-116.493166,18.7086514,-80.21409,72.1163543,5.78914027,1.09031473,-13.6425217,-118.33953,-21.8279937,79.3727609,71.4579582,-5.5039739,2.37948764,16.7122725,-86.3556936,-9.04087893,-18.7181112,113.469202,-34.3420067,-5.06908295,-88.1068448,-3.7246537,17.153349,115.393696,-37.3574909,4.41140147
629,-12.0050371,-0.937180966,67.1350121,1.06859784,8.56233775,5.04516158,-2.679934,-1.39995154,22.711926,0,0,-115.839626,18.9267018,-80.21409,72.0007533,5.94990116,1.06263176,-14.0907392,-117.632878,-22.0568101,79.248028,71.2727644,-5.54031221,2.37976768,16.9267729,-85.7378688,-8.79826634,-18.5704391,112.40611,-34.1274534,-5.0135898,-87.4990946,-3.85776726,16.8194484,114.330776,-37.0586974,4.42669597
630,-11.9459376,-0.915561244,67.8060174,1.02936758,8.72569632,4.93875738,-2.5600708,-1.19106279,22.3427065,0,0,-115.089644,19.0601995,-80.21409,71.928688,5.76269336,1.11787764,-14.1611951,-117.019309,-22.3131523,79.5023842,71.1124804,-5.46487619,2.26476074,17.035156,-85.1122645,-8.50061865,-18.4386796,111.366945,-33.9314202,-4.92949864,-86.8013361,-3.96168303,16.4288401,113.218411,-36.8026336,4.27395587
631,-11.9037166,-0.923143886,68.5061693,1.02955041,8.81502638,4.86247131,-2.49693317,-1.22445015,22.0375046,0,0,-114.328166,19.1952512,-80.21409,71.9803174,5.72687115,0.972523208,-14.339866,-116.198607,-22.6882031,79.1534709,70.810388,-5.83850376,2.08717219,17.2712535,-84.3710046,-8.18985956,-18.2699159,110.2643,-33.6997401,-4.90848258,-86.0172031,-4.10636736,16.0625507,112.080037,-36.5500839,4.16292474
632,-11.848516,-0.903679151,69.218117,0.948504912,8.94191799,4.78829265,-2.43909641,-1.00235107,21.6631727,0,0,-113.504589,19.3133571,-80.21409,72.04099,5.50057289,0.8905381,-14.3739197,-115.306939,-22.9595067,78.7985674,70.5739405,-6.3564861,1.84825858,17.241006,-83.6827674,-7.88873701,-18.1864425,109.157365,-33.4811741,-4.87805963,-85.2233165,-4.23252053,15.6118044,110.904275,-36.2612421,4.10394093
633,-11.7823355,-0.893793721,69.9352086,0.924262766,9.0494282,4.68838694,-2.42220898,-0.946196458,21.3095191,0,0,-112.594439,19.4727054,-80.21409,72.1584965,4.86886108,0.734343146,-14.2863814,-114.45126,-23.118505,78.3341214,70.5160273,-6.94804579,1.449483,17.3151084,-82.9267201,-7.55647477,-18.0219288,108.021491,-33.2731504,-4.87019638,-84.4177299,-4.37114263,15.2198727,109.715385,-36.01806,4.05332539
634,-11.7251433,-0.889044348,70.6579864,0.86668937,9.11870213,4.60798681,-2.32533491,-0.81770918,20.9819928,0,0,-111.68948,19.4966777,-80.21409,72.3412792,4.17830035,0.484937988,-14.1520845,-113.332045,-23.5761669,77.4011995,70.0437402,-7.57388236,1.3552075,17.4175271,-82.153488,-7.2317266,-17.9118842,106.881355,-33.0416207,-4.83930514,-83.5300034,-4.52333845,14.7653441,108.48873,-35.7805914,3.96842443
635,-11.6494529,-0.866656285,71.3905334,0.771776393,9.24077199,4.51471491,-2.26050788,-0.68110465,20.6134631,0,0,-110.766325,19.7096071,-80.21409,72.351306,3.37386927,0.532380055,-14.0646829,-112.299143,-23.9374088,76.8680213,69.7842681,-7.65104301,1.04683684,16.9680614,-81.4318854,-6.90265705,-17.8230798,105.725359,-32.8049751,-4.85410403,-82.6921577,-4.63361442,14.2859417,107.256482,-35.4656343,3.94978698
636,-11.5820594,-0.853227824,72.1215963,0.700647105,9.31434931,4.46474526,-2.17226781,-0.441164373,20.2750272,0,0,-109.844147,19.748295,-80.21409,72.4570509,2.48397011,0.553475095,-14.1017853,-111.336141,-24.3171298,75.9409938,69.6229801,-7.45494743,0.757490604,17.4809181,-80.6089978,-6.58505112,-17.7119065,104.503978,-32.6519686,-4.81332524,-81.7927652,-4.79454862,13.8147312,106.006961,-35.2001893,3.93862944
637,-11.5124576,-0.834574457,72.859031,0.639046899,9.36986604,4.35983119,-2.19141326,-0.242344397,19.9478543,0,0,-108.854378,20.0689673,-80.21409,72.4208236,1.6087183,0.506329394,-13.9776859,-110.385856,-24.4870512,75.6457248,69.4118384,-6.95836194,0.878824432,17.428983,-79.763557,-6.20989786,-17.5554423,103.281599,-32.4835976,-4.78688643,-80.8703072,-4.90433409,13.3798787,104.735699,-34.9166066,3.88374033
638,-11.4402294,-0.832323171,73.5928774,0.602846332,9.43089846,4.26607417,-2.12120809,-0.111691549,19.5799889,0,0,-107.883999,20.3210354,-80.21409,72.4029285,0.997766094,0.374172837,-14.2158264,-109.391278,-24.7968481,75.1143634,69.2394649,-6.31946604,0.780411011,17.7902266,-78.9183348,-5.84742612,-17.3726476,102.041401,-32.2995275,-4.76012318,-79.9367843,-5.00417395,12.9616158,103.440442,-34.6584289,3.75684438
639,-11.3764681,-0.841323193,74.3433475,0.60551676,9.42371868,4.20831343,-2.1060852,-0.112971542,19.2944972,0,0,-106.901005,20.5327115,-80.21409,72.4077438,0.405141342,0.279569221,-14.2687262,-108.404521,-25.0147431,74.7272351,69.1793934,-5.81249013,0.744336193,17.9064764,-77.9738357,-5.50775612,-17.1419699,100.757346,-32.0709927,-4.69817422,-78.9642473,-5.17156396,12.5815969,102.155608,-34.3842241,3.72690254
640,-11.2834953,-0.85742753,75.1025498,0.579985485,9.49376965,4.12218082,-2.0984625,-0.185412875,18.8781323,0,0,-105.85126,20.7611096,-80.21409,72.4250925,0.127986166,0.248767362,-14.1979296,-107.395989,-25.2466109,74.5085461,69.0859223,-5.48684208,0.548865411,17.8598962,-77.1021875,-5.15455466,-16.9515016,99.4548899,-31.8364714,-4.66990322,-78.0083828,-5.28567038,12.1451914,100.814152,-34.1417558,3.70696863
641,-11.2023838,-0.857375842,75.8428037,0.560792132,9.52862416,4.0708676,-2.10477317,-0.0642727204,18.48081,0,0,-104.81484,20.8840325,-80.21409,72.6234617,-0.479714975,-0.0410807931,-14.2047905,-106.396616,-25.464856,74.2448939,69.0426121,-5.45069245,0.289528864,18.0107905,-76.2003908,-4.82388044,-16.7270274,98.1520382,-31.6201763,-4.68030474,-77.0577503,-5.43034489,11.741207,99.504805,-33.861981,3.63516328
642,-11.1160778,-0.87700747,76.6039133,0.578575119,9.53399448,3.99975525,-2.02169565,-0.0473702,18.0911425,0,0,-103.702216,21.0135739,-80.21409,72.6606179,-1.1650053,-0.261796402,-14.0283403,-105.2754,-25.7160874,73.7913557,69.0404742,-5.4833732,0.112395872,18.0226289,-75.257128,-4.48859243,-16.4713222,96.8423016,-31.3217586,-4.65824323,-76.0741279,-5.56757662,11.3697182,98.1759643,-33.5584099,3.60532517
643,-11.0220827,-0.889911409,77.3560762,0.590457571,9.59065945,3.8869206,-2.04368609,-0.154179341,17.6710005,0,0,-102.618476,21.3396027,-80.21409,72.6247799,-1.7727725,-0.392726939,-14.1238203,-104.201783,-25.9133928,73.3064806,68.9207342,-5.28892667,-0.0601084661,17.9777187,-74.3655151,-4.12222578,-16.1862762,95.5078944,-31.0311203,-4.66518526,-75.167188,-5.63876598,11.0307068,96.8537763,-33.2047051,3.57848744
644,-10.9345801,-0.906750001,78.1274557,0.615130176,9.53202257,3.83088861,-2.05480734,-0.154348135,17.3779769,0,0,-101.471367,21.4183428,-80.21409,72.8922706,-2.79241377,-0.735423917,-13.9698218,-102.905904,-26.1354081,72.2239024,68.8093406,-5.36069531,-0.313493703,17.7662885,-73.3224564,-3.77820238,-15.8962391,94.1435231,-30.7414349,-4.61610395,-74.0992743,-5.79863168,10.6657681,95.4990698,-32.8871901,3.52472446
645,-10.8457796,-0.908218697,78.8983583,0.619920408,9.46919156,3.75084447,-2.04257533,-0.0828487806,17.0960608,0,0,-100.364671,21.5429972,-80.21409,73.1025858,-3.68869318,-0.895882083,-14.0507168,-101.658207,-26.4598796,71.3437643,68.5811576,-5.32648845,-0.371656099,17.7421814,-72.2697808,-3.42571275,-15.6093216,92.7664135,-30.4422112,-4.57240824,-73.0387986,-5.92475197,10.3091358,94.1393499,-32.4969199,3.51954376
646,-10.7529052,-0.924615748,79.6719253,0.613029611,9.39541522,3.68417451,-2.11200676,-0.194075516,16.80072,0,0,-99.2069063,21.8323752,-80.21409,73.2043898,-4.30009329,-1.15673458,-14.0379213,-100.125881,-26.692352,69.7481228,68.3480228,-5.26926299,-0.525394266,17.6756229,-71.2081645,-3.06044897,-15.3330524,91.3710195,-30.1276605,-4.55791373,-71.9278206,-6.06289468,9.89386625,92.7468724,-32.1471972,3.47514347
647,-10.661152,-0.936505012,80.4448545,0.562626015,9.28080691,3.63527138,-2.16273757,-0.0970916927,16.5205388,0,0,-98.0646459,22.0137748,-80.21409,73.3813326,-4.86720646,-1.33252412,-14.3227726,-98.5091888,-26.9607801,68.3617993,68.0550692,-4.88257524,-0.598293782,17.582594,-70.1219049,-2.6852829,-15.1044869,89.9896138,-29.8054156,-4.55971177,-70.7517235,-6.19756979,9.42668729,91.3497845,-31.7763213,3.45361301
648,-10.5661936,-0.94601186,81.229049,0.55921474,9.14864738,3.54138203,-2.23973493,-0.18134227,16.2961876,0,0,-96.9725055,22.2680901,-80.1264859,73.5977677,-5.07327156,-1.58788953,-14.6001663,-97.026908,-27.0474945,67.2811814,67.9578961,-4.26076293,-0.623346863,17.411385,-68.9602741,-2.28879746,-14.7808009,88.5473169,-29.4824057,-4.56092499,-69.6034935,-6.30951617,9.05983015,89.9664868,-31.3198154,3.55213187
649,-10.4621537,-0.957277045,81.9887042,0.524961209,9.03724344,3.48119319,-2.18871811,-0.0449014402,15.9463334,0,0,-95.8490487,22.5436558,-80.21409,73.5237967,-5.26450192,-1.62675384,-14.8248317,-95.5750625,-27.3504339,66.7827415,67.9005771,-3.14551449,-0.814505395,17.3137748,-67.8595413,-1.92798738,-14.514321,87.1377571,-29.1456364,-4.55349844,-68.4045973,-6.43250183,8.60175326,88.5155497,-30.9692832,3.46320473
650,-10.3700683,-0.985909998,82.7630877,0.533020016,8.85110668,3.43181187,-2.18206679,-0.104435787,15.7589198,0,0,-94.774735,22.6182875,-80.0981338,73.7945796,-5.23322392,-1.7645274,-15.2004084,-94.0636782,-27.6236858,65.824343,67.6762191,-2.97559411,-0.689423607,17.376867,-66.6363091,-1.55111718,-14.1810889,85.6639935,-28.821602,-4.55365596,-67.1628279,-6.5816881,8.190943,87.0894267,-30.5512142,3.4698012
651,-10.2621093,-0.998651516,83.5290194,0.523057207,8.68629506,3.37720941,-2.18625903,-0.0395684531,15.4275003,0,0,-93.2789304,22.7882585,-79.0906195,73.8850249,-4.7045724,-1.95598518,-15.3612474,-92.6636124,-27.7638703,65.3193871,67.743312,-2.67968726,-0.760923735,17.4889999,-65.4335742,-1.17427536,-13.8467281,84.1896767,-28.516231,-4.57365859,-65.918101,-6.72560574,7.74361854,85.6362834,-30.1381209,3.44095518
652,-10.1809494,-1.01846177,84.3005896,0.437102366,8.43163843,3.36193523,-2.22580647,0.119571279,15.2650715,0,0,-91.9152832,22.9647267,-78.1214293,74.0282677,-4.1181362,-2.16987447,-15.3599872,-91.5184287,-27.9224246,65.0483038,67.9245921,-2.59074475,-0.994437444,17.8849665,-64.1937788,-0.764827988,-13.6155723,82.7412599,-28.1436681,-4.68539323,-64.5143332,-6.85711975,7.17470818,84.1401442,-29.7158786,3.39816596
653,-10.0660875,-1.03019327,85.0681186,0.407937662,8.27087774,3.33920905,-2.20620105,0.193008113,14.9795235,0,0,-90.4534861,23.0471944,-76.8105725,74.1684095,-3.62626184,-2.29369961,-15.4647965,-90.2780937,-28.0926517,64.4500338,68.0919863,-2.88375133,-1.11490458,18.332407,-62.9904839,-0.428760936,-13.3202648,81.2381402,-27.781371,-4.74580327,-63.2186532,-6.99807607,6.67730093,82.6164519,-29.3073548,3.36041657
654,-9.96894836,-1.02765532,85.8255327,0.332414618,8.08285628,3.32242081,-2.28772149,0.487306356,14.7732142,0,0,-89.0718959,23.2587066,-75.5111017,74.3192474,-3.53567795,-2.63398647,-15.8681772,-89.1287436,-28.3053746,63.9859635,68.0881956,-3.39097953,-1.24299315,18.5924426,-61.7794572,-0.0683305531,-13.0563693,79.7326777,-27.4436352,-4.74870908,-61.8925788,-7.10741331,6.14038062,81.0907789,-28.8554216,3.40425038
655,-9.87521857,-1.06157986,86.5713,0.282714744,7.85985812,3.35513232,-2.38927552,0.483618481,14.563092,0,0,-87.5489755,23.5310757,-74.2723376,74.2451262,-3.73958407,-2.66556606,-15.7993989,-87.7451385,-28.5425495,63.3161541,67.9731205,-3.85192275,-1.4355999,18.5830989,-60.5564504,0.247683417,-12.8032827,78.2442839,-27.0127544,-4.79111559,-60.5300653,-7.25483911,5.57270182,79.5780013,-28.4411519,3.43303771
656,-9.76069048,-1.08578596,87.3084486,0.22844118,7.70414298,3.35227498,-2.43392382,0.575616433,14.2509267,0,0,-85.9947044,23.6996755,-73.0516804,74.2521681,-4.3362092,-2.83247667,-15.769189,-86.1458702,-28.8402552,62.2805609,67.7319329,-4.5191174,-1.52499405,18.276881,-59.3889934,0.56478402,-12.5445013,76.7402831,-26.5676634,-4.83764327,-59.2080344,-7.35573808,5.00909041,78.0099333,-28.0665826,3.41099306
657,-9.65580121,-1.11547392,88.0406499,0.20497524,7.51719531,3.37693369,-2.50172903,0.641223068,14.0238477,0,0,-84.6007994,23.9367514,-72.347843,74.1348937,-5.38831361,-2.73277363,-15.7850197,-84.6408175,-29.1819457,61.3589976,67.4906906,-4.85013654,-1.61781099,18.0020154,-58.1438158,0.849625267,-12.2537154,75.1645174,-26.1422502,-4.88737004,-57.8657656,-7.49605834,4.45479068,76.4372617,-27.6913286,3.40391847
658,-9.54776704,-1.17003974,88.7765467,0.283461692,7.27558767,3.39406697,-2.5702132,0.52795436,13.7994973,0,0,-83.0340428,24.1329537,-71.7347038,74.0820554,-6.89559037,-2.90481777,-15.2800757,-83.0165917,-29.4733523,60.2940072,67.1646652,-4.65028862,-1.39894963,17.8476736,-56.7642269,1.09632007,-11.8328656,73.5177657,-25.6970824,-4.88203438,-56.4806408,-7.69919585,3.99300116,74.841388,-27.3534887,3.4300574
659,-9.42337662,-1.20412745,89.5127475,0.312271615,7.04786862,3.40635636,-2.61258578,0.428186613,13.5473968,0,0,-81.6502465,24.3636041,-70.9912719,74.0431711,-7.66988153,-3.14614628,-15.4259669,-81.2704538,-29.7774562,59.1625453,66.8521157,-4.28657037,-1.21447882,17.5122584,-55.4106678,1.35023993,-11.4597033,71.8872902,-25.2401667,-4.88394768,-55.1201047,-7.85071335,3.50527549,73.2741328,-26.8697815,3.45166555
660,-9.31556746,-1.24834329,90.2306318,0.25752139,6.79589911,3.41427248,-2.65636025,0.380782326,13.3492069,0,0,-80.2970631,24.6326077,-70.4770406,73.9075236,-8.20632544,-3.25663441,-15.1819208,-79.5994412,-30.0075175,58.3680987,66.6862378,-3.41567003,-1.26723221,17.1962785,-54.1160908,1.67723214,-11.1717332,70.3165994,-24.7566815,-4.93581016,-53.6968436,-7.9079102,2.92938724,71.6868583,-26.3681058,3.43160827
661,-9.20103639,-1.27048176,90.935421,0.257723442,6.59610715,3.37377864,-2.58832174,0.44332322,13.0997393,0,0,-78.9285254,24.7998261,-69.3322667,73.8309025,-8.16429843,-3.458303,-15.7552503,-78.1559832,-30.2707256,58.034683,66.7538635,-2.34977483,-1.44490037,17.1128443,-52.822996,1.97291764,-10.7619517,68.7044562,-24.3069084,-4.91989881,-52.3862634,-7.96442831,2.47026875,70.1041601,-25.8298852,3.4437229
662,-9.07675922,-1.30428029,91.6159391,0.271353364,6.46481735,3.32554444,-2.65557477,0.424843022,12.7687091,0,0,-77.6177984,25.1497298,-68.6398495,73.6945651,-8.21397781,-3.57458441,-16.0105918,-76.747926,-30.3585072,57.5738297,66.8032799,-1.80264978,-1.39924301,17.2102377,-51.6106545,2.23479307,-10.3637722,67.0947309,-23.827885,-4.93190884,-51.1722178,-7.99204106,2.04831738,68.5322945,-25.2984213,3.43201873
663,-8.96140262,-1.32982545,92.3048317,0.267502415,6.22688874,3.25863461,-2.57671533,0.466854475,12.5655263,0,0,-76.4489618,25.5990367,-68.786678,73.1889399,-9.53116699,-3.40717733,-15.9531004,-75.33532,-30.5817451,57.0480895,66.8490422,-1.44695989,-1.40805801,17.3263236,-50.2657151,2.53126811,-9.9495562,65.4614756,-23.3229991,-4.95457867,-49.8178494,-8.01782588,1.6054921,66.9369877,-24.732518,3.43502081
664,-8.83721113,-1.35790529,92.9815352,0.304967961,5.98499839,3.20853374,-2.44937008,0.454193546,12.3365758,0,0,-74.9109398,25.6524932,-67.6532423,73.0705932,-9.3117113,-3.5135699,-15.8725725,-73.8665493,-30.8642383,56.2318649,66.8882201,-1.72189378,-1.47261739,17.663542,-48.8937316,2.77514108,-9.49263704,63.8104618,-22.7934443,-4.95181116,-48.4538196,-8.09913501,1.14502561,65.3211288,-24.2229005,3.42389059
665,-8.71268585,-1.37597369,93.6435223,0.295365361,5.77656403,3.11875889,-2.33782626,0.631636418,12.1031891,0,0,-73.3183105,25.7955806,-66.2874094,72.8086623,-8.97459792,-3.67303369,-15.9868791,-72.5131336,-31.1415816,55.5053342,66.957205,-1.73057506,-1.75847692,18.2801305,-47.5797569,3.06372596,-9.05739604,62.1668519,-22.2766637,-4.97142064,-47.1211677,-8.09129395,0.704773977,63.6935357,-23.6768576,3.40672504
666,-8.59690309,-1.41194081,94.2865729,0.353785514,5.5583656,3.03889316,-2.24902249,0.548548127,11.8689486,0,0,-71.8154435,26.0454152,-65.5709362,72.5412194,-9.39769911,-3.73568702,-15.9046846,-71.0059021,-31.3344525,54.4809732,66.9885556,-1.96214836,-1.8797291,18.4930394,-46.2259963,3.28455622,-8.562145,60.4950128,-21.7308325,-4.98518731,-45.8275948,-8.14258441,0.309321578,62.0907294,-23.138497,3.41731269
667,-8.48647058,-1.45779308,94.9088097,0.387084997,5.32838161,2.95663628,-2.03193944,0.267157807,11.7525306,0,0,-70.6096282,26.1724431,-65.1273564,72.5295534,-9.33580735,-3.82011114,-16.0839583,-69.3094334,-31.5518198,52.7892309,66.8579419,-2.41184033,-2.05974664,18.5291489,-44.882925,3.52497397,-8.08487614,58.8431862,-21.1807854,-5.01324445,-44.5269287,-8.15996211,-0.110753078,60.5048073,-22.5810237,3.37048769
668,-8.3677575,-1.46531696,95.5305696,0.428735625,5.12377192,2.85779113,-2.02000219,0.405117703,11.5237219,0,0,-69.1259062,26.396084,-64.4111086,72.3292376,-9.66492173,-3.89524536,-16.1722726,-67.7158068,-31.7115916,51.4365837,66.7738076,-3.09169836,-2.04316102,18.2242254,-43.5370567,3.73130844,-7.55839064,57.1589196,-20.6183433,-4.99915718,-43.2369962,-8.18899554,-0.49793349,58.8655414,-21.9963305,3.39904599
669,-8.25259462,-1.48136066,96.1397052,0.445939702,4.88255566,2.78169645,-1.91037168,0.475711843,11.3422599,0,0,-67.7735014,26.5302528,-63.8526655,72.2302613,-9.59475007,-4.01559073,-16.2512825,-66.0345694,-31.9433638,50.0930104,66.6357012,-2.85082,-2.0108316,18.0264248,-42.159189,3.94308955,-7.07388221,55.4643804,-20.0519157,-4.99381683,-41.9037126,-8.20065467,-0.924738351,57.2406087,-21.3947292,3.41174523
670,-8.14834312,-1.51760643,96.7129648,0.519773686,4.70663217,2.7218698,-1.75908032,0.32320079,11.0980542,0,0,-66.4973216,26.7283197,-63.3819493,72.1026051,-9.62055965,-4.02186042,-16.4657385,-64.2253684,-32.0688037,48.5605686,66.5474073,-2.67950968,-1.85408431,17.5403629,-40.8618389,4.06624597,-6.59408404,53.7630793,-19.4515677,-4.98041471,-40.7225304,-8.24893557,-1.30107889,55.6860815,-20.8036634,3.4160839
671,-8.02104995,-1.53325936,97.2782254,0.534771678,4.51789481,2.60265247,-1.61770757,0.340203158,10.8290404,0,0,-65.1933428,26.9358277,-62.9558002,71.9909998,-9.68397796,-4.07650833,-16.7247,-62.4526338,-32.0952433,47.2700556,66.5350857,-2.17854775,-1.72966729,17.0984565,-39.546423,4.27423591,-6.08138913,52.081678,-18.8821672,-4.96449739,-39.4575247,-8.2128329,-1.69298618,54.0502136,-20.2056889,3.40299149
672,-7.92867467,-1.56149538,97.8162587,0.530656537,4.26632986,2.54022724,-1.46969417,0.309405675,10.7683576,0,0,-64.0173823,27.0857384,-62.5378336,71.9306414,-9.81798541,-4.03199514,-16.6695292,-60.9959935,-32.1996189,46.5658085,66.6044599,-0.809403403,-1.63026221,16.7504123,-38.222367,4.46673369,-5.62928695,50.4462233,-18.2901282,-4.96833211,-38.1439291,-8.17938205,-2.13626162,52.4548317,-19.6114487,3.39214024
673,-7.82080889,-1.57442261,98.3399272,0.554506616,4.03381639,2.47229204,-1.38554678,0.342911995,10.6451982,0,0,-62.7202338,27.2805627,-61.8195231,71.8038185,-9.7315912,-4.00103816,-16.7008575,-59.7065426,-32.2794706,46.1357627,66.8102877,0.000522918901,-1.5775515,16.6659928,-36.9063364,4.60986756,-5.15468358,48.818661,-17.6980976,-4.9642357,-36.8806105,-8.17664229,-2.53471159,50.8911453,-19.0128339,3.42799297
674,-7.70631805,-1.5848903,98.8457441,0.571198437,3.86790099,2.39509914,-1.32483685,0.412439986,10.3891523,0,0,-61.3409659,27.4880297,-61.1604645,71.642264,-9.8861285,-3.97123932,-16.70841,-58.4447608,-32.3497976,45.7756341,67.0716995,0.613177191,-1.73286744,17.0378864,-35.6635391,4.73984478,-4.69227208,47.171916,-17.0963801,-4.92637383,-35.7039328,-8.14336817,-2.90773213,49.3323902,-18.4097811,3.48271645
675,-7.58525059,-1.6067408,99.3435025,0.559712393,3.70481408,2.28350398,-1.21674046,0.354891213,10.193008,0,0,-59.9558513,27.7911569,-60.5225316,71.3810708,-10.202362,-3.84673309,-16.3760889,-57.2566391,-32.3769237,45.4114109,67.295156,0.893514995,-1.91680358,17.5610379,-34.4285008,4.92054683,-4.21359834,45.5398389,-16.4939182,-4.95619614,-34.5097596,-8.04242054,-3.27327894,47.7427867,-17.7609063,3.47015744
676,-7.49076381,-1.62087083,99.806881,0.581547597,3.47289006,2.17797867,-1.10370307,0.390009191,10.096991,0,0,-58.4873811,27.9981697,-59.6061593,71.1524438,-10.2898968,-4.01370859,-16.2654398,-56.0697503,-32.4533706,44.7955532,67.4625981,0.705092861,-1.99006676,17.9470102,-33.148759,5.05243095,-3.7151448,43.968209,-15.8940039,-4.94932839,-33.335715,-8.00060185,-3.60453244,46.2942811,-17.1272116,3.51240813
677,-7.39075616,-1.63236652,100.257325,0.569935337,3.25789048,2.08016346,-1.03330933,0.439842358,9.95524575,0,0,-56.9693955,28.2431942,-58.8493675,70.8333101,-10.8443255,-3.98244638,-15.9830183,-54.88962,-32.4965443,44.1603046,67.620471,0.401862531,-2.12460142,18.5806981,-31.9261108,5.20455036,-3.24797309,42.4442503,-15.2669789,-5.01839142,-32.1602872,-7.91766969,-3.95659284,44.8221909,-16.4796123,3.55219804
678,-7.28183687,-1.6414592,100.689137,0.567930831,3.07916914,1.97447797,-1.01266679,0.503716366,9.79677511,0,0,-55.3711244,28.4911728,-57.9966594,70.5138963,-11.4913297,-4.00572538,-15.5731814,-53.7001938,-32.5278231,43.4992004,67.6610902,0.0637217496,-2.10401203,18.6899811,-30.7566936,5.32670829,-2.81515531,40.9536435,-14.6291604,-5.08780236,-31.0630549,-7.83384876,-4.27690139,43.4021536,-15.8301809,3.60354975
679,-7.19059035,-1.65486317,101.082838,0.59361761,2.86034103,1.83293177,-0.9839737,0.536033246,9.68788226,0,0,-53.7630691,28.738663,-57.1527929,70.1493827,-12.1735085,-3.92507493,-15.4880226,-52.4668119,-32.4983372,42.6454984,67.7200279,-0.541606307,-2.13964598,18.9599204,-29.5314977,5.44093424,-2.28593113,39.445548,-14.0371888,-5.14596655,-29.9525139,-7.76501752,-4.55022763,41.9887826,-15.2535968,3.63444953
680,-7.08538219,-1.66407693,101.460481,0.587639537,2.66881917,1.70342329,-0.972789799,0.558462787,9.55886084,0,0,-52.1709042,29.0255753,-56.4836325,69.8266836,-12.9943563,-4.11693836,-15.4801781,-51.1055176,-32.3971206,41.5618172,67.7040521,-0.986202156,-2.21224961,18.764951,-28.3842871,5.56378715,-1.81387221,38.0104877,-13.4603537,-5.13386985,-28.849254,-7.66026291,-4.85415909,40.555884,-14.688105,3.60213291
681,-6.97194263,-1.67646017,101.816285,0.59110689,2.51522253,1.57536689,-0.976143636,0.547187959,9.37907746,0,0,-50.6809496,29.3500093,-55.9798001,69.564541,-13.7817508,-4.26491867,-15.6323632,-49.7627536,-32.3345971,40.5599856,67.6380656,-0.976738289,-2.20913589,18.6599248,-27.2785103,5.66437321,-1.34708459,36.5710902,-12.8849026,-5.16482128,-27.813589,-7.55837698,-5.12501537,39.1623,-14.1395938,3.59847833
682,-6.85451403,-1.68617517,102.151668,0.591135046,2.39282111,1.47251404,-0.983104239,0.600903555,9.13956919,0,0,-49.0929306,29.6041845,-55.224733,69.2271364,-14.1727749,-4.35930975,-15.8759005,-48.2736324,-32.2440014,39.381392,67.5501406,-0.99867088,-2.1118898,18.0928347,-26.2542705,5.73964232,-0.932723163,35.2045469,-12.3114979,-5.19852272,-26.8296951,-7.46483071,-5.43177368,37.8026075,-13.6024498,3.59738209
683,-6.73481822,-1.67895183,102.466285,0.608219814,2.23840969,1.35091937,-0.997153724,0.670355159,8.94044527,0,0,-47.5302551,29.8595824,-54.5905636,68.8880312,-14.4590511,-4.49286471,-15.9328011,-46.6792613,-32.1760889,37.9176278,67.3177229,-1.2557306,-2.10373583,17.6736131,-25.1662059,5.79457625,-0.466126687,33.8144873,-11.7775086,-5.24201395,-25.867791,-7.40441257,-5.69532891,36.5379228,-13.0702859,3.64007589
684,-6.59891292,-1.68593936,102.763259,0.610822771,2.13499307,1.2348202,-1.00956781,0.686048426,8.67426255,0,0,-45.983487,30.2203735,-53.8705489,68.4523539,-14.488672,-4.5230486,-16.2076052,-45.1167975,-32.1197398,36.8814096,67.0539478,-0.491750728,-1.91081949,17.3088076,-24.1732399,5.86239619,-0.0116866788,32.4838401,-11.2545006,-5.28651391,-24.9477953,-7.30798225,-5.95720092,35.2627231,-12.5754165,3.58784245
685,-6.45133927,-1.68483891,103.051639,0.620562719,2.07319735,1.1566435,-0.999744821,0.747131075,8.34809882,0,0,-44.4411142,30.4012574,-52.9343861,68.1796245,-14.1796981,-4.61499362,-16.5695454,-43.4864757,-32.1334992,35.8078883,66.7590203,0.242837638,-1.90239893,16.7819558,-23.2185092,5.88715861,0.400461195,31.1297722,-10.7076184,-5.30345235,-24.0883919,-7.23710025,-6.23746578,34.0115314,-12.0598755,3.62522322
686,-6.3227132,-1.69034842,103.308713,0.616734978,2.03478294,1.10673961,-1.04011401,0.828379323,8.00756096,0,0,-42.8711508,30.5727737,-52.0362982,67.8861927,-13.8852572,-4.81156646,-16.7413759,-42.0326153,-32.1680258,35.0481527,66.5662177,0.973968434,-1.86178919,16.6134584,-22.3667027,5.912438,0.744019123,29.8624955,-10.1826936,-5.32870228,-23.2825508,-7.1464265,-6.50434134,32.7960515,-11.577186,3.64096254
687,-6.17826246,-1.69035513,103.554296,0.611926426,2.02427,1.03717104,-1.10916947,0.908571614,7.67440141,0,0,-41.2549983,30.7741174,-50.9534434,67.4951234,-13.5821428,-4.81951979,-16.7941067,-40.5396487,-32.1593276,34.1189703,66.2615025,1.35737833,-1.96287065,16.5897167,-21.5435778,5.93662241,1.1182104,28.6119169,-9.68389685,-5.34912668,-22.533139,-7.05173617,-6.75855543,31.6286253,-11.0910789,3.66925532
688,-6.03140071,-1.69547927,103.792477,0.667883294,2.00736084,0.915938708,-1.0805037,0.901638758,7.30979566,0,0,-39.6661085,30.9236576,-50.0447004,67.1680871,-13.3335538,-4.7811004,-16.8558362,-39.1290199,-32.3185461,33.6189936,65.8988945,1.9143477,-1.84540783,16.6528464,-20.6487701,5.90123136,1.57134788,27.2868824,-9.16612667,-5.34262007,-21.8443964,-7.01357719,-6.91643354,30.5361639,-10.6291669,3.68716151
689,-5.89536689,-1.71473958,104.007816,0.687068927,1.96883344,0.883477836,-1.05186173,0.843961653,6.99155068,0,0,-38.1132957,30.9731798,-49.183639,66.9437291,-13.1260979,-4.86203772,-16.7018513,-37.6388503,-32.3080584,32.8950926,65.6001489,2.64129007,-2.00030414,17.0156268,-19.8163271,5.88652597,1.89661333,26.0538403,-8.65952983,-5.37646537,-21.0912417,-6.95105022,-7.19955726,29.4194313,-10.2038612,3.65817461
690,-5.75050525,-1.71192847,104.209292,0.692629802,2.0186312,0.87548253,-1.11852565,0.862929782,6.5961839,0,0,-36.5924243,31.0161008,-48.5173472,66.7496492,-13.0325917,-4.87296517,-16.4497029,-36.2710605,-32.4427941,32.4520012,65.264247,2.82826586,-1.97727851,17.02697,-19.1145388,5.8507012,2.14683795,24.8511874,-8.15181882,-5.37918378,-20.4816422,-6.88662958,-7.43659556,28.3736047,-9.75801123,3.66668588
691,-5.61280511,-1.73038188,104.4011,0.686292587,1.98683154,0.864303025,-1.10350158,0.735808755,6.26650775,0,0,-35.2382573,31.0233169,-48.0774693,66.8357028,-13.1375607,-5.08185412,-16.5869778,-34.8395382,-32.4650468,31.9067574,64.923325,3.20025291,-1.99659962,17.362918,-18.3272929,5.85690514,2.47668657,23.6645035,-7.65881235,-5.39499524,-19.765519,-6.79839763,-7.71550634,27.3211118,-9.33747392,3.68556623
692,-5.49309999,-1.7348405,104.574752,0.680726853,1.96469037,0.816263278,-1.11545964,0.721865831,5.99404339,0,0,-33.9177256,30.9624121,-47.6786341,66.8498003,-13.1580879,-5.06352915,-16.4723553,-33.4334516,-32.4686054,31.3418666,64.5219557,3.54453457,-2.06384304,17.7198927,-17.5941524,5.85475235,2.75351883,22.5476395,-7.16391904,-5.39665455,-19.0881487,-6.70253293,-7.94571872,26.2737638,-8.91163639,3.64213776
693,-5.37399873,-1.72520149,104.734743,0.58573339,1.99508248,0.886358431,-1.24545287,0.836555913,5.65885057,0,0,-32.7620644,30.9364983,-47.7087723,66.9797105,-13.3462298,-5.0799421,-16.4339713,-32.0918009,-32.4837137,30.9344527,64.2265296,3.59843735,-2.14359895,17.7851467,-17.0514836,5.9170377,2.85063004,21.5718343,-6.71411608,-5.44892727,-18.4510167,-6.53737597,-8.27003574,25.242745,-8.46390383,3.63742877
694,-5.26152551,-1.71354823,104.875791,0.523795567,1.97462244,0.848937971,-1.19745831,0.947739547,5.38953493,0,0,-31.5207117,30.7000986,-47.0978597,67.0989998,-12.7387186,-5.09809034,-16.620625,-30.5705026,-32.4054193,30.0899374,63.915032,3.57055972,-2.2659985,17.8898039,-16.3519595,5.9726427,3.13829519,20.4942524,-6.33015828,-5.458878,-17.8152797,-6.387896,-8.47033701,24.2614296,-8.04596882,3.60568034
695,-5.14694676,-1.71665754,105.006707,0.468027408,1.92477284,0.861047762,-1.207102,0.990385007,5.13105582,0,0,-30.4310541,30.5373216,-46.7108134,67.3625904,-12.0881627,-5.21239825,-16.9927406,-29.1068068,-32.3858918,29.6050007,63.5413591,3.81492404,-2.3084033,18.0756705,-15.6838526,6.02179189,3.33914075,19.5208873,-5.97046088,-5.4908864,-17.1530041,-6.25298354,-8.72087774,23.3302579,-7.67705237,3.58081333
696,-5.0439436,-1.71049051,105.134964,0.432577354,1.88159261,0.859825861,-1.23768556,1.11096506,4.91014872,0,0,-29.2072822,30.1202531,-45.5897164,67.6828375,-11.0034826,-5.33583001,-17.4131165,-27.7231675,-32.3063884,29.0198175,63.2523602,3.47878546,-2.2596206,17.8942487,-15.0261464,6.03386809,3.55593799,18.5418753,-5.56509726,-5.49150667,-16.5255778,-6.14443263,-8.94111548,22.4168892,-7.30279899,3.57983512
697,-4.93120961,-1.69074386,105.257404,0.35436466,1.91040537,0.86580432,-1.23345575,1.23043126,4.60898732,0,0,-28.11806,29.9549694,-45.0393534,67.765838,-10.2730049,-5.2164985,-17.5856949,-26.2123041,-32.299869,28.515198,62.8362036,3.56360403,-2.18744129,17.9673539,-14.4929425,6.08228986,3.72471218,17.6250129,-5.19093395,-5.49203217,-15.9557846,-5.97864985,-9.13473256,21.4577428,-6.90038729,3.55739347
698,-4.82964776,-1.693145,105.367351,0.274449619,1.85734298,0.910608159,-1.25919286,1.35704749,4.37774572,0,0,-26.9693434,29.7672519,-44.3677033,67.8293656,-9.86804814,-5.12222353,-18.0581954,-24.7885836,-32.2291799,28.1749316,62.5988272,3.89803165,-2.27473453,17.9680352,-13.8980962,6.148249,3.90268685,16.7534551,-4.84700319,-5.52422797,-15.2996374,-5.81406363,-9.37650674,20.537257,-6.54757601,3.5197111
699,-4.72868942,-1.68656986,105.468869,0.196047366,1.83806038,0.95999558,-1.28774925,1.49077502,4.16111687,0,0,-25.7507387,29.4872517,-43.3629757,67.8441051,-9.34731878,-5.08349038,-18.186241,-23.3656725,-32.0913365,27.6386815,62.3753366,4.1463816,-2.23552241,17.9173945,-13.3554804,6.20017081,4.04741856,15.8916389,-4.49787209,-5.5044217,-14.719879,-5.66020893,-9.6225293,19.6753844,-6.21071449,3.50673609
700,-4.63065282,-1.69971827,105.550146,0.179502372,1.83245512,1.01134169,-1.28634671,1.49564014,3.91982294,0,0,-24.5157909,29.1168881,-42.2192468,68.0033236,-8.98990011,-5.02118796,-18.2771491,-21.912507,-31.8799933,27.0847685,62.1958733,4.40066484,-2.29334615,17.8619846,-12.8487828,6.18980173,4.19271461,15.0722109,-4.16879486,-5.49876161,-14.1564003,-5.56261833,-9.83646364,18.8120758,-5.95124926,3.48327716
701,-4.53747921,-1.70361642,105.622959,0.126861994,1.85985511,1.02188065,-1.28321677,1.57259151,3.642656,0,0,-23.2018435,28.7845618,-41.2032596,68.0439428,-9.33088535,-5.03214827,-18.3213404,-20.5767269,-31.6957797,26.7422977,62.101084,4.47637493,-2.20219002,17.7182142,-12.446401,6.22769648,4.31087432,14.3710766,-3.87517186,-5.51234472,-13.6506231,-5.4146585,-9.99314903,17.9540094,-5.66669462,3.45989444
702,-4.43211794,-1.71463825,105.700302,0.0739598083,1.83122197,1.16634894,-1.38897126,1.6807245,3.43987259,0,0,-21.8103991,28.2119683,-39.8111304,68.1653562,-9.45993324,-5.02021978,-18.313093,-19.185554,-31.5153876,26.3121017,62.0032688,4.81167361,-2.28652685,17.9982212,-12.0011094,6.25293445,4.34797548,13.6735043,-3.55430195,-5.53337701,-13.0160917,-5.28753545,-10.2963001,17.0605114,-5.37804101,3.45014071
703,-4.35343012,-1.70894805,105.758798,-0.00111791693,1.83424612,1.24657229,-1.46928489,1.85778691,3.21146445,0,0,-20.4607981,27.7092186,-38.7233818,68.190908,-9.89869947,-5.05745839,-18.1106,-17.9865314,-31.3329225,26.3034273,62.0979762,5.76656693,-2.09439939,17.8773542,-11.6788662,6.30674268,4.37402027,13.121216,-3.30849177,-5.55739665,-12.5095999,-5.13677055,-10.5104197,16.2626292,-5.09548462,3.44312248
704,-4.27759364,-1.70645639,105.822229,-0.0862975879,1.79831833,1.35396467,-1.50219307,2.02310032,3.06369971,0,0,-19.2635274,27.12444,-37.9398191,68.2880537,-10.5786089,-5.06604821,-17.9109758,-16.7435428,-31.063451,26.0035445,62.2349147,6.40731764,-2.20145044,17.7630561,-11.3141213,6.37486912,4.40403639,12.5630299,-3.06121501,-5.5455928,-11.9905576,-4.98310752,-10.7217364,15.5318809,-4.79048935,3.45475493
705,-4.17887233,-1.70545392,105.87796,-0.177521862,1.80246616,1.57287392,-1.67254716,2.17446735,2.80789397,0,0,-18.1577779,26.761243,-37.6359986,68.3467387,-11.3611787,-5.04026083,-17.9029657,-15.5260957,-30.8198182,25.9895016,62.3580425,7.00391546,-2.38425554,17.6382481,-11.0654828,6.43708745,4.28491064,12.0991072,-2.84580664,-5.56363646,-11.4881101,-4.8344715,-11.076908,14.8162871,-4.52453929,3.45203225
706,-4.10737172,-1.71237923,105.927622,-0.232100679,1.74044417,1.71803852,-1.79621467,2.27223895,2.69302257,0,0,-17.031034,26.3452127,-37.1284029,68.2858203,-11.7175771,-5.10238695,-17.7063792,-14.3390635,-30.4496322,25.7799616,62.5718001,7.49764892,-2.54040071,17.6689771,-10.7051211,6.47389022,4.28385239,11.600722,-2.62405238,-5.61089667,-10.9995936,-4.7253477,-11.344408,14.2103016,-4.3038452,3.45167985
707,-4.03685421,-1.70704592,105.973876,-0.305384182,1.71994221,1.77675908,-1.82060058,2.38654131,2.52176475,0,0,-16.0222185,25.9526527,-36.738341,68.3182295,-11.6504628,-5.13385278,-17.7964762,-13.181851,-30.0859451,25.6035737,62.7938496,8.122595,-2.68595908,17.8871931,-10.4225716,6.53870146,4.36289005,11.1794146,-2.45154208,-5.60625129,-10.5739704,-4.58159485,-11.4828176,13.5843285,-4.04875642,3.46581963
708,-3.97101417,-1.70382429,106.007195,-0.368774281,1.76120683,1.95424501,-2.00151586,2.51700326,2.29625731,0,0,-14.9563658,25.5403227,-36.1409966,68.2805405,-11.4843023,-5.16314575,-18.0088473,-12.1795566,-29.6520095,25.4718757,63.2029301,8.43949358,-2.85572237,18.0048175,-10.3010292,6.57720281,4.25459527,10.8447976,-2.28953362,-5.62747482,-10.2391127,-4.46805789,-11.7216676,13.0270055,-3.85307065,3.45416455
709,-3.90833206,-1.69707648,106.042945,-0.416308147,1.77769537,2.07656892,-2.11845339,2.66161864,2.11452582,0,0,-13.9513555,25.2451493,-35.8536608,68.1215269,-11.5487297,-5.14655608,-17.9800102,-11.0819452,-29.1952099,24.949163,63.5475063,8.58276448,-3.02937203,18.4557141,-10.1267142,6.60014285,4.23061917,10.5006321,-2.12004995,-5.63744604,-9.9132896,-4.37545846,-11.8663831,12.5118846,-3.65466945,3.45733098
710,-3.84999327,-1.69972219,106.078959,-0.448662594,1.74872541,2.12954543,-2.12622487,2.69675996,2.0048332,0,0,-12.991877,24.9869493,-35.4775428,67.9228708,-11.4077265,-4.95170444,-18.1405692,-10.1698161,-28.7401861,24.7344885,63.9832177,8.77850319,-3.03158523,18.5255221,-9.82105131,6.62217917,4.29364688,10.0500257,-1.91756259,-5.65449761,-9.52917001,-4.27940807,-12.0028588,11.9551934,-3.44851684,3.42939828
711,-3.79447266,-1.70540493,106.101716,-0.492335868,1.73593557,2.20231302,-2.13189136,2.66863538,1.90712542,0,0,-11.9707603,24.6403992,-34.4773708,67.8008085,-10.7172242,-5.02965269,-18.247296,-8.48934543,-28.1085575,22.8276106,63.4027063,7.47024107,-2.48814763,19.0620898,-9.60702648,6.6581986,4.35830529,9.71639403,-1.79016238,-5.6620868,-9.22562957,-4.18035709,-12.1540604,11.5197595,-3.28833908,3.38832003
712,-3.7400119,-1.70528218,106.131804,-0.512749526,1.7213238,2.25068474,-2.13549728,2.68364984,1.76690046,0,0,-10.954359,24.1801179,-33.4131966,67.8113885,-10.3831878,-5.15010393,-18.7189308,-7.74396091,-27.6288033,22.8880117,64.0727752,7.81033156,-2.49022443,19.2323971,-9.37095892,6.66900567,4.38322566,9.35740697,-1.61959036,-5.6444679,-8.90307816,-4.10694707,-12.2596329,11.0354914,-3.1060456,3.35544633
713,-3.68609019,-1.71073675,106.152272,-0.527785961,1.70241763,2.2685561,-2.11153612,2.63623296,1.63877497,0,0,-9.94929665,23.8026355,-32.4892496,67.7572934,-10.3856843,-5.07144961,-18.6792065,-7.0591179,-27.0881802,22.9752981,64.809295,8.41766686,-2.64736937,19.4447682,-9.13020756,6.67815556,4.45180546,9.02151791,-1.4945455,-5.65055061,-8.63145263,-4.04078346,-12.3681364,10.6424353,-2.97857485,3.32841564
714,-3.64309736,-1.70214921,106.16833,-0.560563441,1.7253925,2.28039056,-2.08951025,2.6693216,1.50172328,0,0,-8.8615028,23.1574097,-31.1220882,67.7821006,-10.5232204,-5.09893514,-18.7982532,-6.2541498,-26.5613165,22.866039,65.3618914,8.76829889,-2.67361885,19.7124843,-8.96660063,6.70015133,4.51528609,8.71127535,-1.4000303,-5.66270664,-8.4013521,-3.95549915,-12.4273294,10.2143917,-2.84207843,3.28045918
715,-3.59396785,-1.69221535,106.190896,-0.600074845,1.73165968,2.2582644,-2.05432539,2.71699845,1.37264743,0,0,-7.79412608,22.5832077,-30.0839336,67.7702229,-10.8098194,-5.06253536,-18.650991,-5.46687829,-26.0691553,22.5632926,65.8941271,8.73225427,-2.53468747,19.9671667,-8.75439348,6.73366963,4.62866509,8.38076506,-1.28697295,-5.65113886,-8.07676358,-3.8449726,-12.4447899,9.64052088,-2.63581632,3.22870555
716,-3.54611799,-1.68820508,106.206,-0.633353137,1.70764785,2.27318815,-2.05037626,2.80535954,1.27537166,0,0,-6.73060928,21.9005491,-28.8537243,67.7832686,-11.3301449,-5.06998411,-18.8441743,-4.68982474,-25.5687141,22.4715665,66.4076617,9.40449771,-2.47548681,20.114598,-8.54819092,6.7575484,4.72628515,8.11346048,-1.20624812,-5.64460067,-7.69686504,-3.7418154,-12.5036781,9.04789098,-2.44544016,3.16125189
717,-3.49597372,-1.67785324,106.21357,-0.643510186,1.72460151,2.29534681,-2.09107138,2.83819162,1.11554299,0,0,-5.67308768,21.1964624,-27.6445845,67.8798202,-11.7118748,-5.16452502,-18.7628029,-3.95961477,-25.0846996,22.4349772,66.9682836,9.8873955,-2.40958999,20.2640665,-8.40054699,6.75217432,4.75192696,7.85766477,-1.12891875,-5.62180149,-7.57552503,-3.70996794,-12.6136988,8.85389824,-2.39946253,3.13793447
718,-3.44013944,-1.66385528,106.228507,-0.646616281,1.75920647,2.29527025,-2.10358365,2.88993628,0.936171021,0,0,-4.5835009,20.3621907,-26.055208,67.9919377,-11.7142116,-5.20869586,-18.8556917,-3.21507762,-24.609788,22.3607553,67.492002,10.2070688,-2.37032836,20.5662528,-8.25296539,6.73278854,4.80322253,7.5761312,-1.0241334,-5.58148844,-7.37264792,-3.66644725,-12.6856361,8.45228909,-2.26268052,3.10270052
719,-3.38789299,-1.65070798,106.239414,-0.652198332,1.78662109,2.28040907,-2.07849978,2.95273325,0.773622977,0,0,-3.67027173,19.9344638,-25.5493847,67.9838781,-12.7260836,-5.14808134,-19.2232874,-2.50351299,-24.1147632,22.2312037,68.0258086,10.977486,-2.24573845,20.6484815,-8.11691912,6.72109397,4.87000343,7.34076972,-0.966326839,-5.54314418,-7.25505511,-3.64096168,-12.6994322,8.22488306,-2.17588483,3.08173376
720,-3.34592797,-1.62980594,106.245375,-0.679068948,1.83587819,2.28385433,-2.11293183,3.10162049,0.586024735,0,0,-2.68389317,19.1444892,-24.4476393,68.0768506,-13.252365,-5.0832748,-19.3929681,-1.73834365,-23.705891,22.0537383,68.4079987,11.2889119,-2.12212483,21.1309421,-8.02361959,6.73067673,4.8829906,7.10887498,-0.928659734,-5.50927882,-7.1235855,-3.59062532,-12.6849343,7.91403945,-2.06420184,3.06969811
721,-3.29489075,-1.62160788,106.25037,-0.666098135,1.86886819,2.24672939,-2.04098261,3.11981932,0.420518285,0,0,-1.89954242,18.6251643,-23.8753139,68.2286994,-13.6454757,-5.06275264,-19.6684142,-1.07181932,-23.1965997,22.1074782,68.8950253,11.752009,-2.02241325,21.4813906,-7.88441862,6.70014109,4.96875217,6.86784742,-0.875743217,-5.50067748,-7.03018223,-3.58521069,-12.6527701,7.71259753,-2.03205364,3.05976595
722,-3.24396789,-1.59775801,106.252384,-0.666092885,1.90760316,2.17403754,-1.94517875,3.14663101,0.254458911,0,0,-1.02879778,17.9391418,-22.8569651,68.3543066,-13.7235636,-4.95402073,-19.7680633,-0.347661778,-22.6447631,22.117621,69.2501132,12.5019407,-2.01834801,21.4779789,-7.73417751,6.68166713,5.0663291,6.60676045,-0.855535462,-5.45918109,-6.96317295,-3.57364953,-12.6042347,7.53004963,-1.98693362,3.06604033
723,-3.20133343,-1.57189704,106.257391,-0.652545396,1.94298822,2.09306564,-1.83300037,3.22143012,0.0949710857,0,0,-0.266048942,17.4132514,-22.4516156,68.3877199,-14.1634226,-4.8137914,-20.2040411,0.301100859,-22.0999889,22.1182392,69.7397695,12.8743585,-2.25484245,21.6314362,-7.58770155,6.64087297,5.18075398,6.3578897,-0.811245527,-5.42402355,-6.94124975,-3.58892247,-12.5374449,7.42660214,-1.96231121,3.08266053
724,-3.16485204,-1.54159106,106.261516,-0.647943749,1.98222418,2.04708878,-1.72849996,3.2865739,-0.0617206643,0,0,0.348884916,16.9412358,-22.3095084,68.5407298,-14.5737608,-4.80511449,-20.5506834,1.00906397,-21.7250525,22.1593466,69.8447358,13.5410473,-1.85575642,21.9923297,-7.44838959,6.60935507,5.22965899,6.0856136,-0.759809987,-5.39237074,-6.91209424,-3.59721987,-12.5046378,7.3082324,-1.92287413,3.12129784
725,-3.12462077,-1.52505161,106.26384,-0.622314822,2.01095631,1.94897431,-1.57739462,3.31844357,-0.175120474,0,0,0.977591316,16.3192941,-21.6101346,68.7053715,-14.3537809,-4.72929769,-20.9548786,1.62818764,-21.2470554,22.0316768,70.0528517,14.1431028,-1.77620916,22.493582,-7.31846232,6.56626725,5.35101651,5.89410833,-0.730512211,-5.359725,-6.91765444,-3.62407831,-12.4134505,7.26135425,-1.92747768,3.11721702
726,-3.09972484,-1.50029389,106.266999,-0.624199857,2.0335302,1.87244873,-1.42441279,3.32219633,-0.283519738,0,0,1.55346634,15.908349,-21.5098896,68.7764328,-14.3573428,-4.63364686,-21.1231301,2.26291382,-20.751631,21.8255621,70.1381744,14.3978424,-1.47809776,22.9405905,-7.20527072,6.55092152,5.43115427,5.70472341,-0.710918799,-5.33592265,-6.92468228,-3.62817386,-12.3167811,7.22097674,-1.8998502,3.12744736
727,-3.08203623,-1.49347084,106.266952,-0.596146202,2.05383068,1.83318354,-1.31094692,3.27679649,-0.367745576,0,0,2.26128289,15.1705298,-20.7803297,68.7262855,-14.1112144,-4.26745609,-20.6702117,2.87482812,-20.1712288,21.4171937,70.2472798,14.6110024,-1.36587796,22.993323,-7.12889213,6.5107805,5.46249117,5.56240788,-0.673085794,-5.3259352,-6.94154857,-3.6628328,-12.2596858,7.20975303,-1.92660683,3.12510204
728,-3.07580195,-1.48900086,106.266797,-0.59439721,2.05867782,1.84184622,-1.25166365,3.26222193,-0.433532437,0,0,2.77621363,14.7076991,-20.4523628,68.8344074,-14.0432267,-4.29697403,-20.9158219,3.50927777,-19.7095712,21.1123299,70.1841074,14.5657592,-1.35208493,23.189375,-7.11167023,6.50287498,5.45747611,5.52450673,-0.663830141,-5.33474913,-6.94104101,-3.66872341,-12.2517654,7.20673408,-1.92031089,3.13902581
729,-3.0732438,-1.49117801,106.271315,-0.578723922,2.05983785,1.8355612,-1.16910171,3.20128128,-0.494810707,0,0,3.30078198,14.3635549,-20.2689159,68.8592215,-13.9204156,-4.2007102,-21.1441227,4.07295151,-19.1163249,20.5691164,70.3053228,14.893376,-1.38424765,23.4450188,-7.10317177,6.48346401,5.48768902,5.51331931,-0.638017842,-5.34053046,-6.94566675,-3.68930662,-12.2035075,7.21164926,-1.91320386,3.13791292
730,-3.07483431,-1.49879083,106.270707,-0.552773324,2.05707761,1.84949756,-1.12398714,3.12569862,-0.533443697,0,0,3.85921099,13.9588294,-19.974014,68.778393,-14.0027151,-4.01915182,-21.3043367,4.65153641,-18.529516,19.8581774,70.3006987,14.7462504,-1.2963047,23.6582248,-7.10445542,6.45490016,5.48146288,5.51490775,-0.618320324,-5.34901569,-6.94994501,-3.71642375,-12.2099603,7.22888695,-1.938111,3.11980672
731,-3.0721182,-1.49504058,106.275117,-0.558877955,2.05391952,1.86024159,-1.08677787,3.09872406,-0.56751156,0,0,4.34434353,13.5468282,-19.4741244,68.8187253,-13.7164346,-3.97219085,-21.6496899,5.12930345,-18.0540085,19.6699596,70.329488,15.4804957,-1.30451768,23.9825717,-7.10005805,6.45998395,5.47837051,5.51117633,-0.614613825,-5.34784816,-6.95234155,-3.71428889,-12.2225023,7.24882598,-1.93612811,3.12172985
732,-3.06720976,-1.50850276,106.276727,-0.532405856,2.0332437,1.87526321,-1.03257423,2.96313777,-0.592696175,0,0,4.75323537,13.2350522,-19.1108454,68.9632794,-13.7621328,-3.87637824,-21.8341204,5.60546624,-17.397863,19.0694066,70.3693558,15.6636626,-1.37712344,24.0313768,-7.08749392,6.43647615,5.48839381,5.54025288,-0.613046831,-5.40707529,-6.93282429,-3.74059109,-12.2556039,7.27437174,-1.97363524,3.13984821
733,-3.06618959,-1.5174455,106.275451,-0.52345573,2.00789859,1.91140952,-1.01434648,2.87476344,-0.609517704,0,0,5.13678848,13.1325729,-19.2794503,69.0828214,-14.1211335,-4.20400449,-22.1326218,6.00736823,-16.864181,18.7864917,70.3753732,16.2153301,-1.23119645,24.1641677,-7.08730652,6.42965236,5.46990236,5.58376716,-0.625223831,-5.43478024,-6.9148007,-3.75024855,-12.3247314,7.32100571,-2.01172123,3.13416656
734,-3.07048932,-1.52305933,106.274045,-0.527764384,1.98457788,1.94858654,-0.996894924,2.80360546,-0.60843736,0,0,5.54373969,12.7928948,-18.9023966,69.1322105,-14.3158554,-4.1197921,-22.4634557,6.3147229,-16.3870496,18.5393942,70.4165388,16.604656,-1.27317981,24.3031296,-7.09310321,6.43464096,5.46668149,5.62551626,-0.640120527,-5.41972096,-6.91151581,-3.74954974,-12.3866992,7.38392456,-2.04721922,3.12324316
735,-3.07288151,-1.53334094,106.277788,-0.532361126,1.95594307,1.99386306,-0.9706591,2.67068038,-0.617511373,0,0,5.91138871,12.4192177,-18.342111,69.2723045,-14.0072947,-4.12717766,-22.4465015,6.5828979,-15.8746061,18.3270351,70.4672597,16.9651449,-1.33079278,24.4648087,-7.10946152,6.44691865,5.42781089,5.69372936,-0.664129709,-5.40276117,-6.894524,-3.74531289,-12.4566745,7.43795904,-2.07645221,3.12952502
736,-3.08107603,-1.54117672,106.275129,-0.514608281,1.92061434,2.0486993,-0.982421433,2.59269435,-0.602470549,0,0,6.32842341,12.0336057,-17.6425357,69.2908416,-13.7112479,-4.11021574,-23.0199556,6.73167863,-15.4902816,18.319597,70.5329593,17.4274838,-1.25928625,24.7108202,-7.14057004,6.42878621,5.37839276,5.80282157,-0.703938506,-5.4191771,-6.88598755,-3.77360524,-12.5328106,7.51905388,-2.13844152,3.11374216
737,-3.09409034,-1.54545661,106.266141,-0.508578044,1.88565862,2.10471431,-1.01990903,2.54717391,-0.576285472,0,0,6.67871478,11.5528193,-16.9388965,69.3433111,-13.6798111,-4.05556783,-23.0066333,6.91257107,-15.0683194,18.0833578,70.6124218,17.5068318,-1.53870406,24.9254418,-7.17264034,6.42308514,5.31634177,5.90209239,-0.76734678,-5.38992255,-6.87984123,-3.79252742,-12.5931135,7.60209788,-2.20836323,3.11022119
738,-3.11186723,-1.54414363,106.268883,-0.51759114,1.83806031,2.15183048,-1.04182273,2.52284862,-0.52783942,0,0,6.98368188,11.1788186,-16.602846,69.3798048,-13.8767852,-4.07102156,-22.9841859,6.98159952,-14.7823786,18.334953,70.5995878,18.1636143,-1.49051654,24.7217416,-7.19713938,6.43361515,5.2631807,6.01402425,-0.802678228,-5.38184457,-6.88297885,-3.80323076,-12.6299786,7.72037285,-2.25315177,3.11036932
739,-3.13251168,-1.54093839,106.265461,-0.511635736,1.8019997,2.19499172,-1.10947821,2.52160232,-0.473271385,0,0,7.21209322,10.7612166,-16.0875629,69.4998317,-13.8368081,-3.99802775,-23.2334417,7.06844922,-14.5885174,18.1385116,70.54009,17.9154206,-1.54881893,24.8640042,-7.23308495,6.42494508,5.20721115,6.11727665,-0.84720834,-5.35514835,-6.87871169,-3.82613323,-12.653512,7.78809673,-2.29498689,3.07812059
740,-3.1525597,-1.53135126,106.270647,-0.521198755,1.7645802,2.2312903,-1.18371565,2.55403654,-0.426554572,0,0,7.46275177,10.6704272,-15.8077061,69.4747376,-14.0297661,-3.91967908,-23.4450119,7.09808029,-14.3952094,18.1695787,70.5771302,18.0486195,-1.60128865,24.7470099,-7.27035815,6.43184016,5.15436554,6.23167805,-0.874752039,-5.33893433,-6.87794286,-3.83631107,-12.6628352,7.8616758,-2.29799217,3.07969751
741,-3.17379721,-1.51878176,106.268096,-0.533464438,1.72787322,2.26643455,-1.27488533,2.60957708,-0.384974088,0,0,7.72344643,10.7490657,-16.1556735,69.2850086,-14.9402243,-3.8696902,-23.2741633,7.08065989,-14.3694152,18.1870111,70.5269966,17.8953415,-1.59266735,24.71652,-7.30449117,6.43916724,5.10060769,6.33541923,-0.923427168,-5.30305279,-6.87827071,-3.84484411,-12.6823729,7.93830882,-2.32503118,3.08380629
742,-3.1948451,-1.50450384,106.263387,-0.54317531,1.69324922,2.27772509,-1.30556654,2.65632738,-0.345748498,0,0,7.94194333,10.8123756,-15.9317099,69.2169253,-15.1023406,-3.78078121,-23.7107592,7.04251158,-14.2513647,18.1143976,70.556503,17.9521431,-1.56821912,24.52849,-7.33261106,6.44517141,5.058643,6.43663239,-0.97640425,-5.27048175,-6.89318016,-3.85731348,-12.6669145,8.02853988,-2.35623384,3.10514423
743,-3.22039723,-1.49118835,106.261563,-0.544725985,1.65671627,2.30656081,-1.35423729,2.70927479,-0.29574463,0,0,8.04576733,10.7459366,-15.5263929,69.3166051,-14.7446948,-3.84628827,-23.8958164,6.95066901,-14.2275043,18.1216786,70.6300163,17.6924063,-1.65508749,24.2503066,-7.36995853,6.4396778,5.01367859,6.5489826,-1.0292077,-5.24243913,-6.90272236,-3.87978522,-12.6693307,8.11261695,-2.38524613,3.08547755
744,-3.23892348,-1.4856834,106.259704,-0.563651915,1.63131111,2.33136242,-1.35287638,2.69887412,-0.271498952,0,0,8.13941605,10.8322275,-15.502284,69.3281345,-14.6372764,-3.84251758,-24.2389019,6.82809188,-14.1877125,18.2301079,70.6599052,17.8318788,-1.59441866,24.0500899,-7.38995647,6.4614153,4.95874807,6.60737431,-1.05547052,-5.2154539,-6.90803241,-3.87270488,-12.6790646,8.16826165,-2.40149216,3.07805335
745,-3.26175429,-1.48226237,106.256044,-0.560982516,1.60131272,2.35238857,-1.34257891,2.65931708,-0.229558016,0,0,8.12129044,10.9943711,-16.185793,69.2496419,-14.8242477,-3.81978457,-24.2001184,6.65938578,-14.1737891,18.5616777,70.6968497,18.0664002,-1.51451035,23.8610302,-7.40942507,6.45350082,4.92680242,6.67595496,-1.08072877,-5.19855431,-6.91805955,-3.89242193,-12.6753874,8.24200635,-2.4285363,3.07391853
746,-3.28963771,-1.47525361,106.253242,-0.573276093,1.57444245,2.36433525,-1.34106602,2.69543619,-0.15784275,0,0,8.09668895,11.0343414,-16.6646029,69.1931836,-15.2812386,-3.74232852,-23.9313265,6.48144398,-14.2742459,18.8864122,70.6579655,18.1828037,-1.35487549,23.7704995,-7.42829261,6.46408377,4.89300964,6.73328842,-1.0937675,-5.20040273,-6.92593177,-3.89372564,-12.6604378,8.28944713,-2.4244115,3.06773165
747,-3.31947133,-1.47389444,106.247151,-0.574774881,1.5454019,2.37856584,-1.27773854,2.63416533,-0.0984800487,0,0,7.97633419,11.0936018,-16.8362507,69.2751117,-14.9687608,-3.78452586,-23.9822456,6.30210114,-14.3079443,19.2082302,70.657904,18.2587895,-1.31028204,23.8519768,-7.44395765,6.46413713,4.86473351,6.78937666,-1.12915215,-5.16024975,-6.94375643,-3.90479994,-12.6708376,8.36149368,-2.44664462,3.08619131
748,-3.34054008,-1.47250686,106.246912,-0.568609435,1.51769095,2.39719999,-1.24775678,2.57193655,-0.0666974576,0,0,7.89658319,11.1732956,-17.3149462,69.2503249,-15.0385688,-3.73257245,-23.7313779,6.16246091,-14.4214066,19.4200207,70.5892196,18.0917556,-1.18228024,24.0395697,-7.4567967,6.4527939,4.84633597,6.84515796,-1.15089808,-5.15870997,-6.95066901,-3.92505486,-12.6776294,8.42262216,-2.47495192,3.093255
749,-3.35691758,-1.46815917,106.246054,-0.558560893,1.49679683,2.40813545,-1.23830326,2.53990424,-0.0511020213,0,0,7.85117609,11.3147181,-18.0435856,69.1432617,-15.6525704,-3.61538689,-23.5669359,6.01493096,-14.5078443,19.6707723,70.574521,18.1394183,-1.14749184,24.2503203,-7.46519015,6.43858113,4.82468811,6.88822187,-1.16693067,-5.14036878,-6.95669879,-3.94739556,-12.6824643,8.46949946,-2.49892246,3.1030638
750,-3.37644517,-1.4660106,106.23858,-0.554330165,1.48032182,2.4114631,-1.19789341,2.50182871,-0.0383228941,0,0,7.74857214,11.3917344,-18.4864295,69.1888669,-15.9262509,-3.52292235,-23.480254,5.84542189,-14.625981,20.0387846,70.5969377,18.3402105,-1.23608377,24.4813241,-7.46722896,6.4292417,4.82606994,6.90605507,-1.17276482,-5.12785118,-6.97066652,-3.95939407,-12.6883126,8.51115934,-2.51936501,3.09227722
751,-3.39167826,-1.46853831,106.233418,-0.552894467,1.46390252,2.42637673,-1.15021944,2.43285597,-0.0266314062,0,0,7.65362653,11.4325303,-18.6980236,69.2663349,-15.9871164,-3.4635234,-23.3637634,5.76920978,-14.6492395,20.2180259,70.4544463,18.2838427,-1.32885044,24.4756158,-7.47305255,6.42938086,4.80929542,6.93086573,-1.1779579,-5.15430535,-6.97786341,-3.965601,-12.7083499,8.55181775,-2.53450241,3.10000878
752,-3.4129858,-1.46948881,106.230235,-0.548662773,1.44603428,2.44765609,-1.12988511,2.38449567,0.00621466089,0,0,7.46533273,11.4376504,-18.9355213,69.445682,-16.0119903,-3.48928538,-23.2485142,5.63157507,-14.7144353,20.3550122,70.4372069,18.2592642,-1.37660606,24.6669072,-7.487384,6.42189327,4.79681709,6.96088911,-1.18821311,-5.13351511,-6.98691981,-3.97737241,-12.7282582,8.59170691,-2.54191573,3.09112783
753,-3.43632847,-1.47482632,106.230426,-0.538846602,1.42608461,2.46445818,-1.07906648,2.29285459,0.0542810808,0,0,7.21498666,11.4147897,-18.8138807,69.729852,-15.5563193,-3.585168,-23.3566361,5.49952403,-14.778564,20.4375738,70.3755098,18.1696829,-1.36575929,24.9157924,-7.50508187,6.41216964,4.78678184,7.00035906,-1.17986993,-5.14974321,-7.00676407,-3.99324619,-12.7538082,8.65233935,-2.5650959,3.10404926
754,-3.45388427,-1.48803368,106.231976,-0.517022425,1.40907006,2.47755743,-1.01777748,2.16435568,0.0805174382,0,0,7.02647045,11.488648,-19.0923185,69.83391,-15.5163081,-3.51317397,-23.2849106,5.36017665,-14.7857869,20.5048819,70.4187244,18.2547529,-1.54946961,25.2515953,-7.52379232,6.3933132,4.78148802,7.04856398,-1.1577684,-5.18731011,-7.00937406,-4.01549895,-12.7595054,8.67792524,-2.57543937,3.10680589
755,-3.4722589,-1.50354169,106.223965,-0.5082103,1.39258904,2.49538194,-0.944342915,2.03999138,0.116285465,0,0,6.82917233,11.6163127,-19.6925692,69.9464373,-15.8372962,-3.49322298,-23.1805077,5.22355067,-14.7846189,20.51434,70.4233553,17.9999151,-1.5227291,25.4033569,-7.53389502,6.39172219,4.77876234,7.07214691,-1.16207953,-5.19094889,-7.01965093,-4.02102201,-12.7810273,8.7250433,-2.61631293,3.10576663
756,-3.48077901,-1.50728356,106.224406,-0.502850929,1.38030793,2.51577705,-0.915285796,1.98375801,0.125379848,0,0,6.69871358,11.6548231,-19.9869213,69.9988659,-15.9362281,-3.49212034,-23.0654361,5.06739803,-14.8952578,20.7807071,70.4338806,18.0746306,-1.41365098,25.5493591,-7.54458939,6.38601898,4.76526802,7.09475826,-1.14450524,-5.20076473,-7.0192074,-4.03132023,-12.8080228,8.74917351,-2.61237724,3.120462
757,-3.49272862,-1.51774911,106.227708,-0.488610669,1.36493648,2.54923501,-0.897179498,1.88674371,0.14724271,0,0,6.49428772,11.720906,-20.0767861,70.1366786,-15.6554937,-3.45445568,-23.3005312,4.95494835,-14.8921517,20.8903317,70.4270982,18.1500324,-1.38476088,25.600162,-7.55906598,6.37297673,4.74179053,7.12233771,-1.11660861,-5.21524942,-7.02500495,-4.04945438,-12.8614357,8.7963906,-2.63859407,3.12565315
758,-3.50133292,-1.51710203,106.231546,-0.494146746,1.35673453,2.57848811,-0.912871004,1.86395073,0.160029905,0,0,6.39584933,11.6225658,-19.9946172,70.2826124,-15.4461689,-3.56015905,-22.9658161,4.77941676,-14.9952893,21.2698853,70.473284,18.2799717,-1.32540856,25.7042985,-7.56578859,6.37571393,4.73080801,7.12352829,-1.10991204,-5.17881976,-7.02706681,-4.04710223,-12.8993441,8.82195429,-2.63633242,3.13773127
759,-3.51338349,-1.51549093,106.234217,-0.487650048,1.34747595,2.62886666,-0.950836611,1.85269159,0.181425179,0,0,6.26758307,11.5931806,-20.0984463,70.3955906,-15.2696973,-3.6379611,-22.8620263,4.61790755,-15.1422955,21.551692,70.5063762,18.2187749,-1.28939308,25.812516,-7.58538355,6.35977739,4.6922866,7.14070366,-1.08677989,-5.18557054,-7.02409696,-4.06283301,-12.950831,8.84412423,-2.64745048,3.12884733
760,-3.52218002,-1.51812648,106.234097,-0.489447217,1.34204003,2.67526746,-0.992378995,1.8291793,0.198482429,0,0,6.14845177,11.6251792,-20.4096929,70.3456824,-15.2463619,-3.45614253,-22.6959519,4.46129942,-15.1858686,21.8944326,70.5414151,18.6768364,-1.39055352,25.7395081,-7.59659616,6.35648695,4.66034863,7.14051369,-1.06357785,-5.18321584,-7.01603008,-4.06556039,-12.9790465,8.84968315,-2.6434561,3.14138457
761,-3.53052355,-1.51431225,106.234765,-0.484994278,1.33395679,2.71946413,-1.05913278,1.84141964,0.217302428,0,0,6.07353612,11.5765021,-20.8053863,70.377313,-15.6658363,-3.56839028,-22.190424,4.30441083,-15.3397904,22.1034347,70.5604987,18.4098392,-1.2773124,26.011447,-7.60404363,6.34313948,4.6145663,7.13991861,-1.0533426,-5.16941373,-7.02979462,-4.08324503,-13.0317926,8.9040822,-2.66367132,3.12755835
762,-3.53684686,-1.5150832,106.239426,-0.486656584,1.33193822,2.75824936,-1.11106495,1.82008811,0.228664008,0,0,5.9523835,11.6221022,-20.966239,70.3952081,-15.4738004,-3.49209344,-22.3282128,4.12242898,-15.4672315,22.6095756,70.5924981,18.6799714,-1.178901,26.2356975,-7.61181211,6.34022128,4.59247192,7.13163957,-1.02621575,-5.19216936,-7.0229973,-4.08457351,-13.0491661,8.90022997,-2.65652353,3.1162102
763,-3.53942178,-1.51169216,106.241834,-0.503350059,1.33074034,2.79712544,-1.15854608,1.83301573,0.239963729,0,0,5.9041406,11.5522456,-20.6134512,70.4397956,-15.0368869,-3.50212443,-22.4262482,4.02303734,-15.5468612,22.9085638,70.5638591,18.7261469,-1.12272761,26.3061082,-7.61174979,6.35252501,4.56539705,7.10848736,-1.01924522,-5.17934141,-7.02478169,-4.07315215,-13.0784573,8.91861257,-2.65116076,3.1087924
764,-3.54265906,-1.51617918,106.243205,-0.491593683,1.32985386,2.8269327,-1.21069841,1.83657085,0.246909418,0,0,5.80334237,11.5263583,-20.8478769,70.4966569,-15.3837341,-3.56150823,-22.2448777,3.96235239,-15.6216825,22.9974621,70.539728,18.392569,-1.10005191,26.3043853,-7.61734627,6.33511443,4.55054353,7.10381423,-0.99686643,-5.16773094,-7.02522181,-4.09029251,-13.0984331,8.92826619,-2.65949637,3.0968146
765,-3.54502685,-1.52235236,106.240821,-0.489186332,1.32921913,2.85632837,-1.22392102,1.81058006,0.253962949,0,0,5.70063255,11.5377937,-21.1500137,70.4780651,-15.4713501,-3.58988596,-22.036031,3.8726814,-15.6272884,23.0335613,70.6143752,18.3168479,-1.12809347,26.6062267,-7.62111227,6.32917046,4.54422432,7.09285519,-0.989699106,-5.15392542,-7.01909171,-4.09285426,-13.1212988,8.9266389,-2.66923921,3.09587929
766,-3.54299173,-1.52246933,106.24485,-0.490020837,1.32969237,2.8782577,-1.22510787,1.78824566,0.256726854,0,0,5.66354846,11.5722384,-21.2623908,70.3810696,-15.5391807,-3.45940202,-22.0159793,3.816816,-15.6952266,23.1048327,70.6057555,18.4705732,-1.09359471,26.9613111,-7.62068624,6.32649132,4.53666501,7.0875746,-0.978546582,-5.14405623,-7.02353817,-4.09666934,-13.1544287,8.94665647,-2.67124323,3.08869158
767,-3.54548208,-1.52774043,106.240273,-0.487980971,1.32985017,2.89891278,-1.21153266,1.75152101,0.262609114,0,0,5.57764048,11.5546566,-21.3004435,70.4105419,-15.3661993,-3.49641588,-21.8948886,3.74447832,-15.6805263,23.1225211,70.7146697,18.6047694,-1.18600611,27.0985638,-7.62283775,6.3221819,4.52811404,7.07623436,-0.985230242,-5.10376622,-7.02753297,-4.09974634,-13.1706247,8.96028953,-2.70435022,3.0877885
768,-3.5456676,-1.53541686,106.237674,-0.491067896,1.32878473,2.91263914,-1.19426146,1.72515018,0.270477465,0,0,5.49322105,11.5559279,-21.2303999,70.4478893,-15.1814973,-3.49199099,-22.002698,3.70004709,-15.6624656,23.1588612,70.7705475,18.6660635,-1.24031678,27.1014854,-7.62362322,6.32995764,4.51569078,7.07244702,-0.983351726,-5.12385979,-7.02990305,-4.09463352,-13.1819808,8.97351534,-2.72056061,3.05525952
769,-3.54581028,-1.53930094,106.232846,-0.50170171,1.32498959,2.9221688,-1.15421809,1.70594465,0.27998002,0,0,5.41026242,11.5534895,-21.1588435,70.4928525,-15.1248614,-3.50722466,-22.1123669,3.67686158,-15.6061831,22.9891702,70.8520931,18.5421707,-1.25344505,27.2020702,-7.62526929,6.34352581,4.50527943,7.07672186,-0.995200824,-5.08795818,-7.03661414,-4.08351611,-13.198106,9.00023931,-2.73898142,3.05230674
770,-3.54338288,-1.53847905,106.235397,-0.501593698,1.32027686,2.92997519,-1.14351337,1.69830946,0.289156592,0,0,5.35839909,11.4805055,-20.8902326,70.5604577,-14.9819414,-3.55650255,-22.082466,3.65531917,-15.6126223,22.9138315,70.8897479,18.34569,-1.21140278,27.2210684,-7.62461189,6.34162873,4.50050897,7.08926764,-0.970145876,-5.12191446,-7.04581739,-4.09087436,-13.2060965,9.03791122,-2.73928963,3.05473573
771,-3.53957936,-1.53085962,106.232095,-0.514021522,1.31917841,2.93083626,-1.13516229,1.7151939,0.28827926,0,0,5.26512731,11.4525316,-20.5983906,70.6822809,-14.5977023,-3.6118638,-22.456646,3.63067286,-15.6580806,22.9720521,70.9060721,18.4500485,-1.15822773,27.289722,-7.62816102,6.35078417,4.49248777,7.10370153,-0.992798945,-5.10131504,-7.04585154,-4.08336499,-13.2047381,9.04824017,-2.73391939,3.0776873
772,-3.53764333,-1.52206942,106.227231,-0.522810115,1.31423308,2.94164201,-1.15548914,1.74794146,0.297133933,0,0,5.15835309,11.4164503,-20.6091413,70.7860725,-14.7630594,-3.6133801,-22.5307553,3.59197813,-15.7000641,23.0876667,70.9376617,18.3194911,-1.14965061,27.1789824,-7.63479485,6.35444899,4.47267382,7.12287089,-1.01962814,-5.0745582,-7.05947947,-4.08484244,-13.2319453,9.09571852,-2.75404348,3.08069813
773,-3.53407823,-1.52566945,106.22679,-0.504856762,1.31172342,2.94611481,-1.14596071,1.71502069,0.303371496,0,0,5.04015582,11.3967324,-20.5506015,70.9042826,-14.8925342,-3.53298941,-22.5828167,3.55120873,-15.7105826,23.1668866,70.9715121,18.3956341,-1.10018072,27.2294353,-7.65033353,6.33458125,4.47040193,7.16084375,-1.02351046,-5.0644969,-7.0638858,-4.10711185,-13.2413992,9.11543215,-2.77479252,3.07088336
774,-3.53072733,-1.52101275,106.224036,-0.50805734,1.30637828,2.92858797,-1.09101963,1.70644027,0.316646102,0,0,4.92739196,11.3118827,-20.6732358,70.9827409,-15.2895134,-3.52784607,-22.1431113,3.51704732,-15.7194669,23.2948844,71.0086274,18.3170493,-1.13317438,27.1196503,-7.64906738,6.33933763,4.48421001,7.18518911,-1.03873826,-5.04806432,-7.07101908,-4.10789476,-13.2237636,9.1419017,-2.78912055,3.07693854
775,-3.52350697,-1.5100034,106.227434,-0.52001232,1.29945376,2.92122606,-1.03853645,1.69725537,0.325465638,0,0,4.811937,11.2977365,-20.6818487,71.0660556,-15.1430246,-3.40773271,-22.172575,3.48596313,-15.6993862,23.3764761,71.061295,18.3668021,-1.12413196,27.0588053,-7.64858158,6.35029282,4.48691946,7.21654736,-1.0455105,-5.08691529,-7.0751142,-4.10455992,-13.2271907,9.17202283,-2.76953413,3.12668536
776,-3.5175439,-1.50679331,106.228507,-0.502245427,1.2943601,2.91493809,-0.998446765,1.67799114,0.338991253,0,0,4.70041709,11.3327301,-20.7522047,71.115957,-15.0226203,-3.35918757,-22.3731145,3.46488923,-15.6789912,23.4395768,71.118853,18.3748327,-1.16474437,26.9652863,-7.6611423,6.32692504,4.51092331,7.26553433,-1.06093296,-5.07340475,-7.07170338,-4.1270385,-13.2325225,9.18181135,-2.77708277,3.10982889
777,-3.51247601,-1.50706843,106.224477,-0.499673955,1.28765349,2.90978283,-0.926368845,1.63525251,0.360927606,0,0,4.61270209,11.4628905,-20.8962312,71.0909516,-15.1547162,-3.3054756,-22.4130011,3.46169867,-15.6220479,23.3510695,71.1438515,18.3229182,-1.11857357,26.8986203,-7.66180398,6.32674489,4.51594819,7.2894656,-1.08261358,-5.07737266,-7.08228078,-4.13276647,-13.2333609,9.22207019,-2.80103198,3.12168908
778,-3.50597836,-1.50601482,106.224597,-0.48150206,1.2797037,2.90654691,-0.903730183,1.60968904,0.36773341,0,0,4.52045398,11.5038955,-20.9671354,71.1808438,-15.060912,-3.34778649,-22.3051626,3.49421443,-15.5748086,23.1924264,71.1786513,18.1949819,-1.1319506,26.9207962,-7.67582208,6.30579499,4.52464772,7.34777749,-1.10249413,-5.05942122,-7.08943284,-4.15890816,-13.2453889,9.26239051,-2.83790667,3.1267368
779,-3.49943526,-1.50017822,106.225038,-0.473750065,1.26571505,2.90550931,-0.874256103,1.57488357,0.399346833,0,0,4.42104783,11.6312162,-21.1970464,71.1930152,-15.1223479,-3.34086686,-22.3546183,3.50676704,-15.5041298,23.0329996,71.2105892,18.2186673,-1.11152353,26.9890537,-7.6819112,6.29517191,4.53988886,7.40475664,-1.13810802,-5.05751047,-7.09842692,-4.17975262,-13.2511083,9.32403211,-2.86272694,3.15920133
780,-3.48949172,-1.49050355,106.22611,-0.47070811,1.25982361,2.89346297,-0.870621802,1.57242,0.414047055,0,0,4.33709841,11.6864887,-21.4058726,71.2506688,-15.229435,-3.42680879,-22.3248165,3.50545372,-15.4382902,22.8352109,71.3104944,18.1138137,-1.16600913,27.0528954,-7.68752476,6.28935515,4.55735194,7.44619966,-1.16204975,-5.07034355,-7.09838594,-4.19065787,-13.2483386,9.34537645,-2.87384862,3.16898046
781,-3.47969718,-1.48701491,106.230545,-0.46497498,1.2508865,2.89033934,-0.862798194,1.53550635,0.424164726,0,0,4.25261793,11.7541118,-21.7511984,71.3368248,-15.5558924,-3.47280072,-22.194768,3.4749185,-15.3781573,22.8155759,71.3945467,18.16615,-1.14006914,27.0891655,-7.69137101,6.2828938,4.57133249,7.49100485,-1.17199675,-5.06944068,-7.10754352,-4.20472251,-13.2611008,9.39792451,-2.89999544,3.1613934
782,-3.46872471,-1.48406439,106.22884,-0.448227699,1.24219497,2.88560789,-0.876026829,1.50370499,0.442120066,0,0,4.20694189,11.7926349,-21.86021,71.3923201,-15.5914624,-3.52478508,-22.2325048,3.41593363,-15.3518713,22.8574364,71.5006674,18.2476205,-1.16791091,27.1263814,-7.69895252,6.26296715,4.58192227,7.54346924,-1.18781888,-5.0780766,-7.11458672,-4.23130048,-13.2676578,9.44260505,-2.93919902,3.17272297
783,-3.45572978,-1.47440704,106.227684,-0.443747918,1.23612982,2.88519463,-0.885527036,1.48765287,0.450265867,0,0,4.17954771,11.8478895,-21.9660506,71.4178172,-15.6571551,-3.52543074,-22.3573794,3.36056193,-15.3487721,22.9521387,71.5761,18.3455346,-1.15870894,27.1752702,-7.70158214,6.25414638,4.58944188,7.58328241,-1.21680332,-5.073704,-7.1183493,-4.24801353,-13.2638645,9.48136039,-2.95721108,3.20564811
784,-3.44359353,-1.46719003,106.226146,-0.433336877,1.2257496,2.87925557,-0.893536606,1.45708639,0.458467483,0,0,4.16184472,11.847781,-21.891873,71.4839471,-15.539068,-3.52737265,-22.3666668,3.28291399,-15.3312834,23.125996,71.6796456,18.5379411,-1.17667532,27.1649071,-7.70157361,6.23949776,4.59617559,7.6259506,-1.23885491,-5.04565455,-7.13604461,-4.27322376,-13.2708492,9.55396701,-2.99551308,3.20910355
785,-3.43247354,-1.46522233,106.231189,-0.409250148,1.21172734,2.87521315,-0.906862145,1.39886458,0.474988857,0,0,4.0955509,11.9115528,-22.1467279,71.5704582,-15.7111034,-3.53330253,-22.1969383,3.22064529,-15.3113563,23.2206078,71.738597,18.5784714,-1.16607092,27.2160328,-7.70824841,6.21136293,4.61476352,7.69429604,-1.2523266,-5.08221057,-7.15274272,-4.31237013,-13.2716595,9.63090226,-3.03082302,3.21404178
786,-3.42198946,-1.44915106,106.232369,-0.420351668,1.20666211,2.85517859,-0.906796725,1.40367954,0.488057624,0,0,4.04442693,11.9369739,-22.1346231,71.6454469,-15.6802702,-3.48833086,-22.2488716,3.16678391,-15.2821094,23.2736596,71.7855272,18.6371906,-1.22864079,27.2058302,-7.70275437,6.21941018,4.63400545,7.71726938,-1.27281728,-5.06298786,-7.16462597,-4.31175243,-13.2439101,9.66919913,-3.03022858,3.19250662
787,-3.4054365,-1.43807326,106.228971,-0.41909107,1.19347447,2.85176518,-0.954025455,1.41646032,0.501586681,0,0,4.03978966,11.9119754,-21.9270997,71.6890167,-15.4242542,-3.42343126,-22.2231423,3.09513757,-15.3248186,23.3229086,71.8066598,18.5133848,-1.22172266,27.2075378,-7.69661403,6.21123572,4.66322542,7.76131129,-1.30898142,-5.05156053,-7.18761382,-4.33203254,-13.2506916,9.76448881,-3.08692128,3.20295979
788,-3.39084603,-1.42637808,106.220925,-0.412472393,1.18585575,2.84285942,-0.986055948,1.43338787,0.506932852,0,0,3.96573248,11.9927859,-22.1407719,71.7372788,-15.4224442,-3.3514114,-22.3137192,3.04566566,-15.3388871,23.2452835,71.8389052,18.1802953,-1.20331722,27.2325653,-7.6930999,6.19828611,4.67151215,7.79773413,-1.35149946,-5.06339639,-7.20342913,-4.3549077,-13.2498293,9.83510784,-3.13912762,3.21173894
789,-3.37652341,-1.4223353,106.225431,-0.393572011,1.17756595,2.84346872,-1.01076981,1.38442332,0.528743833,0,0,3.89254316,12.1025044,-22.2723077,71.7793937,-15.3811933,-3.31452368,-22.3015529,2.99952901,-15.2974586,23.0630541,71.8243432,17.9190474,-1.10298206,27.274851,-7.70052261,6.17614946,4.67150746,7.85317734,-1.35581614,-5.02796863,-7.20784826,-4.38651611,-13.2547769,9.87606337,-3.15818342,3.2167952
790,-3.36304232,-1.40743749,106.221557,-0.390839261,1.16925436,2.83230752,-1.04422653,1.39761743,0.54693855,0,0,3.81393452,12.1724541,-22.4587463,71.8209691,-15.4348308,-3.2493165,-22.3491883,2.89917518,-15.3291985,23.1147279,71.8913405,17.8072662,-1.08183718,27.2239285,-7.69956553,6.1638722,4.70696937,7.89754027,-1.40692783,-5.0076296,-7.2257536,-4.40741563,-13.2402491,9.94619489,-3.20120038,3.21140831
791,-3.35034393,-1.39094954,106.220949,-0.399542456,1.16635434,2.8164656,-1.07014027,1.42163696,0.557697005,0,0,3.78434101,12.2874079,-22.5626625,71.7473396,-15.4584905,-3.17241946,-22.4914663,2.81494785,-15.395926,23.1572629,71.8800366,17.4437943,-0.994572767,27.1315434,-7.69896874,6.16580002,4.72834018,7.9287918,-1.43873196,-4.97599857,-7.23052363,-4.41098056,-13.2249862,9.96932106,-3.19900063,3.22332507
792,-3.33521552,-1.37591176,106.219971,-0.400352358,1.16059307,2.80976165,-1.11611801,1.44947991,0.565592064,0,0,3.78226122,12.2799911,-22.4813747,71.759231,-15.2389836,-3.16846862,-22.4885874,2.70410818,-15.4832585,23.3316769,71.8978429,17.5200568,-0.976634129,27.1739418,-7.70140285,6.16118495,4.71322924,7.97165038,-1.47012501,-4.96513345,-7.24338403,-4.4292748,-13.2210529,10.0258554,-3.2158823,3.25274206
793,-3.32405716,-1.3602539,106.212592,-0.393416948,1.15633896,2.79742469,-1.14778896,1.47266562,0.575116976,0,0,3.67223114,12.3327723,-22.8975996,71.8207437,-15.8183698,-3.16468918,-22.352472,2.60857283,-15.5286092,23.3343219,71.9375194,17.5028857,-0.913734383,27.3127295,-7.70711033,6.14593228,4.71350586,8.01937377,-1.5135092,-4.9424824,-7.25424317,-4.45432964,-13.2064901,10.0678969,-3.25480307,3.24990902
794,-3.31146829,-1.34677375,106.214011,-0.387427818,1.14887758,2.78813168,-1.18641496,1.49140243,0.582769829,0,0,3.56189371,12.5075107,-23.4277384,71.7733217,-16.6116672,-3.00813975,-22.644384,2.53377329,-15.5206896,23.2380555,71.9481335,17.6217856,-0.936735365,27.2394586,-7.71465769,6.12993512,4.74192244,8.07603104,-1.5470228,-4.93507464,-7.26117838,-4.4760522,-13.197633,10.1095098,-3.26232972,3.26386054
795,-3.29725109,-1.33073144,106.205952,-0.378553529,1.13098036,2.79457538,-1.21556066,1.4839745,0.608691518,0,0,3.39596728,12.6730386,-24.0902019,71.8262761,-17.3493516,-3.05936446,-22.6159141,2.38089488,-15.5842685,23.4337438,71.9918877,17.8188929,-0.893347976,27.377519,-7.70833805,6.11091049,4.72490374,8.12673239,-1.59179906,-4.92086486,-7.28378033,-4.5127555,-13.2240906,10.2201589,-3.33514829,3.26976801
796,-3.28336097,-1.31711606,106.204975,-0.36119727,1.12073556,2.79276068,-1.25378549,1.48650241,0.61395055,0,0,3.27144503,12.8014684,-24.5771448,71.8073702,-17.967371,-2.8923943,-22.518215,2.2750739,-15.6291087,23.4565293,71.9746893,17.6441323,-0.786270033,27.4546864,-7.71904352,6.0827906,4.72626636,8.19576426,-1.6301335,-4.90185559,-7.28854438,-4.55267369,-13.2074335,10.2741473,-3.36480241,3.31343426
797,-3.26981135,-1.30296564,106.203806,-0.359618206,1.11274952,2.77879412,-1.25549773,1.48845606,0.624306291,0,0,3.15839025,12.8686237,-24.4137599,71.7163784,-17.629963,-2.44331597,-22.8001823,2.1163339,-15.6680356,23.4632707,72.035075,17.3858094,-0.695121372,27.5998331,-7.71972398,6.07429342,4.73746915,8.2451747,-1.66825183,-4.86934602,-7.29843023,-4.5710072,-13.1929526,10.3250126,-3.38294958,3.30619405
798,-3.25694457,-1.29403705,106.199634,-0.348183402,1.10416162,2.76945569,-1.25252884,1.46655239,0.634061722,0,0,3.03850165,12.9314477,-24.2702935,71.7969063,-17.3394683,-2.36853479,-23.1382835,1.93939166,-15.6792269,23.4523629,72.0837401,17.2775372,-0.71507737,27.7164722,-7.72531278,6.05729905,4.74332049,8.30238778,-1.70358205,-4.86884912,-7.30728898,-4.59703876,-13.1952279,10.3774855,-3.41989984,3.31801753
799,-3.24580632,-1.27388733,106.198895,-0.359183874,1.09129689,2.74204763,-1.21107365,1.46492958,0.654674539,0,0,2.87764984,13.0094835,-24.3405351,71.8568139,-17.203679,-2.31016122,-23.1805334,1.75853583,-15.7249686,23.6132293,72.0449173,17.4178823,-0.670958777,27.7177887,-7.71912292,6.06328998,4.78433151,8.35141061,-1.75174417,-4.85306968,-7.32495697,-4.60254773,-13.1793469,10.4438032,-3.42764271,3.33336988
800,-3.23245488,-1.26132723,106.196761,-0.349214073,1.08114497,2.72504586,-1.18609778,1.44276679,0.673655688,0,0,2.7216846,13.0399684,-24.257352,71.9560771,-16.81506,-2.31642451,-23.5341152,1.56827781,-15.7532832,23.5031351,72.094969,17.0609929,-0.705627644,27.6618666,-7.73238288,6.05002191,4.79581007,8.42978362,-1.79320384,-4.8762697,-7.33100852,-4.62716416,-13.1407555,10.4928491,-3.4583188,3.35711546
801,-3.22494134,-1.24782994,106.191874,-0.341587648,1.06874067,2.71089895,-1.16824879,1.42792596,0.700946776,0,0,2.5024906,13.1061059,-24.4764405,71.9980827,-16.7534876,-2.18212036,-23.5296653,1.31205426,-15.8454873,23.6845313,72.1243934,17.0377993,-0.70480626,27.9946334,-7.75085086,6.03537158,4.80587691,8.51032435,-1.83709955,-4.83593743,-7.34970958,-4.65412548,-13.1259007,10.560246,-3.48064199,3.37563402
802,-3.21340077,-1.23841297,106.189346,-0.332077601,1.05513157,2.70219005,-1.14384207,1.40006904,0.717993488,0,0,2.25244292,13.2336409,-24.8484912,72.0758649,-16.9795702,-2.27527646,-23.5963792,1.07303915,-15.8686144,23.6959565,72.1916981,16.8746807,-0.696612381,28.1922427,-7.75862618,6.02184439,4.80746408,8.57927853,-1.86792419,-4.82679778,-7.36274841,-4.68157131,-13.1191072,10.6325896,-3.52862855,3.3847837
803,-3.20527814,-1.22286621,106.188083,-0.327280317,1.03846685,2.69253362,-1.12675603,1.38508712,0.738127658,0,0,1.97549924,13.448009,-25.4830618,72.0372743,-17.2099286,-2.01991788,-23.6069591,0.8388444,-16.0392052,23.7787982,72.0876675,16.2380764,-0.462606311,28.0850941,-7.77030495,6.00999786,4.81886751,8.65695485,-1.91392615,-4.82731816,-7.37583249,-4.70679819,-13.0914458,10.70302,-3.55742591,3.41299878
804,-3.20342444,-1.20583279,106.192398,-0.311495184,1.02044168,2.68369743,-1.14033509,1.37040638,0.782505905,0,0,1.6706774,13.6351519,-25.9540307,72.0199735,-17.225136,-1.87030067,-23.5295919,0.544216987,-16.0585756,23.8044421,72.1329311,16.1856666,-0.436778911,28.183051,-7.78503339,5.98539936,4.81915523,8.7390136,-1.92609542,-4.81263923,-7.37403957,-4.74214741,-13.082628,10.7397186,-3.56370179,3.42874877
805,-3.2034345,-1.18757011,106.189573,-0.312335724,0.996980727,2.68681903,-1.1478912,1.36156598,0.831041016,0,0,1.33240502,13.6288621,-26.0658375,72.2415995,-16.8823698,-2.06333483,-23.5203011,0.155971452,-16.1425186,24.1086604,72.2579509,16.3201923,-0.52891827,28.3677137,-7.78919042,5.97849233,4.79986507,8.80108977,-1.96364993,-4.82759179,-7.38340888,-4.76207021,-13.1070408,10.817365,-3.58850882,3.4449408
806,-3.20369191,-1.16758347,106.186843,-0.304072163,0.971582991,2.68394702,-1.15079691,1.39076066,0.876639679,0,0,0.985947839,13.54962,-26.022768,72.4339444,-16.682095,-2.1478819,-23.5360276,-0.241894858,-16.3455682,24.3898525,72.2600615,15.8507739,-0.291589153,28.0831014,-7.80050292,5.95962607,4.79539129,8.88652861,-1.99986808,-4.82377116,-7.40274941,-4.79774429,-13.1159875,10.9132353,-3.63323546,3.4776382
807,-3.20506655,-1.15543464,106.183326,-0.282047582,0.948225959,2.68730028,-1.13897022,1.36358078,0.918664072,0,0,0.586464108,13.644248,-26.2337731,72.5240141,-16.3372285,-2.08935359,-23.5662324,-0.682136008,-16.4040346,24.8184708,72.3984547,16.3913014,-0.431797676,28.0926551,-7.83407928,5.93072284,4.78644033,9.00446463,-2.04289955,-4.81368467,-7.40240534,-4.83878263,-13.1317909,10.9695024,-3.67672242,3.48586858
808,-3.20661217,-1.1402647,106.182408,-0.27549469,0.927901013,2.68471313,-1.12880754,1.35657813,0.951923785,0,0,0.176595221,13.8294708,-26.7661778,72.5320669,-16.3013632,-1.93128487,-23.5990327,-1.14414494,-16.4842859,24.9832184,72.5547636,15.9925789,-0.405863688,27.8357137,-7.85585477,5.91744879,4.7769532,9.09586537,-2.08758756,-4.81071696,-7.40984769,-4.86377515,-13.150252,11.0282685,-3.69534365,3.47408586
809,-3.21152397,-1.12875458,106.18149,-0.267886724,0.904361398,2.67816665,-1.09592413,1.31520404,0.998730324,0,0,-0.261008796,14.0300034,-27.0618806,72.5379204,-15.9183637,-1.84834374,-23.3753543,-1.58451029,-16.4981051,25.2435869,72.579687,16.0911812,-0.351617178,27.7186084,-7.87934123,5.90888203,4.76530388,9.19404592,-2.12628933,-4.82165849,-7.43011457,-4.89129398,-13.1281649,11.1147276,-3.73252293,3.49542785
810,-3.22143584,-1.11282077,106.177604,-0.267003426,0.876371715,2.66185443,-1.05028971,1.29849335,1.06522414,0,0,-0.759062295,14.3092856,-27.4974315,72.4948219,-15.808495,-1.73536601,-23.6374679,-2.11042579,-16.5464355,25.5022086,72.7018722,15.7945017,-0.375009322,27.623457,-7.89099439,5.90302429,4.77723281,9.27747412,-2.18474614,-4.75764041,-7.47084042,-4.91722565,-13.1120841,11.2380646,-3.76961342,3.51566165
811,-3.23780552,-1.1022293,106.168795,-0.2532199,0.851251128,2.65342411,-1.02834282,1.28611448,1.14370376,0,0,-1.1633953,14.2597257,-27.1137354,72.5654051,-15.0781702,-1.7161132,-23.7289088,-2.67149232,-16.6505139,25.7566724,72.723845,15.6224065,-0.262461785,27.5853292,-7.92006453,5.88175551,4.790903,9.37849433,-2.22454992,-4.76586823,-7.52242372,-4.95782685,-13.105481,11.3686817,-3.82443252,3.51877707
812,-3.25237475,-1.08969538,106.164205,-0.253972328,0.822382084,2.64611717,-1.01208676,1.26260305,1.22613475,0,0,-1.70605298,14.3791431,-27.0949472,72.671355,-14.393857,-1.66018046,-23.927336,-3.29349353,-16.7459504,25.9901539,72.8291187,14.9012752,-0.40841415,27.5316251,-7.94781473,5.88121976,4.78316824,9.48305087,-2.27851375,-4.75274615,-7.56113809,-4.98192974,-13.097032,11.4886514,-3.86018344,3.54515953
813,-3.27240936,-1.08374385,106.158745,-0.239175433,0.798848138,2.64957039,-0.994891331,1.2009845,1.29916068,0,0,-2.21739551,14.472259,-26.9651361,72.6891818,-13.7415338,-1.646568,-24.0127424,-3.89197327,-16.8217946,26.3221216,72.7763623,14.7941471,-0.44862422,27.6878503,-8.00062917,5.86483542,4.76088475,9.61245819,-2.32376931,-4.75700862,-7.59644163,-5.01565294,-13.0995045,11.587462,-3.90111078,3.54280013
814,-3.30048464,-1.07312081,106.154585,-0.233515283,0.766329224,2.65273407,-0.97902907,1.19207975,1.40499051,0,0,-2.92571217,14.7105643,-27.5835038,72.7655364,-13.5896688,-1.5599706,-23.9858314,-4.67657418,-17.0348572,27.0598588,72.8020984,14.6083762,-0.445926562,27.5055474,-8.04932415,5.85518265,4.74266522,9.74229667,-2.36354299,-4.74174955,-7.6327364,-5.04652113,-13.0923969,11.6936442,-3.93687152,3.53596481
815,-3.32263932,-1.05860988,106.14655,-0.234411411,0.763214478,2.64617596,-0.933458368,1.17859973,1.46135611,0,0,-3.72083264,15.0791828,-28.8684024,72.8208746,-14.5888896,-1.53625266,-24.2477282,-5.35114842,-17.1502789,27.4461436,72.7190365,13.9562246,-0.580543508,27.1944836,-8.12094551,5.85046555,4.71454192,9.85540717,-2.39512835,-4.7448385,-7.74957105,-5.08045308,-13.0460105,11.8911339,-3.97795425,3.58233347
816,-3.35273482,-1.05070351,106.132352,-0.218083931,0.729281151,2.65593291,-0.961563103,1.18107482,1.57010489,0,0,-4.50522095,15.2533629,-29.3962531,72.9115249,-14.3295081,-1.4899459,-24.2396054,-6.13048325,-17.3219881,27.9086123,72.6767576,13.7734504,-0.595290847,27.4296538,-8.16570545,5.82753661,4.68520284,9.97621955,-2.44411511,-4.69775417,-7.80356711,-5.12794125,-13.0486154,12.0406109,-4.05335527,3.58037983
817,-3.38018388,-1.04511119,106.126094,-0.217045053,0.689546283,2.66987303,-0.924537608,1.12355939,1.68251027,0,0,-5.37149128,15.3770388,-29.8079974,73.1636613,-13.7262197,-1.52719465,-24.3914371,-6.9747894,-17.4727662,28.6088791,72.6108463,13.222868,-0.632163089,27.1382796,-8.20333894,5.82367499,4.661377,10.0974435,-2.4844779,-4.69187679,-7.84086678,-5.15427078,-13.0749731,12.1750828,-4.09498656,3.59264364
818,-3.40633541,-1.03705525,106.120086,-0.210101507,0.643154485,2.68057128,-0.908071302,1.10348109,1.79358612,0,0,-6.27443674,15.5926867,-30.5280154,73.3069724,-13.5304886,-1.56501053,-24.3871477,-7.86392806,-17.7559134,29.2975295,72.4785934,12.4668395,-0.604256484,26.9396885,-8.24749526,5.81538314,4.61425852,10.2516205,-2.53834995,-4.67000055,-7.86561597,-5.19058518,-13.0681625,12.3050366,-4.13984126,3.59810139
819,-3.44199166,-1.0319314,106.109273,-0.187472614,0.597828369,2.63562676,-0.806836906,1.01345333,1.91787721,0,0,-7.24551504,15.981444,-31.2851248,73.2848289,-13.2660468,-1.43745333,-24.4308695,-8.85339963,-17.9179102,30.1258949,72.4673577,11.9345603,-0.726660251,26.5036355,-8.27370355,5.79473847,4.64415895,10.3839716,-2.58400763,-4.66144616,-7.9688022,-5.24989983,-12.9710739,12.5405475,-4.21649562,3.61134214
820,-3.48131284,-1.02386959,106.088471,-0.171811688,0.580924277,2.66791225,-0.822344691,0.984100059,2.03275565,0,0,-8.10700168,15.9912436,-31.1603339,73.331281,-11.8948957,-1.48883279,-24.1834459,-9.73578409,-17.9917735,30.4482183,72.3714892,11.6337562,-0.951565947,26.3448951,-8.38948123,5.76949494,4.58648825,10.5728426,-2.6520013,-4.62197492,-8.10097148,-5.31376551,-12.9498875,12.7931467,-4.31190781,3.62936786
821,-3.52242775,-1.0119847,106.07326,-0.154962634,0.541924046,2.71280466,-0.868853637,0.991724151,2.16058115,0,0,-9.06031509,16.1164478,-31.414475,73.3208445,-11.0215629,-1.3646877,-24.1887632,-10.7751152,-18.1581467,31.1729902,72.428733,11.1394127,-1.04752701,26.2556638,-8.48238888,5.73855803,4.51100911,10.7667414,-2.7047278,-4.58674566,-8.23207354,-5.38990547,-12.968049,13.0969765,-4.3937877,3.65498833
822,-3.57714184,-1.00005148,106.050432,-0.131772456,0.506856735,2.73901328,-0.863451384,0.966762264,2.30546291,0,0,-10.0705854,16.3228749,-31.7701434,73.2238695,-9.88053202,-1.25616762,-24.0826784,-11.8448261,-18.3224725,31.7354255,72.384808,10.2663438,-1.1214319,25.8312,-8.62744246,5.70640534,4.4329584,11.0370376,-2.80047382,-4.57902541,-8.43237994,-5.48475631,-12.9191338,13.4979838,-4.53113853,3.68588128
823,-3.62916663,-0.993562955,106.027675,-0.114753488,0.467000475,2.76243459,-0.874454552,0.957856871,2.44543547,0,0,-11.0425265,16.5536106,-32.2703421,72.9152132,-8.93953088,-1.03062112,-23.9567297,-12.9753923,-18.5100398,32.1638321,72.4324964,9.47704798,-0.879419726,25.5339843,-8.75892445,5.68824557,4.37302648,11.2980942,-2.90645958,-4.58909909,-8.60375536,-5.56026533,-12.8855207,13.8572585,-4.65597475,3.7042532
824,-3.68302912,-0.988852698,106.002903,-0.114317659,0.442020331,2.78342474,-0.901944516,0.971634323,2.56183875,0,0,-12.1231546,16.7549202,-32.967076,72.8702227,-8.23538448,-1.12960657,-23.9618028,-14.0633484,-18.5595637,32.8526567,72.4722686,9.68006255,-0.880046556,25.3722027,-8.94782444,5.69233472,4.30518734,11.6281589,-3.03656038,-4.59167749,-8.78139407,-5.60848732,-12.8539797,14.1920582,-4.7777011,3.71780985
825,-3.751342,-0.98639736,105.964196,-0.0948765152,0.429178631,2.83907392,-0.952337225,0.916123775,2.71397609,0,0,-13.2456305,16.9570579,-33.5693211,72.7146993,-7.17556195,-1.24270372,-23.8189699,-15.3295929,-18.6443845,33.3608808,72.6247048,9.13431763,-1.087685,25.1731232,-9.22085442,5.66919276,4.17665555,12.0560625,-3.20478965,-4.57068618,-9.04312009,-5.69963748,-12.8476234,14.6565734,-4.96964479,3.75797307
826,-3.81088778,-0.995561108,105.926013,-0.0494796759,0.310698661,2.81850863,-0.908998714,0.790772515,2.93739244,0,0,-14.5151116,17.4476482,-35.1756928,72.4755676,-7.5140815,-1.17495294,-23.7187301,-16.5699296,-18.8143708,33.8638628,72.4819265,7.58359233,-0.839661835,25.1760363,-9.29788358,5.64087394,4.16935664,12.4193005,-3.3783947,-4.6071214,-9.1929659,-5.80938922,-12.8231559,15.1376936,-5.1978636,3.75146603
827,-3.88068594,-0.98380167,105.884695,-0.0459115295,0.30287859,2.96711133,-1.09847798,0.766050805,3.08435164,0,0,-15.7840293,17.7239465,-36.2243556,72.3647478,-7.15473713,-1.27093727,-23.6414687,-17.9297281,-18.849869,34.8313966,72.6202242,6.62332921,-0.986618158,24.4061647,-9.66782541,5.62129862,3.90175453,12.9602037,-3.56493399,-4.58633628,-9.43218389,-5.90045912,-12.9350344,15.5931545,-5.40720165,3.76524765
828,-3.94823924,-0.973108876,105.839086,-0.0309332283,0.277711965,2.99773968,-1.15382973,0.751719948,3.22923532,0,0,-16.9918936,17.8287403,-36.9447186,72.3480138,-6.56777757,-1.43682773,-23.5132216,-19.2237587,-18.8615128,35.4720615,72.6244247,6.19237202,-0.95018817,24.1766362,-10.0074455,5.60958655,3.76626236,13.5477699,-3.79294278,-4.58623852,-9.71495457,-5.99583204,-12.8961365,16.108757,-5.61513267,3.78587951
829,-4.0237166,-0.961214583,105.785286,0.000404812362,0.218633153,2.98063498,-1.16732394,0.744444943,3.42165946,0,0,-18.2457114,17.936058,-37.6876041,72.265792,-6.12635781,-1.43143988,-23.2196823,-20.6672133,-19.0180385,36.604565,72.7426348,5.37719108,-1.28238296,23.469061,-10.2880143,5.5836058,3.70827917,14.1191331,-4.03504951,-4.61129379,-10.0139316,-6.1155866,-12.7933473,16.7075323,-5.86335412,3.83779408
830,-4.10351902,-0.941569172,105.727005,-0.0198894873,0.183418532,3.063424,-1.2582567,0.789016836,3.60291155,0,0,-19.6087235,18.1749336,-39.0068723,72.1800185,-6.40262445,-1.52276485,-23.0598559,-22.0998506,-19.0856864,37.7210618,72.8763904,4.901751,-1.51041427,22.7805455,-10.7168801,5.60404684,3.45127644,14.8454742,-4.32216761,-4.59421789,-10.3189405,-6.19047365,-12.7991069,17.3049741,-6.08568617,3.85783897
831,-4.19415124,-0.930449832,105.653059,0.0262973923,0.159730558,3.12141465,-1.34071726,0.701328893,3.79566974,0,0,-20.8943615,18.2632548,-39.5782927,72.1844308,-5.96495062,-1.84124526,-22.8668364,-23.4939383,-19.0806064,38.4147017,72.8158135,4.25416155,-1.49507249,22.7518553,-11.1775696,5.54648201,3.23629624,15.6090296,-4.60364142,-4.59600142,-10.7828939,-6.36913176,-12.7450843,18.1351426,-6.40719726,3.89113871
832,-4.28592339,-0.912155025,105.583441,0.0105640451,0.105896739,3.19409093,-1.4238826,0.720149266,4.03915403,0,0,-22.1638187,18.2567695,-40.1944338,72.1635372,-5.6458745,-1.9599072,-22.2950813,-24.9840465,-19.1663134,39.3014344,72.8004524,3.26720818,-1.53687431,22.2158835,-11.6383171,5.56108965,2.99342026,16.4289426,-4.90360966,-4.61393878,-11.1365884,-6.46450767,-12.7019551,18.8388075,-6.66012557,3.88578725
833,-4.38335389,-0.900610629,105.492485,0.000816238587,0.0876460397,3.24324272,-1.47288633,0.717387682,4.23702632,0,0,-23.5350202,18.4212251,-40.9567239,72.0325137,-5.35134735,-2.06233805,-22.2701118,-26.4232357,-19.1936136,40.1067991,72.8175961,2.73296551,-1.66088163,21.8443178,-12.1838067,5.57839223,2.71117806,17.3235112,-5.24355373,-4.61963558,-11.5987848,-6.56851011,-12.611345,19.6453145,-6.96234266,3.89977207
834,-4.48007286,-0.898288842,105.392134,0.0151795709,0.0668958582,3.28703884,-1.49711109,0.670660757,4.43895574,0,0,-24.8298225,18.401771,-41.5445232,71.9949272,-4.99107365,-2.21038795,-21.8506392,-27.9457036,-19.2337188,40.9011467,72.9184234,1.81051154,-1.43251564,21.6828026,-12.7352548,5.56883039,2.46643958,18.2426498,-5.5836869,-4.63690444,-12.070616,-6.69828114,-12.5087751,20.4696159,-7.30088824,3.90790255
835,-4.58952487,-0.891460013,105.284739,-0.020633126,0.0381268457,3.35662058,-1.55777971,0.676358522,4.6630504,0,0,-26.2836147,18.5472472,-42.5051278,71.9329774,-4.79994703,-2.27984244,-21.7490504,-29.4087626,-19.2459636,41.7192804,72.9397951,1.31465859,-1.28385262,21.262022,-13.3368852,5.61139229,2.1439014,19.2312838,-5.94795968,-4.65407169,-12.4956646,-6.76820264,-12.4397612,21.2299338,-7.60228656,3.93458554
836,-4.6892006,-0.880407915,105.163825,-0.0135196751,0.0384468034,3.36801887,-1.57571952,0.641907101,4.85370702,0,0,-27.7921968,18.7315001,-43.7797436,71.8296161,-4.85913318,-2.27011262,-21.4804839,-30.9301121,-19.2501266,42.4092388,72.9798336,0.627715302,-1.05963117,20.9587599,-13.9505265,5.60641948,1.9078618,20.2238742,-6.32973182,-4.6302053,-13.0572854,-6.89754764,-12.2756497,22.1505528,-7.97079917,3.94521588
837,-4.80299778,-0.875349902,105.040443,-0.0434905621,-0.0194811229,3.43936556,-1.61484295,0.618481687,5.11799052,0,0,-29.2562342,18.7886039,-44.6201027,71.7914558,-4.21239793,-2.49268074,-21.2727471,-32.3476359,-19.2250257,43.1228535,72.9084035,0.226344812,-1.01207758,20.6474348,-14.5402945,5.63779438,1.59663089,21.2519919,-6.71572801,-4.65983466,-13.4983936,-6.98737701,-12.2209399,23.0058649,-8.3272343,3.9402785
838,-4.90272418,-0.866067596,104.907012,-0.0269737059,-0.0440508999,3.3699598,-1.55638549,0.566380043,5.32121981,0,0,-30.7768529,18.8578125,-45.676733,71.8015304,-4.10751611,-2.57474034,-21.0719669,-33.7895025,-19.1684051,43.8403581,72.8896683,0.08207216,-1.29038506,20.7712644,-15.0765566,5.64116423,1.45989136,22.2018133,-7.11333637,-4.67118516,-14.0532269,-7.10959086,-11.9620356,23.9259904,-8.69560433,3.97523883
839,-5.05479984,-0.852637924,104.745948,-0.0403183035,-0.143055301,3.44889753,-1.51259822,0.625424627,5.67122346,0,0,-32.5801594,19.044275,-47.385479,71.6378312,-4.18552285,-2.49580875,-21.0026114,-35.2509717,-19.2956071,44.4712285,72.7199586,-0.453003225,-1.22937727,20.5193346,-15.6901603,5.63866865,1.14821969,23.325651,-7.550191,-4.63154487,-14.5505227,-7.25222741,-11.907669,24.9343364,-9.1210756,3.99033568
840,-5.15350811,-0.847132877,104.57865,-0.0360433873,-0.100657724,3.44925737,-1.49054589,0.556047995,5.82971373,0,0,-34.3172063,19.2713583,-48.9084985,71.5836337,-4.33911502,-2.55188525,-20.9797286,-36.7799915,-19.3514081,45.0531435,72.611058,-2.05989007,-1.21688336,20.3336542,-16.3978738,5.63500766,0.919600021,24.3997238,-8.00095446,-4.64607952,-15.2240187,-7.37931077,-11.723113,25.9533135,-9.55383382,4.00238413
841,-5.26226498,-0.84354775,104.401231,-0.04577101,-0.080803586,3.42960922,-1.47383882,0.557918186,6.07033404,0,0,-35.9133464,19.3327326,-49.7879844,71.4913578,-3.97696942,-2.52506181,-20.732071,-38.3361852,-19.3716664,45.9757689,72.5291368,-2.2361574,-1.36640026,20.2995493,-17.0881907,5.65450188,0.711571722,25.4841581,-8.45839699,-4.60499337,-15.9135075,-7.48884139,-11.5044786,27.0270022,-9.96481655,4.02744324
842,-5.38432859,-0.832985807,104.210222,-0.0438199818,-0.0809551099,3.38056476,-1.44421639,0.55236156,6.31585159,0,0,-37.5032778,19.3367249,-50.4762967,71.473531,-3.60268061,-2.5656722,-20.6842034,-39.8864299,-19.3673463,46.8542644,72.4644822,-2.49225449,-1.40368754,20.4460671,-17.7772834,5.66115662,0.522804717,26.611252,-8.92681648,-4.60298145,-16.6450771,-7.62163051,-11.2316305,28.1809917,-10.3894819,4.05076919
843,-5.50265722,-0.842565577,103.99518,-0.0486615804,-0.0016816791,3.38006351,-1.40809963,0.510968373,6.45948535,0,0,-39.1010742,19.3471938,-51.1164288,71.488414,-3.08915518,-2.69576532,-20.6575708,-41.3619898,-19.3514303,47.4947244,72.3598847,-2.82812478,-1.41019063,20.2326049,-18.6269948,5.66757614,0.224257282,27.8217442,-9.41428708,-4.63941795,-17.4381286,-7.72825062,-11.002727,29.3020989,-10.849741,4.02395686
844,-5.62490374,-0.835881848,103.768694,-0.00628184777,0.0178113313,3.33436747,-1.38510954,0.491097698,6.71202049,0,0,-40.7333084,19.3846574,-51.9604387,71.4186709,-3.16203458,-2.79714154,-20.5271585,-42.9003226,-19.3474875,48.0293814,72.3216356,-3.4706951,-1.47820971,20.1705629,-19.3484182,5.6221985,0.0453239414,28.9708313,-9.92797707,-4.59405311,-18.219907,-7.90248533,-10.6902159,30.496641,-11.3352001,4.02951279
845,-5.73883727,-0.83258776,103.541672,-0.0322203244,-0.0251359385,3.26372265,-1.30031807,0.478306568,6.96741194,0,0,-42.2513453,19.2983836,-52.5840965,71.5180297,-2.89922918,-3.07039671,-20.1986589,-44.4392188,-19.3163197,48.8956167,72.359065,-3.56873521,-1.60185812,19.9341871,-20.0100108,5.68092788,-0.119884908,30.1593491,-10.4710761,-4.59468106,-18.8657065,-7.97247598,-10.4007107,31.6070556,-11.8046253,4.02461981
846,-5.86124025,-0.837376341,103.290594,-0.0837951681,0.0114930992,3.24129401,-1.31641011,0.529476851,7.21766751,0,0,-43.8345046,19.283323,-53.124139,71.4072645,-2.39937673,-3.00306876,-19.9496763,-46.0368001,-19.2724357,49.5772525,72.3898624,-3.92668002,-1.65954013,19.7735291,-20.8477574,5.7480379,-0.403189055,31.4340776,-11.0031812,-4.59966027,-19.6308362,-8.01791552,-10.1426456,32.7711725,-12.2983626,4.01066446
847,-5.96308932,-0.831285957,103.037477,-0.152404193,0.0614463446,3.22888041,-1.2979544,0.581817445,7.37284343,0,0,-45.4182308,19.2376752,-53.7039811,71.4544338,-1.88546177,-3.332362,-19.777033,-47.4712149,-19.2559237,50.1854604,72.2919311,-4.06073999,-1.60460727,19.5243365,-21.7257338,5.81723498,-0.727409277,32.7645882,-11.525181,-4.61783626,-20.3663452,-8.04118683,-9.88837905,33.8802928,-12.7786684,3.98731545
848,-6.07642978,-0.812943745,102.764285,-0.228405678,0.11521219,3.21848029,-1.30139831,0.667260283,7.5822152,0,0,-47.0603107,19.1739717,-54.5325992,71.4748629,-1.38510185,-3.54602696,-19.2939115,-49.046318,-19.2110648,50.9916549,72.3593792,-4.22322592,-1.57518463,19.2751012,-22.6289239,5.87976237,-1.05049259,34.1086977,-12.0619501,-4.61154608,-21.1513149,-8.0787708,-9.67076837,35.0577388,-13.261573,4.00784103
849,-6.19190633,-0.817978568,102.477479,-0.267868701,0.200113696,3.24161986,-1.30002726,0.65488318,7.72938528,0,0,-48.6379956,19.1269885,-54.9502926,71.3800599,-0.25512224,-3.54318091,-19.1658779,-50.5176227,-19.0864958,51.3921123,72.4477141,-4.64025593,-1.7845359,19.1236298,-23.5684659,5.88953381,-1.42526283,35.4334744,-12.5777037,-4.6082074,-21.9939707,-8.14477263,-9.41649238,36.2683147,-13.7770653,4.00592089
850,-6.31570071,-0.798685662,102.180672,-0.347584591,0.222829255,3.22230947,-1.26697522,0.726910086,7.98995102,0,0,-50.2773333,19.0508097,-55.6715708,71.3321939,0.618222406,-3.64006778,-18.7002127,-52.0719108,-19.0917977,52.0209439,72.3608819,-5.25269935,-1.73507242,18.873679,-24.4364924,5.95711853,-1.72362705,36.7720105,-13.1520108,-4.59191142,-22.7681743,-8.17071966,-9.17734184,37.4689595,-14.273451,3.97590349
851,-6.43265396,-0.788170472,101.866293,-0.396381434,0.306612468,3.27907163,-1.28993181,0.766577797,8.12246352,0,0,-51.8265465,18.9352395,-56.3150087,71.2583527,1.46763412,-3.72616915,-18.342864,-53.5944283,-19.051322,52.8052819,72.3828341,-5.4384519,-1.57574054,18.5903389,-25.3799209,5.94387693,-2.13948632,38.0920196,-13.6997766,-4.61323228,-23.6351968,-8.24586113,-8.93293633,38.7287265,-14.791724,3.97499038
852,-6.54947832,-0.788612384,101.536095,-0.391490789,0.416091622,3.28901555,-1.26298938,0.669666538,8.29837163,0,0,-53.4471318,18.8782723,-57.0591818,71.1935206,2.31948336,-3.70087525,-17.7897109,-55.1549831,-18.9687672,53.2312705,72.4493192,-6.15838628,-1.81933401,18.7029806,-26.3248536,5.88541905,-2.47726287,39.3845681,-14.2331409,-4.60192618,-24.601059,-8.36045976,-8.59741012,40.0595854,-15.3176469,3.98167116
853,-6.68273643,-0.794570986,101.191568,-0.412780678,0.482077826,3.31343236,-1.2406123,0.635755822,8.53690574,0,0,-55.0635029,18.8155883,-57.732372,71.0547994,2.88615342,-3.66473074,-17.6222262,-56.7339316,-18.9309416,53.8667377,72.5011193,-6.62641645,-1.90031465,18.6208459,-27.2685826,5.85921673,-2.827471,40.7331035,-14.7735506,-4.61032646,-25.5140743,-8.44256973,-8.28637184,41.3820569,-15.8204001,3.94697166
854,-6.80987611,-0.793853402,100.83456,-0.374199011,0.587000193,3.31302209,-1.1961103,0.580464214,8.71944084,0,0,-56.5756829,18.6958055,-58.1953154,70.8829997,3.4653588,-3.64413815,-17.3910772,-58.3198161,-18.9169636,54.6747798,72.5177372,-6.76426546,-1.87829605,18.6340589,-28.2220155,5.75737392,-3.13166991,42.0497557,-15.2912363,-4.59192252,-26.5471182,-8.57748646,-7.84900409,42.7865658,-16.3231737,3.96529066
855,-6.93669692,-0.785866193,100.461566,-0.388262128,0.666023506,3.31646613,-1.23776037,0.656609724,8.94442471,0,0,-58.1417463,18.5611347,-58.650732,70.853746,3.80237656,-3.61107875,-17.275898,-59.9051986,-18.8173009,55.2205153,72.6157162,-7.25379409,-1.83615698,18.6149822,-29.1826902,5.70909216,-3.46713999,43.4178528,-15.8395041,-4.58031461,-27.5068657,-8.6471117,-7.45271566,44.1443356,-16.8509048,3.93998395
856,-7.08202347,-0.797177479,100.074649,-0.378514489,0.790138031,3.28641352,-1.19634093,0.556219443,9.17080706,0,0,-59.7796939,18.4617247,-59.3479167,70.8231263,3.87249912,-3.50981394,-17.0133336,-61.4344848,-18.6758682,55.6553286,72.6893047,-7.45266614,-1.93930201,18.5499827,-30.2062077,5.64682048,-3.79052575,44.778167,-16.342165,-4.58071247,-28.549827,-8.6859584,-6.94705328,45.4911362,-17.3894755,3.88994214
857,-7.21033588,-0.787418522,99.6800601,-0.424475808,0.903483862,3.27013667,-1.2065924,0.520197346,9.3707045,0,0,-61.4069933,18.3753484,-60.1266402,70.9110035,3.94482997,-3.50698795,-16.7716678,-62.9024564,-18.5346797,56.0850909,72.6625508,-7.55257217,-1.85357247,18.4065197,-31.2316069,5.62389239,-4.14961612,46.1659316,-16.8968993,-4.55169697,-29.5469885,-8.68702305,-6.52574032,46.8276779,-17.9026771,3.86117894
858,-7.36336187,-0.804351177,99.2643297,-0.446958616,1.03445688,3.31098823,-1.17883942,0.416463314,9.65119134,0,0,-63.0978818,18.2067657,-60.9590422,71.0015718,3.53817908,-3.4810979,-16.4674853,-64.5359166,-18.50497,56.7015428,72.6831507,-7.63528235,-1.80903921,18.3967816,-32.3104592,5.55145609,-4.55321456,47.5497928,-17.3909491,-4.57363511,-30.5532666,-8.72102117,-6.17880001,48.1238463,-18.462184,3.80969254
859,-7.51705021,-0.789958239,98.8293767,-0.564851177,1.15082581,3.33441442,-1.21058817,0.531744848,9.92302689,0,0,-64.9089884,18.1058855,-61.9844653,71.0889231,3.21831534,-3.38982331,-16.2924754,-66.1258822,-18.46104,57.0939918,72.7056767,-7.88587004,-1.84272079,18.4163347,-33.4126195,5.56733287,-5.00691926,48.9730028,-17.9516171,-4.59380509,-31.5175015,-8.65560248,-5.86385059,49.4038989,-18.9801531,3.76817225
860,-7.6526165,-0.784730446,98.4041154,-0.62319998,1.31081469,3.36000484,-1.19930662,0.5725143,10.1449901,0,0,-66.6424904,17.9897023,-62.7302059,71.1625115,3.12037406,-3.36228121,-16.4715664,-67.6917031,-18.3959073,57.5327939,72.7700853,-8.34974319,-1.74784455,18.1038194,-34.4979536,5.50506075,-5.44365949,50.3115457,-18.4498351,-4.58485626,-32.5412137,-8.64225543,-5.51148327,50.6868338,-19.4705915,3.73855996
861,-7.80442208,-0.765291601,97.9682148,-0.702759882,1.45615118,3.40261337,-1.19440905,0.601366193,10.4015696,0,0,-68.3463016,17.7754939,-63.6130078,71.3592688,2.98294147,-3.47126862,-15.953838,-69.2073084,-18.2723782,57.9756702,72.9254926,-8.70102836,-1.73617891,17.6955226,-35.5983107,5.44155366,-5.88771143,51.6754832,-18.9394264,-4.56802497,-33.5564086,-8.63102916,-5.2040778,51.9761311,-19.932734,3.71740473
862,-7.9544276,-0.75800484,97.5073397,-0.815026108,1.6385431,3.48566909,-1.34108374,0.725841588,10.6221138,0,0,-70.0069323,17.6294149,-64.3087241,71.5437863,2.93842998,-3.6753043,-15.8491159,-70.7835931,-18.1161205,58.5937204,73.0276723,-9.09799383,-1.58782368,17.2937316,-36.78341,5.38197007,-6.39926997,53.0760477,-19.4473722,-4.57042706,-34.6036986,-8.5909923,-4.95640404,53.2781017,-20.4036124,3.72267294
863,-8.10596794,-0.748137385,97.055614,-0.880628116,1.83387482,3.56208533,-1.40728855,0.798388389,10.8435895,0,0,-71.6809707,17.4317083,-65.0358728,71.65421,3.16850149,-3.61617834,-15.567333,-72.2992872,-17.9888058,58.9191516,73.1342437,-9.59709966,-1.65916138,17.1869911,-37.9344745,5.26253098,-6.86582013,54.4027812,-19.9074316,-4.5462166,-35.6843062,-8.58880579,-4.64169197,54.5700423,-20.8311959,3.72018761
864,-8.26296881,-0.743136508,96.5818882,-0.938622161,1.95641026,3.60772404,-1.45395656,0.873859205,11.1681422,0,0,-73.4032644,17.209541,-65.6811549,71.7856502,3.40114179,-3.49509403,-15.3425925,-73.8796359,-17.9321409,59.455499,73.1825741,-9.96170796,-1.64897202,16.9404401,-38.9977574,5.16669105,-7.28169285,55.74185,-20.4022668,-4.56874128,-36.7066763,-8.58908753,-4.32444164,55.8939344,-21.2889705,3.70343401
865,-8.3891511,-0.740444986,96.1097836,-1.01020856,2.1758232,3.67688923,-1.46869334,0.906999923,11.327686,0,0,-74.9737639,16.9924264,-66.0948185,71.844219,3.96546781,-3.28721957,-15.0346414,-75.338817,-17.822349,59.9014011,73.2722272,-10.3586743,-1.56264696,16.8765949,-40.16949,5.04213529,-7.75209139,57.0720669,-20.8462513,-4.54247323,-37.7921641,-8.55319147,-4.00226418,57.1650463,-21.7338293,3.63623818
866,-8.53034183,-0.743193412,95.6003785,-1.03995999,2.36953474,3.69537554,-1.36639407,0.884526466,11.504862,0,0,-76.5492222,16.7241126,-66.6160576,71.8895578,4.31430137,-3.29211105,-14.868801,-76.7614566,-17.8215174,60.2994986,73.3246557,-10.3529199,-1.58321266,17.0318075,-41.3229723,4.90266112,-8.15468409,58.4379442,-21.3117082,-4.5510067,-38.9402335,-8.52421525,-3.57623796,58.5315656,-22.2116693,3.60846492
867,-8.64627659,-0.739033008,95.1060474,-1.06531071,2.56547424,3.71419673,-1.32606703,0.970235095,11.6829686,0,0,-78.1328493,16.4615482,-67.2235756,72.0086422,4.30986473,-3.23867528,-14.3714471,-77.9567534,-17.8043395,59.9774689,73.1830113,-11.4390693,-1.43300976,16.6476811,-42.4253512,4.75341167,-8.53383813,59.7454815,-21.7656341,-4.56046736,-40.0294472,-8.48464199,-3.14063176,59.8234823,-22.7010472,3.57373896
868,-8.78559798,-0.738378707,94.5854664,-1.07236405,2.7293535,3.72248801,-1.29153029,0.912957129,11.9297228,0,0,-79.4655832,16.290995,-66.8644511,71.8890866,5.16452204,-3.04731088,-14.2357381,-79.3840649,-17.705674,60.4491891,73.2515181,-11.4987481,-1.32161652,16.6529045,-43.5156475,4.59478693,-8.87827945,61.0815211,-22.2219709,-4.56009768,-41.1359447,-8.46456465,-2.70002735,61.1634561,-23.1985787,3.53104388
869,-8.92038643,-0.745321019,94.0606952,-1.07106825,2.88675293,3.67758887,-1.19386851,1.01310051,12.2064454,0,0,-80.7869174,16.0874024,-66.5274564,71.7463356,5.66778873,-2.97890376,-13.9440276,-80.8571454,-17.6724588,60.9063268,73.3123136,-11.7883934,-1.28584384,16.6845966,-44.5877891,4.45630783,-9.19043019,62.4133739,-22.6446896,-4.55898052,-42.2389519,-8.40400392,-2.20707296,62.485808,-23.6991001,3.47338726
870,-9.03562307,-0.735783065,93.52175,-1.08750959,3.09924555,3.6965464,-1.18712402,1.05925178,12.3438782,0,0,-82.1753446,15.9057347,-66.9680787,71.7288708,5.58561729,-2.73877075,-13.6325504,-82.2967376,-17.5917498,61.6400599,73.4458574,-11.4594617,-1.35127043,16.8067904,-45.7372621,4.26643583,-9.56231606,63.7631764,-23.0742351,-4.56209466,-43.3857304,-8.36587439,-1.77335168,63.8117868,-24.1974597,3.46206686
871,-9.14290324,-0.746121537,92.9756522,-1.0729954,3.35340906,3.73001518,-1.19960074,0.962097885,12.4921923,0,0,-83.7201148,15.7476005,-67.6668685,71.8189064,5.23760591,-2.6419144,-13.6680042,-84.0579019,-17.4464103,63.3843809,73.748107,-10.2738869,-1.23491602,17.0142454,-46.9055182,4.03027606,-9.94331938,65.067039,-23.5028175,-4.53591582,-44.6067019,-8.32342903,-1.28957483,65.1613844,-24.6619177,3.41051366
872,-9.28703919,-0.752197392,92.4032569,-1.09926599,3.54709555,3.78882974,-1.16991546,0.956959342,12.7584134,0,0,-85.2376736,15.4806442,-68.4015373,71.9569103,4.85611296,-2.54150507,-13.4312246,-85.5858698,-17.4027329,64.0663548,73.8677309,-10.3426592,-1.22024969,16.8791152,-48.0746314,3.81084941,-10.3670481,66.4237673,-23.9405302,-4.53424712,-45.7486446,-8.27214712,-0.899423642,66.4872539,-25.1268777,3.43874796
873,-9.39983204,-0.754497945,91.8380141,-1.06330892,3.75570391,3.86046419,-1.18161248,0.93503785,12.9290854,0,0,-86.7565437,15.2494201,-69.3404493,72.1193596,4.28439539,-2.48526742,-13.1986405,-86.9613333,-17.3945128,64.630064,73.838443,-10.422715,-1.04117184,16.866061,-49.1862447,3.52499254,-10.7119684,67.7288593,-24.3518903,-4.51203535,-46.9307864,-8.30606925,-0.481959439,67.8556959,-25.5810033,3.41727832
874,-9.51573402,-0.762373302,91.2555575,-1.05593637,4.00429007,3.96152729,-1.23930431,0.92606074,13.0821157,0,0,-88.2453474,15.0366256,-69.8964813,72.251674,4.23338326,-2.47041454,-13.3164433,-88.3677785,-17.3054488,65.2408946,73.9429108,-10.495378,-1.06790979,16.8286897,-50.3697833,3.2240448,-11.124108,69.0287058,-24.7580116,-4.47868951,-48.1499172,-8.29897269,-0.0815028131,69.2153544,-26.024537,3.38866645
875,-9.63482484,-0.761363935,90.6697869,-1.02886637,4.20036287,4.08651497,-1.33651594,0.929288324,13.2666461,0,0,-89.69944,14.8577207,-70.5875394,72.3421877,4.09869663,-2.31798627,-13.1395021,-89.7611098,-17.2099696,65.9343022,74.0488607,-10.6426351,-1.03186805,16.7052408,-51.4836744,2.88737795,-11.5115197,70.3217904,-25.1441957,-4.4402539,-49.3216054,-8.34468117,0.313188613,70.5916033,-26.4499212,3.38536491
876,-9.77050811,-0.772897853,90.0534332,-1.03959291,4.39002048,4.22887097,-1.42372348,0.986123076,13.5317778,0,0,-91.1383423,14.6781875,-71.2148718,72.3070395,3.90550985,-2.05183578,-12.8909738,-91.2207759,-17.1750827,66.660324,74.0962349,-10.8045089,-0.827140764,16.6149662,-52.6426722,2.57483532,-11.934305,71.6519697,-25.5353025,-4.48658179,-50.4784584,-8.34812358,0.661276664,71.9669029,-26.9150673,3.3318158
877,-9.88846198,-0.784613471,89.4485593,-1.03548009,4.58125889,4.34068244,-1.47087227,0.952743407,13.7761603,0,0,-92.7439422,14.5590127,-72.5310014,72.3470576,3.14995326,-1.88391814,-12.6067149,-92.6621165,-17.1485542,67.2407672,74.1681568,-10.9624989,-0.899712325,16.6868642,-53.7782492,2.27300969,-12.3091484,72.968475,-25.9034105,-4.47722827,-51.6655146,-8.33131619,1.05800057,73.3669209,-27.2858408,3.33378417
878,-9.99830887,-0.780569762,88.8301492,-1.05064679,4.81341299,4.43404911,-1.47923936,0.997517325,13.9156439,0,0,-94.310009,14.4499789,-73.0368725,72.3329396,3.81913016,-1.94374633,-13.2615943,-94.0080463,-17.1586629,67.9799917,74.2000469,-10.8873224,-0.8005542,16.5325668,-54.9615009,1.97252405,-12.6842145,74.2885457,-26.2680726,-4.50965161,-52.8806701,-8.27999074,1.46181213,74.737815,-27.6706639,3.30138816
879,-10.1260282,-0.782029424,88.2022381,-1.10517201,5.0309794,4.52100475,-1.49061013,1.0720524,14.1493695,0,0,-95.8408456,14.2187796,-74.1251061,72.456969,3.06417782,-1.78422022,-12.7971602,-95.3952509,-17.1710717,68.6078842,74.226029,-10.8635807,-0.83450136,16.4909197,-56.1608958,1.7042672,-13.0974777,75.6048188,-26.6175802,-4.51059375,-54.0598647,-8.1840317,1.81066309,76.0793257,-28.0429843,3.26222513
880,-10.2434963,-0.780216651,87.5680745,-1.15343923,5.23273705,4.53124075,-1.40920644,1.21611593,14.3709451,0,0,-97.3180106,14.0370573,-75.1245608,72.4695502,2.61256913,-1.61452065,-12.6427092,-96.7962251,-17.1955681,69.2893321,74.2629939,-10.9182606,-0.873866942,16.657561,-57.3290289,1.48596304,-13.4450507,76.9342331,-26.9835315,-4.52601632,-55.2101266,-8.05116062,2.18982418,77.3880582,-28.447019,3.26095024
881,-10.3439294,-0.784598291,86.9306028,-1.14316504,5.51819939,4.54559867,-1.33668446,1.17684501,14.4967538,0,0,-98.7975184,13.8407039,-76.2012992,72.5813331,2.10656694,-1.5237119,-12.4784047,-98.172399,-17.2125685,70.0912988,74.3195821,-10.529587,-0.886505193,16.5337757,-58.5544195,1.19370096,-13.7480139,78.2302888,-27.3091283,-4.52728161,-56.4774545,-7.94599192,2.62047806,78.6889292,-28.8468907,3.241697
882,-10.4477122,-0.790037028,86.2912774,-1.17712815,5.79264382,4.56960237,-1.27806895,1.18648657,14.6551288,0,0,-100.182537,13.6437298,-77.0290498,72.5917286,2.10320841,-1.29157991,-12.3951191,-99.4712004,-17.257477,70.7704518,74.2848505,-10.256055,-0.772239437,16.3779621,-59.7900826,0.919545593,-14.1069233,79.5218366,-27.6031218,-4.52366118,-57.7065949,-7.80214216,2.99827311,79.972472,-29.2185145,3.18864222
883,-10.5639197,-0.791300274,85.6488466,-1.18678275,6.0418067,4.58375615,-1.25058085,1.18011902,14.8382308,0,0,-101.633256,13.4879178,-78.0621569,72.6742305,1.82050624,-1.07694325,-12.377808,-100.836917,-17.28141,71.7489994,74.2192944,-9.67195853,-0.518430941,16.2715528,-60.973126,0.627646467,-14.4212068,80.7786119,-27.8986624,-4.52380248,-58.9228194,-7.67198523,3.39749468,81.2396975,-29.5751631,3.14910845
884,-10.6800459,-0.802570954,85.0058675,-1.13380509,6.30247201,4.52967549,-1.18316699,1.06268822,15.0118542,0,0,-102.977335,13.3733678,-78.8708513,72.7235444,2.04022766,-0.868589234,-12.4331043,-102.124784,-17.2236727,72.3071488,74.2496751,-9.52076973,-0.486220356,16.2852764,-62.1224898,0.335404924,-14.6295412,82.0005054,-28.1503207,-4.46342105,-60.1996686,-7.51592223,3.90355087,82.5027702,-29.9044465,3.10545778
885,-10.7954212,-0.796352047,84.3589485,-1.14690606,6.54111417,4.58195997,-1.21048486,1.08908999,15.1906464,0,0,-104.341378,13.2648754,-79.7732422,72.7598127,1.8519631,-0.671146287,-12.337001,-103.385343,-17.2565429,72.9257385,74.1150384,-9.33985083,-0.142580332,16.3431998,-63.2889153,-0.016608934,-14.9616523,83.2402736,-28.4003091,-4.38054737,-61.3939818,-7.41176356,4.27473366,83.7493412,-30.2177199,3.10576407
886,-10.926757,-0.781366508,83.7047935,-1.18873578,6.78001186,4.61076857,-1.16796224,1.18811055,15.410184,0,0,-105.639087,13.2136362,-80.21409,72.6330171,2.14080497,-0.28342657,-12.2419991,-104.764631,-17.3573873,73.6574635,74.0347358,-9.33879471,-0.202021388,16.6335341,-64.4680587,-0.349389869,-15.3009898,84.4657051,-28.6287072,-4.2965527,-62.5651407,-7.25542565,4.6273315,84.9474315,-30.5257512,3.02359113
887,-11.0357106,-0.78024962,83.070451,-1.23861838,6.98020755,4.63755393,-1.19567018,1.24275505,15.631267,0,0,-106.82743,13.1923917,-80.21409,72.6336182,2.72145174,-0.135044993,-12.3899725,-105.995834,-17.3539585,74.1899519,73.9369002,-9.53467173,-0.0146528802,16.8183983,-65.5842687,-0.637580123,-15.6270374,85.6754068,-28.8630305,-4.26628685,-63.6484497,-7.09785959,4.94868379,86.1218826,-30.8357223,2.99824899
888,-11.1457482,-0.775999064,82.4223042,-1.28773442,7.24861876,4.68832334,-1.2874389,1.25751979,15.7819512,0,0,-107.99555,13.3361757,-80.21409,72.4342654,3.03264327,0.169943938,-12.5994015,-107.090324,-17.3273788,74.3161738,73.8046814,-9.75037081,0.11493865,16.902244,-66.7781038,-0.986465439,-15.9744072,86.8617628,-29.0798241,-4.23944847,-64.8095408,-6.93399439,5.25926829,87.2798319,-31.1470765,2.94802619
889,-11.2683102,-0.77325711,81.7572296,-1.33215351,7.48652133,4.69809943,-1.31736068,1.28887313,15.9700444,0,0,-109.118604,13.4521199,-80.21409,72.2564346,3.19491405,0.500003251,-12.6672082,-108.211739,-17.3019518,74.7717952,73.7177058,-9.65700895,0.318081403,16.9066768,-67.9600954,-1.29327978,-16.2862343,88.0671546,-29.3352424,-4.21316206,-65.9634057,-6.73456353,5.60718617,88.446838,-31.4591341,2.85518044
890,-11.3904819,-0.767392386,81.0989499,-1.36644414,7.72773542,4.69062356,-1.33204964,1.27670344,16.1662569,0,0,-110.198033,13.4883216,-80.21409,72.1777645,3.38693905,0.760532386,-12.8875066,-109.345229,-17.3691335,74.9617564,73.5482625,-10.2340558,0.271021506,17.4962689,-69.1235839,-1.5959563,-16.5641496,89.2385457,-29.5761193,-4.21958415,-67.121553,-6.52218563,5.9701309,89.5918031,-31.7335916,2.82702063
891,-11.5070514,-0.760948705,80.4531157,-1.40275065,7.94307141,4.67433526,-1.29155686,1.31021043,16.4211186,0,0,-111.300747,13.5529822,-80.21409,72.1038892,3.31068255,0.817261803,-13.0312983,-110.424071,-17.4461917,75.2249305,73.3607396,-10.0728479,0.541810199,17.3988841,-70.2522044,-1.88645065,-16.8394335,90.3967477,-29.7758477,-4.22821964,-68.2240549,-6.31761976,6.30985341,90.6997076,-32.0363398,2.78114844
892,-11.6284996,-0.753876986,79.7930121,-1.40771446,8.11855594,4.67101059,-1.26305662,1.2910954,16.6625641,0,0,-112.276255,13.4877026,-80.21409,72.0946548,3.42482824,1.18607558,-12.9260536,-111.459835,-17.5462113,75.5098928,73.2087474,-9.80992494,0.811304971,17.4633747,-71.3071135,-2.20403246,-17.0856806,91.5354154,-30.0160757,-4.26264977,-69.3313378,-6.14777985,6.68652468,91.8509974,-32.3296349,2.76030996
893,-11.7379732,-0.737693952,79.1586161,-1.42497897,8.26022957,4.63721017,-1.22938005,1.29011559,16.9472549,0,0,-113.202736,13.4524238,-80.21409,72.1558669,3.31355977,1.16916457,-12.9446053,-112.48756,-17.511741,76.070303,73.243315,-9.1901604,0.877392761,17.3313267,-72.2930649,-2.46975414,-17.3033468,92.6394676,-30.2392385,-4.30497987,-70.3548963,-5.96162731,7.04060083,92.9453372,-32.5839775,2.68619537
894,-11.8552543,-0.737201003,78.5098553,-1.40920126,8.40984723,4.64471513,-1.15933272,1.2666605,17.2056529,0,0,-114.153368,13.3439246,-80.21409,72.1743289,3.26329342,1.30208432,-13.2233897,-113.423515,-17.6240413,76.4577523,73.1518178,-9.00418801,1.06396546,17.362498,-73.2975535,-2.7903359,-17.509178,93.7335683,-30.4426825,-4.31826886,-71.4340184,-5.81289909,7.4091382,94.077161,-32.7991695,2.68495718
895,-11.9634144,-0.736591918,77.8569162,-1.36793997,8.52396863,4.61438164,-1.16115158,1.16533027,17.4874853,0,0,-115.005086,13.3697111,-80.21409,72.1445015,3.51826758,1.44257661,-13.2555009,-114.372255,-17.5453575,76.769851,73.2587034,-8.86449357,1.01192326,17.4816677,-74.2583836,-3.1020858,-17.6781005,94.8544365,-30.6305263,-4.31882253,-72.4948287,-5.65482887,7.82521284,95.2200429,-33.022865,2.68478664
896,-12.067531,-0.73579466,77.2198498,-1.30110036,8.64643992,4.62205611,-1.14787135,1.10422409,17.7625319,0,0,-115.859543,13.2825937,-80.21409,72.2529376,3.90356367,1.50947234,-13.2922124,-115.228939,-17.5194642,77.0009777,73.2973281,-9.04511194,1.07811164,17.5238492,-75.1786081,-3.45930704,-17.8282673,95.9095163,-30.8058095,-4.32210828,-73.534725,-5.54113739,8.2345068,96.3099771,-33.2676999,2.66549306
897,-12.1654317,-0.731278351,76.5689135,-1.30503877,8.73629081,4.64308088,-1.21969612,1.0691643,17.9918999,0,0,-116.631859,13.3734634,-80.21409,72.1851138,4.37582131,1.48926992,-13.5329262,-116.042933,-17.391569,77.1154654,73.4176419,-9.27674415,1.14105791,17.6454727,-76.1125477,-3.78900219,-18.0527227,97.0163075,-30.9936226,-4.32969235,-74.5122002,-5.40737325,8.5625531,97.4232228,-33.524095,2.68313395
898,-12.2589357,-0.731510436,75.9341598,-1.23366014,8.84051978,4.63707617,-1.24070867,0.98779882,18.2305723,0,0,-117.380926,13.4187493,-80.21409,72.1169212,5.06208499,1.54228713,-13.6005194,-116.803202,-17.3718792,77.3812007,73.3495654,-9.29185253,1.29903464,17.7550426,-77.0091535,-4.12328232,-18.1737571,98.0667974,-31.146373,-4.32906738,-75.5286212,-5.26893343,8.98861262,98.5072353,-33.7635273,2.70432738
899,-12.3643659,-0.727615785,75.2876639,-1.2540303,8.86951815,4.67523973,-1.33336765,1.06108974,18.5427922,0,0,-118.109352,13.5063934,-80.21409,72.0222821,5.71167142,1.7766513,-13.6831288,-117.518063,-17.2397936,77.410188,73.4161461,-9.57206018,1.50198229,17.8185292,-77.8652494,-4.45255635,-18.4200196,99.1346633,-31.3362625,-4.37168691,-76.3977354,-5.15134916,9.2714055,99.5622332,-34.0421922,2.69145803
900,-12.4521255,-0.703341374,74.6471345,-1.36253441,8.97388427,4.65303346,-1.2570945,1.14216483,18.7257593,0,0,-118.78927,13.4639037,-80.21409,71.8922626,6.26864004,2.03430717,-13.9188626,-117.991081,-17.3314326,77.1937666,73.2583619,-9.8971678,1.71710049,17.7953629,-78.8344805,-4.72802855,-18.7431097,100.215657,-31.5049545,-4.39514989,-77.302435,-4.91794239,9.49257813,100.591529,-34.2407902,2.73494691
901,-12.5375584,-0.684555806,74.0211546,-1.39118566,9.02988482,4.64846856,-1.32815227,1.20988402,18.9973396,0,0,-119.477139,13.6516152,-80.21409,71.7472918,6.84964283,2.09762964,-14.1185662,-118.775186,-17.0732702,77.3318389,73.5169734,-10.0471698,1.7968407,17.8525897,-79.7005349,-5.03394205,-18.9721208,101.260403,-31.6432897,-4.40650935,-78.18467,-4.74070624,9.79905384,101.623366,-34.4387017,2.73892187
902,-12.6137152,-0.665873848,73.3846545,-1.40315916,9.10984396,4.61886687,-1.26838406,1.3466782,19.1930314,0,0,-120.091542,13.6454407,-80.21409,71.7419643,7.04916247,2.10754537,-14.3601244,-119.452154,-16.982053,77.6809572,73.6527507,-9.98029974,1.81956965,17.8712941,-80.5846482,-5.33133532,-19.1673533,102.303325,-31.8071699,-4.42527572,-79.1163624,-4.53520207,10.1367299,102.667012,-34.6183152,2.78868492
903,-12.6973391,-0.677680364,72.7574408,-1.38045706,9.13938008,4.56630236,-1.32705432,1.1227973,19.5083078,0,0,-120.756761,13.7977958,-80.21409,71.7192198,7.52221881,2.01041837,-14.5809598,-120.181973,-16.8548766,77.7820099,73.7629353,-9.93053156,1.8267913,17.8997538,-81.3985131,-5.5901282,-19.3402817,103.317075,-31.957195,-4.48856127,-80.0022653,-4.30511818,10.5014141,103.704688,-34.790395,2.80724681
904,-12.7672702,-0.680411933,72.1353412,-1.32412747,9.17544212,4.50921214,-1.19692854,1.03133722,19.7458037,0,0,-121.317301,13.6986009,-80.21409,71.7232154,7.6936207,2.04301289,-14.619844,-120.833491,-16.9200537,77.9647789,73.7822989,-9.78799747,1.94046635,17.9625181,-82.2018458,-5.85861909,-19.4518255,104.331604,-32.0790626,-4.53156584,-80.9117118,-4.08632246,10.9167426,104.741839,-34.9412909,2.8472207
905,-12.8363088,-0.694563147,71.5086341,-1.20750591,9.20013505,4.49738346,-1.30293799,0.851072733,20.0195167,0,0,-121.839537,13.802962,-80.21409,71.7494024,7.8435869,1.99957395,-14.770016,-121.546426,-16.7851438,78.2054611,73.8017718,-9.77746105,2.05094893,17.9990374,-82.9543482,-6.17811827,-19.5123956,105.301286,-32.217695,-4.54485867,-81.8486157,-3.92189078,11.3848504,105.798804,-35.1195145,2.91399498
906,-12.9033878,-0.709766941,70.8818018,-1.06361802,9.24621716,4.49473123,-1.26598677,0.633054002,20.2360251,0,0,-122.379901,13.7138732,-80.21409,71.8420539,7.83705126,1.90541979,-15.1233024,-122.157783,-16.8379907,78.3318333,73.8763847,-9.66753427,1.86112282,18.0276167,-83.7405576,-6.5235649,-19.5384391,106.2748,-32.3026386,-4.61817734,-82.8248683,-3.74400405,11.8939053,106.851117,-35.282879,2.94288476
907,-12.9683718,-0.744556449,70.259738,-0.921943925,9.26229549,4.50770432,-1.32784011,0.344180062,20.4762702,0,0,-122.92424,13.7572432,-80.21409,71.9288041,7.94615073,1.63510001,-15.452398,-122.722517,-16.7838136,78.4720229,73.9174205,-9.57129862,2.0202436,17.9870624,-84.4835797,-6.86305134,-19.5845105,107.229858,-32.3810184,-4.66977984,-83.7444645,-3.58977539,12.3594928,107.890201,-35.4667715,2.95618207
908,-13.0129963,-0.761657069,69.6361244,-0.801202949,9.29672342,4.52940216,-1.29445254,0.248076633,20.6404236,0,0,-123.391971,13.7136564,-80.21409,72.0018325,7.91784898,1.42439604,-15.6245649,-123.223757,-16.8708046,78.4947879,73.8336551,-9.65857392,2.06557983,18.1455604,-85.2489776,-7.21376235,-19.6361826,108.191105,-32.4507513,-4.70049947,-84.654512,-3.43203111,12.8139933,108.914893,-35.6633649,2.99840993
909,-13.0844146,-0.783694722,69.0241158,-0.657482318,9.26332759,4.55748866,-1.21764674,0.175723879,20.9182979,0,0,-123.962141,13.6218603,-80.21409,72.0363591,7.84431687,1.35903689,-15.9233703,-123.769831,-16.9369208,78.5898027,73.9096819,-9.57260233,1.98031303,18.2042829,-85.9360604,-7.56721354,-19.6591559,109.136574,-32.4935902,-4.68883735,-85.5120423,-3.29365425,13.292553,109.920406,-35.8348334,3.06151042
910,-13.134332,-0.784432143,68.4081793,-0.634053033,9.26164796,4.60967907,-1.29825151,0.167626543,21.1231318,0,0,-124.444817,13.6728144,-80.21409,72.0668559,7.89870567,1.18178313,-16.2212024,-124.269459,-16.8956153,78.7153484,73.9539894,-9.41789769,1.97458144,18.2420505,-86.7111845,-7.94612426,-19.836302,110.116911,-32.5217477,-4.7518467,-86.3326007,-3.15635165,13.6182463,110.9134,-35.9894108,3.07561284
911,-13.1871209,-0.799540151,67.7988648,-0.560615606,9.2220374,4.66560284,-1.28053934,0.153442267,21.3549587,0,0,-124.918067,13.6022901,-80.21409,72.1204729,7.99298021,1.15850051,-16.3244441,-124.683614,-16.9409763,78.6992155,73.9856746,-9.32070154,1.9466116,18.2755577,-87.4279445,-8.3142373,-19.9520378,111.07757,-32.5308352,-4.7854158,-87.112178,-3.02509356,13.9947323,111.89388,-36.1912156,3.08126205
912,-13.2496327,-0.805142149,67.1957195,-0.560604886,9.14375152,4.68966174,-1.26730649,0.164751833,21.6606182,0,0,-125.353847,13.5685789,-80.21409,72.2058434,7.75335156,1.03274691,-16.4611606,-125.168599,-16.9925083,78.7996739,74.0063428,-9.00266146,1.78850104,18.1977891,-88.1227797,-8.60790129,-20.1174838,112.033694,-32.5921157,-4.83147817,-87.8157968,-2.87484989,14.2704346,112.851671,-36.3473878,3.03310388
913,-13.3038282,-0.796220638,66.5816545,-0.53846743,8.99369448,4.70126456,-1.36970565,0.0686902653,21.9564883,0,0,-125.668049,13.6780626,-80.21409,72.2535523,7.91662723,1.02328742,-16.3048995,-125.600335,-16.9640418,78.8921751,73.9585246,-8.68010663,1.81242165,18.3319648,-88.7127714,-8.8732106,-20.2391892,113.006149,-32.7056129,-4.81711471,-88.5017732,-2.71946991,14.6461369,113.872928,-36.4611481,3.22976573
914,-13.3705512,-0.783720985,65.9730852,-0.592090082,8.87983823,4.71038388,-1.33320053,0.223033357,22.2798363,0,0,-126.132311,13.5964222,-80.21409,72.4491826,7.51739755,0.852860856,-16.3929748,-126.024599,-16.9857464,79.001827,74.00553,-8.5487416,1.67839669,18.3239222,-89.4005919,-9.13290634,-20.4291368,113.983146,-32.7709813,-4.81286206,-89.1175147,-2.53746736,14.8833784,114.793377,-36.6343753,3.18404978
915,-13.4184748,-0.797406863,65.3712809,-0.503910227,8.80005608,4.73175358,-1.31896972,0.093490222,22.5011498,0,0,-126.462769,13.5729673,-80.21409,72.4740786,7.54777055,0.916115664,-16.212622,-126.438058,-17.0833515,79.1629717,73.9719049,-8.25577174,1.42359456,18.5661907,-90.0406763,-9.3884886,-20.4488829,114.880285,-32.8802575,-4.76317841,-89.8856446,-2.35565925,15.3076065,115.770819,-36.7534255,3.26007618
916,-13.474308,-0.809759088,64.7770464,-0.472131804,8.64909999,4.78015969,-1.28810708,0.141628922,22.8026309,0,0,-126.816559,13.5001489,-80.21409,72.572447,7.31888067,0.831355204,-16.1837507,-126.877922,-17.1846655,79.5061682,73.9222836,-7.92307493,1.3340654,18.6694837,-90.6208599,-9.65584611,-20.5588438,115.787498,-32.9676122,-4.79726575,-90.5214191,-2.23874498,15.6223792,116.720543,-36.902228,3.26463982
917,-13.5329664,-0.827384368,64.1756594,-0.422642634,8.50354661,4.83407627,-1.31398507,0.0938378879,23.1121666,0,0,-127.134669,13.4691501,-80.21409,72.6322794,7.39768824,0.872870695,-15.950201,-127.294331,-17.1908485,79.7299183,73.9560794,-7.74570687,1.27790961,18.6896106,-91.1974098,-9.94432684,-20.6612898,116.680873,-33.0512171,-4.90135058,-91.1804846,-2.11357194,15.9615203,117.668873,-37.0508495,3.23554898
918,-13.591595,-0.842121709,63.5827839,-0.376799421,8.34190399,4.90153857,-1.2473681,0.172292762,23.4135931,0,0,-127.539658,13.3697922,-80.21409,72.7272259,7.13381328,0.833571334,-16.0380116,-127.651509,-17.3296687,79.8255273,73.868291,-7.81965648,1.29324125,18.8453833,-91.7489476,-10.2542851,-20.778793,117.556339,-33.1211036,-4.9682574,-91.7927086,-2.01125037,16.2891286,118.586263,-37.2222634,3.17688854
919,-13.6235222,-0.868740771,62.9947245,-0.252675647,8.24412126,4.99959014,-1.27897533,0.110177895,23.6079034,0,0,-127.867439,13.2943015,-80.21409,72.8539806,7.05294213,0.888915663,-16.0080988,-127.966832,-17.3990685,79.8799639,73.8437842,-7.86006644,1.30581125,18.775939,-92.316345,-10.5804676,-20.7704072,118.385114,-33.2250659,-5.0140709,-92.5341666,-1.92751908,16.7142225,119.535387,-37.349339,3.23536648
920,-13.6613876,-0.892547145,62.4164641,-0.193306246,8.10490423,5.13483465,-1.35426291,0.0576568751,23.878536,0,0,-128.165973,13.2273785,-80.21409,72.9313734,7.0855153,0.88232912,-15.9888069,-128.240271,-17.4400838,79.7490497,73.8751963,-7.99959098,1.26038986,18.7363905,-92.8535872,-10.9468338,-20.8662416,119.214313,-33.3101701,-5.08748433,-93.1748725,-1.89311286,17.0444844,120.455222,-37.502909,3.29205961
921,-13.6694461,-0.903594214,61.8410945,-0.133116781,8.06469303,5.25043934,-1.39231218,0.117396918,23.9496366,0,0,-128.430519,13.1006264,-80.21409,73.1247224,6.86909777,0.913973439,-15.9892816,-128.423812,-17.5157862,79.905502,73.8039301,-8.04978519,1.43218277,18.5465061,-93.4823949,-11.3132112,-20.9316884,120.033799,-33.4071929,-5.1705437,-93.9093364,-1.81074782,17.3929811,121.35988,-37.6347624,3.36015916
922,-13.6573434,-0.919903442,61.2602413,-0.103949807,8.08953048,5.34660563,-1.46322993,0.0823001843,23.9496366,0,0,-128.599061,13.0329683,-80.21409,73.1888647,6.72923428,1.0578819,-15.9698565,-128.57215,-17.5455607,79.9059869,73.7879816,-7.99959952,1.45593764,18.4589482,-94.1953096,-11.6577652,-21.0267937,120.858258,-33.4914603,-5.23890194,-94.6694203,-1.70072831,17.6744617,122.233352,-37.7910508,3.43101063
923,-13.6142552,-0.926108845,60.7001364,-0.144418585,8.17278811,5.43680225,-1.48486722,0.135238639,23.9496366,0,0,-128.846697,12.9042533,-80.21409,73.3072592,6.77744303,1.09557045,-15.9077001,-128.790648,-17.6063067,80.0926833,73.8330745,-8.03024914,1.47162338,18.1946387,-94.9706932,-12.0240563,-21.2008645,121.679752,-33.5348286,-5.29423757,-95.4063431,-1.56066013,17.8693629,123.074176,-37.9322479,3.49252993
924,-13.6034071,-0.937934685,60.1557136,-0.15127371,8.13050721,5.48931911,-1.48894282,0.145157168,23.9496366,0,0,-128.943057,12.87411,-80.21409,73.2881005,6.57286137,1.20120531,-15.9204794,-128.885738,-17.6406882,80.21409,73.9037533,-7.93247498,1.30106374,18.2068562,-95.5986812,-12.2739703,-21.3033925,122.466672,-33.6139461,-5.3182474,-96.0429646,-1.43571206,18.0947591,123.894837,-38.050697,3.51805755
925,-13.5662839,-0.942248106,59.6255422,-0.14200561,8.1232094,5.55393476,-1.4326595,0.296898638,23.9496366,0,0,-129.063077,12.7524635,-80.21409,73.3974929,6.40433456,1.09882493,-15.8295286,-129.031221,-17.8117673,80.21409,73.7729757,-8.51305216,1.36385719,18.53386,-96.2336703,-12.5465239,-21.3810141,123.246543,-33.6802468,-5.34896489,-96.7116674,-1.30894001,18.3481591,124.730019,-38.1345307,3.55549659
926,-13.5270417,-0.960326102,59.1227412,-0.130100654,8.08210722,5.59928774,-1.54181104,0.0771775291,23.9496366,0,0,-129.118811,12.8340253,-80.21409,73.3016175,6.59173019,1.25426808,-15.9569629,-129.034937,-17.8568619,80.21409,73.7458667,-8.36833326,1.26985426,18.5438868,-96.7859252,-12.7444559,-21.4552788,123.98229,-33.7768086,-5.38346717,-97.3208725,-1.205508,18.5574413,125.554586,-38.1692862,3.6176669
927,-13.4875417,-0.958311185,58.6354554,-0.228081353,8.03854859,5.61718748,-1.43220102,0.418643719,23.9496366,0,0,-129.191512,12.7692751,-80.21409,73.3940231,6.36800436,1.20526628,-15.7939587,-129.059361,-17.969823,80.21409,73.6930488,-8.69355698,1.3793074,18.5815194,-97.3822827,-12.9088671,-21.6350682,124.739677,-33.8539761,-5.35793848,-97.831996,-1.06484357,18.6498127,126.304049,-38.1933113,3.67309815
928,-13.4427115,-0.966490712,58.1467748,-0.264372993,8.02683011,5.63871957,-1.40866302,0.404909756,23.9496366,0,0,-129.293323,12.7008136,-80.21409,73.4556451,6.15055333,1.23555134,-15.9062777,-129.086095,-17.997207,80.21409,73.7849012,-8.62179133,1.38438564,18.7009026,-97.9982223,-13.0970073,-21.7514085,125.482186,-33.8931609,-5.39073876,-98.4191122,-0.889841687,18.8291684,127.064591,-38.2125691,3.73485757
929,-13.4104982,-0.993419532,57.6771438,-0.215981094,7.96773803,5.68022763,-1.47019971,0.321764662,23.9496366,0,0,-129.281097,12.8092155,-80.21409,73.3527824,6.16725272,1.33326029,-15.9893943,-129.049157,-17.9546036,80.21409,73.8678743,-8.39677587,1.3507063,18.7336397,-98.5203493,-13.2505781,-21.7559266,126.155192,-33.9497524,-5.3292948,-98.9922129,-0.759223604,19.0853773,127.816636,-38.2653494,3.74844922
930,-13.3653566,-1.02234362,57.2490394,-0.128019028,7.95470649,5.75538276,-1.54712194,0.301460591,23.9496366,0,0,-129.34694,12.9023836,-80.21409,73.3363558,6.1994942,1.23971466,-15.9812971,-129.033133,-17.9289085,80.21409,73.9494746,-8.28035701,1.29228129,18.7281482,-98.9947947,-13.4548195,-21.7235191,126.748831,-34.0223505,-5.3638769,-99.5774167,-0.663199202,19.3749842,128.519162,-38.3192088,3.76692489
931,-13.3372739,-1.04090031,56.8267703,-0.0940567071,7.91710845,5.80092167,-1.68141381,0.142014987,23.9496366,0,0,-129.379574,13.0949753,-80.21409,73.2257682,6.49663987,1.13279979,-16.12559,-128.97117,-17.8703891,79.9684149,74.0819529,-8.26219382,1.0854559,18.7986187,-99.4421721,-13.6286077,-21.7575266,127.320122,-34.1338465,-5.39272207,-100.103423,-0.566773793,19.5855948,129.18113,-38.3819441,3.76866189
932,-13.2993415,-1.06010353,56.442827,-0.111428692,7.91929653,5.85367008,-1.72497804,0.186885929,23.9496366,0,0,-129.47924,13.177986,-80.21409,73.1719395,6.74742948,1.08707018,-16.1893942,-128.910668,-17.8178906,79.9190941,74.2787102,-8.21105876,1.04862507,18.5482956,-99.913182,-13.8148431,-21.8544368,127.858409,-34.1968652,-5.44267551,-100.589337,-0.480192341,19.704423,129.793047,-38.4327914,3.75812888
933,-13.2820249,-1.08778561,56.0785234,-0.0852166094,7.84731949,5.93276348,-1.80193666,0.113705988,23.9496366,0,0,-129.506165,13.2034028,-80.21409,73.1378364,7.08765059,1.0738496,-16.3050703,-128.808338,-17.822407,79.9123049,74.3771401,-8.23585662,1.05221028,18.5138151,-100.277245,-13.9951848,-21.8959728,128.357491,-34.2572919,-5.50501081,-100.98572,-0.455526927,19.8690971,130.348327,-38.5534741,3.75997389
934,-13.2572174,-1.12047791,55.7422161,0.0746310161,7.81150456,6.01005922,-1.95186743,-0.190907869,23.9496366,0,0,-129.624027,13.2738784,-80.21409,73.0569191,7.79619307,1.09576682,-16.5980495,-128.780717,-17.7839497,79.9104266,74.5048304,-8.27548025,0.902065752,18.5871987,-100.595518,-14.1511069,-21.7509645,128.778053,-34.3050759,-5.49514588,-101.467357,-0.376965557,20.2344644,130.888964,-38.6307474,3.87265323
935,-13.2395491,-1.12716164,55.4177463,0.0851298904,7.78697109,6.04706402,-1.9675679,-0.155158179,23.9496366,0,0,-129.755836,13.29925,-80.21409,72.9784539,8.24946321,1.22420533,-16.614302,-129.066547,-17.7174287,80.0998141,74.7449731,-8.64429937,0.890516809,19.0145534,-100.965079,-14.3008341,-21.7840739,129.215896,-34.3533175,-5.51531458,-101.855674,-0.307441756,20.3863337,131.362597,-38.7122999,3.90462662
936,-13.22041,-1.14669837,55.1369667,0.103038807,7.75669132,6.0955193,-1.97929533,-0.225578737,23.9496366,0,0,-129.931863,13.267423,-80.21409,72.9621161,8.5175746,1.1396843,-16.7091374,-129.011249,-17.7058123,80.0950261,74.8916446,-8.94761099,0.945466268,18.8941269,-101.281597,-14.4505288,-21.8246486,129.600135,-34.3742213,-5.57990426,-102.190183,-0.250283771,20.5301929,131.792885,-38.77468,3.96959111
937,-13.2142916,-1.15340184,54.8706293,0.107608707,7.70376501,6.12991608,-1.99096855,-0.219440598,23.9496366,0,0,-130.000616,13.2534621,-80.21409,72.9440708,8.84063315,1.22657092,-16.6766957,-129.022656,-17.7629195,80.0880935,74.8709764,-9.39096967,1.01117141,19.1122285,-101.565726,-14.5646834,-21.853443,129.964075,-34.3947153,-5.59543141,-102.469046,-0.19503884,20.6594917,132.173572,-38.8560924,4.00959425
938,-13.2030189,-1.16655929,54.6465695,0.110416784,7.67422386,6.14346165,-2.00385008,-0.305509532,23.9496366,0,0,-130.095282,13.2378219,-80.21409,73.013042,8.86742713,1.1381331,-16.494678,-129.059853,-17.7078938,80.0646044,75.0816058,-9.63716213,0.871055626,19.1077889,-101.834726,-14.6568517,-21.8962836,130.278823,-34.3830698,-5.65768176,-102.724495,-0.104988198,20.7738342,132.505301,-38.8831605,4.06278776
939,-13.1987706,-1.1658947,54.4407666,0.125738572,7.63728061,6.17222114,-1.9695986,-0.269572519,23.9496366,0,0,-130.17551,13.1533854,-80.21409,73.1154265,8.55038683,1.17733977,-16.3925633,-129.08492,-17.7378083,80.1857105,75.1874532,-9.89101123,0.885761236,18.9897632,-102.069848,-14.7431221,-21.8867555,130.557126,-34.3843607,-5.65090322,-102.964303,-0.0323116073,20.9219845,132.807742,-38.880162,4.1526436
940,-13.2016823,-1.16585614,54.2601168,0.0430405959,7.58553771,6.15771711,-1.97765716,-0.262620587,23.9496366,0,0,-130.162519,13.207384,-80.21409,73.114846,8.4870761,1.20178438,-16.2448912,-129.130081,-17.7307903,80.21409,75.2756719,-10.1430597,0.983898355,18.9262937,-102.276824,-14.7975536,-22.0263834,130.822465,-34.4176203,-5.7030641,-103.089063,0.0615280316,20.9083121,133.052891,-38.887764,4.18453247
941,-13.2013068,-1.16276331,54.110378,0.0490447154,7.56222958,6.17356149,-1.95045486,-0.157361675,23.9496366,0,0,-130.15644,13.1496074,-80.21409,73.2741055,8.17593622,1.20855395,-15.8683975,-129.203874,-17.8196938,80.21409,75.2967636,-10.5905464,0.849189736,19.0326107,-102.432449,-14.8582774,-22.031325,131.011416,-34.468939,-5.72063561,-103.269332,0.133173921,21.0249649,133.271484,-38.8850046,4.22432558
942,-13.2044002,-1.16964774,53.9930403,0.070761815,7.54579773,6.1725085,-1.98613876,-0.224525127,23.9496366,0,0,-130.205576,13.1359948,-80.21409,73.3810389,8.02789699,1.30854888,-15.9420696,-129.19602,-17.9050609,80.21409,75.2630634,-10.241709,0.929011808,18.782899,-102.559969,-14.9043778,-22.0386162,131.162049,-34.4939033,-5.76330722,-103.408108,0.21709196,21.1213304,133.43112,-38.9094977,4.25068328
943,-13.2166535,-1.17317662,53.9010763,0.0706214212,7.50921273,6.16894005,-1.9455367,-0.177581743,23.9496366,0,0,-130.257404,13.0661562,-80.21409,73.4972136,7.96517366,1.33750077,-16.0325526,-129.190856,-18.015406,80.21409,75.2176426,-10.254496,0.968153061,18.6207759,-102.63409,-14.9378798,-22.0675506,131.277233,-34.5271527,-5.78946556,-103.471465,0.271962765,21.1710473,133.539856,-38.954512,4.26060925
944,-13.2299647,-1.18134078,53.849715,0.103449528,7.46031832,6.19697343,-1.9764401,-0.216442959,23.9496366,0,0,-130.252746,13.0326993,-80.21409,73.5784587,8.04329992,1.32825163,-16.0683735,-129.125819,-18.0228253,80.21409,75.2419445,-9.96565069,1.0656617,18.4598481,-102.647129,-14.9835994,-22.0463822,131.331929,-34.5148754,-5.78781693,-103.525894,0.28986317,21.2660535,133.630261,-38.9357153,4.27391318
945,-13.2474005,-1.19678229,53.8352251,0.15855577,7.44779169,6.22536128,-1.98246475,-0.272192643,23.9496366,0,0,-130.261201,12.96621,-80.21409,73.6568556,8.18011117,1.29721183,-16.0772886,-129.100875,-18.0811619,80.21409,75.2824953,-9.61809907,1.09828972,18.3318606,-102.638632,-15.0250484,-21.9994178,131.318337,-34.5009384,-5.81255544,-103.55661,0.309878559,21.356084,133.645697,-38.9634083,4.28560433
946,-13.2718757,-1.21372938,53.8649499,0.228249742,7.42049379,6.28813404,-2.11351944,-0.422748982,23.9496366,0,0,-130.246161,13.0035131,-80.21409,73.6949203,8.46261207,1.30308142,-16.1186403,-129.023448,-18.1261097,80.1811275,75.2516911,-9.46307171,1.08595899,18.0832554,-102.558904,-15.0744119,-21.920874,131.236662,-34.4524133,-5.78394592,-103.55536,0.265178279,21.4522035,133.62134,-38.9496865,4.28586516
947,-13.2989287,-1.2189189,53.9294481,0.259820357,7.40628721,6.3203565,-2.20643178,-0.443659527,23.9496366,0,0,-130.229906,12.9984715,-80.21409,73.8105144,8.50791073,1.28443009,-16.1419432,-129.005512,-18.1416774,80.212478,75.2440003,-9.09579109,0.99699695,18.0781003,-102.460399,-15.0917213,-21.8774067,131.124401,-34.4141574,-5.78187082,-103.476997,0.210373855,21.4662276,133.511156,-38.9833764,4.27062957
948,-13.32542,-1.21901464,54.0338099,0.255348337,7.39622386,6.33407629,-2.22619813,-0.44274132,23.9496366,0,0,-130.234372,12.9034491,-80.21409,73.9964731,8.36113424,1.16839788,-16.1471529,-128.919411,-18.2523265,80.21409,75.1157977,-9.07612527,1.19502932,18.0899763,-102.330966,-15.0688009,-21.864863,130.967812,-34.3884281,-5.76431851,-103.350482,0.16577987,21.4250706,133.362613,-38.9504925,4.24738088
949,-13.3709043,-1.21519007,54.1755021,0.251160156,7.32959575,6.34642505,-2.21815217,-0.396388935,23.9496366,0,0,-130.178228,12.880912,-80.21409,74.0550215,8.36791832,1.18498361,-16.2701134,-128.80868,-18.2978121,80.21409,75.181347,-9.24103933,1.09517761,18.1793988,-102.088413,-15.0143882,-21.8392789,130.757865,-34.4024812,-5.73279335,-103.114355,0.0775579186,21.3743855,133.142066,-38.9454586,4.24000086
950,-13.4099796,-1.21645108,54.3422639,0.2726326,7.32442685,6.34282516,-2.24580483,-0.457733718,23.9496366,0,0,-130.108861,12.8325253,-80.21409,74.1910516,8.1573692,1.17264658,-16.1903333,-128.765158,-18.3402754,80.21409,75.1644765,-9.28440079,0.98359153,18.3381666,-101.867545,-14.9351563,-21.7816338,130.492253,-34.3974576,-5.68642191,-102.923602,0.0366812641,21.3368604,132.888283,-38.8952567,4.24609595
951,-13.4556755,-1.21394815,54.5717657,0.332877669,7.3135275,6.34073546,-2.252587,-0.525183491,23.9496366,0,0,-130.029084,12.7313172,-80.21409,74.3735474,8.01096666,1.17136634,-16.1160277,-128.597996,-18.4979537,80.21409,74.9419352,-9.40814589,1.01291865,18.2429076,-101.559633,-14.8244663,-21.6502192,130.1414,-34.3813247,-5.63067861,-102.678268,-0.0442886108,21.3221157,132.544397,-38.8586435,4.22197898
952,-13.5040298,-1.21585391,54.8206449,0.350507367,7.29753016,6.33627422,-2.28033144,-0.569616913,23.9496366,0,0,-129.878875,12.742371,-80.21409,74.3814977,7.66418173,1.28169546,-16.0082781,-128.59036,-18.5955828,80.21409,74.8532247,-9.67883653,0.911173702,18.5324069,-101.231258,-14.7041286,-21.5888807,129.764387,-34.3621899,-5.61675655,-102.391427,-0.141919405,21.2202213,132.19353,-38.7956247,4.16113011
953,-13.5482416,-1.21502336,55.1268816,0.40568067,7.29744512,6.32051061,-2.24224566,-0.537149769,23.9496366,0,0,-129.752284,12.7099746,-80.21409,74.4560424,7.50443642,1.26317647,-15.8394187,-128.482743,-18.6207708,80.21409,74.8515513,-9.98711541,0.933325286,18.3636773,-100.852825,-14.5475909,-21.4546521,129.319988,-34.3288723,-5.59216744,-102.061495,-0.245432122,21.1502767,131.750743,-38.7443881,4.11520392
954,-13.6071205,-1.21639865,55.4586172,0.424143847,7.24161201,6.29877423,-2.23630148,-0.490176477,23.9496366,0,0,-129.517052,12.7368676,-80.21409,74.4737804,7.18905755,1.22516262,-15.7045549,-128.312794,-18.6435973,80.21409,74.853819,-9.99671097,0.809200525,18.2871263,-100.401554,-14.3862755,-21.3878273,128.853991,-34.2566977,-5.60441183,-101.611946,-0.391217067,21.005825,131.25192,-38.7294539,4.02418951
955,-13.6365682,-1.22345146,55.8266997,0.503135048,7.29200057,6.27707557,-2.23925831,-0.669766642,23.9496366,0,0,-129.404928,12.7190536,-80.21409,74.4875979,6.98354228,1.27855506,-15.6709265,-128.204741,-18.599896,80.21409,74.9486015,-9.85353228,0.804416618,17.9127278,-99.9769691,-14.1981968,-21.2238208,128.300309,-34.2234756,-5.57128371,-101.248211,-0.481266388,20.9401186,130.715955,-38.6733063,4.04414263
956,-13.6859536,-1.22878607,56.2277138,0.593131252,7.28693512,6.29456707,-2.30498928,-0.724624161,23.9496366,0,0,-129.21509,12.7481861,-80.21409,74.5799898,6.74122809,1.14251125,-15.6215528,-128.083314,-18.5322908,80.21409,75.0288152,-9.7134801,0.962167681,17.9006998,-99.4497331,-14.0340802,-21.0340218,127.697681,-34.1581756,-5.51871217,-100.802903,-0.664472232,20.8727115,130.127261,-38.6448142,4.03583797
957,-13.7337118,-1.23441825,56.6651285,0.611928122,7.27247309,6.28425363,-2.31456926,-0.742589319,23.9496366,0,0,-129.027055,12.7551221,-80.21409,74.5915943,6.86737357,1.11630531,-15.7105177,-127.880307,-18.607749,80.21409,74.9931548,-9.50478794,0.977090791,17.578016,-98.9084543,-13.8391816,-20.9472408,127.071544,-34.0698476,-5.50229709,-100.24974,-0.825814053,20.6969092,129.467042,-38.5941137,4.0106461
958,-13.8005555,-1.23396395,57.1231604,0.627051731,7.20074836,6.29135238,-2.30352271,-0.657845401,23.9496366,0,0,-128.81566,12.7258633,-80.21409,74.6378825,6.81625857,1.18219305,-15.687739,-127.659309,-18.605338,80.21409,75.0697281,-9.37300969,1.01036897,17.4218796,-98.2835945,-13.6438792,-20.8446018,126.413046,-33.9932436,-5.45971342,-99.5993826,-1.03882482,20.5157965,128.762371,-38.5752009,3.97247687
959,-13.8704091,-1.23399068,57.6093614,0.682811091,7.14021891,6.30318039,-2.37072728,-0.573055966,23.9496366,0,0,-128.581699,12.7747956,-80.21409,74.7158628,6.83278678,1.20152793,-15.6810215,-127.450838,-18.4451495,80.21409,75.1529949,-9.40041668,1.18051549,17.3389953,-97.6087923,-13.4420044,-20.6814628,125.683855,-33.9420035,-5.37846704,-98.9787438,-1.25399562,20.3851948,128.022853,-38.5046621,4.01898277
960,-13.9243573,-1.23092085,58.128649,0.679914424,7.15837088,6.29368787,-2.33234632,-0.455045665,23.8073962,0,0,-128.295733,12.707765,-80.21409,74.8116494,6.76676275,1.13379166,-15.6880686,-127.159954,-18.0113898,80.21409,75.7782031,-9.31109829,0.927028386,17.3376036,-96.9908104,-13.2278182,-20.5900168,124.912549,-33.8913201,-5.30979546,-98.3496082,-1.45842692,20.115848,127.229513,-38.4244074,3.90937147
961,-13.9778942,-1.24169756,58.6920023,0.71838879,7.13632114,6.2989249,-2.38008977,-0.518591504,23.7760917,0,0,-128.021774,12.705319,-80.21409,74.8159251,6.87467377,1.18786701,-15.6422414,-126.874384,-18.02351,80.21409,75.6783389,-8.79970068,1.03204905,17.2750545,-96.2641124,-13.0066567,-20.455824,124.084224,-33.8050275,-5.23369179,-97.6853245,-1.67647516,19.9089547,126.415477,-38.2714453,3.86436565
962,-14.0312657,-1.2190152,59.2630744,0.710333738,7.18086222,6.22654965,-2.38682006,-0.407095923,23.6863567,0,0,-127.715686,12.8404466,-80.21409,74.6708314,6.62604335,1.37694714,-15.5965748,-126.70423,-18.1269959,80.0980109,75.3285649,-9.0007584,1.25479678,17.4663783,-95.6075946,-12.7470548,-20.3671819,123.231762,-33.7281913,-5.23578268,-97.044803,-1.8073116,19.6505038,125.529602,-38.0957592,3.82467328
963,-14.0805274,-1.21638021,59.8518372,0.723686265,7.22151064,6.1523294,-2.32874937,-0.297858573,23.5408617,0,0,-127.318305,12.8376923,-80.21409,74.7339901,6.26436648,1.42510648,-15.3598438,-126.37257,-18.321547,80.143336,74.9037203,-8.54987798,1.36858688,17.4736115,-94.9279498,-12.4678094,-20.2557763,122.349097,-33.639532,-5.20400224,-96.3588676,-1.94148319,19.3804022,124.609534,-37.9526838,3.74585717
964,-14.1348377,-1.21147446,60.4708195,0.696146323,7.25634752,6.08987247,-2.2942757,-0.264166131,23.5254562,0,0,-126.998051,12.8864078,-80.21409,74.7098864,5.88964907,1.36970266,-15.229546,-126.096275,-18.4662617,79.8088548,74.7184036,-8.71198825,1.21585009,17.4892885,-94.2337772,-12.1998457,-20.1945437,121.430026,-33.5056876,-5.15027213,-95.6028477,-2.09214927,19.0615092,123.624908,-37.8201747,3.73424627
965,-14.1741961,-1.1962207,61.0987604,0.691545712,7.3244347,6.01828668,-2.27779936,-0.228076131,23.4241764,0,0,-126.592761,13.0935128,-80.21409,74.5081772,5.49669975,1.49290668,-14.9962745,-125.826045,-18.7036124,79.7007193,74.2559384,-8.54763341,1.42109919,17.6176926,-93.5591526,-11.9349095,-20.0860888,120.505301,-33.3498056,-5.09647841,-94.9163863,-2.22808988,18.7833173,122.649188,-37.6235575,3.72231521
966,-14.2048955,-1.18612414,61.7472768,0.696689694,7.41474831,5.91453081,-2.16622971,-0.132868697,23.2591454,0,0,-126.181024,13.1472356,-80.21409,74.5008484,4.62273137,1.50533666,-14.9648728,-125.46787,-18.9355315,79.6971403,73.8969163,-8.43215284,1.51368678,17.5791464,-92.8622547,-11.6349327,-19.9736298,119.526931,-33.2240482,-5.04790211,-94.2128359,-2.33615393,18.4930514,121.629167,-37.4305158,3.67892089
967,-14.229092,-1.17805339,62.4064684,0.696788112,7.52520686,5.7811226,-2.18765153,-0.230121239,23.0819071,0,0,-125.634868,13.4309523,-80.21409,74.3054231,4.28152158,1.6545716,-14.7910291,-125.176522,-19.1160056,79.6992849,73.5437204,-8.12696974,1.49321585,17.548122,-92.1946311,-11.3022,-19.8523939,118.53975,-33.0706387,-5.01126625,-93.5080286,-2.42004616,18.1791137,120.575419,-37.2339259,3.62049417
968,-14.2540827,-1.16435718,63.0792677,0.754675882,7.58109151,5.70291339,-2.06025442,-0.171512253,22.9289672,0,0,-125.17267,13.5593709,-80.21409,74.2275043,3.40232725,1.8011418,-14.7819039,-124.830655,-19.3786537,79.7579494,73.2974033,-7.92602899,1.52252633,17.4264559,-91.4093369,-11.0110282,-19.6429103,117.508651,-32.9214981,-4.92732707,-92.803037,-2.57559454,17.9745837,119.548432,-36.9761887,3.66898552
969,-14.2681062,-1.15966499,63.7678862,0.745819913,7.66803112,5.59724186,-2.06991956,-0.188999072,22.7301848,0,0,-124.65755,13.8226397,-80.21409,74.1041511,3.30469205,1.86884968,-14.884548,-124.346408,-19.5814523,79.3575091,72.9837951,-8.0081586,1.47257939,17.2813075,-90.6668407,-10.6843778,-19.5306271,116.465872,-32.8011673,-4.90149231,-92.0548922,-2.71252724,17.6266709,118.470205,-36.7536168,3.62076951
970,-14.2809376,-1.15977861,64.4628644,0.780045551,7.7578916,5.48363558,-1.88113933,-0.167261621,22.5028796,0,0,-124.142295,13.8674842,-80.21409,74.0270314,3.05192574,2.17209557,-15.0260576,-123.867516,-19.9348001,79.0964388,72.7527435,-7.86157164,1.34257229,17.1741555,-89.8966139,-10.3398546,-19.3443542,115.377031,-32.6936396,-4.81917145,-91.2603295,-2.83568878,17.3188377,117.333074,-36.6248096,3.400926
971,-14.2883152,-1.15478234,65.1661158,0.778981255,7.80920634,5.37618294,-1.84038359,-0.203005962,22.3120919,0,0,-123.600059,14.0813024,-80.21409,73.9436963,3.288087,2.13094965,-15.1133901,-123.271049,-20.2254845,78.585363,72.3967882,-7.86198999,1.36878816,17.0610766,-89.0785212,-9.97990615,-19.1910625,114.288524,-32.5918664,-4.74322188,-90.4300176,-2.97540158,16.9814673,116.206571,-36.4312421,3.31337087
972,-14.27394,-1.12884855,65.8663154,0.798620417,7.92601776,5.24403477,-1.68881582,-0.0943997444,22.040112,0,0,-123.098573,14.2182392,-80.21409,73.9767339,3.31132587,1.9410975,-15.2833833,-122.668941,-20.5884578,78.3068689,72.0191539,-7.60151816,1.40417195,16.8054568,-88.2927148,-9.65993996,-19.0195241,113.180729,-32.5153375,-4.68872423,-89.7025887,-3.08145649,16.7003743,115.084057,-36.1678631,3.28287578
973,-14.2654538,-1.11685805,66.5764749,0.792334237,7.98415589,5.15466902,-1.65470713,-0.0327259276,21.8020407,0,0,-122.453271,14.451123,-80.21409,73.9638863,3.33884321,1.75826774,-15.1714911,-121.906924,-20.8975085,77.7503451,71.6280436,-7.39095197,1.40416021,16.6531606,-87.4661048,-9.34071399,-18.8774783,112.069095,-32.3992072,-4.66299789,-88.8653442,-3.24114973,16.3569302,113.938081,-35.9651022,3.22976124
974,-14.2442614,-1.10874521,67.3031151,0.801887279,8.04299658,5.01728724,-1.54167241,-0.0661377356,21.4979828,0,0,-121.726662,14.5883961,-80.21409,74.0573506,3.08323832,1.49988958,-15.1447629,-121.129471,-21.2853522,77.4463061,71.1657764,-6.98155726,1.46681674,16.4717747,-86.6261896,-8.94523409,-18.6782707,110.933494,-32.2998997,-4.59801377,-88.0160511,-3.36311813,16.0213852,112.766526,-35.7523827,3.13737205
975,-14.2345279,-1.09643107,68.0214643,0.748358508,8.06366299,4.91211536,-1.56568394,-0.101104322,21.2527705,0,0,-120.924907,14.9360306,-80.21409,74.0056324,2.57595633,1.42197004,-14.8595478,-120.420483,-21.4949929,76.8796941,70.9290625,-6.60172446,1.4639788,16.9326212,-85.7760769,-8.57076384,-18.5627073,109.808159,-32.1735549,-4.54713782,-87.1121985,-3.50654057,15.6088179,111.59995,-35.5129846,3.04545521
976,-14.1962901,-1.08273048,68.7614679,0.748709266,8.10926771,4.81255557,-1.50721731,-0.0691062265,20.9802887,0,0,-120.083537,15.1226962,-80.21409,74.1490459,1.54154488,1.20002272,-14.6057226,-119.738339,-21.8559189,76.7040352,70.5643031,-6.35169685,1.35200702,17.1063095,-84.9047292,-8.20027304,-18.356422,108.644616,-32.0455674,-4.46530917,-86.2432892,-3.66628034,15.2651842,110.420315,-35.2520577,3.00744286
977,-14.1667098,-1.06217228,69.4942772,0.700192568,8.12385545,4.68001238,-1.45456712,0.104086927,20.7184909,0,0,-119.208098,15.4087241,-80.21409,74.218946,0.514877375,1.20707777,-14.3900474,-119.000146,-22.104169,76.3683246,70.3123169,-6.31133513,1.11910857,17.2513366,-84.0402868,-7.80178699,-18.205958,107.510005,-31.8775413,-4.40369659,-85.2693384,-3.79671817,14.8498609,109.185157,-35.0637289,2.79337
978,-14.1226798,-1.0210054,70.2385128,0.621483125,8.15938722,4.56399665,-1.37019731,0.29485345,20.4102035,0,0,-118.353791,15.5928984,-80.21409,74.3303601,-0.840548746,1.26295342,-14.7890791,-118.263947,-22.4456528,76.1905826,70.0278327,-6.16830371,0.885337498,17.3610722,-83.2006311,-7.41441367,-18.0632156,106.361468,-31.7051029,-4.33490848,-84.3324481,-3.93743416,14.4251393,107.956092,-34.792567,2.79628777
979,-14.0475914,-1.00129768,71.0138261,0.587155303,8.23271803,4.47381868,-1.35950775,0.566556561,20.0038704,0,0,-117.427686,16.0047537,-80.21409,74.2442177,-1.94519988,1.26425884,-14.8313665,-117.529333,-22.5738503,75.8461362,69.9671601,-6.47265481,0.430583823,17.5072331,-82.3399044,-7.05289645,-17.8778938,105.153727,-31.4982916,-4.28187718,-83.3919994,-4.08996978,14.0189146,106.686776,-34.5424147,2.74344985
980,-14.0234411,-1.00024873,71.7686474,0.588082664,8.17392179,4.33249635,-1.42603614,0.425520892,19.8231061,0,0,-116.652063,16.5137462,-80.21409,74.1841599,-2.36887886,1.21957926,-15.1034522,-116.6085,-22.8754817,75.0701242,69.5357517,-6.56499213,0.187281212,17.3416488,-81.3720529,-6.6169814,-17.6440708,103.953485,-31.2851214,-4.25469644,-82.3521577,-4.21907231,13.661186,105.413376,-34.3080368,2.56843415
981,-13.9618069,-0.982170552,72.5214243,0.564613032,8.17346378,4.25604578,-1.38750725,0.477216833,19.4872964,0,0,-115.805065,16.8288433,-80.21409,74.1370794,-2.81960796,1.26754843,-15.4604132,-115.504578,-23.2957791,74.2009963,69.1468066,-6.95025408,-0.0457583921,16.9029236,-80.4336464,-6.24925511,-17.4231705,102.726441,-31.1103027,-4.16820149,-81.4017984,-4.40252009,13.2836627,104.189618,-33.9938754,2.66210251
982,-13.9011353,-0.987123605,73.2777417,0.624111861,8.16893115,4.1566628,-1.40444964,0.364579783,19.218397,0,0,-115.044387,17.268004,-80.21409,74.0023812,-2.89324487,1.28379435,-15.6846005,-114.553385,-23.6191305,73.4984157,68.8341615,-6.67121993,-0.209873651,16.5118696,-79.4674205,-5.87799335,-17.1120469,101.473347,-30.8814572,-4.12817316,-80.4585014,-4.54567147,13.0174526,102.942439,-33.6906662,2.64661036
983,-13.8359308,-0.974987634,74.0360558,0.667611857,8.15318362,4.03453127,-1.34518623,0.2762966,18.8974925,0,0,-114.221663,17.6432153,-80.21409,73.9096,-3.03442509,1.17458198,-15.7869799,-113.430577,-24.0052087,72.7454147,68.5000901,-6.027881,-0.219855465,16.0199799,-78.4857106,-5.49713731,-16.7979675,100.215636,-30.6833852,-4.08384566,-79.5020018,-4.67506727,12.7457469,101.684182,-33.3586883,2.5829054
984,-13.7765318,-0.969288126,74.7917056,0.715964671,8.10135039,3.97397038,-1.39175307,0.243991459,18.6038063,0,0,-113.322448,18.0584789,-80.21409,73.8634484,-3.53478234,0.874740993,-15.8782808,-112.357848,-24.2744991,72.0786585,68.3177924,-5.38056732,-0.363109025,15.6987288,-77.4694604,-5.16455704,-16.4883721,98.9509244,-30.4424058,-4.03174157,-78.5117678,-4.87099252,12.4583436,100.428615,-33.0552537,2.61621474
985,-13.7075484,-0.981821213,75.5596578,0.738674841,8.04295971,3.88658045,-1.37480022,0.175225368,18.2927936,0,0,-112.403624,18.5231213,-80.21409,73.7044279,-3.91714465,0.734170524,-15.795113,-111.244199,-24.6309787,71.5021017,68.0737224,-4.51654156,-0.478591248,15.3755532,-76.4306364,-4.78684758,-16.2089251,97.6494455,-30.2125153,-4.01068409,-77.4648432,-5.02261162,12.1173276,99.1343492,-32.7469458,2.57277389
986,-13.6359274,-0.990824122,76.3136566,0.78606309,8.01122844,3.83826802,-1.38992802,0.0674942685,17.9414333,0,0,-111.321182,18.9953503,-80.21409,73.5638763,-4.71893117,0.415970206,-15.4469936,-110.250653,-24.8391287,71.077865,68.1289855,-3.6128879,-0.703551106,15.2021399,-75.4136213,-4.46970994,-15.89983,96.3320728,-29.9700197,-3.95100702,-76.4650059,-5.20386649,11.8049515,97.8467151,-32.4497745,2.51395977
987,-13.5635048,-1.00661907,77.0810068,0.839552369,7.92137464,3.77330038,-1.42432752,0.0184085588,17.6588804,0,0,-110.302159,19.4761188,-80.21409,73.5182984,-5.73846795,0.0598405413,-15.4389681,-109.24947,-25.0799509,70.6457053,68.051374,-2.71057871,-0.81313941,15.2124774,-74.3183663,-4.11707368,-15.5708471,94.9929118,-29.7265713,-3.92120264,-75.4114493,-5.38622528,11.5042814,96.5575988,-32.1205833,2.55774555
988,-13.4816259,-1.00145517,77.8610051,0.83701634,7.87603323,3.69109805,-1.47685605,-0.00879419372,17.324254,0,0,-109.226473,19.7739611,-80.21409,73.7543634,-7.1386546,-0.203876104,-15.2025463,-108.296918,-25.3867169,70.3135805,67.848613,-1.86356162,-0.93787526,15.473867,-73.2741806,-3.75327305,-15.2779618,93.6304051,-29.463469,-3.85938473,-74.3210301,-5.53661239,11.1182835,95.1752573,-31.805896,2.49409352
989,-13.4041458,-1.01300664,78.6380887,0.832274942,7.76442063,3.63869979,-1.55040652,-0.0935933752,17.0175188,0,0,-108.156988,19.8927962,-80.21409,74.1085975,-8.42612349,-0.576080033,-15.1034505,-106.854396,-25.755805,68.9741736,67.4030251,-2.00423726,-1.11740924,15.6517917,-72.1550951,-3.38189965,-14.992045,92.252271,-29.2117526,-3.82794452,-73.1625753,-5.71596803,10.7055779,93.8115691,-31.5087691,2.44312686
990,-13.3128613,-1.02284737,79.4112742,0.836433076,7.69513497,3.59006172,-1.62776417,-0.18744507,16.6778364,0,0,-107.068188,20.1008437,-80.21409,74.4856581,-9.86007902,-0.963190395,-14.9602436,-105.657788,-26.1851233,68.0979149,67.0035274,-1.85077977,-1.35266955,15.7831567,-71.0696278,-3.04226316,-14.6993799,90.8643083,-28.9415332,-3.77144903,-72.0095028,-5.88280778,10.2976039,92.39132,-31.2417839,2.32847275
991,-13.2231012,-1.01104369,80.1916301,0.83748753,7.59644009,3.53039342,-1.7272494,-0.126684014,16.420077,0,0,-105.935947,20.3459143,-79.6188526,74.8408006,-10.5694565,-1.2384594,-14.8297221,-104.493398,-26.5989406,67.2369286,66.5100599,-1.82304899,-1.58291875,15.8323768,-69.9453855,-2.7006965,-14.3780827,89.4659227,-28.6491158,-3.76201185,-70.8734648,-6.06057285,9.91171525,91.0040608,-30.8658503,2.3696494
992,-13.1479725,-1.03732729,80.9679389,0.857428334,7.43275056,3.44133995,-1.70531179,-0.267643311,16.1893805,0,0,-104.812081,20.6044524,-79.1316211,74.9849313,-11.297804,-1.28000968,-14.6512151,-103.027789,-27.1800838,65.9086822,65.8922215,-1.72096306,-1.83282214,15.7570074,-68.7598832,-2.31884047,-14.0459425,88.059013,-28.3354001,-3.77800559,-69.6537432,-6.20775062,9.52488065,89.5911952,-30.5252014,2.34045439
993,-13.020277,-1.04444725,81.7615688,0.8746453,7.35446696,3.37511153,-1.71069569,-0.233718134,15.8653256,0,0,-103.532649,20.8197536,-78.0737067,75.2181071,-11.2967308,-1.4265151,-14.6508565,-101.55796,-27.7695138,64.7505144,65.1613366,-1.52962033,-1.85020561,15.7125958,-67.6115303,-1.96924471,-13.691892,86.6049272,-28.0081759,-3.76575522,-68.4873313,-6.36568166,9.13216783,88.1433522,-30.1565351,2.32698761
994,-12.8963262,-1.0276394,82.5544655,0.831981412,7.28454066,3.30939607,-1.73285965,-0.051001236,15.4454841,0,0,-102.151257,21.1687045,-76.9310229,75.1591148,-11.1726407,-1.45587915,-14.5187026,-100.061602,-28.2007719,63.8199967,64.6933252,-0.928326869,-2.01272505,15.5487549,-66.4987422,-1.61833905,-13.3962754,85.1537716,-27.6511363,-3.76303211,-67.2893571,-6.49805329,8.67427536,86.6535377,-29.7602544,2.31258316
995,-12.7656758,-1.04414113,83.3340228,0.867100614,7.17640553,3.26380611,-1.70436571,-0.0773442151,15.0791743,0,0,-100.707752,21.4228883,-75.7498988,75.1487465,-11.1917268,-1.60871723,-14.5409161,-98.6962608,-28.6380543,63.1786214,64.3668148,0.0154334861,-2.01186189,15.4878194,-65.2936578,-1.3050896,-13.0288129,83.6617919,-27.3078254,-3.77211925,-66.0921684,-6.6858899,8.27354133,85.1925056,-29.3971137,2.32040864
996,-12.6521766,-1.05829714,84.1207564,0.82674841,6.96641808,3.21255687,-1.64827598,0.00224555142,14.8114257,0,0,-99.2649902,21.7474521,-74.6457099,74.9780738,-11.2905042,-1.63950132,-14.6127731,-97.235017,-28.9822378,62.4396769,64.2054243,1.24544935,-1.99066931,15.4497103,-64.002595,-0.920895303,-12.7232602,82.159963,-26.9695808,-3.80674532,-64.7140275,-6.85163212,7.75466552,83.6764699,-29.042644,2.31476584
997,-12.5190288,-1.07146548,84.9014878,0.770669867,6.85582386,3.14543961,-1.57571664,0.0971791578,14.4605145,0,0,-97.8713925,22.1234489,-74.1438754,74.6782831,-11.7685671,-1.62248369,-14.2991948,-95.997216,-29.3090282,62.0789132,64.2645942,2.69604108,-2.24635125,15.6046839,-62.8417224,-0.537734443,-12.4263757,80.6685707,-26.5803556,-3.80918625,-63.4224865,-6.96148888,7.22209689,82.1239065,-28.6551981,2.30732328
998,-12.3879202,-1.07767126,85.6736183,0.746233602,6.73095447,3.09423511,-1.49152997,0.206812645,14.1242395,0,0,-96.3206801,22.4050029,-73.1163623,74.5270764,-11.830662,-1.78517282,-14.2820468,-94.6957029,-29.546968,61.5684385,64.3926466,3.58048698,-2.26897838,15.4912174,-61.6363716,-0.195933555,-12.0847075,79.1407872,-26.1939753,-3.82278047,-62.1221756,-7.10924978,6.7147769,80.5512691,-28.2879968,2.31173302
999,-12.2476608,-1.07134692,86.4414394,0.660054152,6.53256845,3.0860814,-1.55539245,0.463226578,13.7755029,0,0,-94.735639,22.8398657,-72.6455642,74.2736217,-12.7294688,-1.97716218,-14.334851,-93.4787613,-29.7089152,61.317429,64.6187668,4.66916043,-2.45471897,15.8780025,-60.3674658,0.159220461,-11.8199011,77.6282008,-25.8292534,-3.85267407,-60.6935801,-7.2757079,6.09313492,78.9707087,-27.9417455,2.3362645
1000,-12.1115014,-1.10020302,87.2002184,0.636703466,6.34404608,3.103509,-1.53687943,0.50782163,13.4741012,0,0,-93.1672773,23.0722749,-72.1723072,74.1735731,-13.1622842,-2.14452679,-14.0098731,-92.2253669,-29.9638862,60.5363764,64.8514577,4.98984123,-2.64356325,16.3478546,-59.0785272,0.455474473,-11.5182449,76.0654877,-25.4260929,-3.88748541,-59.3233758,-7.46887418,5.51421406,77.4165947,-27.5575969,2.38151365
1001,-11.9859986,-1.14039388,87.9636645,0.701485584,6.13037827,3.04956149,-1.46450195,0.378448989,13.2440988,0,0,-91.7161695,23.3813853,-71.8120284,74.0585869,-13.6637721,-2.39456699,-14.2961298,-91.2556781,-30.213171,59.9903096,65.2966836,5.69266812,-2.93676811,16.9597354,-57.700557,0.757884247,-11.0550667,74.4373072,-24.9968617,-3.88563742,-57.961921,-7.65988981,5.06103442,75.8242591,-27.163244,2.45882861
1002,-11.8296526,-1.16084572,88.7159348,0.742103355,5.98701944,2.99613323,-1.39007572,0.310664858,12.8930706,0,0,-90.162964,23.6428962,-71.5796722,73.966796,-14.2022198,-2.62603079,-14.34727,-89.6704049,-30.4797567,58.6062674,65.2832145,4.69864636,-2.93561531,16.5708517,-56.4023737,1.03640351,-10.6184281,72.8315639,-24.5506164,-3.90175922,-56.6847781,-7.80214985,4.61400196,74.26074,-26.6836008,2.49261649
1003,-11.6905183,-1.18033597,89.4583344,0.766468205,5.75898625,2.94999945,-1.35595338,0.323583173,12.675442,0,0,-88.606357,23.9910087,-71.198452,73.7036697,-14.4851083,-2.66577395,-14.4643958,-88.0128478,-30.687111,57.2563078,65.1677433,4.66141628,-2.91790505,16.2798583,-55.0141787,1.32528263,-10.196646,71.2022837,-24.110619,-3.91151188,-55.2972457,-7.94324619,4.13980412,72.6791482,-26.2073231,2.50559471
1004,-11.5439884,-1.19456826,90.1935577,0.781819261,5.56383871,2.93551358,-1.40056359,0.332396092,12.4014353,0,0,-86.9887019,24.3189176,-70.6826088,73.5012366,-14.4056954,-2.74973875,-14.5786768,-86.2087148,-30.9504968,55.6403397,64.8465673,4.66901614,-3.10666373,16.4116656,-53.6699736,1.57459094,-9.80037719,69.564459,-23.6312063,-3.92399064,-53.9394997,-8.08540035,3.64546662,71.0875024,-25.6998418,2.56705936
1005,-11.414367,-1.21471565,90.9152448,0.76163147,5.3688402,2.87285342,-1.34675205,0.34904772,12.1880858,0,0,-85.4916678,24.6786875,-70.1504961,73.2363824,-14.1592707,-2.86991422,-14.7566408,-84.4552686,-31.2640366,54.2379346,64.4793353,4.47141493,-3.02230108,16.2383205,-52.3513339,1.87899144,-9.40481446,67.9331913,-23.1281595,-3.93436014,-52.5816581,-8.14770278,3.13916839,69.4757212,-25.1402683,2.54248093
1006,-11.2538524,-1.22965146,91.6382253,0.80359705,5.16553178,2.77715736,-1.27249871,0.264593684,11.9087422,0,0,-83.8703653,25.0923409,-69.7537987,72.8076172,-14.1614914,-2.77951155,-14.69841,-82.7052375,-31.477784,53.2457164,64.2180396,4.83925178,-2.83361561,15.5316111,-50.9433416,2.1488091,-8.91481072,66.2413807,-22.6379261,-3.95318585,-51.2333753,-8.22653341,2.74456723,67.8694929,-24.5771756,2.64514401
1007,-11.1100398,-1.26066776,92.343545,0.876789705,4.96063923,2.67563934,-1.22754838,0.205120986,11.6701517,0,0,-82.2336744,25.5958846,-69.265085,72.3057486,-14.1047735,-2.91590103,-14.9346372,-81.1276004,-31.7572036,52.549423,64.0029911,5.70799122,-2.91610722,15.7236436,-49.5407657,2.39769244,-8.37291375,64.5474597,-22.1128843,-3.97503947,-49.9126046,-8.31190053,2.37411975,66.2640228,-24.0251989,2.67009704
1008,-10.974101,-1.28445299,93.0321038,0.881667825,4.7624916,2.63446923,-1.16392261,0.192233246,11.4539651,0,0,-80.6769309,26.0285669,-68.8853469,71.8177589,-14.1017033,-3.00914058,-15.1300933,-79.4844891,-32.0613144,51.7038524,63.7177419,5.99340647,-2.77704393,15.5359244,-48.2001839,2.63170476,-7.96932812,62.8687426,-21.5581961,-3.99494478,-48.5472395,-8.37262688,1.88813963,64.6201465,-23.4728398,2.69563917
1009,-10.8298592,-1.32966116,93.710649,0.914612621,4.58182697,2.47879126,-1.05708063,0.00727251229,11.2331741,0,0,-79.0785778,26.5148456,-68.6710703,71.4116837,-14.3096177,-3.0635234,-15.050356,-77.9637612,-32.2348285,50.9453975,63.6402193,5.94917929,-2.9022191,15.6024453,-46.8328142,2.92497921,-7.44578217,61.1552804,-21.0070562,-4.04819592,-47.2223228,-8.34156489,1.53203107,62.9573643,-22.904061,2.68425047
1010,-10.6858686,-1.34646371,94.3756521,0.905112599,4.33895823,2.36318736,-0.973943995,0.152856685,11.0363759,0,0,-77.346114,26.8026578,-68.0357192,71.1731461,-14.4952153,-3.54402977,-15.1122409,-76.6060015,-32.5622507,50.7660913,63.462812,6.29382381,-2.95806123,15.6643797,-45.4323864,3.20527075,-6.96847489,59.49049,-20.4530476,-4.04836753,-45.7907459,-8.339258,1.07972751,61.2682244,-22.3331357,2.68541267
1011,-10.5394557,-1.35690589,95.0324774,0.924308176,4.10442817,2.22778603,-0.867118342,0.217509469,10.8653702,0,0,-75.7480683,27.0257454,-67.6768406,71.1076036,-15.1087592,-3.72092314,-15.0837027,-75.4266259,-32.805361,50.6506714,63.5396106,6.62901107,-2.90434606,15.689631,-43.9877638,3.45853267,-6.43229693,57.7570085,-19.890754,-4.08562877,-44.4120312,-8.33941936,0.704374411,59.6062549,-21.7026392,2.72104385
1012,-10.4025081,-1.37791401,95.6724644,0.967072141,3.90905093,2.1225111,-0.738222107,0.213910212,10.671835,0,0,-74.3873512,27.3640259,-67.7382303,70.9352097,-16.013107,-3.82149169,-15.2838238,-73.9740974,-33.13599,50.0611202,63.3754402,6.20791667,-2.8839048,15.6785182,-42.5939578,3.64277979,-5.92711436,56.0004273,-19.2997035,-4.09317826,-43.0977048,-8.36447335,0.320910088,57.9455969,-21.0680959,2.75291522
1013,-10.2420278,-1.40470443,96.3067293,1.00144066,3.72844069,2.0090595,-0.654174174,0.199247237,10.4448166,0,0,-72.7198766,27.5361416,-66.6886215,71.0032793,-15.8180505,-3.8868946,-15.668051,-72.5368002,-33.4341892,49.5058292,63.2084284,5.69528238,-3.03428977,15.9501873,-41.1944282,3.84133425,-5.39302601,54.2267262,-18.6996185,-4.10838824,-41.7576217,-8.36439651,-0.077785536,56.2381657,-20.4394384,2.75022497
1014,-10.1067491,-1.41406376,96.9065845,0.9488134,3.50110725,1.922139,-0.631596077,0.365733845,10.2456705,0,0,-70.8553306,27.6368459,-65.3774847,71.0852348,-15.7785003,-3.98655431,-15.6738071,-70.95973,-33.6041141,49.1073355,63.041963,5.87547258,-3.12829814,15.7402461,-39.81877,4.08299531,-4.96895408,52.5150398,-18.1283141,-4.15464997,-40.3576788,-8.30219995,-0.553034227,54.5422263,-19.8072856,2.78937434
1015,-9.94682312,-1.4519034,97.4911571,0.942848547,3.33791909,1.82519257,-0.4616019,0.334008897,10.0127551,0,0,-69.1371077,27.6856715,-64.1994274,71.2020105,-15.6996577,-4.10811546,-15.8578944,-69.3360575,-33.8054749,48.1386576,63.0234191,5.0834827,-3.28092064,15.5259113,-38.4766822,4.28267759,-4.50078859,50.766006,-17.5307733,-4.17738852,-39.0152973,-8.2477659,-1.00481698,52.8091614,-19.2062597,2.75996867
1016,-9.80371013,-1.46202119,98.0652392,0.946375254,3.18857678,1.74845037,-0.411593229,0.379089746,9.77236999,0,0,-67.3448114,27.8177998,-62.9179131,71.1811306,-15.735062,-4.01993985,-15.8088297,-67.6990524,-33.9111891,47.3830406,62.9909074,4.75866408,-3.31402081,15.1302504,-37.1461341,4.42842316,-4.03139365,48.9815576,-16.8975465,-4.21130212,-37.7706524,-8.22343848,-1.4211565,51.1683724,-18.5040138,2.8219251
1017,-9.65122283,-1.46624222,98.6060739,0.895227545,3.0168246,1.6948475,-0.395111582,0.550693127,9.5720747,0,0,-65.6569146,27.8136778,-61.4974933,71.4718508,-15.6457316,-4.24886303,-16.0990615,-66.1379512,-34.0676346,46.6134012,62.9539424,4.82960371,-3.38906644,15.1942971,-35.8701762,4.60902745,-3.63542283,47.3197623,-16.3027309,-4.2392107,-36.4798901,-8.15297739,-1.88819128,49.5483984,-17.8400665,2.84829561
1018,-9.49757472,-1.48822628,99.1520822,0.875865809,2.79203675,1.62753614,-0.308423115,0.564584397,9.42012433,0,0,-63.913864,27.8929267,-60.4496057,71.4787151,-15.8497357,-4.19588254,-15.8623238,-64.3810831,-34.1889251,45.6647118,62.9299138,4.64613288,-3.51724753,14.8838872,-34.5094078,4.77088159,-3.19755199,45.644334,-15.6416642,-4.30425288,-35.1361836,-8.10074181,-2.33689565,47.9288786,-17.1407627,2.92422703
1019,-9.34561789,-1.52941188,99.6588409,0.881994447,2.61939084,1.62098312,-0.199972424,0.506858947,9.24899224,0,0,-62.2065899,27.9491887,-59.5109465,71.409136,-16.0259939,-4.05850822,-15.6968146,-62.7311553,-34.3396298,44.8657915,62.9410401,5.16982653,-3.43916332,14.8110808,-33.2388014,4.86920387,-2.80033444,43.9834574,-14.955932,-4.34923394,-33.8321707,-8.07609422,-2.82406956,46.2593003,-16.5260696,2.90719788
1020,-9.19451118,-1.56456288,100.14987,0.865153249,2.4101524,1.62746994,-0.144841592,0.47718439,9.09185776,0,0,-60.5706845,28.0276112,-58.6361495,71.4847462,-15.9091549,-4.3303442,-15.7216509,-61.0275422,-34.399131,44.1230391,63.0569553,5.23723538,-3.52805738,14.5905733,-31.9213194,4.98358606,-2.42207131,42.2981628,-14.2791764,-4.39287501,-32.4968824,-8.0393128,-3.3471865,44.6208438,-15.8879216,2.95046158
1021,-9.0506725,-1.59630366,100.607812,0.84276488,2.24541875,1.64553311,-0.12533061,0.533258695,8.93610895,0,0,-58.9322245,28.1222094,-57.8807101,71.4328504,-16.2095381,-4.3633131,-15.8635088,-59.5377754,-34.5550506,43.4111353,63.0718178,5.70927103,-3.23935659,14.9249213,-30.6882107,5.07802495,-2.07764792,40.6342809,-13.6126857,-4.44661238,-31.2429826,-7.98022996,-3.84421488,43.0119176,-15.2798503,2.93428299
1022,-8.90823454,-1.64065249,101.049566,0.82156716,2.04279235,1.65531702,-0.108029967,0.465709031,8.85080331,0,0,-57.3850296,28.3340272,-57.2121746,71.3357046,-16.0243461,-4.49494579,-15.9315341,-58.4401026,-34.8178455,43.8271656,63.4127398,6.75323556,-3.37894858,15.6959216,-29.4196533,5.18815876,-1.69931702,38.988482,-12.9537423,-4.48929295,-29.9659182,-7.90572113,-4.32557417,41.4379039,-14.6724416,2.94294623
1023,-8.76464397,-1.66857559,101.457214,0.783423716,1.85086709,1.70441921,-0.160076822,0.48951096,8.71521466,0,0,-55.7143961,28.5390831,-56.4121101,71.1847165,-15.912722,-4.64733926,-16.0064476,-56.7657363,-34.8048203,43.0018738,63.4883569,6.80852552,-3.45122543,15.7973738,-28.2210542,5.27796337,-1.39384962,37.4209228,-12.3180046,-4.55273217,-28.7016194,-7.83718274,-4.87175409,39.8841247,-14.1027432,2.9401497
1024,-8.61280188,-1.71355642,101.833963,0.798037737,1.72103867,1.67302604,-0.147262534,0.474544201,8.49004979,0,0,-53.9510666,28.7237561,-55.2953093,70.9814159,-15.5843214,-4.79083171,-16.2426953,-55.0151691,-34.6829322,42.0109705,63.5857895,6.69023347,-3.40381282,15.7204215,-27.0751465,5.34558779,-0.987237784,35.8701045,-11.6836892,-4.58163839,-27.6179348,-7.76944605,-5.26022195,38.4556179,-13.5387284,2.94588023
1025,-8.4819369,-1.73350479,102.19419,0.734929772,1.58604272,1.67491046,-0.165267913,0.509751639,8.37013728,0,0,-52.2985126,28.9495485,-54.2558604,70.7576521,-15.3439107,-4.78731502,-16.5297989,-53.3842087,-34.6123149,40.9795743,63.6534972,6.3674716,-3.43632879,15.9664483,-25.978254,5.46152086,-0.659604335,34.3486798,-11.0768422,-4.65631413,-26.5004134,-7.63636067,-5.71932806,36.9855939,-12.9248873,2.95033671
1026,-8.33015367,-1.77114401,102.54097,0.68533313,1.42212912,1.7038294,-0.203255677,0.574022171,8.22819314,0,0,-50.3762651,29.119265,-53.0294589,70.3842866,-15.1522966,-4.92422403,-16.4169846,-51.7348034,-34.5999386,40.220771,63.6323168,6.47140019,-3.26856803,15.9411476,-24.8670659,5.56852644,-0.344858679,32.8791202,-10.4784442,-4.7245618,-25.3522142,-7.5121255,-6.19770853,35.5480406,-12.3576179,2.92747884
1027,-8.17853883,-1.80923138,102.856207,0.677464766,1.2889575,1.71056101,-0.23163554,0.505016183,8.03417308,0,0,-48.5285999,29.3258612,-51.9033588,70.1478733,-15.0985447,-5.07074439,-16.5925768,-49.9890924,-34.5389279,39.2375653,63.5737069,6.1838108,-3.16545224,16.0704003,-23.7896701,5.62849166,0.0309785431,31.4255808,-9.89558917,-4.77616773,-24.3058822,-7.41702024,-6.58170262,34.1867156,-11.8198191,2.94391463
1028,-8.02842975,-1.83082949,103.157187,0.637684736,1.1819944,1.69884809,-0.299793331,0.606901955,7.84947623,0,0,-46.5280204,29.4062866,-50.6089936,69.8008997,-15.2518602,-4.96646491,-16.6031295,-48.2542346,-34.4565934,38.3243485,63.4754683,5.92446809,-3.07528371,15.9486215,-22.7809348,5.71233522,0.371026414,30.032615,-9.32902327,-4.86239801,-23.2890053,-7.28269518,-6.97701177,32.815176,-11.2606025,2.93548425
1029,-7.87174776,-1.85034107,103.435838,0.592602511,1.11792112,1.67678289,-0.367324372,0.714722734,7.57808549,0,0,-44.5668955,29.4439722,-49.6104233,69.5794649,-15.591657,-4.99359655,-16.715592,-46.5521822,-34.3797948,37.4988006,63.4062921,5.75051769,-2.95515669,16.0161874,-21.8230367,5.79881694,0.749138617,28.6483166,-8.77828804,-4.93720993,-22.3473903,-7.12503648,-7.30817947,31.4764623,-10.7115133,2.96854557
1030,-7.6948978,-1.86741501,103.711963,0.559662636,1.09378902,1.7062603,-0.460314196,0.814993967,7.23281943,0,0,-42.5688808,29.4165627,-48.7136058,69.3738079,-16.0136466,-4.98892257,-16.630329,-44.8434328,-34.3487925,36.878838,63.4040792,5.4482942,-2.9625111,15.9227163,-20.9029214,5.84032955,1.04445374,27.2379389,-8.18386009,-4.99654805,-21.4258236,-6.99530899,-7.69118062,30.1221519,-10.1722716,2.98899878
1031,-7.51570463,-1.87655929,103.966534,0.524573623,1.06652807,1.70117342,-0.518755269,0.920036193,6.95915509,0,0,-40.8406039,29.401485,-48.1770023,69.2979314,-16.1822327,-5.06174348,-16.8496874,-43.2273281,-34.4062652,36.329141,63.3022615,5.28742745,-2.81978917,15.9064263,-19.9849337,5.88869114,1.38114643,25.8539292,-7.62528893,-5.03127999,-20.5337531,-6.85252346,-8.02787223,28.8137746,-9.66721752,3.01040161
1032,-7.33558089,-1.91026181,104.180443,0.515729264,1.1502821,1.65896278,-0.502399527,0.939133402,6.53779261,0,0,-39.2165591,29.4428418,-47.9771783,69.2231613,-16.469531,-5.02497487,-16.9624111,-41.5830386,-34.4176613,35.9379726,63.2296498,5.36172667,-2.70184803,15.940608,-19.2678151,5.91982826,1.71493468,24.597147,-7.09240355,-5.10504902,-19.8710403,-6.70663959,-8.25313956,27.6399007,-9.21604255,2.97376938
1033,-7.12998882,-1.95088815,104.376054,0.569905684,1.35075204,1.62236568,-0.406123048,0.738992904,5.93919014,0,0,-37.6230554,29.5185442,-47.6663363,69.1677206,-16.0928221,-4.9603092,-17.2955706,-39.6970492,-34.2830861,35.0782123,63.1210088,5.26195853,-2.58823402,15.9923774,-18.665377,5.85985066,2.00127531,23.3213753,-6.54313724,-5.14882455,-19.4171333,-6.62769156,-8.35701649,26.5840081,-8.80673919,2.98255984
1034,-6.95909411,-1.96289755,104.572475,0.546118311,1.41750056,1.55662884,-0.39976062,0.863664507,5.57435388,0,0,-35.9688109,29.4649989,-47.0485321,69.0426394,-15.6162389,-5.01335885,-17.4643839,-38.1615305,-34.357262,34.8803144,63.0997533,5.55140658,-2.59497307,16.1051523,-17.9175704,5.8931013,2.36740162,22.0478558,-6.02180341,-5.1924033,-18.7466102,-6.47172846,-8.56097362,25.4080476,-8.33564141,2.96092244
1035,-6.79498985,-2.00820658,104.748023,0.550683012,1.5459253,1.47944194,-0.242277749,0.672720219,5.15448123,0,0,-34.5662657,29.565775,-46.8389511,68.9773633,-15.1420803,-4.93919196,-17.7221928,-36.3971389,-34.2281167,34.2392465,62.9944386,5.80910791,-2.51684168,16.3225931,-17.2592101,5.90623191,2.70360488,20.792438,-5.48543506,-5.27018122,-18.2257605,-6.3247795,-8.69337513,24.3360391,-7.89778274,2.9860443
1036,-6.63367212,-2.02074088,104.918563,0.477795071,1.53347202,1.53815585,-0.297013257,0.744377388,4.88645564,0,0,-32.9100303,29.4985625,-46.1988361,68.8270376,-14.5279558,-5.01254392,-17.6087843,-34.7138696,-34.0946651,33.735725,63.0171831,5.73943699,-2.41845344,16.2169625,-16.5372216,5.96526054,2.89787211,19.6631396,-5.02923563,-5.29759162,-17.463706,-6.15647169,-9.05337049,23.2197865,-7.43771486,2.97471238
1037,-6.49339706,-2.01642308,105.080438,0.377940441,1.49734431,1.57105709,-0.366359127,0.966493752,4.66772524,0,0,-31.0965604,29.2212056,-44.7309259,68.6113676,-13.3094082,-5.02289081,-17.7683393,-33.123921,-34.1528378,33.4552535,62.8959472,5.86664883,-2.08782085,16.7633726,-15.7850316,6.05352537,3.12580555,18.5117029,-4.58336984,-5.32759622,-16.6545711,-5.94819489,-9.40177759,22.0315555,-6.94107174,2.9701496
1038,-6.35882244,-2.04821676,105.209267,0.370512732,1.49982586,1.58459823,-0.321545776,0.929128989,4.4439072,0,0,-29.2696521,28.8185147,-42.9420379,68.583596,-11.9299593,-5.24449629,-17.9321135,-31.5009554,-34.0537386,32.9018135,62.8905855,5.70564932,-2.10700514,16.9196866,-15.1182873,6.05103876,3.33739819,17.4455343,-4.12102921,-5.36218814,-16.0049723,-5.83150111,-9.66443764,21.0182082,-6.5310478,2.95494026
1039,-6.19846247,-2.08305325,105.321383,0.377057186,1.52983405,1.58547941,-0.264953176,0.873899973,4.13380081,0,0,-27.5201709,28.6094221,-41.9224888,68.4073908,-11.523546,-5.31050965,-17.8803407,-29.6884315,-33.8264026,32.2081395,62.8295715,5.82834855,-2.15134694,16.9048668,-14.4697028,6.0349242,3.57620381,16.3892643,-3.70537421,-5.38018312,-15.3658032,-5.72400289,-9.9078579,19.992295,-6.20131444,2.93227577
1040,-6.05340041,-2.11767256,105.426478,0.385298969,1.56445533,1.64983519,-0.243683594,0.779615027,3.86692782,0,0,-25.8844857,28.3666823,-41.1266249,68.3188169,-11.7038929,-5.45393465,-17.9191772,-27.903715,-33.5049875,31.1446961,62.8140874,5.27845813,-2.20450054,17.3574129,-13.8464668,5.99998224,3.69822386,15.3144743,-3.24764247,-5.40841315,-14.7617754,-5.63504011,-10.210472,19.0248584,-5.90187127,2.94075289
1041,-5.91900386,-2.1283675,105.524015,0.326204861,1.64178459,1.68140824,-0.229571676,0.819424251,3.56547678,0,0,-24.2266451,28.0826113,-40.0852191,68.1516822,-11.6361895,-5.47955469,-18.0010011,-26.2424098,-33.2841641,30.5418227,62.7626698,5.09670466,-2.22931761,17.3131891,-13.3580955,6.03776727,3.84051591,14.3789518,-2.85468461,-5.38850187,-14.268681,-5.4714686,-10.4075136,18.1250954,-5.54200482,2.9187029
1042,-5.78499101,-2.15374399,105.621886,0.261757763,1.62282808,1.74483095,-0.268169022,0.894657184,3.38465841,0,0,-22.6227033,27.8079848,-39.0510499,68.0105158,-11.5753478,-5.57551757,-18.3114469,-24.7792757,-33.091423,30.1993023,62.8731549,5.22384436,-2.21736478,17.4311311,-12.8298077,6.09987503,3.91113494,13.573395,-2.48578929,-5.41352725,-13.633359,-5.30080224,-10.7043126,17.2015343,-5.1963234,2.85882754
1043,-5.65248951,-2.15468872,105.716968,0.135229951,1.63146682,1.79922702,-0.264519139,1.01696405,3.17202587,0,0,-21.1875132,27.6705187,-38.5122607,67.7511462,-12.0542175,-5.28534339,-18.6299215,-23.2721057,-32.9265286,29.6756966,62.9432326,4.87625732,-2.24391116,17.839182,-12.3533533,6.22313775,3.98359514,12.7945622,-2.14581022,-5.43810484,-12.9658429,-5.04913367,-10.9587218,16.1479828,-4.76505415,2.83377014
1044,-5.52315935,-2.17913128,105.785859,0.0843509502,1.69720898,1.86008231,-0.249995116,1.03053083,2.93060323,0,0,-19.7820686,27.4701141,-38.0008298,67.5694017,-12.1936464,-5.26796184,-18.7334194,-21.8212352,-32.7347676,29.2648846,63.0450366,4.71372101,-2.25671457,17.9641608,-11.962226,6.26551523,4.01921841,12.0398306,-1.79919072,-5.46717839,-12.5421039,-4.9009429,-11.1146157,15.3957296,-4.45817503,2.82673718
1045,-5.40424362,-2.19525341,105.850863,0.0408258276,1.72555802,1.88469352,-0.259212723,1.09234703,2.73910052,0,0,-18.39623,27.2327463,-37.3903509,67.417027,-12.2144264,-5.25163939,-18.8358005,-20.3831303,-32.4441909,28.7341926,63.2098354,4.73214075,-2.43608088,18.0629817,-11.5582211,6.30470344,4.11063495,11.3601089,-1.48645044,-5.50193978,-12.1539895,-4.77511502,-11.2328437,14.7678628,-4.195766,2.80608077
1046,-5.29275164,-2.21353378,105.901778,0.0200826251,1.77871187,1.86348478,-0.221855417,1.16117538,2.51592003,0,0,-17.0326562,27.0218403,-36.6839693,67.2029074,-11.8628809,-5.16555382,-19.0941695,-19.0413311,-32.2467472,28.3492619,63.3713967,4.92021641,-2.31782854,18.2182114,-11.2033254,6.32742919,4.20282969,10.7220566,-1.2239905,-5.485415,-11.8351486,-4.66942553,-11.2280447,14.1746882,-3.96528852,2.76619289
1047,-5.17763346,-2.23750304,105.942237,0.0325049467,1.87715926,1.85454118,-0.197388065,1.13579205,2.25318677,0,0,-15.7351337,26.914205,-36.2632194,66.9565084,-11.8679881,-5.11166534,-19.2667137,-17.6368052,-31.973123,27.8544318,63.4299792,4.63289554,-2.09270806,18.182498,-10.9420527,6.30762847,4.33487646,10.1565903,-0.96328271,-5.49626859,-11.6526408,-4.6165223,-11.2429712,13.7395513,-3.82368675,2.74572708
1048,-5.08521609,-2.23971289,105.975366,-0.0228568439,1.98346004,1.92951606,-0.257796125,1.20282299,2.02816598,0,0,-14.4236725,26.6974558,-35.4901001,66.7743609,-11.654199,-5.16404264,-19.5489166,-16.2353972,-31.62882,27.379358,63.5182936,4.96328972,-1.77236461,17.8444908,-10.8385122,6.34977885,4.31806736,9.78535931,-0.79526806,-5.50763488,-11.4667214,-4.50814342,-11.337396,13.2934836,-3.63334858,2.76646588
1049,-4.98429723,-2.26083342,106.004119,-0.0157703885,1.99188141,1.96105522,-0.2265935,1.15749978,1.86067373,0,0,-13.0403278,26.3646241,-34.4647726,66.618455,-11.0964252,-5.11163247,-19.5601557,-14.8783633,-31.212076,26.7676155,63.7562642,5.21056562,-1.81912121,18.0548879,-10.5345141,6.3394499,4.3876115,9.31777566,-0.591694699,-5.55643573,-11.1938527,-4.46470342,-11.4340389,12.9062546,-3.54023923,2.7008854
1050,-4.89385277,-2.26986315,106.034482,-0.0300134973,2.02713799,1.97558399,-0.190283374,1.15818845,1.70355633,0,0,-11.7841314,26.1489182,-33.9308362,66.4412935,-11.2078931,-5.21432351,-19.3045393,-13.6589756,-30.843215,26.4252284,64.0502629,5.56667376,-1.87468928,18.1222284,-10.2949059,6.34622672,4.48225017,8.89779842,-0.41718011,-5.57441193,-10.9945376,-4.40460458,-11.5016834,12.5710366,-3.41762453,2.69370495
1051,-4.80283275,-2.27540918,106.069303,-0.0898202369,2.0752542,1.97782876,-0.140790062,1.18068977,1.49539649,0,0,-10.5682868,25.8760214,-33.3646715,66.3347972,-11.4170326,-5.06544032,-19.3849938,-12.3275643,-30.374787,25.9520124,64.2728314,5.55688012,-1.86105046,18.0236603,-10.0860977,6.41000789,4.57920812,8.50096955,-0.265840754,-5.55402254,-10.7006081,-4.27013651,-11.5007135,12.0216665,-3.19649694,2.67171344
1052,-4.71242815,-2.27625333,106.085002,-0.137534926,2.120823,1.98886356,-0.108497715,1.20898532,1.31631918,0,0,-9.36879119,25.4049774,-32.4855101,66.4661008,-11.3702227,-5.08395611,-19.3118135,-11.1629496,-29.9534736,25.4806883,64.6435194,5.3477504,-1.94883931,18.2302428,-9.92572994,6.45635541,4.65664881,8.20925388,-0.203164284,-5.57425569,-10.4656171,-4.16360819,-11.5638398,11.6010661,-3.07366495,2.64848333
1053,-4.62330803,-2.27684528,106.109405,-0.154413667,2.12458642,2.0092858,-0.0842892701,1.20704768,1.18199444,0,0,-8.39362886,25.0923323,-32.2392988,66.6144457,-11.6566877,-5.09822609,-19.2776352,-9.97554678,-29.4863023,25.2085992,64.8979918,5.58873356,-1.92302503,18.2347319,-9.65475499,6.4593227,4.77589452,7.80969294,-0.0631566115,-5.60209256,-10.2188381,-4.10645658,-11.6516957,11.2524814,-2.96919081,2.6461696
1054,-4.55003306,-2.27218028,106.134653,-0.147533802,2.12582529,2.03050731,-0.0829502729,1.22348197,1.07992985,0,0,-7.43120484,24.694204,-31.8105747,66.7631799,-11.8528106,-5.03890205,-19.3985927,-8.9278837,-29.1402474,25.1031343,65.172299,5.88921621,-2.0180161,18.3534935,-9.34566759,6.43104273,4.85133097,7.32166141,0.137182282,-5.62551925,-10.0207293,-4.08690815,-11.7584883,10.9818975,-2.88595065,2.62880363
1055,-4.48100232,-2.26806775,106.159663,-0.191725349,2.11722792,2.08965333,-0.107298203,1.29744715,0.996811468,0,0,-6.66849896,24.2793622,-31.6191791,67.1726497,-12.0245702,-5.13535585,-19.4449697,-7.85089605,-28.7035695,24.756439,65.4308285,5.39887735,-1.97876087,18.3385132,-9.11135282,6.46643122,4.87416472,6.96313752,0.283403038,-5.62923359,-9.6935462,-3.99167738,-11.872526,10.5023149,-2.72296697,2.6284141
1056,-4.41305116,-2.26789564,106.172454,-0.205471399,2.13494832,2.14456,-0.10563702,1.33019599,0.896879504,0,0,-5.93064045,23.9516839,-31.5000675,67.3854784,-12.2626826,-5.06028652,-19.5709184,-6.82854224,-28.2410393,24.5129001,65.7587732,5.55111074,-1.61395577,18.6834053,-8.94236626,6.4657132,4.89996704,6.67103722,0.391986744,-5.63893203,-9.46119426,-3.93863072,-11.9919689,10.1322083,-2.62291089,2.60339917
1057,-4.34060507,-2.25240849,106.186736,-0.245930939,2.14203671,2.22956637,-0.128802854,1.39220749,0.791593845,0,0,-5.03235233,23.3580722,-30.6857791,67.6329908,-11.5885113,-5.09855308,-19.5781464,-5.80374877,-27.756854,24.264218,66.0238733,5.83676334,-1.56663153,18.878566,-8.77789189,6.48771068,4.88432633,6.40085586,0.462220672,-5.6349193,-9.15009451,-3.85355858,-12.1863971,9.66356679,-2.48745031,2.60075973
1058,-4.26293053,-2.24953573,106.205845,-0.282428106,2.15664799,2.31807625,-0.153289002,1.45521716,0.671570773,0,0,-4.17385262,22.8445734,-29.9375251,67.8414413,-11.0491637,-5.16167129,-19.6583243,-4.85460903,-27.3440476,24.1768035,66.3156454,6.1048551,-1.60002293,19.0100045,-8.61500895,6.50804202,4.89429585,6.12206589,0.57129223,-5.63458163,-8.90940548,-3.78113253,-12.31893,9.32086034,-2.37795704,2.59416561
1059,-4.20124978,-2.24711318,106.217241,-0.323033002,2.23162908,2.44784236,-0.226892401,1.53140248,0.506343268,0,0,-3.43710594,22.4983785,-29.7870868,67.9500345,-11.0897453,-5.09788714,-19.4598305,-3.97310951,-26.8373637,24.121993,66.6858485,6.47832984,-1.65073944,19.1738675,-8.6224402,6.53555829,4.78318446,5.9707136,0.651262433,-5.64850284,-8.72354493,-3.6961065,-12.4949432,8.92672427,-2.25698564,2.57683742
1060,-4.14473638,-2.25294493,106.221271,-0.357424191,2.28610192,2.54962518,-0.253806334,1.53855315,0.377902547,0,0,-2.68485259,22.051959,-29.0639029,68.1098131,-10.569208,-5.12406256,-19.5253405,-3.0570328,-26.2995034,23.6763146,66.9721632,6.53539223,-1.68577329,19.3270789,-8.60653696,6.56374008,4.71386146,5.8332919,0.692530009,-5.65532065,-8.57409185,-3.62543837,-12.6126606,8.63651807,-2.1903898,2.56432067
1061,-4.08616252,-2.26395316,106.227708,-0.397716705,2.32887907,2.62661737,-0.233328627,1.54454344,0.253283131,0,0,-1.93399795,21.679519,-28.6492695,68.1360274,-10.4421213,-5.04704919,-19.4195068,-2.06382362,-25.7048722,23.1243687,67.1534842,6.64834051,-1.80638504,19.5440911,-8.55103655,6.60661061,4.68890053,5.66164071,0.749576496,-5.64235396,-8.38215671,-3.53328396,-12.7126324,8.28222421,-2.08933907,2.55307541
1062,-4.0260531,-2.27903388,106.240594,-0.43301007,2.3242531,2.73069437,-0.225907039,1.51324421,0.179796099,0,0,-1.26684236,21.3244858,-28.0997944,68.3083531,-10.3298022,-5.25067164,-19.8039269,-1.0967905,-25.0798724,22.4959589,67.3417652,6.81856846,-1.76969294,19.5936732,-8.44091512,6.64377239,4.63844336,5.49225372,0.814892634,-5.68040025,-8.08621998,-3.43770785,-12.9105055,7.8592101,-1.96438268,2.49983856
1063,-3.96603905,-2.29177643,106.257474,-0.464408265,2.33837305,2.82546298,-0.238104637,1.48587895,0.0908546427,0,0,-0.608637303,21.0764014,-27.9518423,68.2988386,-10.6676925,-5.20692385,-19.6144745,-0.193298222,-24.4304341,21.9471651,67.5594023,7.42474348,-1.95537473,19.9726923,-8.36966514,6.67368776,4.60019345,5.35681577,0.879728205,-5.67381338,-7.89891911,-3.36615286,-13.0544014,7.58910771,-1.86643926,2.50602181
1064,-3.91072556,-2.29373109,106.26874,-0.49546615,2.34238248,2.91224177,-0.274188393,1.50411299,0.0163741296,0,0,0.0287825606,20.7517625,-27.6950801,68.3299843,-11.2311874,-5.31985377,-19.6373095,0.655925157,-23.9485079,21.4487372,67.6803445,7.27755632,-1.96626717,19.9389546,-8.26944322,6.69994728,4.56236103,5.18814723,0.93419891,-5.67911361,-7.71280073,-3.30451105,-13.1736847,7.33441508,-1.76416134,2.47513292
1065,-3.86025645,-2.29464341,106.27116,-0.524746082,2.38057717,2.99930943,-0.305347902,1.55067759,-0.0767170983,0,0,0.719397358,20.3046463,-27.0632398,68.2856222,-11.6111671,-5.2822126,-19.8714689,1.46944028,-23.322212,20.7962321,67.8612625,8.26302625,-2.03677692,20.3691541,-8.22576843,6.72403437,4.47894948,5.03981602,0.9773291,-5.67996354,-7.61364687,-3.25477126,-13.2578539,7.15609165,-1.7046102,2.47144846
1066,-3.81843559,-2.29432322,106.277061,-0.548233826,2.38249104,3.07173693,-0.338259916,1.57833623,-0.127559986,0,0,1.38051143,19.7973631,-26.3005211,68.330155,-11.7149919,-5.47968361,-19.8547247,2.22067315,-22.8580391,20.3368473,67.9030565,8.16272578,-1.934564,20.2044048,-8.16210082,6.74396187,4.42656108,4.93360359,1.00662282,-5.66728458,-7.47008483,-3.20985893,-13.3612109,6.96214544,-1.64057718,2.46558431
1067,-3.77905145,-2.29432993,106.2783,-0.571416693,2.38693256,3.12385208,-0.364959872,1.61332184,-0.196297249,0,0,1.96756875,19.4613468,-25.8159004,68.2322989,-12.0670907,-5.31474479,-20.0658424,2.90284086,-22.3582247,19.93556,68.0505271,8.64820623,-2.01687888,20.5147105,-8.09512142,6.76787052,4.39298856,4.82593889,1.01203575,-5.69404654,-7.32620434,-3.15794799,-13.4380198,6.74965313,-1.57073273,2.43917496
1068,-3.73502113,-2.28738058,106.290531,-0.596771364,2.42455565,3.14589762,-0.340500031,1.61375706,-0.295847856,0,0,2.60846589,19.196151,-25.4561953,67.8771837,-12.6340212,-4.87026468,-19.9100373,3.51628341,-21.8894364,19.5868413,68.146703,8.80593323,-1.85050187,20.6824719,-8.06445302,6.78863515,4.38894979,4.72640126,1.03916291,-5.68982335,-7.27935778,-3.12130723,-13.4527346,6.63672534,-1.49732271,2.44375994
1069,-3.69278118,-2.28226576,106.291831,-0.600441712,2.46316084,3.18015915,-0.334132134,1.62033826,-0.398171641,0,0,3.15603191,18.7725922,-24.7431457,67.8518027,-12.7307273,-4.99046833,-19.9352117,4.08898367,-21.443437,19.3419175,68.2512937,9.27324197,-1.85121669,20.9251554,-8.0462813,6.7830011,4.37668447,4.64451668,1.06021003,-5.68750407,-7.24801233,-3.11368282,-13.4753912,6.55471313,-1.48500191,2.4568438
1070,-3.65632325,-2.27990318,106.292486,-0.598810328,2.48653976,3.20356964,-0.312566398,1.58222986,-0.477797612,0,0,3.69508026,18.3753945,-24.0964139,67.7170977,-12.4309306,-4.76352718,-19.7365915,4.61393878,-21.0055672,19.0304507,68.3532274,9.18292382,-1.79828145,21.109953,-8.03242797,6.77295688,4.38069508,4.60034798,1.05136504,-5.64220412,-7.21633221,-3.1132666,-13.4958169,6.49528024,-1.46686455,2.47148602
1071,-3.61398272,-2.27193441,106.300795,-0.608295039,2.50882191,3.17321059,-0.25132791,1.5767989,-0.571461918,0,0,4.18801459,17.9759907,-23.3554972,67.6525661,-12.4130535,-4.83029356,-19.9327067,5.02924246,-20.5856233,19.060594,68.5059641,9.59011067,-1.80471143,21.1199131,-7.98820079,6.77869808,4.44542094,4.54030678,1.07372655,-5.67553459,-7.19740063,-3.09969331,-13.4566671,6.44316973,-1.41712317,2.49125622
1072,-3.58744226,-2.25739535,106.304967,-0.607845952,2.53445082,3.18676435,-0.244050316,1.56736449,-0.646184027,0,0,4.66244977,17.5774748,-22.6956821,67.5298549,-12.093089,-4.86585793,-19.591537,5.44887178,-20.1721834,18.7983642,68.6223505,9.52325592,-1.87741516,21.3641111,-7.98451761,6.76609937,4.4352653,4.49426319,1.11154146,-5.64554537,-7.18613423,-3.10995226,-13.4401517,6.40015192,-1.38061527,2.51175383
1073,-3.55922915,-2.2421496,106.309056,-0.599735277,2.57094657,3.21447786,-0.253972127,1.5236436,-0.7316155,0,0,5.01246239,17.2953982,-22.066229,67.5379214,-12.1272937,-4.87580226,-19.9122434,5.84175237,-19.7645508,18.6267438,68.7227406,9.13796153,-1.73322667,21.4957255,-7.99512489,6.74190727,4.40263621,4.44913357,1.14363353,-5.63168008,-7.20034786,-3.12882023,-13.4745682,6.38210699,-1.36596622,2.5062662
1074,-3.5385374,-2.22878624,106.312323,-0.597599909,2.58154764,3.20541766,-0.230226387,1.51234785,-0.773899973,0,0,5.36193756,16.9958039,-21.8915776,67.4986751,-12.4374219,-4.99941715,-19.4505397,6.04671439,-19.4979549,18.7128691,68.9273321,9.16774884,-1.76283031,21.7081102,-7.97874524,6.73276677,4.41402128,4.42863874,1.15631549,-5.64196635,-7.19506727,-3.13571039,-13.4795252,6.37130846,-1.35344019,2.52064802
1075,-3.51705439,-2.21548676,106.315458,-0.594637539,2.5929222,3.19335908,-0.197059802,1.50759361,-0.821977355,0,0,5.76098922,16.3800914,-20.6891074,67.5162355,-11.7385492,-5.20083644,-19.4687405,6.31973413,-19.1159612,18.7044457,69.068034,9.38748883,-1.67089596,21.9298779,-7.96115836,6.71890703,4.42919155,4.40629334,1.16263832,-5.63859266,-7.18670114,-3.14394888,-13.4856066,6.35087851,-1.3337273,2.53423903
1076,-3.5018757,-2.20098663,106.316817,-0.581668602,2.60127402,3.16852099,-0.172503965,1.51644778,-0.863568298,0,0,5.98487685,16.1042849,-20.3522613,67.5363641,-12.082474,-5.25617165,-19.5131709,6.50938799,-18.8656023,18.7434581,69.2497239,9.6950736,-1.68096654,22.2280669,-7.93916344,6.69372028,4.46305392,4.3800731,1.17259973,-5.61916931,-7.1780046,-3.1631193,-13.4803448,6.32073987,-1.32853551,2.52977742
1077,-3.48807871,-2.18744967,106.320322,-0.580544402,2.60263084,3.14426141,-0.153716889,1.52449459,-0.887138747,0,0,6.26171124,15.6175656,-19.3302738,67.593847,-11.3363117,-5.21657747,-19.6208539,6.65120833,-18.5413476,18.7018929,69.4746352,9.64793675,-1.57104778,22.4480314,-7.91822379,6.68494776,4.49791991,4.36557389,1.17063477,-5.58921125,-7.18807742,-3.1694511,-13.4914669,6.34181357,-1.33650057,2.53064955
1078,-3.47780511,-2.16445867,106.325316,-0.583896398,2.60836246,3.11376624,-0.124169771,1.5862585,-0.91208756,0,0,6.46537169,15.308182,-18.8246434,67.5431328,-11.091055,-5.14240588,-19.7691322,6.68529183,-18.4182505,19.159099,69.6653204,9.84099632,-1.48904186,22.5700288,-7.89958933,6.67655687,4.53321918,4.34789181,1.1816604,-5.56971063,-7.18729622,-3.17617692,-13.4688667,6.32289736,-1.29533876,2.55717886
1079,-3.47010717,-2.15029027,106.323552,-0.557517538,2.60739796,3.07786019,-0.0803713696,1.61421841,-0.93543891,0,0,6.66157571,14.8269729,-18.0891652,67.6401215,-10.9062574,-5.24943623,-19.9781087,6.78956619,-18.2709012,19.194493,69.7915833,9.86702105,-1.35261907,22.7194939,-7.87858991,6.63862755,4.5709739,4.34549057,1.18345567,-5.58693466,-7.2052101,-3.21518263,-13.4560925,6.35230047,-1.31800389,2.54671693
1080,-3.46485451,-2.1241283,106.326771,-0.574457882,2.599739,3.043825,-0.039493171,1.65869821,-0.944342488,0,0,6.78733357,14.4863685,-17.4324835,67.7213393,-10.3225042,-5.2009453,-20.3221146,6.81764382,-18.0527125,19.5024799,70.0079364,10.3164441,-1.41767289,22.9174037,-7.8468671,6.64524985,4.59886669,4.32849706,1.1675853,-5.57664967,-7.2228004,-3.21579415,-13.4257784,6.39530932,-1.2952489,2.57611812
1081,-3.46159562,-2.108391,106.330216,-0.564291343,2.5893084,3.02083259,-0.00793047662,1.65159566,-0.945507996,0,0,6.8421992,14.4669776,-17.874407,67.6601544,-11.0667071,-5.08725253,-20.0230018,6.85604613,-17.990597,19.7354389,70.0591764,10.1062476,-1.29618549,23.0569872,-7.82346089,6.62530825,4.62831419,4.3274371,1.15434562,-5.53025988,-7.2376996,-3.23898029,-13.4211484,6.44121545,-1.30920319,2.57769952
1082,-3.46717462,-2.09384318,106.332481,-0.558251931,2.57665418,2.99173524,0.044327801,1.64313626,-0.927963695,0,0,6.91037559,14.1307649,-17.3675438,67.7755983,-10.9064742,-5.20308144,-20.0123416,6.86468632,-17.765614,20.0262154,70.1650512,10.7304449,-1.37184307,23.2301154,-7.81486595,6.61055163,4.65839264,4.35308105,1.14409094,-5.52543265,-7.25083149,-3.26047191,-13.3824042,6.47573437,-1.29801897,2.58412843
1083,-3.47127058,-2.08347254,106.33074,-0.550363015,2.56092374,2.96631802,0.100237382,1.61403229,-0.911563877,0,0,7.00591884,13.786088,-16.3756108,67.8930776,-9.37315654,-5.38793112,-20.629374,6.88540698,-17.6331698,20.0329687,70.2159498,10.2313433,-1.22909126,23.1645319,-7.8118103,6.60050656,4.66348625,4.39441906,1.11654895,-5.53323571,-7.26119887,-3.28019664,-13.3596477,6.51331578,-1.31623273,2.5896547
1084,-3.47802974,-2.0701943,106.327641,-0.54216588,2.53946644,2.94651356,0.140857764,1.59467212,-0.88917345,0,0,7.07922897,13.4961029,-16.3474277,67.878058,-9.56285223,-5.33053789,-20.0835856,6.83761401,-17.5517591,20.5018442,70.2848254,10.8003681,-1.30610452,23.4532389,-7.80986113,6.58322661,4.68932529,4.45016664,1.06358575,-5.50313507,-7.2730279,-3.3023986,-13.354315,6.56920978,-1.34131703,2.56893084
1085,-3.48677896,-2.05400866,106.331539,-0.541517402,2.51361403,2.93154653,0.149284963,1.60763422,-0.868636885,0,0,7.12678885,13.3397693,-16.2511084,67.8555935,-9.60296508,-5.24513662,-20.2813725,6.77967181,-17.4724947,20.9779715,70.3450472,11.463705,-1.33207909,23.3953855,-7.81644287,6.57622694,4.69036262,4.51754475,1.03235577,-5.47888619,-7.28251759,-3.32455552,-13.3275236,6.62938887,-1.34548142,2.61025071
1086,-3.50187048,-2.03707647,106.331599,-0.536024517,2.48629915,2.91838088,0.146691266,1.63898276,-0.824431047,0,0,7.15867474,13.1228775,-16.0570695,67.8106577,-8.93088898,-5.30495243,-20.575699,6.70743616,-17.5072041,21.3426678,70.3350136,11.5131863,-1.20758918,23.3660754,-7.82948256,6.56411275,4.68584872,4.59645478,1.00258159,-5.49649783,-7.29204827,-3.34991964,-13.305702,6.6895227,-1.36215765,2.64083715
1087,-3.51794809,-2.01641247,106.327796,-0.54171046,2.45743151,2.8949456,0.167526584,1.66202344,-0.794393582,0,0,7.19323251,12.9004626,-16.1162565,67.7755505,-8.97633023,-5.24474517,-20.0946129,6.65352334,-17.5214792,21.6388179,70.2851327,11.7543816,-1.13677848,23.6488077,-7.83853427,6.56155399,4.7033165,4.67582072,0.941376372,-5.47130809,-7.30102741,-3.36389485,-13.2728872,6.74818421,-1.38228451,2.6359463
1088,-3.53558734,-2.00073477,106.323195,-0.516141994,2.4319644,2.89522492,0.140008286,1.69591196,-0.763133674,0,0,7.18158362,12.7660265,-16.2514106,67.74991,-9.06081967,-5.26485239,-20.0148892,6.54713332,-17.5402758,22.0287688,70.2989844,12.0402814,-1.16838827,23.8043123,-7.86029866,6.52234998,4.69355829,4.75784745,0.91366352,-5.44038953,-7.29787271,-3.41182719,-13.2589101,6.780275,-1.41630184,2.63053381
1089,-3.55423167,-1.978359,106.323278,-0.531761777,2.40090281,2.89194384,0.129291666,1.7148715,-0.721588942,0,0,7.11210779,12.7586158,-16.5495091,67.7603192,-8.88930508,-5.28719351,-20.0434548,6.45081314,-17.5178131,22.3286056,70.2660697,12.3301913,-1.19597242,24.0454248,-7.87325724,6.52852191,4.68255742,4.83626485,0.866225668,-5.41156443,-7.30832034,-3.41932119,-13.2645151,6.85081976,-1.41734227,2.65365997
1090,-3.57200392,-1.96501445,106.322062,-0.524713007,2.37939034,2.89379037,0.113004546,1.72637535,-0.69781967,0,0,7.03681178,12.8143655,-16.988581,67.7077814,-9.01873973,-5.3122236,-20.235547,6.36779262,-17.5697566,22.6953065,70.1774002,12.6031863,-1.17109548,24.3163836,-7.89727475,6.51382719,4.65612288,4.90979782,0.832429038,-5.39245612,-7.3071225,-3.44237116,-13.2608737,6.87718984,-1.43934786,2.65655725
1091,-3.58774401,-1.95664,106.323636,-0.504351693,2.35944381,2.89589549,0.110233117,1.69139101,-0.679758782,0,0,6.96072518,12.8795887,-17.3210063,67.6910679,-8.96492638,-5.38952042,-20.3573788,6.22857714,-17.61278,23.3566822,70.0868728,12.9835595,-1.16931451,24.2265051,-7.91495042,6.48565778,4.63492283,4.97178221,0.816744096,-5.36807619,-7.31099778,-3.47842623,-13.2671814,6.9125493,-1.45576571,2.66356396
1092,-3.60778421,-1.944419,106.319654,-0.498557644,2.34016627,2.89619016,0.114631772,1.67256936,-0.649400192,0,0,6.83311463,12.9325346,-17.6598742,67.7226848,-8.84932713,-5.37327908,-20.30285,6.11674646,-17.6873435,23.7140377,69.9217462,12.9845781,-1.08819385,24.3398931,-7.93149314,6.47177585,4.62884396,5.02518746,0.789456263,-5.35151896,-7.31702542,-3.49744447,-13.2731835,6.94509259,-1.46978766,2.6646378
1093,-3.62672843,-1.94078702,106.313586,-0.486830088,2.32425923,2.89494797,0.131611089,1.62462111,-0.625947137,0,0,6.72803814,12.9981548,-18.0486417,67.7115858,-8.6649402,-5.33869741,-20.071684,5.98646017,-17.6906954,24.0196921,69.8655611,13.0235546,-1.12187693,24.4746032,-7.94913723,6.45361992,4.62674325,5.0753441,0.773137447,-5.34247877,-7.32531897,-3.51878881,-13.2747817,6.97353222,-1.49700575,2.66736048
1094,-3.64750922,-1.92900598,106.308508,-0.495536039,2.30641246,2.88455277,0.154609163,1.63063552,-0.590293923,0,0,6.59007259,13.0680063,-18.3351032,67.7547457,-8.48551027,-5.46228029,-20.2294665,5.83708521,-17.7191858,24.2744582,69.8273188,12.9828825,-1.22250301,24.5674425,-7.96130521,6.45892485,4.62441714,5.12016337,0.733461785,-5.33379974,-7.33753562,-3.52266025,-13.260633,7.00916958,-1.50558724,2.6666717
1095,-3.66849899,-1.92169175,106.308389,-0.484149694,2.28443356,2.88971531,0.148674929,1.60877187,-0.552850719,0,0,6.48542299,13.0712284,-18.4049368,67.7653462,-8.13785706,-5.47547366,-20.2262136,5.70339408,-17.7541325,24.4374043,69.7876354,12.8561611,-1.22682172,24.7222351,-7.97842081,6.43859863,4.62228698,5.17745244,0.71680797,-5.31049428,-7.34925281,-3.54799192,-13.290031,7.05698005,-1.51920984,2.66249952
1096,-3.69474143,-1.91128422,106.305432,-0.483812527,2.26280862,2.88546668,0.174438629,1.61217288,-0.502805443,0,0,6.35239481,13.0410996,-18.6054114,67.8091345,-8.01983822,-5.49347889,-20.0579519,5.53821961,-17.7668622,24.5656889,69.7766183,13.1440903,-1.24475961,24.6560028,-7.9971176,6.43152127,4.61323527,5.23169054,0.679268236,-5.29246599,-7.36400687,-3.56158507,-13.2811389,7.10167766,-1.54204477,2.65189778
1097,-3.71344984,-1.90437175,106.302118,-0.474252382,2.24635071,2.88858284,0.177809501,1.59597893,-0.479468287,0,0,6.24497728,13.0060957,-18.6766912,67.9079469,-7.84290644,-5.58755791,-20.0710846,5.41468454,-17.7784428,24.6427795,69.765731,13.1627922,-1.22638533,24.7220029,-8.00995665,6.41614652,4.60272617,5.27153189,0.666894121,-5.27053981,-7.3778824,-3.58307071,-13.2858569,7.14097985,-1.56416316,2.63419415
1098,-3.73213999,-1.89079661,106.301641,-0.483631616,2.23032316,2.88595776,0.191833774,1.59701946,-0.455410494,0,0,6.14996167,13.0158492,-18.836574,67.9333484,-7.75407727,-5.53917328,-20.0069099,5.27454059,-17.7606553,24.6516161,69.8192114,13.3454921,-1.26887733,24.7862886,-8.02112144,6.41904465,4.60332424,5.30652039,0.656864362,-5.27696403,-7.3866481,-3.58699209,-13.2640447,7.17131699,-1.55284756,2.61292835
1099,-3.75129543,-1.87352095,106.298125,-0.48829543,2.21266995,2.88949615,0.196911326,1.58735016,-0.430834913,0,0,6.05209274,13.05128,-19.0268204,67.9530534,-7.86592076,-5.53876304,-19.9783785,5.15026274,-17.7537295,24.6736315,69.8416964,13.5700149,-1.20264925,24.8638147,-8.02398244,6.41299524,4.58837637,5.32893579,0.636424487,-5.25553858,-7.40739565,-3.60091458,-13.2764995,7.22950593,-1.55981681,2.64347979
1100,-3.7691202,-1.86156873,106.296301,-0.48168998,2.20525444,2.89286692,0.175072569,1.58764396,-0.41544028,0,0,5.92905072,13.0512638,-19.1794683,68.0478223,-8.03650218,-5.54213374,-19.9580757,5.00491546,-17.7681531,24.7655727,69.8830668,13.8279041,-1.17108417,24.7968874,-8.03554851,6.39548349,4.58144586,5.34213342,0.625026929,-5.21753028,-7.40883511,-3.61808909,-13.2643076,7.22404178,-1.55573908,2.64227853
1101,-3.78361978,-1.85189396,106.297719,-0.467826084,2.19395187,2.90489078,0.151397533,1.57658951,-0.404176231,0,0,5.79865302,13.0017184,-19.2035294,68.1895351,-8.03602321,-5.52075781,-20.0188354,4.85374203,-17.8103449,24.8288629,69.9193625,14.142518,-1.1937016,24.5844617,-8.04337932,6.36840392,4.58002262,5.36095102,0.620901281,-5.20533199,-7.41803452,-3.64343122,-13.2878112,7.25372579,-1.58050588,2.62722543
1102,-3.79564613,-1.83530208,106.30188,-0.458074728,2.18991632,2.90769502,0.151321374,1.56243331,-0.401206566,0,0,5.66889736,13.0042909,-19.3299152,68.3151559,-8.08158484,-5.51781144,-19.937148,4.73319858,-17.7884456,24.7997168,69.9803014,14.2376745,-1.18834673,24.5246651,-8.05378426,6.34414309,4.58077266,5.37831336,0.62091825,-5.1754879,-7.41542198,-3.66740263,-13.2843978,7.24081246,-1.56445803,2.62412816
1103,-3.81372944,-1.82848051,106.299233,-0.459526148,2.18086019,2.91297109,0.129166895,1.58234075,-0.39290922,0,0,5.57401066,13.0001723,-19.4450705,68.3363978,-8.13046338,-5.41303676,-19.8379139,4.54661104,-17.8301422,24.8177331,70.0853156,14.3127536,-1.21331737,24.6078875,-8.05613641,6.33715325,4.58666285,5.3843568,0.619296987,-5.18806954,-7.41614171,-3.67243477,-13.2722853,7.24519061,-1.56302241,2.65156716
1104,-3.82984318,-1.81960408,106.297815,-0.460454153,2.17490333,2.9210394,0.112401075,1.58043801,-0.384900957,0,0,5.46807443,13.0098429,-19.5326625,68.3894479,-8.13676935,-5.33157566,-19.6993533,4.3543267,-17.8830591,24.9906411,70.1307773,14.2974839,-1.17877038,24.1606792,-8.05880701,6.32918412,4.58188812,5.37891527,0.596669158,-5.1673826,-7.42393751,-3.67991126,-13.2829079,7.2564997,-1.57509701,2.66544973
1105,-3.84623855,-1.80604737,106.30182,-0.462671665,2.17043914,2.92736218,0.0991779419,1.57753859,-0.377255494,0,0,5.3113075,13.0445881,-19.7253114,68.5034779,-8.25173168,-5.3245158,-19.6696385,4.18383152,-17.9368674,25.1010015,70.1335367,14.2939911,-1.12704717,23.9952639,-8.06104988,6.32107626,4.5923938,5.36970049,0.607145921,-5.15219013,-7.4283225,-3.68745905,-13.2842014,7.25534796,-1.55511284,2.66544312
1106,-3.8638588,-1.78966112,106.305063,-0.467365591,2.16747381,2.9168403,0.101095664,1.5802776,-0.374872238,0,0,5.215865,13.1051002,-19.6263334,68.3498465,-7.93710585,-4.89074756,-19.8945071,4.02402431,-17.9432314,25.2123507,70.1719975,14.3753147,-1.20995563,23.8798064,-8.0629777,6.31554167,4.60609047,5.36389184,0.600868497,-5.12195544,-7.43298581,-3.68922081,-13.2721205,7.23994588,-1.5237818,2.65382987
1107,-3.8795583,-1.78069863,106.295705,-0.464479693,2.16270473,2.92140053,0.0994995144,1.56876788,-0.361107539,0,0,5.12091299,13.1412413,-19.6887853,68.3386723,-7.78203494,-4.81760221,-19.8325505,3.87378704,-17.9379756,25.2147737,70.199489,14.4944196,-1.1891989,23.9680251,-8.06491491,6.30596575,4.60470693,5.36151835,0.580344045,-5.1302712,-7.45310413,-3.70191387,-13.2750583,7.27581376,-1.55945556,2.65065896
1108,-3.89546677,-1.76992845,106.292486,-0.469929311,2.16276287,2.92650617,0.0987849993,1.5555346,-0.353362718,0,0,5.01306814,13.1952536,-19.8324805,68.3447785,-7.76707427,-4.73608391,-19.7436231,3.72641247,-17.9222712,25.2134179,70.1980205,14.4188811,-1.22297226,23.928019,-8.06811827,6.30024632,4.61856111,5.347779,0.573577729,-5.10677023,-7.45874843,-3.7037832,-13.2710815,7.27013019,-1.54682259,2.66901339
1109,-3.90849411,-1.76294539,106.294763,-0.471520058,2.16296592,2.95378817,0.0630532515,1.55215537,-0.344038549,0,0,4.91233608,13.1961714,-19.8980298,68.407582,-7.7460535,-4.69522358,-19.7287555,3.47272068,-17.9158423,25.4882989,70.3469186,14.6529414,-1.3030366,23.831114,-8.08198526,6.29075961,4.59658113,5.34963212,0.581835054,-5.13326922,-7.46579974,-3.71053228,-13.3021768,7.27780989,-1.54525805,2.67650013
1110,-3.92216779,-1.75246838,106.294906,-0.472613685,2.16249394,2.95276021,0.0530140574,1.54975786,-0.336732115,0,0,4.79260884,13.1267732,-19.7931693,68.5564597,-7.59848215,-4.78042336,-19.7403395,3.32253357,-17.9581263,25.4340877,70.2978984,14.3934933,-1.17504878,23.797255,-8.08676639,6.28270767,4.61510375,5.34037166,0.58139456,-5.1021893,-7.4750888,-3.71655011,-13.2989264,7.27812151,-1.54654938,2.68090261
1111,-3.93009782,-1.74983386,106.293976,-0.467339071,2.16245732,2.97199039,0.0196906383,1.54258979,-0.335542595,0,0,4.70054515,13.0717629,-19.7335367,68.670073,-7.52484246,-4.78266409,-19.7180373,3.11930791,-18.0102731,25.6303549,70.3448149,14.5704362,-1.06650031,23.7235231,-8.09537926,6.26997876,4.60595472,5.33737022,0.578036455,-5.09002431,-7.47664182,-3.72520438,-13.339823,7.27871403,-1.55503877,2.68099674
1112,-3.93763147,-1.73812769,106.289363,-0.470269867,2.15626978,2.96835636,0.00727198702,1.53401342,-0.331586741,0,0,4.6394474,13.0255925,-19.6193069,68.7567413,-7.38281295,-4.82769809,-19.6739484,2.96171773,-18.0029716,25.6753317,70.365408,14.4458552,-0.940509365,23.5971083,-8.08557623,6.26359253,4.61986653,5.32811147,0.573379226,-5.07155761,-7.49036964,-3.73435043,-13.3319504,7.31120097,-1.5620919,2.70513271
1113,-3.94665599,-1.72824152,106.282926,-0.467373961,2.15412832,2.96254206,-0.00561654493,1.54283184,-0.336169478,0,0,4.5634385,12.9273727,-19.4570335,68.9099698,-7.28757962,-4.9204162,-19.6526245,2.88405613,-17.9821378,25.5388577,70.3996819,14.1391362,-1.01767119,23.4660336,-8.08693288,6.25184418,4.626409,5.33238034,0.573101697,-5.08304129,-7.49325027,-3.74556945,-13.317426,7.31003984,-1.56647432,2.71263567
1114,-3.95542905,-1.71312448,106.280458,-0.468082402,2.1525716,2.96382023,-0.0351675034,1.56976381,-0.341332781,0,0,4.47926879,12.9235623,-19.5262882,68.9889882,-7.49839511,-4.86144947,-19.7424825,2.74706985,-18.0506822,25.6537449,70.4399185,14.0816328,-1.02887899,23.5509021,-8.0910438,6.23855989,4.64694396,5.3362808,0.568056695,-5.07620428,-7.49838999,-3.75479703,-13.3213269,7.31246114,-1.56167238,2.70208623
1115,-3.96292657,-1.70673896,106.282711,-0.458890612,2.14684208,2.97761904,-0.0560179899,1.55417593,-0.337888044,0,0,4.43812373,12.9052454,-19.4789482,69.0109883,-7.5463789,-4.79731954,-19.7083828,2.56385665,-18.1185862,25.8166568,70.4940956,13.9301913,-1.03407335,23.46129,-8.10138385,6.22195399,4.62722905,5.34960693,0.568979891,-5.04445841,-7.50535166,-3.77278348,-13.3370457,7.33149347,-1.56743642,2.71740549
1116,-3.97139825,-1.69372689,106.282449,-0.462255506,2.14061691,2.99059916,-0.0878012614,1.54513361,-0.328770916,0,0,4.36912388,12.9628094,-19.6605117,69.0488685,-7.79828908,-4.74339392,-19.5945457,2.45411408,-18.1286505,25.7931712,70.49484,13.7774871,-1.01868056,23.4189309,-8.10385553,6.21313665,4.61857648,5.35230059,0.57125253,-5.00573081,-7.51560634,-3.78552008,-13.3419711,7.35816535,-1.55578871,2.73555245
1117,-3.98095883,-1.68477967,106.2783,-0.47008232,2.13395856,3.00073089,-0.108656404,1.55646735,-0.318588438,0,0,4.26971091,12.9907953,-19.763289,69.1242055,-7.9316656,-4.7636339,-19.6140237,2.35031484,-18.1405385,25.7511382,70.5071071,13.7675508,-1.0183366,23.553407,-8.10700254,6.21569797,4.605194,5.35910815,0.56456428,-5.01864371,-7.52047199,-3.78642337,-13.3481029,7.37824696,-1.55911074,2.74867922
1118,-3.98904644,-1.67561937,106.276906,-0.478067478,2.12398112,3.01137126,-0.118662037,1.53608788,-0.3145348,0,0,4.18198438,13.0553346,-19.9198232,69.1847756,-8.25821097,-4.66763004,-19.4715204,2.2620959,-18.1037067,25.7535476,70.5185545,13.7826917,-0.964880547,23.5107201,-8.10873484,6.21823282,4.60188136,5.37087657,0.562997285,-5.01524313,-7.52431397,-3.78779581,-13.3568029,7.4032207,-1.55238674,2.75085442
1119,-3.99932526,-1.67007409,106.281531,-0.46418605,2.11357744,3.03118085,-0.14754684,1.51061085,-0.297836535,0,0,4.09778096,13.1063108,-20.0269838,69.2342603,-8.28291406,-4.65723876,-19.6159345,2.13765284,-18.0934392,25.8580939,70.575771,13.8982465,-1.03232119,23.563415,-8.1250479,6.19398394,4.578225,5.40341986,0.569300429,-4.99226467,-7.52356095,-3.81473023,-13.3642367,7.41585399,-1.54823601,2.76033301
1120,-4.00931053,-1.66243315,106.279242,-0.464634625,2.10129713,3.04644166,-0.174269355,1.49937252,-0.281678389,0,0,4.02892838,13.1405241,-20.1265082,69.2778779,-8.36023436,-4.71119811,-19.633541,2.02763493,-18.0947369,25.9355653,70.6046558,13.8816355,-1.00812898,23.5673457,-8.13293249,6.18811425,4.55890368,5.4260043,0.558787701,-4.97981665,-7.53004023,-3.82711251,-13.3710737,7.45061794,-1.56824206,2.7516766
1121,-4.01532836,-1.65497437,106.276953,-0.450724499,2.09218361,3.0602004,-0.190543522,1.47869561,-0.275953143,0,0,3.95986877,13.1921868,-20.3170124,69.3032521,-8.50000991,-4.69397707,-19.6697683,1.92518359,-18.0988385,26.02828,70.6396196,13.9504556,-1.00660863,23.5622112,-8.14417328,6.16359771,4.55161202,5.46043913,0.552571322,-4.96524785,-7.5262196,-3.853524,-13.3725328,7.46187068,-1.58541156,2.73837758
1122,-4.02387157,-1.64243076,106.278658,-0.46128677,2.07826172,3.07691776,-0.227096213,1.49683468,-0.263637938,0,0,3.88768989,13.2075086,-20.450254,69.3535223,-8.62136701,-4.6865185,-19.5986285,1.83192141,-18.1137744,26.096768,70.6745833,14.1461286,-1.05914036,23.4875726,-8.14949656,6.16784054,4.5317605,5.48289167,0.5310844,-4.93912665,-7.5258465,-3.85584285,-13.3875857,7.49050368,-1.57055109,2.74647349
1123,-4.03102972,-1.62746292,106.278014,-0.469854816,2.06767652,3.07804638,-0.231432903,1.50654582,-0.258939488,0,0,3.82936861,13.20607,-20.5211685,69.3991138,-8.65559821,-4.71320149,-19.6111858,1.7296056,-18.1368297,26.2212465,70.7170398,14.21239,-1.03381231,23.5197991,-8.14995589,6.16864181,4.53009693,5.5008508,0.509381048,-4.93845772,-7.53592188,-3.86016294,-13.3894734,7.52820974,-1.58289698,2.73669629
1124,-4.03714217,-1.61786266,106.283891,-0.466897135,2.05606003,3.08555334,-0.242348452,1.50245421,-0.246451181,0,0,3.77744551,13.2074079,-20.5288849,69.4317416,-8.59612604,-4.70959131,-19.6288657,1.64547219,-18.1572707,26.3071908,70.7206529,14.2518556,-1.00172974,23.53522,-8.16297764,6.15843537,4.52060553,5.53910199,0.500349616,-4.90635625,-7.53804607,-3.87633726,-13.3899942,7.55025503,-1.5767433,2.72703584
1125,-4.04286236,-1.60454158,106.284964,-0.471522074,2.04801241,3.09042403,-0.259561489,1.51544886,-0.242786438,0,0,3.7151623,13.2597527,-20.5934063,69.4436125,-8.57930414,-4.73930306,-19.8043008,1.55155356,-18.1841766,26.37385,70.7602339,14.2582496,-0.995411386,23.551387,-8.1698804,6.15530586,4.51637337,5.56485607,0.482154633,-4.89136442,-7.53953676,-3.88162212,-13.396009,7.56454806,-1.57477279,2.73609353
1126,-4.04788032,-1.59462877,106.282461,-0.471290915,2.0373177,3.09616587,-0.276902806,1.52145356,-0.240547977,0,0,3.67811919,13.2849698,-20.6666703,69.4503265,-8.53974625,-4.760676,-19.8091366,1.47958898,-18.1850013,26.4813179,70.7939067,14.2829911,-0.973306012,23.5032717,-8.17161698,6.14930554,4.50290338,5.58298339,0.469530362,-4.90112262,-7.54846125,-3.89451965,-13.4113343,7.60760045,-1.59620251,2.74068854
1127,-4.05246988,-1.57942269,106.283462,-0.474964829,2.02668475,3.10162123,-0.297126836,1.54220463,-0.241268748,0,0,3.63552315,13.3730818,-20.9931499,69.4160117,-8.78094584,-4.76213724,-19.7850431,1.4338519,-18.2179655,26.4735093,70.8013994,14.2245887,-0.91394121,23.561231,-8.17845571,6.14418503,4.49661662,5.61956888,0.45026464,-4.89822918,-7.55442059,-3.90336176,-13.4175549,7.64331124,-1.60714586,2.74753153
1128,-4.05563191,-1.57965478,106.282735,-0.45564886,2.02387874,3.09733963,-0.278938976,1.50759788,-0.248749273,0,0,3.58242952,13.4782317,-21.3045041,69.3953503,-9.03794964,-4.77134518,-19.7513105,1.38942333,-18.204703,26.4853972,70.8223544,14.2550257,-0.927792193,23.5857753,-8.19473119,6.12127615,4.50640215,5.65334971,0.435403455,-4.89319363,-7.55991975,-3.92601152,-13.4269455,7.65337723,-1.64014731,2.71526316
1129,-4.05954197,-1.57082211,106.284237,-0.442600399,2.01913889,3.08972587,-0.262155173,1.48747956,-0.255790638,0,0,3.57424141,13.5013237,-21.4127933,69.3418905,-8.99365244,-4.80359734,-19.6275304,1.34716442,-18.2064515,26.4697424,70.853384,14.1951096,-0.94731853,23.6172574,-8.20648424,6.10017855,4.52707884,5.68752072,0.43464277,-4.89092173,-7.5606318,-3.94793386,-13.4162708,7.65482523,-1.64595692,2.7235486
1130,-4.06417549,-1.55691002,106.283414,-0.448334306,2.00722801,3.08440313,-0.265441855,1.50324566,-0.24938272,0,0,3.5347388,13.6004101,-21.6576249,69.277434,-9.20060888,-4.78908788,-19.6360186,1.29626734,-18.2260746,26.470866,70.8849463,14.2352933,-0.933527844,23.6826137,-8.20906264,6.09998176,4.53112017,5.71745872,0.421556074,-4.88126171,-7.57626183,-3.95518667,-13.4252884,7.70426043,-1.65476829,2.73726853
1131,-4.06623334,-1.54251549,106.282294,-0.446698608,1.9978705,3.08633943,-0.271295834,1.50279764,-0.250508714,0,0,3.49245203,13.6914608,-21.8272014,69.2505981,-9.32983094,-4.7518689,-19.7080737,1.27009929,-18.235514,26.453227,70.8982378,14.2516166,-0.943951673,23.7370111,-8.21738778,6.08692884,4.54104657,5.75434217,0.384048997,-4.86841028,-7.5776902,-3.97123762,-13.4088054,7.72787923,-1.65357578,2.78526918
1132,-4.06809002,-1.53030306,106.280351,-0.433265627,1.98586419,3.08811293,-0.253032869,1.4705789,-0.24830411,0,0,3.41214437,13.7973185,-22.1450664,69.246541,-9.59616819,-4.70790127,-19.656557,1.25078789,-18.2310043,26.4445766,70.8953555,14.2828596,-0.959247028,23.7519521,-8.2279003,6.06486178,4.54100047,5.802603,0.366769579,-4.85152349,-7.58260708,-4.00009687,-13.4153897,7.76749176,-1.67339645,2.79311045
1133,-4.0719375,-1.51956333,106.276464,-0.432334395,1.98057846,3.07869076,-0.239942678,1.47256392,-0.253495001,0,0,3.36352324,13.8075424,-22.2475842,69.2764231,-9.63677879,-4.62330425,-19.4904827,1.23903079,-18.2475812,26.4140918,70.8963459,14.1892706,-0.978876672,23.7254424,-8.23142724,6.05744163,4.55393429,5.82664015,0.360486312,-4.88367106,-7.58812843,-4.00915541,-13.4003667,7.78062536,-1.68019121,2.79527349
1134,-4.07286957,-1.50234997,106.277812,-0.437888476,1.96555677,3.07791042,-0.243601018,1.49932279,-0.248233434,0,0,3.32241916,13.7911765,-22.2876364,69.3268094,-9.75665288,-4.59908141,-19.4352128,1.23061973,-18.2665811,26.3952797,70.8922478,14.1501789,-0.970792289,23.6983915,-8.23108914,6.05497508,4.55299642,5.85840437,0.336809648,-4.84277829,-7.60762948,-4.0242497,-13.3956658,7.85292718,-1.69546383,2.80854604
1135,-4.07350212,-1.49418116,106.277514,-0.428205289,1.95801531,3.07439786,-0.233236579,1.49103894,-0.246163993,0,0,3.28024829,13.8105469,-22.3681387,69.3691702,-9.86749916,-4.602698,-19.3821661,1.20665878,-18.2690621,26.3925237,70.9125812,14.147189,-0.981558161,23.6566829,-8.23752404,6.03824154,4.5595773,5.89523318,0.324504502,-4.86198649,-7.60880939,-4.0441819,-13.3926136,7.86911046,-1.69468519,2.8386136
1136,-4.07406427,-1.48224412,106.269825,-0.424024077,1.94896668,3.06637401,-0.234606433,1.48682365,-0.256112911,0,0,3.24261843,13.8192238,-22.4563489,69.4368369,-10.0239387,-4.56824994,-19.3029752,1.18853029,-18.270517,26.4158113,70.9338914,14.1938366,-1.00587684,23.6310578,-8.23369315,6.02536493,4.57970886,5.91726224,0.297176755,-4.84417464,-7.62489449,-4.06316513,-13.3886862,7.91997147,-1.72448541,2.86526735
1137,-4.07552049,-1.47037636,106.269085,-0.419273801,1.94312064,3.06277407,-0.248339382,1.49615059,-0.258201001,0,0,3.20746089,13.8547817,-22.569409,69.4735765,-10.0745239,-4.54792543,-19.2514295,1.17195011,-18.2886955,26.4010358,70.933024,14.1400685,-0.948356398,23.6152561,-8.24068812,6.01262833,4.5842313,5.94579024,0.279040282,-4.82193768,-7.62272761,-4.0796118,-13.3762314,7.92573444,-1.72157928,2.87914842
1138,-4.07582931,-1.45771913,106.270957,-0.41829118,1.93755368,3.06051836,-0.256561249,1.52108356,-0.267497369,0,0,3.18523161,13.8352773,-22.5328043,69.5322342,-9.95074038,-4.51753066,-19.2687713,1.15693031,-18.2866089,26.4165318,70.9767372,14.2140027,-1.04013568,23.538005,-8.23875005,6.00370213,4.58120595,5.9575006,0.287985508,-4.81560524,-7.63199361,-4.09383823,-13.3632369,7.95336511,-1.72356665,2.88174688
1139,-4.07542363,-1.44732818,106.271875,-0.401673641,1.92562178,3.07280639,-0.302448034,1.5232817,-0.266302726,0,0,3.18149102,13.7770482,-22.3227111,69.6146882,-9.69288281,-4.57473435,-19.3225095,1.12128313,-18.3341009,26.4563928,70.992071,14.1818471,-0.955473669,23.5715036,-8.24403321,5.97470072,4.57088682,5.99266796,0.278006548,-4.78146966,-7.64293387,-4.12974624,-13.3938439,8.00561691,-1.74364036,2.89636434
1140,-4.076818,-1.43254623,106.264246,-0.410031658,1.92233602,3.06594076,-0.31394679,1.54588248,-0.267654463,0,0,3.15417282,13.7966739,-22.3814422,69.6548497,-9.80356774,-4.62721154,-19.2851347,1.08957269,-18.3700653,26.4660388,71.0100822,14.1164984,-0.913600767,23.5589463,-8.23835903,5.97534532,4.57475441,5.99518019,0.237857603,-4.77657924,-7.64510672,-4.13128858,-13.3774548,8.01527395,-1.75357156,2.91597894
1141,-4.0772073,-1.42044183,106.264806,-0.410889165,1.90826588,3.07641092,-0.332984529,1.53548106,-0.266969416,0,0,3.14092887,13.8202278,-22.4201147,69.6960494,-9.89238239,-4.6763872,-19.1938356,1.072273,-18.3696691,26.4464139,71.0409615,14.0619235,-0.911573588,23.562802,-8.23611616,5.96799561,4.57005866,6.02575468,0.215239631,-4.8035316,-7.65751376,-4.14767976,-13.3943484,8.08089926,-1.77588878,2.93010825
1142,-4.07969169,-1.40671683,106.265581,-0.411647267,1.90415093,3.08086473,-0.368822104,1.54468709,-0.270824098,0,0,3.16791559,13.7805308,-22.2830294,69.718029,-9.85406503,-4.73825505,-19.2431342,1.02506924,-18.3934604,26.4944523,71.0834384,14.109091,-0.918295135,23.5945384,-8.2404798,5.96067151,4.5629702,6.03829533,0.192896402,-4.77345016,-7.65357189,-4.1573829,-13.3853608,8.0820049,-1.77590009,2.92509062
1143,-4.07941528,-1.39641939,106.268382,-0.410369177,1.89314899,3.08895153,-0.401012759,1.55073575,-0.270630504,0,0,3.17802832,13.7626903,-22.186541,69.7515515,-9.78278945,-4.77085042,-19.351975,1.0027628,-18.4042299,26.4862886,71.1124736,14.0747275,-0.928887371,23.5901586,-8.24200805,5.95024309,4.5539138,6.06678448,0.192341395,-4.76073406,-7.66671488,-4.1758735,-13.395221,8.13760605,-1.79919883,2.91213397
1144,-4.07929979,-1.39580267,106.265974,-0.397755391,1.88828909,3.09719774,-0.417694456,1.51789855,-0.277179322,0,0,3.17365487,13.8228566,-22.2746915,69.753826,-9.84196194,-4.76246893,-19.4514908,1.00138684,-18.3884026,26.4370036,71.1282923,14.0451989,-0.942678057,23.5836562,-8.25328214,5.93415714,4.53417967,6.09941442,0.168189473,-4.76883936,-7.66346456,-4.19633845,-13.3843636,8.14652799,-1.83154447,2.91810014
1145,-4.07864265,-1.38943661,106.262815,-0.387339354,1.87780716,3.10695343,-0.447053677,1.48820996,-0.278714914,0,0,3.18311084,13.8795198,-22.3202864,69.7478974,-9.87392893,-4.80176727,-19.5857092,0.982376824,-18.3688922,26.4148397,71.1677913,14.0150291,-0.962547184,23.5895541,-8.25777555,5.91557519,4.5262003,6.1290694,0.139554318,-4.73283871,-7.66871015,-4.21917732,-13.4125338,8.18905274,-1.8770792,2.90836819
1146,-4.07824665,-1.37455128,106.267965,-0.402056138,1.87022688,3.10207485,-0.458013863,1.49882621,-0.283261445,0,0,3.2075151,13.8579527,-22.215139,69.7527878,-9.72109747,-4.81839537,-19.5864998,1.0030883,-18.3601205,26.3268651,71.162252,13.945485,-0.976153241,23.5670896,-8.25307723,5.92505335,4.52761373,6.14344908,0.138019994,-4.73432513,-7.67590234,-4.21684695,-13.3904561,8.22071494,-1.85888017,2.91099418
1147,-4.07990888,-1.36212045,106.261361,-0.409388194,1.86354896,3.09562842,-0.474533316,1.51201157,-0.283634224,0,0,3.24684483,13.8235183,-22.1432803,69.736491,-9.6492601,-4.81311734,-19.475376,0.993092216,-18.3544702,26.2873969,71.1801812,13.9451042,-0.971251619,23.5169629,-8.25156861,5.92718565,4.53145613,6.16034996,0.0981267732,-4.72955467,-7.68423175,-4.21851992,-13.378184,8.25037333,-1.88502314,2.89309567
1148,-4.07678187,-1.35394633,106.262493,-0.40002109,1.85764417,3.09062853,-0.481953783,1.50630505,-0.288282141,0,0,3.27620546,13.826457,-22.0881932,69.695585,-9.53202076,-4.75124522,-19.5255028,1.00587203,-18.364946,26.2590687,71.1601756,13.9262127,-0.948423206,23.4741085,-8.25625583,5.91355217,4.52822417,6.19348406,0.0915743406,-4.71570134,-7.68930573,-4.23999446,-13.3690289,8.27508495,-1.90918643,2.9041975
1149,-4.07779291,-1.34804929,106.26179,-0.389290629,1.845628,3.09155824,-0.480455036,1.47834578,-0.276262689,0,0,3.26140914,13.8934013,-22.1928043,69.6651087,-9.62000896,-4.67603929,-19.5494665,1.00819505,-18.3538265,26.2214326,71.1551622,13.9740906,-0.938591896,23.4460826,-8.26826159,5.8979597,4.52532092,6.23835157,0.0606280674,-4.67045902,-7.69740463,-4.26275735,-13.3620169,8.31517987,-1.93105157,2.89284829
1150,-4.07921225,-1.33230016,106.259978,-0.393139995,1.83492902,3.07950555,-0.50051765,1.50230085,-0.272503844,0,0,3.2763632,13.868472,-22.1756349,69.6656278,-9.63114815,-4.68150386,-19.456774,1.00327155,-18.38008,26.2172713,71.1613162,13.9479985,-0.916362191,23.4312303,-8.26934674,5.89546284,4.52432072,6.27194628,0.0240541487,-4.64514549,-7.70827146,-4.27346794,-13.3461666,8.35752534,-1.9379507,2.90537934
1151,-4.0788427,-1.32385073,106.264246,-0.385635347,1.82100625,3.06756023,-0.490247607,1.4748182,-0.260308701,0,0,3.28345742,13.8911354,-22.1908065,69.6614477,-9.67885275,-4.68217877,-19.4063313,0.993993161,-18.3596902,26.2211116,71.1720943,13.9962256,-0.893786228,23.3978734,-8.27085024,5.88478982,4.53287212,6.31735082,0.0113751698,-4.65917555,-7.72754881,-4.29444387,-13.3399349,8.41918402,-1.95147832,2.92927966
1152,-4.07939479,-1.31309675,106.262398,-0.382983486,1.81279663,3.05424898,-0.490822356,1.48668363,-0.255792185,0,0,3.31274014,13.8651449,-22.1161781,69.625637,-9.53517375,-4.60955294,-19.3284945,0.989235614,-18.3728827,26.2334298,71.1769779,14.0758809,-0.908175356,23.3572355,-8.27744222,5.87664055,4.55146688,6.35747434,-0.00637624923,-4.66592805,-7.73143178,-4.30822592,-13.3038638,8.44092365,-1.96963339,2.91729951
1153,-4.07741629,-1.30437315,106.259942,-0.371445574,1.80213903,3.04777088,-0.496205079,1.47207983,-0.256246259,0,0,3.32013852,13.9115944,-22.244123,69.6034116,-9.6773595,-4.55751074,-19.1947696,0.989649267,-18.3713032,26.2243047,71.183972,14.0651285,-0.884371666,23.3545734,-8.28809219,5.85942676,4.55476629,6.41125055,-0.035183455,-4.66880142,-7.73493652,-4.33012265,-13.3030203,8.46882498,-1.9754399,2.93360787
1154,-4.07972187,-1.28915524,106.260753,-0.375006845,1.78637209,3.03855514,-0.503500148,1.48025119,-0.231958961,0,0,3.30760448,13.925452,-22.2998778,69.6010756,-9.74561529,-4.52592966,-19.098522,0.961225755,-18.3836864,26.2772711,71.2054529,14.0736893,-0.903570741,23.3413877,-8.29370063,5.85965131,4.55099048,6.45645445,-0.0472266193,-4.67718932,-7.74814696,-4.34117646,-13.3008355,8.52385923,-1.97657585,2.94595322
1155,-4.07890193,-1.2738633,106.263256,-0.367725851,1.77556959,3.03243951,-0.533723788,1.52015262,-0.22941202,0,0,3.3562143,13.8274482,-22.1000521,69.6156786,-9.55009259,-4.55127393,-19.1141666,0.951551753,-18.425786,26.2959329,71.2177882,14.0631153,-0.901276972,23.3436195,-8.29860983,5.84327849,4.56358663,6.4991124,-0.0648724364,-4.65922336,-7.75804732,-4.36705177,-13.2734396,8.56636691,-1.98672786,2.99298633
1156,-4.08026762,-1.26748094,106.26421,-0.358157072,1.76659779,3.0187027,-0.517890503,1.49618688,-0.218965926,0,0,3.36414522,13.7995178,-22.0186465,69.6469472,-9.43948194,-4.56088059,-19.0331588,0.946945431,-18.4133618,26.2777117,71.2255405,13.9578382,-0.874923807,23.2963307,-8.30614524,5.82974361,4.5761657,6.53952492,-0.0754206897,-4.6544196,-7.76281308,-4.38397229,-13.2581357,8.58661159,-1.98353496,2.99646183
1157,-4.0778283,-1.25893448,106.264269,-0.349693211,1.75718227,3.01681486,-0.537616623,1.5045355,-0.224822934,0,0,3.36866894,13.75147,-21.9591094,69.7151057,-9.43153331,-4.58145995,-18.9933661,0.960829604,-18.4238581,26.2754867,71.2282179,13.928068,-0.867001055,23.2920721,-8.3110348,5.81481922,4.5785029,6.57923649,-0.0808732751,-4.64971531,-7.76487324,-4.40467587,-13.2563701,8.61688811,-2.00281381,3.00621705
1158,-4.07691188,-1.24768866,106.261587,-0.338505639,1.74761512,3.00491379,-0.558608462,1.53444437,-0.216788417,0,0,3.3733363,13.7209997,-21.9869578,69.7303916,-9.53940419,-4.59967094,-19.0425179,0.956354763,-18.4602801,26.2805325,71.2263328,13.9146706,-0.866490178,23.3019809,-8.31267063,5.79564774,4.59786009,6.61747573,-0.0966933873,-4.66256759,-7.77456954,-4.43067499,-13.2402987,8.65234277,-2.01949889,3.02840577
1159,-4.0761359,-1.23708695,106.258357,-0.33989103,1.74442307,2.99177726,-0.542293808,1.53633825,-0.222749051,0,0,3.35040757,13.7797555,-22.1308733,69.746866,-9.72854323,-4.57402102,-19.1285629,0.962395105,-18.4504925,26.2687624,71.2441938,13.8726589,-0.878862905,23.2723396,-8.31372931,5.79030866,4.61935085,6.63474373,-0.125228197,-4.66239983,-7.77545064,-4.43657712,-13.21881,8.65849079,-2.01857789,3.05177057
1160,-4.0753413,-1.23094236,106.260705,-0.334343414,1.73819022,2.98275581,-0.536192528,1.50878911,-0.223452654,0,0,3.34717881,13.8127804,-22.1041877,69.7742346,-9.72252157,-4.5718456,-19.2546875,0.962421572,-18.4195244,26.3110652,71.2642677,13.9333238,-0.908589543,23.2510329,-8.31922761,5.78253121,4.63019036,6.66785094,-0.136132274,-4.66973886,-7.7781571,-4.44904094,-13.2087748,8.67760337,-2.02268731,3.07339345
1161,-4.0711578,-1.21694887,106.260598,-0.335566369,1.73877161,2.9780828,-0.536917595,1.53541073,-0.235813668,0,0,3.34599911,13.8056351,-22.1914981,69.799035,-9.86028136,-4.58126572,-19.296536,0.978739428,-18.4562247,26.3208836,71.2552109,13.9581464,-0.904937419,23.2638087,-8.31970999,5.77554521,4.63696292,6.67826911,-0.159008485,-4.63944185,-7.77911162,-4.45771229,-13.1968066,8.68173222,-2.02511032,3.06830091
1162,-4.06931676,-1.21165505,106.254995,-0.331620279,1.73081332,2.9794993,-0.553785228,1.5397638,-0.238256262,0,0,3.33238548,13.8476707,-22.3015973,69.8050592,-9.96253271,-4.5556047,-19.4096235,0.993700744,-18.4625802,26.3383894,71.2493506,13.9995869,-0.897884822,23.264292,-8.31955631,5.76795474,4.63253952,6.70324413,-0.185940828,-4.62822625,-7.78611854,-4.46970525,-13.2040713,8.72381216,-2.06666519,3.07071559
1163,-4.0646214,-1.19687747,106.255734,-0.346324962,1.72935536,2.96040291,-0.529695097,1.54781948,-0.247550922,0,0,3.3247235,13.9017769,-22.4279455,69.7939465,-10.0462597,-4.54036654,-19.457539,1.01713331,-18.4607173,26.3379403,71.2394536,14.0486473,-0.892620774,23.2529675,-8.3143389,5.77832851,4.65363669,6.71400168,-0.220055115,-4.61948617,-7.79017055,-4.4631568,-13.1976817,8.73304401,-2.04656117,3.08337812
1164,-4.06135395,-1.18884947,106.253815,-0.339224622,1.72568727,2.95001854,-0.525513474,1.5494711,-0.253946167,0,0,3.320289,13.9196728,-22.4560484,69.7946159,-10.0325541,-4.52759025,-19.5203118,1.02582526,-18.463311,26.3541176,71.2549445,14.157284,-0.897345664,23.252001,-8.31705817,5.76754919,4.65842081,6.73776689,-0.23437578,-4.61479511,-7.79411669,-4.47971489,-13.17899,8.75059333,-2.06463022,3.08781049
1165,-4.05810252,-1.18802972,106.255126,-0.323417784,1.72469513,2.94752376,-0.528120685,1.53641061,-0.256213923,0,0,3.32740179,13.9057179,-22.4009526,69.8066985,-9.91103564,-4.54508535,-19.5730989,1.02646964,-18.4630241,26.3902271,71.2666309,14.2632996,-0.88807635,23.2356257,-8.32349563,5.74860908,4.66002633,6.75821178,-0.231075572,-4.61634984,-7.7933039,-4.50005647,-13.1811424,8.75037477,-2.07516301,3.08319734
1166,-4.05211672,-1.1786527,106.257308,-0.330045351,1.72396795,2.93858239,-0.509309864,1.53965954,-0.26824901,0,0,3.33164611,13.9071599,-22.3993544,69.822285,-9.82079433,-4.52413374,-19.575136,1.05097679,-18.4632683,26.3405562,71.2650053,14.2502642,-0.870620094,23.1972827,-8.3207294,5.75122419,4.66724798,6.76655358,-0.235997523,-4.6024568,-7.79578753,-4.49805352,-13.1662398,8.76125099,-2.06881777,3.08264772
1167,-4.04871441,-1.16814645,106.254005,-0.332058102,1.71886248,2.93504649,-0.510945374,1.54729206,-0.270852486,0,0,3.31980171,13.9014012,-22.4358959,69.8528911,-9.80811494,-4.53194791,-19.5502451,1.05969809,-18.4585248,26.3415398,71.288105,14.3526402,-0.8782317,23.1971375,-8.32444844,5.74876233,4.65979197,6.79668496,-0.26507572,-4.58186293,-7.8023428,-4.50701943,-13.1732262,8.79061995,-2.08300557,3.09001237
1168,-4.04469892,-1.15903746,106.252074,-0.342136177,1.71597641,2.92850874,-0.493690609,1.54587415,-0.27312235,0,0,3.26596338,13.9536675,-22.6457552,69.8989334,-9.99992714,-4.53620568,-19.538306,1.07437627,-18.4490496,26.2922617,71.2910489,14.374005,-0.879236058,23.2016352,-8.31933433,5.756918,4.65844515,6.80090687,-0.285657347,-4.59112979,-7.8129202,-4.50313945,-13.1826348,8.82317946,-2.09728514,3.10974223
1169,-4.0403828,-1.1553064,106.251979,-0.331157723,1.71345151,2.92574302,-0.504061718,1.55065283,-0.278063031,0,0,3.26637319,13.9277495,-22.658613,69.9318207,-9.99831692,-4.56546279,-19.542124,1.07791303,-18.4745569,26.3058162,71.284888,14.40547,-0.85256006,23.194858,-8.32538417,5.74041755,4.66364335,6.82839795,-0.294961639,-4.58334551,-7.81265639,-4.52081555,-13.1781593,8.82743125,-2.09636051,3.10254534
1170,-4.03573066,-1.14796311,106.253636,-0.330743332,1.71314162,2.91625037,-0.488128327,1.55856966,-0.285039562,0,0,3.26717851,13.8621865,-22.5726773,69.9887572,-9.82215439,-4.56206776,-19.5132374,1.09085698,-18.4887637,26.2950945,71.2754965,14.3294859,-0.830663648,23.1120607,-8.32678351,5.73591603,4.67024601,6.84015612,-0.294293641,-4.54657134,-7.81441772,-4.52819685,-13.1579863,8.83044849,-2.08603497,3.1262525
1171,-4.02994268,-1.14274332,106.251693,-0.332471905,1.71219942,2.9096699,-0.48782369,1.55219389,-0.29416088,0,0,3.25415142,13.8596013,-22.6151798,70.0286591,-9.82999886,-4.59437285,-19.5165245,1.08252522,-18.4921822,26.2947786,71.2893277,14.3731342,-0.812682428,23.1894536,-8.32618928,5.73646287,4.67032626,6.853726,-0.310768351,-4.5653676,-7.81539785,-4.53057888,-13.1509931,8.83687057,-2.08417203,3.09773604
1172,-4.02592383,-1.1313254,106.252277,-0.335623252,1.70811271,2.90527681,-0.509000691,1.56743023,-0.292785237,0,0,3.22748124,13.8544667,-22.6816171,70.0732398,-9.83914534,-4.56289934,-19.4407452,1.06777841,-18.4939188,26.3424926,71.311116,14.3803298,-0.856273549,23.1711794,-8.32577008,5.73419268,4.67438553,6.87133039,-0.327517629,-4.52809952,-7.82476375,-4.53786755,-13.1512116,8.86752959,-2.0909907,3.11808552
1173,-4.01977673,-1.12638911,106.254482,-0.328391869,1.70715521,2.90373377,-0.517087955,1.55685742,-0.298697993,0,0,3.20910398,13.8415875,-22.7347986,70.1198558,-9.85083521,-4.5668284,-19.4429941,1.05979275,-18.4968063,26.3337807,71.3142169,14.2950241,-0.842928907,23.1544386,-8.32741274,5.72458303,4.6698046,6.88425695,-0.33528126,-4.5222341,-7.82375374,-4.5497794,-13.1520535,8.87485411,-2.09541474,3.1045404
1174,-4.01622131,-1.12151327,106.256294,-0.332518096,1.7037361,2.89882959,-0.504424251,1.55228439,-0.292271985,0,0,3.20941667,13.8465454,-22.7539505,70.1197875,-9.76806698,-4.55445509,-19.3777709,1.02468643,-18.4991729,26.3660994,71.3344411,14.2556566,-0.840520998,23.1288459,-8.33174137,5.72754648,4.67605423,6.90602433,-0.342668563,-4.54515493,-7.82371276,-4.54805563,-13.1492061,8.88356516,-2.0970907,3.11021543
1175,-4.01305407,-1.11898361,106.257856,-0.32564172,1.69739884,2.89397419,-0.503610498,1.53169692,-0.292667523,0,0,3.19653899,13.8656477,-22.7689035,70.1457901,-9.63199936,-4.5334672,-19.3840478,1.01212635,-18.4899146,26.3875035,71.3476575,14.1847576,-0.848111846,23.1123561,-8.33383312,5.7198813,4.67469886,6.93080896,-0.350439771,-4.51354311,-7.83325197,-4.56222827,-13.1423794,8.91450677,-2.10048381,3.1059995
1176,-4.00724746,-1.10783726,106.259286,-0.33655853,1.69437593,2.88666934,-0.501487964,1.53951354,-0.292854686,0,0,3.16665264,13.8841473,-22.8863144,70.1689444,-9.70200539,-4.54580081,-19.37147,0.987903087,-18.4989117,26.4732668,71.3573768,14.2690336,-0.837149019,23.0774402,-8.33484142,5.72744531,4.68679897,6.95330589,-0.370401185,-4.51069535,-7.83476998,-4.55767211,-13.1280146,8.93077031,-2.09196763,3.12567108
1177,-4.00378369,-1.10483151,106.258416,-0.335029235,1.69008476,2.89023209,-0.520405453,1.53553047,-0.29299209,0,0,3.15154128,13.9021602,-22.9846282,70.1828575,-9.72238326,-4.54084466,-19.3461915,0.973367057,-18.4947828,26.5430099,71.3691043,14.3125923,-0.857157258,23.0490198,-8.33911712,5.72438965,4.67838716,6.97519152,-0.391821352,-4.515018,-7.83512088,-4.56506109,-13.1239507,8.94947393,-2.10944224,3.12568944
1178,-3.99939269,-1.10079991,106.259859,-0.330517699,1.68540605,2.89094224,-0.527498284,1.52425106,-0.290976731,0,0,3.14232308,13.9333315,-23.0800169,70.178814,-9.7931295,-4.53321576,-19.3121874,0.944497341,-18.4887996,26.580984,71.3957761,14.3877628,-0.860427585,23.0460469,-8.34458469,5.71820919,4.67203125,7.00387704,-0.408995863,-4.50633726,-7.83159565,-4.57576058,-13.1206039,8.95811838,-2.10984736,3.14345455
1179,-3.9943222,-1.10176327,106.25726,-0.324233611,1.67790831,2.90082653,-0.543092673,1.48790911,-0.290406757,0,0,3.14309596,13.9761909,-23.1823826,70.1761981,-9.86745989,-4.55982234,-19.2972566,0.932579942,-18.4631249,26.6284982,71.4059395,14.4133486,-0.882891596,23.0153401,-8.34452066,5.71174313,4.67141824,7.02485212,-0.41834295,-4.533807,-7.83717847,-4.58772195,-13.1316167,9.00200918,-2.15404466,3.13075274
1180,-3.98826487,-1.09068323,106.256974,-0.334391809,1.67449899,2.90541924,-0.55682781,1.50924492,-0.300849289,0,0,3.14777507,13.9785064,-23.2366075,70.1769562,-9.92719502,-4.57216705,-19.3488724,0.935890343,-18.4751699,26.6465709,71.3934061,14.4369879,-0.864714329,23.0140629,-8.34812102,5.71823053,4.67106008,7.04445263,-0.44140311,-4.48411225,-7.83063686,-4.58615827,-13.1243588,9.01042483,-2.14459082,3.15893154
1181,-3.98510881,-1.08862566,106.252861,-0.32552372,1.66812576,2.9033862,-0.552997622,1.48015503,-0.29597699,0,0,3.12351509,13.9969632,-23.3347727,70.1976039,-10.0260637,-4.55195994,-19.2278431,0.936250101,-18.4566994,26.6130859,71.3871223,14.4050926,-0.876107671,23.0301241,-8.3537841,5.70702176,4.68116534,7.07959353,-0.450263839,-4.51394225,-7.83299328,-4.59999964,-13.1352802,9.03371833,-2.17575975,3.16384458
1182,-3.9833162,-1.0908749,106.249297,-0.316044221,1.65697633,2.91169682,-0.557965037,1.44762829,-0.285994241,0,0,3.12471784,14.0325784,-23.3979588,70.1841074,-10.0403021,-4.53934458,-19.1933882,0.939067768,-18.4333504,26.6116789,71.3582852,14.4185481,-0.878677156,22.9886392,-8.36282471,5.69699334,4.68271366,7.12503563,-0.477235669,-4.53621251,-7.83330063,-4.61443909,-13.1411175,9.07109227,-2.20748128,3.16677601
1183,-3.98032703,-1.08811557,106.248391,-0.311380325,1.65387377,2.91011477,-0.564825748,1.43704843,-0.289526036,0,0,3.11635278,14.0217073,-23.3897591,70.204878,-10.0197594,-4.52543063,-19.2416418,0.933779281,-18.4279392,26.602161,71.350451,14.4143322,-0.896653894,22.991262,-8.36779709,5.6891668,4.68802541,7.14921237,-0.487645945,-4.55379299,-7.83183727,-4.62362783,-13.1333208,9.08002445,-2.217038,3.19780215
1184,-3.97726558,-1.08498335,106.247163,-0.312097028,1.64510338,2.90766145,-0.556786029,1.41529417,-0.281075945,0,0,3.12030277,14.0361924,-23.4027877,70.1850295,-9.97954585,-4.45568159,-19.1223748,0.931081889,-18.4229156,26.5643986,71.3202138,14.4145029,-0.877243137,23.0379378,-8.36589744,5.68839328,4.69859727,7.17187963,-0.511530476,-4.54436903,-7.84516296,-4.6312627,-13.1337358,9.13470524,-2.23930761,3.21576427
1185,-3.9735958,-1.08358832,106.246769,-0.309809676,1.64192348,2.90028083,-0.558931775,1.38641976,-0.28263016,0,0,3.1267462,14.049396,-23.4027587,70.186054,-10.0251894,-4.45952314,-19.1082277,0.93842477,-18.3911603,26.551604,71.2907893,14.3936316,-0.858571747,23.0135745,-8.36667096,5.68682361,4.70730192,7.19237105,-0.511330159,-4.5897693,-7.84870356,-4.63560286,-13.1362518,9.14677589,-2.23980963,3.20374335
1186,-3.9724838,-1.07907243,106.244338,-0.302005576,1.63173146,2.90344432,-0.585151698,1.3761494,-0.269243442,0,0,3.14232778,14.0504154,-23.3976702,70.1711301,-10.0401723,-4.41208065,-19.072038,0.90453209,-18.390158,26.5846569,71.3043882,14.3956994,-0.842131429,22.9737699,-8.37154003,5.67433419,4.70774374,7.22746627,-0.538666924,-4.55218832,-7.85946623,-4.65452035,-13.1373515,9.19712805,-2.25975336,3.24161589
1187,-3.96985188,-1.08199157,106.243098,-0.2879662,1.62848664,2.89981383,-0.570531945,1.33787173,-0.269435702,0,0,3.12315394,14.0815466,-23.4713526,70.1874337,-10.0594779,-4.4008928,-19.0336079,0.901987845,-18.3653183,26.5915469,71.3080219,14.4029019,-0.85736083,22.9175233,-8.37233575,5.66235446,4.71094411,7.24132728,-0.533803083,-4.56431276,-7.86195072,-4.67052177,-13.1380593,9.20836371,-2.2745341,3.23033263
1188,-3.96813266,-1.07689239,106.245852,-0.295106207,1.62622991,2.8930092,-0.580027615,1.34013957,-0.265542094,0,0,3.12244638,14.0880327,-23.4963767,70.2001515,-10.1783308,-4.39909646,-19.0652505,0.885419033,-18.3519482,26.5847645,71.3068198,14.4287336,-0.826810941,22.9212918,-8.37371118,5.66756461,4.71365143,7.25441649,-0.545766799,-4.54246213,-7.8683378,-4.66815255,-13.1236749,9.22567397,-2.27410017,3.25902113
1189,-3.9636828,-1.07296957,106.244493,-0.294161433,1.62037105,2.88945787,-0.590729454,1.32849132,-0.262423685,0,0,3.12066647,14.0990857,-23.517207,70.2136002,-10.1869727,-4.40663955,-19.0441144,0.854224492,-18.3325214,26.6341809,71.3407658,14.4680567,-0.847212236,22.9044264,-8.36421978,5.66555611,4.7165009,7.26082235,-0.558632581,-4.52569444,-7.88387733,-4.677632,-13.1082626,9.27614309,-2.30056481,3.25321291
1190,-3.95879112,-1.06439283,106.243718,-0.30416605,1.61960057,2.88045709,-0.602943967,1.34143912,-0.267309645,0,0,3.10716468,14.0851896,-23.5603994,70.2536114,-10.2760777,-4.41000641,-19.012938,0.849300673,-18.3267158,26.6446141,71.3377332,14.5065107,-0.837988225,22.8285088,-8.36014301,5.67471796,4.72594961,7.26381141,-0.569304538,-4.50758334,-7.89024221,-4.67020801,-13.1164921,9.28937573,-2.2969875,3.23234028
1191,-3.95637266,-1.0642916,106.243193,-0.297054194,1.61509133,2.87657263,-0.609981837,1.32742688,-0.255969023,0,0,3.1030241,14.1084866,-23.5778198,70.2522454,-10.2827149,-4.38344124,-19.0471402,0.796826997,-18.2974126,26.6262835,71.4219631,14.4968528,-0.900474318,22.9111678,-8.35804272,5.66803291,4.72096656,7.27681439,-0.579902751,-4.49884497,-7.89908219,-4.68480498,-13.0882569,9.31915108,-2.31133836,3.23619891
1192,-3.95025462,-1.06368326,106.244767,-0.301525342,1.61616517,2.87681771,-0.611808912,1.32521326,-0.262010139,0,0,3.1076904,14.1164676,-23.5853313,70.2524776,-10.2596656,-4.37631351,-19.0726219,0.798367792,-18.2918664,26.6063701,71.4133434,14.4449605,-0.902358062,22.7760137,-8.35610807,5.67337668,4.71716215,7.27654374,-0.57550048,-4.51699492,-7.89821475,-4.67962386,-13.0963738,9.3191989,-2.31493873,3.21350475
1193,-3.94470617,-1.06151821,106.246591,-0.299295373,1.6093908,2.8756865,-0.611432291,1.29494784,-0.258129311,0,0,3.09256772,14.1454268,-23.6333476,70.2789446,-10.3008269,-4.3817021,-19.0324741,0.772264677,-18.2482642,26.6365852,71.4641873,14.444233,-0.920453368,22.8724184,-8.34581071,5.66963502,4.71436476,7.27784404,-0.595632249,-4.47423494,-7.91720097,-4.69058545,-13.1100598,9.37636673,-2.34379393,3.21196817
1194,-3.94041389,-1.06188506,106.247067,-0.29469285,1.6101833,2.87703867,-0.632211328,1.2794908,-0.261563108,0,0,3.10222176,14.1549387,-23.6108814,70.287496,-10.2722109,-4.3652533,-19.0698591,0.756192494,-18.2412667,26.6423703,71.4655465,14.3337752,-0.901090849,22.8285088,-8.34638018,5.66456573,4.71145894,7.28133597,-0.586065983,-4.4669275,-7.91564198,-4.69703102,-13.1103159,9.37828089,-2.34911251,3.20888264
1195,-3.934782,-1.06385397,106.24311,-0.287910351,1.61151514,2.88121914,-0.637126556,1.26300368,-0.26463029,0,0,3.10476174,14.1336302,-23.5591393,70.3153768,-10.1842944,-4.36981715,-19.035476,0.732794187,-18.2323362,26.6769584,71.4882774,14.3417102,-0.904903055,22.8351751,-8.34827299,5.65539962,4.70705304,7.29568193,-0.596755229,-4.50299217,-7.90984656,-4.7050932,-13.1064312,9.37250767,-2.36393829,3.1965757
1196,-3.929336,-1.06212869,106.243002,-0.29335472,1.60980143,2.89081224,-0.663287728,1.2601604,-0.269597812,0,0,3.12941616,14.128178,-23.5452313,70.3159847,-10.2076417,-4.4013406,-19.0148471,0.691208954,-18.2353313,26.723513,71.5237329,14.3773911,-0.92018571,22.9210903,-8.34719211,5.66037584,4.70324478,7.29873759,-0.614789543,-4.4805439,-7.91573248,-4.70275088,-13.1295727,9.40344245,-2.39437062,3.18440153
1197,-3.9235048,-1.06114848,106.244898,-0.293236965,1.61017442,2.90069701,-0.667523619,1.24014635,-0.269635511,0,0,3.13679191,14.0967506,-23.4805545,70.3485032,-10.0868712,-4.46080594,-19.0435988,0.679601208,-18.2198865,26.7348272,71.518378,14.39781,-0.902835962,22.9339686,-8.34951438,5.66111692,4.6837002,7.3033121,-0.621765674,-4.4712271,-7.91509727,-4.7060759,-13.1320726,9.4121868,-2.40040275,3.18077385
1198,-3.91947925,-1.06119812,106.242406,-0.296661553,1.60855932,2.91424855,-0.683912391,1.22318485,-0.268760927,0,0,3.14145394,14.1147464,-23.4993632,70.3579494,-10.0784649,-4.45618105,-19.0058688,0.667511026,-18.2140245,26.7488376,71.4933727,14.4717041,-0.876006446,22.8139076,-8.35089835,5.66320183,4.6767556,7.30819484,-0.629071735,-4.46823932,-7.92045043,-4.70710469,-13.138417,9.43753107,-2.42160686,3.17060156
1199,-3.91370356,-1.0556709,106.241655,-0.306130224,1.60963036,2.92284723,-0.699832068,1.21886657,-0.269690686,0,0,3.15410879,14.0969734,-23.4508142,70.3616309,-10.046766,-4.46904998,-18.9681013,0.653500067,-18.2027769,26.7878021,71.4869865,14.4715026,-0.878512058,22.7394961,-8.34887405,5.67103478,4.66624949,7.30566425,-0.641139132,-4.45451235,-7.92258231,-4.70128324,-13.153224,9.45421978,-2.43062271,3.17014735
1200,-3.9067924,-1.05221886,106.246245,-0.300481069,1.61159039,2.93402595,-0.721486916,1.20769644,-0.273784638,0,0,3.15157543,14.1022993,-23.4952497,70.3656538,-10.1389445,-4.47297392,-18.9885013,0.645244609,-18.2316464,26.8168817,71.4540172,14.4505185,-0.835784582,22.8434652,-8.35661094,5.65925697,4.66586359,7.32323918,-0.644664577,-4.48165979,-7.91155753,-4.71050314,-13.155752,9.44249662,-2.41762208,3.19302657
1201,-3.89854088,-1.04979258,106.24578,-0.303957714,1.61332994,2.94051996,-0.754408801,1.22651041,-0.291658122,0,0,3.17481749,14.0796649,-23.4738114,70.3717259,-10.1610231,-4.47765345,-18.984142,0.642038262,-18.2462954,26.8659276,71.4481091,14.4968579,-0.864760646,22.7403499,-8.35569228,5.66008001,4.66821829,7.32895178,-0.655742717,-4.48700441,-7.90996865,-4.71151017,-13.1530566,9.45260786,-2.43139623,3.19637763
1202,-3.89220528,-1.04631288,106.242526,-0.308491125,1.61419137,2.95427075,-0.75750928,1.21625691,-0.301367957,0,0,3.15698878,14.1122995,-23.5654435,70.3792254,-10.2306321,-4.47908267,-18.9877142,0.663985634,-18.242409,26.9348834,71.4085213,14.5304334,-0.906311248,22.6562002,-8.35347589,5.66243429,4.66200069,7.32368912,-0.668866178,-4.45697079,-7.91177865,-4.71128861,-13.1772014,9.47240345,-2.45368911,3.2080771
1203,-3.88763472,-1.04286605,106.246746,-0.312069393,1.61337885,2.9522948,-0.741080381,1.19642119,-0.306379474,0,0,3.15015859,14.1121185,-23.588072,70.3991081,-10.2100246,-4.50822495,-18.9446993,0.675524172,-18.229126,26.925719,71.3796364,14.5185933,-0.946353445,22.6381634,-8.35537724,5.66553391,4.66597287,7.33698323,-0.673414337,-4.47792538,-7.91114515,-4.70952685,-13.1715827,9.47638289,-2.44114504,3.22160536
1204,-3.88214812,-1.04217976,106.246531,-0.302704962,1.61480461,2.95804124,-0.746416146,1.18316229,-0.317963155,0,0,3.14837122,14.1212172,-23.6406422,70.4024344,-10.2361714,-4.49930558,-18.8937991,0.680515333,-18.2400902,26.9668573,71.3443312,14.5349909,-0.930657777,22.615132,-8.35633176,5.65328141,4.66650605,7.34351204,-0.666320972,-4.49519808,-7.90815865,-4.72252342,-13.1707887,9.47922169,-2.4428782,3.24271064
1205,-3.87599096,-1.04234032,106.244135,-0.294384679,1.61535325,2.95918579,-0.729838263,1.16363532,-0.32823029,0,0,3.14155874,14.1209201,-23.6453892,70.4179868,-10.2511313,-4.51635373,-18.9452116,0.680164965,-18.2332702,27.029514,71.3448024,14.6578216,-0.991796401,22.575522,-8.35785233,5.64409694,4.67084279,7.35481088,-0.668910094,-4.50528157,-7.90280635,-4.73228077,-13.1545123,9.47509369,-2.45275316,3.2355383
1206,-3.8709946,-1.03559317,106.243157,-0.305350075,1.61330072,2.9631277,-0.720257909,1.16318143,-0.330829177,0,0,3.13488864,14.1274361,-23.6941158,70.4201314,-10.2958647,-4.50461776,-18.9049306,0.68906705,-18.2188568,27.0508225,71.3370229,14.6371227,-1.03920368,22.5201668,-8.35555824,5.65403444,4.67748643,7.35863066,-0.684989213,-4.48389795,-7.90481869,-4.72684906,-13.1552064,9.49329103,-2.45385517,3.25642353
1207,-3.86617482,-1.03093619,106.245065,-0.293126729,1.60724117,2.96152133,-0.72901165,1.16825839,-0.332485685,0,0,3.12367944,14.1339956,-23.7666302,70.4086089,-10.4259662,-4.50971522,-18.9495522,0.671836777,-18.2487526,27.1264463,71.3414898,14.6951622,-1.05292361,22.5441698,-8.35758681,5.63691243,4.68018905,7.38630744,-0.687259291,-4.49849065,-7.91628999,-4.74834794,-13.1611897,9.53526681,-2.45724828,3.28295305
1208,-3.86280753,-1.03224823,106.236792,-0.276583883,1.60755224,2.95327524,-0.716057823,1.13982346,-0.339407681,0,0,3.11801017,14.1612686,-23.834179,70.4027759,-10.5492869,-4.50796285,-18.9410708,0.665151516,-18.228221,27.1797218,71.3532719,14.7205398,-1.0778189,22.5020958,-8.36116497,5.6191945,4.68965441,7.40308751,-0.712250526,-4.50719744,-7.92133921,-4.76593866,-13.1665736,9.5443612,-2.49536949,3.27135731
1209,-3.85662653,-1.02237472,106.239688,-0.289818759,1.60736875,2.95305741,-0.706735682,1.14604758,-0.337306864,0,0,3.12912694,14.1518335,-23.799357,70.3827157,-10.5729774,-4.52959363,-18.9296029,0.652398272,-18.2294846,27.2190671,71.3425758,14.6931234,-1.01553547,22.4788305,-8.35525857,5.62890318,4.69687649,7.40070975,-0.719849378,-4.49819397,-7.926099,-4.75933088,-13.1632558,9.5610354,-2.48195435,3.27906646
1210,-3.84867974,-1.01769548,106.2379,-0.279491267,1.60922988,2.94961111,-0.715712738,1.14694212,-0.3425457,0,0,3.14367802,14.1387289,-23.809003,70.3674434,-10.6645506,-4.53287809,-18.9227966,0.6291069,-18.2422998,27.2896537,71.361673,14.6916566,-1.02639462,22.4661929,-8.3526298,5.61295085,4.71037635,7.40867375,-0.711599844,-4.52500459,-7.92459806,-4.7744875,-13.1630509,9.56358392,-2.49123765,3.31492666
1211,-3.84387672,-1.01257181,106.240141,-0.276705451,1.61187366,2.94344972,-0.710372331,1.14358039,-0.348319797,0,0,3.13355397,14.1344942,-23.814631,70.3886989,-10.6997278,-4.56525319,-18.9803973,0.62451093,-18.2404197,27.3584884,71.3602933,14.7184361,-1.01111623,22.4070861,-8.35654606,5.60860002,4.70892067,7.41737114,-0.717966167,-4.50470783,-7.92858946,-4.78086348,-13.1590928,9.56516681,-2.48616901,3.30579619
1212,-3.83758172,-1.00602321,106.239033,-0.281752624,1.61366129,2.93999655,-0.703299029,1.14478111,-0.351688788,0,0,3.13850394,14.1417846,-23.8276647,70.3721903,-10.7118514,-4.5585643,-18.9745814,0.621430034,-18.2355259,27.4080311,71.358818,14.6850382,-0.989169126,22.358544,-8.35336234,5.61030927,4.71039855,7.41586594,-0.734748155,-4.48982656,-7.92824453,-4.78030255,-13.144863,9.56704853,-2.47994564,3.32321573
1213,-3.83327305,-1.00366287,106.240952,-0.265227237,1.61309731,2.93449969,-0.702021624,1.12806316,-0.34921087,0,0,3.16421427,14.0776867,-23.677585,70.388535,-10.5650715,-4.54724711,-18.9339896,0.61168282,-18.2308319,27.4464373,71.3616594,14.670063,-0.984282446,22.3528254,-8.36134256,5.58790711,4.72815064,7.44361614,-0.731938066,-4.49187348,-7.92899756,-4.80052845,-13.1588077,9.56963376,-2.48891965,3.33362942
1214,-3.82795446,-0.995092653,106.240988,-0.276941758,1.61429058,2.93448096,-0.69501401,1.14421591,-0.349556755,0,0,3.14196428,14.0883913,-23.771022,70.4054192,-10.6664059,-4.57003176,-18.9252931,0.624884616,-18.229809,27.449504,71.345021,14.5965668,-0.977200928,22.3297684,-8.35741947,5.59578231,4.72460236,7.439273,-0.743143525,-4.47859645,-7.92908721,-4.79384596,-13.1555761,9.57538136,-2.47881823,3.34060241
1215,-3.82404625,-0.987582654,106.239367,-0.279332802,1.61668272,2.93201593,-0.694763694,1.15209678,-0.348809463,0,0,3.13998481,14.0813553,-23.7788391,70.4168325,-10.6876708,-4.55173326,-18.8923374,0.608040409,-18.2372283,27.5445769,71.3535314,14.6688404,-0.978070923,22.3413422,-8.35273908,5.59376101,4.73286988,7.43579131,-0.746750078,-4.4884507,-7.93043788,-4.7951262,-13.1530712,9.58028373,-2.48597435,3.33621999
1216,-3.81992012,-0.982584804,106.240809,-0.279282251,1.6189377,2.93287509,-0.692662237,1.14181692,-0.353219071,0,0,3.12144981,14.0873446,-23.7671885,70.4510039,-10.5782188,-4.49921551,-18.8611781,0.59967935,-18.2251184,27.6724602,71.3695755,14.7180229,-0.986758283,22.3059225,-8.35447907,5.58891669,4.73627942,7.43748776,-0.754694335,-4.45725894,-7.93113114,-4.79903093,-13.1594326,9.58132107,-2.48312317,3.31512324
1217,-3.81509066,-0.971994922,106.250429,-0.290540048,1.61833124,2.93532327,-0.690087683,1.15550067,-0.346615559,0,0,3.1219196,14.0475468,-23.7026194,70.4756404,-10.4933178,-4.53238333,-18.871589,0.574398152,-18.2381402,27.7464551,71.3803194,14.7149391,-0.945664984,22.3538943,-8.34864865,5.59728666,4.7244299,7.43116556,-0.738632825,-4.466329,-7.93638953,-4.79611999,-13.1658351,9.60081186,-2.46810038,3.32376919
1218,-3.81185859,-0.970323477,106.243145,-0.283235724,1.62165589,2.93651582,-0.697387981,1.14962895,-0.34187378,0,0,3.11274986,14.0589677,-23.6968052,70.4808655,-10.4340275,-4.49437931,-18.8649774,0.531026184,-18.2382563,27.8634647,71.41195,14.7192096,-0.912914867,22.3807062,-8.35201337,5.58630201,4.72403759,7.43339989,-0.761526712,-4.44484251,-7.93279515,-4.80507309,-13.1675947,9.5884885,-2.50055317,3.30192603
1219,-3.80601399,-0.964371674,106.247461,-0.280197476,1.62450144,2.93189458,-0.695065183,1.14808511,-0.347392626,0,0,3.10196392,14.0519591,-23.7206152,70.4996212,-10.4537753,-4.48714912,-18.7956749,0.538462339,-18.2186195,27.8952866,71.4143679,14.7014648,-0.933413545,22.398574,-8.35233439,5.57689044,4.7266988,7.43928068,-0.75520756,-4.44687577,-7.92827441,-4.81274253,-13.1643896,9.57688571,-2.47894694,3.32980772
1220,-3.80318761,-0.959439576,106.248188,-0.278708907,1.62627328,2.93054209,-0.68738789,1.14837945,-0.346558516,0,0,3.10111869,14.0651285,-23.7463599,70.489253,-10.4212064,-4.47161471,-18.816524,0.519734494,-18.1957674,27.9880474,71.4422351,14.7899994,-0.982883965,22.422688,-8.356996,5.57258059,4.72375541,7.44793026,-0.762222378,-4.4269726,-7.92410031,-4.81842482,-13.1583091,9.56605474,-2.47329367,3.32586414
1221,-3.80088873,-0.951289106,106.251597,-0.283621201,1.62657109,2.92732504,-0.685307991,1.15202367,-0.338085666,0,0,3.11181626,14.055346,-23.7007564,70.4842942,-10.318663,-4.46961987,-18.7903593,0.505181708,-18.1742284,28.0260898,71.4481295,14.7849263,-1.03217114,22.4604863,-8.3575407,5.57352657,4.72338701,7.45109349,-0.760844707,-4.40579261,-7.92347791,-4.81895032,-13.1512338,9.56221447,-2.45832318,3.29783219
1222,-3.79946083,-0.944550801,106.250584,-0.283866085,1.62315693,2.92596113,-0.695447353,1.16721626,-0.328275433,0,0,3.10842827,14.023338,-23.6584554,70.4993275,-10.2741942,-4.46949052,-18.7542293,0.494164347,-18.1760162,28.1315292,71.4453155,14.7493188,-1.08339927,22.3960076,-8.35638128,5.57127389,4.72209568,7.46184336,-0.776296196,-4.39907213,-7.93782985,-4.82594059,-13.1654842,9.60098945,-2.48584159,3.31122214
1223,-3.79556939,-0.939811673,106.24994,-0.271772513,1.62545812,2.92695847,-0.691667804,1.1635446,-0.327723602,0,0,3.09500823,14.0391251,-23.7542846,70.513425,-10.3918118,-4.4641967,-18.7510925,0.488404576,-18.1714912,28.1780906,71.4486282,14.8106642,-1.11560041,22.4101256,-8.35828007,5.55376043,4.72349075,7.46733568,-0.771298365,-4.41067064,-7.93344487,-4.84353473,-13.1569208,9.59192835,-2.48791241,3.31031799
1224,-3.78964655,-0.927216187,106.247175,-0.276891511,1.62740744,2.912923,-0.669770698,1.17400418,-0.333713304,0,0,3.10189498,14.0604661,-23.8612505,70.5059596,-10.5813846,-4.43685204,-18.7599939,0.492715706,-18.1759991,28.1709223,71.4540855,14.7561268,-1.14998273,22.4522849,-8.35496999,5.55324603,4.74518684,7.47303804,-0.798656688,-4.37012066,-7.93328265,-4.84369012,-13.1431452,9.59058792,-2.48564543,3.3286468
1225,-3.78463715,-0.920610223,106.254101,-0.277829796,1.62787598,2.90845832,-0.663431268,1.18334212,-0.332254419,0,0,3.10853499,14.0177501,-23.8064092,70.5365315,-10.5360065,-4.43674574,-18.7094915,0.49022098,-18.1642409,28.1935165,71.4744258,14.7745325,-1.20400568,22.4328667,-8.35444834,5.54973574,4.75062922,7.47928681,-0.788785944,-4.39263553,-7.93267476,-4.84784074,-13.1349857,9.59250806,-2.46246889,3.34788296
1226,-3.7817318,-0.918427762,106.251502,-0.265540851,1.63137943,2.90425579,-0.663820483,1.18336869,-0.32984659,0,0,3.10588232,14.0011578,-23.7809685,70.5348103,-10.5315942,-4.40217559,-18.7293571,0.485324694,-18.1657043,28.2165343,71.4752659,14.8199737,-1.23389822,22.4054674,-8.35923459,5.53318662,4.7544648,7.48531957,-0.791376293,-4.36751153,-7.92821465,-4.86362189,-13.1162991,9.57257074,-2.47599331,3.3364663
1227,-3.77797261,-0.912006292,106.255424,-0.267332568,1.63003293,2.89237659,-0.634360222,1.16667753,-0.321280999,0,0,3.08455292,14.0005926,-23.7577407,70.5885981,-10.5343066,-4.43440854,-18.7827351,0.485121229,-18.1296785,28.1874667,71.4949437,14.8295548,-1.25577179,22.3654117,-8.35769609,5.52973225,4.77856043,7.4978026,-0.80107164,-4.36242987,-7.9327849,-4.86619986,-13.1276808,9.58364931,-2.45268635,3.36215443
1228,-3.77384126,-0.900908839,106.256437,-0.26653345,1.63057773,2.8887695,-0.641221414,1.19141348,-0.322165936,0,0,3.09927475,13.9954367,-23.7907271,70.5682304,-10.5800202,-4.39783672,-18.7762259,0.490260787,-18.1476248,28.1900588,71.4907499,14.8442636,-1.25307728,22.3811792,-8.35748009,5.52281114,4.78229739,7.50734864,-0.795860152,-4.37394087,-7.9314274,-4.87537665,-13.1115504,9.58287579,-2.43754574,3.41137427
1229,-3.77032086,-0.895677786,106.254947,-0.255969709,1.63264314,2.88285989,-0.62560963,1.18005595,-0.320676955,0,0,3.08414951,14.0253785,-23.8974181,70.5663385,-10.6871338,-4.38525594,-18.7925227,0.495627074,-18.1316797,28.1600742,71.5000322,14.8373975,-1.24859433,22.3428209,-8.36343687,5.50599734,4.80229491,7.52333811,-0.795139994,-4.37924067,-7.92438633,-4.88884834,-13.097902,9.56838981,-2.43914956,3.39782253
1230,-3.76751572,-0.882809795,106.249368,-0.266676413,1.63346081,2.8822885,-0.61938546,1.20001824,-0.316485833,0,0,3.1012284,14.0127051,-23.8957498,70.5486278,-10.6574122,-4.36067793,-18.7110966,0.488958729,-18.1366401,28.1626082,71.5123197,14.7846189,-1.26670597,22.3329069,-8.35902712,5.5112361,4.80749311,7.51678796,-0.811106308,-4.35640479,-7.92725159,-4.88487061,-13.1014691,9.57798452,-2.43546723,3.43137733
1231,-3.76295671,-0.879410561,106.249177,-0.256912742,1.6319943,2.89390517,-0.632489978,1.19067113,-0.305365005,0,0,3.11502687,13.977218,-23.8185345,70.5611202,-10.5533236,-4.40506476,-18.702482,0.458891115,-18.1374376,28.2267147,71.5213082,14.8636989,-1.22541705,22.319588,-8.36627225,5.49833088,4.79290596,7.53534644,-0.816288021,-4.38317315,-7.93201138,-4.90235547,-13.1150816,9.59743177,-2.45120356,3.42818891
1232,-3.75766046,-0.874267053,106.247175,-0.251419285,1.63382432,2.89807977,-0.638903579,1.19374247,-0.306245512,0,0,3.12428413,14.0130065,-23.9495597,70.5146817,-10.6941493,-4.39703118,-18.6688331,0.45075572,-18.1361381,28.196807,71.5444899,14.7586608,-1.23221031,22.3138933,-8.36591281,5.48638189,4.79400007,7.53849857,-0.818793153,-4.40389083,-7.92911794,-4.91338879,-13.1279284,9.60133352,-2.45869329,3.44597536
1233,-3.75370458,-0.864713546,106.254232,-0.252990176,1.63369462,2.89940331,-0.634531831,1.1936223,-0.297891577,0,0,3.11310567,14.0539398,-24.0518247,70.4987264,-10.8209022,-4.40482272,-18.684797,0.433734088,-18.134142,28.2390158,71.5540658,14.7654312,-1.258417,22.2992699,-8.37097739,5.48171218,4.79923626,7.55270195,-0.814748453,-4.40631469,-7.92272318,-4.91857333,-13.1156511,9.59507024,-2.42812819,3.49804894
1234,-3.74863483,-0.858609378,106.253803,-0.244686322,1.63388724,2.90657801,-0.647086519,1.19174934,-0.299672922,0,0,3.12592465,14.0584674,-24.1217232,70.4872859,-10.9644489,-4.41508294,-18.6535028,0.423866199,-18.1444897,28.2828332,71.5677193,14.725297,-1.29889547,22.2994748,-8.3751293,5.46602452,4.80202896,7.56646819,-0.825953485,-4.38112709,-7.92089952,-4.93392247,-13.1275587,9.60070856,-2.44578936,3.4778986
1235,-3.74642946,-0.85039176,106.251979,-0.24314597,1.63510274,2.91010931,-0.659336357,1.20170071,-0.291787069,0,0,3.11845392,14.0411349,-24.1072585,70.5126259,-10.9688509,-4.43076421,-18.6767937,0.408170264,-18.1789754,28.3655485,71.5380695,14.7817486,-1.27294833,22.2974889,-8.37500123,5.45822871,4.80357898,7.56677299,-0.832005406,-4.38021483,-7.92015076,-4.94011233,-13.1415538,9.60481521,-2.45880257,3.47967402
1236,-3.74323837,-0.840922911,106.256473,-0.250402703,1.63361706,2.90950785,-0.657674273,1.20740274,-0.280248905,0,0,3.13314267,13.9852699,-23.9799063,70.5398305,-10.8726657,-4.45941173,-18.6686453,0.397283903,-18.1782445,28.348555,71.5389233,14.6773628,-1.27776298,22.2944649,-8.37494232,5.46195543,4.80237345,7.57490775,-0.824935307,-4.38748685,-7.92356329,-4.93840692,-13.1403388,9.61211412,-2.43883217,3.48523444
1237,-3.73854525,-0.836709049,106.252682,-0.234916946,1.63657081,2.91770537,-0.673197585,1.19899168,-0.28199786,0,0,3.15522552,13.9815842,-23.937513,70.5258969,-10.8850385,-4.45373755,-18.7435639,0.389544471,-18.1866388,28.385018,71.5386705,14.683428,-1.28638577,22.2628343,-8.37852475,5.43828584,4.79995941,7.58103699,-0.83829377,-4.37020561,-7.91854481,-4.96169957,-13.1394996,9.6094845,-2.46420824,3.48455206
1238,-3.73470001,-0.824529026,106.249046,-0.250623835,1.63709249,2.91492629,-0.665420881,1.21647708,-0.274610157,0,0,3.12565913,13.9984983,-24.0168029,70.5579647,-11.0240372,-4.49183421,-18.7525815,0.385952779,-18.2061271,28.4118418,71.5264718,14.7344017,-1.28856833,22.3112057,-8.3745769,5.45152146,4.80405155,7.5785064,-0.861512571,-4.35717874,-7.91889742,-4.95047373,-13.1355603,9.61179054,-2.45508631,3.48330726
1239,-3.73001695,-0.818917993,106.257939,-0.24440938,1.63662427,2.90927499,-0.652622014,1.21150021,-0.265759646,0,0,3.12990324,13.9690781,-23.9449767,70.5852786,-10.9865249,-4.50834875,-18.7886261,0.399512946,-18.2143267,28.3750749,71.4953125,14.6256036,-1.27600922,22.2644581,-8.37662425,5.44069775,4.81034599,7.59359173,-0.848230467,-4.37595236,-7.91981522,-4.96247053,-13.1272411,9.61720688,-2.44244961,3.48825445
1240,-3.72600369,-0.813163631,106.261504,-0.249594197,1.63779731,2.90826324,-0.649348272,1.21793799,-0.260173325,0,0,3.14981986,13.9165847,-23.800134,70.6093823,-10.8444339,-4.52631428,-18.7922751,0.380158351,-18.2395472,28.3834504,71.5012206,14.6990503,-1.2809007,22.3248524,-8.3756723,5.44444283,4.80513968,7.5935738,-0.862302952,-4.35570043,-7.92017552,-4.96083811,-13.1258691,9.62088408,-2.44556076,3.48483124
1241,-3.72524671,-0.810274202,106.259537,-0.240191925,1.63605517,2.91291401,-0.653368212,1.20786794,-0.240001268,0,0,3.13269444,13.9199426,-23.8207406,70.6272364,-10.8793481,-4.54593059,-18.8170721,0.367061943,-18.2287401,28.4025647,71.4875466,14.6286157,-1.21414008,22.225789,-8.38133452,5.43005204,4.79822753,7.60640858,-0.869582066,-4.31103782,-7.92429241,-4.97760153,-13.1367632,9.63320916,-2.46376108,3.47925845
1242,-3.72058675,-0.801854953,106.259882,-0.255980354,1.63622862,2.91089804,-0.655608728,1.22574351,-0.231253103,0,0,3.13840896,13.9067851,-23.8112552,70.6312048,-10.8644874,-4.5502208,-18.7568845,0.362999528,-18.2137564,28.4161636,71.4969791,14.5910855,-1.1988443,22.159502,-8.37579524,5.44390409,4.79976731,7.60259648,-0.875229512,-4.35174447,-7.9249114,-4.96570121,-13.1407307,9.63959282,-2.44382717,3.49013681
1243,-3.71656828,-0.792465918,106.258965,-0.254006377,1.63388513,2.91682353,-0.671157493,1.24765283,-0.21607833,0,0,3.15190114,13.867958,-23.7720636,70.6285,-10.8389612,-4.55588132,-18.7604157,0.354170095,-18.2320545,28.4394597,71.5046289,14.5721488,-1.20440301,22.1223373,-8.37919582,5.4346176,4.80263812,7.6151461,-0.883999955,-4.28853448,-7.92414215,-4.97668671,-13.1379884,9.65033927,-2.44566599,3.48774581
1244,-3.71410064,-0.786962174,106.259692,-0.261368883,1.63334778,2.92105207,-0.668815485,1.25333043,-0.202053564,0,0,3.14283065,13.8529965,-23.7861918,70.6563945,-10.8757341,-4.58448487,-18.7490639,0.334198568,-18.2289928,28.4324878,71.5189518,14.5795903,-1.16794367,22.1562304,-8.37759072,5.43974878,4.79272965,7.61620136,-0.886697453,-4.32163016,-7.9281233,-4.97507735,-13.1397924,9.66506687,-2.45340502,3.49976588
1245,-3.71054076,-0.784133561,106.260884,-0.246049853,1.63439736,2.91830786,-0.66803028,1.24526163,-0.194785029,0,0,3.15130286,13.8455456,-23.798353,70.641129,-10.8678512,-4.58152569,-18.7560785,0.334666756,-18.2170656,28.4780673,71.5334318,14.5531097,-1.209174,22.0675096,-8.38356116,5.41957026,4.78452318,7.63207985,-0.884177166,-4.33430486,-7.92538098,-4.99657409,-13.1280044,9.65849025,-2.44948876,3.50695252
1246,-3.70899402,-0.775285717,106.262755,-0.258098518,1.63321031,2.92157594,-0.677626216,1.25845755,-0.178211121,0,0,3.15862376,13.8120811,-23.7470327,70.6546392,-10.8024078,-4.59787161,-18.7480718,0.325883613,-18.2140569,28.4962937,71.5182961,14.467857,-1.1485327,22.0457708,-8.38143441,5.42650035,4.78935981,7.63096055,-0.884476574,-4.30842228,-7.9295952,-4.99063609,-13.1336914,9.66908558,-2.44010536,3.50797897
1247,-3.70563157,-0.766335754,106.261253,-0.254570031,1.63372321,2.92052135,-0.700281633,1.28366778,-0.166421001,0,0,3.14649761,13.8128273,-23.8097492,70.6625622,-10.8808687,-4.61776369,-18.8194115,0.305167463,-18.2270189,28.6074482,71.5268406,14.6568893,-1.17967687,22.0739044,-8.38311976,5.41644972,4.77875807,7.63872989,-0.903431363,-4.26358935,-7.92852628,-5.00288817,-13.1249581,9.66969005,-2.43943387,3.50505309
1248,-3.70588377,-0.762759103,106.258154,-0.242971197,1.63220659,2.92745027,-0.69639168,1.25485473,-0.152851443,0,0,3.15150008,13.7855356,-23.7310056,70.6878544,-10.8307556,-4.64798983,-18.7925313,0.30427695,-18.198467,28.6574213,71.5115683,14.6850638,-1.17909876,22.0334031,-8.38539507,5.3991416,4.77430949,7.64482498,-0.901662344,-4.25363691,-7.93105174,-5.02008872,-13.1383794,9.67938807,-2.45597253,3.49150348
1249,-3.70405577,-0.75559658,106.258535,-0.235628757,1.63187,2.92097569,-0.697688989,1.25629516,-0.14533534,0,0,3.128715,13.7885016,-23.7784771,70.7140755,-10.8176971,-4.65270138,-18.877673,0.306544893,-18.1868267,28.734961,71.4941992,14.7688805,-1.16041157,22.0117121,-8.38602601,5.38571472,4.78315842,7.65339174,-0.893399789,-4.25845262,-7.93626915,-5.03427076,-13.1293166,9.68774651,-2.45344557,3.49719068
1250,-3.70352715,-0.742866984,106.256604,-0.246534427,1.63131326,2.91466271,-0.678620916,1.2753421,-0.12311484,0,0,3.1139556,13.7775468,-23.795918,70.7150932,-10.8668147,-4.65589535,-18.8658687,0.299940314,-18.1855289,28.7993151,71.4743985,14.9279522,-1.14451164,22.0642602,-8.38316501,5.39245484,4.78536671,7.65165517,-0.904973918,-4.22919038,-7.94229167,-5.0309278,-13.1247225,9.69810023,-2.4470173,3.51640102
1251,-3.70318107,-0.729527511,106.253612,-0.248039904,1.62508083,2.91202361,-0.692141488,1.30632971,-0.103464126,0,0,3.0988517,13.760012,-23.8096552,70.7163431,-10.9246963,-4.65312357,-18.876575,0.288404924,-18.2176564,28.8836064,71.4593857,14.927136,-1.14974506,22.0367806,-8.37764024,5.38367975,4.80156835,7.66348762,-0.915177367,-4.24483237,-7.95472518,-5.04286911,-13.1270584,9.73743699,-2.45866725,3.55211778
1252,-3.70491259,-0.730108283,106.252623,-0.231751286,1.62474309,2.90483815,-0.665989868,1.26040501,-0.0765519998,0,0,3.07473473,13.7765044,-23.7703185,70.7275309,-10.8391892,-4.64866133,-18.8947894,0.271903961,-18.1887425,28.9375273,71.4275912,15.0146853,-1.07466175,22.0506664,-8.38707273,5.36437636,4.80278028,7.68375364,-0.92235835,-4.22904866,-7.95319607,-5.06223782,-13.1154394,9.73034043,-2.45435804,3.5839804
1253,-3.70459072,-0.723948982,106.255734,-0.218347808,1.62174796,2.90128183,-0.667937432,1.25508771,-0.0576303348,0,0,3.04273444,13.7744801,-23.8413405,70.7538203,-10.9298326,-4.65780055,-18.8127572,0.253878425,-18.199874,28.9816845,71.4294285,15.033511,-1.09166668,22.0527513,-8.38929596,5.34603346,4.80736718,7.70003937,-0.909693899,-4.24249089,-7.96133338,-5.08312966,-13.1290263,9.75075757,-2.46410003,3.57331015
1254,-3.70612405,-0.714411959,106.254995,-0.216074692,1.62136083,2.90134875,-0.675878221,1.25888508,-0.038031287,0,0,3.04096884,13.7728528,-23.7936641,70.7302425,-10.9013883,-4.63879341,-18.8465239,0.238175633,-18.2011547,28.9920698,71.4311429,15.0526339,-1.10186682,22.1158383,-8.3904255,5.33770831,4.80554266,7.70037405,-0.919437804,-4.23060978,-7.96617001,-5.09411815,-13.1124725,9.76013542,-2.47215303,3.57450693
1255,-3.70590165,-0.706267077,106.255293,-0.218179712,1.62194609,2.89510159,-0.670529756,1.24671518,-0.0277796467,0,0,3.03735972,13.7997594,-23.8656167,70.7237743,-11.0104263,-4.63817571,-18.7733931,0.221581355,-18.1951168,29.0184412,71.433834,15.0479927,-1.10803768,22.1244478,-8.39600918,5.33534208,4.81654268,7.71591273,-0.9318775,-4.23120315,-7.96047449,-5.09445411,-13.1027497,9.7455948,-2.44590013,3.60185458
1256,-3.70644592,-0.698650489,106.254733,-0.221806583,1.62092277,2.89729881,-0.673541869,1.25422806,-0.014571098,0,0,3.03759152,13.8076748,-23.8604889,70.7094036,-10.9837459,-4.62571104,-18.7810395,0.219751865,-18.2032499,29.0133766,71.4152217,15.0356574,-1.0752912,22.1172027,-8.39620555,5.33257116,4.82678839,7.72187037,-0.923629833,-4.2565423,-7.96082368,-5.0964242,-13.0975264,9.74889463,-2.43553575,3.5959375
1257,-3.70696969,-0.688536931,106.256771,-0.222792215,1.61906315,2.89686381,-0.671543932,1.25832628,0.00119566153,0,0,3.02178668,13.8189992,-23.8896812,70.7089392,-11.0806133,-4.62334993,-18.7984547,0.210213879,-18.2162238,29.005358,71.4279873,15.0673802,-1.13896393,22.1867647,-8.39441946,5.32803847,4.82989143,7.72371281,-0.929571244,-4.26133539,-7.96669252,-5.1029355,-13.0969099,9.76757606,-2.43933696,3.62914247
1258,-3.70558687,-0.67894794,106.257093,-0.231402622,1.62041396,2.89768845,-0.675443704,1.26678526,0.0131773459,0,0,3.01388372,13.8078934,-23.8507952,70.7246349,-11.024108,-4.63325712,-18.7596439,0.205686838,-18.2093799,28.9992825,71.4279463,15.0382751,-1.11702173,22.1518317,-8.39404721,5.33328406,4.82470604,7.71906999,-0.944596379,-4.24357348,-7.96814479,-5.09744787,-13.1065653,9.768604,-2.44280712,3.62249072
1259,-3.70511785,-0.679335557,106.260133,-0.213976761,1.62178396,2.89221892,-0.653637951,1.2411141,0.0189160405,0,0,2.99550304,13.8416055,-23.9102776,70.7186995,-11.1524874,-4.59219359,-18.7837835,0.211140504,-18.2064447,28.9838019,71.430412,15.0784076,-1.12975117,22.1553066,-8.39804287,5.31372538,4.82855741,7.73100745,-0.940965387,-4.25176117,-7.96695463,-5.11776555,-13.0928272,9.75926969,-2.44329335,3.62852391
1260,-3.70363556,-0.678163394,106.257629,-0.208533433,1.62341452,2.89211477,-0.648872667,1.23477761,0.0267090395,0,0,2.99254515,13.8574088,-23.9522645,70.712566,-11.2433221,-4.59616108,-18.7907537,0.201997562,-18.2073446,28.977542,71.4434645,15.1190574,-1.15117332,22.1888377,-8.39952417,5.30334094,4.83007115,7.73451902,-0.951284735,-4.24560546,-7.96687608,-5.12588707,-13.0954645,9.75720697,-2.45596698,3.635778
1261,-3.70178074,-0.662644766,106.257451,-0.232451234,1.6235487,2.89542647,-0.653217628,1.26326355,0.032243969,0,0,3.00244166,13.8495029,-23.9154241,70.6931546,-11.2255209,-4.56984607,-18.7363,0.207884358,-18.2181465,28.9508633,71.4317303,15.0698425,-1.14278008,22.2002936,-8.39461156,5.32146826,4.83721766,7.72455207,-0.973299822,-4.25770984,-7.96802611,-5.10883209,-13.0896144,9.76393813,-2.43697927,3.67027173
1262,-3.7050344,-0.659437384,106.256461,-0.224484799,1.62332234,2.90211856,-0.653036734,1.25344772,0.052943551,0,0,2.97856119,13.847552,-23.8938937,70.7155781,-11.174245,-4.60018961,-18.7242055,0.194882479,-18.1966775,28.8908362,71.4422283,14.9441705,-1.10771944,22.1580609,-8.40012437,5.30964947,4.83020605,7.72837612,-0.967637702,-4.23905915,-7.96747031,-5.12075717,-13.0946158,9.76193859,-2.44652083,3.62866222
1263,-3.70479114,-0.648051919,106.259453,-0.23463734,1.62402941,2.89914922,-0.645538841,1.2644487,0.0624879666,0,0,2.99879456,13.8351381,-23.8266471,70.7022524,-11.0312208,-4.58826154,-18.6205112,0.184040154,-18.2026181,28.8912494,71.4569063,14.971761,-1.13856308,22.2064374,-8.39886335,5.31499025,4.8328997,7.72596763,-0.970612997,-4.20428623,-7.96967219,-5.11710174,-13.0850707,9.76389714,-2.42584777,3.63343353
1264,-3.70401777,-0.641898299,106.257176,-0.228547244,1.6248584,2.90897612,-0.668409142,1.26465862,0.0734556763,0,0,3.0140628,13.792551,-23.6789015,70.716063,-10.8244479,-4.59908952,-18.5323881,0.17398182,-18.2015355,28.8974205,71.4642488,14.9517093,-1.1513541,22.2488426,-8.40305879,5.30056361,4.82601188,7.72927685,-0.969414405,-4.21682304,-7.96879878,-5.13014057,-13.0940669,9.76447515,-2.44040567,3.64192175
1265,-3.70363556,-0.635108445,106.258225,-0.228543699,1.62788313,2.91309016,-0.677559141,1.27109351,0.0821875996,0,0,3.00292533,13.8092671,-23.6947305,70.7067125,-10.7968907,-4.56001187,-18.5056718,0.161816079,-18.2144531,28.911214,71.4517632,14.8700253,-1.12969397,22.1949695,-8.41113464,5.29558184,4.81996845,7.73669956,-0.963724964,-4.20815639,-7.97078807,-5.13513728,-13.0966828,9.75974439,-2.42423435,3.63900398
1266,-3.70319746,-0.637595309,106.25639,-0.218592708,1.6278891,2.92364725,-0.685798004,1.2483731,0.0908873996,0,0,3.00731116,13.8390774,-23.7295576,70.6826498,-10.8333844,-4.54940929,-18.4599779,0.157360795,-18.1934741,28.918092,71.4482935,14.9347089,-1.14620926,22.2194523,-8.41500309,5.28422964,4.80756354,7.74067815,-0.962106316,-4.23197667,-7.97519098,-5.14780216,-13.1142834,9.77391874,-2.45177303,3.6336982
1267,-3.70488055,-0.631265854,106.26092,-0.222661743,1.62770356,2.93067733,-0.699800158,1.26819324,0.113735856,0,0,3.0172589,13.7859949,-23.6416514,70.672022,-10.7440242,-4.54822852,-18.4126959,0.130746883,-18.2083008,28.9158142,71.4650889,14.9195715,-1.19997705,22.2556694,-8.41671661,5.28272486,4.79870052,7.73497408,-0.950454867,-4.20017958,-7.9785668,-5.15148705,-13.1013632,9.78203471,-2.43674,3.65618447
1268,-3.70314941,-0.622952217,106.266272,-0.217218306,1.62955938,2.93300737,-0.698326758,1.26873528,0.11641121,0,0,3.02374886,13.7543822,-23.558528,70.6792142,-10.6528744,-4.50077791,-18.3472456,0.129650651,-18.2206788,28.954152,71.4545499,14.9546548,-1.2171268,22.2409623,-8.4270652,5.26827133,4.81012188,7.75223653,-0.939204692,-4.17357429,-7.97521062,-5.16426718,-13.0987942,9.77049084,-2.41804278,3.65668905
1269,-3.70318256,-0.617302209,106.263697,-0.228192891,1.63010366,2.93897106,-0.718986533,1.28886438,0.132993642,0,0,3.0216648,13.7622438,-23.4946674,70.6689552,-10.6092671,-4.47508445,-18.4333811,0.108137356,-18.2211996,28.9655243,71.4518657,14.9360442,-1.18788612,22.2077283,-8.4241692,5.27827414,4.79910777,7.74169755,-0.937968428,-4.16698913,-7.98126046,-5.15768331,-13.1077435,9.78343575,-2.42156737,3.64761215
1270,-3.7053369,-0.623081718,106.258607,-0.218284923,1.62974644,2.9516196,-0.717091529,1.26048366,0.142149804,0,0,3.01055529,13.7904832,-23.5165343,70.6712229,-10.6678232,-4.48876745,-18.4702061,0.103488845,-18.2065335,28.9524889,71.4614826,14.9533229,-1.23051269,22.2332373,-8.42485051,5.26671277,4.78018089,7.73489041,-0.929711369,-4.15371252,-7.98306448,-5.16812539,-13.1140725,9.79065356,-2.43571824,3.65541223
1271,-3.70415039,-0.607052026,106.262147,-0.234030471,1.62802576,2.94443536,-0.698917783,1.27705167,0.156992872,0,0,2.98069946,13.8084218,-23.5979757,70.6826498,-10.7563817,-4.47326634,-18.5079651,0.114701128,-18.1963394,28.9265512,71.4415384,14.9421897,-1.22568759,22.2098166,-8.42516726,5.2765858,4.78890944,7.7450452,-0.94141714,-4.16405087,-7.9850828,-5.16092466,-13.1065636,9.79670254,-2.40970632,3.67380593
1272,-3.70444916,-0.603806088,106.260824,-0.227531009,1.62876973,2.94617106,-0.703040709,1.27643642,0.158241436,0,0,2.97917654,13.825248,-23.6066296,70.6851086,-10.7108064,-4.46747605,-18.5329875,0.113223472,-18.2079798,28.9194137,71.4462239,15.0020529,-1.26042369,22.2809974,-8.42963591,5.26616464,4.7897026,7.75194881,-0.952010123,-4.14786076,-7.98340685,-5.17131167,-13.104272,9.79294594,-2.42284248,3.63034415
1273,-3.70535478,-0.59786723,106.260884,-0.236159611,1.62879839,2.94063179,-0.690518625,1.28280355,0.169104291,0,0,2.94740208,13.8436852,-23.6529092,70.7176613,-10.7323036,-4.46820047,-18.5279895,0.120354443,-18.1959228,28.8721624,71.445056,14.9515266,-1.25675449,22.2756784,-8.42640694,5.27276047,4.78456374,7.74913904,-0.958008843,-4.13619351,-7.98677242,-5.16585563,-13.0944562,9.79523747,-2.4093217,3.63786547
1274,-3.70260328,-0.600968814,106.260538,-0.220842487,1.62876944,2.94666647,-0.692486733,1.25892542,0.176652397,0,0,2.91997268,13.8820146,-23.7005208,70.7470926,-10.8321985,-4.49078919,-18.6040983,0.120433484,-18.207628,28.9178325,71.4245108,15.0448611,-1.26950293,22.3013343,-8.43127089,5.25601413,4.7670046,7.75987183,-0.96166214,-4.1373269,-7.98341965,-5.18436886,-13.1003788,9.79447334,-2.42744688,3.62935634
1275,-3.70325819,-0.595121505,106.259716,-0.224282444,1.62680086,2.95136359,-0.692496445,1.26093083,0.189129646,0,0,2.88774656,13.9299668,-23.8333663,70.7586971,-11.0226062,-4.52359629,-18.6752774,0.126519476,-18.2003726,28.9044556,71.4125784,15.0521745,-1.26074972,22.3350464,-8.43390307,5.25417168,4.77811604,7.76700767,-0.970137338,-4.144108,-7.98477203,-5.18684694,-13.1034917,9.80329368,-2.42269286,3.65690463
1276,-3.70328762,-0.592106674,106.257117,-0.217264398,1.62771906,2.94950941,-0.678113561,1.24695551,0.193042264,0,0,2.8717985,13.956794,-23.872592,70.7769952,-11.0875673,-4.55914103,-18.696089,0.125984907,-18.2014142,28.8772236,71.4160755,14.9872365,-1.29187788,22.3845431,-8.43531692,5.24519682,4.76440102,7.77284919,-0.983700173,-4.13421874,-7.98318999,-5.19610953,-13.0986679,9.79881734,-2.43451677,3.65039759
1277,-3.70163694,-0.582771329,106.260729,-0.228618556,1.62612064,2.95277089,-0.676349504,1.26152815,0.197541224,0,0,2.86607032,13.9556235,-23.8669059,70.7945829,-11.0871771,-4.58301723,-18.7310442,0.131691503,-18.219767,28.9203699,71.3915688,14.9805173,-1.26747031,22.393448,-8.43308772,5.25055638,4.77462197,7.77329486,-0.984744658,-4.12480417,-7.9868245,-5.19144579,-13.101084,9.81238893,-2.42008309,3.64499235
1278,-3.69972028,-0.582289603,106.261599,-0.217993882,1.623579,2.96487499,-0.687192429,1.25717817,0.206020797,0,0,2.8704506,13.9736714,-23.9226163,70.773464,-11.1751397,-4.59054453,-18.7657945,0.117034278,-18.225477,28.9155341,71.4049969,14.8364772,-1.28332104,22.4291118,-8.44082547,5.23649003,4.76855505,7.79277627,-0.982078216,-4.13208345,-7.98087455,-5.20523594,-13.112353,9.81567681,-2.43284657,3.65187803
1279,-3.70078124,-0.573560083,106.258261,-0.233725456,1.62255747,2.96899903,-0.680246287,1.26920283,0.21628333,0,0,2.90179178,13.8766554,-23.6383661,70.8086736,-10.8632093,-4.64392758,-18.7911618,0.100432015,-18.2259978,28.9809298,71.4165468,14.865432,-1.33605554,22.4479426,-8.43785519,5.24758525,4.76734397,7.78649079,-1.00058152,-4.14124743,-7.98407194,-5.19459536,-13.1055117,9.82532445,-2.42833438,3.66435935
1280,-3.69763598,-0.568843074,106.260574,-0.228467136,1.62260931,2.97508946,-0.68301769,1.26127074,0.216166616,0,0,2.89253261,13.9351142,-23.812751,70.7738055,-11.0688304,-4.60604906,-18.7902022,0.100876605,-18.2274919,28.9924079,71.4080227,14.7300201,-1.31563157,22.3969467,-8.43850747,5.23918625,4.75820518,7.79143414,-0.996706027,-4.12764511,-7.98249672,-5.20488845,-13.1111304,9.83132904,-2.42462281,3.68753077
1281,-3.69656533,-0.566141214,106.258619,-0.211872027,1.62119477,2.98561105,-0.684050916,1.24685029,0.225119193,0,0,2.91018053,13.8943712,-23.7287551,70.7662581,-11.00007,-4.61957625,-18.7619679,0.0901024948,-18.238859,28.9508974,71.4111577,14.6764714,-1.30028841,22.453248,-8.44518398,5.21588975,4.75825427,7.80534296,-0.995775947,-4.12899449,-7.9813945,-5.22839114,-13.1158125,9.83846232,-2.44542864,3.70973358
1282,-3.69560681,-0.556845078,106.261992,-0.218493956,1.62042651,2.99481511,-0.687984144,1.25549891,0.233381321,0,0,2.91251881,13.8485176,-23.6442725,70.7906692,-10.9122048,-4.60738607,-18.7538331,0.0790301312,-18.241948,28.9781772,71.4189237,14.6417792,-1.2957983,22.4196844,-8.44334837,5.21777787,4.74966488,7.80055158,-0.984611683,-4.12426502,-7.98567447,-5.22819349,-13.1247558,9.85180253,-2.43063274,3.71702566
1283,-3.69521081,-0.556366285,106.255579,-0.2185066,1.62135524,3.0018097,-0.672998016,1.23713295,0.245056622,0,0,2.8771856,13.878439,-23.7324656,70.809302,-10.997933,-4.60041501,-18.7319765,0.0739572483,-18.2264657,28.9456075,71.4159594,14.6660537,-1.28546476,22.4202718,-8.44409372,5.21565027,4.75285416,7.79870914,-0.989276168,-4.16408416,-7.98592036,-5.22837619,-13.13795,9.85676637,-2.44981084,3.70231215
1284,-3.69520858,-0.549893267,106.257546,-0.212913066,1.62092183,3.00227721,-0.664990313,1.23778438,0.249640159,0,0,2.87007836,13.8607573,-23.7299657,70.8258515,-11.0254664,-4.59865452,-18.7560683,0.0820015103,-18.2182968,28.9088269,71.4238551,14.7164639,-1.32948426,22.4039374,-8.44980034,5.20376105,4.75849418,7.81107947,-0.995628351,-4.14358079,-7.98328988,-5.240843,-13.1296923,9.85379695,-2.44124493,3.73049821
1285,-3.69539186,-0.546942279,106.261134,-0.20658193,1.62046444,3.01079383,-0.667538934,1.23861479,0.25651936,0,0,2.87445566,13.7999729,-23.6118871,70.8618193,-10.8685718,-4.61009979,-18.7317631,0.0836710113,-18.2304921,28.9089567,71.4129063,14.7401066,-1.31431153,22.3991939,-8.45750479,5.19437252,4.752712,7.82320049,-0.988141076,-4.16782625,-7.98195372,-5.25212818,-13.1248599,9.85565903,-2.44609309,3.73463773
1286,-3.69450711,-0.537643814,106.261587,-0.21694617,1.62125177,3.02049386,-0.676786476,1.26150392,0.263540261,0,0,2.86439714,13.8071941,-23.6561946,70.8549071,-10.8999932,-4.57965166,-18.7078215,0.0895603619,-18.2138896,28.9092025,71.4242649,14.8244031,-1.33474511,22.3368223,-8.45657247,5.19848771,4.74546688,7.8138807,-0.987168521,-4.14547788,-7.9838252,-5.24723733,-13.140046,9.86190182,-2.43160647,3.7362885
1287,-3.6920879,-0.537820905,106.261289,-0.210949695,1.62083245,3.03276708,-0.668233265,1.24583526,0.270559775,0,0,2.85985976,13.8135009,-23.6466169,70.856601,-10.8523228,-4.57952188,-18.7322583,0.087789582,-18.1895724,28.8894975,71.436245,14.8331355,-1.31477385,22.3009655,-8.4600072,5.19007292,4.73591657,7.82292131,-0.988634344,-4.14261901,-7.98199641,-5.25780919,-13.1464382,9.86565245,-2.44002446,3.74842404
1288,-3.6932949,-0.530079659,106.256676,-0.220069647,1.6202404,3.0427752,-0.672760186,1.2607447,0.282506576,0,0,2.84886187,13.8327091,-23.7387357,70.8423601,-10.967134,-4.5536598,-18.6878808,0.075885903,-18.1948743,28.8970312,71.4439495,14.8417483,-1.31669954,22.3193421,-8.45824587,5.19420732,4.73460133,7.81407707,-0.991118078,-4.14704412,-7.98313108,-5.25359026,-13.1596691,9.87476478,-2.44425171,3.75485125
1289,-3.69383581,-0.52531762,106.254029,-0.220165186,1.62112543,3.04664569,-0.675397867,1.26730243,0.290835831,0,0,2.84817714,13.8126292,-23.7323682,70.8531381,-10.9592323,-4.572144,-18.6551983,0.0582814973,-18.1917461,28.978932,71.4492087,14.8521507,-1.30893105,22.2480742,-8.45939078,5.19249209,4.72600297,7.81375775,-1.00251062,-4.130314,-7.98219107,-5.25627709,-13.1555411,9.87213515,-2.44527368,3.73670471
1290,-3.6961887,-0.521042896,106.258261,-0.2222274,1.62089505,3.05132569,-0.678077435,1.27723854,0.300332302,0,0,2.83147114,13.7901801,-23.7014941,70.8886278,-10.8915699,-4.5762562,-18.6135325,0.0435119235,-18.2099554,29.0277951,71.4401451,14.9138393,-1.25725491,22.2619839,-8.46325581,5.18955511,4.72581728,7.81360408,-1.00420483,-4.09965755,-7.98325573,-5.25876072,-13.1561115,9.87233835,-2.44299944,3.71708713
1291,-3.69485542,-0.516971387,106.26204,-0.218605838,1.62193682,3.05792535,-0.685115251,1.2805784,0.302829724,0,0,2.86011973,13.8061585,-23.69812,70.8341229,-10.8731959,-4.56353839,-18.6116422,0.0263581469,-18.2000499,29.0698452,71.4750951,14.891006,-1.27729628,22.2131344,-8.4624396,5.18216057,4.71163695,7.81055183,-0.997769295,-4.0969592,-7.98582644,-5.26834561,-13.163547,9.87706313,-2.43628003,3.74044254
1292,-3.69417258,-0.51474981,106.259644,-0.216475,1.62255665,3.06652577,-0.701339832,1.27756319,0.311823829,0,0,2.84191984,13.7909255,-23.7036371,70.8706371,-10.9236035,-4.59411287,-18.6057836,0.011085768,-18.2053262,29.1277584,71.4611889,14.8991902,-1.25794689,22.192152,-8.46552514,5.1725522,4.71405484,7.81405658,-1.00681876,-4.09144083,-7.98416414,-5.27521336,-13.1645314,9.87926075,-2.44865035,3.74562323
1293,-3.692073,-0.513680419,106.260765,-0.212615543,1.62335387,3.05938732,-0.682347104,1.2769568,0.312984961,0,0,2.85105244,13.8016881,-23.7263833,70.8501328,-10.9168365,-4.61394177,-18.6060705,0.00438441949,-18.1963292,29.1224206,71.4824512,14.8595905,-1.28074777,22.1773459,-8.46528608,5.16860478,4.72299129,7.82204619,-1.00719645,-4.12505945,-7.98375689,-5.28040601,-13.163494,9.87498249,-2.44951544,3.7609839
1294,-3.69214006,-0.51046107,106.264067,-0.211197641,1.62376111,3.06492376,-0.682493153,1.27768197,0.322175914,0,0,2.84472384,13.8138109,-23.7564378,70.8452356,-10.9481725,-4.60328198,-18.5915376,0.00602498766,-18.205012,29.1240496,71.4523848,14.8403652,-1.24920361,22.1756349,-8.46665895,5.1631449,4.71763727,7.8188249,-1.00830198,-4.09804349,-7.98403181,-5.28484478,-13.1758157,9.8738316,-2.44233541,3.73787097
1295,-3.69214006,-0.51046107,106.264067,-0.211197641,1.62376111,3.06492376,-0.682493153,1.27768197,0.322175914,0,0,2.84472384,13.8138109,-23.7564378,70.8452356,-10.9481725,-4.60328198,-18.5915376,0.00602498766,-18.205012,29.1240496,71.4523848,14.8403652,-1.24920361,22.1756349,-8.46665895,5.1631449,4.71763727,7.8188249,-1.00830198,-4.09804349,-7.98403181,-5.28484478,-13.1758157,9.8738316,-2.44233541,3.73787097
1296,-3.69214006,-0.51046107,106.264067,-0.211197641,1.62376111,3.06492376,-0.682493153,1.27768197,0.322175914,0,0,2.84472384,13.8138109,-23.7564378,70.8452356,-10.9481725,-4.60328198,-18.5915376,0.00602498766,-18.205012,29.1240496,71.4523848,14.8403652,-1.24920361,22.1756349,-8.46665895,5.1631449,4.71763727,7.8188249,-1.00830198,-4.09804349,-7.98403181,-5.28484478,-13.1758157,9.8738316,-2.44233541,3.73787097
1297,-3.69214006,-0.51046107,106.264067,-0.211197641,1.62376111,3.06492376,-0.682493153,1.27768197,0.322175914,0,0,2.84472384,13.8138109,-23.7564378,70.8452356,-10.9481725,-4.60328198,-18.5915376,0.00602498766,-18.205012,29.1240496,71.4523848,14.8403652,-1.24920361,22.1756349,-8.46665895,5.1631449,4.71763727,7.8188249,-1.00830198,-4.09804349,-7.98403181,-5.28484478,-13.1758157,9.8738316,-2.44233541,3.73787097
1298,-3.69214006,-0.51046107,106.264067,-0.211197641,1.62376111,3.06492376,-0.682493153,1.27768197,0.322175914,0,0,2.84472384,13.8138109,-23.7564378,70.8452356,-10.9481725,-4.60328198,-18.5915376,0.00602498766,-18.205012,29.1240496,71.4523848,14.8403652,-1.24920361,22.1756349,-8.46665895,5.1631449,4.71763727,7.8188249,-1.00830198,-4.09804349,-7.98403181,-5.28484478,-13.1758157,9.8738316,-2.44233541,3.73787097
1299,-3.69214006,-0.51046107,106.264067,-0.211197641,1.62376111,3.06492376,-0.682493153,1.27768197,0.322175914,0,0,2.84472384,13.8138109,-23.7564378,70.8452356,-10.9481725,-4.60328198,-18.5915376,0.00602498766,-18.205012,29.1240496,71.4523848,14.8403652,-1.24920361,22.1756349,-8.46665895,5.1631449,4.71763727,7.8188249,-1.00830198,-4.09804349,-7.98403181,-5.28484478,-13.1758157,9.8738316,-2.44233541,3.73787097
1300,-3.69214006,-0.51046107,106.264067,-0.211197641,1.62376111,3.06492376,-0.682493153,1.27768197,0.322175914,0,0,2.84472384,13.8138109,-23.7564378,70.8452356,-10.9481725,-4.60328198,-18.5915376,0.00602498766,-18.205012,29.1240496,71.4523848,14.8403652,-1.24920361,22.1756349,-8.46665895,5.1631449,4.71763727,7.8188249,-1.00830198,-4.09804349,-7.98403181,-5.28484478,-13.1758157,9.8738316,-2.44233541,3.73787097
1301,-3.69214006,-0.51046107,106.264067,-0.211197641,1.62376111,3.06492376,-0.682493153,1.27768197,0.322175914,0,0,2.84472384,13.8138109,-23.7564378,70.8452356,-10.9481725,-4.60328198,-18.5915376,0.00602498766,-18.205012,29.1240496,71.4523848,14.8403652,-1.24920361,22.1756349,-8.46665895,5.1631449,4.71763727,7.8188249,-1.00830198,-4.09804349,-7.98403181,-5.28484478,-13.1758157,9.8738316,-2.44233541,3.73787097
1302,-3.69214006,-0.51046107,106.264067,-0.211197641,1.62376111,3.06492376,-0.682493153,1.27768197,0.322175914,0,0,2.84472384,13.8138109,-23.7564378,70.8452356,-10.9481725,-4.60328198,-18.5915376,0.00602498766,-18.205012,29.1240496,71.4523848,14.8403652,-1.24920361,22.1756349,-8.46665895,5.1631449,4.71763727,7.8188249,-1.00830198,-4.09804349,-7.98403181,-5.28484478,-13.1758157,9.8738316,-2.44233541,3.73787097
1303,-3.69214006,-0.51046107,106.264067,-0.211197641,1.62376111,3.06492376,-0.682493153,1.27768197,0.322175914,0,0,2.84472384,13.8138109,-23.7564378,70.8452356,-10.9481725,-4.60328198,-18.5915376,0.00602498766,-18.205012,29.1240496,71.4523848,14.8403652,-1.24920361,22.1756349,-8.46665895,5.1631449,4.71763727,7.8188249,-1.00830198,-4.09804349,-7.98403181,-5.28484478,-13.1758157,9.8738316,-2.44233541,3.73787097
1304,-3.69214006,-0.51046107,106.264067,-0.211197641,1.62376111,3.06492376,-0.682493153,1.27768197,0.322175914,0,0,2.84472384,13.8138109,-23.7564378,70.8452356,-10.9481725,-4.60328198,-18.5915376,0.00602498766,-18.205012,29.1240496,71.4523848,14.8403652,-1.24920361,22.1756349,-8.46665895,5.1631449,4.71763727,7.8188249,-1.00830198,-4.09804349,-7.98403181,-5.28484478,-13.1758157,9.8738316,-2.44233541,3.73787097
1305,-3.69214006,-0.51046107,106.264067,-0.211197641,1.62376111,3.06492376,-0.682493153,1.27768197,0.322175914,0,0,2.84472384,13.8138109,-23.7564378,70.8452356,-10.9481725,-4.60328198,-18.5915376,0.00602498766,-18.205012,29.1240496,71.4523848,14.8403652,-1.24920361,22.1756349,-8.46665895,5.1631449,4.71763727,7.8188249,-1.00830198,-4.09804349,-7.98403181,-5.28484478,-13.1758157,9.8738316,-2.44233541,3.73787097
1306,-3.69214006,-0.51046107,106.264067,-0.211197641,1.62376111,3.06492376,-0.682493153,1.27768197,0.322175914,0,0,2.84472384,13.8138109,-23.7564378,70.8452356,-10.9481725,-4.60328198,-18.5915376,0.00602498766,-18.205012,29.1240496,71.4523848,14.8403652,-1.24920361,22.1756349,-8.46665895,5.1631449,4.71763727,7.8188249,-1.00830198,-4.09804349,-7.98403181,-5.28484478,-13.1758157,9.8738316,-2.44233541,3.73787097
1307,-3.69214006,-0.51046107,106.264067,-0.211197641,1.62376111,3.06492376,-0.682493153,1.27768197,0.322175914,0,0,2.84472384,13.8138109,-23.7564378,70.8452356,-10.9481725,-4.60328198,-18.5915376,0.00602498766,-18.205012,29.1240496,71.4523848,14.8403652,-1.24920361,22.1756349,-8.46665895,5.1631449,4.71763727,7.8188249,-1.00830198,-4.09804349,-7.98403181,-5.28484478,-13.1758157,9.8738316,-2.44233541,3.73787097
1308,-3.69214006,-0.51046107,106.264067,-0.211197641,1.62376111,3.06492376,-0.682493153,1.27768197,0.322175914,0,0,2.84472384,13.8138109,-23.7564378,70.8452356,-10.9481725,-4.60328198,-18.5915376,0.00602498766,-18.205012,29.1240496,71.4523848,14.8403652,-1.24920361,22.1756349,-8.46665895,5.1631449,4.71763727,7.8188249,-1.00830198,-4.09804349,-7.98403181,-5.28484478,-13.1758157,9.8738316,-2.44233541,3.73787097
1309,-3.69214006,-0.51046107,106.264067,-0.211197641,1.62376111,3.06492376,-0.682493153,1.27768197,0.322175914,0,0,2.84472384,13.8138109,-23.7564378,70.8452356,-10.9481725,-4.60328198,-18.5915376,0.00602498766,-18.205012,29.1240496,71.4523848,14.8403652,-1.24920361,22.1756349,-8.46665895,5.1631449,4.71763727,7.8188249,-1.00830198,-4.09804349,-7.98403181,-5.28484478,-13.1758157,9.8738316,-2.44233541,3.73787097
1310,-3.69214006,-0.51046107,106.264067,-0.211197641,1.62376111,3.06492376,-0.682493153,1.27768197,0.322175914,0,0,2.84472384,13.8138109,-23.7564378,70.8452356,-10.9481725,-4.60328198,-18.5915376,0.00602498766,-18.205012,29.1240496,71.4523848,14.8403652,-1.24920361,22.1756349,-8.46665895,5.1631449,4.71763727,7.8188249,-1.00830198,-4.09804349,-7.98403181,-5.28484478,-13.1758157,9.8738316,-2.44233541,3.73787097
1311,-3.69214006,-0.51046107,106.264067,-0.211197641,1.62376111,3.06492376,-0.682493153,1.27768197,0.322175914,0,0,2.84472384,13.8138109,-23.7564378,70.8452356,-10.9481725,-4.60328198,-18.5915376,0.00602498766,-18.205012,29.1240496,71.4523848,14.8403652,-1.24920361,22.1756349,-8.46665895,5.1631449,4.71763727,7.8188249,-1.00830198,-4.09804349,-7.98403181,-5.28484478,-13.1758157,9.8738316,-2.44233541,3.73787097
1312,-3.69214006,-0.51046107,106.264067,-0.211197641,1.62376111,3.06492376,-0.682493153,1.27768197,0.322175914,0,0,2.84472384,13.8138109,-23.7564378,70.8452356,-10.9481725,-4.60328198,-18.5915376,0.00602498766,-18.205012,29.1240496,71.4523848,14.8403652,-1.24920361,22.1756349,-8.46665895,5.1631449,4.71763727,7.8188249,-1.00830198,-4.09804349,-7.98403181,-5.28484478,-13.1758157,9.8738316,-2.44233541,3.73787097
1313,-3.69214006,-0.51046107,106.264067,-0.211197641,1.62376111,3.06492376,-0.682493153,1.27768197,0.322175914,0,0,2.84472384,13.8138109,-23.7564378,70.8452356,-10.9481725,-4.60328198,-18.5915376,0.00602498766,-18.205012,29.1240496,71.4523848,14.8403652,-1.24920361,22.1756349,-8.46665895,5.1631449,4.71763727,7.8188249,-1.00830198,-4.09804349,-7.98403181,-5.28484478,-13.1758157,9.8738316,-2.44233541,3.73787097
1314,-3.69214006,-0.51046107,106.264067,-0.211197641,1.62376111,3.06492376,-0.682493153,1.27768197,0.322175914,0,0,2.84472384,13.8138109,-23.7564378,70.8452356,-10.9481725,-4.60328198,-18.5915376,0.00602498766,-18.205012,29.1240496,71.4523848,14.8403652,-1.24920361,22.1756349,-8.46665895,5.1631449,4.71763727,7.8188249,-1.00830198,-4.09804349,-7.98403181,-5.28484478,-13.1758157,9.8738316,-2.44233541,3.73787097
1315,-3.69214006,-0.51046107,106.264067,-0.211197641,1.62376111,3.06492376,-0.682493153,1.27768197,0.322175914,0,0,2.84472384,13.8138109,-23.7564378,70.8452356,-10.9481725,-4.60328198,-18.5915376,0.00602498766,-18.205012,29.1240496,71.4523848,14.8403652,-1.24920361,22.1756349,-8.46665895,5.1631449,4.71763727,7.8188249,-1.00830198,-4.09804349,-7.98403181,-5.28484478,-13.1758157,9.8738316,-2.44233541,3.73787097
1316,-3.69214006,-0.51046107,106.264067,-0.211197641,1.62376111,3.06492376,-0.682493153,1.27768197,0.322175914,0,0,2.84472384,13.8138109,-23.7564378,70.8452356,-10.9481725,-4.60328198,-18.5915376,0.00602498766,-18.205012,29.1240496,71.4523848,14.8403652,-1.24920361,22.1756349,-8.46665895,5.1631449,4.71763727,7.8188249,-1.00830198,-4.09804349,-7.98403181,-5.28484478,-13.1758157,9.8738316,-2.44233541,3.73787097
1317,-3.69214006,-0.51046107,106.264067,-0.211197641,1.62376111,3.06492376,-0.682493153,1.27768197,0.322175914,0,0,2.84472384,13.8138109,-23.7564378,70.8452356,-10.9481725,-4.60328198,-18.5915376,0.00602498766,-18.205012,29.1240496,71.4523848,14.8403652,-1.24920361,22.1756349,-8.46665895,5.1631449,4.71763727,7.8188249,-1.00830198,-4.09804349,-7.98403181,-5.28484478,-13.1758157,9.8738316,-2.44233541,3.73787097
1318,-3.69214006,-0.51046107,106.264067,-0.211197641,1.62376111,3.06492376,-0.682493153,1.27768197,0.322175914,0,0,2.84472384,13.8138109,-23.7564378,70.8452356,-10.9481725,-4.60328198,-18.5915376,0.00602498766,-18.205012,29.1240496,71.4523848,14.8403652,-1.24920361,22.1756349,-8.46665895,5.1631449,4.71763727,7.8188249,-1.00830198,-4.09804349,-7.98403181,-5.28484478,-13.1758157,9.8738316,-2.44233541,3.73787097
1319,-3.69214006,-0.51046107,106.264067,-0.211197641,1.62376111,3.06492376,-0.682493153,1.27768197,0.322175914,0,0,2.84472384,13.8138109,-23.7564378,70.8452356,-10.9481725,-4.60328198,-18.5915376,0.00602498766,-18.205012,29.1240496,71.4523848,14.8403652,-1.24920361,22.1756349,-8.46665895,5.1631449,4.71763727,7.8188249,-1.00830198,-4.09804349,-7.98403181,-5.28484478,-13.1758157,9.8738316,-2.44233541,3.73787097
1320,-3.69214006,-0.51046107,106.264067,-0.211197641,1.62376111,3.06492376,-0.682493153,1.27768197,0.322175914,0,0,2.84472384,13.8138109,-23.7564378,70.8452356,-10.9481725,-4.60328198,-18.5915376,0.00602498766,-18.205012,29.1240496,71.4523848,14.8403652,-1.24920361,22.1756349,-8.46665895,5.1631449,4.71763727,7.8188249,-1.00830198,-4.09804349,-7.98403181,-5.28484478,-13.1758157,9.8738316,-2.44233541,3.73787097
1321,-3.69214006,-0.51046107,106.264067,-0.211197641,1.62376111,3.06492376,-0.682493153,1.27768197,0.322175914,0,0,2.84472384,13.8138109,-23.7564378,70.8452356,-10.9481725,-4.60328198,-18.5915376,0.00602498766,-18.205012,29.1240496,71.4523848,14.8403652,-1.24920361,22.1756349,-8.46665895,5.1631449,4.71763727,7.8188249,-1.00830198,-4.09804349,-7.98403181,-5.28484478,-13.1758157,9.8738316,-2.44233541,3.73787097
1322,-3.69214006,-0.51046107,106.264067,-0.211197641,1.62376111,3.06492376,-0.682493153,1.27768197,0.322175914,0,0,2.84472384,13.8138109,-23.7564378,70.8452356,-10.9481725,-4.60328198,-18.5915376,0.00602498766,-18.205012,29.1240496,71.4523848,14.8403652,-1.24920361,22.1756349,-8.46665895,5.1631449,4.71763727,7.8188249,-1.00830198,-4.09804349,-7.98403181,-5.28484478,-13.1758157,9.8738316,-2.44233541,3.73787097
1323,-3.69214006,-0.51046107,106.264067,-0.211197641,1.62376111,3.06492376,-0.682493153,1.27768197,0.322175914,0,0,2.84472384,13.8138109,-23.7564378,70.8452356,-10.9481725,-4.60328198,-18.5915376,0.00602498766,-18.205012,29.1240496,71.4523848,14.8403652,-1.24920361,22.1756349,-8.46665895,5.1631449,4.71763727,7.8188249,-1.00830198,-4.09804349,-7.98403181,-5.28484478,-13.1758157,9.8738316,-2.44233541,3.73787097
1324,-3.69214006,-0.51046107,106.264067,-0.211197641,1.62376111,3.06492376,-0.682493153,1.27768197,0.322175914,0,0,2.84472384,13.8138109,-23.7564378,70.8452356,-10.9481725,-4.60328198,-18.5915376,0.00602498766,-18.205012,29.1240496,71.4523848,14.8403652,-1.24920361,22.1756349,-8.46665895,5.1631449,4.71763727,7.8188249,-1.00830198,-4.09804349,-7.98403181,-5.28484478,-13.1758157,9.8738316,-2.44233541,3.73787097
1325,-3.69214006,-0.51046107,106.264067,-0.211197641,1.62376111,3.06492376,-0.682493153,1.27768197,0.322175914,0,0,2.84472384,13.8138109,-23.7564378,70.8452356,-10.9481725,-4.60328198,-18.5915376,0.00602498766,-18.205012,29.1240496,71.4523848,14.8403652,-1.24920361,22.1756349,-8.46665895,5.1631449,4.71763727,7.8188249,-1.00830198,-4.09804349,-7.98403181,-5.28484478,-13.1758157,9.8738316,-2.44233541,3.73787097
1326,-3.69214006,-0.51046107,106.264067,-0.211197641,1.62376111,3.06492376,-0.682493153,1.27768197,0.322175914,0,0,2.84472384,13.8138109,-23.7564378,70.8452356,-10.9481725,-4.60328198,-18.5915376,0.00602498766,-18.205012,29.1240496,71.4523848,14.8403652,-1.24920361,22.1756349,-8.46665895,5.1631449,4.71763727,7.8188249,-1.00830198,-4.09804349,-7.98403181,-5.28484478,-13.1758157,9.8738316,-2.44233541,3.73787097
1327,-3.69214006,-0.51046107,106.264067,-0.211197641,1.62376111,3.06492376,-0.682493153,1.27768197,0.322175914,0,0,2.84472384,13.8138109,-23.7564378,70.8452356,-10.9481725,-4.60328198,-18.5915376,0.00602498766,-18.205012,29.1240496,71.4523848,14.8403652,-1.24920361,22.1756349,-8.46665895,5.1631449,4.71763727,7.8188249,-1.00830198,-4.09804349,-7.98403181,-5.28484478,-13.1758157,9.8738316,-2.44233541,3.73787097
1328,-3.69214006,-0.51046107,106.264067,-0.211197641,1.62376111,3.06492376,-0.682493153,1.27768197,0.322175914,0,0,2.84472384,13.8138109,-23.7564378,70.8452356,-10.9481725,-4.60328198,-18.5915376,0.00602498766,-18.205012,29.1240496,71.4523848,14.8403652,-1.24920361,22.1756349,-8.46665895,5.1631449,4.71763727,7.8188249,-1.00830198,-4.09804349,-7.98403181,-5.28484478,-13.1758157,9.8738316,-2.44233541,3.73787097
1329,-3.69214006,-0.51046107,106.264067,-0.211197641,1.62376111,3.06492376,-0.682493153,1.27768197,0.322175914,0,0,2.84472384,13.8138109,-23.7564378,70.8452356,-10.9481725,-4.60328198,-18.5915376,0.00602498766,-18.205012,29.1240496,71.4523848,14.8403652,-1.24920361,22.1756349,-8.46665895,5.1631449,4.71763727,7.8188249,-1.00830198,-4.09804349,-7.98403181,-5.28484478,-13.1758157,9.8738316,-2.44233541,3.73787097
1330,-3.69214006,-0.51046107,106.264067,-0.211197641,1.62376111,3.06492376,-0.682493153,1.27768197,0.322175914,0,0,2.84472384,13.8138109,-23.7564378,70.8452356,-10.9481725,-4.60328198,-18.5915376,0.00602498766,-18.205012,29.1240496,71.4523848,14.8403652,-1.24920361,22.1756349,-8.46665895,5.1631449,4.71763727,7.8188249,-1.00830198,-4.09804349,-7.98403181,-5.28484478,-13.1758157,9.8738316,-2.44233541,3.73787097
1331,-3.69214006,-0.51046107,106.264067,-0.211197641,1.62376111,3.06492376,-0.682493153,1.27768197,0.322175914,0,0,2.84472384,13.8138109,-23.7564378,70.8452356,-10.9481725,-4.60328198,-18.5915376,0.00602498766,-18.205012,29.1240496,71.4523848,14.8403652,-1.24920361,22.1756349,-8.46665895,5.1631449,4.71763727,7.8188249,-1.00830198,-4.09804349,-7.98403181,-5.28484478,-13.1758157,9.8738316,-2.44233541,3.73787097
1332,-3.69214006,-0.51046107,106.264067,-0.211197641,1.62376111,3.06492376,-0.682493153,1.27768197,0.322175914,0,0,2.84472384,13.8138109,-23.7564378,70.8452356,-10.9481725,-4.60328198,-18.5915376,0.00602498766,-18.205012,29.1240496,71.4523848,14.8403652,-1.24920361,22.1756349,-8.46665895,5.1631449,4.71763727,7.8188249,-1.00830198,-4.09804349,-7.98403181,-5.28484478,-13.1758157,9.8738316,-2.44233541,3.73787097
1333,-3.69214006,-0.51046107,106.264067,-0.211197641,1.62376111,3.06492376,-0.682493153,1.27768197,0.322175914,0,0,2.84472384,13.8138109,-23.7564378,70.8452356,-10.9481725,-4.60328198,-18.5915376,0.00602498766,-18.205012,29.1240496,71.4523848,14.8403652,-1.24920361,22.1756349,-8.46665895,5.1631449,4.71763727,7.8188249,-1.00830198,-4.09804349,-7.98403181,-5.28484478,-13.1758157,9.8738316,-2.44233541,3.73787097
1334,-3.69214006,-0.51046107,106.264067,-0.211197641,1.62376111,3.06492376,-0.682493153,1.27768197,0.322175914,0,0,2.84472384,13.8138109,-23.7564378,70.8452356,-10.9481725,-4.60328198,-18.5915376,0.00602498766,-18.205012,29.1240496,71.4523848,14.8403652,-1.24920361,22.1756349,-8.46665895,5.1631449,4.71763727,7.8188249,-1.00830198,-4.09804349,-7.98403181,-5.28484478,-13.1758157,9.8738316,-2.44233541,3.73787097
1335,-3.69214006,-0.51046107,106.264067,-0.211197641,1.62376111,3.06492376,-0.682493153,1.27768197,0.322175914,0,0,2.84472384,13.8138109,-23.7564378,70.8452356,-10.9481725,-4.60328198,-18.5915376,0.00602498766,-18.205012,29.1240496,71.4523848,14.8403652,-1.24920361,22.1756349,-8.46665895,5.1631449,4.71763727,7.8188249,-1.00830198,-4.09804349,-7.98403181,-5.28484478,-13.1758157,9.8738316,-2.44233541,3.73787097
1336,-3.69214006,-0.51046107,106.264067,-0.211197641,1.62376111,3.06492376,-0.682493153,1.27768197,0.322175914,0,0,2.84472384,13.8138109,-23.7564378,70.8452356,-10.9481725,-4.60328198,-18.5915376,0.00602498766,-18.205012,29.1240496,71.4523848,14.8403652,-1.24920361,22.1756349,-8.46665895,5.1631449,4.71763727,7.8188249,-1.00830198,-4.09804349,-7.98403181,-5.28484478,-13.1758157,9.8738316,-2.44233541,3.73787097
1337,-3.69214006,-0.51046107,106.264067,-0.211197641,1.62376111,3.06492376,-0.682493153,1.27768197,0.322175914,0,0,2.84472384,13.8138109,-23.7564378,70.8452356,-10.9481725,-4.60328198,-18.5915376,0.00602498766,-18.205012,29.1240496,71.4523848,14.8403652,-1.24920361,22.1756349,-8.46665895,5.1631449,4.71763727,7.8188249,-1.00830198,-4.09804349,-7.98403181,-5.28484478,-13.1758157,9.8738316,-2.44233541,3.73787097
1338,-3.69214006,-0.51046107,106.264067,-0.211197641,1.62376111,3.06492376,-0.682493153,1.27768197,0.322175914,0,0,2.84472384,13.8138109,-23.7564378,70.8452356,-10.9481725,-4.60328198,-18.5915376,0.00602498766,-18.205012,29.1240496,71.4523848,14.8403652,-1.24920361,22.1756349,-8.46665895,5.1631449,4.71763727,7.8188249,-1.00830198,-4.09804349,-7.98403181,-5.28484478,-13.1758157,9.8738316,-2.44233541,3.73787097
1339,-3.69214006,-0.51046107,106.264067,-0.211197641,1.62376111,3.06492376,-0.682493153,1.27768197,0.322175914,0,0,2.84472384,13.8138109,-23.7564378,70.8452356,-10.9481725,-4.60328198,-18.5915376,0.00602498766,-18.205012,29.1240496,71.4523848,14.8403652,-1.24920361,22.1756349,-8.46665895,5.1631449,4.71763727,7.8188249,-1.00830198,-4.09804349,-7.98403181,-5.28484478,-13.1758157,9.8738316,-2.44233541,3.73787097
1340,-3.69214006,-0.51046107,106.264067,-0.211197641,1.62376111,3.06492376,-0.682493153,1.27768197,0.322175914,0,0,2.84472384,13.8138109,-23.7564378,70.8452356,-10.9481725,-4.60328198,-18.5915376,0.00602498766,-18.205012,29.1240496,71.4523848,14.8403652,-1.24920361,22.1756349,-8.46665895,5.1631449,4.71763727,7.8188249,-1.00830198,-4.09804349,-7.98403181,-5.28484478,-13.1758157,9.8738316,-2.44233541,3.73787097
1341,-3.69214006,-0.51046107,106.264067,-0.211197641,1.62376111,3.06492376,-0.682493153,1.27768197,0.322175914,0,0,2.84472384,13.8138109,-23.7564378,70.8452356,-10.9481725,-4.60328198,-18.5915376,0.00602498766,-18.205012,29.1240496,71.4523848,14.8403652,-1.24920361,22.1756349,-8.46665895,5.1631449,4.71763727,7.8188249,-1.00830198,-4.09804349,-7.98403181,-5.28484478,-13.1758157,9.8738316,-2.44233541,3.73787097
1342,-3.69214006,-0.51046107,106.264067,-0.211197641,1.62376111,3.06492376,-0.682493153,1.27768197,0.322175914,0,0,2.84472384,13.8138109,-23.7564378,70.8452356,-10.9481725,-4.60328198,-18.5915376,0.00602498766,-18.205012,29.1240496,71.4523848,14.8403652,-1.24920361,22.1756349,-8.46665895,5.1631449,4.71763727,7.8188249,-1.00830198,-4.09804349,-7.98403181,-5.28484478,-13.1758157,9.8738316,-2.44233541,3.73787097
1343,-3.69214006,-0.51046107,106.264067,-0.211197641,1.62376111,3.06492376,-0.682493153,1.27768197,0.322175914,0,0,2.84472384,13.8138109,-23.7564378,70.8452356,-10.9481725,-4.60328198,-18.5915376,0.00602498766,-18.205012,29.1240496,71.4523848,14.8403652,-1.24920361,22.1756349,-8.46665895,5.1631449,4.71763727,7.8188249,-1.00830198,-4.09804349,-7.98403181,-5.28484478,-13.1758157,9.8738316,-2.44233541,3.73787097
1344,-3.69214006,-0.51046107,106.264067,-0.211197641,1.62376111,3.06492376,-0.682493153,1.27768197,0.322175914,0,0,2.84472384,13.8138109,-23.7564378,70.8452356,-10.9481725,-4.60328198,-18.5915376,0.00602498766,-18.205012,29.1240496,71.4523848,14.8403652,-1.24920361,22.1756349,-8.46665895,5.1631449,4.71763727,7.8188249,-1.00830198,-4.09804349,-7.98403181,-5.28484478,-13.1758157,9.8738316,-2.44233541,3.73787097
1345,-3.69214006,-0.51046107,106.264067,-0.211197641,1.62376111,3.06492376,-0.682493153,1.27768197,0.322175914,0,0,2.84472384,13.8138109,-23.7564378,70.8452356,-10.9481725,-4.60328198,-18.5915376,0.00602498766,-18.205012,29.1240496,71.4523848,14.8403652,-1.24920361,22.1756349,-8.46665895,5.1631449,4.71763727,7.8188249,-1.00830198,-4.09804349,-7.98403181,-5.28484478,-13.1758157,9.8738316,-2.44233541,3.73787097
1346,-3.69214006,-0.51046107,106.264067,-0.211197641,1.62376111,3.06492376,-0.682493153,1.27768197,0.322175914,0,0,2.84472384,13.8138109,-23.7564378,70.8452356,-10.9481725,-4.60328198,-18.5915376,0.00602498766,-18.205012,29.1240496,71.4523848,14.8403652,-1.24920361,22.1756349,-8.46665895,5.1631449,4.71763727,7.8188249,-1.00830198,-4.09804349,-7.98403181,-5.28484478,-13.1758157,9.8738316,-2.44233541,3.73787097
1347,-3.69214006,-0.51046107,106.264067,-0.211197641,1.62376111,3.06492376,-0.682493153,1.27768197,0.322175914,0,0,2.84472384,13.8138109,-23.7564378,70.8452356,-10.9481725,-4.60328198,-18.5915376,0.00602498766,-18.205012,29.1240496,71.4523848,14.8403652,-1.24920361,22.1756349,-8.46665895,5.1631449,4.71763727,7.8188249,-1.00830198,-4.09804349,-7.98403181,-5.28484478,-13.1758157,9.8738316,-2.44233541,3.73787097
1348,-3.69214006,-0.51046107,106.264067,-0.211197641,1.62376111,3.06492376,-0.682493153,1.27768197,0.322175914,0,0,2.84472384,13.8138109,-23.7564378,70.8452356,-10.9481725,-4.60328198,-18.5915376,0.00602498766,-18.205012,29.1240496,71.4523848,14.8403652,-1.24920361,22.1756349,-8.46665895,5.1631449,4.71763727,7.8188249,-1.00830198,-4.09804349,-7.98403181,-5.28484478,-13.1758157,9.8738316,-2.44233541,3.73787097
1349,-3.69214006,-0.51046107,106.264067,-0.211197641,1.62376111,3.06492376,-0.682493153,1.27768197,0.322175914,0,0,2.84472384,13.8138109,-23.7564378,70.8452356,-10.9481725,-4.60328198,-18.5915376,0.00602498766,-18.205012,29.1240496,71.4523848,14.8403652,-1.24920361,22.1756349,-8.46665895,5.1631449,4.71763727,7.8188249,-1.00830198,-4.09804349,-7.98403181,-5.28484478,-13.1758157,9.8738316,-2.44233541,3.73787097
1350,-3.69214006,-0.51046107,106.264067,-0.211197641,1.62376111,3.06492376,-0.682493153,1.27768197,0.322175914,0,0,2.84472384,13.8138109,-23.7564378,70.8452356,-10.9481725,-4.60328198,-18.5915376,0.00602498766,-18.205012,29.1240496,71.4523848,14.8403652,-1.24920361,22.1756349,-8.46665895,5.1631449,4.71763727,7.8188249,-1.00830198,-4.09804349,-7.98403181,-5.28484478,-13.1758157,9.8738316,-2.44233541,3.73787097
1351,-3.69214006,-0.51046107,106.264067,-0.211197641,1.62376111,3.06492376,-0.682493153,1.27768197,0.322175914,0,0,2.84472384,13.8138109,-23.7564378,70.8452356,-10.9481725,-4.60328198,-18.5915376,0.00602498766,-18.205012,29.1240496,71.4523848,14.8403652,-1.24920361,22.1756349,-8.46665895,5.1631449,4.71763727,7.8188249,-1.00830198,-4.09804349,-7.98403181,-5.28484478,-13.1758157,9.8738316,-2.44233541,3.73787097
1352,-3.69214006,-0.51046107,106.264067,-0.211197641,1.62376111,3.06492376,-0.682493153,1.27768197,0.322175914,0,0,2.84472384,13.8138109,-23.7564378,70.8452356,-10.9481725,-4.60328198,-18.5915376,0.00602498766,-18.205012,29.1240496,71.4523848,14.8403652,-1.24920361,22.1756349,-8.46665895,5.1631449,4.71763727,7.8188249,-1.00830198,-4.09804349,-7.98403181,-5.28484478,-13.1758157,9.8738316,-2.44233541,3.73787097
1353,-3.69214006,-0.51046107,106.264067,-0.211197641,1.62376111,3.06492376,-0.682493153,1.27768197,0.322175914,0,0,2.84472384,13.8138109,-23.7564378,70.8452356,-10.9481725,-4.60328198,-18.5915376,0.00602498766,-18.205012,29.1240496,71.4523848,14.8403652,-1.24920361,22.1756349,-8.46665895,5.1631449,4.71763727,7.8188249,-1.00830198,-4.09804349,-7.98403181,-5.28484478,-13.1758157,9.8738316,-2.44233541,3.73787097
1354,-3.69214006,-0.51046107,106.264067,-0.211197641,1.62376111,3.06492376,-0.682493153,1.27768197,0.322175914,0,0,2.84472384,13.8138109,-23.7564378,70.8452356,-10.9481725,-4.60328198,-18.5915376,0.00602498766,-18.205012,29.1240496,71.4523848,14.8403652,-1.24920361,22.1756349,-8.46665895,5.1631449,4.71763727,7.8188249,-1.00830198,-4.09804349,-7.98403181,-5.28484478,-13.1758157,9.8738316,-2.44233541,3.73787097
1355,-3.69214006,-0.51046107,106.264067,-0.211197641,1.62376111,3.06492376,-0.682493153,1.27768197,0.322175914,0,0,2.84472384,13.8138109,-23.7564378,70.8452356,-10.9481725,-4.60328198,-18.5915376,0.00602498766,-18.205012,29.1240496,71.4523848,14.8403652,-1.24920361,22.1756349,-8.46665895,5.1631449,4.71763727,7.8188249,-1.00830198,-4.09804349,-7.98403181,-5.28484478,-13.1758157,9.8738316,-2.44233541,3.73787097
1356,-3.69214006,-0.51046107,106.264067,-0.211197641,1.62376111,3.06492376,-0.682493153,1.27768197,0.322175914,0,0,2.84472384,13.8138109,-23.7564378,70.8452356,-10.9481725,-4.60328198,-18.5915376,0.00602498766,-18.205012,29.1240496,71.4523848,14.8403652,-1.24920361,22.1756349,-8.46665895,5.1631449,4.71763727,7.8188249,-1.00830198,-4.09804349,-7.98403181,-5.28484478,-13.1758157,9.8738316,-2.44233541,3.73787097
1357,-3.69214006,-0.51046107,106.264067,-0.211197641,1.62376111,3.06492376,-0.682493153,1.27768197,0.322175914,0,0,2.84472384,13.8138109,-23.7564378,70.8452356,-10.9481725,-4.60328198,-18.5915376,0.00602498766,-18.205012,29.1240496,71.4523848,14.8403652,-1.24920361,22.1756349,-8.46665895,5.1631449,4.71763727,7.8188249,-1.00830198,-4.09804349,-7.98403181,-5.28484478,-13.1758157,9.8738316,-2.44233541,3.73787097
1358,-3.69214006,-0.51046107,106.264067,-0.211197641,1.62376111,3.06492376,-0.682493153,1.27768197,0.322175914,0,0,2.84472384,13.8138109,-23.7564378,70.8452356,-10.9481725,-4.60328198,-18.5915376,0.00602498766,-18.205012,29.1240496,71.4523848,14.8403652,-1.24920361,22.1756349,-8.46665895,5.1631449,4.71763727,7.8188249,-1.00830198,-4.09804349,-7.98403181,-5.28484478,-13.1758157,9.8738316,-2.44233541,3.73787097
1359,-3.69214006,-0.51046107,106.264067,-0.211197641,1.62376111,3.06492376,-0.682493153,1.27768197,0.322175914,0,0,2.84472384,13.8138109,-23.7564378,70.8452356,-10.9481725,-4.60328198,-18.5915376,0.00602498766,-18.205012,29.1240496,71.4523848,14.8403652,-1.24920361,22.1756349,-8.46665895,5.1631449,4.71763727,7.8188249,-1.00830198,-4.09804349,-7.98403181,-5.28484478,-13.1758157,9.8738316,-2.44233541,3.73787097
1360,-3.69214006,-0.51046107,106.264067,-0.211197641,1.62376111,3.06492376,-0.682493153,1.27768197,0.322175914,0,0,2.84472384,13.8138109,-23.7564378,70.8452356,-10.9481725,-4.60328198,-18.5915376,0.00602498766,-18.205012,29.1240496,71.4523848,14.8403652,-1.24920361,22.1756349,-8.46665895,5.1631449,4.71763727,7.8188249,-1.00830198,-4.09804349,-7.98403181,-5.28484478,-13.1758157,9.8738316,-2.44233541,3.73787097
1361,-3.69214006,-0.51046107,106.264067,-0.211197641,1.62376111,3.06492376,-0.682493153,1.27768197,0.322175914,0,0,2.84472384,13.8138109,-23.7564378,70.8452356,-10.9481725,-4.60328198,-18.5915376,0.00602498766,-18.205012,29.1240496,71.4523848,14.8403652,-1.24920361,22.1756349,-8.46665895,5.1631449,4.71763727,7.8188249,-1.00830198,-4.09804349,-7.98403181,-5.28484478,-13.1758157,9.8738316,-2.44233541,3.73787097
1362,-3.69214006,-0.51046107,106.264067,-0.211197641,1.62376111,3.06492376,-0.682493153,1.27768197,0.322175914,0,0,2.84472384,13.8138109,-23.7564378,70.8452356,-10.9481725,-4.60328198,-18.5915376,0.00602498766,-18.205012,29.1240496,71.4523848,14.8403652,-1.24920361,22.1756349,-8.46665895,5.1631449,4.71763727,7.8188249,-1.00830198,-4.09804349,-7.98403181,-5.28484478,-13.1758157,9.8738316,-2.44233541,3.73787097
1363,-3.69214006,-0.51046107,106.264067,-0.211197641,1.62376111,3.06492376,-0.682493153,1.27768197,0.322175914,0,0,2.84472384,13.8138109,-23.7564378,70.8452356,-10.9481725,-4.60328198,-18.5915376,0.00602498766,-18.205012,29.1240496,71.4523848,14.8403652,-1.24920361,22.1756349,-8.46665895,5.1631449,4.71763727,7.8188249,-1.00830198,-4.09804349,-7.98403181,-5.28484478,-13.1758157,9.8738316,-2.44233541,3.73787097
1364,-3.69214006,-0.51046107,106.264067,-0.211197641,1.62376111,3.06492376,-0.682493153,1.27768197,0.322175914,0,0,2.84472384,13.8138109,-23.7564378,70.8452356,-10.9481725,-4.60328198,-18.5915376,0.00602498766,-18.205012,29.1240496,71.4523848,14.8403652,-1.24920361,22.1756349,-8.46665895,5.1631449,4.71763727,7.8188249,-1.00830198,-4.09804349,-7.98403181,-5.28484478,-13.1758157,9.8738316,-2.44233541,3.73787097
1365,-3.69214006,-0.51046107,106.264067,-0.211197641,1.62376111,3.06492376,-0.682493153,1.27768197,0.322175914,0,0,2.84472384,13.8138109,-23.7564378,70.8452356,-10.9481725,-4.60328198,-18.5915376,0.00602498766,-18.205012,29.1240496,71.4523848,14.8403652,-1.24920361,22.1756349,-8.46665895,5.1631449,4.71763727,7.8188249,-1.00830198,-4.09804349,-7.98403181,-5.28484478,-13.1758157,9.8738316,-2.44233541,3.73787097
1366,-3.69214006,-0.51046107,106.264067,-0.211197641,1.62376111,3.06492376,-0.682493153,1.27768197,0.322175914,0,0,2.84472384,13.8138109,-23.7564378,70.8452356,-10.9481725,-4.60328198,-18.5915376,0.00602498766,-18.205012,29.1240496,71.4523848,14.8403652,-1.24920361,22.1756349,-8.46665895,5.1631449,4.71763727,7.8188249,-1.00830198,-4.09804349,-7.98403181,-5.28484478,-13.1758157,9.8738316,-2.44233541,3.73787097
1367,-3.69214006,-0.51046107,106.264067,-0.211197641,1.62376111,3.06492376,-0.682493153,1.27768197,0.322175914,0,0,2.84472384,13.8138109,-23.7564378,70.8452356,-10.9481725,-4.60328198,-18.5915376,0.00602498766,-18.205012,29.1240496,71.4523848,14.8403652,-1.24920361,22.1756349,-8.46665895,5.1631449,4.71763727,7.8188249,-1.00830198,-4.09804349,-7.98403181,-5.28484478,-13.1758157,9.8738316,-2.44233541,3.73787097
1368,-3.69214006,-0.51046107,106.264067,-0.211197641,1.62376111,3.06492376,-0.682493153,1.27768197,0.322175914,0,0,2.84472384,13.8138109,-23.7564378,70.8452356,-10.9481725,-4.60328198,-18.5915376,0.00602498766,-18.205012,29.1240496,71.4523848,14.8403652,-1.24920361,22.1756349,-8.46665895,5.1631449,4.71763727,7.8188249,-1.00830198,-4.09804349,-7.98403181,-5.28484478,-13.1758157,9.8738316,-2.44233541,3.73787097
1369,-3.69214006,-0.51046107,106.264067,-0.211197641,1.62376111,3.06492376,-0.682493153,1.27768197,0.322175914,0,0,2.84472384,13.8138109,-23.7564378,70.8452356,-10.9481725,-4.60328198,-18.5915376,0.00602498766,-18.205012,29.1240496,71.4523848,14.8403652,-1.24920361,22.1756349,-8.46665895,5.1631449,4.71763727,7.8188249,-1.00830198,-4.09804349,-7.98403181,-5.28484478,-13.1758157,9.8738316,-2.44233541,3.73787097
1370,-3.69214006,-0.51046107,106.264067,-0.211197641,1.62376111,3.06492376,-0.682493153,1.27768197,0.322175914,0,0,2.84472384,13.8138109,-23.7564378,70.8452356,-10.9481725,-4.60328198,-18.5915376,0.00602498766,-18.205012,29.1240496,71.4523848,14.8403652,-1.24920361,22.1756349,-8.46665895,5.1631449,4.71763727,7.8188249,-1.00830198,-4.09804349,-7.98403181,-5.28484478,-13.1758157,9.8738316,-2.44233541,3.73787097
1371,-3.69214006,-0.51046107,106.264067,-0.211197641,1.62376111,3.06492376,-0.682493153,1.27768197,0.322175914,0,0,2.84472384,13.8138109,-23.7564378,70.8452356,-10.9481725,-4.60328198,-18.5915376,0.00602498766,-18.205012,29.1240496,71.4523848,14.8403652,-1.24920361,22.1756349,-8.46665895,5.1631449,4.71763727,7.8188249,-1.00830198,-4.09804349,-7.98403181,-5.28484478,-13.1758157,9.8738316,-2.44233541,3.73787097
1372,-3.69214006,-0.51046107,106.264067,-0.211197641,1.62376111,3.06492376,-0.682493153,1.27768197,0.322175914,0,0,2.84472384,13.8138109,-23.7564378,70.8452356,-10.9481725,-4.60328198,-18.5915376,0.00602498766,-18.205012,29.1240496,71.4523848,14.8403652,-1.24920361,22.1756349,-8.46665895,5.1631449,4.71763727,7.8188249,-1.00830198,-4.09804349,-7.98403181,-5.28484478,-13.1758157,9.8738316,-2.44233541,3.73787097
1373,-3.69214006,-0.51046107,106.264067,-0.211197641,1.62376111,3.06492376,-0.682493153,1.27768197,0.322175914,0,0,2.84472384,13.8138109,-23.7564378,70.8452356,-10.9481725,-4.60328198,-18.5915376,0.00602498766,-18.205012,29.1240496,71.4523848,14.8403652,-1.24920361,22.1756349,-8.46665895,5.1631449,4.71763727,7.8188249,-1.00830198,-4.09804349,-7.98403181,-5.28484478,-13.1758157,9.8738316,-2.44233541,3.73787097
1374,-3.69214006,-0.51046107,106.264067,-0.211197641,1.62376111,3.06492376,-0.682493153,1.27768197,0.322175914,0,0,2.84472384,13.8138109,-23.7564378,70.8452356,-10.9481725,-4.60328198,-18.5915376,0.00602498766,-18.205012,29.1240496,71.4523848,14.8403652,-1.24920361,22.1756349,-8.46665895,5.1631449,4.71763727,7.8188249,-1.00830198,-4.09804349,-7.98403181,-5.28484478,-13.1758157,9.8738316,-2.44233541,3.73787097
1375,-3.69214006,-0.51046107,106.264067,-0.211197641,1.62376111,3.06492376,-0.682493153,1.27768197,0.322175914,0,0,2.84472384,13.8138109,-23.7564378,70.8452356,-10.9481725,-4.60328198,-18.5915376,0.00602498766,-18.205012,29.1240496,71.4523848,14.8403652,-1.24920361,22.1756349,-8.46665895,5.1631449,4.71763727,7.8188249,-1.00830198,-4.09804349,-7.98403181,-5.28484478,-13.1758157,9.8738316,-2.44233541,3.73787097
1376,-3.69214006,-0.51046107,106.264067,-0.211197641,1.62376111,3.06492376,-0.682493153,1.27768197,0.322175914,0,0,2.84472384,13.8138109,-23.7564378,70.8452356,-10.9481725,-4.60328198,-18.5915376,0.00602498766,-18.205012,29.1240496,71.4523848,14.8403652,-1.24920361,22.1756349,-8.46665895,5.1631449,4.71763727,7.8188249,-1.00830198,-4.09804349,-7.98403181,-5.28484478,-13.1758157,9.8738316,-2.44233541,3.73787097
1377,-3.69214006,-0.51046107,106.264067,-0.211197641,1.62376111,3.06492376,-0.682493153,1.27768197,0.322175914,0,0,2.84472384,13.8138109,-23.7564378,70.8452356,-10.9481725,-4.60328198,-18.5915376,0.00602498766,-18.205012,29.1240496,71.4523848,14.8403652,-1.24920361,22.1756349,-8.46665895,5.1631449,4.71763727,7.8188249,-1.00830198,-4.09804349,-7.98403181,-5.28484478,-13.1758157,9.8738316,-2.44233541,3.73787097
1378,-3.69214006,-0.51046107,106.264067,-0.211197641,1.62376111,3.06492376,-0.682493153,1.27768197,0.322175914,0,0,2.84472384,13.8138109,-23.7564378,70.8452356,-10.9481725,-4.60328198,-18.5915376,0.00602498766,-18.205012,29.1240496,71.4523848,14.8403652,-1.24920361,22.1756349,-8.46665895,5.1631449,4.71763727,7.8188249,-1.00830198,-4.09804349,-7.98403181,-5.28484478,-13.1758157,9.8738316,-2.44233541,3.73787097
1379,-3.69214006,-0.51046107,106.264067,-0.211197641,1.62376111,3.06492376,-0.682493153,1.27768197,0.322175914,0,0,2.84472384,13.8138109,-23.7564378,70.8452356,-10.9481725,-4.60328198,-18.5915376,0.00602498766,-18.205012,29.1240496,71.4523848,14.8403652,-1.24920361,22.1756349,-8.46665895,5.1631449,4.71763727,7.8188249,-1.00830198,-4.09804349,-7.98403181,-5.28484478,-13.1758157,9.8738316,-2.44233541,3.73787097
1380,-3.69214006,-0.51046107,106.264067,-0.211197641,1.62376111,3.06492376,-0.682493153,1.27768197,0.322175914,0,0,2.84472384,13.8138109,-23.7564378,70.8452356,-10.9481725,-4.60328198,-18.5915376,0.00602498766,-18.205012,29.1240496,71.4523848,14.8403652,-1.24920361,22.1756349,-8.46665895,5.1631449,4.71763727,7.8188249,-1.00830198,-4.09804349,-7.98403181,-5.28484478,-13.1758157,9.8738316,-2.44233541,3.73787097
1381,-3.69214006,-0.51046107,106.264067,-0.211197641,1.62376111,3.06492376,-0.682493153,1.27768197,0.322175914,0,0,2.84472384,13.8138109,-23.7564378,70.8452356,-10.9481725,-4.60328198,-18.5915376,0.00602498766,-18.205012,29.1240496,71.4523848,14.8403652,-1.24920361,22.1756349,-8.46665895,5.1631449,4.71763727,7.8188249,-1.00830198,-4.09804349,-7.98403181,-5.28484478,-13.1758157,9.8738316,-2.44233541,3.73787097
1382,-3.69214006,-0.51046107,106.264067,-0.211197641,1.62376111,3.06492376,-0.682493153,1.27768197,0.322175914,0,0,2.84472384,13.8138109,-23.7564378,70.8452356,-10.9481725,-4.60328198,-18.5915376,0.00602498766,-18.205012,29.1240496,71.4523848,14.8403652,-1.24920361,22.1756349,-8.46665895,5.1631449,4.71763727,7.8188249,-1.00830198,-4.09804349,-7.98403181,-5.28484478,-13.1758157,9.8738316,-2.44233541,3.73787097
1383,-3.69214006,-0.51046107,106.264067,-0.211197641,1.62376111,3.06492376,-0.682493153,1.27768197,0.322175914,0,0,2.84472384,13.8138109,-23.7564378,70.8452356,-10.9481725,-4.60328198,-18.5915376,0.00602498766,-18.205012,29.1240496,71.4523848,14.8403652,-1.24920361,22.1756349,-8.46665895,5.1631449,4.71763727,7.8188249,-1.00830198,-4.09804349,-7.98403181,-5.28484478,-13.1758157,9.8738316,-2.44233541,3.73787097
1384,-3.69214006,-0.51046107,106.264067,-0.211197641,1.62376111,3.06492376,-0.682493153,1.27768197,0.322175914,0,0,2.84472384,13.8138109,-23.7564378,70.8452356,-10.9481725,-4.60328198,-18.5915376,0.00602498766,-18.205012,29.1240496,71.4523848,14.8403652,-1.24920361,22.1756349,-8.46665895,5.1631449,4.71763727,7.8188249,-1.00830198,-4.09804349,-7.98403181,-5.28484478,-13.1758157,9.8738316,-2.44233541,3.73787097
1385,-3.69214006,-0.51046107,106.264067,-0.211197641,1.62376111,3.06492376,-0.682493153,1.27768197,0.322175914,0,0,2.84472384,13.8138109,-23.7564378,70.8452356,-10.9481725,-4.60328198,-18.5915376,0.00602498766,-18.205012,29.1240496,71.4523848,14.8403652,-1.24920361,22.1756349,-8.46665895,5.1631449,4.71763727,7.8188249,-1.00830198,-4.09804349,-7.98403181,-5.28484478,-13.1758157,9.8738316,-2.44233541,3.73787097
1386,-3.69214006,-0.51046107,106.264067,-0.211197641,1.62376111,3.06492376,-0.682493153,1.27768197,0.322175914,0,0,2.84472384,13.8138109,-23.7564378,70.8452356,-10.9481725,-4.60328198,-18.5915376,0.00602498766,-18.205012,29.1240496,71.4523848,14.8403652,-1.24920361,22.1756349,-8.46665895,5.1631449,4.71763727,7.8188249,-1.00830198,-4.09804349,-7.98403181,-5.28484478,-13.1758157,9.8738316,-2.44233541,3.73787097
1387,-3.69214006,-0.51046107,106.264067,-0.211197641,1.62376111,3.06492376,-0.682493153,1.27768197,0.322175914,0,0,2.84472384,13.8138109,-23.7564378,70.8452356,-10.9481725,-4.60328198,-18.5915376,0.00602498766,-18.205012,29.1240496,71.4523848,14.8403652,-1.24920361,22.1756349,-8.46665895,5.1631449,4.71763727,7.8188249,-1.00830198,-4.09804349,-7.98403181,-5.28484478,-13.1758157,9.8738316,-2.44233541,3.73787097
1388,-3.69214006,-0.51046107,106.264067,-0.211197641,1.62376111,3.06492376,-0.682493153,1.27768197,0.322175914,0,0,2.84472384,13.8138109,-23.7564378,70.8452356,-10.9481725,-4.60328198,-18.5915376,0.00602498766,-18.205012,29.1240496,71.4523848,14.8403652,-1.24920361,22.1756349,-8.46665895,5.1631449,4.71763727,7.8188249,-1.00830198,-4.09804349,-7.98403181,-5.28484478,-13.1758157,9.8738316,-2.44233541,3.73787097
1389,-3.69214006,-0.51046107,106.264067,-0.211197641,1.62376111,3.06492376,-0.682493153,1.27768197,0.322175914,0,0,2.84472384,13.8138109,-23.7564378,70.8452356,-10.9481725,-4.60328198,-18.5915376,0.00602498766,-18.205012,29.1240496,71.4523848,14.8403652,-1.24920361,22.1756349,-8.46665895,5.1631449,4.71763727,7.8188249,-1.00830198,-4.09804349,-7.98403181,-5.28484478,-13.1758157,9.8738316,-2.44233541,3.73787097
1390,-3.69214006,-0.51046107,106.264067,-0.211197641,1.62376111,3.06492376,-0.682493153,1.27768197,0.322175914,0,0,2.84472384,13.8138109,-23.7564378,70.8452356,-10.9481725,-4.60328198,-18.5915376,0.00602498766,-18.205012,29.1240496,71.4523848,14.8403652,-1.24920361,22.1756349,-8.46665895,5.1631449,4.71763727,7.8188249,-1.00830198,-4.09804349,-7.98403181,-5.28484478,-13.1758157,9.8738316,-2.44233541,3.73787097
1391,-3.69214006,-0.51046107,106.264067,-0.211197641,1.62376111,3.06492376,-0.682493153,1.27768197,0.322175914,0,0,2.84472384,13.8138109,-23.7564378,70.8452356,-10.9481725,-4.60328198,-18.5915376,0.00602498766,-18.205012,29.1240496,71.4523848,14.8403652,-1.24920361,22.1756349,-8.46665895,5.1631449,4.71763727,7.8188249,-1.00830198,-4.09804349,-7.98403181,-5.28484478,-13.1758157,9.8738316,-2.44233541,3.73787097
1392,-3.69214006,-0.51046107,106.264067,-0.211197641,1.62376111,3.06492376,-0.682493153,1.27768197,0.322175914,0,0,2.84472384,13.8138109,-23.7564378,70.8452356,-10.9481725,-4.60328198,-18.5915376,0.00602498766,-18.205012,29.1240496,71.4523848,14.8403652,-1.24920361,22.1756349,-8.46665895,5.1631449,4.71763727,7.8188249,-1.00830198,-4.09804349,-7.98403181,-5.28484478,-13.1758157,9.8738316,-2.44233541,3.73787097
1393,-3.69214006,-0.51046107,106.264067,-0.211197641,1.62376111,3.06492376,-0.682493153,1.27768197,0.322175914,0,0,2.84472384,13.8138109,-23.7564378,70.8452356,-10.9481725,-4.60328198,-18.5915376,0.00602498766,-18.205012,29.1240496,71.4523848,14.8403652,-1.24920361,22.1756349,-8.46665895,5.1631449,4.71763727,7.8188249,-1.00830198,-4.09804349,-7.98403181,-5.28484478,-13.1758157,9.8738316,-2.44233541,3.73787097
1394,-3.69214006,-0.51046107,106.264067,-0.211197641,1.62376111,3.06492376,-0.682493153,1.27768197,0.322175914,0,0,2.84472384,13.8138109,-23.7564378,70.8452356,-10.9481725,-4.60328198,-18.5915376,0.00602498766,-18.205012,29.1240496,71.4523848,14.8403652,-1.24920361,22.1756349,-8.46665895,5.1631449,4.71763727,7.8188249,-1.00830198,-4.09804349,-7.98403181,-5.28484478,-13.1758157,9.8738316,-2.44233541,3.73787097
1395,-3.69214006,-0.51046107,106.264067,-0.211197641,1.62376111,3.06492376,-0.682493153,1.27768197,0.322175914,0,0,2.84472384,13.8138109,-23.7564378,70.8452356,-10.9481725,-4.60328198,-18.5915376,0.00602498766,-18.205012,29.1240496,71.4523848,14.8403652,-1.24920361,22.1756349,-8.46665895,5.1631449,4.71763727,7.8188249,-1.00830198,-4.09804349,-7.98403181,-5.28484478,-13.1758157,9.8738316,-2.44233541,3.73787097
1396,-3.69214006,-0.51046107,106.264067,-0.211197641,1.62376111,3.06492376,-0.682493153,1.27768197,0.322175914,0,0,2.84472384,13.8138109,-23.7564378,70.8452356,-10.9481725,-4.60328198,-18.5915376,0.00602498766,-18.205012,29.1240496,71.4523848,14.8403652,-1.24920361,22.1756349,-8.46665895,5.1631449,4.71763727,7.8188249,-1.00830198,-4.09804349,-7.98403181,-5.28484478,-13.1758157,9.8738316,-2.44233541,3.73787097
1397,-3.69214006,-0.51046107,106.264067,-0.211197641,1.62376111,3.06492376,-0.682493153,1.27768197,0.322175914,0,0,2.84472384,13.8138109,-23.7564378,70.8452356,-10.9481725,-4.60328198,-18.5915376,0.00602498766,-18.205012,29.1240496,71.4523848,14.8403652,-1.24920361,22.1756349,-8.46665895,5.1631449,4.71763727,7.8188249,-1.00830198,-4.09804349,-7.98403181,-5.28484478,-13.1758157,9.8738316,-2.44233541,3.73787097
1398,-3.69214006,-0.51046107,106.264067,-0.211197641,1.62376111,3.06492376,-0.682493153,1.27768197,0.322175914,0,0,2.84472384,13.8138109,-23.7564378,70.8452356,-10.9481725,-4.60328198,-18.5915376,0.00602498766,-18.205012,29.1240496,71.4523848,14.8403652,-1.24920361,22.1756349,-8.46665895,5.1631449,4.71763727,7.8188249,-1.00830198,-4.09804349,-7.98403181,-5.28484478,-13.1758157,9.8738316,-2.44233541,3.73787097
1399,-3.69214006,-0.51046107,106.264067,-0.211197641,1.62376111,3.06492376,-0.682493153,1.27768197,0.322175914,0,0,2.84472384,13.8138109,-23.7564378,70.8452356,-10.9481725,-4.60328198,-18.5915376,0.00602498766,-18.205012,29.1240496,71.4523848,14.8403652,-1.24920361,22.1756349,-8.46665895,5.1631449,4.71763727,7.8188249,-1.00830198,-4.09804349,-7.98403181,-5.28484478,-13.1758157,9.8738316,-2.44233541,3.73787097
1400,-3.69214006,-0.51046107,106.264067,-0.211197641,1.62376111,3.06492376,-0.682493153,1.27768197,0.322175914,0,0,2.84472384,13.8138109,-23.7564378,70.8452356,-10.9481725,-4.60328198,-18.5915376,0.00602498766,-18.205012,29.1240496,71.4523848,14.8403652,-1.24920361,22.1756349,-8.46665895,5.1631449,4.71763727,7.8188249,-1.00830198,-4.09804349,-7.98403181,-5.28484478,-13.1758157,9.8738316,-2.44233541,3.73787097
1401,-3.69214006,-0.51046107,106.264067,-0.211197641,1.62376111,3.06492376,-0.682493153,1.27768197,0.322175914,0,0,2.84472384,13.8138109,-23.7564378,70.8452356,-10.9481725,-4.60328198,-18.5915376,0.00602498766,-18.205012,29.1240496,71.4523848,14.8403652,-1.24920361,22.1756349,-8.46665895,5.1631449,4.71763727,7.8188249,-1.00830198,-4.09804349,-7.98403181,-5.28484478,-13.1758157,9.8738316,-2.44233541,3.73787097
1402,-3.69214006,-0.51046107,106.264067,-0.211197641,1.62376111,3.06492376,-0.682493153,1.27768197,0.322175914,0,0,2.84472384,13.8138109,-23.7564378,70.8452356,-10.9481725,-4.60328198,-18.5915376,0.00602498766,-18.205012,29.1240496,71.4523848,14.8403652,-1.24920361,22.1756349,-8.46665895,5.1631449,4.71763727,7.8188249,-1.00830198,-4.09804349,-7.98403181,-5.28484478,-13.1758157,9.8738316,-2.44233541,3.73787097
1403,-3.69214006,-0.51046107,106.264067,-0.211197641,1.62376111,3.06492376,-0.682493153,1.27768197,0.322175914,0,0,2.84472384,13.8138109,-23.7564378,70.8452356,-10.9481725,-4.60328198,-18.5915376,0.00602498766,-18.205012,29.1240496,71.4523848,14.8403652,-1.24920361,22.1756349,-8.46665895,5.1631449,4.71763727,7.8188249,-1.00830198,-4.09804349,-7.98403181,-5.28484478,-13.1758157,9.8738316,-2.44233541,3.73787097
1404,-3.69214006,-0.51046107,106.264067,-0.211197641,1.62376111,3.06492376,-0.682493153,1.27768197,0.322175914,0,0,2.84472384,13.8138109,-23.7564378,70.8452356,-10.9481725,-4.60328198,-18.5915376,0.00602498766,-18.205012,29.1240496,71.4523848,14.8403652,-1.24920361,22.1756349,-8.46665895,5.1631449,4.71763727,7.8188249,-1.00830198,-4.09804349,-7.98403181,-5.28484478,-13.1758157,9.8738316,-2.44233541,3.73787097
1405,-3.69214006,-0.51046107,106.264067,-0.211197641,1.62376111,3.06492376,-0.682493153,1.27768197,0.322175914,0,0,2.84472384,13.8138109,-23.7564378,70.8452356,-10.9481725,-4.60328198,-18.5915376,0.00602498766,-18.205012,29.1240496,71.4523848,14.8403652,-1.24920361,22.1756349,-8.46665895,5.1631449,4.71763727,7.8188249,-1.00830198,-4.09804349,-7.98403181,-5.28484478,-13.1758157,9.8738316,-2.44233541,3.73787097
1406,-3.69214006,-0.51046107,106.264067,-0.211197641,1.62376111,3.06492376,-0.682493153,1.27768197,0.322175914,0,0,2.84472384,13.8138109,-23.7564378,70.8452356,-10.9481725,-4.60328198,-18.5915376,0.00602498766,-18.205012,29.1240496,71.4523848,14.8403652,-1.24920361,22.1756349,-8.46665895,5.1631449,4.71763727,7.8188249,-1.00830198,-4.09804349,-7.98403181,-5.28484478,-13.1758157,9.8738316,-2.44233541,3.73787097
1407,-3.69214006,-0.51046107,106.264067,-0.211197641,1.62376111,3.06492376,-0.682493153,1.27768197,0.322175914,0,0,2.84472384,13.8138109,-23.7564378,70.8452356,-10.9481725,-4.60328198,-18.5915376,0.00602498766,-18.205012,29.1240496,71.4523848,14.8403652,-1.24920361,22.1756349,-8.46665895,5.1631449,4.71763727,7.8188249,-1.00830198,-4.09804349,-7.98403181,-5.28484478,-13.1758157,9.8738316,-2.44233541,3.73787097
1408,-3.69214006,-0.51046107,106.264067,-0.211197641,1.62376111,3.06492376,-0.682493153,1.27768197,0.322175914,0,0,2.84472384,13.8138109,-23.7564378,70.8452356,-10.9481725,-4.60328198,-18.5915376,0.00602498766,-18.205012,29.1240496,71.4523848,14.8403652,-1.24920361,22.1756349,-8.46665895,5.1631449,4.71763727,7.8188249,-1.00830198,-4.09804349,-7.98403181,-5.28484478,-13.1758157,9.8738316,-2.44233541,3.73787097
1409,-3.69214006,-0.51046107,106.264067,-0.211197641,1.62376111,3.06492376,-0.682493153,1.27768197,0.322175914,0,0,2.84472384,13.8138109,-23.7564378,70.8452356,-10.9481725,-4.60328198,-18.5915376,0.00602498766,-18.205012,29.1240496,71.4523848,14.8403652,-1.24920361,22.1756349,-8.46665895,5.1631449,4.71763727,7.8188249,-1.00830198,-4.09804349,-7.98403181,-5.28484478,-13.1758157,9.8738316,-2.44233541,3.73787097
1410,-3.69214006,-0.51046107,106.264067,-0.211197641,1.62376111,3.06492376,-0.682493153,1.27768197,0.322175914,0,0,2.84472384,13.8138109,-23.7564378,70.8452356,-10.9481725,-4.60328198,-18.5915376,0.00602498766,-18.205012,29.1240496,71.4523848,14.8403652,-1.24920361,22.1756349,-8.46665895,5.1631449,4.71763727,7.8188249,-1.00830198,-4.09804349,-7.98403181,-5.28484478,-13.1758157,9.8738316,-2.44233541,3.73787097
1411,-3.69214006,-0.51046107,106.264067,-0.211197641,1.62376111,3.06492376,-0.682493153,1.27768197,0.322175914,0,0,2.84472384,13.8138109,-23.7564378,70.8452356,-10.9481725,-4.60328198,-18.5915376,0.00602498766,-18.205012,29.1240496,71.4523848,14.8403652,-1.24920361,22.1756349,-8.46665895,5.1631449,4.71763727,7.8188249,-1.00830198,-4.09804349,-7.98403181,-5.28484478,-13.1758157,9.8738316,-2.44233541,3.73787097
1412,-3.69214006,-0.51046107,106.264067,-0.211197641,1.62376111,3.06492376,-0.682493153,1.27768197,0.322175914,0,0,2.84472384,13.8138109,-23.7564378,70.8452356,-10.9481725,-4.60328198,-18.5915376,0.00602498766,-18.205012,29.1240496,71.4523848,14.8403652,-1.24920361,22.1756349,-8.46665895,5.1631449,4.71763727,7.8188249,-1.00830198,-4.09804349,-7.98403181,-5.28484478,-13.1758157,9.8738316,-2.44233541,3.73787097
1413,-3.69214006,-0.51046107,106.264067,-0.211197641,1.62376111,3.06492376,-0.682493153,1.27768197,0.322175914,0,0,2.84472384,13.8138109,-23.7564378,70.8452356,-10.9481725,-4.60328198,-18.5915376,0.00602498766,-18.205012,29.1240496,71.4523848,14.8403652,-1.24920361,22.1756349,-8.46665895,5.1631449,4.71763727,7.8188249,-1.00830198,-4.09804349,-7.98403181,-5.28484478,-13.1758157,9.8738316,-2.44233541,3.73787097
1414,-3.69214006,-0.51046107,106.264067,-0.211197641,1.62376111,3.06492376,-0.682493153,1.27768197,0.322175914,0,0,2.84472384,13.8138109,-23.7564378,70.8452356,-10.9481725,-4.60328198,-18.5915376,0.00602498766,-18.205012,29.1240496,71.4523848,14.8403652,-1.24920361,22.1756349,-8.46665895,5.1631449,4.71763727,7.8188249,-1.00830198,-4.09804349,-7.98403181,-5.28484478,-13.1758157,9.8738316,-2.44233541,3.73787097
1415,-3.69214006,-0.51046107,106.264067,-0.211197641,1.62376111,3.06492376,-0.682493153,1.27768197,0.322175914,0,0,2.84472384,13.8138109,-23.7564378,70.8452356,-10.9481725,-4.60328198,-18.5915376,0.00602498766,-18.205012,29.1240496,71.4523848,14.8403652,-1.24920361,22.1756349,-8.46665895,5.1631449,4.71763727,7.8188249,-1.00830198,-4.09804349,-7.98403181,-5.28484478,-13.1758157,9.8738316,-2.44233541,3.73787097
1416,-3.69214006,-0.51046107,106.264067,-0.211197641,1.62376111,3.06492376,-0.682493153,1.27768197,0.322175914,0,0,2.84472384,13.8138109,-23.7564378,70.8452356,-10.9481725,-4.60328198,-18.5915376,0.00602498766,-18.205012,29.1240496,71.4523848,14.8403652,-1.24920361,22.1756349,-8.46665895,5.1631449,4.71763727,7.8188249,-1.00830198,-4.09804349,-7.98403181,-5.28484478,-13.1758157,9.8738316,-2.44233541,3.73787097
1417,-3.69214006,-0.51046107,106.264067,-0.211197641,1.62376111,3.06492376,-0.682493153,1.27768197,0.322175914,0,0,2.84472384,13.8138109,-23.7564378,70.8452356,-10.9481725,-4.60328198,-18.5915376,0.00602498766,-18.205012,29.1240496,71.4523848,14.8403652,-1.24920361,22.1756349,-8.46665895,5.1631449,4.71763727,7.8188249,-1.00830198,-4.09804349,-7.98403181,-5.28484478,-13.1758157,9.8738316,-2.44233541,3.73787097
1418,-3.69214006,-0.51046107,106.264067,-0.211197641,1.62376111,3.06492376,-0.682493153,1.27768197,0.322175914,0,0,2.84472384,13.8138109,-23.7564378,70.8452356,-10.9481725,-4.60328198,-18.5915376,0.00602498766,-18.205012,29.1240496,71.4523848,14.8403652,-1.24920361,22.1756349,-8.46665895,5.1631449,4.71763727,7.8188249,-1.00830198,-4.09804349,-7.98403181,-5.28484478,-13.1758157,9.8738316,-2.44233541,3.73787097
1419,-3.69214006,-0.51046107,106.264067,-0.211197641,1.62376111,3.06492376,-0.682493153,1.27768197,0.322175914,0,0,2.84472384,13.8138109,-23.7564378,70.8452356,-10.9481725,-4.60328198,-18.5915376,0.00602498766,-18.205012,29.1240496,71.4523848,14.8403652,-1.24920361,22.1756349,-8.46665895,5.1631449,4.71763727,7.8188249,-1.00830198,-4.09804349,-7.98403181,-5.28484478,-13.1758157,9.8738316,-2.44233541,3.73787097
1420,-3.69214006,-0.51046107,106.264067,-0.211197641,1.62376111,3.06492376,-0.682493153,1.27768197,0.322175914,0,0,2.84472384,13.8138109,-23.7564378,70.8452356,-10.9481725,-4.60328198,-18.5915376,0.00602498766,-18.205012,29.1240496,71.4523848,14.8403652,-1.24920361,22.1756349,-8.46665895,5.1631449,4.71763727,7.8188249,-1.00830198,-4.09804349,-7.98403181,-5.28484478,-13.1758157,9.8738316,-2.44233541,3.73787097
1421,-3.69214006,-0.51046107,106.264067,-0.211197641,1.62376111,3.06492376,-0.682493153,1.27768197,0.322175914,0,0,2.84472384,13.8138109,-23.7564378,70.8452356,-10.9481725,-4.60328198,-18.5915376,0.00602498766,-18.205012,29.1240496,71.4523848,14.8403652,-1.24920361,22.1756349,-8.46665895,5.1631449,4.71763727,7.8188249,-1.00830198,-4.09804349,-7.98403181,-5.28484478,-13.1758157,9.8738316,-2.44233541,3.73787097
1422,-3.69214006,-0.51046107,106.264067,-0.211197641,1.62376111,3.06492376,-0.682493153,1.27768197,0.322175914,0,0,2.84472384,13.8138109,-23.7564378,70.8452356,-10.9481725,-4.60328198,-18.5915376,0.00602498766,-18.205012,29.1240496,71.4523848,14.8403652,-1.24920361,22.1756349,-8.46665895,5.1631449,4.71763727,7.8188249,-1.00830198,-4.09804349,-7.98403181,-5.28484478,-13.1758157,9.8738316,-2.44233541,3.73787097
1423,-3.69214006,-0.51046107,106.264067,-0.211197641,1.62376111,3.06492376,-0.682493153,1.27768197,0.322175914,0,0,2.84472384,13.8138109,-23.7564378,70.8452356,-10.9481725,-4.60328198,-18.5915376,0.00602498766,-18.205012,29.1240496,71.4523848,14.8403652,-1.24920361,22.1756349,-8.46665895,5.1631449,4.71763727,7.8188249,-1.00830198,-4.09804349,-7.98403181,-5.28484478,-13.1758157,9.8738316,-2.44233541,3.73787097
1424,-3.69214006,-0.51046107,106.264067,-0.211197641,1.62376111,3.06492376,-0.682493153,1.27768197,0.322175914,0,0,2.84472384,13.8138109,-23.7564378,70.8452356,-10.9481725,-4.60328198,-18.5915376,0.00602498766,-18.205012,29.1240496,71.4523848,14.8403652,-1.24920361,22.1756349,-8.46665895,5.1631449,4.71763727,7.8188249,-1.00830198,-4.09804349,-7.98403181,-5.28484478,-13.1758157,9.8738316,-2.44233541,3.73787097
1425,-3.69214006,-0.51046107,106.264067,-0.211197641,1.62376111,3.06492376,-0.682493153,1.27768197,0.322175914,0,0,2.84472384,13.8138109,-23.7564378,70.8452356,-10.9481725,-4.60328198,-18.5915376,0.00602498766,-18.205012,29.1240496,71.4523848,14.8403652,-1.24920361,22.1756349,-8.46665895,5.1631449,4.71763727,7.8188249,-1.00830198,-4.09804349,-7.98403181,-5.28484478,-13.1758157,9.8738316,-2.44233541,3.73787097
1426,-3.69214006,-0.51046107,106.264067,-0.211197641,1.62376111,3.06492376,-0.682493153,1.27768197,0.322175914,0,0,2.84472384,13.8138109,-23.7564378,70.8452356,-10.9481725,-4.60328198,-18.5915376,0.00602498766,-18.205012,29.1240496,71.4523848,14.8403652,-1.24920361,22.1756349,-8.46665895,5.1631449,4.71763727,7.8188249,-1.00830198,-4.09804349,-7.98403181,-5.28484478,-13.1758157,9.8738316,-2.44233541,3.73787097
1427,-3.69214006,-0.51046107,106.264067,-0.211197641,1.62376111,3.06492376,-0.682493153,1.27768197,0.322175914,0,0,2.84472384,13.8138109,-23.7564378,70.8452356,-10.9481725,-4.60328198,-18.5915376,0.00602498766,-18.205012,29.1240496,71.4523848,14.8403652,-1.24920361,22.1756349,-8.46665895,5.1631449,4.71763727,7.8188249,-1.00830198,-4.09804349,-7.98403181,-5.28484478,-13.1758157,9.8738316,-2.44233541,3.73787097
1428,-3.69214006,-0.51046107,106.264067,-0.211197641,1.62376111,3.06492376,-0.682493153,1.27768197,0.322175914,0,0,2.84472384,13.8138109,-23.7564378,70.8452356,-10.9481725,-4.60328198,-18.5915376,0.00602498766,-18.205012,29.1240496,71.4523848,14.8403652,-1.24920361,22.1756349,-8.46665895,5.1631449,4.71763727,7.8188249,-1.00830198,-4.09804349,-7.98403181,-5.28484478,-13.1758157,9.8738316,-2.44233541,3.73787097
1429,-3.69214006,-0.51046107,106.264067,-0.211197641,1.62376111,3.06492376,-0.682493153,1.27768197,0.322175914,0,0,2.84472384,13.8138109,-23.7564378,70.8452356,-10.9481725,-4.60328198,-18.5915376,0.00602498766,-18.205012,29.1240496,71.4523848,14.8403652,-1.24920361,22.1756349,-8.46665895,5.1631449,4.71763727,7.8188249,-1.00830198,-4.09804349,-7.98403181,-5.28484478,-13.1758157,9.8738316,-2.44233541,3.73787097
1430,-3.69214006,-0.51046107,106.264067,-0.211197641,1.62376111,3.06492376,-0.682493153,1.27768197,0.322175914,0,0,2.84472384,13.8138109,-23.7564378,70.8452356,-10.9481725,-4.60328198,-18.5915376,0.00602498766,-18.205012,29.1240496,71.4523848,14.8403652,-1.24920361,22.1756349,-8.46665895,5.1631449,4.71763727,7.8188249,-1.00830198,-4.09804349,-7.98403181,-5.28484478,-13.1758157,9.8738316,-2.44233541,3.73787097
1431,-3.69214006,-0.51046107,106.264067,-0.211197641,1.62376111,3.06492376,-0.682493153,1.27768197,0.322175914,0,0,2.84472384,13.8138109,-23.7564378,70.8452356,-10.9481725,-4.60328198,-18.5915376,0.00602498766,-18.205012,29.1240496,71.4523848,14.8403652,-1.24920361,22.1756349,-8.46665895,5.1631449,4.71763727,7.8188249,-1.00830198,-4.09804349,-7.98403181,-5.28484478,-13.1758157,9.8738316,-2.44233541,3.73787097
1432,-3.69214006,-0.51046107,106.264067,-0.211197641,1.62376111,3.06492376,-0.682493153,1.27768197,0.322175914,0,0,2.84472384,13.8138109,-23.7564378,70.8452356,-10.9481725,-4.60328198,-18.5915376,0.00602498766,-18.205012,29.1240496,71.4523848,14.8403652,-1.24920361,22.1756349,-8.46665895,5.1631449,4.71763727,7.8188249,-1.00830198,-4.09804349,-7.98403181,-5.28484478,-13.1758157,9.8738316,-2.44233541,3.73787097
1433,-3.69214006,-0.51046107,106.264067,-0.211197641,1.62376111,3.06492376,-0.682493153,1.27768197,0.322175914,0,0,2.84472384,13.8138109,-23.7564378,70.8452356,-10.9481725,-4.60328198,-18.5915376,0.00602498766,-18.205012,29.1240496,71.4523848,14.8403652,-1.24920361,22.1756349,-8.46665895,5.1631449,4.71763727,7.8188249,-1.00830198,-4.09804349,-7.98403181,-5.28484478,-13.1758157,9.8738316,-2.44233541,3.73787097
1434,-3.69214006,-0.51046107,106.264067,-0.211197641,1.62376111,3.06492376,-0.682493153,1.27768197,0.322175914,0,0,2.84472384,13.8138109,-23.7564378,70.8452356,-10.9481725,-4.60328198,-18.5915376,0.00602498766,-18.205012,29.1240496,71.4523848,14.8403652,-1.24920361,22.1756349,-8.46665895,5.1631449,4.71763727,7.8188249,-1.00830198,-4.09804349,-7.98403181,-5.28484478,-13.1758157,9.8738316,-2.44233541,3.73787097
1435,-3.69214006,-0.51046107,106.264067,-0.211197641,1.62376111,3.06492376,-0.682493153,1.27768197,0.322175914,0,0,2.84472384,13.8138109,-23.7564378,70.8452356,-10.9481725,-4.60328198,-18.5915376,0.00602498766,-18.205012,29.1240496,71.4523848,14.8403652,-1.24920361,22.1756349,-8.46665895,5.1631449,4.71763727,7.8188249,-1.00830198,-4.09804349,-7.98403181,-5.28484478,-13.1758157,9.8738316,-2.44233541,3.73787097
1436,-3.69214006,-0.51046107,106.264067,-0.211197641,1.62376111,3.06492376,-0.682493153,1.27768197,0.322175914,0,0,2.84472384,13.8138109,-23.7564378,70.8452356,-10.9481725,-4.60328198,-18.5915376,0.00602498766,-18.205012,29.1240496,71.4523848,14.8403652,-1.24920361,22.1756349,-8.46665895,5.1631449,4.71763727,7.8188249,-1.00830198,-4.09804349,-7.98403181,-5.28484478,-13.1758157,9.8738316,-2.44233541,3.73787097
1437,-3.69214006,-0.51046107,106.264067,-0.211197641,1.62376111,3.06492376,-0.682493153,1.27768197,0.322175914,0,0,2.84472384,13.8138109,-23.7564378,70.8452356,-10.9481725,-4.60328198,-18.5915376,0.00602498766,-18.205012,29.1240496,71.4523848,14.8403652,-1.24920361,22.1756349,-8.46665895,5.1631449,4.71763727,7.8188249,-1.00830198,-4.09804349,-7.98403181,-5.28484478,-13.1758157,9.8738316,-2.44233541,3.73787097
1438,-3.69214006,-0.51046107,106.264067,-0.211197641,1.62376111,3.06492376,-0.682493153,1.27768197,0.322175914,0,0,2.84472384,13.8138109,-23.7564378,70.8452356,-10.9481725,-4.60328198,-18.5915376,0.00602498766,-18.205012,29.1240496,71.4523848,14.8403652,-1.24920361,22.1756349,-8.46665895,5.1631449,4.71763727,7.8188249,-1.00830198,-4.09804349,-7.98403181,-5.28484478,-13.1758157,9.8738316,-2.44233541,3.73787097
1439,-3.69214006,-0.51046107,106.264067,-0.211197641,1.62376111,3.06492376,-0.682493153,1.27768197,0.322175914,0,0,2.84472384,13.8138109,-23.7564378,70.8452356,-10.9481725,-4.60328198,-18.5915376,0.00602498766,-18.205012,29.1240496,71.4523848,14.8403652,-1.24920361,22.1756349,-8.46665895,5.1631449,4.71763727,7.8188249,-1.00830198,-4.09804349,-7.98403181,-5.28484478,-13.1758157,9.8738316,-2.44233541,3.73787097
1440,-3.69214006,-0.51046107,106.264067,-0.211197641,1.62376111,3.06492376,-0.682493153,1.27768197,0.322175914,0,0,2.84472384,13.8138109,-23.7564378,70.8452356,-10.9481725,-4.60328198,-18.5915376,0.00602498766,-18.205012,29.1240496,71.4523848,14.8403652,-1.24920361,22.1756349,-8.46665895,5.1631449,4.71763727,7.8188249,-1.00830198,-4.09804349,-7.98403181,-5.28484478,-13.1758157,9.8738316,-2.44233541,3.73787097
1441,-3.69214006,-0.51046107,106.264067,-0.211197641,1.62376111,3.06492376,-0.682493153,1.27768197,0.322175914,0,0,2.84472384,13.8138109,-23.7564378,70.8452356,-10.9481725,-4.60328198,-18.5915376,0.00602498766,-18.205012,29.1240496,71.4523848,14.8403652,-1.24920361,22.1756349,-8.46665895,5.1631449,4.71763727,7.8188249,-1.00830198,-4.09804349,-7.98403181,-5.28484478,-13.1758157,9.8738316,-2.44233541,3.73787097
1442,-3.69214006,-0.51046107,106.264067,-0.211197641,1.62376111,3.06492376,-0.682493153,1.27768197,0.322175914,0,0,2.84472384,13.8138109,-23.7564378,70.8452356,-10.9481725,-4.60328198,-18.5915376,0.00602498766,-18.205012,29.1240496,71.4523848,14.8403652,-1.24920361,22.1756349,-8.46665895,5.1631449,4.71763727,7.8188249,-1.00830198,-4.09804349,-7.98403181,-5.28484478,-13.1758157,9.8738316,-2.44233541,3.73787097
1443,-3.69214006,-0.51046107,106.264067,-0.211197641,1.62376111,3.06492376,-0.682493153,1.27768197,0.322175914,0,0,2.84472384,13.8138109,-23.7564378,70.8452356,-10.9481725,-4.60328198,-18.5915376,0.00602498766,-18.205012,29.1240496,71.4523848,14.8403652,-1.24920361,22.1756349,-8.46665895,5.1631449,4.71763727,7.8188249,-1.00830198,-4.09804349,-7.98403181,-5.28484478,-13.1758157,9.8738316,-2.44233541,3.73787097
1444,-3.69214006,-0.51046107,106.264067,-0.211197641,1.62376111,3.06492376,-0.682493153,1.27768197,0.322175914,0,0,2.84472384,13.8138109,-23.7564378,70.8452356,-10.9481725,-4.60328198,-18.5915376,0.00602498766,-18.205012,29.1240496,71.4523848,14.8403652,-1.24920361,22.1756349,-8.46665895,5.1631449,4.71763727,7.8188249,-1.00830198,-4.09804349,-7.98403181,-5.28484478,-13.1758157,9.8738316,-2.44233541,3.73787097
1445,-3.69214006,-0.51046107,106.264067,-0.211197641,1.62376111,3.06492376,-0.682493153,1.27768197,0.322175914,0,0,2.84472384,13.8138109,-23.7564378,70.8452356,-10.9481725,-4.60328198,-18.5915376,0.00602498766,-18.205012,29.1240496,71.4523848,14.8403652,-1.24920361,22.1756349,-8.46665895,5.1631449,4.71763727,7.8188249,-1.00830198,-4.09804349,-7.98403181,-5.28484478,-13.1758157,9.8738316,-2.44233541,3.73787097
1446,-3.69214006,-0.51046107,106.264067,-0.211197641,1.62376111,3.06492376,-0.682493153,1.27768197,0.322175914,0,0,2.84472384,13.8138109,-23.7564378,70.8452356,-10.9481725,-4.60328198,-18.5915376,0.00602498766,-18.205012,29.1240496,71.4523848,14.8403652,-1.24920361,22.1756349,-8.46665895,5.1631449,4.71763727,7.8188249,-1.00830198,-4.09804349,-7.98403181,-5.28484478,-13.1758157,9.8738316,-2.44233541,3.73787097
1447,-3.69214006,-0.51046107,106.264067,-0.211197641,1.62376111,3.06492376,-0.682493153,1.27768197,0.322175914,0,0,2.84472384,13.8138109,-23.7564378,70.8452356,-10.9481725,-4.60328198,-18.5915376,0.00602498766,-18.205012,29.1240496,71.4523848,14.8403652,-1.24920361,22.1756349,-8.46665895,5.1631449,4.71763727,7.8188249,-1.00830198,-4.09804349,-7.98403181,-5.28484478,-13.1758157,9.8738316,-2.44233541,3.73787097
1448,-3.69214006,-0.51046107,106.264067,-0.211197641,1.62376111,3.06492376,-0.682493153,1.27768197,0.322175914,0,0,2.84472384,13.8138109,-23.7564378,70.8452356,-10.9481725,-4.60328198,-18.5915376,0.00602498766,-18.205012,29.1240496,71.4523848,14.8403652,-1.24920361,22.1756349,-8.46665895,5.1631449,4.71763727,7.8188249,-1.00830198,-4.09804349,-7.98403181,-5.28484478,-13.1758157,9.8738316,-2.44233541,3.73787097
1449,-3.69214006,-0.51046107,106.264067,-0.211197641,1.62376111,3.06492376,-0.682493153,1.27768197,0.322175914,0,0,2.84472384,13.8138109,-23.7564378,70.8452356,-10.9481725,-4.60328198,-18.5915376,0.00602498766,-18.205012,29.1240496,71.4523848,14.8403652,-1.24920361,22.1756349,-8.46665895,5.1631449,4.71763727,7.8188249,-1.00830198,-4.09804349,-7.98403181,-5.28484478,-13.1758157,9.8738316,-2.44233541,3.73787097
1450,-3.69214006,-0.51046107,106.264067,-0.211197641,1.62376111,3.06492376,-0.682493153,1.27768197,0.322175914,0,0,2.84472384,13.8138109,-23.7564378,70.8452356,-10.9481725,-4.60328198,-18.5915376,0.00602498766,-18.205012,29.1240496,71.4523848,14.8403652,-1.24920361,22.1756349,-8.46665895,5.1631449,4.71763727,7.8188249,-1.00830198,-4.09804349,-7.98403181,-5.28484478,-13.1758157,9.8738316,-2.44233541,3.73787097
1451,-3.69214006,-0.51046107,106.264067,-0.211197641,1.62376111,3.06492376,-0.682493153,1.27768197,0.322175914,0,0,2.84472384,13.8138109,-23.7564378,70.8452356,-10.9481725,-4.60328198,-18.5915376,0.00602498766,-18.205012,29.1240496,71.4523848,14.8403652,-1.24920361,22.1756349,-8.46665895,5.1631449,4.71763727,7.8188249,-1.00830198,-4.09804349,-7.98403181,-5.28484478,-13.1758157,9.8738316,-2.44233541,3.73787097
1452,-3.69214006,-0.51046107,106.264067,-0.211197641,1.62376111,3.06492376,-0.682493153,1.27768197,0.322175914,0,0,2.84472384,13.8138109,-23.7564378,70.8452356,-10.9481725,-4.60328198,-18.5915376,0.00602498766,-18.205012,29.1240496,71.4523848,14.8403652,-1.24920361,22.1756349,-8.46665895,5.1631449,4.71763727,7.8188249,-1.00830198,-4.09804349,-7.98403181,-5.28484478,-13.1758157,9.8738316,-2.44233541,3.73787097
1453,-3.69214006,-0.51046107,106.264067,-0.211197641,1.62376111,3.06492376,-0.682493153,1.27768197,0.322175914,0,0,2.84472384,13.8138109,-23.7564378,70.8452356,-10.9481725,-4.60328198,-18.5915376,0.00602498766,-18.205012,29.1240496,71.4523848,14.8403652,-1.24920361,22.1756349,-8.46665895,5.1631449,4.71763727,7.8188249,-1.00830198,-4.09804349,-7.98403181,-5.28484478,-13.1758157,9.8738316,-2.44233541,3.73787097
1454,-3.69214006,-0.51046107,106.264067,-0.211197641,1.62376111,3.06492376,-0.682493153,1.27768197,0.322175914,0,0,2.84472384,13.8138109,-23.7564378,70.8452356,-10.9481725,-4.60328198,-18.5915376,0.00602498766,-18.205012,29.1240496,71.4523848,14.8403652,-1.24920361,22.1756349,-8.46665895,5.1631449,4.71763727,7.8188249,-1.00830198,-4.09804349,-7.98403181,-5.28484478,-13.1758157,9.8738316,-2.44233541,3.73787097
1455,-3.69214006,-0.51046107,106.264067,-0.211197641,1.62376111,3.06492376,-0.682493153,1.27768197,0.322175914,0,0,2.84472384,13.8138109,-23.7564378,70.8452356,-10.9481725,-4.60328198,-18.5915376,0.00602498766,-18.205012,29.1240496,71.4523848,14.8403652,-1.24920361,22.1756349,-8.46665895,5.1631449,4.71763727,7.8188249,-1.00830198,-4.09804349,-7.98403181,-5.28484478,-13.1758157,9.8738316,-2.44233541,3.73787097
1456,-3.69214006,-0.51046107,106.264067,-0.211197641,1.62376111,3.06492376,-0.682493153,1.27768197,0.322175914,0,0,2.84472384,13.8138109,-23.7564378,70.8452356,-10.9481725,-4.60328198,-18.5915376,0.00602498766,-18.205012,29.1240496,71.4523848,14.8403652,-1.24920361,22.1756349,-8.46665895,5.1631449,4.71763727,7.8188249,-1.00830198,-4.09804349,-7.98403181,-5.28484478,-13.1758157,9.8738316,-2.44233541,3.73787097
1457,-3.69214006,-0.51046107,106.264067,-0.211197641,1.62376111,3.06492376,-0.682493153,1.27768197,0.322175914,0,0,2.84472384,13.8138109,-23.7564378,70.8452356,-10.9481725,-4.60328198,-18.5915376,0.00602498766,-18.205012,29.1240496,71.4523848,14.8403652,-1.24920361,22.1756349,-8.46665895,5.1631449,4.71763727,7.8188249,-1.00830198,-4.09804349,-7.98403181,-5.28484478,-13.1758157,9.8738316,-2.44233541,3.73787097
1458,-3.69214006,-0.51046107,106.264067,-0.211197641,1.62376111,3.06492376,-0.682493153,1.27768197,0.322175914,0,0,2.84472384,13.8138109,-23.7564378,70.8452356,-10.9481725,-4.60328198,-18.5915376,0.00602498766,-18.205012,29.1240496,71.4523848,14.8403652,-1.24920361,22.1756349,-8.46665895,5.1631449,4.71763727,7.8188249,-1.00830198,-4.09804349,-7.98403181,-5.28484478,-13.1758157,9.8738316,-2.44233541,3.73787097
1459,-3.69214006,-0.51046107,106.264067,-0.211197641,1.62376111,3.06492376,-0.682493153,1.27768197,0.322175914,0,0,2.84472384,13.8138109,-23.7564378,70.8452356,-10.9481725,-4.60328198,-18.5915376,0.00602498766,-18.205012,29.1240496,71.4523848,14.8403652,-1.24920361,22.1756349,-8.46665895,5.1631449,4.71763727,7.8188249,-1.00830198,-4.09804349,-7.98403181,-5.28484478,-13.1758157,9.8738316,-2.44233541,3.73787097
1460,-3.69214006,-0.51046107,106.264067,-0.211197641,1.62376111,3.06492376,-0.682493153,1.27768197,0.322175914,0,0,2.84472384,13.8138109,-23.7564378,70.8452356,-10.9481725,-4.60328198,-18.5915376,0.00602498766,-18.205012,29.1240496,71.4523848,14.8403652,-1.24920361,22.1756349,-8.46665895,5.1631449,4.71763727,7.8188249,-1.00830198,-4.09804349,-7.98403181,-5.28484478,-13.1758157,9.8738316,-2.44233541,3.73787097
1461,-3.69214006,-0.51046107,106.264067,-0.211197641,1.62376111,3.06492376,-0.682493153,1.27768197,0.322175914,0,0,2.84472384,13.8138109,-23.7564378,70.8452356,-10.9481725,-4.60328198,-18.5915376,0.00602498766,-18.205012,29.1240496,71.4523848,14.8403652,-1.24920361,22.1756349,-8.46665895,5.1631449,4.71763727,7.8188249,-1.00830198,-4.09804349,-7.98403181,-5.28484478,-13.1758157,9.8738316,-2.44233541,3.73787097
1462,-3.69214006,-0.51046107,106.264067,-0.211197641,1.62376111,3.06492376,-0.682493153,1.27768197,0.322175914,0,0,2.84472384,13.8138109,-23.7564378,70.8452356,-10.9481725,-4.60328198,-18.5915376,0.00602498766,-18.205012,29.1240496,71.4523848,14.8403652,-1.24920361,22.1756349,-8.46665895,5.1631449,4.71763727,7.8188249,-1.00830198,-4.09804349,-7.98403181,-5.28484478,-13.1758157,9.8738316,-2.44233541,3.73787097
1463,-3.69214006,-0.51046107,106.264067,-0.211197641,1.62376111,3.06492376,-0.682493153,1.27768197,0.322175914,0,0,2.84472384,13.8138109,-23.7564378,70.8452356,-10.9481725,-4.60328198,-18.5915376,0.00602498766,-18.205012,29.1240496,71.4523848,14.8403652,-1.24920361,22.1756349,-8.46665895,5.1631449,4.71763727,7.8188249,-1.00830198,-4.09804349,-7.98403181,-5.28484478,-13.1758157,9.8738316,-2.44233541,3.73787097
1464,-3.69214006,-0.51046107,106.264067,-0.211197641,1.62376111,3.06492376,-0.682493153,1.27768197,0.322175914,0,0,2.84472384,13.8138109,-23.7564378,70.8452356,-10.9481725,-4.60328198,-18.5915376,0.00602498766,-18.205012,29.1240496,71.4523848,14.8403652,-1.24920361,22.1756349,-8.46665895,5.1631449,4.71763727,7.8188249,-1.00830198,-4.09804349,-7.98403181,-5.28484478,-13.1758157,9.8738316,-2.44233541,3.73787097
1465,-3.69214006,-0.51046107,106.264067,-0.211197641,1.62376111,3.06492376,-0.682493153,1.27768197,0.322175914,0,0,2.84472384,13.8138109,-23.7564378,70.8452356,-10.9481725,-4.60328198,-18.5915376,0.00602498766,-18.205012,29.1240496,71.4523848,14.8403652,-1.24920361,22.1756349,-8.46665895,5.1631449,4.71763727,7.8188249,-1.00830198,-4.09804349,-7.98403181,-5.28484478,-13.1758157,9.8738316,-2.44233541,3.73787097
1466,-3.69214006,-0.51046107,106.264067,-0.211197641,1.62376111,3.06492376,-0.682493153,1.27768197,0.322175914,0,0,2.84472384,13.8138109,-23.7564378,70.8452356,-10.9481725,-4.60328198,-18.5915376,0.00602498766,-18.205012,29.1240496,71.4523848,14.8403652,-1.24920361,22.1756349,-8.46665895,5.1631449,4.71763727,7.8188249,-1.00830198,-4.09804349,-7.98403181,-5.28484478,-13.1758157,9.8738316,-2.44233541,3.73787097
1467,-3.69214006,-0.51046107,106.264067,-0.211197641,1.62376111,3.06492376,-0.682493153,1.27768197,0.322175914,0,0,2.84472384,13.8138109,-23.7564378,70.8452356,-10.9481725,-4.60328198,-18.5915376,0.00602498766,-18.205012,29.1240496,71.4523848,14.8403652,-1.24920361,22.1756349,-8.46665895,5.1631449,4.71763727,7.8188249,-1.00830198,-4.09804349,-7.98403181,-5.28484478,-13.1758157,9.8738316,-2.44233541,3.73787097
1468,-3.69214006,-0.51046107,106.264067,-0.211197641,1.62376111,3.06492376,-0.682493153,1.27768197,0.322175914,0,0,2.84472384,13.8138109,-23.7564378,70.8452356,-10.9481725,-4.60328198,-18.5915376,0.00602498766,-18.205012,29.1240496,71.4523848,14.8403652,-1.24920361,22.1756349,-8.46665895,5.1631449,4.71763727,7.8188249,-1.00830198,-4.09804349,-7.98403181,-5.28484478,-13.1758157,9.8738316,-2.44233541,3.73787097
1469,-3.69214006,-0.51046107,106.264067,-0.211197641,1.62376111,3.06492376,-0.682493153,1.27768197,0.322175914,0,0,2.84472384,13.8138109,-23.7564378,70.8452356,-10.9481725,-4.60328198,-18.5915376,0.00602498766,-18.205012,29.1240496,71.4523848,14.8403652,-1.24920361,22.1756349,-8.46665895,5.1631449,4.71763727,7.8188249,-1.00830198,-4.09804349,-7.98403181,-5.28484478,-13.1758157,9.8738316,-2.44233541,3.73787097
1470,-3.69214006,-0.51046107,106.264067,-0.211197641,1.62376111,3.06492376,-0.682493153,1.27768197,0.322175914,0,0,2.84472384,13.8138109,-23.7564378,70.8452356,-10.9481725,-4.60328198,-18.5915376,0.00602498766,-18.205012,29.1240496,71.4523848,14.8403652,-1.24920361,22.1756349,-8.46665895,5.1631449,4.71763727,7.8188249,-1.00830198,-4.09804349,-7.98403181,-5.28484478,-13.1758157,9.8738316,-2.44233541,3.73787097
1471,-3.69214006,-0.51046107,106.264067,-0.211197641,1.62376111,3.06492376,-0.682493153,1.27768197,0.322175914,0,0,2.84472384,13.8138109,-23.7564378,70.8452356,-10.9481725,-4.60328198,-18.5915376,0.00602498766,-18.205012,29.1240496,71.4523848,14.8403652,-1.24920361,22.1756349,-8.46665895,5.1631449,4.71763727,7.8188249,-1.00830198,-4.09804349,-7.98403181,-5.28484478,-13.1758157,9.8738316,-2.44233541,3.73787097
1472,-3.69214006,-0.51046107,106.264067,-0.211197641,1.62376111,3.06492376,-0.682493153,1.27768197,0.322175914,0,0,2.84472384,13.8138109,-23.7564378,70.8452356,-10.9481725,-4.60328198,-18.5915376,0.00602498766,-18.205012,29.1240496,71.4523848,14.8403652,-1.24920361,22.1756349,-8.46665895,5.1631449,4.71763727,7.8188249,-1.00830198,-4.09804349,-7.98403181,-5.28484478,-13.1758157,9.8738316,-2.44233541,3.73787097
1473,-3.69214006,-0.51046107,106.264067,-0.211197641,1.62376111,3.06492376,-0.682493153,1.27768197,0.322175914,0,0,2.84472384,13.8138109,-23.7564378,70.8452356,-10.9481725,-4.60328198,-18.5915376,0.00602498766,-18.205012,29.1240496,71.4523848,14.8403652,-1.24920361,22.1756349,-8.46665895,5.1631449,4.71763727,7.8188249,-1.00830198,-4.09804349,-7.98403181,-5.28484478,-13.1758157,9.8738316,-2.44233541,3.73787097
1474,-3.69214006,-0.51046107,106.264067,-0.211197641,1.62376111,3.06492376,-0.682493153,1.27768197,0.322175914,0,0,2.84472384,13.8138109,-23.7564378,70.8452356,-10.9481725,-4.60328198,-18.5915376,0.00602498766,-18.205012,29.1240496,71.4523848,14.8403652,-1.24920361,22.1756349,-8.46665895,5.1631449,4.71763727,7.8188249,-1.00830198,-4.09804349,-7.98403181,-5.28484478,-13.1758157,9.8738316,-2.44233541,3.73787097
1475,-3.69214006,-0.51046107,106.264067,-0.211197641,1.62376111,3.06492376,-0.682493153,1.27768197,0.322175914,0,0,2.84472384,13.8138109,-23.7564378,70.8452356,-10.9481725,-4.60328198,-18.5915376,0.00602498766,-18.205012,29.1240496,71.4523848,14.8403652,-1.24920361,22.1756349,-8.46665895,5.1631449,4.71763727,7.8188249,-1.00830198,-4.09804349,-7.98403181,-5.28484478,-13.1758157,9.8738316,-2.44233541,3.73787097
1476,-3.69214006,-0.51046107,106.264067,-0.211197641,1.62376111,3.06492376,-0.682493153,1.27768197,0.322175914,0,0,2.84472384,13.8138109,-23.7564378,70.8452356,-10.9481725,-4.60328198,-18.5915376,0.00602498766,-18.205012,29.1240496,71.4523848,14.8403652,-1.24920361,22.1756349,-8.46665895,5.1631449,4.71763727,7.8188249,-1.00830198,-4.09804349,-7.98403181,-5.28484478,-13.1758157,9.8738316,-2.44233541,3.73787097
1477,-3.69214006,-0.51046107,106.264067,-0.211197641,1.62376111,3.06492376,-0.682493153,1.27768197,0.322175914,0,0,2.84472384,13.8138109,-23.7564378,70.8452356,-10.9481725,-4.60328198,-18.5915376,0.00602498766,-18.205012,29.1240496,71.4523848,14.8403652,-1.24920361,22.1756349,-8.46665895,5.1631449,4.71763727,7.8188249,-1.00830198,-4.09804349,-7.98403181,-5.28484478,-13.1758157,9.8738316,-2.44233541,3.73787097
1478,-3.69214006,-0.51046107,106.264067,-0.211197641,1.62376111,3.06492376,-0.682493153,1.27768197,0.322175914,0,0,2.84472384,13.8138109,-23.7564378,70.8452356,-10.9481725,-4.60328198,-18.5915376,0.00602498766,-18.205012,29.1240496,71.4523848,14.8403652,-1.24920361,22.1756349,-8.46665895,5.1631449,4.71763727,7.8188249,-1.00830198,-4.09804349,-7.98403181,-5.28484478,-13.1758157,9.8738316,-2.44233541,3.73787097
1479,-3.69214006,-0.51046107,106.264067,-0.211197641,1.62376111,3.06492376,-0.682493153,1.27768197,0.322175914,0,0,2.84472384,13.8138109,-23.7564378,70.8452356,-10.9481725,-4.60328198,-18.5915376,0.00602498766,-18.205012,29.1240496,71.4523848,14.8403652,-1.24920361,22.1756349,-8.46665895,5.1631449,4.71763727,7.8188249,-1.00830198,-4.09804349,-7.98403181,-5.28484478,-13.1758157,9.8738316,-2.44233541,3.73787097
1480,-3.69214006,-0.51046107,106.264067,-0.211197641,1.62376111,3.06492376,-0.682493153,1.27768197,0.322175914,0,0,2.84472384,13.8138109,-23.7564378,70.8452356,-10.9481725,-4.60328198,-18.5915376,0.00602498766,-18.205012,29.1240496,71.4523848,14.8403652,-1.24920361,22.1756349,-8.46665895,5.1631449,4.71763727,7.8188249,-1.00830198,-4.09804349,-7.98403181,-5.28484478,-13.1758157,9.8738316,-2.44233541,3.73787097
1481,-3.69214006,-0.51046107,106.264067,-0.211197641,1.62376111,3.06492376,-0.682493153,1.27768197,0.322175914,0,0,2.84472384,13.8138109,-23.7564378,70.8452356,-10.9481725,-4.60328198,-18.5915376,0.00602498766,-18.205012,29.1240496,71.4523848,14.8403652,-1.24920361,22.1756349,-8.46665895,5.1631449,4.71763727,7.8188249,-1.00830198,-4.09804349,-7.98403181,-5.28484478,-13.1758157,9.8738316,-2.44233541,3.73787097
1482,-3.69214006,-0.51046107,106.264067,-0.211197641,1.62376111,3.06492376,-0.682493153,1.27768197,0.322175914,0,0,2.84472384,13.8138109,-23.7564378,70.8452356,-10.9481725,-4.60328198,-18.5915376,0.00602498766,-18.205012,29.1240496,71.4523848,14.8403652,-1.24920361,22.1756349,-8.46665895,5.1631449,4.71763727,7.8188249,-1.00830198,-4.09804349,-7.98403181,-5.28484478,-13.1758157,9.8738316,-2.44233541,3.73787097
1483,-3.69214006,-0.51046107,106.264067,-0.211197641,1.62376111,3.06492376,-0.682493153,1.27768197,0.322175914,0,0,2.84472384,13.8138109,-23.7564378,70.8452356,-10.9481725,-4.60328198,-18.5915376,0.00602498766,-18.205012,29.1240496,71.4523848,14.8403652,-1.24920361,22.1756349,-8.46665895,5.1631449,4.71763727,7.8188249,-1.00830198,-4.09804349,-7.98403181,-5.28484478,-13.1758157,9.8738316,-2.44233541,3.73787097
1484,-3.69214006,-0.51046107,106.264067,-0.211197641,1.62376111,3.06492376,-0.682493153,1.27768197,0.322175914,0,0,2.84472384,13.8138109,-23.7564378,70.8452356,-10.9481725,-4.60328198,-18.5915376,0.00602498766,-18.205012,29.1240496,71.4523848,14.8403652,-1.24920361,22.1756349,-8.46665895,5.1631449,4.71763727,7.8188249,-1.00830198,-4.09804349,-7.98403181,-5.28484478,-13.1758157,9.8738316,-2.44233541,3.73787097
1485,-3.69214006,-0.51046107,106.264067,-0.211197641,1.62376111,3.06492376,-0.682493153,1.27768197,0.322175914,0,0,2.84472384,13.8138109,-23.7564378,70.8452356,-10.9481725,-4.60328198,-18.5915376,0.00602498766,-18.205012,29.1240496,71.4523848,14.8403652,-1.24920361,22.1756349,-8.46665895,5.1631449,4.71763727,7.8188249,-1.00830198,-4.09804349,-7.98403181,-5.28484478,-13.1758157,9.8738316,-2.44233541,3.73787097
1486,-3.69214006,-0.51046107,106.264067,-0.211197641,1.62376111,3.06492376,-0.682493153,1.27768197,0.322175914,0,0,2.84472384,13.8138109,-23.7564378,70.8452356,-10.9481725,-4.60328198,-18.5915376,0.00602498766,-18.205012,29.1240496,71.4523848,14.8403652,-1.24920361,22.1756349,-8.46665895,5.1631449,4.71763727,7.8188249,-1.00830198,-4.09804349,-7.98403181,-5.28484478,-13.1758157,9.8738316,-2.44233541,3.73787097
1487,-3.69214006,-0.51046107,106.264067,-0.211197641,1.62376111,3.06492376,-0.682493153,1.27768197,0.322175914,0,0,2.84472384,13.8138109,-23.7564378,70.8452356,-10.9481725,-4.60328198,-18.5915376,0.00602498766,-18.205012,29.1240496,71.4523848,14.8403652,-1.24920361,22.1756349,-8.46665895,5.1631449,4.71763727,7.8188249,-1.00830198,-4.09804349,-7.98403181,-5.28484478,-13.1758157,9.8738316,-2.44233541,3.73787097
1488,-3.69214006,-0.51046107,106.264067,-0.211197641,1.62376111,3.06492376,-0.682493153,1.27768197,0.322175914,0,0,2.84472384,13.8138109,-23.7564378,70.8452356,-10.9481725,-4.60328198,-18.5915376,0.00602498766,-18.205012,29.1240496,71.4523848,14.8403652,-1.24920361,22.1756349,-8.46665895,5.1631449,4.71763727,7.8188249,-1.00830198,-4.09804349,-7.98403181,-5.28484478,-13.1758157,9.8738316,-2.44233541,3.73787097
1489,-3.69214006,-0.51046107,106.264067,-0.211197641,1.62376111,3.06492376,-0.682493153,1.27768197,0.322175914,0,0,2.84472384,13.8138109,-23.7564378,70.8452356,-10.9481725,-4.60328198,-18.5915376,0.00602498766,-18.205012,29.1240496,71.4523848,14.8403652,-1.24920361,22.1756349,-8.46665895,5.1631449,4.71763727,7.8188249,-1.00830198,-4.09804349,-7.98403181,-5.28484478,-13.1758157,9.8738316,-2.44233541,3.73787097
1490,-3.69214006,-0.51046107,106.264067,-0.211197641,1.62376111,3.06492376,-0.682493153,1.27768197,0.322175914,0,0,2.84472384,13.8138109,-23.7564378,70.8452356,-10.9481725,-4.60328198,-18.5915376,0.00602498766,-18.205012,29.1240496,71.4523848,14.8403652,-1.24920361,22.1756349,-8.46665895,5.1631449,4.71763727,7.8188249,-1.00830198,-4.09804349,-7.98403181,-5.28484478,-13.1758157,9.8738316,-2.44233541,3.73787097
1491,-3.69214006,-0.51046107,106.264067,-0.211197641,1.62376111,3.06492376,-0.682493153,1.27768197,0.322175914,0,0,2.84472384,13.8138109,-23.7564378,70.8452356,-10.9481725,-4.60328198,-18.5915376,0.00602498766,-18.205012,29.1240496,71.4523848,14.8403652,-1.24920361,22.1756349,-8.46665895,5.1631449,4.71763727,7.8188249,-1.00830198,-4.09804349,-7.98403181,-5.28484478,-13.1758157,9.8738316,-2.44233541,3.73787097
1492,-3.69214006,-0.51046107,106.264067,-0.211197641,1.62376111,3.06492376,-0.682493153,1.27768197,0.322175914,0,0,2.84472384,13.8138109,-23.7564378,70.8452356,-10.9481725,-4.60328198,-18.5915376,0.00602498766,-18.205012,29.1240496,71.4523848,14.8403652,-1.24920361,22.1756349,-8.46665895,5.1631449,4.71763727,7.8188249,-1.00830198,-4.09804349,-7.98403181,-5.28484478,-13.1758157,9.8738316,-2.44233541,3.73787097
1493,-3.69214006,-0.51046107,106.264067,-0.211197641,1.62376111,3.06492376,-0.682493153,1.27768197,0.322175914,0,0,2.84472384,13.8138109,-23.7564378,70.8452356,-10.9481725,-4.60328198,-18.5915376,0.00602498766,-18.205012,29.1240496,71.4523848,14.8403652,-1.24920361,22.1756349,-8.46665895,5.1631449,4.71763727,7.8188249,-1.00830198,-4.09804349,-7.98403181,-5.28484478,-13.1758157,9.8738316,-2.44233541,3.73787097
1494,-3.69214006,-0.51046107,106.264067,-0.211197641,1.62376111,3.06492376,-0.682493153,1.27768197,0.322175914,0,0,2.84472384,13.8138109,-23.7564378,70.8452356,-10.9481725,-4.60328198,-18.5915376,0.00602498766,-18.205012,29.1240496,71.4523848,14.8403652,-1.24920361,22.1756349,-8.46665895,5.1631449,4.71763727,7.8188249,-1.00830198,-4.09804349,-7.98403181,-5.28484478,-13.1758157,9.8738316,-2.44233541,3.73787097
1495,-3.69214006,-0.51046107,106.264067,-0.211197641,1.62376111,3.06492376,-0.682493153,1.27768197,0.322175914,0,0,2.84472384,13.8138109,-23.7564378,70.8452356,-10.9481725,-4.60328198,-18.5915376,0.00602498766,-18.205012,29.1240496,71.4523848,14.8403652,-1.24920361,22.1756349,-8.46665895,5.1631449,4.71763727,7.8188249,-1.00830198,-4.09804349,-7.98403181,-5.28484478,-13.1758157,9.8738316,-2.44233541,3.73787097
1496,-3.69214006,-0.51046107,106.264067,-0.211197641,1.62376111,3.06492376,-0.682493153,1.27768197,0.322175914,0,0,2.84472384,13.8138109,-23.7564378,70.8452356,-10.9481725,-4.60328198,-18.5915376,0.00602498766,-18.205012,29.1240496,71.4523848,14.8403652,-1.24920361,22.1756349,-8.46665895,5.1631449,4.71763727,7.8188249,-1.00830198,-4.09804349,-7.98403181,-5.28484478,-13.1758157,9.8738316,-2.44233541,3.73787097
1497,-3.69214006,-0.51046107,106.264067,-0.211197641,1.62376111,3.06492376,-0.682493153,1.27768197,0.322175914,0,0,2.84472384,13.8138109,-23.7564378,70.8452356,-10.9481725,-4.60328198,-18.5915376,0.00602498766,-18.205012,29.1240496,71.4523848,14.8403652,-1.24920361,22.1756349,-8.46665895,5.1631449,4.71763727,7.8188249,-1.00830198,-4.09804349,-7.98403181,-5.28484478,-13.1758157,9.8738316,-2.44233541,3.73787097
1498,-3.69214006,-0.51046107,106.264067,-0.211197641,1.62376111,3.06492376,-0.682493153,1.27768197,0.322175914,0,0,2.84472384,13.8138109,-23.7564378,70.8452356,-10.9481725,-4.60328198,-18.5915376,0.00602498766,-18.205012,29.1240496,71.4523848,14.8403652,-1.24920361,22.1756349,-8.46665895,5.1631449,4.71763727,7.8188249,-1.00830198,-4.09804349,-7.98403181,-5.28484478,-13.1758157,9.8738316,-2.44233541,3.73787097
1499,-3.69214006,-0.51046107,106.264067,-0.211197641,1.62376111,3.06492376,-0.682493153,1.27768197,0.322175914,0,0,2.84472384,13.8138109,-23.7564378,70.8452356,-10.9481725,-4.60328198,-18.5915376,0.00602498766,-18.205012,29.1240496,71.4523848,14.8403652,-1.24920361,22.1756349,-8.46665895,5.1631449,4.71763727,7.8188249,-1.00830198,-4.09804349,-7.98403181,-5.28484478,-13.1758157,9.8738316,-2.44233541,3.73787097
1500,-3.69214006,-0.51046107,106.264067,-0.211197641,1.62376111,3.06492376,-0.682493153,1.27768197,0.322175914,0,0,2.84472384,13.8138109,-23.7564378,70.8452356,-10.9481725,-4.60328198,-18.5915376,0.00602498766,-18.205012,29.1240496,71.4523848,14.8403652,-1.24920361,22.1756349,-8.46665895,5.1631449,4.71763727,7.8188249,-1.00830198,-4.09804349,-7.98403181,-5.28484478,-13.1758157,9.8738316,-2.44233541,3.73787097
1501,-3.69214006,-0.51046107,106.264067,-0.211197641,1.62376111,3.06492376,-0.682493153,1.27768197,0.322175914,0,0,2.84472384,13.8138109,-23.7564378,70.8452356,-10.9481725,-4.60328198,-18.5915376,0.00602498766,-18.205012,29.1240496,71.4523848,14.8403652,-1.24920361,22.1756349,-8.46665895,5.1631449,4.71763727,7.8188249,-1.00830198,-4.09804349,-7.98403181,-5.28484478,-13.1758157,9.8738316,-2.44233541,3.73787097
1502,-3.69214006,-0.51046107,106.264067,-0.211197641,1.62376111,3.06492376,-0.682493153,1.27768197,0.322175914,0,0,2.84472384,13.8138109,-23.7564378,70.8452356,-10.9481725,-4.60328198,-18.5915376,0.00602498766,-18.205012,29.1240496,71.4523848,14.8403652,-1.24920361,22.1756349,-8.46665895,5.1631449,4.71763727,7.8188249,-1.00830198,-4.09804349,-7.98403181,-5.28484478,-13.1758157,9.8738316,-2.44233541,3.73787097
1503,-3.69214006,-0.51046107,106.264067,-0.211197641,1.62376111,3.06492376,-0.682493153,1.27768197,0.322175914,0,0,2.84472384,13.8138109,-23.7564378,70.8452356,-10.9481725,-4.60328198,-18.5915376,0.00602498766,-18.205012,29.1240496,71.4523848,14.8403652,-1.24920361,22.1756349,-8.46665895,5.1631449,4.71763727,7.8188249,-1.00830198,-4.09804349,-7.98403181,-5.28484478,-13.1758157,9.8738316,-2.44233541,3.73787097
1504,-3.69214006,-0.51046107,106.264067,-0.211197641,1.62376111,3.06492376,-0.682493153,1.27768197,0.322175914,0,0,2.84472384,13.8138109,-23.7564378,70.8452356,-10.9481725,-4.60328198,-18.5915376,0.00602498766,-18.205012,29.1240496,71.4523848,14.8403652,-1.24920361,22.1756349,-8.46665895,5.1631449,4.71763727,7.8188249,-1.00830198,-4.09804349,-7.98403181,-5.28484478,-13.1758157,9.8738316,-2.44233541,3.73787097
1505,-3.69214006,-0.51046107,106.264067,-0.211197641,1.62376111,3.06492376,-0.682493153,1.27768197,0.322175914,0,0,2.84472384,13.8138109,-23.7564378,70.8452356,-10.9481725,-4.60328198,-18.5915376,0.00602498766,-18.205012,29.1240496,71.4523848,14.8403652,-1.24920361,22.1756349,-8.46665895,5.1631449,4.71763727,7.8188249,-1.00830198,-4.09804349,-7.98403181,-5.28484478,-13.1758157,9.8738316,-2.44233541,3.73787097
1506,-3.69214006,-0.51046107,106.264067,-0.211197641,1.62376111,3.06492376,-0.682493153,1.27768197,0.322175914,0,0,2.84472384,13.8138109,-23.7564378,70.8452356,-10.9481725,-4.60328198,-18.5915376,0.00602498766,-18.205012,29.1240496,71.4523848,14.8403652,-1.24920361,22.1756349,-8.46665895,5.1631449,4.71763727,7.8188249,-1.00830198,-4.09804349,-7.98403181,-5.28484478,-13.1758157,9.8738316,-2.44233541,3.73787097
1507,-3.69214006,-0.51046107,106.264067,-0.211197641,1.62376111,3.06492376,-0.682493153,1.27768197,0.322175914,0,0,2.84472384,13.8138109,-23.7564378,70.8452356,-10.9481725,-4.60328198,-18.5915376,0.00602498766,-18.205012,29.1240496,71.4523848,14.8403652,-1.24920361,22.1756349,-8.46665895,5.1631449,4.71763727,7.8188249,-1.00830198,-4.09804349,-7.98403181,-5.28484478,-13.1758157,9.8738316,-2.44233541,3.73787097
1508,-3.69214006,-0.51046107,106.264067,-0.211197641,1.62376111,3.06492376,-0.682493153,1.27768197,0.322175914,0,0,2.84472384,13.8138109,-23.7564378,70.8452356,-10.9481725,-4.60328198,-18.5915376,0.00602498766,-18.205012,29.1240496,71.4523848,14.8403652,-1.24920361,22.1756349,-8.46665895,5.1631449,4.71763727,7.8188249,-1.00830198,-4.09804349,-7.98403181,-5.28484478,-13.1758157,9.8738316,-2.44233541,3.73787097
1509,-3.69214006,-0.51046107,106.264067,-0.211197641,1.62376111,3.06492376,-0.682493153,1.27768197,0.322175914,0,0,2.84472384,13.8138109,-23.7564378,70.8452356,-10.9481725,-4.60328198,-18.5915376,0.00602498766,-18.205012,29.1240496,71.4523848,14.8403652,-1.24920361,22.1756349,-8.46665895,5.1631449,4.71763727,7.8188249,-1.00830198,-4.09804349,-7.98403181,-5.28484478,-13.1758157,9.8738316,-2.44233541,3.73787097
1510,-3.69214006,-0.51046107,106.264067,-0.211197641,1.62376111,3.06492376,-0.682493153,1.27768197,0.322175914,0,0,2.84472384,13.8138109,-23.7564378,70.8452356,-10.9481725,-4.60328198,-18.5915376,0.00602498766,-18.205012,29.1240496,71.4523848,14.8403652,-1.24920361,22.1756349,-8.46665895,5.1631449,4.71763727,7.8188249,-1.00830198,-4.09804349,-7.98403181,-5.28484478,-13.1758157,9.8738316,-2.44233541,3.73787097
1511,-3.69214006,-0.51046107,106.264067,-0.211197641,1.62376111,3.06492376,-0.682493153,1.27768197,0.322175914,0,0,2.84472384,13.8138109,-23.7564378,70.8452356,-10.9481725,-4.60328198,-18.5915376,0.00602498766,-18.205012,29.1240496,71.4523848,14.8403652,-1.24920361,22.1756349,-8.46665895,5.1631449,4.71763727,7.8188249,-1.00830198,-4.09804349,-7.98403181,-5.28484478,-13.1758157,9.8738316,-2.44233541,3.73787097
1512,-3.69214006,-0.51046107,106.264067,-0.211197641,1.62376111,3.06492376,-0.682493153,1.27768197,0.322175914,0,0,2.84472384,13.8138109,-23.7564378,70.8452356,-10.9481725,-4.60328198,-18.5915376,0.00602498766,-18.205012,29.1240496,71.4523848,14.8403652,-1.24920361,22.1756349,-8.46665895,5.1631449,4.71763727,7.8188249,-1.00830198,-4.09804349,-7.98403181,-5.28484478,-13.1758157,9.8738316,-2.44233541,3.73787097
1513,-3.69214006,-0.51046107,106.264067,-0.211197641,1.62376111,3.06492376,-0.682493153,1.27768197,0.322175914,0,0,2.84472384,13.8138109,-23.7564378,70.8452356,-10.9481725,-4.60328198,-18.5915376,0.00602498766,-18.205012,29.1240496,71.4523848,14.8403652,-1.24920361,22.1756349,-8.46665895,5.1631449,4.71763727,7.8188249,-1.00830198,-4.09804349,-7.98403181,-5.28484478,-13.1758157,9.8738316,-2.44233541,3.73787097
1514,-3.69214006,-0.51046107,106.264067,-0.211197641,1.62376111,3.06492376,-0.682493153,1.27768197,0.322175914,0,0,2.84472384,13.8138109,-23.7564378,70.8452356,-10.9481725,-4.60328198,-18.5915376,0.00602498766,-18.205012,29.1240496,71.4523848,14.8403652,-1.24920361,22.1756349,-8.46665895,5.1631449,4.71763727,7.8188249,-1.00830198,-4.09804349,-7.98403181,-5.28484478,-13.1758157,9.8738316,-2.44233541,3.73787097
1515,-3.69214006,-0.51046107,106.264067,-0.211197641,1.62376111,3.06492376,-0.682493153,1.27768197,0.322175914,0,0,2.84472384,13.8138109,-23.7564378,70.8452356,-10.9481725,-4.60328198,-18.5915376,0.00602498766,-18.205012,29.1240496,71.4523848,14.8403652,-1.24920361,22.1756349,-8.46665895,5.1631449,4.71763727,7.8188249,-1.00830198,-4.09804349,-7.98403181,-5.28484478,-13.1758157,9.8738316,-2.44233541,3.73787097
1516,-3.69214006,-0.51046107,106.264067,-0.211197641,1.62376111,3.06492376,-0.682493153,1.27768197,0.322175914,0,0,2.84472384,13.8138109,-23.7564378,70.8452356,-10.9481725,-4.60328198,-18.5915376,0.00602498766,-18.205012,29.1240496,71.4523848,14.8403652,-1.24920361,22.1756349,-8.46665895,5.1631449,4.71763727,7.8188249,-1.00830198,-4.09804349,-7.98403181,-5.28484478,-13.1758157,9.8738316,-2.44233541,3.73787097
1517,-3.69214006,-0.51046107,106.264067,-0.211197641,1.62376111,3.06492376,-0.682493153,1.27768197,0.322175914,0,0,2.84472384,13.8138109,-23.7564378,70.8452356,-10.9481725,-4.60328198,-18.5915376,0.00602498766,-18.205012,29.1240496,71.4523848,14.8403652,-1.24920361,22.1756349,-8.46665895,5.1631449,4.71763727,7.8188249,-1.00830198,-4.09804349,-7.98403181,-5.28484478,-13.1758157,9.8738316,-2.44233541,3.73787097
1518,-3.69214006,-0.51046107,106.264067,-0.211197641,1.62376111,3.06492376,-0.682493153,1.27768197,0.322175914,0,0,2.84472384,13.8138109,-23.7564378,70.8452356,-10.9481725,-4.60328198,-18.5915376,0.00602498766,-18.205012,29.1240496,71.4523848,14.8403652,-1.24920361,22.1756349,-8.46665895,5.1631449,4.71763727,7.8188249,-1.00830198,-4.09804349,-7.98403181,-5.28484478,-13.1758157,9.8738316,-2.44233541,3.73787097
1519,-3.69214006,-0.51046107,106.264067,-0.211197641,1.62376111,3.06492376,-0.682493153,1.27768197,0.322175914,0,0,2.84472384,13.8138109,-23.7564378,70.8452356,-10.9481725,-4.60328198,-18.5915376,0.00602498766,-18.205012,29.1240496,71.4523848,14.8403652,-1.24920361,22.1756349,-8.46665895,5.1631449,4.71763727,7.8188249,-1.00830198,-4.09804349,-7.98403181,-5.28484478,-13.1758157,9.8738316,-2.44233541,3.73787097
1520,-3.69214006,-0.51046107,106.264067,-0.211197641,1.62376111,3.06492376,-0.682493153,1.27768197,0.322175914,0,0,2.84472384,13.8138109,-23.7564378,70.8452356,-10.9481725,-4.60328198,-18.5915376,0.00602498766,-18.205012,29.1240496,71.4523848,14.8403652,-1.24920361,22.1756349,-8.46665895,5.1631449,4.71763727,7.8188249,-1.00830198,-4.09804349,-7.98403181,-5.28484478,-13.1758157,9.8738316,-2.44233541,3.73787097
1521,-3.69214006,-0.51046107,106.264067,-0.211197641,1.62376111,3.06492376,-0.682493153,1.27768197,0.322175914,0,0,2.84472384,13.8138109,-23.7564378,70.8452356,-10.9481725,-4.60328198,-18.5915376,0.00602498766,-18.205012,29.1240496,71.4523848,14.8403652,-1.24920361,22.1756349,-8.46665895,5.1631449,4.71763727,7.8188249,-1.00830198,-4.09804349,-7.98403181,-5.28484478,-13.1758157,9.8738316,-2.44233541,3.73787097
1522,-3.69214006,-0.51046107,106.264067,-0.211197641,1.62376111,3.06492376,-0.682493153,1.27768197,0.322175914,0,0,2.84472384,13.8138109,-23.7564378,70.8452356,-10.9481725,-4.60328198,-18.5915376,0.00602498766,-18.205012,29.1240496,71.4523848,14.8403652,-1.24920361,22.1756349,-8.46665895,5.1631449,4.71763727,7.8188249,-1.00830198,-4.09804349,-7.98403181,-5.28484478,-13.1758157,9.8738316,-2.44233541,3.73787097
1523,-3.69214006,-0.51046107,106.264067,-0.211197641,1.62376111,3.06492376,-0.682493153,1.27768197,0.322175914,0,0,2.84472384,13.8138109,-23.7564378,70.8452356,-10.9481725,-4.60328198,-18.5915376,0.00602498766,-18.205012,29.1240496,71.4523848,14.8403652,-1.24920361,22.1756349,-8.46665895,5.1631449,4.71763727,7.8188249,-1.00830198,-4.09804349,-7.98403181,-5.28484478,-13.1758157,9.8738316,-2.44233541,3.73787097
1524,-3.69214006,-0.51046107,106.264067,-0.211197641,1.62376111,3.06492376,-0.682493153,1.27768197,0.322175914,0,0,2.84472384,13.8138109,-23.7564378,70.8452356,-10.9481725,-4.60328198,-18.5915376,0.00602498766,-18.205012,29.1240496,71.4523848,14.8403652,-1.24920361,22.1756349,-8.46665895,5.1631449,4.71763727,7.8188249,-1.00830198,-4.09804349,-7.98403181,-5.28484478,-13.1758157,9.8738316,-2.44233541,3.73787097
1525,-3.69214006,-0.51046107,106.264067,-0.211197641,1.62376111,3.06492376,-0.682493153,1.27768197,0.322175914,0,0,2.84472384,13.8138109,-23.7564378,70.8452356,-10.9481725,-4.60328198,-18.5915376,0.00602498766,-18.205012,29.1240496,71.4523848,14.8403652,-1.24920361,22.1756349,-8.46665895,5.1631449,4.71763727,7.8188249,-1.00830198,-4.09804349,-7.98403181,-5.28484478,-13.1758157,9.8738316,-2.44233541,3.73787097
1526,-3.69214006,-0.51046107,106.264067,-0.211197641,1.62376111,3.06492376,-0.682493153,1.27768197,0.322175914,0,0,2.84472384,13.8138109,-23.7564378,70.8452356,-10.9481725,-4.60328198,-18.5915376,0.00602498766,-18.205012,29.1240496,71.4523848,14.8403652,-1.24920361,22.1756349,-8.46665895,5.1631449,4.71763727,7.8188249,-1.00830198,-4.09804349,-7.98403181,-5.28484478,-13.1758157,9.8738316,-2.44233541,3.73787097
1527,-3.69214006,-0.51046107,106.264067,-0.211197641,1.62376111,3.06492376,-0.682493153,1.27768197,0.322175914,0,0,2.84472384,13.8138109,-23.7564378,70.8452356,-10.9481725,-4.60328198,-18.5915376,0.00602498766,-18.205012,29.1240496,71.4523848,14.8403652,-1.24920361,22.1756349,-8.46665895,5.1631449,4.71763727,7.8188249,-1.00830198,-4.09804349,-7.98403181,-5.28484478,-13.1758157,9.8738316,-2.44233541,3.73787097
1528,-3.69214006,-0.51046107,106.264067,-0.211197641,1.62376111,3.06492376,-0.682493153,1.27768197,0.322175914,0,0,2.84472384,13.8138109,-23.7564378,70.8452356,-10.9481725,-4.60328198,-18.5915376,0.00602498766,-18.205012,29.1240496,71.4523848,14.8403652,-1.24920361,22.1756349,-8.46665895,5.1631449,4.71763727,7.8188249,-1.00830198,-4.09804349,-7.98403181,-5.28484478,-13.1758157,9.8738316,-2.44233541,3.73787097
1529,-3.69214006,-0.51046107,106.264067,-0.211197641,1.62376111,3.06492376,-0.682493153,1.27768197,0.322175914,0,0,2.84472384,13.8138109,-23.7564378,70.8452356,-10.9481725,-4.60328198,-18.5915376,0.00602498766,-18.205012,29.1240496,71.4523848,14.8403652,-1.24920361,22.1756349,-8.46665895,5.1631449,4.71763727,7.8188249,-1.00830198,-4.09804349,-7.98403181,-5.28484478,-13.1758157,9.8738316,-2.44233541,3.73787097
1530,-3.69214006,-0.51046107,106.264067,-0.211197641,1.62376111,3.06492376,-0.682493153,1.27768197,0.322175914,0,0,2.84472384,13.8138109,-23.7564378,70.8452356,-10.9481725,-4.60328198,-18.5915376,0.00602498766,-18.205012,29.1240496,71.4523848,14.8403652,-1.24920361,22.1756349,-8.46665895,5.1631449,4.71763727,7.8188249,-1.00830198,-4.09804349,-7.98403181,-5.28484478,-13.1758157,9.8738316,-2.44233541,3.73787097
1531,-3.69214006,-0.51046107,106.264067,-0.211197641,1.62376111,3.06492376,-0.682493153,1.27768197,0.322175914,0,0,2.84472384,13.8138109,-23.7564378,70.8452356,-10.9481725,-4.60328198,-18.5915376,0.00602498766,-18.205012,29.1240496,71.4523848,14.8403652,-1.24920361,22.1756349,-8.46665895,5.1631449,4.71763727,7.8188249,-1.00830198,-4.09804349,-7.98403181,-5.28484478,-13.1758157,9.8738316,-2.44233541,3.73787097
1532,-3.69214006,-0.51046107,106.264067,-0.211197641,1.62376111,3.06492376,-0.682493153,1.27768197,0.322175914,0,0,2.84472384,13.8138109,-23.7564378,70.8452356,-10.9481725,-4.60328198,-18.5915376,0.00602498766,-18.205012,29.1240496,71.4523848,14.8403652,-1.24920361,22.1756349,-8.46665895,5.1631449,4.71763727,7.8188249,-1.00830198,-4.09804349,-7.98403181,-5.28484478,-13.1758157,9.8738316,-2.44233541,3.73787097
1533,-3.69214006,-0.51046107,106.264067,-0.211197641,1.62376111,3.06492376,-0.682493153,1.27768197,0.322175914,0,0,2.84472384,13.8138109,-23.7564378,70.8452356,-10.9481725,-4.60328198,-18.5915376,0.00602498766,-18.205012,29.1240496,71.4523848,14.8403652,-1.24920361,22.1756349,-8.46665895,5.1631449,4.71763727,7.8188249,-1.00830198,-4.09804349,-7.98403181,-5.28484478,-13.1758157,9.8738316,-2.44233541,3.73787097
1534,-3.69214006,-0.51046107,106.264067,-0.211197641,1.62376111,3.06492376,-0.682493153,1.27768197,0.322175914,0,0,2.84472384,13.8138109,-23.7564378,70.8452356,-10.9481725,-4.60328198,-18.5915376,0.00602498766,-18.205012,29.1240496,71.4523848,14.8403652,-1.24920361,22.1756349,-8.46665895,5.1631449,4.71763727,7.8188249,-1.00830198,-4.09804349,-7.98403181,-5.28484478,-13.1758157,9.8738316,-2.44233541,3.73787097
