Frame,root_translateX,root_translateY,root_translateZ,root_rotateX,root_rotateY,root_rotateZ,waist_yaw_joint,waist_roll_joint,waist_pitch_joint,head_yaw_joint,head_pitch_joint,left_shoulder_pitch_joint,left_shoulder_roll_joint,left_shoulder_yaw_joint,left_elbow_joint,left_wrist_roll_joint,left_wrist_pitch_joint,left_wrist_yaw_joint,right_shoulder_pitch_joint,right_shoulder_roll_joint,right_shoulder_yaw_joint,right_elbow_joint,right_wrist_roll_joint,right_wrist_pitch_joint,right_wrist_yaw_joint,left_hip_pitch_joint,left_hip_roll_joint,left_hip_yaw_joint,left_knee_joint,left_ankle_pitch_joint,left_ankle_roll_joint,right_hip_pitch_joint,right_hip_roll_joint,right_hip_yaw_joint,right_knee_joint,right_ankle_pitch_joint,right_ankle_roll_joint
0,-1.73110794,-0.015990698,105.892003,-0.393322816,0.851086037,-0.0335159523,-0.17982514,2.71705566,2.83517759,0,0,-0.747609188,13.6888372,-20.6129133,67.3192665,-4.71198444,-6.37586633,-20.209898,-3.80539251,-20.3773862,36.6816744,70.245101,10.9585749,-3.48428718,24.9127667,-9.6048818,3.8950968,1.38614879,16.876308,-8.01986042,-3.01592787,-8.95737645,1.07711592,-7.97153683,14.8344879,-7.30055271,-2.00328338
1,-1.72530022,-0.0132871646,105.891502,-0.392104409,0.84984608,-0.0326655598,-0.20337123,2.71656431,2.84885269,0,0,-0.747441315,13.6900956,-20.5848275,67.3046636,-4.70104205,-6.37779501,-20.2444963,-3.81497527,-20.3768466,36.7418586,70.232349,10.9789801,-3.45865305,24.8666561,-9.60293178,3.89126293,1.37855106,16.8806247,-8.02216732,-3.01651847,-8.96391038,1.0704456,-7.98394216,14.8590048,-7.29878369,-1.97919011
2,-1.71770584,-0.0114746086,105.893457,-0.388698568,0.852928153,-0.0273602803,-0.211600154,2.71627339,2.85145158,0,0,-0.749990736,13.7000592,-20.6249959,67.296119,-4.78233709,-6.38809109,-20.2648024,-3.81441519,-20.3644788,36.7465817,70.2365769,10.9965149,-3.49543404,24.85457,-9.60504061,3.88539921,1.38029724,16.8880235,-8.02314233,-3.01057194,-8.95823023,1.06533257,-7.98698672,14.8527228,-7.30575475,-1.98516844
3,-1.71463899,-0.00820779023,105.893481,-0.386806614,0.854995455,-0.0283347869,-0.223828981,2.70528788,2.85924419,0,0,-0.741656891,13.6681255,-20.5124941,67.3023618,-4.66702301,-6.42010845,-20.3033964,-3.83105609,-20.35165,36.7697189,70.2474438,11.1060583,-3.52200348,24.873797,-9.60718443,3.88222616,1.38690876,16.892487,-8.03193107,-2.99790663,-8.95370352,1.064463,-7.98350503,14.8406982,-7.30844926,-1.96255731
4,-1.70672871,-0.00620500796,105.89354,-0.388136298,0.85759436,-0.0263227589,-0.237803468,2.708027,2.86257326,0,0,-0.728034132,13.6768647,-20.5169559,67.2659228,-4.65194793,-6.43262221,-20.2742008,-3.83135193,-20.3502174,36.81014,70.2387831,11.1790671,-3.5262636,24.8596619,-9.60437637,3.88171176,1.38562223,16.8884282,-8.0347545,-3.00737327,-8.9580646,1.06188866,-7.9918575,14.8515753,-7.29321965,-1.96798582
5,-1.7005248,-0.00446475424,105.894101,-0.395846781,0.857084122,-0.0241271256,-0.265830269,2.71541748,2.87446057,0,0,-0.732762651,13.6966484,-20.5515901,67.2548852,-4.70485457,-6.44289183,-20.2879499,-3.83100017,-20.357121,36.8162837,70.2138324,11.2012003,-3.50380103,24.8556065,-9.60072819,3.8893048,1.38558103,16.8906104,-8.03260043,-2.99025725,-8.96236932,1.06627246,-8.00445834,14.8678619,-7.27707223,-1.95552222
6,-1.69693641,-0.00859286592,105.896771,-0.396680812,0.858261009,-0.0201950006,-0.262806389,2.70623664,2.87671026,0,0,-0.710818054,13.6906967,-20.5292281,67.2378234,-4.70049264,-6.44853485,-20.2425497,-3.82454991,-20.342057,36.8081012,70.2122205,11.1492456,-3.49759046,24.8215051,-9.60113715,3.89188875,1.37286354,16.889854,-8.03182947,-3.00505165,-8.96090681,1.06756668,-8.00155637,14.8671686,-7.27383898,-1.94868456
7,-1.69088133,-0.010241237,105.897236,-0.382782858,0.861677713,-0.0158882954,-0.281407102,2.68685064,2.87938577,0,0,-0.713569233,13.7089393,-20.5471693,67.2225715,-4.69381443,-6.48043226,-20.2107432,-3.81555242,-20.3318049,36.827615,70.2021118,11.1282291,-3.54787389,24.7757496,-9.60128827,3.87531871,1.37172578,16.894046,-8.03384182,-3.0032854,-8.95815424,1.0528441,-8.01348444,14.8655891,-7.28262175,-1.92799784
8,-1.68528911,-0.0105603023,105.897605,-0.392931903,0.865681518,-0.0181443315,-0.266137441,2.66848746,2.88842766,0,0,-0.714081017,13.729318,-20.5532294,67.2022586,-4.66873824,-6.47873239,-20.2195063,-3.81548839,-20.3105937,36.7570216,70.1924334,11.1808173,-3.52103253,24.8593426,-9.59727639,3.88874088,1.37944187,16.885551,-8.04889214,-2.98607568,-8.9582806,1.06432501,-8.01800005,14.8666222,-7.28825922,-1.95356857
9,-1.68074165,-0.0114326482,105.894148,-0.393693393,0.869958478,-0.00909035959,-0.308468392,2.67356443,2.88644691,0,0,-0.707196346,13.7388214,-20.5543222,67.19814,-4.68978974,-6.48770129,-20.2069046,-3.80851732,-20.3114373,36.7517521,70.1784725,11.1161961,-3.50814695,24.8645814,-9.59857412,3.8891016,1.37434772,16.8789428,-8.05558914,-2.99823213,-8.9566277,1.06644002,-8.03062224,14.8580366,-7.30628494,-1.9843787
10,-1.67644341,-0.0139561846,105.895197,-0.396383857,0.872449269,-0.00751022371,-0.314173414,2.66517631,2.8978196,0,0,-0.707970612,13.7352184,-20.5383054,67.1888304,-4.66246429,-6.46120912,-20.2045004,-3.82257471,-20.2916963,36.7961552,70.1942707,11.0888693,-3.52630714,24.7755003,-9.60050536,3.8925739,1.37617608,16.8809406,-8.06400735,-2.9938066,-8.95340128,1.06987432,-8.03010827,14.8518502,-7.28940669,-1.97302885
11,-1.67204216,-0.0136215967,105.89385,-0.396680996,0.875259672,-0.00189046761,-0.327023668,2.65515344,2.90897693,0,0,-0.714183203,13.7454825,-20.5363878,67.1857637,-4.59362921,-6.48656193,-20.2450222,-3.83958913,-20.2988851,36.7418961,70.1917641,11.1654904,-3.48877397,24.9151709,-9.59543992,3.89136923,1.37483309,16.8721109,-8.0667232,-2.9756972,-8.95659013,1.0687261,-8.03674977,14.8604221,-7.28618455,-1.96600443
12,-1.66563746,-0.01566672,105.895209,-0.388836699,0.87786348,-0.000649531138,-0.338941788,2.64079723,2.90931246,0,0,-0.707954123,13.7476844,-20.55799,67.183175,-4.6251945,-6.44598932,-20.2149045,-3.82620751,-20.2778003,36.7665736,70.1910127,11.0393829,-3.51950982,24.7951474,-9.59615453,3.88207334,1.36364919,16.8757719,-8.06891484,-2.96252582,-8.95580807,1.06037043,-8.04567768,14.8595837,-7.30457398,-1.97268969
13,-1.66068953,-0.0125451552,105.901039,-0.402840407,0.878658016,0.0049953748,-0.349555982,2.64372589,2.91295295,0,0,-0.70097906,13.7443325,-20.5219215,67.1790428,-4.57420031,-6.43681125,-20.2399388,-3.81858929,-20.2712672,36.7453898,70.1721887,11.0304106,-3.48525792,24.8013133,-9.59232194,3.89694266,1.35658923,16.8678915,-8.07464451,-2.96132926,-8.95949894,1.07128401,-8.04912693,14.8745315,-7.2843404,-1.95955694
14,-1.65687576,-0.0121374258,105.896175,-0.411070495,0.881655372,0.0029299661,-0.35639719,2.64118485,2.92219292,0,0,-0.714074026,13.760041,-20.5577646,67.1801561,-4.57506689,-6.40742309,-20.2377173,-3.8238639,-20.2573063,36.7234888,70.1894145,11.0263697,-3.49457707,24.8033043,-9.58776962,3.90608273,1.35702647,16.8575421,-8.09918538,-2.94675001,-8.96299429,1.08044073,-8.05980593,14.8787458,-7.29052001,-1.97197679
15,-1.65169314,-0.0132257235,105.897462,-0.410903259,0.885342506,0.00118643959,-0.356288654,2.62811272,2.92518048,0,0,-0.713117746,13.7512378,-20.5294654,67.1793569,-4.51571298,-6.39924948,-20.243219,-3.80673251,-20.2628746,36.668796,70.157456,11.0603524,-3.47122871,24.8494286,-9.58817516,3.90409728,1.36814356,16.8626511,-8.09234495,-2.9317507,-8.96017,1.0804624,-8.05305514,14.8714409,-7.27450237,-1.95791898
16,-1.64618995,-0.0127658146,105.895114,-0.408121271,0.88766889,-0.00145418286,-0.36735991,2.62721476,2.92375831,0,0,-0.705401981,13.7628039,-20.5889632,67.1764336,-4.62139735,-6.41091203,-20.2424404,-3.81262141,-20.2739617,36.72702,70.1563154,11.1080869,-3.46755919,24.8457984,-9.58885733,3.90169348,1.3661516,16.8669404,-8.09585481,-2.95078601,-8.95755319,1.07784547,-8.05208013,14.8668117,-7.27553885,-1.94662931
17,-1.64345149,-0.0102386184,105.900013,-0.408588768,0.88816032,-0.00129087091,-0.360522651,2.62752916,2.93917661,0,0,-0.720788262,13.7375194,-20.5701443,67.185067,-4.56056384,-6.39598551,-20.2421433,-3.81489715,-20.2763506,36.6984015,70.1384271,11.1324306,-3.41712272,24.8766486,-9.58827932,3.90200298,1.3622681,16.8644679,-8.07892021,-2.94578161,-8.96557097,1.0744816,-8.04692505,14.8850586,-7.27581206,-1.96787248
18,-1.63665861,-0.00828775082,105.898106,-0.403078253,0.892852753,-0.00795589927,-0.364532132,2.61535392,2.93781569,0,0,-0.743788604,13.746875,-20.6128279,67.2078115,-4.59025467,-6.38512465,-20.2292018,-3.80832864,-20.2666927,36.6837883,70.1466233,11.1168287,-3.42867407,24.8996459,-9.59460749,3.89510064,1.36958206,16.8751384,-8.08267169,-2.93093748,-8.95820718,1.06926675,-8.04837988,14.8611341,-7.27332245,-1.95826945
19,-1.63229443,-0.0117506686,105.897868,-0.403552056,0.895088773,-0.0105262263,-0.353166484,2.60466745,2.94437566,0,0,-0.749458515,13.7400209,-20.6404867,67.1951552,-4.57947919,-6.36604153,-20.1420417,-3.7913902,-20.2532458,36.6536604,70.1412275,11.0808754,-3.43862203,24.8540902,-9.59441454,3.8962336,1.37578067,16.8788864,-8.09006623,-2.94063251,-8.9558815,1.06959439,-8.03699566,14.8614739,-7.28026107,-1.95938064
20,-1.62852425,-0.00745284997,105.895865,-0.403883334,0.897385314,-0.0125315207,-0.355098947,2.60649304,2.94468921,0,0,-0.755771477,13.7550456,-20.7211632,67.1939121,-4.68153759,-6.37903042,-20.1241022,-3.79081091,-20.2607846,36.6650258,70.1448953,11.1182972,-3.43669228,24.8803694,-9.58788573,3.89459606,1.37675355,16.8689092,-8.09334045,-2.96402228,-8.95891496,1.06885694,-8.03315368,14.8672796,-7.2735137,-1.91714168
21,-1.62627529,-0.00139646891,105.896258,-0.402402808,0.899115067,-0.0207547314,-0.346351129,2.60773378,2.95076701,0,0,-0.749560274,13.7272971,-20.6978535,67.1918835,-4.6852912,-6.37877855,-20.1027972,-3.78187361,-20.2671452,36.6783856,70.133523,11.1480819,-3.43824466,24.8873771,-9.58770388,3.89197498,1.38610664,16.8711939,-8.10293772,-2.96418343,-8.95977214,1.06860956,-8.035715,14.8627495,-7.28325611,-1.93290341
22,-1.61989145,-0.00191015097,105.89726,-0.39191179,0.901321329,-0.0261453657,-0.350020301,2.59202072,2.95803775,0,0,-0.754810715,13.7325726,-20.7233199,67.18032,-4.73864907,-6.36077204,-20.083326,-3.78852493,-20.2812973,36.6899935,70.1188108,11.2204324,-3.3935876,24.9892409,-9.58653677,3.88162468,1.3918377,16.8706526,-8.10259706,-2.96331066,-8.96208672,1.05762107,-8.02153809,14.866921,-7.29412721,-1.91882084
23,-1.61493383,-0.00296070612,105.897844,-0.389341247,0.903914937,-0.0269734658,-0.34125402,2.58787501,2.96318344,0,0,-0.756033693,13.7208998,-20.7253399,67.1857568,-4.75889546,-6.34834408,-20.0782358,-3.78286697,-20.2862885,36.6828867,70.1154094,11.1916534,-3.39230459,25.0035194,-9.5884219,3.87863092,1.39136492,16.87312,-8.0966787,-2.9681746,-8.95940758,1.05421216,-8.01974089,14.8593839,-7.29537628,-1.9427726
24,-1.61053948,0.00282361216,105.896735,-0.391950266,0.90614352,-0.0390664831,-0.336079912,2.58346975,2.96692489,0,0,-0.743102063,13.6895825,-20.6205187,67.1748968,-4.64531283,-6.33575775,-20.116309,-3.77466989,-20.2851427,36.7028992,70.1144395,11.1798252,-3.42992143,24.9799928,-9.58868145,3.87867703,1.4015657,16.8822332,-8.10583287,-2.97384857,-8.95743537,1.05444919,-8.01664852,14.8555009,-7.28541786,-1.91287879
25,-1.60623118,0.0111008463,105.898201,-0.394272245,0.909502539,-0.0508316829,-0.333900094,2.60180219,2.97015429,0,0,-0.73558432,13.664485,-20.6272345,67.1688999,-4.68773129,-6.32987867,-20.1054558,-3.77381612,-20.3097195,36.7099309,70.1049182,11.2246535,-3.40483436,24.9989807,-9.57954009,3.87750522,1.41973742,16.8691141,-8.10596264,-2.97056944,-8.96497675,1.05211209,-8.00406219,14.8669313,-7.29120047,-1.90996635
26,-1.60103571,0.0187539306,105.900228,-0.40216496,0.912254642,-0.060744247,-0.32520473,2.61127758,2.97095983,0,0,-0.736430516,13.6578418,-20.6226992,67.1714954,-4.72296567,-6.35491387,-20.1299199,-3.76969965,-20.3304354,36.7419269,70.0980265,11.2694237,-3.44362215,25.0226439,-9.57675252,3.88485152,1.43335853,16.8682672,-8.1174143,-2.97339842,-8.96501858,1.05853546,-7.99989919,14.8672625,-7.28905835,-1.9158702
27,-1.59713719,0.0174147484,105.907083,-0.395433481,0.923244178,-0.0596810456,-0.322855998,2.58133638,2.96160097,0,0,-0.739492415,13.673774,-20.6255577,67.1740635,-4.74136364,-6.36198867,-20.1580466,-3.76387691,-20.3109028,36.75041,70.1087021,11.2392223,-3.43645109,24.9823236,-9.58394898,3.87577932,1.43321744,16.8597892,-8.09745649,-2.95393195,-8.95779224,1.05559186,-7.99023533,14.8278199,-7.27097287,-1.92719871
28,-1.59485824,0.0233878221,105.903733,-0.399139988,0.927434866,-0.0681556678,-0.329647101,2.58883486,2.96777888,0,0,-0.723942262,13.642257,-20.5482194,67.1587161,-4.66140134,-6.36918384,-20.1797461,-3.77171242,-20.3335841,36.7249607,70.1067077,11.2580787,-3.40349308,25.0523586,-9.58134668,3.87645081,1.43935757,16.8541338,-8.09578053,-2.95848747,-8.95769235,1.05678779,-7.99042657,14.8194768,-7.26214741,-1.9020286
29,-1.58669241,0.0257822277,105.906701,-0.39803208,0.934969309,-0.0793098008,-0.317252015,2.58144972,2.95139987,0,0,-0.698256109,13.6592411,-20.5710049,67.1186366,-4.68541586,-6.33175142,-20.1832893,-3.75778567,-20.3428561,36.7373336,70.1128617,11.2334866,-3.4108223,25.0461568,-9.57780608,3.8730259,1.44542256,16.8455244,-8.09877728,-2.94452593,-8.95330395,1.05496722,-7.9737131,14.798655,-7.25697696,-1.91347088
30,-1.58504117,0.0354581047,105.90452,-0.406465125,0.942461673,-0.0888359887,-0.297646864,2.59001584,2.95278149,0,0,-0.701182631,13.6354524,-20.5321002,67.1231172,-4.6709683,-6.36714546,-20.2020398,-3.73825303,-20.3401736,36.6454949,70.1058608,11.2121115,-3.39985814,25.0944514,-9.57225399,3.87885205,1.45987215,16.828372,-8.10627512,-2.95491187,-8.95086814,1.06296537,-7.97534039,14.7826279,-7.24569263,-1.92586874
31,-1.58177204,0.0455536414,105.912268,-0.40868285,0.946136018,-0.0979008729,-0.298923042,2.5949498,2.95179133,0,0,-0.687434314,13.6006236,-20.4613326,67.1294966,-4.58800284,-6.36760479,-20.1966696,-3.73827779,-20.3451972,36.6880845,70.1146307,11.1825471,-3.41542521,25.0450316,-9.56621866,3.87765591,1.46433984,16.8154937,-8.0892449,-2.94709429,-8.95736279,1.06008079,-7.96236645,14.7880784,-7.23171806,-1.90776276
32,-1.57622043,0.0520713511,105.91296,-0.42221943,0.955093109,-0.104998347,-0.288404711,2.61160308,2.94371527,0,0,-0.679935087,13.5964273,-20.4707361,67.1128036,-4.59501958,-6.34754751,-20.1840098,-3.73060664,-20.3506221,36.6666172,70.1182644,11.1537075,-3.40531866,25.0783065,-9.55544404,3.89034171,1.47232113,16.7819729,-8.11259817,-2.9402101,-8.95721851,1.07474574,-7.95333267,14.7721948,-7.23062865,-1.91160176
33,-1.56944767,0.0511886785,105.912578,-0.412062632,0.964386005,-0.116724993,-0.258435602,2.59351866,2.93236798,0,0,-0.669526625,13.5856228,-20.4535513,67.0994027,-4.58762249,-6.32339255,-20.1713672,-3.70444146,-20.3424275,36.6051831,70.1219322,11.1594243,-3.42644721,25.1073246,-9.54674494,3.87664675,1.49577557,16.7585931,-8.0974693,-2.91925786,-8.95560829,1.06444955,-7.94909454,14.7510349,-7.2237976,-1.93236532
34,-1.56134209,0.0490572478,105.914664,-0.402646447,0.975367453,-0.107876497,-0.254588311,2.56219691,2.91955348,0,0,-0.659998351,13.5924581,-20.4452629,67.0897449,-4.56376165,-6.2984312,-20.1725915,-3.69799632,-20.3306745,36.6051865,70.1276081,11.1300921,-3.42629353,25.0821297,-9.55099503,3.86395114,1.48145608,16.7459453,-8.07908584,-2.93702787,-8.94987264,1.05314388,-7.96558005,14.7239259,-7.21319117,-1.91087028
35,-1.55745354,0.0547919946,105.91557,-0.412867246,0.98064438,-0.106818014,-0.251790441,2.56874792,2.91927408,0,0,-0.670571164,13.598899,-20.467099,67.0885769,-4.56554689,-6.2598846,-20.1709813,-3.70410977,-20.3474477,36.5877934,70.130067,11.1529681,-3.39029374,25.1596831,-9.5534778,3.87169828,1.47544701,16.7423475,-8.08557111,-2.92179933,-8.94549534,1.0609811,-7.95566347,14.7087065,-7.18794338,-1.90527828
36,-1.55103225,0.0570992241,105.918562,-0.414772797,0.990890591,-0.112422069,-0.232988425,2.56169233,2.91019057,0,0,-0.659420934,13.5875028,-20.4257012,67.0929619,-4.51703462,-6.29173206,-20.2172831,-3.70804994,-20.3541003,36.5974137,70.1367332,11.1337479,-3.400653,25.1760926,-9.54001294,3.87141227,1.48761883,16.706291,-8.08496066,-2.91681884,-8.9486415,1.06464336,-7.95262404,14.6950239,-7.1852907,-1.89296046
37,-1.54351769,0.0550769735,105.917931,-0.398030493,1.00417534,-0.10611246,-0.219556724,2.52950955,2.8896667,0,0,-0.650685815,13.5893503,-20.3871994,67.095291,-4.46604085,-6.25532459,-20.2588038,-3.69053562,-20.3399755,36.610538,70.1363917,11.0716598,-3.41504336,25.0918935,-9.54163511,3.84980368,1.50034582,16.6844514,-8.08047323,-2.88714167,-8.93557449,1.04891653,-7.96465029,14.6449313,-7.19072327,-1.91282692
38,-1.53938597,0.0617614482,105.921447,-0.406756872,1.02465537,-0.123672642,-0.194629295,2.54852607,2.87739136,0,0,-0.638092227,13.5578401,-20.3447174,67.0884403,-4.46143602,-6.25511371,-20.2468647,-3.69534707,-20.3764829,36.5370041,70.1322253,11.0563457,-3.41030043,25.1879242,-9.528522,3.85737153,1.53055511,16.6218801,-8.07369085,-2.8974275,-8.9277027,1.06352897,-7.8941764,14.5781748,-7.14578745,-1.85517415
39,-1.53268082,0.0700301898,105.924237,-0.433240364,1.0351622,-0.116806959,-0.20629199,2.5752366,2.86809248,0,0,-0.647745526,13.5654131,-20.369055,67.0945397,-4.50338192,-6.21147776,-20.2737039,-3.70121633,-20.3795872,36.604203,70.1331474,11.0591793,-3.39328323,25.0982729,-9.51540291,3.88007551,1.53237194,16.5786877,-8.08758089,-2.8729417,-8.93084971,1.08707284,-7.89797143,14.5722462,-7.12992903,-1.89536042
40,-1.52835092,0.0703878934,105.91861,-0.420042517,1.05107109,-0.103240442,-0.212598522,2.56141336,2.8538541,0,0,-0.635064639,13.5339439,-20.2870398,67.1057548,-4.43625824,-6.22222037,-20.3025666,-3.72025506,-20.400269,36.6021846,70.141248,11.0831968,-3.37406543,25.1683711,-9.51704557,3.86037127,1.52229474,16.5477571,-8.0931253,-2.85977779,-8.92018437,1.07604241,-7.90853175,14.5217352,-7.15373267,-1.9138047
41,-1.52300131,0.0778463902,105.924833,-0.42196338,1.06563146,-0.108175763,-0.201635629,2.56022661,2.84185687,0,0,-0.655979479,13.5554188,-20.336545,67.1186024,-4.48426252,-6.23218476,-20.3272287,-3.71781839,-20.4209286,36.5834802,70.1198832,11.0354922,-3.34007264,25.1620583,-9.51189732,3.85896852,1.5260665,16.5164168,-8.07718278,-2.86349192,-8.91135123,1.07824792,-7.87700104,14.4759132,-7.12729471,-1.92480857
42,-1.51542472,0.0799432572,105.928993,-0.42167988,1.07204829,-0.0923591638,-0.20674465,2.55313666,2.83579743,0,0,-0.659711003,13.546654,-20.3437833,67.1324677,-4.54121007,-6.2354688,-20.3434265,-3.70865142,-20.4240261,36.5854165,70.1133262,11.0865351,-3.33961971,25.1765673,-9.50938124,3.85373446,1.52661665,16.5002754,-8.07443961,-2.86618131,-8.90949598,1.07450103,-7.89973959,14.4692452,-7.12780527,-1.89967667
43,-1.51228979,0.0797934947,105.926931,-0.424736366,1.08013158,-0.0830474228,-0.181899023,2.53096182,2.83003574,0,0,-0.678523585,13.5769894,-20.3855824,67.1478356,-4.57123516,-6.27775024,-20.3763309,-3.68807121,-20.4174538,36.5157554,70.089038,11.095253,-3.32287358,25.1966208,-9.5092694,3.85523881,1.51711703,16.4827747,-8.08189903,-2.87390305,-8.8978394,1.0787493,-7.90751235,14.4349798,-7.12235777,-1.91463543
44,-1.50847826,0.0897696766,105.928624,-0.428468976,1.09126575,-0.0798498174,-0.185063335,2.5510494,2.82837536,0,0,-0.68425977,13.5609035,-20.3999668,67.1394891,-4.60995763,-6.29617766,-20.3627132,-3.69410312,-20.4433658,36.5089628,70.0820985,11.0025613,-3.31666238,25.1598026,-9.50951016,3.85184036,1.52092593,16.4627127,-8.08608764,-2.86374464,-8.89167516,1.08071682,-7.898079,14.4036412,-7.10933772,-1.88429039
45,-1.50158079,0.091846229,105.935109,-0.430427492,1.09576928,-0.0554923649,-0.186431614,2.53921354,2.8211439,0,0,-0.700989518,13.5510851,-20.3836324,67.1778884,-4.57025161,-6.33471871,-20.3777704,-3.6966845,-20.4524653,36.5525087,70.0786288,11.0453311,-3.29758993,25.1752372,-9.50974495,3.84911511,1.50799126,16.4470375,-8.05687407,-2.85488994,-8.89315987,1.07684677,-7.91956507,14.4119228,-7.10171907,-1.8955062
46,-1.49728926,0.0907695328,105.933511,-0.41822382,1.10062155,-0.0448480537,-0.167487231,2.52185547,2.81802634,0,0,-0.721606764,13.5771132,-20.4846611,67.176256,-4.67189165,-6.3123857,-20.3650406,-3.702856,-20.4529878,36.4891826,70.0975553,11.0539952,-3.28717774,25.2179241,-9.51877019,3.83156409,1.50775273,16.459617,-8.05622179,-2.84638806,-8.88047621,1.06235033,-7.93912246,14.3820049,-7.10759474,-1.89268811
47,-1.49260489,0.0990475528,105.93487,-0.422813268,1.10837083,-0.0354826108,-0.176214598,2.53985536,2.81249688,0,0,-0.704943611,13.524905,-20.3810403,67.1781343,-4.58444645,-6.32846098,-20.3701222,-3.70341992,-20.4847704,36.5273292,70.0814702,11.1192688,-3.31232414,25.2264926,-9.51218589,3.82866382,1.51681479,16.4365087,-8.06343959,-2.83900207,-8.87840325,1.06215535,-7.95130069,14.3730881,-7.09992657,-1.89436193
48,-1.49269728,0.104440597,105.937231,-0.444607395,1.10321354,-0.0403102861,-0.148360833,2.5473722,2.83162866,0,0,-0.752933534,13.5968098,-20.5848531,67.175334,-4.86295638,-6.32881529,-20.3875546,-3.70379857,-20.4876596,36.4763452,70.0670175,11.1611071,-3.32097757,25.2745515,-9.49847514,3.85341088,1.51654265,16.4243066,-8.07566392,-2.85242702,-8.85598913,1.08783879,-7.94341694,14.3428969,-7.0706336,-1.8814723
49,-1.48639567,0.118937611,105.940032,-0.457404607,1.13315438,-0.0155111518,-0.162586157,2.58566565,2.79627881,0,0,-0.732632291,13.5296161,-20.4958882,67.18213,-4.74585961,-6.35202299,-20.354698,-3.71165926,-20.5209875,36.4975154,70.0755279,11.196502,-3.33951598,25.3119127,-9.52133664,3.85555641,1.4893553,16.3943648,-8.06810802,-2.83973418,-8.89442004,1.09079861,-7.95960791,14.3649192,-7.07032838,-1.88530126
50,-1.48265054,0.122276729,105.939937,-0.45026014,1.13781559,-0.000729724931,-0.166670956,2.5806397,2.79370276,0,0,-0.754184472,13.530942,-20.5106978,67.2042052,-4.75971423,-6.3543888,-20.4134034,-3.71202126,-20.52694,36.5031947,70.0694559,11.1277058,-3.34761018,25.2918883,-9.52998963,3.84349131,1.47554775,16.3983075,-8.0651275,-2.84175228,-8.88218205,1.08082749,-7.97288238,14.3387066,-7.07323121,-1.88838146
51,-1.47910444,0.126215466,105.935979,-0.448680725,1.14429618,0.0110334011,-0.17832546,2.58824085,2.79495716,0,0,-0.761207614,13.5082316,-20.5125573,67.2196482,-4.79169403,-6.38126944,-20.409488,-3.73555468,-20.5432078,36.5328138,70.0828294,11.2354435,-3.38463194,25.350382,-9.53446426,3.83547138,1.47641156,16.3937159,-8.06483807,-2.85076493,-8.86872572,1.07886466,-7.9837253,14.3041757,-7.07362565,-1.86555753
52,-1.4754992,0.132135046,105.936897,-0.459911861,1.14608019,0.0195087595,-0.18272054,2.59944449,2.79625084,0,0,-0.780554178,13.5238181,-20.5692564,67.2355148,-4.88827461,-6.42153426,-20.4624647,-3.74454492,-20.5402076,36.5305052,70.100622,11.226145,-3.41359877,25.3581069,-9.53137872,3.84179272,1.47474478,16.3855658,-8.0622426,-2.87572949,-8.86732383,1.08510148,-7.99178578,14.3064408,-7.06090741,-1.84788975
53,-1.47237657,0.136811833,105.938232,-0.460745219,1.14836752,0.0342582782,-0.198153086,2.59712458,2.80256322,0,0,-0.782681516,13.5122597,-20.5165427,67.2435744,-4.83661106,-6.38721512,-20.4855951,-3.75449992,-20.5313147,36.5084744,70.1145146,11.1576536,-3.44883188,25.3669964,-9.52896767,3.83634053,1.45855243,16.3772876,-8.07812962,-2.85374738,-8.86935495,1.07957714,-8.00161784,14.3142528,-7.07419127,-1.85890642
54,-1.46742826,0.142002304,105.938816,-0.454096279,1.15238946,0.0428650691,-0.199303399,2.58864191,2.80272288,0,0,-0.795763356,13.550875,-20.6287747,67.2265262,-4.96362782,-6.36845899,-20.4875673,-3.7584166,-20.5234088,36.514707,70.1268363,11.1337274,-3.45996381,25.3357739,-9.53231873,3.82529227,1.46246079,16.3743643,-8.07284049,-2.82836789,-8.86442441,1.06922727,-8.01475998,14.3031777,-7.07710264,-1.8400933
55,-1.4653489,0.144188432,105.942237,-0.453564947,1.1596476,0.0488873634,-0.190479915,2.58219528,2.80823655,0,0,-0.805567238,13.5275585,-20.5636796,67.2451726,-4.87876058,-6.39383016,-20.4982737,-3.7887546,-20.5253639,36.5738018,70.1414324,11.1700589,-3.46470033,25.3211112,-9.53509947,3.82126246,1.44370744,16.3628725,-8.04899545,-2.82049695,-8.85796049,1.06833006,-7.99890967,14.2704867,-7.05888354,-1.86196656
56,-1.46196801,0.147532101,105.940378,-0.459354265,1.16184333,0.050792524,-0.195894014,2.58195323,2.8166046,0,0,-0.822272387,13.5596894,-20.5931399,67.2434446,-4.87181769,-6.37590646,-20.528166,-3.79133171,-20.5072024,36.5476114,70.1407357,11.1461174,-3.48653644,25.3117402,-9.5389867,3.82432708,1.44626246,16.3661185,-8.05312686,-2.84493558,-8.85294286,1.07196585,-8.00264578,14.2561382,-7.02789625,-1.84393977
57,-1.4556041,0.151499629,105.943322,-0.447732032,1.16457086,0.0532827595,-0.184412733,2.5748906,2.81734567,0,0,-0.827021023,13.5660261,-20.643019,67.2454049,-4.88219147,-6.4006343,-20.4932176,-3.79325655,-20.5101309,36.4945374,70.1553455,11.130478,-3.51463627,25.3338051,-9.53713913,3.80556583,1.45321026,16.3636067,-8.03903191,-2.82299744,-8.85807148,1.05216151,-8.01478217,14.2646494,-7.02633257,-1.8314228
58,-1.45213539,0.153387757,105.943489,-0.445422159,1.17152366,0.0573449103,-0.159077587,2.55424337,2.81881907,0,0,-0.840297363,13.5822965,-20.6564182,67.2551652,-4.89508687,-6.37684305,-20.480061,-3.78414977,-20.4795538,36.436194,70.1429829,11.1116839,-3.53768367,25.3589966,-9.53489029,3.79966412,1.44954554,16.3473338,-8.03712116,-2.78706488,-8.85502949,1.04837438,-8.0097415,14.2495368,-7.02406622,-1.82280631
59,-1.44908112,0.160597567,105.942869,-0.449519043,1.1787857,0.0651306313,-0.191440624,2.57777294,2.81876123,0,0,-0.815134199,13.5228892,-20.4936872,67.2656427,-4.77142074,-6.40196192,-20.4359277,-3.78358969,-20.4758621,36.3802479,70.1514933,10.9998472,-3.59047036,25.3358866,-9.53873398,3.79863745,1.43913687,16.3395115,-8.03554937,-2.79524296,-8.84954484,1.04778912,-8.01788906,14.2298974,-7.02473942,-1.81965994
60,-1.44512262,0.169473223,105.945492,-0.460024371,1.1828547,0.0647603237,-0.194012804,2.58605903,2.82990489,0,0,-0.819645112,13.545714,-20.5201269,67.246245,-4.76784557,-6.3908825,-20.3822612,-3.81415778,-20.4752337,36.4192483,70.1578453,11.0273464,-3.59965868,25.3074918,-9.52772286,3.80484695,1.45349488,16.3164289,-8.06006462,-2.76802893,-8.8603152,1.05370758,-8.02925193,14.2458835,-7.0279795,-1.82298581
61,-1.43980579,0.172888744,105.947983,-0.461340312,1.19128719,0.0694048617,-0.19932349,2.56830481,2.83436181,0,0,-0.831789722,13.588161,-20.5948116,67.2435061,-4.85085584,-6.41894177,-20.356759,-3.84097139,-20.4410982,36.376662,70.1830692,10.9624161,-3.57481194,25.286308,-9.52888912,3.80182502,1.44182273,16.2981667,-8.04509968,-2.77551012,-8.85300604,1.05532047,-8.03742596,14.2148881,-7.00782275,-1.83258116
62,-1.43353241,0.176199945,105.9479,-0.455927988,1.20528628,0.0740968517,-0.221776669,2.56664336,2.82602215,0,0,-0.808448724,13.5658724,-20.472336,67.2425157,-4.73140395,-6.41527225,-20.3636302,-3.86648343,-20.4347375,36.4061172,70.1965998,10.9311534,-3.53348823,25.2423147,-9.53144446,3.79027346,1.443602,16.2788714,-8.0430694,-2.76871238,-8.84163975,1.04896231,-8.03535044,14.1648817,-6.99919068,-1.84106234
63,-1.42760593,0.18760215,105.95268,-0.470310176,1.20941092,0.0749849292,-0.227575953,2.5891514,2.83138214,0,0,-0.819675848,13.5674246,-20.5078325,67.2607591,-4.81807222,-6.42178441,-20.3469508,-3.89760818,-20.4666909,36.4961801,70.1729332,10.9816772,-3.47417999,25.2512999,-9.52011659,3.79957106,1.44375109,16.2569038,-8.04527897,-2.75924637,-8.85339792,1.05606731,-8.05101718,14.1883144,-6.98658812,-1.83123433
64,-1.42467897,0.193130295,105.95386,-0.471449721,1.21995037,0.0655204555,-0.192722472,2.57021086,2.83921999,0,0,-0.820847439,13.5858157,-20.4361446,67.2465728,-4.68665895,-6.44315309,-20.4021422,-3.93399387,-20.4413748,36.4646656,70.2039833,10.9797297,-3.4541622,25.2663809,-9.51207319,3.79778667,1.45683805,16.2259903,-8.04338018,-2.74991399,-8.85326132,1.05564138,-8.02242686,14.1676608,-6.98358967,-1.83974902
65,-1.41571974,0.20184156,105.958617,-0.472060452,1.22715163,0.0690404818,-0.208845947,2.58006255,2.83813506,0,0,-0.804853484,13.5743931,-20.4075278,67.2236849,-4.69332436,-6.4214826,-20.3844127,-3.96020216,-20.4517618,36.5142972,70.2100007,10.9978289,-3.42068019,25.2473264,-9.50367548,3.79093898,1.45849437,16.2030956,-8.0394938,-2.73373135,-8.85914211,1.04999847,-8.04206878,14.1730669,-6.97789841,-1.82076131
66,-1.4091691,0.202166359,105.960679,-0.466419316,1.23907928,0.0716718234,-0.205198306,2.561703,2.83561899,0,0,-0.829223332,13.5980375,-20.4540345,67.2424337,-4.76447145,-6.43264014,-20.3726067,-3.95843528,-20.420821,36.4753856,70.2066812,10.951726,-3.38380912,25.2072776,-9.49869456,3.78227189,1.46229932,16.1713864,-8.01136025,-2.73150044,-8.85371382,1.04342004,-8.03984982,14.1431942,-6.97017176,-1.83792579
67,-1.40399588,0.201403885,105.959439,-0.462512452,1.24770355,0.0716513646,-0.17898979,2.52099593,2.8354286,0,0,-0.830482861,13.6519653,-20.5100677,67.2137469,-4.7798953,-6.41152504,-20.3361318,-3.96644197,-20.3874829,36.494756,70.1953704,10.9751433,-3.38352694,25.1430277,-9.49555694,3.77653325,1.47487444,16.1525641,-8.00739106,-2.74343534,-8.84740699,1.04222764,-8.04380877,14.1154397,-6.9654235,-1.83216068
68,-1.39703583,0.214408198,105.965745,-0.463949831,1.25959907,0.0700512795,-0.210165201,2.57192886,2.82365036,0,0,-0.806075661,13.6214172,-20.5105578,67.1814197,-4.83316053,-6.37884131,-20.3151409,-3.98430718,-20.4259966,36.5150109,70.2141534,10.9530903,-3.4308926,25.1105928,-9.49509847,3.76919336,1.47023184,16.1311156,-7.9813484,-2.73357767,-8.84215116,1.0378831,-8.02839816,14.0854919,-6.93296858,-1.8124464
69,-1.39237978,0.218618265,105.963814,-0.452261258,1.26607965,0.065672843,-0.194627561,2.54002227,2.82889232,0,0,-0.805833082,13.6323293,-20.4968735,67.180402,-4.81817125,-6.36822804,-20.2727869,-3.98005069,-20.4047342,36.4856309,70.1643067,10.8342296,-3.34975678,25.0783697,-9.48238578,3.75326024,1.48622611,16.1011277,-7.97055158,-2.74688224,-8.85471103,1.02090752,-8.04191681,14.1007019,-6.94811324,-1.81789241
70,-1.38299447,0.228207675,105.970693,-0.457752528,1.27592882,0.0710054246,-0.230871413,2.55977411,2.81601101,0,0,-0.796427325,13.6267089,-20.4936599,67.1849099,-4.9062491,-6.38379234,-20.2785157,-3.97349713,-20.4249721,36.4860304,70.1606662,10.8796564,-3.4776081,25.142623,-9.48217233,3.75269035,1.50371054,16.0873717,-7.96619648,-2.76708274,-8.84715598,1.02101531,-8.02877638,14.0759322,-6.93380655,-1.79998771
71,-1.37770707,0.233602431,105.969584,-0.44715644,1.2842083,0.0757321462,-0.213839029,2.54149418,2.81500761,0,0,-0.800898324,13.6466121,-20.5471061,67.1768776,-4.94417885,-6.38948103,-20.1891922,-3.96706266,-20.3964458,36.4455684,70.1642794,10.8987015,-3.54413884,25.2016307,-9.46822594,3.73408662,1.51726249,16.0499115,-7.9576724,-2.73986358,-8.86085137,1.00517589,-8.03522237,14.0889428,-6.93985469,-1.77718598
72,-1.37341302,0.233023474,105.973887,-0.438283381,1.29620969,0.0818648395,-0.211903071,2.49598292,2.81825793,0,0,-0.795562559,13.6754389,-20.5155694,67.155021,-4.93837405,-6.36008219,-20.1422057,-3.95800925,-20.3444185,36.4210275,70.131153,10.9176587,-3.53629608,25.1669726,-9.46389048,3.72238906,1.52851619,16.0158288,-7.91364842,-2.75131076,-8.85475372,0.997295344,-8.03424992,14.0544401,-6.92825745,-1.80221905
73,-1.36431875,0.240263599,105.974424,-0.431841957,1.30497438,0.0912291774,-0.222943097,2.50506259,2.80592325,0,0,-0.784236344,13.6462398,-20.5070607,67.1659015,-4.98979342,-6.39835003,-20.1218927,-3.96298504,-20.3518447,36.4507525,70.1252517,10.8870466,-3.51948079,25.127793,-9.46099875,3.70870862,1.52941916,15.9964209,-7.89852979,-2.76085019,-8.84844518,0.985028431,-8.03905325,14.0333468,-6.92325605,-1.76254995
74,-1.35499816,0.25273026,105.978262,-0.43399407,1.3124766,0.102365864,-0.24635876,2.53097526,2.80746239,0,0,-0.78955498,13.6273185,-20.4944897,67.1765771,-4.98017779,-6.41178203,-20.1033299,-3.96740759,-20.3791518,36.480901,70.0949735,10.9482827,-3.50883509,25.1223988,-9.4523338,3.70091111,1.53000453,15.9692435,-7.87040051,-2.76677986,-8.85074696,0.978225242,-8.03922828,14.033007,-6.91309998,-1.75700512
75,-1.34667121,0.252611376,105.981982,-0.413327736,1.32524211,0.119155175,-0.262553512,2.51386585,2.79384299,0,0,-0.765423068,13.6176436,-20.4391174,67.1694668,-4.92388167,-6.43502004,-20.1686078,-3.96120321,-20.3725845,36.4814269,70.0819551,10.9484415,-3.51089503,25.1389125,-9.4541677,3.67079083,1.52194459,15.9495897,-7.84232417,-2.75928607,-8.83696278,0.95329153,-8.0521288,13.9906094,-6.89934398,-1.76470413
76,-1.34138735,0.256516365,105.986285,-0.413100082,1.33247362,0.121459716,-0.261344862,2.51022536,2.80013167,0,0,-0.762782987,13.6137128,-20.418842,67.1672402,-4.89491782,-6.45222144,-20.1716626,-3.97736558,-20.3601416,36.4796101,70.1009225,11.0336549,-3.55121044,25.2128852,-9.44509465,3.66653775,1.53041615,15.9211385,-7.82211791,-2.74073827,-8.84318679,0.947714894,-8.0361675,13.9905488,-6.88997723,-1.72614771
77,-1.3354118,0.26320878,105.989647,-0.406581082,1.33784344,0.129603101,-0.257467289,2.49756753,2.80032057,0,0,-0.771336465,13.6176068,-20.4313839,67.1736811,-4.9140018,-6.43462303,-20.200959,-3.95839857,-20.3476407,36.4829466,70.0717576,11.1194763,-3.5369379,25.1955143,-9.43315889,3.65193438,1.53126481,15.8930784,-7.80690366,-2.74089643,-8.86130472,0.931647514,-8.0540199,14.0212787,-6.89394728,-1.71531813
78,-1.33067286,0.271807262,105.988979,-0.405585281,1.34563236,0.1429205,-0.266506431,2.50792167,2.79815327,0,0,-0.763591777,13.6287802,-20.4674968,67.1676227,-4.95271702,-6.46110624,-20.2340649,-3.97332552,-20.3430781,36.4896095,70.0819483,11.1198784,-3.47036149,25.1368037,-9.43217193,3.6427021,1.53221004,15.8718109,-7.80440637,-2.75447164,-8.85315972,0.925838439,-8.05714045,13.9951746,-6.89457523,-1.70492076
79,-1.32562798,0.283061899,105.991614,-0.407574581,1.34905043,0.153329506,-0.30546535,2.54635087,2.80868499,0,0,-0.771338812,13.5713084,-20.438279,67.1920679,-4.93987797,-6.46117198,-20.2060628,-3.99364789,-20.391371,36.5868987,70.0567927,11.2086623,-3.45729341,25.1179797,-9.4277084,3.63562218,1.52828353,15.8583196,-7.79514976,-2.75341126,-8.86479751,0.91707093,-8.07474355,14.0214751,-6.8974136,-1.7233531
80,-1.32403476,0.291782711,105.993688,-0.416637329,1.35319303,0.15811087,-0.316790977,2.56183875,2.82986669,0,0,-0.771394628,13.549474,-20.3722908,67.1938438,-4.85778849,-6.5028468,-20.1956895,-4.01198866,-20.3874658,36.5393059,70.0611435,11.1291025,-3.44458243,25.1239202,-9.42258918,3.63673593,1.52349984,15.8398866,-7.78498302,-2.74760901,-8.86664849,0.919854766,-8.07313333,14.0191699,-6.88401661,-1.72346686
81,-1.32062156,0.294619962,105.992424,-0.409905695,1.36323562,0.180013671,-0.34573956,2.55368991,2.82889082,0,0,-0.761040381,13.5405768,-20.3417138,67.1917537,-4.80727924,-6.48037377,-20.2244394,-4.0052097,-20.379512,36.4869662,70.0561097,11.0413107,-3.43655888,25.1500969,-9.42847339,3.62352976,1.4964921,15.8249968,-7.79221534,-2.74099419,-8.85982342,0.909625384,-8.0993587,13.990098,-6.88615062,-1.72951414
82,-1.31978067,0.303457538,105.992329,-0.417984696,1.36536207,0.186302957,-0.349027496,2.55715068,2.84650652,0,0,-0.780990243,13.5561659,-20.4030318,67.1884411,-4.86028279,-6.46209021,-20.2124251,-4.01493973,-20.3790408,36.5005753,70.0520867,11.0499304,-3.44675892,25.1637522,-9.42538614,3.62632288,1.49015027,15.8139336,-7.79626906,-2.73405301,-8.86251196,0.912039322,-8.10217701,13.9927729,-6.88463474,-1.71302969
83,-1.31614087,0.305986661,105.994391,-0.418436666,1.36908554,0.202219645,-0.355271142,2.53635361,2.85882904,0,0,-0.805410678,13.5816186,-20.4242532,67.2157072,-4.84963196,-6.48715573,-20.2200681,-4.01798898,-20.346804,36.4780562,70.0634863,11.012302,-3.44802677,25.1626355,-9.42332513,3.62228026,1.4724826,15.7997643,-7.79949717,-2.72207969,-8.86407863,0.909128808,-8.13008345,13.9952915,-6.89279468,-1.7156035
84,-1.31268399,0.309426663,105.999219,-0.419263004,1.37462569,0.207335764,-0.368528006,2.53080301,2.86957378,0,0,-0.820021573,13.593504,-20.4382705,67.2245113,-4.83975849,-6.51573025,-20.2279262,-4.02754356,-20.3465957,36.4866895,70.0631994,11.0092037,-3.4707888,25.1853236,-9.42705185,3.61830467,1.4647648,15.7939433,-7.77158731,-2.72150937,-8.85589863,0.906241986,-8.10879888,13.9732104,-6.87517664,-1.72609083
85,-1.30796488,0.308693293,105.997622,-0.407293172,1.37675245,0.23085672,-0.387631191,2.50211963,2.87834139,0,0,-0.845548498,13.6288604,-20.5409692,67.2339985,-4.89932927,-6.50837456,-20.1969155,-4.02669064,-20.3246161,36.4779162,70.0710678,10.9829681,-3.4614387,25.173393,-9.43692745,3.59989048,1.43980324,15.8051995,-7.77142339,-2.7075079,-8.84924773,0.889241591,-8.16187371,13.9665049,-6.88648145,-1.74338316
86,-1.30510041,0.309480238,106.000626,-0.405845315,1.38293987,0.231963785,-0.3877385,2.48119065,2.88247558,0,0,-0.836488892,13.6348326,-20.4809335,67.2254197,-4.78068461,-6.50591911,-20.1944822,-4.02421086,-20.299633,36.4684495,70.0796602,10.9443493,-3.45298655,25.150237,-9.44181787,3.59607581,1.43359075,15.8006881,-7.75361538,-2.69064438,-8.84180965,0.887612004,-8.13285822,13.9389083,-6.87421187,-1.72599094
87,-1.30126132,0.317288074,106.003928,-0.419998975,1.38374901,0.23758835,-0.394578267,2.4930596,2.89400643,0,0,-0.86454224,13.6665528,-20.5739061,67.2298525,-4.82558073,-6.51624934,-20.21799,-4.0236828,-20.3010759,36.4488947,70.0879042,10.9336524,-3.45862082,25.2165769,-9.43793661,3.60714584,1.42632663,15.7924885,-7.75235862,-2.67648476,-8.84995978,0.897204471,-8.13904381,13.9596234,-6.86674904,-1.72523257
88,-1.29825957,0.322133559,106.005049,-0.411983081,1.3853863,0.246698482,-0.409324539,2.47963486,2.91103836,0,0,-0.848627526,13.6363403,-20.4872241,67.2237532,-4.72684693,-6.52365455,-20.1595817,-4.03813718,-20.2885527,36.4934139,70.0990306,10.8525917,-3.46602795,25.1461081,-9.43990371,3.59475716,1.42174176,15.7921726,-7.74046641,-2.66830369,-8.84849214,0.884055397,-8.1504912,13.9573362,-6.86938421,-1.7130853
89,-1.29411174,0.326200412,106.005692,-0.414697557,1.38626646,0.24861364,-0.412431608,2.47656491,2.9222815,0,0,-0.860686705,13.6940725,-20.6148291,67.2011521,-4.8492627,-6.53023714,-20.160753,-4.05176469,-20.2924903,36.5294499,70.1051641,10.9120033,-3.45279253,25.2071359,-9.4393479,3.59665126,1.41857874,15.7918482,-7.7349092,-2.68704082,-8.84718245,0.883427339,-8.1439863,13.9587073,-6.86788072,-1.73294023
90,-1.2892426,0.325320405,106.005633,-0.406238837,1.38823092,0.250456565,-0.42224723,2.45252734,2.92801032,0,0,-0.86875001,13.7124645,-20.6527282,67.1953464,-4.89552229,-6.51547497,-20.1268429,-4.04446749,-20.2890479,36.5865572,70.0833143,10.972541,-3.44099189,25.1759424,-9.43932826,3.58452511,1.41956837,15.7922648,-7.71788068,-2.69412543,-8.84573274,0.874300819,-8.15060049,13.9550207,-6.87113445,-1.72553267
91,-1.28653394,0.328825554,106.005764,-0.414592322,1.39299531,0.241375511,-0.420535281,2.45699898,2.9410786,0,0,-0.872469955,13.725914,-20.6660624,67.1797804,-4.89427664,-6.51758123,-20.1315437,-4.04634664,-20.2622292,36.5885379,70.1019471,10.9382193,-3.45020304,25.1425035,-9.43962965,3.59488523,1.42648341,15.7862594,-7.71012927,-2.70009331,-8.84241925,0.883926157,-8.12586069,13.9373152,-6.85954191,-1.71378795
92,-1.28172459,0.336082908,106.00915,-0.413885219,1.39470436,0.230795995,-0.42400427,2.4565262,2.95118173,0,0,-0.874775944,13.7350067,-20.6646281,67.1794116,-4.9165375,-6.52182192,-20.1531715,-4.05765146,-20.2686444,36.6190006,70.1048021,10.9626594,-3.42837183,25.1607674,-9.43611124,3.59055958,1.43841265,15.7863225,-7.70554109,-2.7074618,-8.84636027,0.877650227,-8.1176158,13.9445048,-6.85187246,-1.69814746
93,-1.27971163,0.339657161,106.012166,-0.406096032,1.39582507,0.216861762,-0.416909224,2.44579747,2.96699512,0,0,-0.883234173,13.7308847,-20.6376556,67.1752315,-4.9009476,-6.51239712,-20.1871603,-4.05682458,-20.2604653,36.6023315,70.1033199,10.9698123,-3.42020869,25.197828,-9.43966038,3.58272749,1.44698486,15.7982822,-7.69359936,-2.72753402,-8.84446404,0.870325649,-8.0981822,13.9360567,-6.8487929,-1.69492489
94,-1.27402116,0.342201744,106.009638,-0.401349575,1.39805276,0.204766079,-0.40880219,2.43508069,2.97543936,0,0,-0.901045492,13.7543506,-20.68065,67.1777109,-4.944756,-6.49825222,-20.1755882,-4.06586092,-20.2612798,36.6411338,70.1060452,11.0534394,-3.40995145,25.2304951,-9.43513794,3.57758116,1.45906597,15.7972184,-7.69259959,-2.7192569,-8.84939885,0.864266898,-8.09935016,13.9440643,-6.85651357,-1.69803295
95,-1.2732516,0.341511425,106.005311,-0.400731208,1.40343198,0.189321247,-0.376393609,2.41436899,2.98856144,0,0,-0.904403277,13.7771609,-20.6877773,67.1459163,-4.94736941,-6.48198997,-20.1804103,-4.07672348,-20.2304551,36.6409733,70.1323346,11.1172667,-3.43361358,25.2589189,-9.43936924,3.57844646,1.46330944,15.7975736,-7.69580893,-2.72318426,-8.84480725,0.867934816,-8.06648756,13.9170944,-6.84820081,-1.69811139
96,-1.27040641,0.347961695,106.004691,-0.408735574,1.40270529,0.174035677,-0.386239727,2.43399447,3.00852864,0,0,-0.912174218,13.773342,-20.6944299,67.1395233,-4.97331601,-6.45561605,-20.1715789,-4.07877724,-20.2177612,36.6343651,70.1483172,11.0054112,-3.45417159,25.2018834,-9.43634176,3.5841597,1.47228249,15.8024879,-7.69951857,-2.72551058,-8.8559934,0.872577744,-8.06677272,13.941012,-6.847318,-1.68813419
97,-1.26745868,0.351649593,106.007099,-0.408279019,1.40398322,0.157871109,-0.361342594,2.43119815,3.01601261,0,0,-0.920932975,13.7721015,-20.7010893,67.1528763,-4.96968022,-6.48284203,-20.1879338,-4.07139764,-20.2141583,36.7125673,70.1432697,10.9615503,-3.49139804,25.0888353,-9.43602587,3.58528412,1.48221188,15.8103853,-7.69859394,-2.73888643,-8.85608219,0.873694747,-8.06453157,13.9389186,-6.843698,-1.70859018
98,-1.26525834,0.352123706,106.006324,-0.400115133,1.40593099,0.141139963,-0.36701632,2.41596128,3.02491106,0,0,-0.933255704,13.8068859,-20.7474851,67.1472072,-5.07168653,-6.49938561,-20.197064,-4.07751194,-20.2222145,36.7216378,70.1281067,10.9338266,-3.47708624,25.1147524,-9.4374696,3.57816813,1.50047826,15.8193806,-7.69506785,-2.74969243,-8.85368223,0.867414921,-8.04550863,13.9282848,-6.84959587,-1.70740834
99,-1.26325097,0.348752388,106.00729,-0.396551703,1.40736342,0.124806647,-0.339128604,2.40468656,3.03854327,0,0,-0.950559775,13.814598,-20.7829423,67.1429179,-5.10464006,-6.47718578,-20.154512,-4.06317538,-20.2048897,36.6671705,70.1298484,10.9548158,-3.50519844,25.1230989,-9.43652191,3.57784625,1.51925402,15.8252153,-7.68689382,-2.74744936,-8.85482116,0.867232747,-8.03251505,13.9253436,-6.84349182,-1.68046079
100,-1.26016624,0.354541629,106.004667,-0.411089519,1.40819931,0.103050323,-0.357768404,2.42720121,3.05192041,0,0,-0.973743358,13.834339,-20.8268911,67.1526167,-5.18428263,-6.45417786,-20.1540885,-4.08307086,-20.2484014,36.7425621,70.1095218,11.1037719,-3.52977538,25.2188052,-9.43357724,3.59422441,1.5322444,15.8277306,-7.70497589,-2.75608762,-8.86131155,0.883432729,-8.03015437,13.934508,-6.84097745,-1.67675605
101,-1.26023628,0.35366267,106.00661,-0.405715196,1.40883546,0.0821778121,-0.34219133,2.41249005,3.07261118,0,0,-0.978625876,13.8452434,-20.8065201,67.142351,-5.16226893,-6.4526479,-20.1823791,-4.07468211,-20.2131611,36.6892559,70.1070287,10.9528726,-3.47950562,25.1432394,-9.43498768,3.59223981,1.54385231,15.8363724,-7.7058382,-2.76334385,-8.86406412,0.880968418,-8.00533261,13.9338762,-6.83798071,-1.70315559
102,-1.25752073,0.357853458,106.009424,-0.410632193,1.4108697,0.0657200366,-0.330148853,2.41488382,3.0828157,0,0,-0.987744498,13.8467622,-20.8174006,67.1392091,-5.17888422,-6.46346265,-20.1620337,-4.07634996,-20.22648,36.6915816,70.0918794,10.9437987,-3.47328182,25.1452851,-9.42637139,3.59841857,1.55584858,15.8275359,-7.69900716,-2.76494297,-8.8719325,0.885616682,-7.98952499,13.9456164,-6.82743319,-1.68103068
103,-1.25542879,0.353800715,106.008661,-0.404480193,1.41235449,0.0496709343,-0.320314928,2.4051747,3.09278457,0,0,-0.991239528,13.8843326,-20.8896128,67.117011,-5.26374676,-6.45920488,-20.1700728,-4.07355171,-20.2249876,36.6820808,70.0939489,10.9560093,-3.47914596,25.1615119,-9.42684353,3.59601136,1.56833982,15.8326944,-7.69132064,-2.75995885,-8.87286482,0.882350357,-7.97881269,13.945625,-6.83587744,-1.68114242
104,-1.25624007,0.351002486,106.010032,-0.410237165,1.41740972,0.0218321327,-0.295302668,2.40456511,3.10410476,0,0,-0.987891988,13.8738798,-20.8582673,67.1171407,-5.23197912,-6.45446601,-20.1250465,-4.07646735,-20.2084226,36.6851407,70.1071722,10.9800422,-3.47744247,25.122783,-9.42856815,3.60856908,1.58645466,15.8308554,-7.68894885,-2.7790441,-8.87285713,0.896386023,-7.93461198,13.9212472,-6.81456298,-1.69631334
105,-1.25341974,0.347822928,106.007755,-0.411179954,1.41839163,0.00240833502,-0.294090096,2.40270431,3.11921143,0,0,-0.999555069,13.8856465,-20.8361426,67.111417,-5.2414718,-6.4093667,-20.1400507,-4.08591094,-20.2001974,36.6843416,70.1266177,10.9708223,-3.50034644,25.1564422,-9.42763327,3.61599478,1.59846384,15.8346734,-7.70106817,-2.76763064,-8.87475763,0.903916306,-7.92317824,13.9170927,-6.82025466,-1.70910095
106,-1.25446534,0.34629493,106.00785,-0.411032163,1.41559067,-0.0123031591,-0.279314796,2.40174189,3.14243599,0,0,-1.0346616,13.9277068,-20.9570592,67.1067725,-5.34902594,-6.39797693,-20.1384713,-4.0783051,-20.193246,36.651905,70.1078825,10.9075193,-3.44681633,25.1032367,-9.42734897,3.62130056,1.60106187,15.8422737,-7.70171448,-2.78077022,-8.8902485,0.903446624,-7.91553867,13.9487805,-6.82886753,-1.69875545
107,-1.25245601,0.337147387,106.00934,-0.404173161,1.41778614,-0.0275674058,-0.255531944,2.38969664,3.15345715,0,0,-1.0435354,13.9109464,-20.9182501,67.1218741,-5.29227176,-6.37489388,-20.1194082,-4.08410735,-20.1848551,36.6719857,70.128858,11.0357313,-3.50311096,25.1039112,-9.42719529,3.61950891,1.62275978,15.8442955,-7.69672502,-2.7727853,-8.89047475,0.903721112,-7.9082022,13.941888,-6.82911085,-1.72284532
108,-1.250441,0.331963762,106.006849,-0.400682774,1.41938916,-0.0459089321,-0.25915648,2.38798611,3.16880906,0,0,-1.04713395,13.9274703,-20.9376324,67.1088079,-5.31917716,-6.38451207,-20.1295596,-4.09169355,-20.1773846,36.6500404,70.1649692,11.0420723,-3.6217855,25.1152903,-9.42141438,3.62220172,1.63392308,15.838512,-7.68789786,-2.79118775,-8.89700014,0.903798058,-7.89381952,13.9473931,-6.83478717,-1.71063593
109,-1.25025762,0.320033007,106.009066,-0.400249483,1.42017921,-0.0619485547,-0.240882549,2.36742852,3.1832643,0,0,-1.05849021,13.9472446,-20.9290708,67.112947,-5.28265229,-6.38758608,-20.1093593,-4.09843836,-20.1526951,36.6435517,70.1764235,11.0246331,-3.60980578,25.0801968,-9.4242455,3.63178703,1.65277921,15.8466741,-7.67912533,-2.79373862,-8.89797088,0.911594719,-7.87985691,13.9429578,-6.82577516,-1.73647752
110,-1.24835121,0.314515736,106.00822,-0.402221826,1.42159375,-0.0754986246,-0.260631374,2.37941166,3.18440046,0,0,-1.04179307,13.9235003,-20.8726363,67.1266962,-5.22688252,-6.38057617,-20.087489,-4.09065365,-20.1518345,36.6149229,70.1807743,11.0440223,-3.62882572,25.1192791,-9.42058964,3.64026757,1.65274388,15.8407267,-7.67649827,-2.79552087,-8.91124536,0.920714196,-7.86333895,13.9596337,-6.83673719,-1.73276126
111,-1.24729574,0.30621218,106.013072,-0.396684877,1.42158511,-0.0893303971,-0.255506385,2.37057211,3.20274336,0,0,-1.06789848,13.9264945,-20.8786981,67.1482523,-5.22591861,-6.39742838,-20.0841456,-4.089119,-20.140575,36.5846754,70.1653039,11.0496879,-3.58531101,25.0808047,-9.42292727,3.64228461,1.67354106,15.8476628,-7.6643098,-2.80963545,-8.9137657,0.92287531,-7.85523408,13.9585571,-6.83061478,-1.73274781
112,-1.24705201,0.29923378,106.0112,-0.399059167,1.42238342,-0.0935038611,-0.264630637,2.38041271,3.21442171,0,0,-1.08407983,13.9451272,-20.9345947,67.1552942,-5.3080512,-6.39058838,-20.0845947,-4.09968786,-20.1357836,36.55368,70.1833493,11.0286527,-3.58775494,25.0855021,-9.42057683,3.65182553,1.66308618,15.8423762,-7.65376826,-2.80254636,-8.91809689,0.929854803,-7.85084227,13.9671793,-6.83430564,-1.77000212
113,-1.24899633,0.289182365,106.009054,-0.394080958,1.42289241,-0.103977278,-0.291306474,2.38237254,3.23031065,0,0,-1.08823931,13.9167999,-20.8503477,67.1851421,-5.22726586,-6.41211457,-20.1040334,-4.12837466,-20.146717,36.5742013,70.1975561,11.0150179,-3.57892201,25.0923631,-9.41885989,3.65509121,1.6712506,15.8410836,-7.6356102,-2.81742763,-8.92392304,0.933608526,-7.84758427,13.9708241,-6.84214285,-1.78816594
114,-1.24925002,0.278602215,106.005168,-0.404857464,1.42250475,-0.110862681,-0.361377332,2.40090648,3.22999155,0,0,-1.0459011,13.9207631,-20.7765305,67.1672129,-5.23449434,-6.39081719,-20.1145724,-4.18549766,-20.1371035,36.6729795,70.2416927,11.0036132,-3.54481396,25.0973235,-9.41051511,3.67757192,1.67135337,15.8253878,-7.63517136,-2.84054313,-8.93174105,0.954900787,-7.84837059,13.9880567,-6.84896579,-1.80566509
115,-1.25157749,0.264875963,106.003082,-0.395439602,1.4194272,-0.109649716,-0.387736792,2.38172496,3.25554563,0,0,-1.07138849,13.9244787,-20.7223056,67.2026684,-5.16583044,-6.43028629,-20.1534379,-4.2037364,-20.1260215,36.6901165,70.2505037,11.0338701,-3.55625667,25.08959,-9.4146542,3.67577729,1.66600864,15.8348391,-7.62373933,-2.86663445,-8.93412051,0.950871936,-7.8315282,14.0000069,-6.86156151,-1.76947064
116,-1.25376564,0.250514061,106.002402,-0.390844241,1.41764819,-0.102990229,-0.408935218,2.38611506,3.27374169,0,0,-1.08379531,13.9080658,-20.7062102,67.2049838,-5.16528616,-6.4563584,-20.1455473,-4.2058845,-20.1187542,36.6383607,70.262115,10.9988534,-3.55514719,25.065406,-9.41801466,3.68020283,1.65317429,15.8377983,-7.60092223,-2.8834523,-8.93730936,0.954255761,-7.83785381,14.0083611,-6.87388659,-1.79806758
117,-1.25749018,0.240180688,105.998242,-0.385417753,1.41083344,-0.106502223,-0.427698068,2.394926,3.30084409,0,0,-1.11259876,13.9168161,-20.7672807,67.2139177,-5.26870974,-6.45690653,-20.117062,-4.21977667,-20.1472378,36.6400444,70.2438374,10.9619362,-3.54026869,25.0860554,-9.41601597,3.68367683,1.6685959,15.8455625,-7.60111774,-2.89588217,-8.95267302,0.954689798,-7.83474095,14.0508253,-6.90345746,-1.81626469
118,-1.26205683,0.227427762,105.993509,-0.394353644,1.40750073,-0.11064583,-0.466434686,2.41605135,3.32115387,0,0,-1.11574491,13.9001402,-20.7281864,67.2200922,-5.287757,-6.47767286,-20.0911329,-4.2338601,-20.1773675,36.6535374,70.2186955,10.9318168,-3.54311752,25.1225918,-9.41767571,3.70662755,1.68755085,15.8535316,-7.60320522,-2.93092104,-8.95556389,0.974317627,-7.82126755,14.0637428,-6.90955341,-1.82060592
119,-1.26919737,0.208560284,105.991876,-0.382560259,1.40075929,-0.121833938,-0.474109577,2.42041648,3.34507554,0,0,-1.12974819,13.9007173,-20.7046,67.2207001,-5.3002665,-6.51211281,-20.1785457,-4.2404794,-20.1975046,36.6283647,70.2146179,10.8984565,-3.5925762,25.1951677,-9.42190872,3.71001532,1.70181666,15.8730045,-7.58674361,-2.96382633,-8.96800594,0.973346246,-7.79842483,14.0895097,-6.93094172,-1.83775994
120,-1.27204731,0.198031496,105.986416,-0.392582379,1.39477659,-0.13612716,-0.480514374,2.44709755,3.35478551,0,0,-1.14356406,13.8923213,-20.7183355,67.2342512,-5.34235796,-6.53032508,-20.1522324,-4.21996877,-20.2131884,36.619021,70.1952816,10.9237469,-3.62633697,25.2432863,-9.41461749,3.73341854,1.72432832,15.8723146,-7.59324424,-2.99543389,-8.99084609,0.993311103,-7.77835176,14.1438891,-6.9541221,-1.85702641
121,-1.27708549,0.18264486,105.983734,-0.391490985,1.38963153,-0.151061508,-0.506485741,2.48299468,3.37650124,0,0,-1.11598845,13.8118199,-20.5365142,67.2231385,-5.21389875,-6.57835327,-20.1353499,-4.26265105,-20.2543591,36.6501394,70.234685,11.0340596,-3.67656148,25.3465212,-9.41755447,3.7486029,1.74822769,15.8873103,-7.5902586,-3.0124925,-8.9949203,1.00658835,-7.75841871,14.1567043,-6.97353734,-1.85996467
122,-1.28373541,0.16147563,105.977929,-0.381754621,1.38078825,-0.167710817,-0.511611905,2.48320257,3.39697729,0,0,-1.14186761,13.8218551,-20.5498518,67.2249621,-5.28714698,-6.60795744,-20.1055668,-4.25916125,-20.2915102,36.6035712,70.2166396,10.9981448,-3.61874863,25.2981669,-9.42165515,3.75778439,1.77516979,15.9144825,-7.59125751,-3.05777303,-9.00845944,1.01261407,-7.74195881,14.1922366,-7.01814915,-1.90268814
123,-1.293304,0.143284351,105.978799,-0.392182129,1.37233959,-0.194954018,-0.481473962,2.49988381,3.41843519,0,0,-1.16337524,13.833697,-20.5587738,67.2195116,-5.2883602,-6.64539712,-20.0838622,-4.25004508,-20.3048649,36.4718236,70.2465832,10.947119,-3.64044985,25.2885363,-9.41849448,3.79021967,1.80668493,15.9233891,-7.58757348,-3.09371711,-9.03124239,1.03867455,-7.68665733,14.2428586,-7.02310829,-1.91069206
124,-1.3000194,0.116873602,105.974925,-0.389794801,1.36119706,-0.219095497,-0.450145378,2.47933049,3.44036095,0,0,-1.17272651,13.8315873,-20.4240432,67.2253719,-5.14797121,-6.6676661,-20.1256203,-4.20230505,-20.3129928,36.2933166,70.2278411,10.8708172,-3.52700894,25.3634311,-9.41439039,3.81127544,1.83346268,15.9424811,-7.59158963,-3.10955055,-9.06399912,1.05130016,-7.64924923,14.3229682,-7.05995801,-1.91778308
125,-1.30967228,0.0783550728,105.966449,-0.366264682,1.34811564,-0.234900686,-0.441529095,2.44415096,3.46968039,0,0,-1.1887798,13.8816987,-20.4084994,67.2108578,-5.14605747,-6.68631465,-20.1632444,-4.24208151,-20.3208561,36.3458408,70.3061424,11.1024221,-3.5360837,25.5384991,-9.41517501,3.81336889,1.85862062,15.967857,-7.59225301,-3.14270429,-9.0785645,1.05223643,-7.61533905,14.3633346,-7.11542812,-1.9620681
126,-1.31969815,0.0458476337,105.966604,-0.371730591,1.33189919,-0.257688665,-0.413052942,2.43236377,3.5033274,0,0,-1.20772867,13.9659832,-20.4525268,67.1752452,-5.2167256,-6.68603461,-20.2341588,-4.23342254,-20.2638838,36.2324289,70.3952012,11.181841,-3.60270281,25.5313222,-9.40110055,3.8480987,1.87091987,15.9719056,-7.58167732,-3.17515175,-9.10273654,1.07970328,-7.57412313,14.4335728,-7.13248438,-1.98746723
127,-1.32781742,0.008483282,105.962598,-0.364819428,1.31540867,-0.254847478,-0.436476142,2.42948015,3.5229136,0,0,-1.20708781,14.0193244,-20.4670238,67.1558201,-5.30849944,-6.69088063,-20.2505905,-4.23129323,-20.2960062,36.1491348,70.4370566,11.0967804,-3.64969835,25.4370008,-9.40500144,3.87043726,1.86860422,16.0007153,-7.56808524,-3.22545673,-9.11459546,1.09616788,-7.57560699,14.4861021,-7.16201769,-2.01117439
128,-1.34147154,-0.0303771376,105.959189,-0.356799322,1.30066274,-0.286193098,-0.398187222,2.42095415,3.55583021,0,0,-1.21102925,14.0940279,-20.4873266,67.1224615,-5.32335595,-6.69591491,-20.2764052,-4.26957729,-20.3331368,35.9358211,70.5375492,10.9054335,-3.55660714,25.5482799,-9.3996645,3.89379095,1.89744085,16.0193669,-7.56346206,-3.25923714,-9.14237981,1.11381912,-7.51139126,14.5505535,-7.19024003,-2.04060909
129,-1.35218101,-0.0745317666,105.955362,-0.336021829,1.28339141,-0.292749178,-0.411243849,2.38992417,3.59535523,0,0,-1.22169875,14.1694409,-20.4628694,67.103173,-5.36676351,-6.67857946,-20.2730106,-4.22699149,-20.2707601,35.7952797,70.6017325,11.2001664,-3.66245287,25.459595,-9.41247281,3.90096479,1.90897235,16.0724238,-7.54813084,-3.27678133,-9.16307187,1.11507427,-7.50779943,14.6173083,-7.22913881,-2.06445861
130,-1.36369616,-0.11606958,105.947673,-0.339253492,1.27345473,-0.312049538,-0.396188431,2.39457404,3.6231874,0,0,-1.25144252,14.2407105,-20.4323863,67.1271743,-5.35809301,-6.68868302,-20.267193,-4.20304143,-20.2902534,35.6027504,70.6439021,11.2155676,-3.66986278,25.3694997,-9.41548663,3.93944735,1.91654596,16.0850613,-7.55704595,-3.32357261,-9.18846481,1.14750871,-7.46594318,14.6721752,-7.25549224,-2.09383782
131,-1.37289856,-0.15653756,105.942297,-0.32467207,1.25979917,-0.306716909,-0.42001085,2.42244121,3.64825547,0,0,-1.27047089,14.3020729,-20.4106372,67.1385261,-5.34636899,-6.67597631,-20.3408617,-4.21732762,-20.4118001,35.5541023,70.6885852,11.4597904,-3.63896556,25.3079255,-9.42506597,3.95066807,1.89345757,16.1139821,-7.5405536,-3.34442902,-9.19255694,1.15837287,-7.47708151,14.7026942,-7.30418466,-2.13664688
132,-1.3811551,-0.198079157,105.936897,-0.30652283,1.24550231,-0.322805967,-0.492545272,2.42306169,3.65791848,0,0,-1.23745963,14.3514381,-20.2003903,67.1670216,-5.2790007,-6.73290679,-20.4889095,-4.22915623,-20.4070155,35.510758,70.7909083,11.527312,-3.61152784,25.3357688,-9.42671888,3.96525394,1.89169581,16.1422249,-7.53047054,-3.36599812,-9.21257025,1.16677325,-7.45628785,14.7656976,-7.3627228,-2.17219503
133,-1.39487935,-0.240467768,105.929661,-0.294276762,1.23258454,-0.32221312,-0.557386659,2.47322388,3.69434303,0,0,-1.27758005,14.432398,-20.1829716,67.2002915,-5.30792442,-6.70363516,-20.5059286,-4.19630174,-20.4904429,35.2609096,70.8043637,11.3181716,-3.63798201,25.1891383,-9.44487096,3.97921229,1.85876917,16.184543,-7.52559293,-3.38971808,-9.2190743,1.17887966,-7.45390326,14.7922978,-7.40020602,-2.21837351
134,-1.41032217,-0.286081643,105.925643,-0.28437837,1.21295658,-0.326909852,-0.628127835,2.48031959,3.7354296,0,0,-1.31094617,14.4931918,-20.0791784,67.2835378,-5.38807712,-6.74071497,-20.4250404,-4.26407002,-20.5316972,35.2166739,70.9157436,11.3657319,-3.6740659,25.3018501,-9.45531091,4.00153335,1.84021838,16.2301431,-7.51748976,-3.40447236,-9.24155587,1.19437053,-7.42777267,14.8638355,-7.42413474,-2.23932725
135,-1.41509846,-0.346506573,105.921233,-0.27818019,1.20535932,-0.331727024,-0.582689841,2.4624642,3.74200708,0,0,-1.3490948,14.6183277,-20.0618263,67.3148542,-5.40785991,-6.72189396,-20.4562595,-4.20049804,-20.5989831,34.9163505,70.9121236,11.4407923,-3.62388749,25.3426639,-9.46081433,4.04060246,1.83129645,16.247683,-7.51009523,-3.46970707,-9.24180858,1.22922296,-7.38785192,14.8803406,-7.45362237,-2.2654205
136,-1.42725268,-0.405416545,105.91352,-0.264124319,1.19209398,-0.338263181,-0.574862871,2.46137371,3.7584768,0,0,-1.33868709,14.6838497,-19.7703428,67.3662719,-5.12030382,-6.77922358,-20.5918626,-4.16257939,-20.6843229,34.712787,70.9331879,11.2891945,-3.68282818,25.4589957,-9.47068139,4.06723849,1.82582525,16.2799813,-7.51122477,-3.51796065,-9.25458531,1.25411675,-7.3916273,14.9240641,-7.51677003,-2.32803006
137,-1.43236704,-0.472877081,105.906975,-0.248215326,1.1807545,-0.321832336,-0.555917421,2.38235205,3.76857737,0,0,-1.33979123,14.8634359,-19.642147,67.4161528,-5.01119155,-6.69227869,-20.4973123,-4.15608473,-20.7021651,34.9050261,70.913155,11.7426781,-3.61557985,25.1532423,-9.47908253,4.09473042,1.7903104,16.3026012,-7.50100937,-3.55997528,-9.2685095,1.27596279,-7.42465042,14.981728,-7.56272696,-2.38198941
138,-1.44406483,-0.53252033,105.893779,-0.241469052,1.17338456,-0.315285483,-0.589146505,2.41601528,3.7793823,0,0,-1.34042751,14.9736069,-19.5239677,67.4702752,-5.03645471,-6.74847791,-20.5178627,-4.1334973,-20.8379868,34.546588,70.9565608,11.2989702,-3.74704904,25.441104,-9.49979166,4.12891125,1.77916738,16.340606,-7.50826986,-3.59259285,-9.27077542,1.30933606,-7.43735457,14.9945346,-7.60651957,-2.44289741
139,-1.4546304,-0.602123328,105.887735,-0.221647403,1.16069297,-0.336765526,-0.602253584,2.36799393,3.80021608,0,0,-1.35979792,15.1724951,-19.4781644,67.5294519,-5.08807642,-6.80830695,-20.5213648,-4.06912191,-20.8837183,34.2937549,70.9218498,11.332106,-3.57642024,25.2821774,-9.51541316,4.15776965,1.79850663,16.3906423,-7.49649376,-3.62784473,-9.27992531,1.33603954,-7.40517925,15.0270497,-7.63940095,-2.49305106
140,-1.47024374,-0.656323647,105.877674,-0.220556414,1.1331917,-0.33991019,-0.647816122,2.42837963,3.8422068,0,0,-1.37974325,15.2944601,-19.4237756,67.5985598,-5.13190489,-6.73670949,-20.433906,-4.07750597,-20.9920366,34.3851735,70.9850086,11.4948267,-3.74113409,25.2634764,-9.53208309,4.19911407,1.79100708,16.4618795,-7.51465353,-3.67175858,-9.29928804,1.36775136,-7.41817967,15.1173482,-7.69709556,-2.52440185
141,-1.48816267,-0.720010418,105.875528,-0.231799601,1.1167158,-0.374859526,-0.586273183,2.45374439,3.87214993,0,0,-1.42327236,15.4886287,-19.3840273,67.6727971,-5.22595703,-6.77148967,-20.5887515,-4.05302145,-21.15466,34.1338021,70.9547099,11.4596718,-3.59446645,25.2501029,-9.56928456,4.26522731,1.80769281,16.556218,-7.52867164,-3.72587033,-9.2860204,1.43402981,-7.35548707,15.1023218,-7.68528873,-2.59826031
142,-1.50592905,-0.784345903,105.868363,-0.215953363,1.08959588,-0.386799745,-0.621245245,2.49837114,3.91276394,0,0,-1.39696514,15.5814954,-19.2003516,67.6856311,-5.24867979,-6.7294251,-20.4871388,-4.09220283,-21.2920646,34.0877973,71.0438643,11.5263267,-3.66553628,25.076126,-9.59172601,4.29810784,1.77532048,16.6373282,-7.52108244,-3.78391199,-9.30796067,1.4562022,-7.35856065,15.1899463,-7.73699497,-2.6252323
143,-1.5230136,-0.873661973,105.859399,-0.199392391,1.06661526,-0.400094705,-0.546894154,2.36583388,3.94368677,0,0,-1.54716015,16.2674906,-20.0136342,67.6267343,-6.14312678,-6.57851591,-20.5071358,-3.97985475,-21.2217973,33.584829,71.0828442,11.0747368,-3.82628862,24.9038669,-9.59628345,4.3431824,1.7805031,16.6802355,-7.51745476,-3.84403815,-9.30413491,1.50027111,-7.34018317,15.2200179,-7.78188126,-2.68674883
144,-1.53643815,-0.938761048,105.85146,-0.176191502,1.04624099,-0.376983045,-0.626443179,2.40985402,3.96277117,0,0,-1.5161497,16.3901778,-19.7737818,67.6647921,-5.96382108,-6.6167957,-20.4132703,-3.98631825,-21.3975927,33.6209573,71.0751602,11.3761368,-3.68204015,24.9967934,-9.61804016,4.3596137,1.72668153,16.735099,-7.50173849,-3.89645601,-9.31584527,1.51172524,-7.36751759,15.2804565,-7.83038414,-2.73659469
145,-1.54295051,-0.998304505,105.8465,-0.169744334,1.03069614,-0.382999878,-0.69042439,2.49347859,3.95842717,0,0,-1.52888566,16.646269,-19.8482326,67.7057938,-6.00892637,-6.58696998,-20.5600954,-3.95754309,-21.5681869,33.4756416,71.1323562,11.2132667,-3.69193112,24.8401276,-9.63193874,4.39938119,1.70319262,16.782743,-7.49935476,-3.94638981,-9.32638682,1.5446857,-7.36444742,15.3362745,-7.87346898,-2.78172965
146,-1.55897485,-1.06993923,105.840194,-0.16474129,0.996592363,-0.413132878,-0.670528849,2.52337604,3.99577934,0,0,-1.58051485,16.8632333,-19.8450412,67.8100976,-6.44576819,-6.67991177,-20.5519419,-3.99128123,-21.7225731,33.1897333,71.2408606,11.3446505,-3.65874536,24.8876725,-9.64298914,4.45242786,1.71216397,16.8702206,-7.50457387,-4.02342154,-9.34023246,1.58974606,-7.33716508,15.4189096,-7.90199441,-2.81896016
147,-1.59508511,-1.14995129,105.829823,-0.136450176,0.96036826,-0.446353651,-0.629052258,2.50695327,4.07550259,0,0,-1.62080891,17.0785602,-19.6792947,67.8690216,-6.09404803,-6.66425997,-20.5022164,-4.03340514,-21.8488206,33.2114089,71.317912,11.3797065,-3.73916102,24.7650604,-9.67008108,4.48349711,1.71963694,16.9667141,-7.50245225,-4.07828418,-9.35615193,1.61534945,-7.31548777,15.4825584,-7.9454105,-2.88779651
148,-1.61035378,-1.23409284,105.822217,-0.125960388,0.947947891,-0.437040043,-0.657950949,2.43238767,4.076049,0,0,-1.62077668,17.4128484,-19.632122,67.9291888,-6.3537203,-6.68707579,-20.5438225,-4.04616479,-21.9311364,33.0296098,71.3416469,11.4696601,-3.62383669,24.5659945,-9.71229165,4.52922138,1.69074919,17.0419162,-7.49125244,-4.12503811,-9.35240898,1.6602668,-7.33199548,15.4953701,-7.97890661,-2.93644859
149,-1.62645765,-1.31108966,105.815327,-0.109003883,0.921950668,-0.439411073,-0.776232803,2.54728042,4.08697602,0,0,-1.59533145,17.6080996,-19.555962,67.968599,-6.26904644,-6.65023887,-20.5038915,-4.1209639,-22.2201012,33.171507,71.4353025,11.3059549,-3.76757632,24.7301069,-9.72400799,4.56537613,1.68851903,17.0949612,-7.4708114,-4.15967016,-9.34536877,1.69312972,-7.34794398,15.5289354,-8.00674304,-2.93407488
150,-1.65549088,-1.39135271,105.810547,-0.093994018,0.892279376,-0.458403445,-0.707402959,2.55616735,4.14787271,0,0,-1.71704552,17.8529141,-19.5562659,68.0571933,-6.35346929,-6.61790262,-20.5351772,-4.13210949,-22.40293,32.9715668,71.4604649,11.7039091,-3.74396521,24.6444512,-9.74643918,4.61007545,1.69552061,17.1696886,-7.46113046,-4.23240313,-9.3534412,1.73249072,-7.35467,15.5734187,-8.03283266,-3.04613203
151,-1.66312829,-1.47544947,105.81013,-0.0687503848,0.874376629,-0.49323941,-0.672244187,2.49864947,4.14203845,0,0,-1.72867712,18.2058351,-19.4873237,68.1366558,-6.302861,-6.64594183,-20.5279116,-4.10677546,-22.5241061,32.9160647,71.4785512,11.8396984,-3.72561932,24.4874627,-9.74888439,4.64720095,1.70616087,17.2108285,-7.42893636,-4.29379671,-9.36033115,1.76442495,-7.33459693,15.6180079,-8.05471829,-3.09582166
152,-1.67974681,-1.55428303,105.798733,-0.050144857,0.841837051,-0.52953221,-0.665753373,2.53406955,4.14363842,0,0,-1.71459701,18.3997271,-19.350474,68.2326131,-6.43502644,-6.70290305,-20.6269049,-4.05456848,-22.7310318,32.7766537,71.4455819,11.7426738,-3.56472695,24.4842713,-9.75749043,4.69045355,1.70584519,17.2914042,-7.4310725,-4.35756464,-9.38499496,1.79672288,-7.32187485,15.7215518,-8.11108357,-3.13586002
153,-1.71457492,-1.63250118,105.790222,-0.0316086641,0.813009303,-0.540672561,-0.697546996,2.59297353,4.21434326,0,0,-1.78440944,18.613775,-19.089595,68.3071305,-6.08382537,-6.72903706,-20.6915868,-4.11086205,-22.9950135,32.6347122,71.44453,11.8504994,-3.64396953,24.4933094,-9.78833556,4.72770753,1.67809904,17.3659933,-7.40275795,-4.4320931,-9.39029946,1.82863182,-7.28699991,15.7556925,-8.13339097,-3.19084944
154,-1.73670873,-1.72342397,105.785871,-0.00426769987,0.781489192,-0.522582488,-0.758974569,2.60288712,4.25301579,0,0,-1.79308453,18.8196266,-18.9925909,68.3530293,-6.17934727,-6.64929033,-20.4878986,-4.10124472,-23.1518295,32.4241716,71.4563736,11.5690154,-3.68397779,24.2733585,-9.8152781,4.75817359,1.65795628,17.4467893,-7.36779848,-4.49917453,-9.39687864,1.85293043,-7.3274295,15.8233131,-8.17552641,-3.25679791
155,-1.76119208,-1.82471536,105.772996,0.0198667854,0.754596078,-0.544481007,-0.677391108,2.58065592,4.28010902,0,0,-1.86154031,19.0777873,-18.9073945,68.484169,-5.97075543,-6.72563605,-20.4996585,-4.02327725,-23.3954418,32.1370577,71.3706479,12.0189148,-3.57968763,24.5307473,-9.85436044,4.80939745,1.64308333,17.548887,-7.36555818,-4.58486565,-9.39697768,1.89818705,-7.30681087,15.8557429,-8.2254901,-3.34235499
156,-1.77749228,-1.91433076,105.76911,0.0498730724,0.727745023,-0.55019555,-0.730760285,2.63575036,4.30037333,0,0,-1.82043815,19.3064449,-18.7477884,68.4245619,-5.85644112,-6.73407987,-20.5769301,-4.09992222,-23.6054992,32.1768265,71.5140409,12.0876308,-3.7861301,24.5621816,-9.8804159,4.83951901,1.61863925,17.6343702,-7.33148407,-4.65294386,-9.40139852,1.92223209,-7.32507906,15.9074781,-8.26516325,-3.37132054
157,-1.79834627,-1.99805107,105.763042,0.0721910401,0.70247997,-0.545348572,-0.77378418,2.69317134,4.33031987,0,0,-1.91146729,19.6318539,-18.9011705,68.4976791,-5.95119718,-6.75631171,-20.6764938,-4.03412445,-23.8183262,31.7320514,71.4790498,11.7546343,-3.73600803,24.66243,-9.914204,4.87164737,1.58487539,17.7170002,-7.31275228,-4.70155559,-9.38832041,1.95017461,-7.33106231,15.9223082,-8.28451659,-3.43070349
158,-1.81959346,-2.10200157,105.753529,0.100276302,0.678910805,-0.575454079,-0.70473593,2.65318826,4.33007441,0,0,-1.90021434,20.0365204,-19.1543913,68.42713,-6.17991717,-6.69121958,-20.6463607,-3.96503708,-23.9539003,31.3823116,71.4360401,11.5911145,-3.63706634,24.6113436,-9.95118605,4.91633217,1.58742572,17.8158893,-7.28428149,-4.7829723,-9.38822308,1.99188764,-7.30725398,15.9502471,-8.32766802,-3.49067596
159,-1.83817688,-2.21343916,105.747724,0.140063111,0.650691211,-0.586148357,-0.700100046,2.62248656,4.36082008,0,0,-1.97074287,20.3524765,-19.049483,68.5052196,-5.9165058,-6.80713771,-20.7016084,-3.91127752,-24.079779,31.2637805,71.4946158,11.6860533,-3.84981393,24.3961943,-9.97074003,4.95271189,1.57847465,17.8924694,-7.24727296,-4.86511386,-9.39563042,2.01764492,-7.29965881,16.0094512,-8.37289753,-3.56663983
160,-1.86272375,-2.30267607,105.743086,0.163972101,0.623710222,-0.569749041,-0.78925141,2.67537315,4.42385333,0,0,-2.00512092,20.5096152,-18.7788675,68.5718344,-5.65953445,-6.78169611,-20.5954895,-3.964769,-24.327317,31.0197549,71.494527,11.5844038,-3.70026181,24.4151259,-10.0065046,4.98727094,1.5093637,17.970267,-7.1969968,-4.95808725,-9.37348012,2.04937371,-7.3090119,16.0039785,-8.3848145,-3.63896385
161,-1.89484898,-2.40368955,105.728281,0.205508232,0.578106368,-0.558089899,-0.777784804,2.64812154,4.45237663,0,0,-1.98669093,20.8593363,-18.6910705,68.5126713,-5.61692303,-6.8479404,-20.7615314,-3.94354376,-24.5071849,30.8129709,71.4831752,11.4911828,-3.56572843,24.4329988,-10.04293,5.00953096,1.45058661,18.0887861,-7.17747868,-5.04878533,-9.39543405,2.05908432,-7.35015269,16.121608,-8.45411958,-3.66612282
162,-1.90995578,-2.50434484,105.715179,0.222903107,0.544706855,-0.557579721,-0.759820339,2.6629057,4.46649378,0,0,-1.98587942,21.225653,-18.6754499,68.4779467,-5.54835732,-6.87534312,-20.8563737,-3.93869176,-24.7377533,30.6022937,71.5395243,11.343001,-3.66032698,24.4192377,-10.0629006,5.06491226,1.40459809,18.1739176,-7.17400723,-5.13863348,-9.40801014,2.10352708,-7.37811121,16.2094954,-8.50877134,-3.74903064
163,-1.93378106,-2.5920121,105.703557,0.24632017,0.514091666,-0.551607306,-0.85838349,2.74681586,4.4902829,0,0,-1.98153073,21.4397606,-18.6476203,68.4754946,-5.70872376,-6.71801527,-20.8564232,-3.97627146,-24.9507357,30.4975835,71.6152301,11.4762196,-3.63613786,24.3255685,-10.0972206,5.1013112,1.37760295,18.2643988,-7.1611763,-5.22594465,-9.4038164,2.13530326,-7.38318861,16.2462145,-8.54773415,-3.80799567
164,-1.95926111,-2.69523934,105.691159,0.263730399,0.47821315,-0.582375849,-0.804317741,2.74749162,4.55624631,0,0,-1.9596532,21.7915802,-18.5091655,68.3794553,-5.67505093,-6.83595342,-20.8558085,-4.0029203,-25.1382534,30.2929237,71.6487459,11.7607952,-3.71991397,24.3335137,-10.1214319,5.16213062,1.37294305,18.3598541,-7.14597955,-5.33905087,-9.40129692,2.18743126,-7.34161239,16.2948745,-8.57977884,-3.8677897
165,-1.98295042,-2.79233679,105.672503,0.252207115,0.535866165,-0.478948274,-0.915726237,2.77933652,4.48654892,0,0,-2.0190671,22.1058236,-18.517944,68.4214542,-5.76228312,-6.76854714,-20.9168294,-3.99291877,-25.2978903,29.9342876,71.6857108,11.3139556,-3.68479698,24.2791778,-10.3934306,5.22691539,1.16211891,18.6313405,-7.15758618,-5.43604767,-9.50420567,2.25429518,-7.4459478,16.3531121,-8.61099622,-3.9291517
166,-2.00431664,-2.88577899,105.655408,0.279925658,0.501480511,-0.46296422,-1.01028636,2.8703695,4.50935877,0,0,-2.00228298,22.3330042,-18.3719658,68.42685,-5.78511302,-6.78593211,-20.8910659,-4.03787764,-25.6139573,29.8679904,71.6856357,11.3232131,-3.59217791,24.3191839,-10.4555144,5.25845805,1.11617564,18.7835547,-7.15060914,-5.5068588,-9.51746477,2.27878525,-7.48604784,16.4376374,-8.67220837,-4.00903844
167,-2.02940367,-2.99947374,105.634081,0.321866517,0.452711338,-0.470406634,-0.989614476,2.8121575,4.55693018,0,0,-2.0067369,22.7231975,-18.290485,68.3859986,-5.82009256,-6.80737634,-20.8972028,-4.08025042,-25.7719993,29.6800372,71.7247795,11.3762717,-3.78131311,24.3833297,-10.5010854,5.29170998,1.09238993,18.9468577,-7.1569514,-5.63161093,-9.52151337,2.30138208,-7.50663403,16.5358368,-8.75377791,-4.06745449
168,-2.05405634,-3.08695231,105.623829,0.32861915,0.408551632,-0.460038605,-0.990763976,2.93061048,4.59747247,0,0,-2.05845765,22.9000994,-18.1291064,68.4810476,-5.75418764,-6.93607973,-20.9139504,-3.99900618,-26.0923455,29.2095328,71.6326949,11.1324639,-3.57582558,24.2131675,-10.5666177,5.35026562,1.03666445,19.1247841,-7.15617489,-5.74986455,-9.50780859,2.34984078,-7.51797727,16.5942895,-8.79238897,-4.12388338
169,-2.08291467,-3.19097526,105.611122,0.359799627,0.370433253,-0.479415344,-0.997542191,2.90493965,4.64587973,0,0,-2.04366026,23.2123501,-17.8617182,68.4256342,-5.73933197,-6.80320139,-21.0743113,-4.03189781,-26.2804437,29.0869241,71.6661628,10.9223348,-3.67377007,24.1141007,-10.6199982,5.39363049,1.01409249,19.272072,-7.14126587,-5.82934277,-9.50111501,2.38752379,-7.49888006,16.6353731,-8.84099857,-4.17741243
170,-2.11703666,-3.28887105,105.596137,0.381620608,0.323661126,-0.46755095,-1.01493836,2.97957398,4.69128811,0,0,-2.0642964,23.5130936,-17.7665924,68.3932523,-5.61556468,-6.87557151,-20.9684366,-4.05843779,-26.5625989,28.6166809,71.7045349,10.5735367,-3.6768603,24.2338578,-10.6826677,5.43952808,0.953995787,19.4365481,-7.13140862,-5.92951603,-9.50703337,2.42193684,-7.54496505,16.7212576,-8.90215694,-4.2567677
171,-2.13507283,-3.39151025,105.579543,0.397313928,0.278692695,-0.446378537,-1.05254944,3.00715898,4.74474245,0,0,-2.15986014,23.9277953,-17.9710661,68.4031629,-6.17286884,-6.93715463,-21.0882193,-4.05413733,-26.7646324,28.2569092,71.7160505,10.3827977,-3.6542114,23.9773979,-10.7257047,5.49427674,0.892424406,19.5780542,-7.14254098,-6.0102113,-9.49613239,2.46620372,-7.5884375,16.7978411,-8.95128563,-4.30294575
172,-2.14885026,-3.49097699,105.563283,0.423113369,0.242976244,-0.463372183,-1.04819423,3.00571909,4.73281225,0,0,-2.14962446,24.4087124,-18.1450071,68.3517316,-6.42600547,-6.89005023,-21.0234162,-3.99778144,-26.9969545,27.8695965,71.6659033,10.2522941,-3.59723567,24.0380687,-10.7639282,5.54184687,0.875709973,19.7111183,-7.15007382,-6.10927679,-9.49229553,2.5039211,-7.60914834,16.862383,-9.01680508,-4.3461023
173,-2.17473954,-3.57961096,105.546451,0.445964431,0.185951893,-0.468045154,-1.01067665,3.04817383,4.80606987,0,0,-2.24158975,24.7181865,-18.1800614,68.3743942,-6.75363385,-6.82654868,-20.9845387,-3.9753067,-27.2168968,27.4428019,71.6500778,9.92854995,-3.52227605,23.8136765,-10.807515,5.58436352,0.84179216,19.885563,-7.18737904,-6.17501138,-9.51063885,2.5313902,-7.66042769,17.0052654,-9.10280826,-4.37852052
174,-2.20508054,-3.67391333,105.524373,0.442211746,0.136085023,-0.491541481,-1.06147073,3.11550541,4.85669779,0,0,-2.2229237,24.9951251,-17.7522747,68.375364,-6.32224764,-6.84540811,-21.1143977,-4.0289049,-27.4492155,27.1790866,71.7035786,10.0457244,-3.60491365,23.8103724,-10.9001077,5.66854005,0.802698505,20.1301453,-7.24010297,-6.29378069,-9.5152424,2.60213025,-7.65373752,17.0982072,-9.15941004,-4.45266819
175,-2.23150942,-3.78427133,105.510151,0.441696063,0.0855381233,-0.484174822,-1.06022881,3.16376326,4.91296446,0,0,-2.24680844,25.1956492,-17.4866418,68.4236193,-6.46248039,-6.97700409,-21.1403473,-4.04903432,-27.7037493,26.8904855,71.6943442,10.030155,-3.51241582,23.7478335,-10.9875452,5.75372019,0.730752174,20.3582889,-7.25695476,-6.42255836,-9.49757441,2.67614794,-7.68103352,17.1563987,-9.20113993,-4.5448083
176,-2.25248933,-3.88310812,105.487859,0.46703017,0.0490590668,-0.471458723,-1.05117316,3.16208624,4.92851979,0,0,-2.26170786,25.5714547,-17.4536503,68.3704941,-6.37803321,-6.90086583,-20.9580018,-4.02584156,-27.9315276,26.401263,71.7513626,9.9937202,-3.5616047,23.7666814,-11.090506,5.79582532,0.65742876,20.5859391,-7.26033655,-6.53273144,-9.49672661,2.70796531,-7.72879362,17.226625,-9.27136623,-4.5523134
177,-2.27016583,-3.96315679,105.471671,0.466350679,-0.00252120596,-0.489514543,-1.11191264,3.28309499,4.96741131,0,0,-2.2818535,25.8964642,-17.4823695,68.4058062,-6.62031667,-6.90470653,-21.2167635,-4.06685728,-28.2396254,26.1765856,71.7570522,9.98594489,-3.55379246,23.6994143,-11.1914417,5.86569517,0.573608571,20.8597512,-7.27917763,-6.66545098,-9.4716436,2.76355558,-7.75641746,17.2802693,-9.30874529,-4.62374266
178,-2.29728427,-4.0564578,105.446649,0.457217123,-0.0705194712,-0.503095081,-1.07123972,3.3975886,5.04319226,0,0,-2.30195646,26.124905,-17.3945264,68.3440408,-6.61242908,-6.88031678,-20.8998034,-4.07457667,-28.5601116,25.8261269,71.747005,9.95615416,-3.4959604,23.6189051,-11.3143723,5.95860196,0.486787369,21.1882577,-7.30660596,-6.80049706,-9.46624177,2.83674383,-7.77401203,17.401051,-9.38324131,-4.68321824
179,-2.33164243,-4.16342542,105.428219,0.453561231,-0.132062424,-0.514225189,-1.09375661,3.37007062,5.1030324,0,0,-2.33256467,26.5592316,-17.3210899,68.3700775,-6.80853491,-6.93134214,-21.2473149,-4.16095978,-28.739165,25.5003525,71.8122947,9.45938426,-3.39297416,23.4528393,-11.4498312,6.04969748,0.415568293,21.5057146,-7.29522858,-6.86392177,-9.4504905,2.91289425,-7.77024603,17.4754198,-9.42837947,-4.77964813
180,-2.3524195,-4.24587205,105.406702,0.440408041,-0.185891148,-0.513218467,-1.14418699,3.60201808,5.15128812,0,0,-2.33440541,26.6488556,-17.1782178,68.364306,-6.69020274,-6.87944081,-21.0179486,-4.17293694,-29.1466814,25.1496018,71.83103,9.75851239,-3.49076625,23.5506698,-11.5859568,6.13167597,0.320139931,21.8214538,-7.28822678,-6.94651412,-9.43674474,2.98322813,-7.78950631,17.5512263,-9.47348433,-4.80474225
181,-2.36700084,-4.34726924,105.382431,0.44167347,-0.222845295,-0.501827077,-1.17034758,3.57233621,5.16711367,0,0,-2.28888348,27.0754931,-16.9696767,68.3144934,-6.72963086,-6.90208374,-21.3659211,-4.20525868,-29.3205609,24.8643389,71.8228884,9.78097433,-3.45099513,23.4715455,-11.7297528,6.20603368,0.174258483,22.1234506,-7.26981942,-7.13167372,-9.44522528,3.04222004,-7.82785014,17.6489681,-9.52983937,-4.85813896
182,-2.3920022,-4.44076397,105.363095,0.435840361,-0.291655729,-0.524927498,-1.16768231,3.64673533,5.24853592,0,0,-2.30258633,27.3168122,-16.7898959,68.293634,-6.63951974,-6.89805948,-21.1221329,-4.20446766,-29.528226,24.2609395,71.9122955,9.60786318,-3.7038165,23.5272457,-11.852563,6.29230195,0.107695775,22.4640346,-7.24487642,-7.29113644,-9.40389495,3.11506721,-7.8255108,17.7026465,-9.56988733,-4.93191183
183,-2.41880361,-4.54713851,105.346191,0.441150288,-0.353728767,-0.526848129,-1.20880923,3.70866423,5.31114315,0,0,-2.3417056,27.5795372,-16.5485068,68.3652759,-6.70609829,-6.97712063,-21.2729469,-4.34538172,-29.9103409,24.1376751,71.9402174,8.97714558,-3.50996015,23.1801901,-12.0404803,6.36993047,0.00918275662,22.8832101,-7.19569906,-7.41297591,-9.37115358,3.18066926,-7.82959355,17.7552646,-9.61538237,-5.00879543
184,-2.43520197,-4.65359874,105.332601,0.429043923,-0.401297829,-0.517716904,-1.21551594,3.72756037,5.37049834,0,0,-2.27775283,27.7694113,-16.4334198,68.2349627,-6.97762819,-6.65987072,-20.537677,-4.31465227,-30.0444039,23.4115987,72.0066751,8.31550943,-3.53775496,22.8890345,-12.2267353,6.46537425,-0.147176649,23.2600487,-7.11665627,-7.57875485,-9.34954201,3.26150049,-7.86468706,17.8085366,-9.61692087,-5.01350399
185,-2.44979337,-4.74842526,105.320692,0.466140827,-0.478777684,-0.542256178,-1.25295818,3.75819292,5.42187759,0,0,-2.2506722,28.0685377,-16.2075096,68.2351471,-7.08256124,-6.72298679,-20.6640202,-4.4730546,-30.3747665,23.4511745,72.0873874,8.66857727,-3.53433987,22.742848,-12.3360277,6.49201455,-0.265706178,23.5985153,-7.00831495,-7.68724045,-9.33104159,3.26998658,-7.91952921,17.937979,-9.66310319,-5.06347921
186,-2.46341974,-4.8449073,105.303741,0.479886592,-0.553812361,-0.565090206,-1.21688176,3.85337886,5.48588244,0,0,-2.23525454,28.2067073,-15.9992844,68.1975196,-7.0040145,-6.66665224,-20.4580541,-4.36427274,-30.6415059,22.5685228,72.025622,8.14453613,-3.58533876,22.836886,-12.4781272,6.5546064,-0.407397652,23.9912802,-6.93978169,-7.82929558,-9.26226756,3.3201255,-7.97955547,17.9649719,-9.68926879,-5.12661022
187,-2.48739235,-4.9528908,105.290616,0.51442479,-0.622750615,-0.587219427,-1.23229259,3.78541293,5.54474287,0,0,-2.23934411,28.5790397,-15.743627,68.4126364,-7.04987836,-7.09485772,-20.5603447,-4.46828457,-30.8675373,22.4244417,72.0356829,8.23320309,-3.46337015,22.8391827,-12.6415173,6.60125489,-0.509868552,24.3910495,-6.8449983,-8.00875112,-9.22074684,3.34983319,-8.0252964,18.0206601,-9.71608753,-5.16526866
188,-2.50186045,-5.04446886,105.286002,0.529525908,-0.679161524,-0.580781938,-1.23972896,3.89097265,5.61220849,0,0,-2.32159154,28.7447213,-15.5785704,68.4680497,-7.02524571,-7.12605077,-20.4875161,-4.5310856,-31.2337516,21.8979399,72.0862878,8.10654747,-3.53761772,22.9376638,-12.836094,6.65485693,-0.663341889,24.7985796,-6.7294759,-8.23405259,-9.17763298,3.38756316,-8.07030051,18.0557297,-9.71974339,-5.22639544
189,-2.51629073,-5.1490102,105.271089,0.550604483,-0.769176913,-0.615610403,-1.25257174,3.91339061,5.66962434,0,0,-2.31635023,29.0995941,-15.5822553,68.4249444,-7.26863523,-7.08174674,-20.3891938,-4.62228997,-31.4989951,21.8741794,72.1273714,8.25332482,-3.44974413,22.6884063,-13.0076983,6.71593633,-0.789072385,25.2697687,-6.62938588,-8.46314567,-9.09754901,3.43127509,-8.09685287,18.1000918,-9.75187687,-5.26835286
190,-2.52155084,-5.263675,105.266607,0.602961013,-0.845357572,-0.63518735,-1.22643773,3.8608592,5.71592022,0,0,-2.3251616,29.5386079,-15.6524167,68.3832529,-7.4754952,-7.11779435,-20.49464,-4.62102638,-31.6907834,21.3879775,72.1742333,8.15768852,-3.5692018,22.7489252,-13.1702627,6.74357597,-0.936738567,25.6920554,-6.46929563,-8.66236607,-9.01081927,3.44298011,-8.16542968,18.1094628,-9.76967122,-5.29522283
191,-2.53894757,-5.3542573,105.262375,0.630038821,-0.9001769,-0.626213166,-1.19185446,3.90721612,5.75772994,0,0,-2.35637151,29.7815099,-15.5783296,68.2966256,-7.38492774,-6.98388422,-20.4212394,-4.63928775,-32.004033,21.1171537,72.1910697,8.64771275,-3.57078576,22.778517,-13.4346585,6.77053387,-1.15480356,26.2064557,-6.29351047,-8.78022525,-8.94504711,3.47118239,-8.22413003,18.0935075,-9.76736603,-5.33159359
192,-2.56482176,-5.43372929,105.252361,0.638135579,-0.973176275,-0.651216406,-1.25053507,4.00878829,5.85945067,0,0,-2.4251338,29.9639477,-15.3061193,68.4084905,-7.36905011,-7.10263773,-20.5116984,-4.73503718,-32.2872092,20.6532472,72.2214231,8.15025471,-3.43881242,22.6352145,-13.6712144,6.82282068,-1.29614526,26.7280516,-6.17058798,-8.90603819,-8.90084981,3.51414215,-8.25632072,18.1496243,-9.77147097,-5.35083124
193,-2.57196538,-5.53868562,105.243301,0.680610289,-1.05343337,-0.70319818,-1.15596608,3.98602626,5.92109355,0,0,-2.48019302,30.2482441,-15.241118,68.4258938,-7.2872697,-7.10428125,-20.3355,-4.62621861,-32.5685823,20.1250209,72.0895116,8.0327857,-3.41500579,22.7385194,-13.8890172,6.85832827,-1.43618356,27.2587351,-5.98629795,-9.12764368,-8.83146363,3.53704377,-8.26638415,18.1910255,-9.80289753,-5.38657533
194,-2.58603934,-5.63251339,105.241835,0.723333995,-1.11589738,-0.726816885,-1.08699024,3.95654844,5.96305567,0,0,-2.49403141,30.6621638,-15.1352194,68.3176831,-7.06359338,-6.98613306,-20.6156249,-4.71592546,-32.7613336,19.8483146,72.2281167,8.1297889,-3.41353581,22.6501845,-14.1650166,6.87221191,-1.62235904,27.8292387,-5.7499384,-9.28930487,-8.79481112,3.54180569,-8.30808587,18.2526031,-9.80181067,-5.37559281
195,-2.59940587,-5.72068654,105.248535,0.817104178,-1.17732961,-0.730022053,-1.19150249,4.03454152,6.01483192,0,0,-2.43788384,30.8230899,-14.9438238,68.2212545,-7.28927863,-6.96192858,-20.472669,-4.7256064,-33.1604762,19.4444899,72.1593367,7.85305439,-3.49126464,22.5984851,-14.5243734,6.81734244,-1.80231147,28.5361325,-5.4473226,-9.38553796,-8.77842038,3.47353048,-8.36353249,18.3498138,-9.83839829,-5.38197135
196,-2.60801911,-5.82399108,105.24739,0.856357853,-1.26237591,-0.80119766,-1.11089911,3.96721335,6.09377952,0,0,-2.4334011,31.2445228,-14.693371,68.1562516,-7.14456698,-6.90714278,-20.9355048,-4.76133469,-33.4276049,19.1415112,72.1470287,8.03881676,-3.35906462,22.6519262,-14.7621698,6.86559986,-1.90803149,29.107319,-5.22525266,-9.69037016,-8.68258172,3.50817768,-8.36502745,18.3461442,-9.84391366,-5.41074438
197,-2.62009278,-5.90827651,105.249965,0.895246267,-1.34707444,-0.861622875,-0.959593447,4.03395028,6.16169807,0,0,-2.58019104,31.4123405,-14.7664404,68.2309329,-7.15248744,-6.88103737,-20.5734143,-4.72436245,-33.7652997,18.6719409,72.1452391,7.81947804,-3.27878471,22.5701518,-15.0680342,6.88749787,-1.98204512,29.7954981,-4.9841615,-9.7661383,-8.62281245,3.51593123,-8.42369621,18.4093696,-9.85014536,-5.3986272
198,-2.63849013,-5.99255934,105.257905,0.950584884,-1.41899514,-0.915429344,-0.984506455,4.06628012,6.26444289,0,0,-2.6022882,31.7262731,-14.6612982,68.1743721,-7.11205101,-6.92200185,-20.7597197,-4.85714004,-34.1392423,18.5968207,72.1675397,8.20810214,-3.2558054,22.6276893,-15.4319194,6.88842336,-2.06559413,30.5232787,-4.66622815,-9.75969999,-8.59070799,3.50203286,-8.45295162,18.4846485,-9.83306903,-5.36379152
199,-2.64097787,-6.0615439,105.255771,0.985087782,-1.49509248,-0.984381053,-1.05981452,4.16628135,6.30179464,0,0,-2.43861702,31.9051421,-14.3100343,68.110824,-7.19414434,-6.92011758,-20.7272933,-4.97651937,-34.4834087,18.4117943,72.2517218,8.15782939,-3.31019078,22.7304188,-15.7463318,6.90446235,-2.16184153,31.224343,-4.43704798,-9.93549796,-8.50830859,3.51238871,-8.4569635,18.4970931,-9.82767062,-5.33444177
200,-2.65024565,-6.15262762,105.270123,1.07167131,-1.58320414,-1.03043599,-0.914818249,4.07221172,6.38646977,0,0,-2.59837984,32.258881,-14.4415812,68.1704652,-7.43043132,-6.86823589,-21.1666111,-4.98210476,-34.6914939,17.9921765,72.2497547,7.96645176,-3.20630467,22.5099437,-16.1080757,6.84493939,-2.32261821,32.0429616,-4.17367845,-9.78613966,-8.42956676,3.46521195,-8.47271306,18.5396537,-9.83020035,-5.35974805
201,-2.65961699,-6.23758845,105.284309,1.15274254,-1.66087861,-1.08826953,-0.872941985,3.98201736,6.46448633,0,0,-2.62237813,32.6085184,-14.4244101,68.156395,-7.6124772,-6.86724593,-21.0209146,-5.03817976,-35.0115429,17.7157366,72.2186568,7.94595009,-3.13450657,22.6197304,-16.4732176,6.7665301,-2.53528362,32.8407824,-3.88941195,-9.73074853,-8.36268213,3.42525961,-8.50182674,18.5716839,-9.82650266,-5.362005
202,-2.65982077,-6.3012898,105.296135,1.19392349,-1.72505155,-1.16383019,-0.880923541,4.00899832,6.47588549,0,0,-2.54880739,32.8028065,-14.3041066,68.1527682,-7.55826087,-6.85377808,-20.7589325,-5.11546292,-35.3107188,17.4940713,72.2851761,7.50710787,-3.17998731,22.3309056,-16.8962693,6.73152367,-2.72560812,33.7628101,-3.80880974,-9.52170888,-8.28315738,3.42762542,-8.485109,18.5592735,-9.79231756,-5.31107228
203,-2.66137235,-6.34850189,105.291533,1.25100484,-1.77655527,-1.23834369,-0.880332517,4.16171025,6.51985483,0,0,-2.56969582,33.0760209,-14.5071886,68.128883,-7.93663798,-6.80159031,-20.8052719,-5.29975679,-35.7949826,17.4103212,72.4109813,7.60519707,-3.20048214,22.3210394,-17.2779129,6.66463221,-2.90651571,34.590892,-3.89799195,-9.42723029,-8.21342969,3.39872134,-8.48718709,18.5246598,-9.81736045,-5.33495148
204,-2.65534222,-6.40749857,105.28965,1.27554119,-1.8350037,-1.30220332,-0.856570982,4.23827368,6.56163339,0,0,-2.56771592,33.20101,-14.4978039,68.1368948,-7.97743385,-6.78849727,-20.4735723,-5.38482082,-36.2228871,17.1795035,72.3845348,7.26675266,-3.06079176,22.1931066,-17.7021342,6.66750858,-3.01723884,35.5169495,-4.11133077,-9.45781246,-8.13699646,3.41399343,-8.48685497,18.5133302,-9.81150271,-5.34331761
205,-2.65936125,-6.48665503,105.278647,1.35182908,-1.91325488,-1.37689464,-0.836295939,4.0503137,6.62578167,0,0,-2.53639566,33.6689872,-14.2885423,68.1153456,-7.92809427,-6.72590157,-20.6419416,-5.49686453,-36.3794863,16.9486022,72.4209602,7.15624959,-2.99348174,22.1197862,-18.0730784,6.63200013,-3.09438604,36.4265395,-4.44678612,-9.5592015,-8.09502409,3.37431793,-8.47152717,18.6061473,-9.8856649,-5.3473312
206,-2.66043171,-6.5468438,105.292177,1.40099769,-1.98007018,-1.41702752,-0.773302972,4.08602364,6.69327376,0,0,-2.53795785,33.6691409,-14.045753,68.172446,-7.85731643,-6.82792795,-20.0694488,-5.63861742,-36.747934,16.841416,72.5253255,7.32222148,-3.02274333,22.25848,-18.4908589,6.61516713,-3.16409581,37.3544343,-4.63882116,-9.63610089,-8.04520896,3.35501368,-8.46629354,18.6611287,-9.88570845,-5.37796331
207,-2.65536364,-6.60774633,105.296707,1.47165083,-2.04800517,-1.4938783,-0.740675425,4.08983574,6.70988264,0,0,-2.57282042,34.0381521,-14.1192322,68.2512185,-7.96780413,-6.87946728,-20.4515091,-5.7115092,-37.0450063,16.5057737,72.6253331,7.15728479,-3.05247557,21.9743937,-18.8845903,6.58468656,-3.18511955,38.3007092,-4.8394537,-9.60383252,-7.97111165,3.31839789,-8.4039433,18.6790033,-9.88449182,-5.39084847
208,-2.6521422,-6.66848943,105.29995,1.54453864,-2.09714668,-1.56787527,-0.790206676,4.0730958,6.7325943,0,0,-2.43357805,34.3126437,-13.88868,68.152092,-7.92260792,-6.81437216,-20.2778857,-5.8119753,-37.3823049,16.3291723,72.5362128,6.9252082,-2.82613057,21.9682499,-19.275885,6.56062978,-3.18974445,39.2045994,-5.08641626,-9.48434519,-7.95762118,3.27102605,-8.37304011,18.7642116,-9.91038592,-5.43372455
209,-2.65948679,-6.73124865,105.309248,1.63009024,-2.19007123,-1.64613943,-0.799208492,4.04079882,6.8376123,0,0,-2.46860219,34.5430875,-13.8333187,68.2615321,-7.97643664,-6.88240426,-20.4367729,-5.88078306,-37.6627764,15.9221852,72.4963997,6.94744559,-2.79976306,21.777341,-19.6154939,6.52590723,-3.18787319,40.0973495,-5.16465864,-9.30820827,-7.88966335,3.21311394,-8.29983756,18.8354436,-9.92310885,-5.51586313
210,-2.65929308,-6.79606348,105.322003,1.72142025,-2.27735294,-1.73697372,-0.75412204,4.02708338,6.91235933,0,0,-2.43869983,34.6926925,-13.4762151,68.3174919,-7.77799232,-6.92109173,-20.4416736,-5.98873505,-38.0035345,15.8331759,72.5917286,7.33010864,-2.92487163,21.9497964,-19.9515478,6.50767361,-3.14697081,41.0010484,-5.31183214,-9.27033572,-7.81152684,3.15781758,-8.21497246,18.881462,-9.94049339,-5.59178239
211,-2.65029911,-6.86660558,105.335331,1.84132061,-2.34111727,-1.81326398,-0.750655132,3.86796558,6.91874087,0,0,-2.38202164,35.0538012,-13.4339473,68.3591219,-7.95319521,-6.95215372,-20.4701623,-6.12464984,-38.3148887,15.7894559,72.6209208,7.26379178,-2.80771532,21.9486934,-20.2705227,6.45044517,-3.08998484,41.8205994,-5.35912522,-8.96296782,-7.78632003,3.0648777,-8.11891268,18.9881035,-9.98892797,-5.68185977
212,-2.63959691,-6.93641901,105.351758,1.94417824,-2.42950266,-1.89080751,-0.708141954,3.77385667,6.97718551,0,0,-2.3493569,35.378949,-13.4199326,68.3707059,-8.03419101,-6.88014944,-20.5115806,-6.15558291,-38.5119772,15.374901,72.6471624,7.21906258,-2.85534927,22.0026177,-20.6148821,6.40465088,-3.10010931,42.7525753,-5.40224848,-8.96813571,-7.71311577,2.99402879,-8.04299854,19.0596617,-9.99964881,-5.78400909
213,-2.64339782,-6.99974149,105.353272,2.03507095,-2.48540593,-1.96359426,-0.717657421,3.69739313,7.04240443,0,0,-2.37277037,35.6754338,-13.3521626,68.4575585,-8.11892548,-6.9427524,-20.6360027,-6.30627908,-38.7780131,15.348393,72.6924602,7.57310628,-2.99928654,22.1971671,-20.940887,6.37171187,-3.05568512,43.5767162,-5.56313913,-8.83614145,-7.71562672,2.93079831,-7.92635769,19.1827144,-10.0318779,-5.86916106
214,-2.63735484,-7.06388503,105.367422,2.1312678,-2.57240418,-2.02657639,-0.741509455,3.65301185,7.09314718,0,0,-2.29644514,35.8127309,-12.7648295,68.5345758,-7.72218712,-6.85924309,-20.8677903,-6.41809952,-39.0972254,15.2942996,72.6910669,7.82631506,-2.84862367,22.2533335,-21.3246378,6.30639648,-3.12527472,44.5381712,-5.49868819,-8.83341962,-7.6478388,2.86077436,-7.8493234,19.2606912,-10.0457526,-5.93070406
215,-2.63325702,-7.10919574,105.364966,2.18494647,-2.65035421,-2.06956514,-0.814202678,3.66213612,7.1500401,0,0,-2.24188708,36.0773905,-12.9197476,68.5503193,-8.18442273,-6.92966148,-20.7083993,-6.58265244,-39.383325,15.1460674,72.7516575,7.71080034,-2.81031442,22.2019756,-21.6365435,6.2604959,-3.24937413,45.3631966,-5.64232792,-8.66365441,-7.60885635,2.82795488,-7.80552652,19.3717501,-10.0969022,-5.98965243
216,-2.61726398,-7.15914965,105.373394,2.25295893,-2.72567193,-2.11921623,-0.865706894,3.60836119,7.18083315,0,0,-2.22731935,36.4225575,-12.851053,68.6623686,-8.04562987,-7.00550262,-20.9009577,-6.79885397,-39.6678945,15.3258226,72.8693143,7.77005735,-2.82986306,22.1591127,-21.9672527,6.18078119,-3.38735334,46.234295,-5.73588529,-8.58489721,-7.5572056,2.78016938,-7.76507046,19.4655815,-10.1277849,-6.06859875
217,-2.60999463,-7.19462112,105.375564,2.29967451,-2.8140445,-2.17331262,-0.862284596,3.6567471,7.25932398,0,0,-2.17313674,36.4478838,-12.4037337,68.679205,-7.82626725,-6.95868082,-20.6486027,-6.88738475,-39.9931686,15.0613953,72.892578,7.54655819,-2.88504736,22.0912599,-22.2728866,6.12653625,-3.4766903,47.0732232,-5.76840937,-8.51714173,-7.51077398,2.74607862,-7.72967642,19.5930755,-10.1342556,-6.06848263
218,-2.59880852,-7.2371386,105.376875,2.35466308,-2.8525561,-2.20386492,-0.91794989,3.65851612,7.27125973,0,0,-2.14880611,36.7501197,-12.5635849,68.7262035,-8.19383217,-6.9773456,-20.7015145,-6.9659618,-40.2810509,14.6166902,72.8795186,7.0397001,-2.83619742,22.215945,-22.6163768,6.02041902,-3.63953204,47.8726695,-5.82453602,-8.36906153,-7.51711666,2.70215069,-7.71289379,19.7104677,-10.15696,-6.10551421
219,-2.58122161,-7.27871433,105.384815,2.42734536,-2.91764884,-2.23307935,-1.02143793,3.62941866,7.26861731,0,0,-1.9657897,36.9225854,-12.2529444,68.6951467,-8.22951393,-6.87511132,-20.4086104,-7.11926625,-40.583157,14.6404661,72.9212989,6.99767693,-2.82639332,22.1328011,-22.9840852,5.87019754,-3.86283867,48.7702623,-5.82030045,-8.39168738,-7.44330452,2.64171269,-7.71574198,19.7422776,-10.1849322,-6.1503591
220,-2.56276596,-7.31235892,105.388737,2.46872769,-2.97377553,-2.26413178,-1.08873365,3.75804265,7.37794046,0,0,-1.96439335,37.0549818,-11.9230941,68.7412026,-8.15109226,-7.03126909,-20.7592432,-7.39917125,-40.9935523,14.5764962,73.017427,6.83269841,-2.79428439,21.9844801,-23.2453006,5.7663919,-3.98074609,49.4722076,-5.94758828,-8.47791852,-7.40356391,2.61337744,-7.7163678,19.8206079,-10.2073275,-6.17087101
221,-2.53949407,-7.34402388,105.403745,2.50070112,-3.03088563,-2.28902252,-1.06233144,3.78489298,7.36254094,0,0,-1.95481295,37.236617,-12.1198198,68.73218,-8.22350422,-6.90343185,-20.148025,-7.41828126,-41.2930663,14.4329837,73.033594,6.86606474,-2.79049428,22.1287867,-23.5362137,5.64413749,-4.18627929,50.2102779,-6.01081108,-8.45914745,-7.36094439,2.59028542,-7.68193596,19.9116663,-10.1908514,-6.13627824
222,-2.51950677,-7.37790018,105.413401,2.53216921,-3.09180892,-2.34483297,-0.994816732,3.76540944,7.3789906,0,0,-1.93812765,37.4634032,-12.0927048,68.749194,-8.46451342,-6.91685018,-20.0841798,-7.41063572,-41.552634,14.1080537,73.0546447,6.9152071,-2.90944309,22.3993971,-23.8197503,5.5249571,-4.35956247,50.9732271,-6.13656681,-8.53202984,-7.32711019,2.57407546,-7.62259784,20.02209,-10.184554,-6.10481796
223,-2.50485148,-7.42198974,105.425501,2.58116953,-3.13899002,-2.38307279,-0.962669166,3.69624993,7.40267514,0,0,-1.95401083,37.7169432,-11.7970857,68.8043409,-8.28420752,-6.94137953,-19.9977881,-7.44727115,-41.8037425,14.1719015,72.9521304,7.38616742,-2.69325928,22.2981617,-24.1392324,5.39177951,-4.52712153,51.7325734,-6.18378434,-8.5562975,-7.2824954,2.54505676,-7.60628734,20.0654634,-10.1914858,-6.14886713
224,-2.48609278,-7.45793656,105.4335,2.62819855,-3.18418411,-2.44858773,-0.976865394,3.70964564,7.38930931,0,0,-1.92524911,37.9907757,-11.8341548,68.8598567,-8.55253151,-6.90487772,-20.1437937,-7.54406091,-42.1015456,13.8944071,73.0251588,7.05661208,-2.84910477,22.3058269,-24.4401005,5.23675171,-4.72361369,52.4812406,-6.23134166,-8.71754802,-7.2305851,2.52620053,-7.53534046,20.0881891,-10.1946328,-6.21447536
225,-2.47190334,-7.49687999,105.439723,2.67431633,-3.22589486,-2.48471664,-0.956347293,3.66561226,7.39582872,0,0,-1.979614,38.2583279,-11.7435173,68.9756147,-8.5463203,-7.01652015,-20.1917928,-7.58797902,-42.3880174,13.9249474,72.9694517,7.05998235,-2.72842216,22.2018253,-24.6981707,5.10512415,-4.84749027,53.1263657,-6.3425397,-8.65542062,-7.19205515,2.50265068,-7.46799309,20.1294298,-10.2065762,-6.31300383
226,-2.45490652,-7.53476173,105.437052,2.71833626,-3.27181765,-2.53298405,-0.923971876,3.65745659,7.40924492,0,0,-1.96357117,38.3845088,-11.4732041,69.0060705,-8.38269373,-6.94202882,-20.0777218,-7.68968054,-42.7576945,14.0099995,73.0148793,7.06766546,-2.76831985,22.05729,-24.9829964,4.97432432,-5.0118989,53.8269279,-6.3985067,-8.73047757,-7.14638936,2.48552654,-7.39117566,20.1682526,-10.2427771,-6.38176889
227,-2.44243573,-7.58139938,105.43381,2.77447583,-3.29793568,-2.56592708,-0.932022321,3.61952428,7.41779547,0,0,-1.92838332,38.5892916,-11.0368848,69.0717155,-8.25905791,-7.07917689,-20.3406449,-7.69089119,-42.9565248,13.5668995,72.942049,6.88409003,-2.72861319,22.1964568,-25.2776354,4.83440661,-5.13216914,54.502256,-6.46987663,-8.80812914,-7.12858092,2.45802777,-7.32034916,20.2098689,-10.2923053,-6.47508849
228,-2.42277272,-7.61579722,105.436158,2.80166366,-3.33187495,-2.62559719,-0.944548568,3.59927277,7.42208653,0,0,-1.84863019,38.8348778,-11.0882247,69.0465667,-8.46187355,-7.09298198,-20.1569999,-7.80880245,-43.3112131,13.7330208,72.875359,7.5335851,-2.69220828,22.589097,-25.5142075,4.75273078,-5.20864719,55.1188445,-6.54878879,-8.62893315,-7.0941922,2.4586331,-7.24059645,20.2495011,-10.3186545,-6.57613644
229,-2.4096895,-7.66007379,105.438733,2.8388688,-3.35962693,-2.63171132,-0.958206278,3.55897231,7.40566761,0,0,-1.82189789,39.0897942,-10.8209287,69.031834,-8.42690213,-7.04905234,-20.2797827,-7.80806735,-43.5058461,13.3042728,72.9226103,7.36340326,-2.77445614,22.6720206,-25.7906543,4.63707092,-5.36093181,55.7522353,-6.54234792,-8.73082847,-7.06187004,2.44891118,-7.20089342,20.2702324,-10.3555939,-6.66640721
230,-2.39486527,-7.71249086,105.442977,2.91201774,-3.39788605,-2.64157283,-0.987059238,3.47714984,7.40912625,0,0,-1.77304187,39.2976539,-10.4618434,69.0785115,-8.38195436,-7.1800528,-20.506709,-7.887908,-43.7790981,13.4225196,72.9005966,7.34284353,-2.74762417,22.4156051,-26.0693738,4.48594402,-5.44480056,56.414668,-6.46656954,-8.77545181,-7.03633495,2.39358195,-7.14505705,20.3321823,-10.4151138,-6.73307839
231,-2.37605181,-7.76507556,105.440748,2.96019016,-3.43695807,-2.63974564,-0.985128323,3.4048303,7.39882803,0,0,-1.78777085,39.4645018,-10.2710045,69.1764291,-8.40133161,-7.24592571,-20.4784934,-7.82745911,-44.0110547,12.8325227,72.8405387,6.69861198,-2.72702581,22.4895778,-26.3170211,4.37099322,-5.55533009,57.0212059,-6.46493242,-8.7000192,-7.00588469,2.36428748,-7.12691521,20.39321,-10.4533117,-6.77123354
232,-2.35639568,-7.82144368,105.436301,3.00033651,-3.47748023,-2.60784074,-1.02813343,3.32960538,7.39229325,0,0,-1.79789832,39.703876,-10.0584089,69.2284957,-8.48782144,-7.2129248,-20.4735757,-7.81509903,-44.1657073,12.5627234,72.8470274,6.67878479,-2.75339183,22.5551766,-26.5475093,4.26984196,-5.63996382,57.5972163,-6.45214119,-8.66439891,-6.97379518,2.34283599,-7.13011131,20.4619798,-10.499967,-6.82153703
233,-2.33766697,-7.86944628,105.437922,3.01662982,-3.51544785,-2.58485102,-1.04326828,3.28928762,7.38680434,0,0,-1.78789059,40.0572529,-10.1837173,69.1825421,-8.49668105,-7.21094746,-20.5390004,-7.78542698,-44.3528921,12.0775426,72.8803314,6.91468288,-2.88221112,22.9103481,-26.7652898,4.17889073,-5.77215445,58.1576674,-6.56823007,-8.77858174,-6.94499483,2.34783932,-7.13413088,20.5246382,-10.5394105,-6.85778185
234,-2.32405905,-7.9217419,105.440593,3.05886106,-3.52108582,-2.56021484,-1.08936416,3.20616145,7.36406322,0,0,-1.70940009,40.2327819,-9.71189208,69.1433642,-8.60042394,-7.17470477,-20.6106183,-7.84849012,-44.5665574,11.8942852,72.8827083,6.5669255,-2.88042247,22.9553386,-27.0498987,4.06172097,-5.87528006,58.7197305,-6.49162395,-8.6568857,-6.96672935,2.3246425,-7.11132915,20.6021318,-10.57625,-6.88442386
235,-2.31055673,-7.97066391,105.444479,3.09733661,-3.55114492,-2.55052907,-1.12132411,3.16507743,7.37588457,0,0,-1.77166954,40.4570307,-9.44301059,69.2945914,-8.10165535,-7.37818208,-20.7687253,-7.92050764,-44.8846189,12.2357785,72.8122071,7.03717933,-2.80851082,22.6821618,-27.329361,3.9256619,-6.0125468,59.35446,-6.3793143,-8.69011542,-6.93548251,2.30815357,-7.10792344,20.6315921,-10.5982876,-6.94267812
236,-2.29796134,-8.0177702,105.433547,3.1125125,-3.57477099,-2.52149848,-1.13113909,3.15050971,7.37767237,0,0,-1.78990465,40.7083953,-9.29337224,69.279121,-8.314677,-7.22777277,-20.8747042,-7.9602064,-45.1366972,11.8977396,72.8762333,6.73456695,-2.79844419,22.8262856,-27.5441739,3.80801061,-6.15050509,59.8804597,-6.41717489,-8.65967071,-6.91113203,2.31394771,-7.11276861,20.6661119,-10.640137,-6.99231438
237,-2.28120014,-8.07140991,105.428731,3.14800735,-3.59515399,-2.4989672,-1.14284049,3.04732497,7.36373025,0,0,-1.85041585,40.9834095,-9.27074895,69.337041,-8.4653911,-7.28365397,-20.681444,-7.93274136,-45.3211567,11.7777665,72.7989839,6.88798154,-2.83135268,22.9331661,-27.749334,3.66865938,-6.26637712,60.3888238,-6.47207125,-8.70780561,-6.88370584,2.3001328,-7.13182014,20.6882178,-10.6721988,-7.02681623
238,-2.26542614,-8.12330842,105.425084,3.16910624,-3.63347057,-2.45315295,-1.1666358,2.99320362,7.37458854,0,0,-1.85928187,41.1721618,-8.83253426,69.3861569,-8.00828581,-7.38856567,-20.891585,-8.02779625,-45.5668216,11.7294565,72.913089,6.98855778,-2.88677967,23.0325897,-27.9897293,3.51386873,-6.44957816,60.9694992,-6.39727086,-8.70937997,-6.87242834,2.2912448,-7.17347362,20.7939935,-10.7077388,-6.99659606
239,-2.24522147,-8.16104934,105.425858,3.19298026,-3.66309311,-2.4205089,-1.17360398,2.97465517,7.35577906,0,0,-1.91905072,41.4593815,-8.9236541,69.44532,-8.18759962,-7.3095549,-20.9085085,-7.94655968,-45.8236333,11.4285432,72.8526896,6.45897778,-2.85629739,22.7876438,-28.1784065,3.36606749,-6.57442761,61.4712517,-6.47684513,-8.60620313,-6.86851123,2.27216808,-7.22201236,20.8886514,-10.7473402,-6.99585071
240,-2.2282796,-8.20144042,105.419481,3.22313415,-3.68423401,-2.38860466,-1.17467536,2.94174348,7.3303238,0,0,-1.94612431,41.7525298,-8.95666868,69.4448351,-8.32084381,-7.40904343,-20.9562874,-7.92215883,-46.0502487,11.2995175,72.8579011,6.51118945,-2.75611302,22.6856844,-28.3752218,3.1766768,-6.75387248,61.9753129,-6.47529852,-8.69217472,-6.85356122,2.24947072,-7.27763145,20.9402416,-10.7909826,-6.99547463
241,-2.21112724,-8.24162588,105.419183,3.24393977,-3.70811972,-2.38124074,-1.16214719,2.91919297,7.3157328,0,0,-1.91419936,41.903494,-8.5968415,69.4327525,-8.11712914,-7.37832466,-20.8556855,-7.88150469,-46.2960672,11.0535957,72.8729685,6.64092804,-2.91779534,23.0388069,-28.6004182,3.02655202,-6.88016268,62.5271512,-6.42567378,-8.70875842,-6.83624755,2.23927197,-7.32556315,20.9893216,-10.7938991,-6.97129319
242,-2.18838993,-8.28139558,105.41023,3.25881806,-3.72237943,-2.36414166,-1.15575104,2.88256715,7.28756254,0,0,-1.95927135,42.1222445,-8.44036955,69.5443851,-7.99587365,-7.43832189,-21.0046639,-7.84736143,-46.5847315,11.1586303,72.8093863,6.96063639,-2.90026822,23.0104941,-28.7752557,2.88158018,-6.99759326,63.0016717,-6.5557035,-8.80749222,-6.81055366,2.24086362,-7.35906096,21.0114531,-10.8251216,-6.98484642
243,-2.1677088,-8.31910521,105.414212,3.28976016,-3.73123395,-2.34656415,-1.14193485,2.83709025,7.25026373,0,0,-1.99520412,42.4368088,-8.47923333,69.5700256,-8.12424449,-7.47303633,-21.1329707,-7.79280359,-46.8282551,10.9042928,72.7813483,6.6988028,-2.87671645,22.7816144,-28.9775079,2.72982235,-7.07546212,63.4739861,-6.55722279,-8.65635294,-6.80060805,2.22044221,-7.39858471,21.0435004,-10.8411281,-6.98458218
244,-2.15213168,-8.3538495,105.418277,3.30227626,-3.74365611,-2.34231682,-1.10638168,2.82099363,7.23340341,0,0,-2.05139972,42.6373705,-8.36039914,69.6462983,-8.14024507,-7.50718813,-21.1536423,-7.80770023,-47.028284,10.5588893,72.8875168,6.11475972,-2.93593889,22.7382052,-29.1550313,2.58722763,-7.19460794,63.9487867,-6.55369116,-8.71603428,-6.78820101,2.22678788,-7.41269588,21.0698137,-10.8512684,-6.98556317
245,-2.13469919,-8.39136988,105.418324,3.31277019,-3.75623879,-2.35694815,-1.05053795,2.80121148,7.21580543,0,0,-2.07554721,42.8927547,-8.27032175,69.6377333,-8.06142298,-7.50199462,-21.3153094,-7.75317398,-47.3084003,10.4491034,72.8364065,6.4714211,-2.8644029,22.9190105,-29.3088745,2.46736144,-7.26163856,64.3876401,-6.6206014,-8.66467297,-6.77205188,2.23820539,-7.40906051,21.0944467,-10.8605489,-6.97362186
246,-2.12006364,-8.43421668,105.421698,3.34404245,-3.75928487,-2.34172327,-1.02004713,2.75981136,7.19439193,0,0,-2.08908636,43.1157672,-8.02579585,69.6313744,-8.16383227,-7.44681523,-21.3784955,-7.74036823,-47.5315494,10.3116151,72.8480178,6.52485069,-2.85235039,22.9528319,-29.5280962,2.32277253,-7.34683322,64.878799,-6.5632133,-8.64623402,-6.74806511,2.22241976,-7.44471068,21.080216,-10.8589173,-6.97771955
247,-2.09804177,-8.47511515,105.422318,3.35463441,-3.76516033,-2.35758241,-0.993582496,2.74378325,7.16244116,0,0,-2.03623905,43.3282544,-7.82188483,69.60432,-8.06961237,-7.50536276,-21.4278249,-7.73664748,-47.8111193,10.3039619,72.8237092,6.52442124,-2.87686351,22.7957427,-29.6795659,2.20489605,-7.43439112,65.325227,-6.61255245,-8.76473097,-6.72863962,2.23765257,-7.45722273,21.0863974,-10.8627243,-6.95705438
248,-2.0822743,-8.51113498,105.426919,3.36526812,-3.77053439,-2.35434882,-0.964522175,2.71675193,7.1351695,0,0,-2.05696611,43.5119557,-7.4785167,69.7037266,-7.93461027,-7.52326469,-21.5509578,-7.77674667,-48.0373249,10.2930328,72.9090251,6.83381771,-2.89151149,22.8789464,-29.8401573,2.10397659,-7.46676963,65.741889,-6.68234204,-8.73855342,-6.71047986,2.24526973,-7.49785297,21.0840341,-10.8561494,-6.94256072
249,-2.06525102,-8.54322761,105.439222,3.38990674,-3.77236945,-2.35031213,-0.946464863,2.68077177,7.11744046,0,0,-2.03956023,43.7547621,-7.39535659,69.6922655,-7.90226249,-7.59407155,-21.5332727,-7.74415215,-48.354092,10.1088627,72.8395825,6.52521055,-3.30585681,22.8137078,-30.0402819,1.9681585,-7.5308701,66.2329523,-6.63050475,-8.6444078,-6.69294335,2.22941473,-7.54365963,21.075983,-10.8328815,-6.90566959
250,-2.0487953,-8.58210251,105.445182,3.39246004,-3.77616168,-2.36636362,-0.920162872,2.66975062,7.09786001,0,0,-1.98033352,43.9565669,-7.24962255,69.6318661,-8.10322373,-7.48960039,-21.3941435,-7.7314369,-48.5478303,10.0366497,72.8156495,6.6707098,-3.24807234,22.5828952,-30.1982778,1.88696868,-7.57296968,66.6619838,-6.70319888,-8.78324164,-6.67445061,2.24895376,-7.57647186,21.0706982,-10.7993726,-6.86968346
251,-2.03011837,-8.60977545,105.453181,3.40106221,-3.77457657,-2.39896648,-0.882450943,2.65478909,7.06687102,0,0,-1.91812587,44.2279713,-7.02063619,69.6068062,-8.04353471,-7.51739072,-21.6393968,-7.70943515,-48.7784619,9.51139871,72.8745599,5.87241736,-3.31872681,22.5788757,-30.3493514,1.80918627,-7.56500141,67.0927911,-6.6817999,-8.84555174,-6.64498731,2.25740164,-7.59798696,21.0328504,-10.7618347,-6.82332526
252,-2.01339144,-8.64338055,105.464089,3.41898219,-3.77330899,-2.43097828,-0.825663843,2.62180739,7.03753237,0,0,-1.91887164,44.4352505,-6.85424894,69.7019439,-8.00039182,-7.58562858,-21.6028126,-7.6886654,-49.0318517,9.50610617,72.869929,6.3293045,-3.35482436,22.8353715,-30.5094271,1.72732197,-7.5526789,67.541193,-6.66673463,-8.81668566,-6.62963774,2.25899286,-7.60637101,21.0183021,-10.7266567,-6.78377974
253,-1.99614968,-8.66923407,105.473936,3.43301314,-3.76931314,-2.46790846,-0.787870165,2.60219215,7.00178273,0,0,-1.86346514,44.5616295,-6.55107776,69.7320309,-8.00600794,-7.63083504,-21.6549577,-7.62346442,-49.2254875,9.30237529,72.7722164,6.21309225,-3.22216906,22.7520858,-30.6602411,1.66079539,-7.52974483,67.9781066,-6.7307207,-8.81817122,-6.61818138,2.26476202,-7.59765825,21.0038955,-10.7024129,-6.76516065
254,-1.98288783,-8.69893804,105.485404,3.44120576,-3.76320425,-2.50448337,-0.757260299,2.60457951,6.97402185,0,0,-1.75130799,44.7954098,-6.38419703,69.6716998,-7.96300593,-7.49170751,-21.6407116,-7.70129101,-49.433477,9.08212986,72.9384768,5.97984172,-3.40901999,22.7766284,-30.8185273,1.62761989,-7.48898055,68.3911418,-6.71040217,-8.85996088,-6.60633185,2.28063026,-7.59768728,20.9758559,-10.6700242,-6.76141813
255,-1.96998343,-8.73049349,105.495834,3.46673547,-3.76103895,-2.55052921,-0.700132756,2.55929899,6.95187241,0,0,-1.75625988,45.1390434,-6.39959868,69.6913503,-8.05225515,-7.57835187,-21.8768415,-7.68607505,-49.6761673,8.96621301,72.9251375,6.13989055,-3.42563399,22.843998,-30.9892001,1.56427041,-7.44511452,68.8731551,-6.69059761,-8.86074038,-6.59371991,2.27433325,-7.56831576,20.9610566,-10.6386403,-6.73528455
256,-1.96275096,-8.76045227,105.504644,3.49288941,-3.75980361,-2.57585546,-0.690451497,2.52108003,6.94001818,0,0,-1.66728418,45.3181105,-6.05528628,69.7510461,-7.74573846,-7.62781439,-21.7688016,-7.66415698,-49.8211039,8.70369298,72.8704072,6.06150645,-3.34835681,22.8759496,-31.142186,1.51812181,-7.36180585,69.298628,-6.70506565,-8.64937932,-6.58395744,2.26515604,-7.55143324,20.9484873,-10.6208306,-6.72784391
257,-1.95391607,-8.79816264,105.514479,3.52239645,-3.76096129,-2.62336443,-0.65368144,2.45926425,6.93068729,0,0,-1.60654918,45.4399201,-5.54826469,69.7949164,-7.70966482,-7.63110484,-21.787185,-7.8020824,-50.0674211,8.78561086,73.0165595,6.07081898,-3.40899565,22.8751385,-31.3259216,1.47421256,-7.32180228,69.8116504,-6.71111123,-8.70523661,-6.56700704,2.26499019,-7.50842439,20.9273171,-10.6049257,-6.76740351
258,-1.9441897,-8.82940441,105.520129,3.55157042,-3.75328291,-2.65073665,-0.648750204,2.41913305,6.90188097,0,0,-1.51943727,45.696339,-5.48884503,69.834108,-7.62134193,-7.66514394,-21.8796094,-7.78508718,-50.3347512,8.67532635,72.94,6.17661477,-3.33816424,23.118061,-31.4523654,1.44057782,-7.22933518,70.1866278,-6.80547712,-8.60182584,-6.55440534,2.25938389,-7.47571206,20.8958112,-10.5965049,-6.79394691
259,-1.93653088,-8.86713192,105.522263,3.5895,-3.75369171,-2.69316922,-0.611420605,2.34821754,6.88171313,0,0,-1.48832074,46.0403723,-5.493849,69.9042677,-7.78250366,-7.68477732,-22.0306642,-7.77099821,-50.5263141,8.67030275,72.9086357,6.03865392,-3.3605647,22.7564537,-31.6046308,1.38976442,-7.17114026,70.6577537,-6.79312344,-8.4937287,-6.5408487,2.24672669,-7.42400752,20.8816983,-10.6049316,-6.81007341
260,-1.92966219,-8.91037807,105.525231,3.62439295,-3.75597236,-2.71768626,-0.601899588,2.29118418,6.87264605,0,0,-1.39361622,46.2348755,-5.1678556,69.9405429,-7.82988042,-7.62918726,-22.1387605,-7.87509627,-50.7026867,8.67684266,73.02869,6.2689124,-3.42727922,22.9129026,-31.7926591,1.35323689,-7.12458356,71.1643079,-6.7962141,-8.63637891,-6.51045393,2.24182902,-7.38230922,20.8391121,-10.6094507,-6.87191608
261,-1.92847475,-8.94355848,105.534852,3.66563074,-3.75141826,-2.72336255,-0.607005475,2.24625925,6.85789412,0,0,-1.35554453,46.4022903,-4.86194081,70.0303804,-7.68453741,-7.63996018,-22.0923664,-7.83862733,-50.8338878,8.31467102,72.9981385,6.27992992,-3.38391627,22.9869948,-31.9566485,1.28961655,-7.06135351,71.6126483,-6.8042844,-8.4604375,-6.50168482,2.21642371,-7.3682766,20.8154779,-10.606868,-6.91347906
262,-1.92682315,-8.98358747,105.544782,3.7063335,-3.74885127,-2.73533192,-0.602289496,2.15858545,6.84422777,0,0,-1.3453033,46.6641632,-4.77620785,70.1518621,-7.67010778,-7.76114139,-22.1685896,-7.85553375,-50.9888546,8.00067698,73.0245509,5.72611983,-3.41558081,22.8864971,-32.1613835,1.20429511,-7.08090279,72.1090118,-6.68780619,-8.62605678,-6.48286167,2.20141992,-7.33414785,20.7763614,-10.6062644,-6.96974146
263,-1.92740373,-9.01376307,105.547512,3.73714511,-3.74331198,-2.72938281,-0.631548426,2.09856794,6.83853097,0,0,-1.27733865,46.8832347,-4.59294577,70.200575,-7.7542318,-7.73783593,-22.1904991,-7.95286993,-51.2449798,8.22600492,73.0462777,6.04519382,-3.41462693,23.0715748,-32.3225896,1.15376335,-7.04438305,72.5584451,-6.79211428,-8.5376084,-6.47134256,2.18937786,-7.33267167,20.7421592,-10.612526,-6.99627248
264,-1.9237183,-9.0409793,105.548179,3.76250843,-3.74694268,-2.74346024,-0.633599564,2.05982732,6.82919666,0,0,-1.25299554,47.1376968,-4.43762769,70.2924206,-7.84493501,-7.67416662,-22.4185165,-8.00217023,-51.4426967,8.18548056,73.0600132,6.18555805,-3.38000833,22.9295478,-32.4932931,1.07666577,-7.05990636,73.0517282,-6.7636452,-8.57363252,-6.45482374,2.17903525,-7.32306416,20.7248498,-10.617027,-7.02884437
265,-1.92066301,-9.06960145,105.552387,3.7854832,-3.75400989,-2.73370199,-0.658316791,2.01730875,6.82591561,0,0,-1.24465118,47.4073834,-4.25458503,70.4510039,-7.54029406,-7.82713297,-22.6365617,-7.99843582,-51.6367321,8.0698335,73.0234307,6.36268407,-3.32187446,23.1886288,-32.665588,1.00573041,-7.08613728,73.5450523,-6.79203701,-8.55425528,-6.44065665,2.16580027,-7.32291389,20.7253416,-10.618954,-7.02111259
266,-1.91809535,-9.10893455,105.564702,3.81406611,-3.75921663,-2.71520054,-0.671919113,1.94133912,6.81823677,0,0,-1.18418373,47.6095058,-4.03891198,70.4734957,-7.83359177,-7.74776191,-22.7417586,-8.01331625,-51.7798041,7.86226661,73.0621784,6.02502641,-3.41070469,23.0869444,-32.8626117,0.938889543,-7.12004447,74.0607794,-6.74949177,-8.58493819,-6.42417071,2.15403953,-7.34199061,20.7113892,-10.6050418,-7.05847928
267,-1.91426203,-9.13618729,105.569267,3.83497804,-3.76199164,-2.70366424,-0.678602826,1.90360681,6.80260759,0,0,-1.18004378,47.814589,-3.85704881,70.5960839,-7.60353136,-7.7190273,-22.6046938,-7.99403291,-51.9254272,7.56060106,73.0843902,6.02231354,-3.38532478,23.1669993,-33.0305387,0.889681125,-7.1326594,74.5351428,-6.75764488,-8.52750569,-6.41551216,2.14820847,-7.35636645,20.7056963,-10.6110626,-7.06834378
268,-1.91585775,-9.16226581,105.571532,3.85070865,-3.76571884,-2.68828774,-0.689516028,1.88129791,6.80007956,0,0,-1.16834078,48.0243988,-3.70198772,70.6790571,-7.66482377,-7.78982819,-22.8134551,-8.01929864,-52.1380714,7.63831154,73.1073259,6.18750807,-3.36255143,23.1010658,-33.1906998,0.824505058,-7.18983876,75.0029288,-6.79236999,-8.55322392,-6.41181276,2.14484674,-7.36684482,20.7084625,-10.6022371,-7.0805886
269,-1.91367753,-9.18770209,105.573368,3.8747561,-3.77011435,-2.68472313,-0.67505577,1.84942846,6.7898552,0,0,-1.22638661,48.2585821,-3.79031786,70.8600503,-7.81532016,-7.82865696,-22.6428472,-7.98921507,-52.352092,7.60048083,73.0769999,6.29769097,-3.28054327,23.0439979,-33.3646818,0.737027624,-7.24512402,75.4920113,-6.70759837,-8.57155188,-6.40026163,2.13000303,-7.37582822,20.701091,-10.5906395,-7.07651311
270,-1.91468131,-9.21536833,105.578935,3.89545782,-3.77431239,-2.67633407,-0.646314494,1.81539534,6.781831,0,0,-1.20810038,48.4636482,-3.47512704,70.8730276,-7.63316328,-7.83500135,-22.7823026,-7.93907892,-52.5509188,7.31593173,73.0986994,6.02476387,-3.34286363,23.1383382,-33.5145259,0.692253386,-7.27346076,75.9433093,-6.7646535,-8.46291686,-6.3980098,2.11998122,-7.3885947,20.7054623,-10.572904,-7.07877775
271,-1.91457681,-9.23985913,105.585253,3.90866946,-3.77406484,-2.67806353,-0.645163447,1.80986502,6.7716425,0,0,-1.23784788,48.6930196,-3.51403393,71.0062983,-7.78571214,-7.76179368,-22.8241238,-7.96401509,-52.7683579,7.32488953,73.1536893,5.98457845,-3.37537639,23.038836,-33.6788329,0.646429434,-7.33050309,76.3984526,-6.75264987,-8.53994688,-6.39600685,2.12149603,-7.39565285,20.7004524,-10.5538469,-7.09936095
272,-1.91497616,-9.26676765,105.593956,3.9359419,-3.77899863,-2.66972629,-0.633257467,1.76689577,6.77030079,0,0,-1.33000602,48.8467126,-3.43936481,71.2113474,-7.85269752,-7.91022649,-22.9058453,-7.88627046,-52.9672632,7.18544012,73.0769043,6.23025865,-3.25007444,23.3580517,-33.8809826,0.568140471,-7.39354317,76.8917698,-6.65574614,-8.54574401,-6.39004708,2.10489952,-7.41114628,20.6968546,-10.5454748,-7.09346564
273,-1.91691052,-9.29108933,105.597067,3.95265724,-3.78341765,-2.65735206,-0.633725335,1.74660573,6.77125574,0,0,-1.35248503,49.0297582,-3.10297308,71.3203709,-7.38147594,-7.99372812,-22.8667186,-7.91856701,-53.1491614,6.90308394,73.1841519,5.63348368,-3.35252258,23.033756,-34.0210186,0.544441316,-7.41788426,77.3307802,-6.78533361,-8.47496617,-6.38578931,2.09641216,-7.43293031,20.6981967,-10.532991,-7.09172821
274,-1.91910118,-9.31721255,105.593097,3.97482148,-3.78333436,-2.65439364,-0.621036391,1.70914118,6.75970674,0,0,-1.30558105,49.1813201,-2.92103883,71.2981454,-7.45970978,-7.81370909,-22.9041959,-7.84506137,-53.2513923,6.73124918,73.1492087,6.04395969,-3.31075747,23.2475665,-34.1704802,0.494467596,-7.45627675,77.7584389,-6.80541181,-8.49227985,-6.38010062,2.08555835,-7.45044292,20.6882929,-10.5421033,-7.08836349
275,-1.91500988,-9.33606997,105.602109,3.9872045,-3.7926079,-2.66570926,-0.611326423,1.70406539,6.75943609,0,0,-1.28805554,49.4312641,-2.84433858,71.3469744,-7.49361484,-7.90200551,-23.1122622,-7.8528862,-53.4498434,6.63093377,73.2128728,6.00367267,-3.3581656,23.2331975,-34.3193305,0.455780871,-7.50493587,78.2030774,-6.82909292,-8.50963023,-6.36743745,2.08361303,-7.4574063,20.6865154,-10.5108449,-7.08984308
276,-1.91504993,-9.35465097,105.609381,4.00192749,-3.79089744,-2.67077173,-0.602290723,1.7184249,6.74959123,0,0,-1.25745757,49.5766515,-2.75981435,71.3813098,-7.30440237,-7.85512138,-22.9675783,-7.86058297,-53.6885346,6.62995406,73.2253038,5.98958285,-3.25209447,23.3514315,-34.4900272,0.426689788,-7.55355999,78.639506,-6.76425309,-8.52539943,-6.35808692,2.08194795,-7.4621473,20.6665661,-10.4950467,-7.1478062
277,-1.91224571,-9.36819315,105.616641,4.01652258,-3.79129501,-2.67219819,-0.602964404,1.7266604,6.73677822,0,0,-1.25205361,49.7042462,-2.52134512,71.4838719,-7.41359746,-8.01744083,-23.1677899,-7.80793673,-53.8623629,6.43311612,73.2377689,5.70613768,-3.396798,23.047652,-34.635336,0.43117178,-7.54404639,79.0494812,-6.83681275,-8.49099492,-6.34366199,2.0740943,-7.47849877,20.6444073,-10.4926869,-7.14120098
278,-1.9158015,-9.38789696,105.616879,4.04728099,-3.78089411,-2.65719425,-0.609040338,1.69764085,6.71515,0,0,-1.26623468,49.8520037,-2.4351539,71.5650009,-7.31322612,-7.97081112,-23.1068254,-7.81448432,-54.0433459,6.48852134,73.2660664,6.0576888,-3.28369989,23.2126079,-34.7746412,0.361892611,-7.57821612,79.4351547,-6.82182518,-8.41908071,-6.34080654,2.04837352,-7.50451753,20.61389,-10.504428,-7.12796279
279,-1.91750377,-9.40981284,105.622232,4.06268257,-3.77632696,-2.65922123,-0.595805832,1.69142026,6.6988092,0,0,-1.22528813,50.0129059,-2.32525658,71.5836883,-7.49552729,-7.96795013,-23.2204661,-7.72166973,-54.1759233,6.30673286,73.2218341,6.2031778,-3.23476073,23.2457856,-34.9307246,0.3535343,-7.60646407,79.8347686,-6.80767644,-8.4125391,-6.32502198,2.04461243,-7.51218527,20.5740375,-10.4967312,-7.15471963
280,-1.92024149,-9.43246111,105.626702,4.07902516,-3.77739458,-2.661347,-0.579261887,1.67427499,6.69449209,0,0,-1.20414986,50.2018392,-2.27241055,71.6240889,-7.4045338,-8.16876025,-23.1914258,-7.69336884,-54.385774,6.15451356,73.2514429,5.72497278,-3.34861016,23.1861563,-35.0879829,0.348049098,-7.6354642,80.2401266,-6.821616,-8.49976403,-6.31328387,2.0403267,-7.50636765,20.5546347,-10.4990441,-7.17922891
281,-1.92294102,-9.45236832,105.62768,4.10036048,-3.77114204,-2.65174139,-0.58083299,1.64917052,6.67802365,0,0,-1.15215526,50.4130594,-2.19813801,71.5837361,-7.39963656,-7.98634297,-23.3360158,-7.68340872,-54.4421572,5.8541291,73.3223949,5.96301896,-3.29359,23.39613,-35.2180024,0.320696165,-7.66401183,80.5909593,-6.85972248,-8.50708684,-6.30391925,2.02928656,-7.51458949,20.5194746,-10.5036544,-7.19062935
282,-1.92494188,-9.46608707,105.63587,4.12400854,-3.77041253,-2.65654758,-0.581527962,1.63556147,6.67642624,0,0,-1.13941451,50.5363033,-2.05626708,71.6662175,-7.45298716,-8.03278485,-23.3841737,-7.67239418,-54.583911,5.70477719,73.3397026,5.72452156,-3.32545219,23.4099936,-35.3641889,0.289705195,-7.68915547,80.9790711,-6.85288461,-8.41012292,-6.29769951,2.0100013,-7.50552754,20.5033878,-10.4934629,-7.20731038
283,-1.92715432,-9.48882028,105.633712,4.14504695,-3.76940284,-2.66352186,-0.600989572,1.62197057,6.672507,0,0,-0.99745628,50.3976095,-2.30973306,71.5522353,-8.53812493,-7.85563535,-21.7998379,-7.68319186,-54.7180081,5.65011604,73.3091102,5.49031779,-3.29190871,23.151616,-35.5035965,0.277313391,-7.70938137,81.3378337,-6.90556116,-8.52164966,-6.27927806,2.00325606,-7.50396001,20.4669026,-10.5045014,-7.23619184
284,-1.92382429,-9.50922221,105.647779,4.21756445,-3.76961435,-2.65882408,-0.57040105,1.56785488,6.66510606,0,0,-1.00570309,50.5860988,-2.31467854,71.5568593,-8.46624573,-7.74828612,-21.9786591,-7.61938082,-54.8862698,5.51640826,73.3128327,5.78791511,-3.32324882,23.487424,-35.615656,0.18885309,-7.71108464,81.6662155,-6.80836245,-8.50065707,-6.30585945,1.91810644,-7.53002914,20.5216124,-10.518137,-7.25023897
285,-1.92999374,-9.52426642,105.657566,4.2372581,-3.75723419,-2.65545261,-0.582265142,1.55371126,6.64662613,0,0,-0.886746598,50.3756811,-2.3212686,71.4322562,-9.37893317,-7.57004892,-20.4513913,-7.6397843,-55.0204352,5.4916215,73.3648719,5.45312229,-3.3249013,23.3065059,-35.7213873,0.183106406,-7.71145006,81.9509524,-6.9056094,-8.46216298,-6.30950549,1.90501425,-7.52543242,20.4884109,-10.4865184,-7.23541576
286,-1.93292312,-9.53997299,105.669498,4.25677954,-3.75593306,-2.66133962,-0.571703962,1.54844956,6.64607032,0,0,-0.936993098,50.6066542,-2.39400094,71.5561627,-9.24131169,-7.65973187,-20.8715077,-7.57276221,-55.152029,5.32199333,73.339204,5.66558984,-3.31253439,23.4217244,-35.8624478,0.143529395,-7.77362271,82.2790337,-6.83221048,-8.59100596,-6.29886064,1.8931167,-7.5140038,20.4597463,-10.4512473,-7.23008309
287,-1.93936974,-9.55612063,105.675066,4.28146688,-3.75455469,-2.66399255,-0.583328144,1.53400136,6.65010611,0,0,-0.816470461,50.4265695,-2.39113162,71.4457526,-9.98247601,-7.39990464,-19.3467021,-7.58454685,-55.2636548,5.16358587,73.3920629,5.89287292,-3.33436239,23.7882716,-35.975204,0.131308586,-7.76163146,82.5838173,-6.84486084,-8.47344901,-6.29834155,1.87307821,-7.50814606,20.445589,-10.4386251,-7.21093038
288,-1.94436684,-9.57988128,105.676758,4.29969594,-3.74934525,-2.66572996,-0.551900949,1.51114648,6.64983333,0,0,-0.855170153,50.5342337,-2.2588347,71.492116,-10.0564692,-7.38202064,-19.3421549,-7.53665698,-55.2606905,4.7855063,73.5053415,5.43745554,-3.4870788,23.4557319,-36.0729303,0.14381717,-7.77910564,82.8579606,-6.9398914,-8.57829839,-6.28877331,1.86766101,-7.49438152,20.4093378,-10.4156731,-7.22995673
289,-1.94741283,-9.59187821,105.687797,4.32251543,-3.75310485,-2.66139058,-0.55599965,1.49109187,6.64517087,0,0,-0.813180124,50.6043559,-2.09604162,71.482984,-9.8620333,-7.30084982,-19.1434015,-7.50720179,-55.4823472,4.89171489,73.4523461,5.66429253,-3.39037079,23.5293699,-36.2278151,0.107919437,-7.81598696,83.1936848,-6.82906347,-8.52087358,-6.27198897,1.84523089,-7.47951476,20.3822817,-10.3895886,-7.21437109
290,-1.95245743,-9.60382372,105.694354,4.34055483,-3.74757259,-2.64051468,-0.549523457,1.48033988,6.63386221,0,0,-0.910477877,51.1150218,-2.06343174,71.6779108,-9.08348395,-7.60166928,-20.779587,-7.43585022,-55.5170616,4.64009456,73.4952055,5.95626305,-3.38026169,23.6814116,-36.3301382,0.101287923,-7.82962941,83.462084,-6.92168809,-8.62170339,-6.25999729,1.83036242,-7.49817655,20.3388092,-10.3757165,-7.2154827
291,-1.95330698,-9.61651355,105.706096,4.36177639,-3.74646622,-2.61656995,-0.542866904,1.45347706,6.62297404,0,0,-1.0923957,51.8861775,-1.56364289,72.0796352,-7.14064219,-8.29062534,-24.0071177,-7.36633341,-55.5713548,4.42017442,73.5266517,5.52210891,-3.3641879,23.4384276,-36.4937929,0.0776683622,-7.86510712,83.787201,-6.81619539,-8.58000936,-6.24058504,1.81044473,-7.51455107,20.29714,-10.3602153,-7.20710377
292,-1.95419397,-9.63258892,105.714297,4.38654635,-3.73783016,-2.61666392,-0.519272495,1.44195432,6.60914461,0,0,-1.12780713,51.9897949,-1.64192294,72.0908777,-7.31632191,-8.22640449,-23.8572002,-7.30112474,-55.6835373,4.25892177,73.5265766,5.52927377,-3.30900403,23.6429577,-36.5897264,0.0559535167,-7.89060251,84.036619,-6.86761861,-8.64412947,-6.22250809,1.79357395,-7.50443044,20.2425753,-10.3305006,-7.20233886
293,-1.95809323,-9.65140909,105.719554,4.42745416,-3.73332876,-2.60567992,-0.467516363,1.40372511,6.60099577,0,0,-1.17848874,52.1654161,-1.76945079,72.1008293,-7.27919812,-8.22054419,-23.7858572,-7.20165498,-55.8108486,4.15271233,73.5496763,5.43371943,-3.35326707,23.5736978,-36.7442935,0.0194597692,-7.90496042,84.3511902,-6.78089911,-8.56032475,-6.19564453,1.75709765,-7.50546009,20.1787199,-10.3364036,-7.22948288
294,-1.96182486,-9.66110677,105.734861,4.44489301,-3.72164589,-2.58574554,-0.458742078,1.39454875,6.57765488,0,0,-1.1791788,52.2582418,-1.82659407,72.1166411,-7.25001955,-8.19079103,-23.7600288,-7.11022479,-55.9065122,4.21317487,73.4878494,5.78598772,-3.2850862,23.5954537,-36.824258,0.010164653,-7.91661443,84.5537258,-6.86410618,-8.59150286,-6.18276066,1.74248574,-7.51738731,20.1197787,-10.2919818,-7.19938992
295,-1.96421966,-9.67125446,105.748761,4.47049567,-3.72340362,-2.57925636,-0.433212539,1.37586039,6.58198138,0,0,-1.28697477,52.3433972,-1.90778838,72.2043749,-7.21695973,-8.26296905,-23.7554884,-7.06797367,-55.9780379,4.23179653,73.4912372,6.07916163,-3.26341487,23.8166118,-37.0142329,-0.0421966552,-7.98062611,84.9009589,-6.65786563,-8.56185642,-6.1530472,1.71845788,-7.54188976,20.0608974,-10.2616472,-7.18270975
296,-1.97014641,-9.680181,105.752468,4.49613204,-3.70526489,-2.53923704,-0.45864112,1.3609868,6.54819414,0,0,-1.24615916,52.4379475,-1.80364229,72.2007481,-7.26590743,-8.24480587,-24.0083147,-7.04504003,-56.053474,3.99151389,73.5657614,5.51856276,-3.36559748,23.6245998,-37.1046304,-0.0819749766,-8.00269018,85.1139311,-6.80900022,-8.49301751,-6.14963894,1.69008442,-7.58783644,20.0006193,-10.26601,-7.18379916
297,-1.97609868,-9.69474465,105.756593,4.52548316,-3.69319081,-2.51489415,-0.450062029,1.34077542,6.5353235,0,0,-1.28856769,52.5124341,-1.9841866,72.2118472,-7.42708794,-8.22413857,-23.8763128,-6.97998461,-56.1358904,3.80616262,73.6049325,5.32428486,-3.41547345,23.7004047,-37.2472277,-0.113989347,-8.03051893,85.3864829,-6.78598333,-8.54366507,-6.13011911,1.6594872,-7.62469812,19.9237984,-10.2509818,-7.16533033
298,-1.98146831,-9.70513895,105.757952,4.56063334,-3.68425171,-2.49191528,-0.451432389,1.329596,6.52782054,0,0,-1.27540923,52.5947037,-1.86016509,72.2196472,-7.38505069,-8.18430064,-23.9409827,-6.92467843,-56.2170092,3.6747882,73.6248016,5.30253753,-3.41691291,23.7029387,-37.4415261,-0.173104328,-8.0780912,85.7091001,-6.63177047,-8.4812636,-6.10302204,1.62064167,-7.65873807,19.8387421,-10.2526134,-7.14628819
299,-1.99082214,-9.71687883,105.76303,4.57948181,-3.67432983,-2.47268522,-0.460906341,1.32119668,6.51370382,0,0,-1.26578933,52.6501683,-1.67030174,72.2325016,-7.12786504,-8.22643608,-23.9276331,-6.87287486,-56.2650459,3.61361531,73.6151027,5.5600711,-3.32101855,23.7999547,-37.5771156,-0.148587777,-8.08626523,85.9688522,-6.72290397,-8.50563372,-6.08965408,1.6015355,-7.70633254,19.7690263,-10.2213499,-7.11605777
300,-1.9912824,-9.72219631,105.77538,4.59797223,-3.66971017,-2.46227818,-0.463391676,1.32341788,6.51200438,0,0,-1.27453166,52.6991578,-1.62818103,72.2439832,-6.99333976,-8.31638625,-23.8246731,-6.8472164,-56.3446244,3.51533572,73.6273902,5.5982621,-3.24702839,23.9340347,-37.7297225,-0.15310536,-8.10477504,86.2590123,-6.64109111,-8.53420782,-6.06901069,1.57893696,-7.7466742,19.7112293,-10.1803517,-7.07496821
301,-1.99662317,-9.72722545,105.77538,4.62766249,-3.66339713,-2.44831043,-0.474963457,1.3247407,6.51527775,0,0,-1.29579734,52.7311334,-1.60210699,72.2954145,-7.0085681,-8.35370982,-23.7981191,-6.87423194,-56.4298276,3.44324841,73.716613,5.53293689,-3.31620433,23.9460285,-37.9175766,-0.166198993,-8.12312007,86.581042,-6.53582723,-8.44505677,-6.04616926,1.54462007,-7.79825579,19.6360272,-10.1823606,-7.05385439
302,-2.00206786,-9.73363295,105.774796,4.64940335,-3.65576339,-2.43677607,-0.463100913,1.32734108,6.51830865,0,0,-1.31591364,52.755664,-1.53967074,72.3027092,-7.02950647,-8.33959524,-23.8509916,-6.83287557,-56.4641323,3.19910074,73.7601622,5.28885026,-3.32691684,24.0582707,-38.0677144,-0.155183299,-8.13328169,86.882069,-6.53236091,-8.47441122,-6.0328871,1.51847432,-7.85672306,19.5825861,-10.1637313,-7.00393552
303,-2.00465862,-9.73498076,105.77718,4.67503477,-3.6472992,-2.44544647,-0.443480821,1.33913713,6.50469138,0,0,-1.35786188,52.808615,-1.55334168,72.3694538,-7.01883174,-8.34896882,-23.8623006,-6.79808301,-56.5102941,3.12289333,73.8035203,5.10777469,-3.30614602,23.9898203,-38.2297402,-0.16011691,-8.1365764,87.1878224,-6.45155891,-8.46136043,-6.00895113,1.48727753,-7.89279585,19.5078006,-10.1477973,-6.95975871
304,-2.01472789,-9.73075479,105.794406,4.69146804,-3.63251167,-2.4364474,-0.438783705,1.35742881,6.49247175,0,0,-1.30812007,52.8229823,-1.49328404,72.3163149,-7.01987846,-8.36403109,-23.7368728,-6.78953503,-56.5254674,3.05343479,73.8569187,5.03367269,-3.29419789,23.774198,-38.3515873,-0.141542624,-8.12800707,87.4352665,-6.53170563,-8.27887998,-6.00960555,1.46020768,-7.94626086,19.4561285,-10.0880955,-6.94514638
305,-2.01480985,-9.73167717,105.807436,4.70708923,-3.63393237,-2.4527646,-0.405384801,1.36389721,6.49461984,0,0,-1.31100551,52.8950579,-1.53583335,72.323589,-7.1333706,-8.34550847,-23.8524549,-6.77650218,-56.6157727,3.14298049,73.8991703,4.9303823,-3.33966112,23.6440454,-38.5129949,-0.136278349,-8.14113982,87.7600966,-6.41368893,-8.31397007,-5.98718759,1.44308205,-7.96542467,19.4132366,-10.0513363,-6.92157027
306,-2.02617254,-9.73575413,105.815315,4.72305806,-3.6320918,-2.45463101,-0.391038415,1.36761934,6.49911069,0,0,-1.31149216,52.9084246,-1.3677218,72.3335816,-7.11499141,-8.30269941,-23.9903069,-6.78231125,-56.6670162,3.15227104,73.9517559,4.91495333,-3.36923904,23.7339768,-38.6121556,-0.104441757,-8.12964803,88.0197531,-6.53403131,-8.31789743,-5.99026629,1.42478899,-7.98195372,19.3988625,-10.0336205,-6.91435588
307,-2.02872157,-9.73499939,105.819058,4.75435648,-3.64312899,-2.48416795,-0.351162624,1.35946004,6.5171155,0,0,-1.31318583,52.9460897,-1.45842681,72.3424882,-7.20053569,-8.27994122,-23.8128928,-6.76814629,-56.7491219,3.23047884,73.9693231,5.08808966,-3.31422614,23.9251469,-38.7735257,-0.102695443,-8.11562906,88.362772,-6.4466574,-8.2868952,-5.9658044,1.39124838,-7.94623525,19.3746393,-10.0402124,-6.92309554
308,-2.04196963,-9.74386334,105.822349,4.79085791,-3.63142736,-2.49201003,-0.328144219,1.33030837,6.51486281,0,0,-1.33777216,53.0136402,-1.55078122,72.3578766,-7.28505842,-8.21333663,-23.8369675,-6.74330916,-56.7835802,3.17253045,73.9872592,5.04452842,-3.32908692,24.0791318,-38.8881021,-0.0701244583,-8.07684127,88.6128321,-6.50287284,-8.36653094,-5.98466853,1.35719242,-7.91167449,19.3644998,-10.0438171,-6.91645659
309,-2.04756185,-9.74456593,105.835772,4.81432186,-3.63700205,-2.50524613,-0.309203037,1.31856781,6.52266759,0,0,-1.3241469,53.0332634,-1.58702081,72.3437996,-7.27653947,-8.195141,-23.7235949,-6.73339514,-56.8065979,3.17575985,74.0026749,5.06846055,-3.34617413,24.2041977,-39.0082041,-0.0630078748,-8.07459926,88.9073635,-6.5106456,-8.35563594,-5.97224527,1.3337256,-7.87478635,19.3449399,-10.0036581,-6.95695279
310,-2.05616802,-9.74809229,105.847096,4.84823212,-3.63758882,-2.5180414,-0.322306462,1.31568813,6.52906534,0,0,-1.27332282,53.0486757,-1.4836888,72.3484851,-7.25099542,-8.24391965,-23.7227582,-6.75807646,-56.8252375,3.15766241,74.016711,5.0126959,-3.32452201,24.2645117,-39.1456139,-0.0649876625,-8.05684675,89.2084041,-6.42586758,-8.21990385,-5.96614207,1.302962,-7.81933717,19.3225437,-9.99290058,-7.01481687
311,-2.06790846,-9.76344347,105.845881,4.87274162,-3.64430425,-2.51476928,-0.314461376,1.26670778,6.54678925,0,0,-1.29125303,53.1097615,-1.53716065,72.3669061,-7.27276323,-8.30538879,-23.6845279,-6.72902596,-56.7700633,3.01568519,74.0325843,4.88617347,-3.31681179,24.2698597,-39.2483775,-0.0470327893,-8.04943087,89.476851,-6.50522115,-8.30182685,-5.96693479,1.28611662,-7.78077306,19.3269304,-10.0158287,-7.10168321
312,-2.07916684,-9.77143124,105.847073,4.90127954,-3.64454511,-2.49256419,-0.336289326,1.23430131,6.55032089,0,0,-1.25976852,53.1331515,-1.52865429,72.3684361,-7.34869871,-8.34709051,-23.7171216,-6.74112265,-56.7385932,2.98285332,74.0624801,4.86977632,-3.32028003,24.2762733,-39.3495326,-0.0601370542,-8.05291256,89.7620114,-6.64625943,-8.18157369,-5.9702675,1.25884975,-7.75417716,19.3226291,-10.0290707,-7.13932182
313,-2.08191592,-9.77984294,105.850983,4.92500563,-3.65535767,-2.48163814,-0.345612268,1.19719662,6.56224597,0,0,-1.23849451,53.1741258,-1.4652713,72.3854159,-7.34328408,-8.33381775,-23.7410101,-6.74385814,-56.7048725,2.92453268,74.0973619,4.77822105,-3.32351285,24.3199489,-39.4904394,-0.0927266548,-8.09370245,90.0726552,-6.54049908,-8.20309561,-5.95486243,1.23644396,-7.71569075,19.3182441,-10.0459575,-7.17123503
314,-2.09437776,-9.78848413,105.851972,4.94189287,-3.65998116,-2.44283472,-0.391215627,1.18221332,6.56843284,0,0,-1.22519208,53.1926766,-1.55042637,72.3912967,-7.52546145,-8.31481019,-23.7130508,-6.78387323,-56.6819743,2.95546853,74.1510881,4.83763729,-3.32972426,24.3378474,-39.6132121,-0.0895812994,-8.11362099,90.3734158,-6.65488938,-8.23298708,-5.95065675,1.21989441,-7.70941125,19.3108794,-10.0602505,-7.22250755
315,-2.09957939,-9.79013816,105.858052,4.95643805,-3.67637507,-2.40036797,-0.437860643,1.16915784,6.58228916,0,0,-1.23879547,53.1933391,-1.51143805,72.4506374,-7.55860579,-8.32798562,-23.7910925,-6.80525727,-56.6885586,3.02596676,74.1772819,4.88665116,-3.32821351,24.4116732,-39.7496895,-0.14855504,-8.19203668,90.678855,-6.6356466,-8.27833271,-5.93824074,1.19922391,-7.72513178,19.3224873,-10.0644186,-7.26043132
316,-2.10871436,-9.79568958,105.856025,4.97026049,-3.68802951,-2.37163638,-0.455098333,1.15486375,6.59769124,0,0,-1.25611469,53.1778448,-1.45679824,72.4773025,-7.55371879,-8.29994513,-23.7841035,-6.79130704,-56.6681671,2.96449633,74.1931484,4.76986517,-3.3206749,24.3707741,-39.8827279,-0.182198058,-8.23520945,91.003289,-6.59199145,-8.24578173,-5.9302554,1.1848184,-7.73718877,19.3258256,-10.0911938,-7.29509539
317,-2.11816356,-9.79953334,105.858946,4.97685765,-3.70272787,-2.33456058,-0.483950706,1.1530355,6.611364,0,0,-1.27204387,53.1570298,-1.42549783,72.5016794,-7.51741207,-8.28576054,-23.7495889,-6.77548875,-56.6701991,2.95515071,74.1984008,4.71685223,-3.2954301,24.3908446,-40.0108964,-0.232101727,-8.32535088,91.3270673,-6.6579762,-8.36618943,-5.92152642,1.17440588,-7.74641636,19.3356559,-10.097966,-7.3290013
318,-2.12632399,-9.81225893,105.861533,4.99660997,-3.71570829,-2.28545592,-0.498567737,1.09239986,6.6244643,0,0,-1.3245947,53.1785586,-1.42682492,72.5376267,-7.42997882,-8.26967544,-23.7174716,-6.72422818,-56.6100593,2.8133133,74.2259402,4.58801821,-3.31379712,24.3934503,-40.165327,-0.296395339,-8.40233308,91.655654,-6.55006774,-8.34765913,-5.92571119,1.15010354,-7.75522645,19.3682513,-10.1082864,-7.33978361
319,-2.13561803,-9.8191306,105.85494,5.00606603,-3.72022571,-2.23800698,-0.544803796,1.0875024,6.61501772,0,0,-1.33360041,53.1814477,-1.45092812,72.5770642,-7.39322898,-8.27030638,-23.6843486,-6.69650785,-56.612443,2.81109754,74.2335627,4.64076691,-3.29653872,24.4024866,-40.2566671,-0.328487543,-8.45403676,91.9567834,-6.69342018,-8.44855981,-5.93159113,1.13984246,-7.76426279,19.3832607,-10.1456023,-7.36034077
320,-2.14542672,-9.82159972,105.858421,5.0165038,-3.73016817,-2.1882958,-0.572410994,1.08783398,6.61888702,0,0,-1.37814787,53.190566,-1.464082,72.6140292,-7.23168818,-8.27924112,-23.7061881,-6.6206061,-56.6041955,2.65872136,74.2259675,4.50379728,-3.29965094,24.3626564,-40.3939505,-0.381704615,-8.50502242,92.2705828,-6.65382088,-8.25659648,-5.93530803,1.12218845,-7.76689497,19.4053734,-10.1576934,-7.41521792
321,-2.15738099,-9.8285228,105.857003,5.02116319,-3.74371724,-2.13879469,-0.585448384,1.08383928,6.63522612,0,0,-1.445736,53.1992062,-1.54917676,72.6310637,-7.19477442,-8.24861797,-23.6616553,-6.55698246,-56.6017196,2.64755037,74.2312609,4.62786895,-3.31314825,24.3580528,-40.5053338,-0.425041872,-8.57329613,92.5838904,-6.78003594,-8.24700519,-5.93991713,1.11562336,-7.77337426,19.4322485,-10.1836934,-7.43551469
322,-2.16941535,-9.84059423,105.852175,5.03758571,-3.75363782,-2.08573236,-0.605643546,1.06522563,6.63905102,0,0,-1.51422551,53.21426,-1.58722465,72.6565608,-7.07177723,-8.24344496,-23.6421995,-6.47414678,-56.6182794,2.67502694,74.2054428,4.729979,-3.33345376,24.3156801,-40.6620081,-0.495055259,-8.65126531,92.9247441,-6.74989048,-8.21309757,-5.93289228,1.10119351,-7.79373335,19.4300526,-10.2153436,-7.52320236
323,-2.1759877,-9.84279737,105.853701,5.04580963,-3.76988038,-2.04263126,-0.621435423,1.06292044,6.64894797,0,0,-1.56203385,53.1944114,-1.58853733,72.6763547,-6.98779066,-8.24301807,-23.6261503,-6.4174895,-56.629358,2.66150295,74.1922878,4.73539961,-3.33057932,24.2881117,-40.7758844,-0.565658871,-8.70101982,93.2409068,-6.74417105,-8.13785365,-5.93155313,1.08426382,-7.81839118,19.4578941,-10.2249375,-7.52529496
324,-2.18506753,-9.8540619,105.844617,5.05386314,-3.78544427,-1.98931301,-0.638080541,1.04706704,6.6544706,0,0,-1.63664961,53.2002615,-1.65856107,72.6992495,-6.94555363,-8.26089694,-23.5827239,-6.33318448,-56.6282412,2.5913631,74.175185,4.70367466,-3.32309642,24.2778835,-40.9036021,-0.645127322,-8.78992754,93.571324,-6.74357682,-8.23539814,-5.92875446,1.07655521,-7.84889396,19.4837652,-10.2715134,-7.54392772
325,-2.20000222,-9.86455679,105.844879,5.06501657,-3.79298928,-1.92059366,-0.664731726,1.02567435,6.65736233,0,0,-1.70536675,53.2306319,-1.74641246,72.7109496,-6.87650127,-8.26671029,-23.593519,-6.25216349,-56.6212403,2.49293559,74.1757178,4.61649498,-3.3265145,24.2905501,-41.0018783,-0.710012145,-8.83732649,93.8355499,-6.81913451,-8.07988839,-5.93930796,1.05806119,-7.89914195,19.5053349,-10.2827047,-7.57457734
326,-2.20583845,-9.87615958,105.847561,5.06358343,-3.82101972,-1.88220316,-0.650759773,1.01707536,6.68277192,0,0,-1.80846867,53.2575565,-1.88794262,72.7328745,-6.89423713,-8.27457354,-23.5668608,-6.1541332,-56.5948826,2.35802996,74.1802462,4.52358391,-3.29225107,24.2754451,-41.1391071,-0.801275372,-8.9459837,94.1720255,-6.64512605,-8.23579685,-5.92832758,1.05682727,-7.92747614,19.5454896,-10.2815734,-7.58285638
327,-2.21536458,-9.89024714,105.8442,5.06623259,-3.8349957,-1.83240712,-0.673533545,0.994887702,6.68990178,0,0,-1.84349837,53.2833644,-1.91782641,72.7205255,-6.93729337,-8.25759028,-23.5951361,-6.07061707,-56.5682722,2.20139793,74.1684095,4.40087402,-3.23913226,24.303326,-41.2234189,-0.843997191,-8.98903524,94.4393386,-6.74043536,-8.20911472,-5.93111643,1.05417342,-7.96791342,19.5746374,-10.3047559,-7.62202666
328,-2.21710354,-9.89980996,105.839837,5.07200261,-3.85824728,-1.80605609,-0.667100948,0.969493699,6.70881159,0,0,-1.87651102,53.3203601,-2.06749976,72.6768464,-7.13410826,-8.20661658,-23.5706072,-6.00254612,-56.5372324,2.11053166,74.1840506,4.38271169,-3.21852921,24.3090104,-41.3569423,-0.941282457,-9.08194032,94.765808,-6.50900251,-8.26973862,-5.91463476,1.04914619,-7.98350332,19.5998374,-10.3359212,-7.65098581
329,-2.22252347,-9.91080552,105.837524,5.07821635,-3.88143742,-1.76715886,-0.6702788,0.943824461,6.7349695,0,0,-1.91685631,53.3320602,-2.12395853,72.6707334,-7.24717222,-8.23599663,-23.5730899,-5.93595092,-56.5056803,1.97394345,74.1914682,4.29094383,-3.19499238,24.2915644,-41.4754905,-1.02099599,-9.14214673,95.0458252,-6.28141719,-8.1781159,-5.90018421,1.04163064,-8.00522503,19.6230054,-10.3540613,-7.67535166
330,-2.23338287,-9.92725343,105.831301,5.08098149,-3.89665277,-1.74003868,-0.686265765,0.923458545,6.74897054,0,0,-1.92030747,53.3443819,-2.16998333,72.6559529,-7.3136957,-8.24598835,-23.5155575,-5.92144573,-56.4538255,1.83839259,74.234956,4.13339911,-3.20957163,24.2405463,-41.5621382,-1.06587375,-9.19058217,95.2959536,-6.21539701,-8.24756527,-5.90131503,1.04425225,-8.00438407,19.6508948,-10.3757446,-7.715012
331,-2.2383634,-9.94081646,105.822921,5.08386205,-3.91655233,-1.70911727,-0.695839129,0.908836283,6.76290882,0,0,-1.90871152,53.3631786,-2.15988596,72.6318287,-7.32218136,-8.24113464,-23.5117326,-5.89473244,-56.4458683,1.82305518,74.2626114,4.09241115,-3.21117203,24.2270515,-41.670045,-1.13266991,-9.24195458,95.5577001,-6.10669413,-8.27083145,-5.88856051,1.0433575,-8.00370532,19.6730792,-10.4126567,-7.74472333
332,-2.23965459,-9.95585397,105.821061,5.08883026,-3.93212765,-1.67923929,-0.695468057,0.876041184,6.76266635,0,0,-1.93450594,53.354593,-2.15091558,72.6361385,-7.35389905,-8.24876994,-23.5184331,-5.84498689,-56.3841815,1.68632184,74.292193,3.9430379,-3.21609105,24.166741,-41.7745161,-1.17975414,-9.28928608,95.8091604,-5.93646916,-8.18531065,-5.86986543,1.04259423,-8.02524688,19.6749661,-10.4213396,-7.76945032
333,-2.24504508,-9.9727802,105.816984,5.0860527,-3.9421431,-1.64154267,-0.72811935,0.861291123,6.75172481,0,0,-1.89924936,53.3531143,-2.09462991,72.6210165,-7.37081743,-8.24022452,-23.5601792,-5.83481162,-56.3588176,1.68641639,74.3168636,3.8794736,-3.22277076,24.2295565,-41.852172,-1.217357,-9.33026978,96.0117164,-5.87538721,-8.1942471,-5.86865264,1.0495337,-8.04543606,19.6939694,-10.4383015,-7.82166455
334,-2.25792527,-9.98804122,105.814242,5.09012119,-3.94030083,-1.58975593,-0.740449976,0.838582825,6.73263742,0,0,-1.93177664,53.3282865,-2.07396496,72.6304011,-7.33015816,-8.28538573,-23.5600289,-5.80056633,-56.3147458,1.62647049,74.3585961,3.89928499,-3.22965217,24.2584277,-41.8844685,-1.2715871,-9.34848077,96.1465717,-6.04132238,-8.19593843,-5.88149596,1.04949421,-8.07537961,19.700178,-10.4433285,-7.83798529
335,-2.26106644,-10.0033507,105.80858,5.09182545,-3.95071626,-1.54872599,-0.746463797,0.817233895,6.72033924,0,0,-1.98051474,53.3324803,-2.08980907,72.6649892,-7.30212194,-8.33666765,-23.595913,-5.7668158,-56.2631574,1.6431718,74.394557,4.17685192,-3.22999774,24.4512149,-41.9603314,-1.31874069,-9.37216531,96.3290607,-6.02651112,-8.16783562,-5.87013906,1.05041319,-8.10019454,19.7016516,-10.4612782,-7.85576256
336,-2.26865914,-10.0158282,105.806029,5.1013006,-3.95324253,-1.50506555,-0.741620499,0.797214931,6.70123563,0,0,-2.02701018,53.3097289,-2.01255985,72.6645111,-7.20468332,-8.34184237,-23.6262681,-5.7197558,-56.2297919,1.63115387,74.4316245,4.20575515,-3.2307529,24.5028682,-42.0122409,-1.40003638,-9.39822333,96.4750833,-6.02076736,-8.04869833,-5.87648388,1.03837178,-8.12495569,19.7118662,-10.4758411,-7.86802361
337,-2.2734046,-10.0329004,105.80312,5.10496495,-3.95774999,-1.46331799,-0.73595411,0.771893979,6.69293566,0,0,-2.05788413,53.3054908,-1.95984616,72.6314871,-7.14865314,-8.31512181,-23.6248628,-5.67703638,-56.1820011,1.54033348,74.4665472,4.23844187,-3.23924539,24.6532587,-42.0544822,-1.49270252,-9.45109924,96.6242205,-6.04406001,-8.16920165,-5.87242291,1.04040344,-8.14946155,19.7144395,-10.4854341,-7.90442083
338,-2.28184629,-10.0421533,105.803311,5.11657451,-3.95333724,-1.41592405,-0.739505222,0.740826383,6.66903299,0,0,-2.08832052,53.291909,-1.95188899,72.6023017,-7.10294253,-8.27477162,-23.6252794,-5.63128521,-56.1650929,1.55329985,74.4857264,4.15095227,-3.24310637,24.6042316,-42.0516032,-1.58376153,-9.4534087,96.7003634,-6.20988633,-8.04573745,-5.88876413,1.0256608,-8.18881796,19.7268021,-10.5060194,-7.90245715
339,-2.28802469,-10.05105,105.808079,5.10944592,-3.96041396,-1.39630729,-0.729918037,0.746577082,6.66687849,0,0,-2.12529063,53.2938522,-1.98653405,72.5812648,-7.1320481,-8.20920351,-23.6534659,-5.62165891,-56.1461152,1.5382697,74.5239618,4.2886284,-3.23784627,24.7912917,-42.0566166,-1.63280464,-9.46234429,96.7825443,-6.25890276,-8.05226967,-5.89756782,1.03574632,-8.20138807,19.7539436,-10.4858413,-7.91052361
340,-2.28620116,-10.0651547,105.804229,5.11266139,-3.97034178,-1.37562897,-0.717163353,0.724691449,6.65696277,0,0,-2.15450719,53.3088273,-2.07528638,72.5575982,-7.17026514,-8.14619245,-23.6031052,-5.59922601,-56.1158609,1.51305445,74.5515558,4.14799651,-3.24161696,24.7505548,-42.10535,-1.74268819,-9.51086937,96.8990673,-6.08399314,-8.13698536,-5.87822857,1.03838448,-8.21454643,19.7475847,-10.4881277,-7.90481271
341,-2.28964332,-10.0784853,105.797458,5.11655806,-3.97554912,-1.35705208,-0.709030945,0.701002592,6.65335557,0,0,-2.16820535,53.2768894,-2.03289908,72.5393889,-7.08310851,-8.15181882,-23.5245973,-5.61622166,-56.1000149,1.5484565,74.6011976,4.11564019,-3.23347815,24.7685609,-42.119871,-1.83106529,-9.52953372,96.9816921,-6.10169955,-8.21980311,-5.87723862,1.03735302,-8.22316271,19.757263,-10.5144017,-7.92349072
342,-2.29571424,-10.087166,105.798674,5.11765463,-3.97766091,-1.3435111,-0.685289368,0.691142733,6.6448887,0,0,-2.2496165,53.2900204,-2.18088581,72.5733827,-7.06506785,-8.17626321,-23.4890018,-5.59737716,-56.062541,1.42617007,74.6384563,3.95915757,-3.23675771,24.7556894,-42.1191811,-1.88604276,-9.51934734,97.0277754,-6.13387358,-8.24452583,-5.88282913,1.03986492,-8.23284962,19.7643494,-10.499529,-7.89612898
343,-2.30092071,-10.0998729,105.798507,5.12029337,-3.9800897,-1.33118983,-0.672654959,0.666076046,6.63178541,0,0,-2.26881296,53.296311,-2.22445409,72.5743458,-7.06210184,-8.21902361,-23.5135153,-5.59788132,-56.0382768,1.43682634,74.6602719,3.88427565,-3.24634857,24.7186151,-42.1248058,-1.92354391,-9.49589333,97.0729776,-6.14412868,-8.20581061,-5.88521841,1.04448918,-8.25035369,19.7670712,-10.4937601,-7.90287123
344,-2.30590738,-10.1148076,105.795503,5.11416129,-3.98714837,-1.33104744,-0.654814291,0.657134208,6.62902388,0,0,-2.28639494,53.2869332,-2.25066494,72.5839149,-7.11593526,-8.23811058,-23.6293809,-5.59823862,-56.0451685,1.44045872,74.6679627,3.78978297,-3.23404783,24.7550542,-42.1339719,-1.93141165,-9.47868296,97.1199898,-6.17416017,-8.27231019,-5.89054553,1.05926544,-8.25585456,19.7885333,-10.5045791,-7.88240713
345,-2.30379291,-10.12666,105.796587,5.11445368,-3.9963467,-1.34465137,-0.623646164,0.639369099,6.62197384,0,0,-2.29034428,53.2843104,-2.28387524,72.5661769,-7.05312526,-8.28106051,-23.6954494,-5.59620365,-56.0388744,1.50062351,74.6698478,3.8480893,-3.21676275,24.7547314,-42.1445792,-1.97509434,-9.46446592,97.1656291,-6.07100212,-8.29517595,-5.87727021,1.06826827,-8.25923123,19.7896518,-10.4995777,-7.87812973
346,-2.30841562,-10.1396069,105.78841,5.11846962,-3.99301825,-1.35642476,-0.600080784,0.632250601,6.60222563,0,0,-2.29057352,53.2786038,-2.43942447,72.539744,-7.06566506,-8.27007416,-23.5287347,-5.60659109,-56.0540136,1.49010854,74.6842663,3.73651816,-3.23146004,24.777896,-42.128798,-1.98496674,-9.4264747,97.1676918,-6.15783389,-8.31945045,-5.87991861,1.07429239,-8.26385868,19.7807213,-10.5078132,-7.86480744
347,-2.31521018,-10.1464346,105.788159,5.12021578,-3.99791286,-1.38121804,-0.553073554,0.623931164,6.60747463,0,0,-2.27897479,53.2031165,-2.31072172,72.5117198,-6.97607475,-8.28517741,-23.455708,-5.59722861,-56.0560011,1.45160794,74.6733517,3.60858232,-3.21948544,24.7687214,-42.1080445,-2.00498005,-9.3904335,97.1570231,-6.1390355,-8.27416629,-5.88629203,1.07987831,-8.24740134,19.7947915,-10.5079267,-7.8392762
348,-2.31830478,-10.1487704,105.796278,5.1200778,-4.00235552,-1.40470095,-0.528367799,0.61950883,6.60969658,0,0,-2.25860397,53.1652773,-2.2196134,72.4796998,-6.99280616,-8.24601055,-23.4187413,-5.63761936,-56.0685584,1.46427271,74.6741099,3.43749526,-3.20604939,24.7751008,-42.090286,-2.02543604,-9.35001842,97.1399271,-6.12459392,-8.20595234,-5.88425493,1.08395967,-8.25366975,19.7950425,-10.4900803,-7.82769561
349,-2.32485197,-10.1562791,105.794394,5.12327599,-4.00373491,-1.4416955,-0.485772499,0.613544154,6.60734614,0,0,-2.23185097,53.1603698,-2.16748497,72.4588405,-7.01133304,-8.22971457,-23.5055582,-5.65992889,-56.0671446,1.49812259,74.6676826,3.40673337,-3.19391364,24.8091612,-42.0800032,-2.02811326,-9.30301306,97.1183983,-6.11885827,-8.21923535,-5.88538618,1.09146893,-8.23108402,19.791957,-10.4863092,-7.83099971
350,-2.33119391,-10.1670213,105.786228,5.13182086,-3.99346967,-1.46152319,-0.473969185,0.600422453,6.57938292,0,0,-2.17873643,53.146887,-2.08988421,72.4545033,-6.89730688,-8.26845625,-23.586612,-5.68904897,-56.0512747,1.44203788,74.6688848,3.19521137,-3.22253554,24.7651697,-42.0593589,-2.03357869,-9.23811857,97.0649726,-6.14503112,-8.11599021,-5.8891176,1.09179133,-8.23181656,19.7677576,-10.5004622,-7.82470826
351,-2.33582743,-10.1742193,105.783856,5.12224099,-3.98678859,-1.48758649,-0.464483493,0.619674515,6.5544459,0,0,-2.12064717,53.1247196,-2.05927215,72.4415601,-6.88576813,-8.28845932,-23.6915459,-5.73230115,-56.0578043,1.54684671,74.6591244,3.28663324,-3.23462818,24.8345832,-42.015031,-2.00505112,-9.1812564,96.9971283,-6.24771832,-8.1045283,-5.90205568,1.1101575,-8.24156153,19.7696069,-10.4850072,-7.78270259
352,-2.34294105,-10.188821,105.777538,5.12472252,-3.98392079,-1.51552589,-0.422932437,0.606966522,6.53405992,0,0,-2.12938682,53.1076612,-2.15708494,72.4600835,-7.02018796,-8.31232571,-23.6642132,-5.74074113,-56.0359682,1.48507426,74.6704284,3.15968606,-3.28117101,24.8917416,-42.0031328,-1.98426771,-9.13831158,96.9514822,-6.27032027,-8.11937457,-5.90435959,1.12222793,-8.23843416,19.7585112,-10.4994445,-7.79421573
353,-2.34943777,-10.2013804,105.772483,5.11550727,-3.98526837,-1.54433482,-0.407145896,0.61167471,6.51911375,0,0,-2.07940264,53.0520703,-2.08886032,72.4517371,-7.00331739,-8.2962039,-23.6615938,-5.7780045,-56.018056,1.51062899,74.6520142,3.16873671,-3.27018081,24.944428,-41.9917571,-1.94624362,-9.1018008,96.9022638,-6.28322762,-8.19610321,-5.91058744,1.14615804,-8.22975043,19.7661013,-10.5065069,-7.79052914
354,-2.35047489,-10.2208354,105.766654,5.11360147,-3.98094508,-1.56908185,-0.372907278,0.603140815,6.49817282,0,0,-2.08568834,53.0446083,-2.16045052,72.4788871,-7.0079457,-8.2630143,-23.5532021,-5.76396548,-56.0254087,1.49035219,74.6307177,2.99926413,-3.30083128,24.8881131,-41.9770791,-1.89682165,-9.05907285,96.85198,-6.339315,-8.23836244,-5.91334129,1.1655165,-8.21827998,19.7612963,-10.5107425,-7.78433074
355,-2.35501174,-10.2328576,105.754209,5.10422433,-3.9801142,-1.60533991,-0.352852615,0.630231106,6.48217396,0,0,-2.0448929,52.9840655,-2.03408071,72.4833335,-6.76315001,-8.25404968,-23.5638419,-5.78801159,-56.0411728,1.49453802,74.610514,2.90681816,-3.3251173,24.864718,-41.9668099,-1.83293633,-9.01963363,96.8149125,-6.35245586,-8.25068069,-5.91732329,1.18986676,-8.19623725,19.7610333,-10.533983,-7.81164125
356,-2.35770158,-10.2450207,105.75012,5.09887572,-3.98929666,-1.63660477,-0.31753384,0.63083243,6.48710279,0,0,-2.04054719,52.9669866,-1.98233946,72.488142,-6.63559409,-8.22279815,-23.6962263,-5.79803446,-56.0187766,1.42297354,74.6065525,2.97979937,-3.33321663,24.9817328,-41.9724823,-1.78589938,-8.98583785,96.7849417,-6.25986539,-8.22853209,-5.90491198,1.21056288,-8.17750802,19.7565117,-10.5285727,-7.79984893
357,-2.36447956,-10.2582581,105.74367,5.09290032,-3.99052995,-1.66056132,-0.291797954,0.6314853,6.48218719,0,0,-2.00513842,52.9425414,-1.95893902,72.4602338,-6.60866607,-8.1882741,-23.6095324,-5.80087326,-56.0198319,1.46238502,74.5718005,3.04234021,-3.29294049,24.931606,-41.9609427,-1.73831057,-8.9527157,96.7270763,-6.24825065,-8.22145175,-5.90812687,1.23280507,-8.16615197,19.7579187,-10.5403966,-7.83140013
358,-2.37114411,-10.2720633,105.740285,5.08998162,-3.99264998,-1.67721126,-0.284970433,0.621244232,6.47863208,0,0,-1.97941678,52.9577283,-1.95869676,72.4619892,-6.59570579,-8.17951182,-23.5913112,-5.81077703,-56.0163007,1.44192497,74.5417886,3.07937883,-3.26675077,24.9578425,-41.9479346,-1.71322681,-8.93299353,96.6512954,-6.20620998,-8.25153958,-5.90970336,1.25045012,-8.15658715,19.7566688,-10.5397827,-7.85086873
359,-2.37903707,-10.2872103,105.73715,5.09137406,-3.99377537,-1.68438663,-0.266517236,0.603975165,6.47154021,0,0,-1.94416532,52.9763098,-1.97720594,72.3955383,-6.52541076,-8.10925821,-23.5269042,-5.79438629,-55.9951886,1.40258287,74.5172477,3.16842572,-3.23015035,24.9549636,-41.9287316,-1.71080124,-8.91807384,96.5797013,-6.19914372,-8.20642618,-5.91239531,1.25938656,-8.17289166,19.7525365,-10.5332659,-7.85343518
360,-2.3882594,-10.3032008,105.730093,5.09825629,-3.98941377,-1.70067301,-0.254774567,0.571329796,6.44449778,0,0,-1.87652254,52.9767367,-1.89998147,72.3673569,-6.41822759,-8.12279052,-23.595995,-5.79764728,-56.0010523,1.50145071,74.4878096,3.22992581,-3.19915068,24.8623616,-41.9029305,-1.7110324,-8.90539786,96.50502,-6.24158481,-8.13735675,-5.92076186,1.26100543,-8.16872781,19.7503441,-10.5349905,-7.85716873
361,-2.39987373,-10.3120379,105.726981,5.10258371,-3.98762637,-1.70503903,-0.242670885,0.552047105,6.44048632,0,0,-1.87766532,52.9901512,-1.97218447,72.3737978,-6.42708848,-8.09578993,-23.6179967,-5.78766666,-55.9950827,1.52649221,74.4592184,3.33476836,-3.17613017,24.8330976,-41.879964,-1.72898448,-8.90207241,96.4302773,-6.316509,-8.08308065,-5.93265151,1.25917141,-8.17936924,19.7529122,-10.5268318,-7.82790393
362,-2.40491517,-10.3143409,105.727839,5.10364514,-3.98777286,-1.72005147,-0.229000982,0.561243314,6.43196054,0,0,-1.87862219,52.9384706,-2.03822557,72.3937078,-6.54003377,-8.04092985,-23.5941047,-5.78463363,-56.0265733,1.59264409,74.417165,3.50982717,-3.12837797,24.8128,-41.8525681,-1.74612975,-8.89999433,96.36746,-6.37586889,-8.05870115,-5.93663437,1.26115324,-8.19700479,19.7538001,-10.5069253,-7.78635674
363,-2.41173431,-10.31757,105.72834,5.10324533,-3.99212237,-1.73830869,-0.222454525,0.560268465,6.42857618,0,0,-1.85229095,52.8986847,-2.06444111,72.4106808,-6.54523923,-8.07219931,-23.4704288,-5.8076868,-56.024613,1.58395822,74.4056766,3.56155625,-3.08135361,24.8105802,-41.8373539,-1.77361507,-8.91097471,96.3196624,-6.37886777,-8.04704713,-5.94103728,1.26066232,-8.21708896,19.7627835,-10.4825159,-7.73848566
364,-2.4163343,-10.3221849,105.727315,5.11019629,-3.99090575,-1.77161258,-0.187824172,0.555877347,6.40706023,0,0,-1.84911662,52.861228,-2.04256871,72.4633142,-6.55021289,-8.14314021,-23.501583,-5.80709641,-56.0498608,1.68132342,74.3928973,3.70879272,-3.052511,24.8658245,-41.8351989,-1.80434004,-8.9123416,96.2851631,-6.32166579,-8.0064741,-5.9362062,1.25650433,-8.23357704,19.7394072,-10.4509877,-7.68961138
365,-2.41727643,-10.3252478,105.728078,5.11021434,-3.99616643,-1.80778929,-0.15779806,0.569707573,6.39814,0,0,-1.84118976,52.828426,-2.03383888,72.5111324,-6.58155662,-8.23900619,-23.531506,-5.81099603,-56.0863238,1.7230594,74.3723111,3.76765572,-3.02016259,24.9052808,-41.8317736,-1.80720445,-8.91718762,96.2578628,-6.26567489,-8.039878,-5.92690604,1.26128781,-8.24265863,19.7313612,-10.4237925,-7.63304119
366,-2.42236946,-10.3278026,105.735528,5.10816756,-4.00005617,-1.84451784,-0.131896716,0.576862356,6.39204449,0,0,-1.82438024,52.7894905,-1.9807111,72.5421005,-6.4889367,-8.33157403,-23.4825763,-5.81460237,-56.0946293,1.70252081,74.3493412,3.68805669,-2.98591453,24.9070925,-41.8265793,-1.79428237,-8.91925375,96.2277212,-6.22665231,-8.09284782,-5.9236997,1.26957635,-8.24659538,19.7278642,-10.3879784,-7.60738786
367,-2.42926851,-10.3357367,105.739582,5.10957833,-4.00352664,-1.88774049,-0.0813282831,0.583374514,6.37887418,0,0,-1.80163678,52.7607525,-1.93872252,72.5537733,-6.33688644,-8.36267871,-23.4644933,-5.78564493,-56.0899677,1.59345517,74.3407625,3.56778069,-2.98059253,24.9653557,-41.8341778,-1.76334257,-8.92001447,96.2196001,-6.20201496,-8.16489351,-5.92589475,1.27775486,-8.24533606,19.730072,-10.3687078,-7.58641149
368,-2.4380438,-10.3376962,105.741131,5.10398674,-4.00418513,-1.93896894,-0.0497025295,0.622597463,6.37175968,0,0,-1.74771201,52.7113873,-1.86191939,72.5424146,-6.26730858,-8.34084175,-23.4536965,-5.81487429,-56.1235449,1.59639002,74.3392803,3.41169294,-2.97981346,24.9250951,-41.835356,-1.69685271,-8.90642239,96.2195591,-6.23995368,-8.2145285,-5.93332856,1.29312994,-8.23141016,19.7328178,-10.3428718,-7.53205599
369,-2.44478211,-10.3423305,105.749643,5.10499857,-4.00508596,-1.98707902,-0.0184318624,0.636239111,6.35773944,0,0,-1.69694332,52.6875363,-1.80474451,72.5388083,-6.28669437,-8.27936407,-23.5957013,-5.83546518,-56.1524058,1.67309123,74.3377435,3.38868246,-2.96790182,24.9150958,-41.8564203,-1.61766926,-8.87767839,96.2329873,-6.26067007,-8.06075959,-5.93269676,1.30200246,-8.20524542,19.7196219,-10.3068272,-7.53999182
370,-2.45587137,-10.3498213,105.750358,5.10676455,-4.00397041,-2.03337541,0.0191390222,0.648862582,6.34621178,0,0,-1.64721762,52.6805251,-1.8175635,72.5078812,-6.3086577,-8.23399454,-23.5338915,-5.84617235,-56.164345,1.64516131,74.3493002,3.29178086,-2.98963805,24.950973,-41.8784443,-1.56059353,-8.86914066,96.2597138,-6.26912584,-8.06525471,-5.93824416,1.31195906,-8.18653838,19.7109595,-10.2900155,-7.51362131
371,-2.46744175,-10.3577547,105.751085,5.11121491,-4.00434884,-2.07061239,0.043055785,0.647375788,6.33826955,0,0,-1.59075277,52.6902615,-1.81713213,72.4753217,-6.39959868,-8.1737036,-23.5671477,-5.86759268,-56.1477545,1.61660034,74.363548,3.20432455,-2.99445589,24.8874232,-41.9021211,-1.5180914,-8.87565836,96.2977238,-6.31500892,-8.09220664,-5.9446688,1.31879907,-8.16744032,19.7095354,-10.2783999,-7.46967588
372,-2.47709341,-10.3615575,105.753374,5.11618743,-4.00694396,-2.10404141,0.058959607,0.656748836,6.33174587,0,0,-1.52914766,52.6901591,-1.85607189,72.4462183,-6.47487675,-8.16627321,-23.5209995,-5.89164989,-56.1806316,1.75248183,74.3538764,3.33657281,-2.98252611,24.9198052,-41.9329868,-1.48648961,-8.8806555,96.3470582,-6.30855396,-8.04847635,-5.94964929,1.32142112,-8.15298508,19.7120233,-10.2812951,-7.48889176
373,-2.48622373,-10.3640981,105.753624,5.11999581,-4.01076234,-2.13720559,0.08560761,0.665860361,6.33789902,0,0,-1.49700415,52.6815667,-1.84404179,72.4291428,-6.51016066,-8.15802576,-23.501501,-5.88232967,-56.1986155,1.7504031,74.3286252,3.31605449,-2.96644614,24.8677455,-41.9719257,-1.48655215,-8.9152487,96.4128739,-6.27533961,-8.12202639,-5.94745851,1.32434785,-8.12821796,19.7064908,-10.2691476,-7.48340029
374,-2.49515008,-10.3660241,105.755782,5.13168031,-4.01156126,-2.16314058,0.097179658,0.661736688,6.33671654,0,0,-1.45595418,52.6854496,-1.81671463,72.424751,-6.5490684,-8.17189702,-23.525656,-5.88680344,-56.1987248,1.74921262,74.3175193,3.2502659,-2.96908558,24.7774726,-41.9947966,-1.50890266,-8.94862613,96.4737104,-6.28083065,-8.08019746,-5.95456703,1.31298658,-8.10677458,19.708627,-10.2537737,-7.44528783
375,-2.50902791,-10.3659332,105.759907,5.1456911,-4.01369547,-2.19114522,0.116887509,0.656057012,6.34760472,0,0,-1.41988011,52.671359,-1.74560767,72.4157488,-6.5635023,-8.17877331,-23.5469576,-5.8936729,-56.2044143,1.69746038,74.3149239,3.22488107,-2.97960855,24.8350169,-42.0125516,-1.54022495,-8.98550744,96.5460831,-6.31389944,-8.05467475,-5.96627782,1.30117281,-8.07850101,19.7169786,-10.2391409,-7.44583595
376,-2.52148919,-10.3653647,105.761194,5.15817112,-4.01639871,-2.22581774,0.147410357,0.652574416,6.35895649,0,0,-1.42887888,52.6865937,-1.82305454,72.446027,-6.66262414,-8.16313303,-23.5591102,-5.88408118,-56.2372231,1.78588209,74.2831771,3.30618829,-2.97118202,24.813051,-42.0429562,-1.56682747,-9.01307921,96.6295412,-6.33192986,-8.09236715,-5.9708566,1.29320208,-8.04580916,19.7152437,-10.2294608,-7.4643876
377,-2.53183339,-10.3626825,105.762231,5.16585109,-4.02986551,-2.26976153,0.160616221,0.661942714,6.3659442,0,0,-1.3745474,52.6607346,-1.71791232,72.4582599,-6.61427622,-8.15202202,-23.5663093,-5.92231829,-56.2405631,1.79590561,74.3008195,3.28925262,-2.98289878,24.834059,-42.1000737,-1.61031838,-9.07306876,96.7630646,-6.26408175,-8.16775621,-5.97327449,1.29000748,-8.01087275,19.7351076,-10.230119,-7.44827604
378,-2.54306458,-10.3614852,105.76694,5.17575765,-4.03439053,-2.30576566,0.188987479,0.664012742,6.3808084,0,0,-1.34833484,52.6795791,-1.73270864,72.4381313,-6.66599228,-8.13249024,-23.5904335,-5.91816596,-56.2599096,1.80704159,74.2817565,3.24908513,-2.97290152,24.7502987,-42.133002,-1.6572517,-9.12596175,96.8634615,-6.26217869,-8.2177421,-5.97439421,1.28163324,-7.98034436,19.7335452,-10.206315,-7.41508388
379,-2.55795997,-10.3616357,105.769682,5.19087299,-4.0330827,-2.3328881,0.20209033,0.6554773,6.38070851,0,0,-1.31261903,52.6655704,-1.59629397,72.4469149,-6.54556878,-8.15819907,-23.6114568,-5.95052398,-56.2733104,1.89934754,74.3071306,3.30533729,-2.99360788,24.7471534,-42.1410002,-1.70924182,-9.16671407,96.9381018,-6.33793744,-8.25209198,-5.99349014,1.26454165,-7.95119568,19.7474463,-10.1974904,-7.41253537
380,-2.57168617,-10.3611223,105.773509,5.21131551,-4.03614168,-2.36524561,0.239374251,0.632413725,6.38455305,0,0,-1.29361862,52.6736949,-1.5304502,72.4381791,-6.48213981,-8.14125508,-23.5971459,-5.92812523,-56.2607122,1.84875612,74.2984836,3.17663497,-2.99303201,24.6911048,-42.1722722,-1.76922091,-9.21794561,97.0306509,-6.29504598,-8.24652708,-6.00174443,1.24486932,-7.9240175,19.7481584,-10.1869078,-7.41932458
381,-2.58374624,-10.3543684,105.77935,5.22419899,-4.03747539,-2.39964929,0.230924507,0.636778216,6.38032175,0,0,-1.21816232,52.6495741,-1.45515697,72.4313626,-6.52262063,-8.11792828,-23.5294911,-5.95595356,-56.2698612,1.88240974,74.2683078,3.138073,-2.96192669,24.7231691,-42.2062797,-1.81794257,-9.27592196,97.1280767,-6.27465701,-8.16935448,-6.00560818,1.23118087,-7.89580967,19.7456022,-10.1720112,-7.40247108
382,-2.59557534,-10.3528194,105.783784,5.23719595,-4.04112779,-2.43528721,0.235914894,0.637709523,6.38556178,0,0,-1.16245764,52.6413608,-1.40380686,72.4353309,-6.64226463,-8.10611034,-23.4687759,-5.97941825,-56.2486944,1.83139933,74.2604941,3.06098129,-2.94927035,24.7424388,-42.2433711,-1.85287237,-9.34247533,97.2322166,-6.24580715,-8.20192338,-6.01525668,1.22009974,-7.86755062,19.7535491,-10.159424,-7.39652028
383,-2.60096285,-10.3515066,105.789042,5.24579473,-4.04670338,-2.47503084,0.240192193,0.641304551,6.38416031,0,0,-1.08911176,52.6262695,-1.2611669,72.4428441,-6.66471887,-8.15418634,-23.5131414,-6.00330769,-56.2617094,1.89933345,74.2574137,3.07799978,-2.94470138,24.7743904,-42.3011852,-1.84657088,-9.39996844,97.3586981,-6.22350146,-8.18763719,-6.00763034,1.21343273,-7.83351664,19.7435514,-10.131089,-7.38722183
384,-2.61238795,-10.3582732,105.789018,5.25133977,-4.04512312,-2.50856586,0.251554907,0.64976358,6.37755424,0,0,-1.03470397,52.6121412,-1.16579835,72.447516,-6.66824923,-8.16935704,-23.5804648,-6.01554995,-56.265285,1.92114823,74.2759986,3.05281708,-2.95521944,24.7427906,-42.3363572,-1.80728193,-9.43337234,97.4639991,-6.30511838,-8.22527153,-6.01059934,1.21540612,-7.83418258,19.7313356,-10.1192352,-7.41505912
385,-2.62148548,-10.361132,105.797684,5.25973385,-4.04425688,-2.54139985,0.277643161,0.649158414,6.36721974,0,0,-0.992061285,52.6036103,-1.11892938,72.4470447,-6.66944152,-8.20676001,-23.5450093,-5.95862416,-56.2498795,1.76867439,74.2383506,2.92496875,-2.96405258,24.751996,-42.3771437,-1.80007672,-9.48876773,97.5676267,-6.30521357,-8.27529498,-6.01712644,1.21044869,-7.82471252,19.7283047,-10.0852934,-7.37159351
386,-2.63299458,-10.353741,105.804753,5.27009639,-4.03940018,-2.57848377,0.280460694,0.679724365,6.35965189,0,0,-0.938614521,52.5867568,-1.08218328,72.4509379,-6.68678166,-8.18899469,-23.6562133,-5.92954975,-56.2840373,1.69014621,74.2020072,2.78046115,-3.00211253,24.7431679,-42.4257917,-1.79645885,-9.5305813,97.6689867,-6.29060038,-8.15999968,-6.02736575,1.20081566,-7.81233537,19.7188842,-10.0680062,-7.34913926
387,-2.6438484,-10.3519954,105.807924,5.28317353,-4.03885703,-2.61544765,0.316343253,0.672891561,6.35938594,0,0,-0.928169774,52.6032517,-1.08989649,72.4498724,-6.63491321,-8.18061319,-23.6367985,-5.88405173,-56.2884974,1.62179341,74.1856625,2.75626927,-3.00038876,24.7535003,-42.4698772,-1.79467895,-9.58232083,97.7709136,-6.28461244,-8.0752635,-6.03297333,1.1880907,-7.79348063,19.7133739,-10.0539036,-7.33666733
388,-2.65405811,-10.347987,105.817473,5.30453221,-4.02797447,-2.65040448,0.346943648,0.659281982,6.34432409,0,0,-0.905350539,52.6119841,-1.0970271,72.4382133,-6.59040983,-8.16167393,-23.6456078,-5.82886423,-56.2940264,1.60209664,74.1515799,2.84494711,-2.93574572,24.7945805,-42.4806279,-1.79905198,-9.60755753,97.8318048,-6.33352641,-7.87743475,-6.04371252,1.16265412,-7.79061195,19.6945602,-10.0254849,-7.31271301
389,-2.66185123,-10.3439122,105.820882,5.31013996,-4.0241565,-2.69372424,0.377068811,0.675505175,6.32804476,0,0,-0.87207882,52.6083607,-1.10298729,72.4238084,-6.57618724,-8.13250988,-23.6647442,-5.79267746,-56.2924008,1.61184247,74.1523654,2.87980305,-2.95368735,24.678276,-42.5021533,-1.80458656,-9.66815326,97.9079272,-6.36466525,-7.92914099,-6.04950239,1.15845462,-7.77575117,19.6830257,-10.004091,-7.28068113
390,-2.67456956,-10.3378884,105.822945,5.32383276,-4.02043689,-2.72804833,0.407638123,0.668380328,6.32836877,0,0,-0.881823953,52.6301388,-1.20642261,72.4311031,-6.62396911,-8.12863545,-23.5954554,-5.77491939,-56.3010615,1.65323235,74.1760183,2.92816293,-3.00588386,24.6365658,-42.5152843,-1.84784706,-9.74056266,97.9697131,-6.41433652,-8.01052953,-6.05955728,1.14350931,-7.77067292,19.6776247,-10.0032919,-7.2418404
391,-2.68372633,-10.3283197,105.834663,5.32842486,-4.02198061,-2.76925801,0.435108423,0.679353987,6.32802427,0,0,-0.867370739,52.6317268,-1.23413642,72.4391217,-6.65965685,-8.14380018,-23.6338496,-5.77300096,-56.3249501,1.67007325,74.1932236,2.97038972,-3.03498175,24.7194262,-42.5188258,-1.85322562,-9.79557642,98.0169029,-6.47294424,-8.03743364,-6.06630508,1.13552503,-7.75660017,19.6803875,-9.95979892,-7.19547793
392,-2.69072726,-10.3184514,105.840135,5.33431206,-4.0330393,-2.82033328,0.474412613,0.688179712,6.35118928,0,0,-0.873348328,52.6179537,-1.19831421,72.4441965,-6.62839849,-8.14198506,-23.6543282,-5.75184488,-56.3083356,1.58673363,74.1931006,2.9611092,-3.01778568,24.699284,-42.5590248,-1.87523441,-9.88198087,98.1131198,-6.4068771,-8.10985585,-6.06269703,1.1294817,-7.72311688,19.6889031,-9.94634004,-7.15978977
393,-2.70069391,-10.3196159,105.839539,5.34625434,-4.03584964,-2.86150895,0.512259492,0.680348153,6.36339867,0,0,-0.8864918,52.6353878,-1.24670685,72.4561015,-6.66157186,-8.14352783,-23.6351303,-5.72878232,-56.2761757,1.55956079,74.206481,3.12731801,-2.98028026,24.7464191,-42.5918029,-1.87612319,-9.94089296,98.1721531,-6.36216881,-8.13056242,-6.06517042,1.12065518,-7.68448874,19.6864152,-9.94410998,-7.16138205
394,-2.70957053,-10.3150629,105.838478,5.36600728,-4.03544473,-2.90443176,0.526228029,0.675736014,6.3618162,0,0,-0.857486921,52.615027,-1.18121932,72.4534309,-6.64546969,-8.12659664,-23.6472197,-5.72341123,-56.2735666,1.60061769,74.200928,3.2697949,-2.99531244,24.7981185,-42.6227232,-1.89536106,-9.98677476,98.2349567,-6.29296235,-8.0796075,-6.06529165,1.10322923,-7.6431106,19.6707894,-9.94353283,-7.13105388
395,-2.72285361,-10.3161715,105.843055,5.37787764,-4.0281951,-2.92811306,0.522123032,0.665189349,6.35041064,0,0,-0.846250193,52.6119534,-1.13376861,72.4791125,-6.59470132,-8.14954266,-23.6657927,-5.69990983,-56.2611664,1.55727918,74.1825002,3.24475308,-2.99256051,24.8036373,-42.6242907,-1.85575108,-10.0223677,98.2394305,-6.392386,-8.00800407,-6.08648829,1.09638848,-7.61131436,19.6743838,-9.94103298,-7.1662396
396,-2.73132287,-10.3107929,105.849826,5.38898445,-4.032895,-2.97957223,0.533948598,0.665236359,6.35545644,0,0,-0.82278844,52.5870539,-1.02081243,72.4968914,-6.48439121,-8.15674936,-23.6702408,-5.70778973,-56.2194749,1.45096718,74.1895694,3.2175446,-2.98113595,24.9351936,-42.6452662,-1.84491286,-10.0864989,98.2852815,-6.35997291,-8.02997593,-6.09222949,1.09153146,-7.55153484,19.6824759,-9.93279919,-7.14923328
397,-2.74192374,-10.3082426,105.849993,5.4022631,-4.0350819,-3.01851579,0.533011368,0.652583167,6.35636059,0,0,-0.784429244,52.6099863,-1.02778542,72.4795632,-6.44043211,-8.1678877,-23.6900894,-5.70643437,-56.1848253,1.35383645,74.1970348,3.01707513,-2.99397458,24.884143,-42.6571303,-1.85690496,-10.1405309,98.3056355,-6.34217386,-8.05014975,-6.09418805,1.08307601,-7.51205293,19.67527,-9.92278442,-7.1566133
398,-2.75156274,-10.3053339,105.846858,5.41385803,-4.04261809,-3.06777719,0.547187158,0.641239344,6.37426593,0,0,-0.753229046,52.6157202,-0.958520787,72.4559923,-6.36998895,-8.15776621,-23.7380612,-5.72178863,-56.1587306,1.36891537,74.2126281,3.00413277,-3.00954314,24.7476929,-42.6743253,-1.87211579,-10.2077126,98.3322869,-6.28961001,-8.09928186,-6.08962847,1.076571,-7.46549239,19.6710012,-9.91808525,-7.17749661
399,-2.76060589,-10.2995485,105.849385,5.4234032,-4.04504852,-3.09785025,0.541672368,0.630706285,6.37455835,0,0,-0.749652161,52.6084734,-0.912479869,72.464168,-6.30071547,-8.16384081,-23.7042518,-5.70730137,-56.1533791,1.34911049,74.1883946,2.98849997,-2.93835763,24.8064411,-42.674455,-1.88627563,-10.2639071,98.3331748,-6.30407549,-8.10529755,-6.09415646,1.06801427,-7.4404051,19.6722443,-9.91749871,-7.18795106
400,-2.77206749,-10.2927424,105.849683,5.43095452,-4.04627403,-3.12478478,0.526851871,0.627706177,6.37970191,0,0,-0.722592499,52.6077016,-0.869103739,72.4412459,-6.27620619,-8.13756422,-23.7117001,-5.7227137,-56.159178,1.38000354,74.186209,2.90584465,-2.89333601,24.7768066,-42.6818521,-1.87686128,-10.3171356,98.3241863,-6.33392257,-8.09081157,-6.10446236,1.06206453,-7.41599486,19.6798275,-9.91690704,-7.19417251
401,-2.78637912,-10.2884196,105.8496,5.4388262,-4.04301863,-3.14253558,0.516197043,0.62894479,6.37783684,0,0,-0.73292156,52.6076811,-0.843316573,72.4492645,-6.16661196,-8.16765632,-23.6575179,-5.70374071,-56.175649,1.29924189,74.185485,2.70803255,-2.89482328,24.8176921,-42.668161,-1.87271343,-10.3714493,98.2877131,-6.38721213,-8.06530594,-6.12630573,1.05330706,-7.40251719,19.6912766,-9.91665518,-7.18960568
402,-2.79523246,-10.2933921,105.844152,5.44764651,-4.04172481,-3.15945848,0.516249977,0.611308441,6.38486639,0,0,-0.734793992,52.626751,-0.861749386,72.4256048,-6.20413275,-8.13486458,-23.6961375,-5.67216432,-56.14339,1.18923412,74.1949926,2.61844757,-2.93103374,24.8300309,-42.658568,-1.87634731,-10.43688,98.2528449,-6.41608505,-8.11661176,-6.13334638,1.04763576,-7.38877485,19.6926443,-9.92305251,-7.17248325
403,-2.80167442,-10.2890104,105.843127,5.45089869,-4.04055555,-3.17198408,0.485629812,0.620158925,6.37569515,0,0,-0.690936334,52.6387585,-0.875546902,72.4041101,-6.30067619,-8.07071459,-23.7411724,-5.69123506,-56.1776024,1.38172817,74.2257694,2.85831208,-2.96315399,24.7619493,-42.6390644,-1.88792747,-10.503651,98.2159209,-6.42095241,-8.12028725,-6.14170567,1.04095423,-7.38087488,19.6958835,-9.91769422,-7.17675211
404,-2.80635916,-10.2817565,105.84929,5.4536641,-4.04244803,-3.19033698,0.476881407,0.622082157,6.37200258,0,0,-0.674025319,52.6385501,-0.839367657,72.3958046,-6.22496611,-8.09733184,-23.693151,-5.6745075,-56.1880116,1.402015,74.2353863,3.04376879,-2.93112851,24.8645455,-42.6301715,-1.89301852,-10.5660747,98.1853832,-6.41805769,-8.06057176,-6.14623879,1.03540353,-7.3668747,19.6980572,-9.90101917,-7.18024832
405,-2.81370524,-10.282433,105.84662,5.45325255,-4.05130792,-3.2024739,0.480870984,0.617928068,6.37977448,0,0,-0.716914851,52.6265256,-0.797539151,72.4344567,-6.17103451,-8.15728639,-23.7052251,-5.61457857,-56.1722817,1.26847328,74.2381457,2.82729512,-2.95906014,24.7807545,-42.6601526,-1.87651294,-10.6352047,98.1914894,-6.33836432,-8.05855771,-6.14787334,1.03828694,-7.35194988,19.713,-9.91985512,-7.20083963
406,-2.81976648,-10.2858655,105.840349,5.44788498,-4.05005225,-3.21383397,0.458339471,0.634105638,6.36583705,0,0,-0.719611015,52.6223114,-0.806752223,72.4563338,-6.13563492,-8.20888078,-23.7135101,-5.58102783,-56.1724217,1.29495862,74.2105859,2.86266526,-2.94361602,24.7211696,-42.6768149,-1.81343934,-10.6915991,98.1619078,-6.37189927,-8.0999461,-6.149443,1.05148414,-7.34778944,19.7038697,-9.91651431,-7.20332326
407,-2.8243497,-10.2964662,105.831873,5.44663515,-4.05394511,-3.21708768,0.475114789,0.625713843,6.36463622,0,0,-0.784684949,52.6524052,-0.925493087,72.4559103,-6.11603057,-8.22777053,-23.6301203,-5.46481941,-56.1271785,1.20539563,74.1696867,3.09887689,-2.89382031,24.7329261,-42.7002766,-1.78429066,-10.7634168,98.1499481,-6.3292584,-8.18197155,-6.14052234,1.05944494,-7.33998083,19.6932266,-9.9342284,-7.20525279
408,-2.83014663,-10.2944478,105.830622,5.44518841,-4.05336257,-3.2265519,0.447171418,0.637197419,6.3519278,0,0,-0.771838857,52.629507,-0.912822232,72.4409385,-6.1344597,-8.23456315,-23.5869484,-5.42646876,-56.1229507,1.21204866,74.1595439,3.16569407,-2.8667845,24.7392884,-42.7078547,-1.77096293,-10.813687,98.1176277,-6.28439814,-8.1309321,-6.140755,1.06096583,-7.32356105,19.6845625,-9.92579312,-7.22392482
409,-2.84338798,-10.2933764,105.833399,5.44983224,-4.04786877,-3.22738201,0.441608069,0.62829923,6.34801026,0,0,-0.822574569,52.6185718,-0.942777628,72.4429603,-6.14200876,-8.2353657,-23.5796333,-5.38509488,-56.089773,1.09447143,74.1874316,3.09862972,-2.9130601,24.7282286,-42.6796904,-1.76352464,-10.849624,98.0387936,-6.3788921,-8.09807206,-6.16091644,1.05879426,-7.31574988,19.6897705,-9.92388493,-7.24274711
410,-2.85885539,-10.2919765,105.834985,5.45120063,-4.04100184,-3.22296668,0.444608283,0.623308656,6.33415735,0,0,-0.877556738,52.6087603,-0.925575263,72.4408292,-6.04663243,-8.23073397,-23.5916527,-5.31117047,-56.0595767,1.03358115,74.1817488,3.18648687,-2.95614408,24.7168512,-42.635902,-1.75447144,-10.88743,97.9433486,-6.4909166,-8.10381796,-6.19443943,1.05703655,-7.30187435,19.7161402,-9.929262,-7.22820051
411,-2.86860168,-10.2922805,105.832696,5.45029405,-4.0399268,-3.22512351,0.423149642,0.625638498,6.3362824,0,0,-0.883759671,52.5923303,-0.918666313,72.4112477,-6.101332,-8.23302721,-23.6202951,-5.28441875,-56.0558065,0.979543896,74.1788187,3.11412187,-2.96687623,24.6889704,-42.6128467,-1.76343574,-10.9363324,97.8810163,-6.51694602,-8.12669568,-6.20350181,1.05831177,-7.29977492,19.7166149,-9.92408813,-7.26816993
412,-2.87766401,-10.2917008,105.824566,5.45759883,-4.03946012,-3.22325962,0.409891472,0.618671865,6.33721472,0,0,-0.902815472,52.5867636,-0.913099922,72.3878201,-6.09463201,-8.28025541,-23.6054548,-5.20357023,-56.0921021,1.00236665,74.1098884,3.14861454,-2.94372551,24.664643,-42.59168,-1.80279855,-10.9988227,97.8299265,-6.55548963,-8.13276259,-6.21029145,1.04897971,-7.30240454,19.7190259,-9.93056742,-7.22554869
413,-2.88391225,-10.2823138,105.822134,5.45331927,-4.04401456,-3.22988937,0.375906851,0.638119174,6.35192993,0,0,-0.885126616,52.5704122,-0.845510985,72.3561827,-6.04810604,-8.30294444,-23.6094334,-5.18094736,-56.1047141,0.877959986,74.0688185,3.0357907,-2.91473798,24.7765437,-42.5747992,-1.83102815,-11.0666055,97.7941568,-6.58883675,-8.21010083,-6.21611632,1.04929485,-7.29116632,19.7302513,-9.93796964,-7.22878876
414,-2.89077759,-10.276629,105.826795,5.45745882,-4.05113435,-3.238798,0.390924276,0.635038866,6.35989991,0,0,-0.949025543,52.5589716,-0.872255498,72.3717965,-6.06062066,-8.34689244,-23.5793925,-5.12400792,-56.096832,0.78365898,74.0723634,2.8940758,-2.96191089,24.8128085,-42.5711279,-1.86214692,-11.1237622,97.768284,-6.56146861,-8.1504007,-6.21957752,1.04111837,-7.28182262,19.7429931,-9.93492594,-7.21218372
415,-2.89052129,-10.2732591,105.827057,5.4560537,-4.05561745,-3.24866249,0.377727364,0.63886089,6.35761393,0,0,-0.939202131,52.5460182,-0.812228647,72.3410402,-6.05747066,-8.34361224,-23.5936437,-5.10685304,-56.0740704,0.693242163,74.0869595,2.78888064,-2.92752431,24.8350237,-42.580055,-1.87184643,-11.1734902,97.7608937,-6.52038033,-8.17386582,-6.21321093,1.042389,-7.27341039,19.7407101,-9.94035337,-7.23680058
416,-2.89082993,-10.2739476,105.822718,5.45718737,-4.0585614,-3.25995066,0.397563007,0.635132834,6.35554481,0,0,-0.983734857,52.5454786,-0.854250265,72.3239032,-6.03577286,-8.35948902,-23.525212,-5.02197983,-56.0959987,0.699905119,74.0538194,2.89580384,-2.87417135,24.8908281,-42.5911609,-1.86810583,-11.217761,97.7577314,-6.49253791,-8.16200861,-6.2069724,1.04321065,-7.26868561,19.7337382,-9.94627942,-7.23549943
417,-2.89876554,-10.2721848,105.822837,5.45229456,-4.06197396,-3.26610904,0.392192023,0.646257185,6.35732706,0,0,-1.00832119,52.5339834,-0.836735152,72.3240603,-6.06527074,-8.39579745,-23.5256696,-4.99296817,-56.0944414,0.790882332,74.0365322,3.22421449,-2.85066867,24.9879858,-42.5835384,-1.84732114,-11.2480247,97.7273302,-6.50242077,-8.13596595,-6.21252961,1.0479444,-7.2621124,19.7407818,-9.9361272,-7.23989636
418,-2.90353708,-10.2676384,105.823743,5.44614433,-4.06731835,-3.28192519,0.377253359,0.665280649,6.35976886,0,0,-0.991987327,52.5202957,-0.807300559,72.2978597,-6.13332845,-8.42248897,-23.534875,-4.97398153,-56.065075,0.784386662,74.0183571,3.23654384,-2.88033688,24.9204165,-42.5956449,-1.82534927,-11.2693152,97.7267633,-6.44580576,-8.12598961,-6.21339321,1.05776397,-7.2459923,19.7474924,-9.93794488,-7.22773009
419,-2.90793739,-10.2684855,105.824256,5.44374762,-4.06634278,-3.28730691,0.365721599,0.664360601,6.35360589,0,0,-1.00386086,52.5093844,-0.768937788,72.292498,-6.16770778,-8.44944858,-23.5441675,-4.94536304,-56.0494066,0.804411816,74.0019783,3.34285637,-2.81104354,24.9638292,-42.6026288,-1.79291847,-11.2906305,97.7092575,-6.41434292,-8.13642699,-6.21742985,1.06573661,-7.24389287,19.7467275,-9.94315546,-7.24550565
420,-2.91558392,-10.267999,105.822253,5.44206026,-4.06244123,-3.29460951,0.34071038,0.669741136,6.35225565,0,0,-1.00666391,52.5121233,-0.766929285,72.286105,-6.28107014,-8.42099658,-23.5570561,-4.96448415,-56.0335879,0.772837826,74.0291897,3.21575018,-2.80447439,24.9697117,-42.6074543,-1.76903981,-11.3094981,97.6893612,-6.41622891,-8.15422988,-6.22507923,1.072789,-7.23123653,19.7425252,-9.95049621,-7.26203386
421,-2.92228311,-10.2670349,105.823517,5.43582391,-4.0623756,-3.31166762,0.32616904,0.681297496,6.3507688,0,0,-0.993057105,52.5265658,-0.762928822,72.2560112,-6.29984931,-8.38089312,-23.6492944,-4.97492965,-56.0378226,0.847803421,74.0337113,3.24243445,-2.78618912,24.9653916,-42.5933192,-1.74022772,-11.3183475,97.6582633,-6.44983643,-8.14227022,-6.23278881,1.07950446,-7.22337328,19.7458737,-9.93172172,-7.26246245
422,-2.92954948,-10.2623582,105.821276,5.43903781,-4.05903594,-3.33031914,0.338081584,0.688478266,6.35076069,0,0,-1.03217467,52.5096337,-0.80669422,72.2492766,-6.37268432,-8.35344088,-23.6051816,-4.9568702,-56.046794,0.899395788,74.0398038,3.27742508,-2.80778213,24.8750691,-42.5842556,-1.73239264,-11.3187436,97.6318578,-6.48601594,-8.07523703,-6.24168086,1.07711752,-7.20554222,19.7463552,-9.93364015,-7.24121971
423,-2.93442011,-10.2516644,105.823505,5.43510249,-4.05624732,-3.35094236,0.330772134,0.71894902,6.34598767,0,0,-1.03872823,52.455706,-0.839799079,72.2333759,-6.43176033,-8.33185578,-23.4632349,-4.98014236,-56.0383007,0.855932199,74.0945615,3.19985334,-2.85630507,24.8325632,-42.5690686,-1.73423583,-11.3269936,97.6044073,-6.53179699,-8.10722281,-6.25154494,1.07967159,-7.18816621,19.7507795,-9.93577203,-7.25364382
424,-2.93972064,-10.2428205,105.822945,5.43977081,-4.05705467,-3.37342383,0.336240688,0.714257214,6.35193804,0,0,-1.06442735,52.4390779,-0.835982071,72.2263408,-6.4037668,-8.28377808,-23.4214922,-4.98119933,-56.0081693,0.748944597,74.1116096,3.01701558,-2.88221774,24.7928302,-42.5620779,-1.75953955,-11.3378528,97.5945855,-6.52753196,-8.11728624,-6.2570697,1.07394501,-7.17727292,19.7568925,-9.93456137,-7.21679666
425,-2.94302758,-10.2379732,105.821049,5.44361602,-4.05638331,-3.3908772,0.344429498,0.711143235,6.35767967,0,0,-1.08632227,52.4394979,-0.878289757,72.2153852,-6.42950509,-8.2642241,-23.409944,-4.93252399,-55.9765421,0.585430081,74.0897599,2.79885101,-2.87460784,24.757735,-42.5483288,-1.79785072,-11.3589435,97.5806041,-6.5306175,-8.14165635,-6.26094626,1.06786091,-7.16052743,19.7576216,-9.92918772,-7.23509303
426,-2.94828322,-10.230422,105.819511,5.44762255,-4.0564749,-3.39906502,0.342949134,0.712282756,6.35565665,0,0,-1.10256916,52.4428481,-0.914080268,72.2012877,-6.38332276,-8.24673711,-23.4216305,-4.89195651,-55.9476299,0.455090862,74.0802044,2.77225703,-2.8705505,24.8073922,-42.5294774,-1.84452204,-11.3782977,97.5620055,-6.54443796,-8.12070731,-6.26838519,1.05800324,-7.15624447,19.7664548,-9.93532209,-7.24536905
427,-2.95109451,-10.2215752,105.82062,5.44847046,-4.05617974,-3.41380038,0.331987428,0.720125894,6.35073209,0,0,-1.10049673,52.4321247,-0.948685848,72.2114442,-6.40706877,-8.24596444,-23.4326937,-4.87679391,-55.9242741,0.33078873,74.0845279,2.63748779,-2.92145141,24.7940716,-42.5134982,-1.87861685,-11.3945929,97.5473547,-6.55635536,-8.18910397,-6.26970683,1.05498558,-7.14762563,19.764684,-9.93289054,-7.23518353
428,-2.95244399,-10.2143466,105.823958,5.4493596,-4.05937779,-3.43778874,0.342566964,0.717346327,6.35623338,0,0,-1.10137889,52.4311856,-0.943162466,72.2056248,-6.34012609,-8.26564136,-23.4393309,-4.87599094,-55.9024995,0.266767285,74.1178183,2.58147619,-2.95120948,24.7794499,-42.5120297,-1.89858982,-11.4047169,97.5523339,-6.54321023,-8.18924655,-6.27428989,1.0513501,-7.12755938,19.777337,-9.93192834,-7.21677019
429,-2.95583475,-10.2122493,105.821502,5.45112342,-4.06006829,-3.44699085,0.334096569,0.715652547,6.35392819,0,0,-1.10123599,52.4258137,-0.953562817,72.2116969,-6.37615875,-8.26713205,-23.4705073,-4.87093831,-55.8973017,0.219125942,74.124225,2.50952271,-2.93830832,24.8137033,-42.5195907,-1.90979944,-11.4171871,97.5616435,-6.5456627,-8.24889972,-6.27384934,1.05088693,-7.11874204,19.7725831,-9.94056084,-7.23999454
430,-2.95751933,-10.2086261,105.822921,5.45142265,-4.0573532,-3.45596353,0.325284611,0.718542197,6.34580283,0,0,-1.10178539,52.450153,-1.0863291,72.2151256,-6.49716494,-8.26454853,-23.4699404,-4.85365323,-55.8886649,0.212745452,74.1054966,2.48354664,-2.94324975,24.7856244,-42.5115414,-1.90562854,-11.4183201,97.5539527,-6.58987579,-8.17934534,-6.27891222,1.04951694,-7.10941584,19.7743419,-9.94102444,-7.23508364
431,-2.96345167,-10.2098711,105.816877,5.45154097,-4.05622126,-3.46460139,0.315297087,0.713060704,6.3406836,0,0,-1.09411925,52.4532847,-1.10059875,72.2031182,-6.44602347,-8.23383488,-23.4790724,-4.86181958,-55.8958844,0.350377098,74.0975189,2.65954802,-2.95749923,24.8006491,-42.5224697,-1.88525025,-11.4189758,97.5661309,-6.60434897,-8.176679,-6.27990345,1.05233087,-7.10005208,19.7681623,-9.9487972,-7.24337207
432,-2.96725463,-10.2068737,105.815613,5.44550639,-4.05869847,-3.4802676,0.30413525,0.727344283,6.33839122,0,0,-1.09233785,52.4550776,-1.15946943,72.2008847,-6.43736663,-8.20978664,-23.4649954,-4.86656869,-55.8942076,0.311306869,74.0822398,2.49589819,-2.91643229,24.7342528,-42.5443707,-1.85681083,-11.42876,97.5886159,-6.59522938,-8.20430456,-6.27978734,1.06112069,-7.08992718,19.7683074,-9.94601475,-7.20272732
433,-2.97019836,-10.2071501,105.819511,5.43927009,-4.06438381,-3.48870144,0.2937861,0.730323687,6.34601926,0,0,-1.08858723,52.4499891,-1.14856162,72.1942731,-6.35834818,-8.18354334,-23.4265226,-4.88466016,-55.8700048,0.309774692,74.0986528,2.48836513,-2.9180169,24.782544,-42.5588848,-1.83331242,-11.4437455,97.6076994,-6.58950782,-8.22869943,-6.28137024,1.07022885,-7.08600878,19.7774155,-9.93629539,-7.24321412
434,-2.97275782,-10.2029204,105.822408,5.43658248,-4.06594027,-3.49765348,0.296377996,0.737186693,6.34200439,0,0,-1.10138817,52.4500847,-1.15701537,72.2021893,-6.29724872,-8.18334014,-23.4651081,-4.85578553,-55.8677099,0.28779541,74.0878132,2.42960138,-2.92591729,24.7277027,-42.5670845,-1.82223364,-11.4525351,97.616203,-6.60040112,-8.16964476,-6.28428673,1.07022085,-7.08278621,19.7816912,-9.91998319,-7.22223776
435,-2.97644846,-10.2039926,105.818379,5.43937088,-4.06449673,-3.51038402,0.287445336,0.731360488,6.33680491,0,0,-1.08535569,52.4834946,-1.22199341,72.1906872,-6.34727644,-8.13468273,-23.4683592,-4.84017684,-55.8232146,0.285770579,74.0753755,2.52228342,-2.93206595,24.6636611,-42.5734297,-1.81688731,-11.4556189,97.6289277,-6.62745678,-8.13212739,-6.28749009,1.06725676,-7.07736945,19.7800059,-9.92550967,-7.2146554
436,-2.98063681,-10.2028988,105.818379,5.44036826,-4.06324934,-3.51998499,0.281490425,0.729672204,6.33247883,0,0,-1.07502802,52.504634,-1.23928062,72.1827642,-6.3072733,-8.10734404,-23.5075457,-4.83870963,-55.8677816,0.569396532,74.0469072,2.85081488,-2.88332658,24.6328262,-42.5789553,-1.81573578,-11.4661852,97.6379503,-6.64424709,-8.09948506,-6.29111649,1.06554398,-7.06420127,19.7799051,-9.92798134,-7.22008967
437,-2.98606325,-10.1961486,105.812812,5.44937258,-4.06083939,-3.52995546,0.278851651,0.725664964,6.32789962,0,0,-1.08517448,52.4987157,-1.22485782,72.199464,-6.2672723,-8.09120345,-23.4901629,-4.84019861,-55.8651486,0.563818562,74.0570159,2.81366377,-2.8778684,24.6167719,-42.596403,-1.83889247,-11.4788458,97.6634269,-6.65659394,-8.07399308,-6.29443639,1.05695779,-7.04470151,19.7767479,-9.95088467,-7.21395957
438,-2.98569519,-10.1894446,105.817556,5.44339452,-4.06916504,-3.54010099,0.267589976,0.741809557,6.33511998,0,0,-1.08022313,52.4871385,-1.18866092,72.2099484,-6.19299911,-8.08833477,-23.5027083,-4.83983064,-55.8682905,0.506259011,74.0539765,2.71646484,-2.8875344,24.6428,-42.6135912,-1.85036676,-11.5063544,97.6907818,-6.61206537,-8.08615851,-6.29338966,1.06004632,-7.034948,19.7928244,-9.94278578,-7.22173489
439,-2.98987255,-10.1879783,105.811572,5.45023041,-4.07422654,-3.54636176,0.291662151,0.715205863,6.34782883,0,0,-1.10755551,52.5181271,-1.25433948,72.2071343,-6.25706245,-8.08472673,-23.4753704,-4.80075086,-55.8755885,0.504127672,74.0380895,2.77031512,-2.85179843,24.6711931,-42.6159647,-1.87577421,-11.5247754,97.7165453,-6.63503999,-8.08004634,-6.29773324,1.05114306,-7.03550551,19.8066265,-9.9537414,-7.21759238
440,-2.99328845,-10.1828516,105.80771,5.44747029,-4.07447414,-3.54595012,0.270429387,0.733429769,6.34069171,0,0,-1.0810833,52.4974384,-1.21742167,72.2090399,-6.2942174,-8.06083729,-23.4724198,-4.79892592,-55.9191105,0.639005978,74.0146961,2.85943095,-2.83509242,24.6018821,-42.6233242,-1.89648655,-11.5543083,97.7402256,-6.6498107,-8.10081865,-6.29856481,1.04937287,-7.02825441,19.8080557,-9.9495673,-7.23126215
441,-2.9986145,-10.1765811,105.804503,5.45095761,-4.08344605,-3.55512567,0.27799641,0.732341954,6.35486478,0,0,-1.10987202,52.5124683,-1.27544946,72.2371189,-6.33219495,-8.07051993,-23.4875145,-4.77096654,-55.8997264,0.502981747,74.0063428,2.76829552,-2.81920989,24.6255521,-42.6401163,-1.92581943,-11.5821114,97.7774023,-6.62729669,-8.10738759,-6.30157778,1.04387777,-7.0166465,19.8259474,-9.96027533,-7.27776634
442,-3.00160348,-10.1685412,105.801725,5.45178499,-4.08965059,-3.55614061,0.258059408,0.741447877,6.36002456,0,0,-1.09347455,52.49639,-1.26614984,72.2390723,-6.31617859,-8.06545193,-23.4764445,-4.77405634,-55.9125125,0.529947067,73.994185,2.79675052,-2.79323489,24.6674399,-42.6615938,-1.96192595,-11.6203451,97.8232534,-6.60721722,-8.13482787,-6.30523278,1.03816816,-7.0123025,19.8458147,-9.97774012,-7.25478105
443,-3.00291628,-10.1626217,105.803764,5.45121211,-4.10012426,-3.56791346,0.262299354,0.738985914,6.37764986,0,0,-1.10737163,52.5234956,-1.29275951,72.2553213,-6.26181967,-8.09038127,-23.5515953,-4.77404866,-55.8967041,0.451042534,74.0018417,2.70492118,-2.78931073,24.6672777,-42.6757664,-1.98204406,-11.6520389,97.8568101,-6.59358245,-8.16140328,-6.30875545,1.03695857,-6.99494059,19.8737724,-9.98495536,-7.2636842
444,-3.00309286,-10.1569645,105.799723,5.45248712,-4.10866929,-3.57066622,0.283448582,0.742375342,6.38309566,0,0,-1.14183634,52.5340414,-1.36436518,72.2654778,-6.27410462,-8.08911854,-23.5565643,-4.73590718,-55.9049686,0.432098551,73.9980168,2.72807787,-2.77986266,24.6168197,-42.686944,-2.01104653,-11.6840332,97.8837688,-6.57072309,-8.14961438,-6.31008051,1.03040522,-6.99305076,19.8970224,-9.98437309,-7.27515977
445,-3.00441552,-10.1511158,105.7989,5.45032882,-4.11369726,-3.57320938,0.2736217,0.749276661,6.38759291,0,0,-1.13036365,52.5447853,-1.40018825,72.2650885,-6.32246578,-8.0812254,-23.5585604,-4.72313259,-55.9307423,0.539793532,73.9639,2.85864804,-2.75222921,24.594374,-42.6869577,-2.02782255,-11.7063039,97.8926549,-6.59990806,-8.12200334,-6.31248047,1.02784294,-6.98715161,19.9113094,-9.9790925,-7.27046914
446,-3.00539788,-10.1478666,105.794609,5.45322605,-4.12143341,-3.56982034,0.274050321,0.742730832,6.39583951,0,0,-1.15673117,52.565812,-1.50281024,72.2843359,-6.38304315,-8.08736574,-23.5472138,-4.72636455,-55.9054194,0.456678561,74.0028525,2.62928794,-2.78517569,24.5186477,-42.7082713,-2.054351,-11.7441056,97.9265327,-6.59954649,-8.15794721,-6.30844084,1.02294548,-6.98274059,19.9223436,-9.99780039,-7.28923338
447,-3.00659481,-10.1444468,105.796278,5.45353686,-4.13137971,-3.57186216,0.28535279,0.734569663,6.40718574,0,0,-1.17071107,52.5831641,-1.52990144,72.2897591,-6.29534096,-8.10900293,-23.5578962,-4.68820001,-55.9034011,0.458038676,73.9770481,2.6859736,-2.7538454,24.5634093,-42.7260127,-2.07479739,-11.7819175,97.9559708,-6.57579194,-8.16418061,-6.30896505,1.01866434,-6.97899978,19.9446988,-9.99806164,-7.3175761
448,-3.00801713,-10.1423368,105.797076,5.44928004,-4.13670956,-3.55376401,0.256174196,0.736727256,6.40707517,0,0,-1.1728677,52.5966264,-1.55604825,72.3164583,-6.32462028,-8.13641845,-23.5682354,-4.69454398,-55.8898056,0.446129094,73.9835641,2.61944158,-2.76262604,24.5156953,-42.7282394,-2.09178705,-11.8289536,97.9508413,-6.6041923,-8.2105132,-6.31999111,1.01882933,-6.99314937,19.9740567,-10.0063663,-7.31287778
449,-3.00813504,-10.1409115,105.798137,5.44961557,-4.14115081,-3.54250896,0.247793687,0.734272496,6.41108748,0,0,-1.19213065,52.6027497,-1.60105771,72.3318809,-6.34076044,-8.14960072,-23.5378001,-4.67906207,-55.9034659,0.477688009,73.9753064,2.66834189,-2.76215732,24.5187791,-42.7346085,-2.11103431,-11.8654046,97.9491679,-6.59000429,-8.18476936,-6.31949721,1.01398096,-6.99916506,19.9827122,-9.98297802,-7.28827032
450,-3.01084276,-10.1413392,105.794215,5.4524285,-4.14414112,-3.52813019,0.246642453,0.723929029,6.4146951,0,0,-1.19740324,52.6097131,-1.56506101,72.3268061,-6.24488038,-8.19077651,-23.5600716,-4.6371785,-55.9161701,0.519767951,73.9441334,2.79768945,-2.75137458,24.5118141,-42.7455471,-2.11922627,-11.8984534,97.9519888,-6.61458315,-8.17000932,-6.32277442,1.00625282,-7.01203911,19.9942279,-9.99640447,-7.29369605
451,-3.01095843,-10.1395138,105.79443,5.45525737,-4.14532975,-3.51134633,0.240486105,0.716530707,6.41015559,0,0,-1.23083776,52.6446017,-1.64153682,72.3592768,-6.27359492,-8.20604369,-23.5888301,-4.61837755,-55.8811346,0.384289841,73.9753542,2.66526959,-2.80057286,24.5306449,-42.7603412,-2.14297228,-11.9381009,97.9454796,-6.59713031,-8.16435905,-6.32494386,0.998942273,-7.01102654,20.0011127,-10.0059548,-7.29908507
452,-3.01249363,-10.1390295,105.795491,5.45781229,-4.14592074,-3.50181586,0.246388162,0.711065275,6.41487994,0,0,-1.25390715,52.6821848,-1.65311613,72.3702597,-6.26926842,-8.24998401,-23.6448052,-4.57482186,-55.8750148,0.33992955,73.9526916,2.70523537,-2.78838716,24.5063345,-42.7646135,-2.1523465,-11.9653209,97.9339024,-6.61247774,-8.1582725,-6.33131173,0.993788896,-7.00944791,20.0120923,-10.0131307,-7.30669732
453,-3.00955866,-10.1332948,105.798531,5.45765471,-4.15008831,-3.50524123,0.247303034,0.712604949,6.41902288,0,0,-1.24237982,52.6839504,-1.57451933,72.3648366,-6.24739218,-8.23253629,-23.7085309,-4.54970555,-55.899863,0.342116412,73.9220719,2.72207286,-2.77117978,24.5236713,-42.7738616,-2.15540088,-11.9923574,97.9248934,-6.61731693,-8.1186352,-6.32878925,0.990571983,-7.00434149,20.0175974,-10.0067257,-7.33165141
454,-3.00839283,-10.1360142,105.793035,5.45904351,-4.15214976,-3.49307657,0.253091886,0.704006167,6.42076373,0,0,-1.26887306,52.7185624,-1.59452452,72.3739207,-6.24305971,-8.2701638,-23.7603788,-4.50853231,-55.8812473,0.227181937,73.9176527,2.74336149,-2.79056343,24.5185828,-42.7827955,-2.15521603,-12.0288579,97.9071213,-6.64250923,-8.12986403,-6.32754402,0.989045329,-7.00905944,20.0236028,-10.0203707,-7.34395515
455,-3.01060621,-10.1362027,105.793679,5.45845908,-4.15646109,-3.48514085,0.244666501,0.698677606,6.43187132,0,0,-1.24885356,52.6955891,-1.51907537,72.3572482,-6.28468928,-8.27668578,-23.6586381,-4.47957701,-55.8988043,0.257686469,73.8664195,2.79145968,-2.77034415,24.5087439,-42.7796912,-2.15343463,-12.0584292,97.8738377,-6.65486291,-8.12441781,-6.32979884,0.986880693,-7.00429453,20.0345089,-10.0090224,-7.3544079
456,-3.00849732,-10.1334758,105.792058,5.45949822,-4.16006183,-3.47287594,0.247869833,0.694098978,6.43011169,0,0,-1.25204134,52.6914602,-1.51026475,72.35203,-6.28139414,-8.27524717,-23.6121518,-4.41958404,-55.8915165,0.193145623,73.8320022,2.81118292,-2.76339699,24.5400108,-42.7945058,-2.16330874,-12.0978436,97.8632919,-6.65423026,-8.1161234,-6.32799225,0.983022383,-7.00273725,20.0454236,-10.0238652,-7.36176401
457,-3.00536901,-10.1342559,105.78506,5.45895996,-4.16299472,-3.47525755,0.253570613,0.692962925,6.43698286,0,0,-1.25530019,52.6952714,-1.52594686,72.3544683,-6.40986957,-8.25242409,-23.6154286,-4.40562527,-55.9026258,0.214404214,73.8064846,2.82691413,-2.74873514,24.5187757,-42.8161507,-2.14274859,-12.1253181,97.8568306,-6.65468276,-8.17543676,-6.3211087,0.988583331,-6.99809998,20.0434411,-10.0407794,-7.39708548
458,-3.00037246,-10.1349086,105.78227,5.45770411,-4.16955457,-3.46482819,0.240589865,0.684389437,6.44151768,0,0,-1.24391352,52.7162504,-1.52510088,72.3481367,-6.44589285,-8.27503117,-23.5665073,-4.38661642,-55.9120925,0.239438791,73.780687,2.87520378,-2.7671679,24.5238506,-42.8319899,-2.14520746,-12.1623053,97.84748,-6.6322029,-8.14736895,-6.31290949,0.986346337,-7.00303778,20.0504813,-10.0504637,-7.40589472
459,-3.00174989,-10.1348072,105.779397,5.4599728,-4.16967055,-3.46093624,0.244590835,0.68229433,6.44741128,0,0,-1.24050301,52.7206217,-1.51142695,72.3251941,-6.43815467,-8.23778102,-23.6018689,-4.36875761,-55.906864,0.222100743,73.7682492,2.95367176,-2.77421772,24.5558312,-42.8316518,-2.14704286,-12.1877563,97.8235539,-6.64943462,-8.15291421,-6.31689021,0.980902677,-7.00439784,20.0580577,-10.0569635,-7.41163037
460,-3.00182514,-10.1324446,105.783808,5.4593516,-4.17485062,-3.44775566,0.228228743,0.675258221,6.45982857,0,0,-1.23647405,52.7273324,-1.54165758,72.3188079,-6.54015031,-8.22803093,-23.6006515,-4.36633503,-55.8914755,0.179087693,73.7582361,2.85827494,-2.78865034,24.5359451,-42.826618,-2.15049274,-12.2168674,97.7938836,-6.65857042,-8.10763006,-6.3206037,0.976328264,-7.00876489,20.0760689,-10.0507267,-7.41611524
461,-2.99900509,-10.129156,105.777502,5.46556719,-4.17712356,-3.437229,0.234869315,0.670532317,6.45761132,0,0,-1.2483986,52.7355252,-1.55732571,72.3157138,-6.53735164,-8.22196999,-23.638518,-4.33025285,-55.9021921,0.169978529,73.7489744,2.82994481,-2.79270875,24.5477084,-42.8435295,-2.1704894,-12.2542405,97.7925107,-6.64145696,-8.10572785,-6.31987714,0.968412608,-7.00991578,20.0848611,-10.0681787,-7.41797732
462,-2.99500208,-10.1246662,105.779386,5.46309194,-4.1831125,-3.43048747,0.240999009,0.680830162,6.46567094,0,0,-1.27392355,52.7346748,-1.57923952,72.3376046,-6.46272585,-8.26287172,-23.5931468,-4.3093879,-55.9102312,0.151699929,73.741229,2.86767968,-2.7745714,24.5814205,-42.8454932,-2.17420524,-12.2851078,97.7786386,-6.63289702,-8.08349473,-6.31872966,0.964474684,-7.02249699,20.1006679,-10.0608439,-7.41064767
463,-2.9949246,-10.126026,105.773437,5.46520793,-4.18756469,-3.41248369,0.217728862,0.669720165,6.4722847,0,0,-1.2209516,52.7423963,-1.5316632,72.2884477,-6.47914519,-8.23174996,-23.5847627,-4.31552141,-55.9143259,0.200204677,73.7360107,2.84724077,-2.78327156,24.5472081,-42.8471973,-2.17862523,-12.3173207,97.7608528,-6.65767439,-8.07033637,-6.3227377,0.957746735,-7.03022577,20.1188106,-10.0752701,-7.41901295
464,-2.99372356,-10.123045,105.774105,5.4662091,-4.1842518,-3.40404556,0.215465748,0.671848623,6.4611946,0,0,-1.20415371,52.7187434,-1.45842447,72.2911115,-6.45199178,-8.25167277,-23.5891033,-4.30018977,-55.8975647,0.190647348,73.737568,2.93564455,-2.76759372,24.5485844,-42.8331579,-2.17541674,-12.3407977,97.7191886,-6.72724456,-8.07079314,-6.33258171,0.950649207,-7.02570846,20.1307531,-10.0780645,-7.42012968
465,-2.99243405,-10.1207435,105.773449,5.47010578,-4.18340879,-3.39557549,0.21248317,0.670432533,6.45599811,0,0,-1.1949337,52.7081224,-1.42814763,72.2968147,-6.40762201,-8.25777128,-23.5628327,-4.30045017,-55.8799052,0.0954591574,73.7686658,2.78852035,-2.7892403,24.5815964,-42.8362246,-2.18281192,-12.3617664,97.698698,-6.73957433,-8.10555368,-6.33628752,0.944508014,-7.02756499,20.1368525,-10.0877967,-7.42361393
466,-2.98467614,-10.116183,105.773115,5.46640522,-4.18709713,-3.38476029,0.212389481,0.68835068,6.44965585,0,0,-1.16150003,52.6644263,-1.34002378,72.2751015,-6.39655967,-8.25948651,-23.577924,-4.28013506,-55.8805131,0.0308146552,73.7812129,2.69252076,-2.7981998,24.5844395,-42.8480545,-2.18592456,-12.3929625,97.6983634,-6.7218914,-8.15941997,-6.33267392,0.943243255,-7.02883583,20.1485202,-10.1004795,-7.42821663
467,-2.97566131,-10.1120792,105.778682,5.46146923,-4.194872,-3.38652105,0.218086139,0.694196095,6.45656245,0,0,-1.14594417,52.6224002,-1.20303676,72.2832021,-6.29689867,-8.28355268,-23.5733102,-4.27630417,-55.8672523,-0.0235869277,73.7931111,2.61006224,-2.81379376,24.5351904,-42.8589555,-2.17357537,-12.4141386,97.6960411,-6.66544373,-8.16047353,-6.32271764,0.945268833,-7.03407757,20.1580141,-10.0922892,-7.41882853
468,-2.96952818,-10.1107791,105.773091,5.46150078,-4.19654476,-3.37719089,0.225375992,0.698534972,6.44900997,0,0,-1.1368502,52.5959093,-1.12796455,72.2737765,-6.21758182,-8.31613097,-23.5627832,-4.25078531,-55.8938217,0.0209946558,73.7937668,2.64752241,-2.79100441,24.4756209,-42.8783054,-2.17337537,-12.4380656,97.700672,-6.62303636,-8.15778926,-6.31377009,0.941581384,-7.03941195,20.1529581,-10.1007288,-7.41311423
469,-2.9659925,-10.1093903,105.776465,5.46155803,-4.19818159,-3.37687322,0.230034128,0.706051489,6.4491803,0,0,-1.1245962,52.5683358,-1.07791409,72.2718162,-6.16997754,-8.30028067,-23.5587995,-4.24752005,-55.8968475,0.00107572103,73.805262,2.59311013,-2.8062417,24.4642059,-42.8903061,-2.16719298,-12.4488189,97.7007266,-6.57728007,-8.15518269,-6.31044721,0.938383682,-7.03812916,20.1548176,-10.0982947,-7.40552589
470,-2.96397619,-10.1058654,105.781984,5.46033156,-4.19634754,-3.36668393,0.229131129,0.709305594,6.4501139,0,0,-1.12434743,52.5414692,-1.03939193,72.2737833,-6.11037474,-8.32622173,-23.5287535,-4.23847987,-55.8754144,-0.0950517473,73.8101182,2.58051676,-2.80152823,24.5287922,-42.8878848,-2.15642007,-12.4559009,97.6844161,-6.59872473,-8.14936081,-6.31279679,0.938317301,-7.03960661,20.160251,-10.0992748,-7.41000905
471,-2.95738038,-10.0972466,105.785203,5.45688913,-4.19754263,-3.35112692,0.218128681,0.726695309,6.44569989,0,0,-1.11565505,52.5229663,-1.01519876,72.2727656,-6.12811531,-8.30832065,-23.5923647,-4.21455286,-55.8920493,-0.122574201,73.7896004,2.52841992,-2.7825021,24.520596,-42.8849512,-2.16127398,-12.4699447,97.6733512,-6.60667977,-8.1508293,-6.31079042,0.935965581,-7.0524431,20.1661523,-10.099192,-7.37122638
472,-2.95385011,-10.0935869,105.785394,5.45638571,-4.19843131,-3.34462682,0.223006837,0.737386796,6.44722516,0,0,-1.08649537,52.4820432,-0.895167207,72.2420366,-6.01106763,-8.32265722,-23.5942208,-4.18781523,-55.9034318,-0.143785034,73.779116,2.4660112,-2.7953023,24.4672744,-42.8889161,-2.16518235,-12.4806092,97.6695468,-6.60290011,-8.14850789,-6.30538091,0.933924849,-7.05545649,20.1612704,-10.090679,-7.39516534
473,-2.94989627,-10.0927308,105.781579,5.46024193,-4.19703198,-3.33039837,0.223917026,0.736388041,6.44328201,0,0,-1.07851803,52.4745027,-0.874321523,72.2329456,-6.03546806,-8.33624076,-23.6314437,-4.16641027,-55.9264666,-0.0977538742,73.7722244,2.54817176,-2.77888488,24.5143378,-42.8938031,-2.18112038,-12.4984231,97.6678392,-6.60393915,-8.12324046,-6.30060917,0.925392342,-7.04639454,20.1581593,-10.1073882,-7.42578593
474,-2.94945762,-10.089612,105.782795,5.45710431,-4.20058367,-3.30968407,0.225069781,0.747006477,6.45401309,0,0,-1.09167575,52.4681096,-0.903397532,72.2191145,-6.07618538,-8.28996537,-23.6745353,-4.1252571,-55.9193188,-0.191626213,73.7525193,2.52395404,-2.76094602,24.524525,-42.8923893,-2.19288751,-12.5187011,97.6656126,-6.60339146,-8.14982782,-6.30408019,0.923499526,-7.05112914,20.1726854,-10.1106291,-7.43399924
475,-2.94643864,-10.0868151,105.780542,5.45955516,-4.2015621,-3.29664079,0.222372937,0.745989793,6.45687963,0,0,-1.0775537,52.4584244,-0.879627246,72.2107133,-6.08220918,-8.30139313,-23.6662093,-4.11763589,-55.9166721,-0.233913355,73.7745535,2.49292791,-2.79139565,24.5589133,-42.8993151,-2.20941785,-12.5351525,97.6766638,-6.59789102,-8.16292471,-6.30266591,0.919593618,-7.04773112,20.1784347,-10.1335794,-7.43811016
476,-2.94264853,-10.0872412,105.777502,5.46409435,-4.20264108,-3.27492566,0.212804389,0.729930791,6.45713406,0,0,-1.06537675,52.4646638,-0.802793328,72.2145861,-5.96037141,-8.29788754,-23.7705541,-4.10825975,-55.8853215,-0.345614349,73.791021,2.39917353,-2.81315471,24.5622379,-42.904489,-2.23434249,-12.5514246,97.686431,-6.5856859,-8.1333645,-6.30018442,0.911760992,-7.05851087,20.1803762,-10.14481,-7.45307339
477,-2.94061285,-10.0903384,105.770874,5.46910529,-4.19940942,-3.25025261,0.207234369,0.723308602,6.44833677,0,0,-1.06092539,52.5049038,-0.893425989,72.1979272,-6.02653246,-8.27594385,-23.831435,-4.06895116,-55.9136566,-0.293587864,73.7675252,2.50911631,-2.78813167,24.5609009,-42.8925703,-2.25523049,-12.5604618,97.6729277,-6.63121295,-8.16548091,-6.3010113,0.903331578,-7.06872243,20.1762627,-10.1622833,-7.46657582
478,-2.93857623,-10.0915059,105.770934,5.46860194,-4.20122465,-3.22574563,0.179381618,0.718772663,6.45276957,0,0,-1.02497298,52.5103612,-0.866098509,72.177341,-6.0031301,-8.24476062,-23.8254244,-4.08210098,-55.9002387,-0.339237727,73.7879816,2.49107372,-2.81912814,24.5668176,-42.8913067,-2.27163127,-12.5719245,97.6726887,-6.62731078,-8.13578324,-6.29630701,0.901734701,-7.06479507,20.1729227,-10.1665248,-7.51726693
479,-2.93518994,-10.0949846,105.770469,5.46731792,-4.20177537,-3.19315187,0.159815581,0.711639171,6.44666295,0,0,-1.02470265,52.5365447,-0.964656004,72.1857148,-6.08211484,-8.22983068,-23.8333748,-4.06748608,-55.8788431,-0.390068075,73.802967,2.49787147,-2.84405363,24.5971931,-42.8993424,-2.28143387,-12.5852178,97.6765477,-6.62308332,-8.14717002,-6.29268359,0.902025838,-7.07407345,20.1741163,-10.1755988,-7.54605361
480,-2.93233395,-10.0952119,105.774117,5.46241078,-4.20197667,-3.15992319,0.137755417,0.711753203,6.44653531,0,0,-1.02585781,52.5329383,-0.966354054,72.1957279,-5.99768943,-8.25727267,-23.8535699,-4.04620663,-55.8858919,-0.406739953,73.7869502,2.48365422,-2.82126257,24.6184948,-42.8898382,-2.29066594,-12.595802,97.6689252,-6.64861841,-8.17606002,-6.2908689,0.905564836,-7.09097134,20.1758768,-10.1811244,-7.60102895
481,-2.92805266,-10.1014778,105.775213,5.46308035,-4.1984131,-3.11606465,0.10906929,0.69615764,6.43586485,0,0,-1.02208445,52.5525444,-1.03916366,72.2007208,-6.04829601,-8.2670868,-23.7998181,-4.0253357,-55.874161,-0.365802227,73.7810968,2.6781891,-2.81696553,24.6988656,-42.8837286,-2.31282884,-12.6105083,97.6559547,-6.65740374,-8.16178407,-6.27854339,0.905560461,-7.10130456,20.1500997,-10.1835038,-7.64314475
482,-2.92648524,-10.1114623,105.772722,5.46702962,-4.19891475,-3.06943759,0.0947052553,0.669848658,6.43367278,0,0,-1.04619245,52.576976,-1.14095066,72.2027084,-6.06806812,-8.26662406,-23.7530996,-3.99905826,-55.8613647,-0.452160391,73.7992582,2.48181113,-2.85686664,24.6458395,-42.8879838,-2.34872212,-12.6325561,97.6558864,-6.62426067,-8.15230889,-6.26751392,0.901771307,-7.11811238,20.1386796,-10.1983774,-7.68582234
483,-2.92557012,-10.1185031,105.771613,5.46353107,-4.19800628,-3.02387545,0.0571889071,0.672405603,6.42572116,0,0,-1.02551214,52.5426201,-1.07672479,72.2189027,-6.01187232,-8.30785364,-23.7292656,-3.98200455,-55.8838701,-0.387873663,73.7738499,2.56655009,-2.81807799,24.6677302,-42.8751909,-2.37300686,-12.6483432,97.6435784,-6.65592799,-8.18439199,-6.26772352,0.90335591,-7.12407471,20.1392789,-10.2073028,-7.7160186
484,-2.92188004,-10.1240389,105.770302,5.46381991,-4.2003815,-2.98022179,0.0309873676,0.662600333,6.42603749,0,0,-1.03615218,52.5256505,-1.06118557,72.2366954,-6.05487177,-8.30943568,-23.708174,-3.96033877,-55.8840921,-0.400654308,73.7765342,2.53022586,-2.83598462,24.674989,-42.88128,-2.40792129,-12.6705285,97.6539876,-6.64081364,-8.19032316,-6.26042973,0.901675684,-7.13462351,20.1380392,-10.224952,-7.71482673
485,-2.9193949,-10.1332687,105.771971,5.46274588,-4.2012098,-2.92413074,0.00773706187,0.645199946,6.41985873,0,0,-1.04236808,52.5080935,-0.987268626,72.2425489,-6.02376581,-8.33886526,-23.7380168,-3.91222179,-55.8776649,-0.438050767,73.7515767,2.56161677,-2.79628158,24.7248118,-42.8750133,-2.43897902,-12.6893824,97.6471233,-6.65402664,-8.20126085,-6.25558371,0.900661508,-7.16457816,20.133936,-10.2323892,-7.75655236
486,-2.9155435,-10.1372294,105.766106,5.46602074,-4.20114853,-2.87328976,-0.0192553405,0.639063341,6.41900026,0,0,-1.05588364,52.4683248,-0.904443831,72.2448848,-6.0027839,-8.32024616,-23.7393692,-3.89118481,-55.8609685,-0.541551505,73.7487285,2.47626566,-2.77615045,24.7229403,-42.8765535,-2.48472485,-12.7028251,97.6607768,-6.67199644,-8.16503097,-6.24852642,0.89003448,-7.20037091,20.1270341,-10.2518117,-7.73884595
487,-2.917354,-10.1486936,105.762434,5.46642213,-4.20188355,-2.815556,-0.0394586098,0.616428575,6.41693114,0,0,-1.0766837,52.4773508,-0.926680259,72.2296125,-6.02772561,-8.30912576,-23.6818539,-3.84830574,-55.8639635,-0.491685842,73.7261479,2.63874626,-2.75753733,24.7291507,-42.8747981,-2.51772896,-12.7185951,97.6615486,-6.68633087,-8.17525064,-6.24688675,0.885579436,-7.23220727,20.1263135,-10.2606628,-7.75367856
488,-2.91758757,-10.1536192,105.760765,5.46994474,-4.19803712,-2.76889733,-0.0511799915,0.604360324,6.41130562,0,0,-1.13029407,52.4683521,-0.921618662,72.242221,-5.94952422,-8.29418643,-23.6754694,-3.80937665,-55.833156,-0.596592745,73.726988,2.65023805,-2.75945469,24.7459683,-42.8584296,-2.54071703,-12.706078,97.6442956,-6.70805002,-8.10533341,-6.24736699,0.875545995,-7.27289044,20.1164388,-10.264363,-7.7293887
489,-2.91482415,-10.1586126,105.764174,5.46792005,-4.19681611,-2.74262254,-0.0421844723,0.601807114,6.40556143,0,0,-1.15136787,52.4910488,-0.983894513,72.2298037,-5.94833491,-8.30398519,-23.7166451,-3.77887516,-55.8417586,-0.660944759,73.7417344,2.53761677,-2.78133008,24.7124389,-42.8457562,-2.54333769,-12.6920786,97.6318168,-6.69232351,-8.09951409,-6.24701396,0.876925053,-7.28625115,20.1178031,-10.2631285,-7.76240156
490,-2.91269924,-10.1608321,105.761588,5.46718599,-4.19113566,-2.71684273,-0.0501581412,0.607067213,6.39657205,0,0,-1.13971237,52.4764663,-0.9742394,72.1967866,-5.91227364,-8.2747221,-23.6923672,-3.74604884,-55.8497397,-0.676624473,73.7162851,2.63014833,-2.75595123,24.7372223,-42.8400598,-2.54654788,-12.668611,97.6279509,-6.69785255,-8.08156776,-6.24868607,0.876877455,-7.31498148,20.1103958,-10.2754587,-7.74862507
491,-2.91152038,-10.1683393,105.762398,5.4616065,-4.19532692,-2.69484433,-0.0450151855,0.602739435,6.39234843,0,0,-1.14214167,52.4768591,-0.980279955,72.1757018,-5.94750034,-8.26580699,-23.6609962,-3.73794952,-55.8390777,-0.702960188,73.7411333,2.66848853,-2.75553779,24.7455875,-42.8238483,-2.53570495,-12.651743,97.6173232,-6.69947813,-8.10008526,-6.24811703,0.881584362,-7.34006194,20.1233407,-10.2676321,-7.72734732
492,-2.9106237,-10.178034,105.763042,5.46143802,-4.19587284,-2.67922966,-0.0379893221,0.591201805,6.39978096,0,0,-1.15199507,52.4865955,-0.974491477,72.1535651,-5.9051425,-8.25651196,-23.6335269,-3.71952465,-55.8159302,-0.813697885,73.74336,2.6603256,-2.74950012,24.7631889,-42.8190945,-2.53029075,-12.6289096,97.6173846,-6.68041892,-8.12216129,-6.24520951,0.885493045,-7.36269889,20.1197787,-10.2670678,-7.73518924
493,-2.91110352,-10.1849064,105.761278,5.4657091,-4.19271147,-2.66521477,-0.0135490051,0.584026264,6.39986292,0,0,-1.16742618,52.4705719,-0.975440126,72.130807,-5.94308335,-8.24843782,-23.6168305,-3.68504799,-55.799671,-0.926988792,73.7675935,2.60445486,-2.78056126,24.7598438,-42.813282,-2.53219445,-12.6084712,97.6156634,-6.66945817,-8.12921858,-6.24375126,0.881872458,-7.37677079,20.1122826,-10.278627,-7.71031625
494,-2.90768333,-10.1927958,105.761302,5.46507733,-4.18910216,-2.65477317,0.0285232402,0.568225102,6.39237959,0,0,-1.25037402,52.4907039,-1.08018609,72.1740694,-6.01178139,-8.27448987,-23.6472658,-3.63293707,-55.8050395,-0.990063668,73.7950987,2.56438193,-2.81705475,24.8135906,-42.8028421,-2.52290603,-12.5900775,97.6053635,-6.64523619,-8.20742339,-6.24023414,0.889545428,-7.39239655,20.1028535,-10.2748055,-7.70015293
495,-2.90359408,-10.1967633,105.762625,5.46092602,-4.18887251,-2.63836118,0.0206320788,0.572001502,6.38352383,0,0,-1.22825552,52.4917489,-1.06958905,72.1647052,-6.01412116,-8.27339192,-23.6717691,-3.64159903,-55.8163742,-0.969727313,73.8123244,2.53353189,-2.81618774,24.813787,-42.7889631,-2.51270707,-12.5666311,97.5983147,-6.64134895,-8.18727177,-6.23963095,0.891846668,-7.41250036,20.1074076,-10.2739262,-7.70310442
496,-2.90437322,-10.203705,105.760896,5.4602983,-4.18931807,-2.63383824,0.0293510004,0.569258221,6.39276123,0,0,-1.1778007,52.4981146,-1.02303256,72.1190385,-6.05227374,-8.26770493,-23.7206203,-3.6661749,-55.8165928,-0.975304696,73.8503549,2.55861384,-2.85236618,24.8908366,-42.7800532,-2.48508365,-12.527775,97.5928096,-6.64242001,-8.15580253,-6.23991142,0.89614163,-7.41905649,20.108637,-10.2715996,-7.72077497
497,-2.90385876,-10.2128893,105.759823,5.46220206,-4.18490492,-2.62593228,0.0360799173,0.552085471,6.38101074,0,0,-1.16921932,52.5151867,-1.04963252,72.1200494,-6.07013127,-8.27617351,-23.7147464,-3.65757057,-55.8028094,-0.957688358,73.8353353,2.64510516,-2.82419827,24.9260121,-42.7716794,-2.45862968,-12.4843026,97.585071,-6.65242282,-8.13194382,-6.24005186,0.897529225,-7.43342892,20.1019998,-10.2773097,-7.73323665
498,-2.90235914,-10.2213115,105.763376,5.4580324,-4.18456854,-2.61278514,0.0352459306,0.54516126,6.3866051,0,0,-1.14401901,52.5270575,-0.975936595,72.1001326,-5.94159778,-8.31602169,-23.7559478,-3.6721193,-55.7954363,-0.964107562,73.8420699,2.60945691,-2.84067866,24.9220728,-42.7626054,-2.43373044,-12.4558215,97.5700924,-6.6307993,-8.17780257,-6.23590209,0.907602367,-7.44808138,20.0970854,-10.267995,-7.71066459
499,-2.90300064,-10.2295801,105.762506,5.45848428,-4.1794738,-2.60258499,0.0484648412,0.540006335,6.38582859,0,0,-1.11185896,52.5463289,-1.04988417,72.0444734,-5.99321395,-8.30839835,-23.7065672,-3.65712703,-55.792086,-1.09680128,73.8269478,2.4119701,-2.85542035,24.942606,-42.7539277,-2.41266059,-12.4238178,97.5540961,-6.63056408,-8.2159654,-6.2367358,0.916242023,-7.45338502,20.0864252,-10.2762826,-7.73328361
500,-2.90267672,-10.2423526,105.762112,5.4604551,-4.17506154,-2.5820882,0.0515929445,0.518657458,6.38622431,0,0,-1.13113205,52.5779186,-1.10459634,72.0579288,-6.00508866,-8.32720954,-23.708215,-3.64905119,-55.7889442,-1.0749087,73.808923,2.35357006,-2.85254249,24.792195,-42.7376309,-2.39570913,-12.3984872,97.5270622,-6.64230048,-8.20090995,-6.2357783,0.91930707,-7.47335649,20.0755037,-10.2749413,-7.70951285
501,-2.90252883,-10.2520622,105.760467,5.45929998,-4.17127921,-2.56934408,0.0500469805,0.509426298,6.37703814,0,0,-1.10287673,52.6097165,-1.14412264,72.0341256,-6.08417328,-8.30674629,-23.7552784,-3.64436184,-55.810005,-1.05341719,73.7972912,2.33250619,-2.84512554,24.7586366,-42.7232192,-2.37367942,-12.3731745,97.5020023,-6.66007264,-8.18843461,-6.24048857,0.924777305,-7.48361544,20.0755294,-10.2798471,-7.73188428
502,-2.90092751,-10.2646627,105.756426,5.46149086,-4.16686759,-2.55485648,0.050128676,0.492791799,6.3754023,0,0,-1.08956213,52.6186231,-1.12254501,72.0277053,-6.1005636,-8.2448682,-23.7032597,-3.65118349,-55.7989128,-0.979239846,73.7949006,2.48964835,-2.84015573,24.6925494,-42.7132471,-2.35806027,-12.3460485,97.4860469,-6.66948933,-8.21164786,-6.23688991,0.928038293,-7.50054662,20.0636073,-10.285038,-7.72918806
503,-2.90052444,-10.272228,105.759346,5.45045373,-4.16553926,-2.53499838,0.0220193243,0.519437594,6.37380319,0,0,-1.0468839,52.5983818,-1.10367277,72.0201169,-6.14123695,-8.2349021,-23.6871353,-3.6646586,-55.8498251,-0.947330483,73.7700182,2.40557427,-2.80462957,24.6564809,-42.7037258,-2.32873763,-12.3315539,97.459177,-6.66912691,-8.23723119,-6.23779576,0.943203554,-7.52067348,20.063889,-10.2749993,-7.7199323
504,-2.90067028,-10.2849893,105.759919,5.45160648,-4.16006261,-2.51433251,0.0270063462,0.497585418,6.37144165,0,0,-1.04579726,52.6309652,-1.15425224,72.022446,-6.22934469,-8.21368326,-23.6827281,-3.65024476,-55.8310318,-1.01580975,73.7719785,2.43890879,-2.81081174,24.6955581,-42.690004,-2.32288715,-12.3252437,97.4306541,-6.68057772,-8.27913099,-6.23522932,0.948911565,-7.54374842,20.0465181,-10.2734088,-7.73344498
505,-2.90197413,-10.2912202,105.758083,5.45253694,-4.1563717,-2.49120846,0.0193298239,0.492593616,6.37112447,0,0,-1.03490418,52.616977,-1.06822921,72.0305261,-6.23430127,-8.18405902,-23.6466869,-3.6432212,-55.8490806,-0.945700629,73.7515016,2.58650064,-2.77720123,24.7046184,-42.6747214,-2.32170766,-12.3163593,97.4026025,-6.70276089,-8.23004327,-6.24065761,0.945452501,-7.55995817,20.0499247,-10.2784042,-7.72028064
506,-2.90648155,-10.3072658,105.753386,5.45802823,-4.15151526,-2.46438976,0.0293685394,0.468913671,6.37268304,0,0,-1.06133637,52.6252142,-1.02105352,72.0487081,-6.16371297,-8.18759877,-23.6675275,-3.6115018,-55.8452522,-0.999701278,73.7437288,2.56272817,-2.79492067,24.7071148,-42.6600058,-2.3156813,-12.3113417,97.3641281,-6.73063063,-8.21942318,-6.24409021,0.944254443,-7.58732503,20.0396504,-10.2792281,-7.73002476
507,-2.91102864,-10.3189878,105.753839,5.45663211,-4.14857987,-2.44951623,0.0312977977,0.463228819,6.37836276,0,0,-1.07655265,52.6391888,-1.06011419,72.0841841,-6.18228468,-8.21446019,-23.6293946,-3.61522254,-55.8401467,-1.01062649,73.7488036,2.61071559,-2.80948028,24.7279486,-42.6440402,-2.2925658,-12.2993522,97.3277573,-6.72884667,-8.20991983,-6.25099553,0.9511524,-7.60608244,20.0398604,-10.27353,-7.73039786
508,-2.91618649,-10.3254937,105.752742,5.45743498,-4.14746739,-2.43352262,0.025612499,0.459237641,6.38619144,0,0,-1.07178304,52.649294,-1.05190111,72.0910416,-6.12463746,-8.22488562,-23.6274856,-3.62530091,-55.8393988,-0.983633685,73.7363727,2.70130524,-2.79373734,24.7446501,-42.6375925,-2.27775283,-12.2908033,97.3024105,-6.7231473,-8.18216791,-6.25391757,0.951974904,-7.61886172,20.0373298,-10.2637116,-7.7371828
509,-2.92055272,-10.3366353,105.748153,5.46108433,-4.14247908,-2.41673702,0.0349287637,0.452627832,6.38929704,0,0,-1.12865472,52.6752248,-1.18466632,72.1441941,-6.15927506,-8.23615458,-23.5593134,-3.60332051,-55.8408263,-1.05807698,73.7195636,2.63121256,-2.75651387,24.7712554,-42.6310799,-2.26969662,-12.2911815,97.2795088,-6.73176059,-8.18720006,-6.25757685,0.952325912,-7.6304628,20.030614,-10.2804507,-7.73242472
510,-2.9221613,-10.3460498,105.74522,5.46317981,-4.13992176,-2.4106283,0.0361717614,0.449932949,6.38471356,0,0,-1.11293354,52.6743745,-1.14781841,72.1634006,-6.06436958,-8.27462562,-23.5679331,-3.59307352,-55.8351504,-1.06175141,73.6958355,2.70037292,-2.70455107,24.7817397,-42.6279961,-2.25112128,-12.2813768,97.2709028,-6.73857926,-8.1393136,-6.25848782,0.954255868,-7.64431271,20.024279,-10.2772712,-7.71160118
511,-2.92362422,-10.3549108,105.743289,5.4616457,-4.13772453,-2.40435991,0.0348030288,0.448759864,6.38573809,0,0,-1.09720127,52.703092,-1.22014766,72.1628747,-6.13866325,-8.2621426,-23.5347897,-3.59922795,-55.8416391,-1.04397318,73.6840398,2.77135032,-2.65458803,24.8299694,-42.6169585,-2.22721647,-12.2756642,97.2468742,-6.74556526,-8.13223496,-6.26265595,0.960471019,-7.65594367,20.0227986,-10.2745323,-7.72894217
512,-2.92815659,-10.3652179,105.741048,5.46629333,-4.13701708,-2.39678126,0.0438833384,0.439512321,6.39597953,0,0,-1.10558714,52.7017806,-1.20000597,72.1674782,-6.0893702,-8.23529398,-23.4944045,-3.61480291,-55.8507984,-0.960768133,73.6947905,2.86153422,-2.64598839,24.824232,-42.6170336,-2.21581539,-12.2723089,97.2383843,-6.74091476,-8.11390017,-6.26247537,0.959513085,-7.6658133,20.0156849,-10.2770527,-7.73023052
513,-2.93084253,-10.3709809,105.742919,5.46533004,-4.13500858,-2.39574773,0.0503002978,0.43930376,6.3957345,0,0,-1.08798403,52.7127123,-1.24449995,72.1655726,-6.19097653,-8.21075823,-23.4734238,-3.62654657,-55.85741,-0.936417761,73.7073785,2.87462065,-2.63387932,24.883933,-42.6118188,-2.20452253,-12.2785286,97.2225997,-6.74038285,-8.14715209,-6.26529795,0.96482836,-7.67254701,20.0132534,-10.2715791,-7.71974362
514,-2.93498505,-10.3752963,105.747092,5.46820147,-4.13444972,-2.38650778,0.0505466282,0.444529389,6.40678489,0,0,-1.08115288,52.7169095,-1.23782334,72.1605046,-6.24019401,-8.17393754,-23.4989055,-3.64940935,-55.8712548,-0.81950472,73.7131705,3.02150002,-2.63058503,24.8579715,-42.6052447,-2.20342906,-12.279291,97.2118968,-6.73064429,-8.09764945,-6.26841038,0.962101407,-7.68006107,20.0144845,-10.2606449,-7.70423909
515,-2.93637272,-10.3805251,105.749428,5.46880826,-4.1356345,-2.38846724,0.055970312,0.444291159,6.41419693,0,0,-1.07815827,52.7224044,-1.25392946,72.1760775,-6.25935398,-8.18574096,-23.4872379,-3.69111662,-55.8756261,-0.717685862,73.7458667,3.14470767,-2.6571423,24.8521778,-42.6025605,-2.19708829,-12.2863065,97.2087617,-6.70837702,-8.09805157,-6.26710709,0.96396797,-7.69163141,20.0095207,-10.2455305,-7.68429579
516,-2.94075534,-10.3852712,105.748916,5.47251436,-4.13219007,-2.39119783,0.0637005387,0.448614242,6.42090887,0,0,-1.0853574,52.7061007,-1.21156777,72.2006183,-6.24181661,-8.2139744,-23.5223536,-3.70934554,-55.8572768,-0.772361153,73.761863,3.12458572,-2.68046655,24.8672878,-42.5979501,-2.19266191,-12.2888388,97.2012759,-6.70641547,-8.09715767,-6.27028399,0.963258804,-7.68747183,20.0008259,-10.2336554,-7.68996143
517,-2.9449461,-10.3929691,105.752444,5.47818787,-4.13013031,-2.39454409,0.0767502621,0.440317109,6.43047327,0,0,-1.10397148,52.7149014,-1.23745216,72.2203098,-6.30517174,-8.20263543,-23.5458119,-3.72263324,-55.8378278,-0.838828178,73.7854613,3.09499115,-2.70864727,24.8696033,-42.5978784,-2.18471135,-12.2900298,97.2022799,-6.69985209,-8.08458415,-6.27601409,0.960193543,-7.69113793,20.0012306,-10.228671,-7.6697159
518,-2.94624195,-10.3941366,105.759668,5.47721417,-4.12437741,-2.40440875,0.0866069854,0.460272788,6.43349178,0,0,-1.09081493,52.6903605,-1.16056226,72.2289431,-6.27595817,-8.22857307,-23.5555705,-3.72588356,-55.846007,-0.877885815,73.7796146,3.07743244,-2.70984639,24.8801935,-42.596123,-2.17610254,-12.2962162,97.1956819,-6.70687224,-8.10492787,-6.27582498,0.96423328,-7.69040625,19.9853948,-10.2076153,-7.65645167
519,-2.94669252,-10.4020029,105.762148,5.48240687,-4.11999529,-2.40720739,0.101148305,0.461667534,6.43517457,0,0,-1.08261465,52.7066574,-1.1612059,72.2330002,-6.23624232,-8.18671255,-23.5757827,-3.73112103,-55.8483873,-0.840090483,73.7854681,3.15458754,-2.70804962,24.8784774,-42.6029464,-2.1744793,-12.3040095,97.2096019,-6.69964547,-8.14359442,-6.26986734,0.963360723,-7.70955212,19.9636748,-10.2057293,-7.60964182
520,-2.94756666,-10.4072057,105.767286,5.48478104,-4.11655503,-2.40905301,0.117098764,0.461118717,6.44349033,0,0,-1.09861362,52.7054484,-1.14555122,72.2483955,-6.20255412,-8.19207681,-23.5558471,-3.72460247,-55.8564742,-0.849222606,73.7833507,3.15572712,-2.72305576,24.8923803,-42.5966797,-2.17981411,-12.3160614,97.2057018,-6.7003699,-8.17151965,-6.26855509,0.960160353,-7.73160253,19.9500127,-10.1797191,-7.60586643
521,-2.94847488,-10.4131848,105.766034,5.48971141,-4.11430954,-2.41931069,0.120909916,0.457040347,6.44635047,0,0,-1.06558891,52.711558,-1.08461771,72.2529034,-6.16585424,-8.22061846,-23.5226456,-3.75295758,-55.8445624,-0.869503038,73.7900512,3.09252353,-2.72348927,24.8616649,-42.6023863,-2.17915755,-12.3229795,97.2230983,-6.69354654,-8.22178045,-6.26718393,0.959750648,-7.71725487,19.9416303,-10.1843371,-7.59384445
522,-2.94916667,-10.4145035,105.770957,5.49049526,-4.1146945,-2.43760194,0.15141765,0.4726151,6.45869177,0,0,-1.08154744,52.6952271,-1.07728284,72.2782229,-6.18356364,-8.24449766,-23.518153,-3.74953309,-55.8352153,-0.974986772,73.7990738,3.01508093,-2.73293563,24.9228344,-42.6126111,-2.17413758,-12.3280586,97.2449139,-6.64890442,-8.25559928,-6.26288903,0.963041839,-7.70660148,19.9308899,-10.1702951,-7.59857179
523,-2.95322873,-10.4152888,105.769932,5.50009095,-4.11182819,-2.45665937,0.161644511,0.47015287,6.47057459,0,0,-1.0581185,52.7035496,-1.03966973,72.2671512,-6.18447632,-8.22568817,-23.5430234,-3.7791505,-55.8225145,-0.985145291,73.7872303,2.9225816,-2.69712986,24.8572304,-42.6205819,-2.17858403,-12.326246,97.2637584,-6.63120313,-8.25952151,-6.26161477,0.960674004,-7.693438,19.9166353,-10.1741584,-7.59053095
524,-2.95734052,-10.4171872,105.774045,5.50422175,-4.10873377,-2.47769206,0.180171839,0.473917478,6.47513715,0,0,-1.03351039,52.6824887,-0.957670855,72.2579304,-6.16216551,-8.21919095,-23.5131072,-3.79854055,-55.8300653,-0.940360061,73.7972365,2.99635938,-2.7123313,24.8702453,-42.6170712,-2.17198927,-12.3201509,97.27371,-6.63485686,-8.26203161,-6.26165618,0.961589356,-7.67732473,19.9039226,-10.1587973,-7.58770496
525,-2.96436232,-10.4208782,105.773902,5.51474434,-4.10349946,-2.49944158,0.201379056,0.473367328,6.48216286,0,0,-1.02284601,52.664457,-0.889857536,72.2491878,-6.10678975,-8.19673756,-23.4716531,-3.80438036,-55.8379234,-0.926994768,73.7808099,3.03296428,-2.692569,24.882024,-42.6196428,-2.1682427,-12.310832,97.2928209,-6.66131787,-8.22716691,-6.26812778,0.956373546,-7.65739509,19.895448,-10.1639225,-7.56995415
526,-2.97006201,-10.4265973,105.774748,5.52257395,-4.10087812,-2.52758117,0.219371135,0.463224016,6.49945348,0,0,-1.01050365,52.6613152,-0.845360667,72.2467289,-6.09790623,-8.1900713,-23.4553272,-3.85315987,-55.8029392,-0.968935972,73.8121468,2.98316751,-2.7362948,24.8224733,-42.6197281,-2.155152,-12.3017145,97.3084142,-6.65370733,-8.25607141,-6.27151555,0.955503871,-7.62802613,19.8887391,-10.1589083,-7.60968792
527,-2.97510363,-10.4319513,105.774891,5.53143249,-4.09821309,-2.53724981,0.230218063,0.457523637,6.50576586,0,0,-1.00733508,52.6442533,-0.76227147,72.2478286,-6.05391,-8.16690756,-23.4840875,-3.85946883,-55.8025806,-0.909802542,73.7973936,3.09378626,-2.7042356,24.822253,-42.6261383,-2.15552467,-12.2996373,97.3315685,-6.65582725,-8.26089097,-6.27290977,0.952148007,-7.62473227,19.878714,-10.1629168,-7.5861417
528,-2.97893733,-10.4370818,105.77637,5.53726123,-4.09635268,-2.54880626,0.236481213,0.454541192,6.51221654,0,0,-0.990684895,52.6710345,-0.800765455,72.2367364,-6.11694837,-8.13743444,-23.4577963,-3.8693884,-55.7903614,-0.91032313,73.7854135,3.11075993,-2.68164539,24.782462,-42.6249088,-2.15308096,-12.3091612,97.3521342,-6.64839002,-8.27071022,-6.27428861,0.948669093,-7.61611684,19.8730586,-10.1522685,-7.59135228
529,-2.98169386,-10.4373418,105.778015,5.54188554,-4.09833402,-2.56469038,0.226913879,0.464778898,6.52116324,0,0,-0.945760926,52.6723767,-0.756603533,72.2189096,-6.07684193,-8.11751761,-23.4895823,-3.90976591,-55.7847641,-0.875929819,73.7878245,3.13924608,-2.69226079,24.7566473,-42.6322854,-2.15917882,-12.3221573,97.3889968,-6.62899613,-8.2577209,-6.27311723,0.945129454,-7.60201165,19.8719675,-10.1443003,-7.59889281
530,-2.9887354,-10.4436979,105.776632,5.55373254,-4.10083369,-2.57078368,0.239251335,0.44837796,6.5405947,0,0,-0.962189452,52.6555368,-0.693290935,72.221225,-6.01544707,-8.11615926,-23.4681526,-3.92607128,-55.7685526,-0.865843498,73.7925237,3.14048107,-2.67498809,24.737866,-42.6425136,-2.17636934,-12.3422039,97.4188174,-6.5940627,-8.24367462,-6.27301179,0.935732181,-7.60108872,19.8673623,-10.1391947,-7.60720259
531,-2.990086,-10.4469299,105.775213,5.55740207,-4.10175737,-2.57630641,0.239072949,0.455819611,6.54741208,0,0,-0.922721845,52.6631047,-0.704830326,72.1841439,-6.088154,-8.08646928,-23.4507937,-3.94131925,-55.7843748,-0.780153599,73.7825516,3.18387859,-2.66364827,24.7369661,-42.6433503,-2.17942564,-12.3561879,97.4434334,-6.59036799,-8.27836259,-6.27157532,0.933074064,-7.59505766,19.8650656,-10.1342923,-7.57581019
532,-2.99476665,-10.452123,105.775952,5.56316547,-4.10068704,-2.56959013,0.227068091,0.456181344,6.55127413,0,0,-0.931943881,52.6655157,-0.725216519,72.1942253,-6.12749034,-8.10895768,-23.4371982,-3.95784319,-55.7604418,-0.809525546,73.7942449,3.1497443,-2.65731647,24.7240315,-42.6397884,-2.18904062,-12.37483,97.455516,-6.63643335,-8.21604651,-6.27728834,0.925902792,-7.60977928,19.8668159,-10.1271582,-7.56992256
533,-2.99937706,-10.4572967,105.776393,5.57589092,-4.10197456,-2.57131858,0.237970434,0.426862517,6.56053074,0,0,-0.931804289,52.6807607,-0.723969156,72.1716925,-6.16227052,-8.10301712,-23.4389621,-3.94806705,-55.7495647,-0.77786223,73.7836376,3.11607339,-2.65561832,24.7010598,-42.6392044,-2.2023405,-12.3841575,97.4771335,-6.66138403,-8.17244514,-6.28141976,0.913157125,-7.60956583,19.8719897,-10.1370457,-7.55793558
534,-3.0031288,-10.4594685,105.778992,5.58423677,-4.09977308,-2.563718,0.221864528,0.43112709,6.56644825,0,0,-0.8920385,52.6898654,-0.785788878,72.1349734,-6.28266413,-8.11346133,-23.4066194,-3.9707356,-55.7671695,-0.70637763,73.7756873,3.12316334,-2.64107236,24.6925101,-42.6300793,-2.22439881,-12.406219,97.4861289,-6.71604219,-8.11540281,-6.28754985,0.900906327,-7.62528125,19.8741822,-10.1330936,-7.53649391
535,-3.00573912,-10.4624242,105.780935,5.59247955,-4.10035199,-2.56510947,0.214460336,0.430772694,6.57786576,0,0,-0.889098744,52.7070262,-0.872506401,72.1195508,-6.42565329,-8.12237729,-23.4009521,-3.98901148,-55.7545132,-0.771082627,73.7888559,3.05549644,-2.66547385,24.7595689,-42.6238331,-2.2381595,-12.4235617,97.4948101,-6.74379795,-8.08405822,-6.29363213,0.891051752,-7.63976039,19.8813334,-10.1206644,-7.51091058
536,-3.00830975,-10.4664437,105.78289,5.59801764,-4.10272575,-2.57032757,0.231352248,0.423487203,6.58308701,0,0,-0.93352539,52.7152361,-0.886006483,72.136155,-6.35944186,-8.15404802,-23.4668805,-3.9708436,-55.7366113,-0.78645178,73.7948255,3.04862932,-2.67660258,24.7307302,-42.6122354,-2.24179935,-12.4342868,97.4982866,-6.76414764,-8.06533497,-6.30328148,0.881368891,-7.65215633,19.8991431,-10.106946,-7.49695992
537,-3.00795846,-10.4669645,105.780756,5.60399434,-4.10295748,-2.57772653,0.223738268,0.440831988,6.58842993,0,0,-0.873912459,52.7033721,-0.856504601,72.087729,-6.35918402,-8.16419256,-23.4486371,-3.97626677,-55.7279574,-0.82213605,73.7958432,3.02622011,-2.69010287,24.6720162,-42.6128126,-2.24446099,-12.4464147,97.5094881,-6.76404775,-8.0547533,-6.30781886,0.873834392,-7.65480132,19.9088591,-10.1145847,-7.49297621
538,-3.00878268,-10.4691833,105.781233,5.60906678,-4.10907413,-2.59603368,0.248834464,0.445698605,6.6034969,0,0,-0.917945408,52.6622509,-0.834761068,72.1174539,-6.22131879,-8.25186402,-23.3577272,-3.98189527,-55.6974538,-0.88684206,73.8421792,3.03944741,-2.73465449,24.6989834,-42.6291675,-2.240314,-12.4570049,97.5373895,-6.72221455,-8.1131719,-6.3066684,0.871318908,-7.64689282,19.917612,-10.1126919,-7.46991408
539,-3.00824866,-10.4726538,105.785859,5.61301612,-4.11265875,-2.61595464,0.284765207,0.439602821,6.61863303,0,0,-0.965948618,52.6672677,-0.869824591,72.121231,-6.1106488,-8.27937943,-23.2892683,-3.96359677,-55.6785546,-0.883582353,73.8481009,3.09878916,-2.73371022,24.6529668,-42.6309228,-2.22672064,-12.4584546,97.5381749,-6.68636203,-8.12319606,-6.3066334,0.870782418,-7.63635811,19.9247256,-10.0990486,-7.47824862
540,-3.00635677,-10.4772493,105.78289,5.61939247,-4.11420405,-2.63929518,0.296354998,0.44641276,6.62737097,0,0,-0.949345922,52.6391614,-0.812335956,72.0994154,-6.07131929,-8.28201589,-23.2567583,-3.96303499,-55.654526,-0.954060033,73.866317,2.98742314,-2.75567483,24.6119685,-42.643504,-2.21213968,-12.4565344,97.5530443,-6.64970697,-8.16989321,-6.30538177,0.869264355,-7.61777914,19.9258167,-10.096232,-7.44512476
541,-3.00941002,-10.4836881,105.787039,5.62426116,-4.11569047,-2.65188265,0.316824061,0.444970976,6.63731829,0,0,-0.970264123,52.6378398,-0.852090538,72.0946684,-6.11366647,-8.26439656,-23.2353439,-3.95156326,-55.6388337,-1.03993227,73.8849771,2.85520157,-2.76893756,24.6111472,-42.6418648,-2.19377843,-12.4559266,97.541631,-6.64115771,-8.20603857,-6.30887242,0.866843373,-7.61282981,19.9329526,-10.0841442,-7.43296276
542,-3.00738383,-10.482315,105.792296,5.62920355,-4.11777326,-2.67073816,0.316960985,0.450791098,6.64270816,0,0,-0.997830127,52.6433893,-0.898994408,72.1226517,-6.18875287,-8.27452573,-23.2418872,-3.9565907,-55.6570805,-1.00532316,73.8841165,2.79963264,-2.74270131,24.6501117,-42.6528682,-2.18424242,-12.4530861,97.539097,-6.60942977,-8.1760677,-6.30786796,0.862908597,-7.61096688,19.9367758,-10.073706,-7.3916256
543,-3.00759021,-10.4875475,105.790687,5.63427486,-4.11775231,-2.68524242,0.315082896,0.453469012,6.6581128,0,0,-0.988188354,52.6218025,-0.826369166,72.1131851,-6.15560682,-8.2700605,-23.2275353,-3.97702236,-55.6444208,-1.03145525,73.892463,2.72260476,-2.72276868,24.7266355,-42.6548456,-2.1628048,-12.451948,97.5308393,-6.61752312,-8.24658428,-6.30970741,0.864302863,-7.60276894,19.9386199,-10.0802783,-7.4000088
544,-3.00795846,-10.4903027,105.787814,5.64172471,-4.11541851,-2.70644097,0.325019007,0.460204859,6.65292869,0,0,-0.996605495,52.6235032,-0.86401274,72.1223717,-6.24877999,-8.26248496,-23.2621575,-3.9840899,-55.6336905,-1.02342989,73.9121066,2.74655375,-2.71472848,24.787279,-42.6592647,-2.14852031,-12.4442734,97.525102,-6.61817455,-8.24358839,-6.31253938,0.856798246,-7.58084147,19.9412683,-10.0898637,-7.36517313
545,-3.00733019,-10.4924627,105.788064,5.64786384,-4.11415263,-2.71482825,0.329736614,0.465450018,6.66219512,0,0,-1.02499507,52.5976578,-0.852266309,72.13177,-6.30139592,-8.2797679,-23.2509099,-3.9797459,-55.6236946,-0.948995128,73.90083,2.8350762,-2.69877487,24.7339455,-42.6630247,-2.13471373,-12.4364426,97.5149045,-6.61358637,-8.22580941,-6.3074829,0.850334112,-7.58862106,19.9298073,-10.0825656,-7.3261625
546,-3.00707575,-10.4948416,105.793798,5.65220894,-4.1141512,-2.73122562,0.342504185,0.471859937,6.66783685,0,0,-1.03526308,52.5926957,-0.869852392,72.1237514,-6.35643017,-8.24630424,-23.3080632,-3.95594013,-55.60039,-0.97242257,73.8850113,2.86973301,-2.71418057,24.6415313,-42.6546236,-2.11154765,-12.4184621,97.4935192,-6.62625722,-8.18733837,-6.31269476,0.846883746,-7.58847763,19.9362789,-10.0749371,-7.30854232
547,-3.00703272,-10.4936734,105.794799,5.65823064,-4.11216688,-2.75005152,0.351432203,0.476772657,6.67088013,0,0,-1.05634756,52.5617105,-0.775256566,72.1389281,-6.27242312,-8.23941173,-23.3289978,-3.95132804,-55.5913673,-0.928703596,73.8897173,2.89069891,-2.71998709,24.5139809,-42.6530219,-2.10034955,-12.4052594,97.4793397,-6.62839465,-8.16656264,-6.31674934,0.841575569,-7.57164804,19.9416594,-10.0954567,-7.30428114
548,-3.00673191,-10.491915,105.796182,5.66132009,-4.11098991,-2.75926757,0.339872668,0.489209204,6.67590032,0,0,-1.06354327,52.5232975,-0.669771712,72.1422065,-6.22821899,-8.21856343,-23.3445621,-3.92866505,-55.5866681,-0.897967211,73.8496719,2.94449391,-2.66677351,24.4703446,-42.6490194,-2.09236976,-12.3966456,97.4626467,-6.64131779,-8.14667996,-6.3185683,0.83732511,-7.56950421,19.943623,-10.0953713,-7.27714224
549,-3.00793648,-10.4951352,105.797338,5.66533897,-4.10828034,-2.77494714,0.349680579,0.4890321,6.67483908,0,0,-1.06872749,52.5357353,-0.729149428,72.1234304,-6.29540371,-8.19660779,-23.3406262,-3.8944411,-55.556769,-0.981381323,73.8365579,2.84640172,-2.66891307,24.4412292,-42.6383677,-2.07123117,-12.3842497,97.4327578,-6.67074139,-8.13614354,-6.32060242,0.837470145,-7.56615657,19.9393439,-10.0851278,-7.26197665
550,-3.01070865,-10.4913838,105.793798,5.66632324,-4.10591569,-2.79428918,0.335091349,0.508925239,6.68138197,0,0,-1.04833287,52.5328837,-0.749521,72.1033223,-6.32853013,-8.16638676,-23.341748,-3.9006109,-55.5987678,-0.79788477,73.7860623,3.00897858,-2.61504593,24.3887699,-42.6313531,-2.05842094,-12.3793021,97.4145485,-6.7059762,-8.13876377,-6.32815746,0.834592768,-7.54720279,19.9476853,-10.088869,-7.23565993
551,-3.00817899,-10.4907215,105.79921,5.66542971,-4.10938826,-2.80939333,0.327300931,0.524411306,6.68495971,0,0,-1.03699945,52.5046716,-0.699552297,72.1000438,-6.25203329,-8.13262599,-23.3230931,-3.90600504,-55.6083779,-0.796347017,73.7854544,2.94183547,-2.62757356,24.3686653,-42.631278,-2.05094402,-12.3870151,97.4058742,-6.68948727,-8.12941665,-6.32643369,0.835176962,-7.54109831,19.9567319,-10.0891892,-7.24214605
552,-3.01140677,-10.4899846,105.797875,5.67090248,-4.10878591,-2.82725224,0.340232347,0.529441313,6.69243279,0,0,-1.05761424,52.49472,-0.715103144,72.1066622,-6.27161246,-8.13101748,-23.3299762,-3.87459513,-55.6295856,-0.757463283,73.7669788,2.97649185,-2.66330441,24.3825374,-42.6307726,-2.04755582,-12.392469,97.3958953,-6.70511688,-8.15096676,-6.33228204,0.832023923,-7.52977044,19.9626724,-10.1042489,-7.23752031
553,-3.01116798,-10.4901597,105.796611,5.6706914,-4.10996716,-2.84296323,0.33213481,0.538971348,6.69948539,0,0,-1.04816798,52.4842049,-0.705923583,72.1022431,-6.23923309,-8.12934921,-23.291459,-3.8683596,-55.6161438,-0.772419423,73.7616512,2.90162679,-2.70822828,24.3613638,-42.6288772,-2.03483651,-12.3978127,97.3870775,-6.71968226,-8.15309094,-6.33458894,0.832835915,-7.52828744,19.9724772,-10.1017636,-7.23188796
554,-3.00869141,-10.4857124,105.790854,5.66583451,-4.11485658,-2.85549669,0.302453183,0.571920074,6.70088302,0,0,-0.985312631,52.4431418,-0.6097423,72.0791912,-6.25894203,-8.11423827,-23.347371,-3.86595452,-55.6354596,-0.730840807,73.7407713,2.85727987,-2.69922353,24.3310224,-42.6250728,-2.02270225,-12.414971,97.3823578,-6.73860914,-8.15539357,-6.34179308,0.832671083,-7.52606506,20.0031396,-10.105924,-7.21330302
555,-3.00677624,-10.4908027,105.782461,5.6651243,-4.11734294,-2.86317242,0.297034895,0.572263398,6.69939318,0,0,-0.986050291,52.4491285,-0.590484368,72.0913968,-6.19400016,-8.13637833,-23.3573294,-3.83696037,-55.6069128,-0.794976817,73.7430116,2.86820774,-2.71023315,24.4075546,-42.6312712,-1.99645896,-12.4262801,97.3807322,-6.75230623,-8.18607051,-6.34696225,0.836841394,-7.52415688,20.0216733,-10.1206652,-7.19147203
556,-3.00095882,-10.4884848,105.782974,5.65851259,-4.12690429,-2.87884787,0.289386044,0.593385011,6.70659305,0,0,-0.979575592,52.4578131,-0.635915478,72.1062729,-6.24350409,-8.15956169,-23.4103641,-3.81098558,-55.6508855,-0.852118179,73.7342075,2.47345013,-3.45716364,24.702612,-42.6417077,-1.97583179,-12.4537503,97.3970769,-6.72932862,-8.21309245,-6.34791207,0.842337402,-7.51699287,20.0527797,-10.120982,-7.17497883
557,-2.99868733,-10.4864925,105.778694,5.65681782,-4.13139394,-2.88629444,0.268739663,0.614598831,6.70834671,0,0,-0.987829022,52.4494256,-0.659596331,72.1404922,-6.26400704,-8.18588354,-23.4526327,-3.79226019,-55.6540548,-0.900258099,73.7202603,2.41459866,-3.46363482,24.7413836,-42.6569902,-1.97324101,-12.4813904,97.4122262,-6.72065044,-8.19515296,-6.35092504,0.842757725,-7.5135163,20.0710317,-10.1390777,-7.17176522
558,-2.99775004,-10.4882456,105.776608,5.65473475,-4.13337272,-2.89221276,0.254361234,0.625955568,6.7150484,0,0,-0.97821489,52.43652,-0.609518131,72.1495422,-6.22317532,-8.21936,-23.4858291,-3.75019733,-55.6416238,-1.06078206,73.697625,2.03534216,-4.18115409,24.9434752,-42.6526872,-1.95788696,-12.4988398,97.4069738,-6.74789265,-8.20172189,-6.3570197,0.845420165,-7.5126796,20.0910066,-10.1399375,-7.17156629
559,-2.99165677,-10.4813144,105.774593,5.64686422,-4.13990673,-2.8995288,0.231419002,0.672128874,6.71954779,0,0,-0.965476374,52.4224839,-0.661197476,72.1602792,-6.25734462,-8.23167312,-23.4516372,-3.72119464,-55.6722538,-0.986382089,73.6545334,2.12155579,-4.14432357,24.827922,-42.654504,-1.9635129,-12.5315683,97.4198351,-6.72836087,-8.23320906,-6.35372457,0.849285785,-7.50884103,20.1089204,-10.1431169,-7.11942548
560,-2.98595112,-10.4751512,105.775726,5.64511328,-4.14355404,-2.91989307,0.219597852,0.685193158,6.71936722,0,0,-0.946028691,52.395672,-0.611523965,72.1660781,-6.23323362,-8.23279413,-23.4107107,-3.71976115,-55.6754708,-0.918882104,73.6538913,2.19512269,-4.11575161,24.7743034,-42.6633355,-1.97186003,-12.556531,97.4374092,-6.69169599,-8.24433032,-6.35369383,0.848979174,-7.49440885,20.1250721,-10.150018,-7.1281502
561,-2.98076887,-10.4708053,105.776966,5.6488616,-4.14815403,-2.93468857,0.223294199,0.692124306,6.72101713,0,0,-0.969551222,52.4039844,-0.636233722,72.1967115,-6.22053374,-8.24070093,-23.4466187,-3.68467319,-55.6689616,-0.996482018,73.6559609,2.05910801,-4.13267682,24.7499076,-42.6685367,-1.99171283,-12.5767005,97.4552359,-6.68122829,-8.22568134,-6.3525327,0.844314048,-7.48791248,20.1393028,-10.1624216,-7.12484908
562,-2.97354143,-10.4601279,105.781353,5.64593409,-4.15006671,-2.94463801,0.211861809,0.71649933,6.71705093,0,0,-0.977907639,52.371739,-0.619368117,72.2132678,-6.19126809,-8.23076812,-23.3844606,-3.64886549,-55.6632414,-1.1366422,73.6336945,1.90891429,-4.11580583,24.7495132,-42.6610713,-2.02095949,-12.6014787,97.4554272,-6.69270813,-8.21997301,-6.35275425,0.840646129,-7.47869002,20.1555723,-10.1568482,-7.10976717
563,-2.96583585,-10.4540378,105.77631,5.65001562,-4.14588215,-2.95937701,0.192916439,0.730112538,6.69612024,0,0,-0.946146085,52.3611966,-0.564154202,72.2200502,-6.1331022,-8.20541532,-23.4083919,-3.64081057,-55.6425698,-1.23613009,73.6365153,1.8085803,-4.13345418,24.7343211,-42.654183,-2.04613428,-12.6124719,97.4631112,-6.72472635,-8.22525702,-6.35647756,0.835401931,-7.46075223,20.1648426,-10.183415,-7.10470728
564,-2.95954552,-10.4474731,105.776083,5.64512229,-4.14953085,-2.97796819,0.18421858,0.744375413,6.69762374,0,0,-0.942332492,52.3451969,-0.490723158,72.2369549,-6.04245705,-8.217334,-23.4586569,-3.62723172,-55.6048774,-1.31540639,73.6425737,1.83216986,-4.1732729,24.7033616,-42.6479334,-2.06379929,-12.6294783,97.4672298,-6.71775401,-8.27256717,-6.35926342,0.837348962,-7.44744361,20.1858318,-10.1861155,-7.12601662
565,-2.94988248,-10.4422867,105.775523,5.64837166,-4.14748321,-2.99545988,0.180547953,0.749860376,6.68084708,0,0,-0.947738053,52.3637102,-0.510967572,72.2651295,-6.023356,-8.20564925,-23.5082253,-3.58762175,-55.5829013,-1.46724427,73.6359689,1.81061058,-4.17232564,24.8277889,-42.6486403,-2.08452678,-12.6389526,97.4764027,-6.69475591,-8.28958374,-6.35751319,0.832388164,-7.43633602,20.1926449,-10.1934623,-7.09497767
566,-2.94197705,-10.4336329,105.774534,5.64595463,-4.15102926,-3.01564438,0.1914335,0.770275864,6.68003941,0,0,-0.963168304,52.3373046,-0.44314174,72.2709215,-5.91802466,-8.18452774,-23.5577767,-3.52993397,-55.5786597,-1.4919656,73.6042495,1.98927723,-4.11987619,24.8170279,-42.6450818,-2.1034368,-12.6562312,97.4926859,-6.68131154,-8.31595424,-6.3653171,0.831592874,-7.42423463,20.2246307,-10.2177811,-7.09733238
567,-2.92830914,-10.4251966,105.77935,5.64031239,-4.14882683,-3.04034124,0.181511997,0.794280457,6.65837832,0,0,-0.921723463,52.3256216,-0.406865698,72.2475076,-5.89761691,-8.1353555,-23.5543325,-3.50857405,-55.5742508,-1.53822488,73.5971598,2.01368448,-4.10904223,24.8307412,-42.6392727,-2.10710397,-12.6621624,97.4974397,-6.66133409,-8.32953351,-6.36394722,0.835485335,-7.41169099,20.2359398,-10.21293,-7.11110034
568,-2.91847493,-10.4197875,105.77482,5.64328677,-4.14438346,-3.06380153,0.167553638,0.806291132,6.64226249,0,0,-0.883016941,52.3030478,-0.264366314,72.2503216,-5.77794559,-8.16872781,-23.6014796,-3.49230219,-55.5559015,-1.56444693,73.5842097,2.19438183,-4.05779191,24.8691474,-42.6386,-2.11253162,-12.6607426,97.5135931,-6.68557187,-8.33770925,-6.36708527,0.832626527,-7.39120213,20.2436664,-10.2294872,-7.06502772
569,-2.91145854,-10.4151778,105.773735,5.64100595,-4.14230592,-3.08196056,0.167746444,0.81533761,6.63159715,0,0,-0.869237461,52.3108786,-0.310209103,72.2435802,-5.86732289,-8.16787147,-23.6090219,-3.4603194,-55.5525308,-1.61404787,73.5943526,2.18890829,-4.06173335,24.9486781,-42.634857,-2.11097049,-12.6670861,97.5231622,-6.70432415,-8.38535067,-6.37063654,0.835199107,-7.37831953,20.2563654,-10.2411856,-7.08868323
570,-2.90538371,-10.4065157,105.772746,5.6379598,-4.1463501,-3.10524645,0.164444315,0.835674179,6.62850051,0,0,-0.860493165,52.2960845,-0.302865662,72.2484092,-5.88222679,-8.20512674,-23.5546911,-3.44906346,-55.5592176,-1.66099849,73.597351,2.18410944,-4.06728288,24.9946982,-42.6360045,-2.10701582,-12.6691548,97.5382979,-6.69158243,-8.37135903,-6.37749362,0.836713648,-7.35483905,20.2853562,-10.2455629,-7.07877689
571,-2.90131904,-10.4003556,105.771136,5.6332853,-4.15066474,-3.12113464,0.157554948,0.849568704,6.6289099,0,0,-0.864410652,52.2689105,-0.196101708,72.2671375,-5.77639045,-8.24961689,-23.5762489,-3.41511572,-55.567629,-1.72757565,73.5824817,2.06150797,-4.09099815,24.9375278,-42.6328284,-2.09538635,-12.673282,97.5501141,-6.70664684,-8.35468398,-6.39079072,0.8380553,-7.33917572,20.3230588,-10.2536217,-7.07383781
572,-2.89569627,-10.3947416,105.767572,5.62907306,-4.1523033,-3.13154136,0.144779827,0.861622334,6.62776712,0,0,-0.85174524,52.2623638,-0.160513501,72.266837,-5.80308496,-8.29845445,-23.5491928,-3.39175028,-55.5922996,-1.61599885,73.5410771,2.16041744,-4.08514468,24.8529308,-42.6389244,-2.08195521,-12.6770497,97.5685146,-6.70485008,-8.33167819,-6.39538616,0.843374416,-7.32174849,20.343435,-10.2621646,-7.11627164
573,-2.88931727,-10.3918254,105.763626,5.62571601,-4.15467926,-3.15915963,0.139131113,0.88173532,6.62293946,0,0,-0.813750339,52.2769907,-0.196425195,72.2391406,-5.92122162,-8.2918377,-23.5578245,-3.37431579,-55.6248045,-1.45047231,73.5115229,2.26591376,-4.10304063,24.7623539,-42.632282,-2.05563188,-12.6684889,97.5836162,-6.72066282,-8.29385346,-6.40242894,0.851030098,-7.28507465,20.3688348,-10.2620211,-7.12595301
574,-2.88599245,-10.3891671,105.759811,5.61976764,-4.16240361,-3.16349737,0.128003681,0.889608394,6.63350704,0,0,-0.813640522,52.272633,-0.197407475,72.2266345,-5.94864995,-8.29842627,-23.418072,-3.34852457,-55.6706658,-1.29197607,73.4862375,2.30626204,-4.07269068,24.683788,-42.6358679,-2.05293993,-12.6840668,97.60438,-6.71623387,-8.30067682,-6.40754475,0.857312485,-7.26705405,20.4002366,-10.2744359,-7.16919707
575,-2.88218614,-10.3878267,105.756152,5.62059909,-4.16816053,-3.17684528,0.123959222,0.891072029,6.63348783,0,0,-0.770247636,52.2752558,-0.159815434,72.1851411,-5.91535833,-8.29658639,-23.3969411,-3.32652133,-55.6911563,-1.21205442,73.4650844,2.43950259,-3.96662809,24.7401746,-42.6398635,-2.04861023,-12.688392,97.6253008,-6.71846905,-8.25981265,-6.41112078,0.859643554,-7.22678837,20.4272721,-10.2833484,-7.1962523
576,-2.87733357,-10.3868768,105.748129,5.61997481,-4.17118551,-3.17964144,0.108433102,0.893694288,6.63033399,0,0,-0.803311568,52.2929084,-0.215189018,72.19693,-5.918338,-8.28350572,-23.3692037,-3.2911687,-55.6984544,-1.21742807,73.4422852,2.4040379,-3.91725223,24.7316539,-42.6542001,-2.05677764,-12.7026808,97.657109,-6.71647292,-8.26825733,-6.40565834,0.866161688,-7.18686592,20.4287714,-10.3059947,-7.26006079
577,-2.87046302,-10.3851601,105.749607,5.61187011,-4.17973114,-3.17485923,0.0813785557,0.895830643,6.63693452,0,0,-0.803268826,52.3006573,-0.171967808,72.1687008,-5.85413379,-8.23453924,-23.3608145,-3.26655633,-55.7226333,-1.13954716,73.4185435,2.49744693,-3.90641485,24.7812462,-42.6463795,-2.06545881,-12.7211326,97.6630308,-6.72622174,-8.22385853,-6.40968601,0.871507272,-7.1759803,20.4626235,-10.289376,-7.26746471
578,-2.86324378,-10.3840888,105.743992,5.61256476,-4.18228176,-3.17358138,0.070513559,0.893822781,6.62677077,0,0,-0.821290974,52.3396952,-0.299528341,72.1713441,-5.95822588,-8.22398831,-23.3126309,-3.22727335,-55.711179,-1.15294671,73.4252098,2.65848401,-3.93039479,24.9197796,-42.6600604,-2.08518738,-12.7384915,97.6920249,-6.72033838,-8.20668317,-6.40093099,0.873072186,-7.16925598,20.4624186,-10.3091682,-7.32324601
579,-2.85980012,-10.3831947,105.738544,5.61104113,-4.18817904,-3.15496937,0.0322016105,0.880746704,6.62888258,0,0,-0.783100078,52.3640687,-0.292017454,72.1248715,-5.95225031,-8.22055016,-23.2390288,-3.1903899,-55.6650923,-1.36991866,73.426405,2.45163002,-3.95825172,24.9475084,-42.6688065,-2.1176041,-12.7714822,97.7142367,-6.71797855,-8.19602039,-6.39936218,0.872332871,-7.17352314,20.4812614,-10.3334299,-7.35382477
580,-2.85224505,-10.3846535,105.737424,5.61114651,-4.19521806,-3.13880077,0.0256239316,0.85988325,6.62561391,0,0,-0.829954162,52.3891594,-0.379425013,72.1338054,-6.0494136,-8.22765441,-23.1827224,-3.09091246,-55.6182919,-1.5432838,73.3871178,2.4804118,-3.86805651,25.0331607,-42.6717673,-2.14719718,-12.7986287,97.7327124,-6.70536405,-8.1858084,-6.39346816,0.871293935,-7.18253045,20.4982583,-10.3423356,-7.38776825
581,-2.84369178,-10.3873104,105.737364,5.60863692,-4.1989937,-3.13059113,0.0148418243,0.855062471,6.62071922,0,0,-0.84119596,52.4142706,-0.425174127,72.1309231,-6.07981605,-8.25761589,-23.2416789,-3.03918723,-55.5765765,-1.67585564,73.3841398,2.42050378,-3.85752222,24.9831996,-42.6766919,-2.16474714,-12.8204674,97.7469397,-6.69396105,-8.20741912,-6.38806974,0.875431482,-7.18098683,20.505611,-10.3508264,-7.43055426
582,-2.8382834,-10.3889011,105.730152,5.60597,-4.2016894,-3.11388928,-0.0121891396,0.849144059,6.61481239,0,0,-0.843714699,52.4373601,-0.447479977,72.126381,-6.16567537,-8.29430937,-23.2577862,-3.01657567,-55.5707435,-1.66981957,73.3947061,2.6920038,-3.8219126,25.0638761,-42.6801548,-2.18872857,-12.8517326,97.7610235,-6.70721972,-8.21311806,-6.3862384,0.876808246,-7.16855503,20.5169098,-10.3664044,-7.47448518
583,-2.83560678,-10.3919819,105.722988,5.6103043,-4.20370481,-3.09826908,-0.014321596,0.832276693,6.60880182,0,0,-0.866311739,52.4461676,-0.482744377,72.1203431,-6.2273127,-8.35001725,-23.1708277,-2.95584056,-55.5466056,-1.79581874,73.4137009,2.66042229,-3.82441373,25.019263,-42.6944846,-2.20899033,-12.8676649,97.7730993,-6.71554444,-8.17853511,-6.38223762,0.872692577,-7.17402687,20.5180676,-10.3853376,-7.49807153
584,-2.82949898,-10.3956692,105.723667,5.60900607,-4.20708132,-3.08362105,-0.0238433049,0.822830435,6.60836896,0,0,-0.898891528,52.4601285,-0.468502579,72.1242773,-6.16280754,-8.36744789,-23.1941049,-2.88029675,-55.5310772,-1.86328713,73.3909905,2.68969968,-3.75321926,24.9196669,-42.7046957,-2.22488866,-12.8903753,97.7820742,-6.70529447,-8.20148027,-6.37628809,0.873384774,-7.1851319,20.5226899,-10.3865278,-7.48737802
585,-2.8266307,-10.3964545,105.722964,5.6094259,-4.2064941,-3.06904966,-0.0330317687,0.821597159,6.59804555,0,0,-0.919023404,52.4345597,-0.397204902,72.11214,-6.04119688,-8.35671254,-23.1613303,-2.81526844,-55.5339254,-1.89230156,73.4025335,2.84099563,-3.74178381,24.9014063,-42.7068438,-2.23526777,-12.9037095,97.7756265,-6.72545035,-8.18837485,-6.37929765,0.869799938,-7.19381478,20.5318201,-10.3966066,-7.4771814
586,-2.82479767,-10.3986926,105.722296,5.60787432,-4.20782274,-3.05015338,-0.0361469719,0.81850367,6.59936762,0,0,-0.942800253,52.4578233,-0.444013603,72.0674433,-6.04268202,-8.31076842,-23.1049385,-2.7442953,-55.5425178,-1.89468722,73.3956487,2.95826976,-3.73237822,24.878877,-42.708705,-2.24078486,-12.9146583,97.7658115,-6.74076577,-8.16860657,-6.38018301,0.868851342,-7.21349085,20.5383942,-10.4004546,-7.49594478
587,-2.82015819,-10.4027346,105.722678,5.6042614,-4.20829588,-3.03639665,-0.0443018976,0.817232294,6.59158078,0,0,-0.955805467,52.4705104,-0.440147155,72.0453545,-5.99312131,-8.28703437,-23.1367194,-2.69531495,-55.5199064,-1.9467085,73.3993165,3.02649375,-3.72846537,24.8655137,-42.6986237,-2.23645494,-12.9260767,97.7407993,-6.76660224,-8.15287409,-6.38270762,0.868966975,-7.23640101,20.5493071,-10.3956495,-7.46571181
588,-2.81806421,-10.4058556,105.721903,5.60328434,-4.20800855,-3.0228305,-0.0402256287,0.819540898,6.58186142,0,0,-0.969690494,52.4746939,-0.491814335,72.0056164,-5.95911594,-8.24029282,-23.076624,-2.63656807,-55.515921,-2.02493594,73.4161666,2.97174701,-3.73797556,24.8806101,-42.7000375,-2.22964845,-12.9286448,97.7254177,-6.78760507,-8.14900478,-6.38766548,0.868392599,-7.23810002,20.5626636,-10.4011538,-7.45827714
589,-2.81535443,-10.4033321,105.721354,5.60735452,-4.20565068,-3.01231619,-0.0356414679,0.821398283,6.57598746,0,0,-1.00735963,52.4476976,-0.488550945,72.0087446,-5.87349653,-8.24864102,-23.0462245,-2.56979848,-55.522618,-2.09108909,73.4078338,2.84713682,-3.72199846,24.851633,-42.7108394,-2.23719751,-12.9306068,97.7177269,-6.78581215,-8.12822906,-6.38358957,0.861188137,-7.25021507,20.5528776,-10.4076826,-7.42730138
590,-2.80939806,-10.4037374,105.727386,5.60414984,-4.20712143,-3.0080453,-0.0259366212,0.822912771,6.57288826,0,0,-1.02836609,52.4435551,-0.491917748,71.9907812,-5.77763952,-8.26740611,-23.0541988,-2.51980235,-55.5023563,-2.19658435,73.4259816,2.83020798,-3.71830547,24.9591044,-42.7067072,-2.22401311,-12.9321555,97.693432,-6.78930195,-8.12741626,-6.38044128,0.861072504,-7.26498535,20.5573138,-10.3934741,-7.3930181
591,-2.80520059,-10.4030997,105.732572,5.60223134,-4.2028158,-3.00904531,-0.022552776,0.836591612,6.56415031,0,0,-1.05426659,52.4400409,-0.56966291,72.0010607,-5.82218388,-8.30364539,-23.0931769,-2.48660998,-55.5016562,-2.22103558,73.4464926,2.82991301,-3.71687582,24.9486064,-42.7020456,-2.20312981,-12.9184499,97.6570612,-6.8055292,-8.09856128,-6.37962507,0.862259463,-7.26956499,20.5489315,-10.3773839,-7.36952652
592,-2.80017499,-10.4006395,105.735886,5.60048605,-4.19900116,-3.02087141,-0.0139437028,0.849678841,6.55864689,0,0,-1.05013006,52.4226,-0.576184833,71.9878921,-5.85677452,-8.29465174,-23.1675423,-2.45679834,-55.4991666,-2.2843064,73.4650298,2.77301241,-3.69959715,24.9890633,-42.7065842,-2.18795932,-12.9103092,97.6357647,-6.77391097,-8.09618608,-6.37216053,0.864220901,-7.26582888,20.5330291,-10.3599703,-7.33752538
593,-2.79787835,-10.4020968,105.736482,5.60050322,-4.19425869,-3.02151747,-0.014921924,0.854891556,6.55281433,0,0,-1.06783818,52.3949105,-0.549814167,72.0022628,-5.82051475,-8.33111812,-23.2392303,-2.44179818,-55.4606443,-2.37229375,73.4884163,2.72551271,-3.69105472,24.9372768,-42.7112117,-2.17423064,-12.9068428,97.6136212,-6.77373723,-8.13640991,-6.37031211,0.865981115,-7.26858315,20.5205913,-10.3569582,-7.31165177
594,-2.79388558,-10.4032792,105.740535,5.6069474,-4.18918701,-3.03532073,0.0193595909,0.844224401,6.55084895,0,0,-1.09046617,52.3785043,-0.600492036,71.9777151,-5.78506436,-8.30868692,-23.1823621,-2.37788169,-55.4450407,-2.44123383,73.4784238,2.73101336,-3.67772347,24.9190214,-42.7187078,-2.16689523,-12.8961288,97.5920173,-6.74501202,-8.16708429,-6.36088773,0.861711126,-7.25971672,20.4989413,-10.3502791,-7.29084957
595,-2.78829765,-10.396865,105.746317,5.60471955,-4.1869714,-3.05119182,0.0216739628,0.857378972,6.55083358,0,0,-1.06506384,52.3501317,-0.637423669,71.966377,-5.85323776,-8.302585,-23.1188072,-2.3741379,-55.4447607,-2.45468162,73.4797078,2.69726646,-3.65815583,24.8902356,-42.7092719,-2.14999073,-12.8820373,97.564355,-6.73833465,-8.17390851,-6.35831701,0.861754189,-7.25387007,20.4954391,-10.3383733,-7.2453571
596,-2.78677903,-10.3960223,105.754185,5.60672087,-4.18187292,-3.06831765,0.0405399208,0.851959591,6.54886905,0,0,-1.0601238,52.3212161,-0.599879293,71.9476623,-5.71342805,-8.31014005,-23.0598593,-2.35837318,-55.4151347,-2.51605599,73.4931565,2.65303779,-3.66865639,24.880202,-42.6938767,-2.13400147,-12.8663723,97.5258669,-6.73603757,-8.24057457,-6.3626354,0.858738393,-7.25550078,20.4912659,-10.3227518,-7.24812588
597,-2.78466418,-10.3902847,105.75453,5.61181722,-4.17759479,-3.08886877,0.0380784814,0.858215244,6.55016422,0,0,-1.0290839,52.3017774,-0.618639155,71.9502577,-5.73706734,-8.3052095,-23.1215205,-2.38448051,-55.4230407,-2.45988815,73.4994471,2.65061841,-3.66563446,24.8377302,-42.6901235,-2.132146,-12.8511068,97.5131355,-6.72245873,-8.2166117,-6.3600062,0.85255323,-7.26049023,20.4773716,-10.3150627,-7.21363257
598,-2.784805,-10.3878602,105.757034,5.61760109,-4.173045,-3.11625073,0.0535904246,0.857040771,6.55263675,0,0,-1.01981565,52.2836433,-0.614639705,71.9654549,-5.7772122,-8.31222752,-23.13918,-2.41045721,-55.4194685,-2.48451333,73.5171168,2.54884944,-3.65386178,24.8436861,-42.686401,-2.11556593,-12.8321265,97.4987443,-6.70971061,-8.24222833,-6.35936374,0.849323778,-7.24301263,20.4662896,-10.3009728,-7.18985242
599,-2.78439131,-10.3820458,105.760956,5.61603313,-4.1690336,-3.13547763,0.0634342547,0.860963488,6.55367963,0,0,-0.994112369,52.2664653,-0.614473646,71.9590004,-5.78452477,-8.31586545,-23.1246436,-2.40876098,-55.4480221,-2.36778539,73.4951372,2.65737432,-3.62079085,24.8351211,-42.6699642,-2.08945839,-12.825485,97.472933,-6.75019997,-8.27631951,-6.36372482,0.851917649,-7.21400653,20.4646845,-10.2977968,-7.21376576
600,-2.78904699,-10.3790656,105.758953,5.61911067,-4.16440121,-3.15460499,0.0521058256,0.863396582,6.5637802,0,0,-0.950495315,52.2613871,-0.620300652,71.9565757,-5.83781135,-8.29778253,-23.1185989,-2.47148709,-55.4481006,-2.31890792,73.5152385,2.61147587,-3.63261903,24.8213548,-42.6682361,-2.07509984,-12.825065,97.4648665,-6.77932091,-8.28590739,-6.36777768,0.851829177,-7.18424739,20.4554262,-10.3055508,-7.23220984
601,-2.79037673,-10.378278,105.760992,5.61953475,-4.16115174,-3.18350508,0.0497915388,0.869321985,6.5674446,0,0,-0.897935728,52.2489664,-0.552588344,71.9596971,-5.83680005,-8.30621354,-23.1310725,-2.5237105,-55.4621742,-2.28286736,73.5297936,2.64780543,-3.63105321,24.8576248,-42.6624988,-2.05332839,-12.8237536,97.4579612,-6.78152493,-8.29654285,-6.37191891,0.856248949,-7.1540285,20.4511881,-10.2903621,-7.2279145
602,-2.79458333,-10.3787988,105.759323,5.6233223,-4.15901282,-3.19768339,0.0487588095,0.859980367,6.57622737,0,0,-0.876446192,52.2574358,-0.521789794,71.972408,-5.81319535,-8.2939747,-23.1676311,-2.55551976,-55.4515362,-2.26315351,73.5310709,2.71985689,-3.62133983,24.8647829,-42.6619387,-2.04240842,-12.8335967,97.4653105,-6.79054761,-8.32056462,-6.37559312,0.855286,-7.12749322,20.4491766,-10.2915532,-7.25243232
603,-2.79905014,-10.3743173,105.757678,5.62082167,-4.15919645,-3.19910436,0.0276473935,0.868283583,6.58568846,0,0,-0.811605926,52.2925532,-0.645443859,71.9418088,-6.01379245,-8.27572187,-23.158769,-2.59231143,-55.462987,-2.22545749,73.5260507,2.74689675,-3.60130987,24.847219,-42.663192,-2.0363558,-12.8596701,97.4740531,-6.78541301,-8.39250444,-6.37663942,0.860453891,-7.12419381,20.4462088,-10.3044861,-7.26520904
604,-2.80371252,-10.3694357,105.75335,5.62451163,-4.15680192,-3.20253215,0.00567839558,0.870002869,6.58717787,0,0,-0.795049494,52.2766082,-0.617876628,71.9576002,-6.01018611,-8.2310345,-23.1217118,-2.6340616,-55.4592407,-2.27840959,73.5389256,2.69517963,-3.63611481,24.8799681,-42.677293,-2.05193802,-12.8914664,97.5002537,-6.7596871,-8.40152456,-6.37656856,0.854913221,-7.11013429,20.4380843,-10.3227475,-7.28161601
605,-2.80362591,-10.3684179,105.753398,5.62444679,-4.15965164,-3.2085069,0.0064570855,0.870291285,6.59516321,0,0,-0.813038345,52.2751738,-0.584671663,72.0049197,-5.91082735,-8.25730085,-23.1394856,-2.63235597,-55.4726381,-2.22955197,73.4962711,2.78759337,-3.56622106,24.8556748,-42.6796016,-2.06466651,-12.9299246,97.5247536,-6.73423697,-8.40058968,-6.37622961,0.854147332,-7.09927557,20.4401675,-10.3253788,-7.31339603
606,-2.80576069,-10.3661589,105.748105,5.62373591,-4.1611077,-3.18914174,-0.00019926752,0.865894564,6.60389689,0,0,-0.831368225,52.2922425,-0.651159393,72.0327459,-5.93982919,-8.25940284,-23.1274218,-2.63696827,-55.4880436,-2.20025409,73.4923983,2.87533312,-3.56696598,24.8656708,-42.6877261,-2.09168482,-12.9820176,97.5550387,-6.73052006,-8.41848051,-6.37161496,0.851177908,-7.1078005,20.4340443,-10.3309505,-7.31863478
607,-2.80934833,-10.3626385,105.742002,5.62885166,-4.16125902,-3.17957713,-0.0365877926,0.867539999,6.61362564,0,0,-0.781510672,52.3090311,-0.635213302,72.0314687,-5.97343329,-8.22498978,-23.1529855,-2.69343259,-55.5316031,-2.05521438,73.4662865,2.97327185,-3.53260265,24.8835488,-42.7048733,-2.12068473,-13.0229091,97.5928301,-6.70725003,-8.36115644,-6.36909249,0.842162058,-7.10930698,20.4283394,-10.3582781,-7.32751488
608,-2.81016007,-10.3591613,105.74578,5.62867048,-4.16078495,-3.16971442,-0.0541910811,0.87085008,6.61762301,0,0,-0.776979962,52.3084915,-0.641722633,72.0583182,-5.98303014,-8.21177422,-23.1303315,-2.7177295,-55.555741,-2.05336468,73.4622021,2.95396141,-3.56209626,24.9467195,-42.6993579,-2.14514577,-13.0630399,97.6031915,-6.70803764,-8.37478437,-6.36980496,0.841344303,-7.11336284,20.4268623,-10.3529847,-7.33642998
609,-2.81071626,-10.3511333,105.748022,5.62668537,-4.16215364,-3.16607103,-0.0659508926,0.88458479,6.61890367,0,0,-0.775073859,52.292082,-0.625308087,72.0940947,-5.93667279,-8.23958504,-23.1206907,-2.73865869,-55.5858007,-1.98762133,73.4387609,3.02864568,-3.54704103,24.8824765,-42.6972713,-2.16815903,-13.0971037,97.6219131,-6.69134807,-8.38035524,-6.37276414,0.837521638,-7.11722702,20.4337318,-10.3575208,-7.34046577
610,-2.81143319,-10.3473611,105.745327,5.6268319,-4.16303193,-3.17530378,-0.0633278264,0.894889571,6.63214271,0,0,-0.754396208,52.2805868,-0.563970747,72.1088137,-5.92822342,-8.24234273,-23.1618118,-2.76058893,-55.6006017,-1.9766576,73.4228397,3.09021173,-3.55686733,24.8166966,-42.702872,-2.18632456,-13.1310634,97.6533661,-6.64806901,-8.34809028,-6.37698179,0.836771118,-7.10197051,20.4396177,-10.3616471,-7.3590806
611,-2.81576328,-10.3469901,105.740607,5.63451074,-4.1562313,-3.17452746,-0.0753723581,0.887458538,6.63872573,0,0,-0.758353769,52.2714616,-0.506676133,72.1320296,-5.84551922,-8.22849709,-23.1234364,-2.78543524,-55.5959264,-2.08932306,73.4019803,2.88243033,-3.55567311,24.7564407,-42.6956252,-2.20341497,-13.1472621,97.6620882,-6.66530926,-8.28256828,-6.38424228,0.825789134,-7.08461884,20.4330385,-10.3693917,-7.37186415
612,-2.81817485,-10.3394769,105.7477,5.63135025,-4.16242685,-3.17979335,-0.0650978393,0.891867692,6.65708486,0,0,-0.72631698,52.2753651,-0.448008863,72.1046747,-5.8067707,-8.20124719,-23.1925955,-2.80107701,-55.6360231,-2.03785481,73.3896381,2.86748203,-3.56019747,24.7652841,-42.6943992,-2.21652701,-13.1744428,97.6791295,-6.60953692,-8.22125965,-6.38669474,0.826913394,-7.07275267,20.4452731,-10.3610469,-7.40070206
613,-2.81864554,-10.3287376,105.752873,5.63183961,-4.16402724,-3.17893822,-0.07085819,0.902452938,6.66424375,0,0,-0.726176374,52.2692247,-0.409542678,72.1327262,-5.76311298,-8.22618165,-23.2667747,-2.81151312,-55.6510529,-2.0183162,73.3675083,2.87657131,-3.55576148,24.7071353,-42.6928897,-2.24073854,-13.2008287,97.6979331,-6.55503158,-8.21770197,-6.38783581,0.823716492,-7.06339872,20.4497879,-10.3582175,-7.39074963
614,-2.82472633,-10.3274837,105.751169,5.63502052,-4.15914825,-3.183191,-0.0818270736,0.900082862,6.67527237,0,0,-0.696130159,52.260769,-0.352656461,72.1254453,-5.78701651,-8.23062042,-23.2235533,-2.8455281,-55.6685689,-1.97599849,73.3393201,2.92506245,-3.51686035,24.7654258,-42.6807149,-2.23986705,-13.2089139,97.6949005,-6.59591027,-8.21809129,-6.40270086,0.821148341,-7.04407313,20.4536981,-10.3592139,-7.3905174
615,-2.82483995,-10.330303,105.750847,5.63966003,-4.16081217,-3.18334876,-0.0793306995,0.895460318,6.681665,0,0,-0.675494983,52.2631595,-0.279360527,72.108684,-5.71734218,-8.22887958,-23.2982431,-2.86156709,-55.6496732,-2.12208022,73.364585,2.75995309,-3.55319973,24.8040096,-42.6776618,-2.25609558,-13.233162,97.7074612,-6.57934919,-8.17471191,-6.404078,0.815734508,-7.02347029,20.4627174,-10.3632727,-7.40622342
616,-2.82989219,-10.332939,105.751479,5.64081244,-4.15687536,-3.16995546,-0.106953939,0.88989094,6.69306672,0,0,-0.664427569,52.2758705,-0.280309123,72.1156508,-5.7819182,-8.22798311,-23.3177638,-2.89981914,-55.6565273,-2.08295114,73.3428718,2.8152313,-3.54906341,24.8191845,-42.6642951,-2.25651414,-13.2469752,97.6939647,-6.6270999,-8.17427478,-6.41324668,0.813573981,-7.0205602,20.463064,-10.3636475,-7.42149658
617,-2.83287037,-10.3297837,105.752635,5.64003083,-4.1550501,-3.16376413,-0.111573094,0.895447512,6.70234425,0,0,-0.666408431,52.2819869,-0.255726178,72.121313,-5.7567878,-8.2450842,-23.3512744,-2.91953021,-55.6791113,-2.05946041,73.3299901,2.68215061,-3.54382252,24.7119659,-42.6526121,-2.25496454,-13.2596272,97.6852835,-6.66955166,-8.23991289,-6.41798042,0.815325871,-7.02354414,20.4633731,-10.3688777,-7.45909335
618,-2.83285398,-10.3317767,105.755901,5.63663288,-4.15638749,-3.15148327,-0.129463434,0.891391714,6.71382921,0,0,-0.634617902,52.2924303,-0.229555748,72.086199,-5.76978907,-8.22297402,-23.3788069,-2.94173665,-55.6691631,-2.0755216,73.3124912,2.65246149,-3.51458931,24.681657,-42.6423156,-2.25170548,-13.2771014,97.6796077,-6.68426218,-8.28007355,-6.41819899,0.820451875,-7.03436615,20.4668104,-10.3624813,-7.47673488
619,-2.83530969,-10.3345908,105.751264,5.63965231,-4.15048157,-3.13438715,-0.13908517,0.891442513,6.71308558,0,0,-0.637268069,52.2813381,-0.209584915,72.0924623,-5.79237608,-8.24171094,-23.3164166,-2.96037111,-55.661708,-2.11649334,73.3101006,2.5651055,-3.49197178,24.65352,-42.6368207,-2.2569914,-13.283976,97.6667396,-6.70315064,-8.26729939,-6.41905789,0.817925825,-7.0434678,20.4510105,-10.3709712,-7.46372593
620,-2.83973031,-10.3375398,105.754304,5.63495018,-4.14558611,-3.12701502,-0.152448795,0.891856913,6.71976892,0,0,-0.622818323,52.3001792,-0.187998422,72.0893409,-5.80516347,-8.27413214,-23.3917894,-3.00058556,-55.6811638,-2.01041197,73.3066035,2.62726364,-3.52626189,24.6449345,-42.6157393,-2.23152675,-13.277075,97.6305259,-6.7508006,-8.24991656,-6.42474957,0.822422011,-7.04677447,20.4460671,-10.3485528,-7.48004666
621,-2.84444783,-10.337764,105.755794,5.63345483,-4.14207401,-3.12066207,-0.165008673,0.897179925,6.73253326,0,0,-0.608200545,52.2928879,-0.155979096,72.0683722,-5.80041692,-8.23999656,-23.388779,-3.01517335,-55.6651231,-2.05468376,73.2753964,2.64511925,-3.4790894,24.6456943,-42.6066688,-2.219788,-13.2701696,97.6086215,-6.77053003,-8.24073081,-6.42526439,0.826102629,-7.04982415,20.4333783,-10.3374017,-7.47196399
622,-2.847757,-10.3376895,105.760026,5.63140464,-4.1388511,-3.1113583,-0.163284557,0.898737529,6.73522948,0,0,-0.59376494,52.2831139,-0.137520229,72.0427726,-5.82769029,-8.23544254,-23.3982354,-3.01820595,-55.679866,-2.01289965,73.2613945,2.70588915,-3.48152821,24.6917673,-42.6058936,-2.21257767,-13.2725474,97.589415,-6.76159571,-8.26128712,-6.42244523,0.830566478,-7.05061047,20.4179609,-10.3326786,-7.4690936
623,-2.85086092,-10.3366844,105.759585,5.6279578,-4.1342273,-3.10542692,-0.170894054,0.90785914,6.74568948,0,0,-0.60071327,52.2964533,-0.173784879,72.046256,-5.88927512,-8.23739853,-23.3618407,-3.03691918,-55.6873314,-1.98204192,73.2404531,2.73815112,-3.46344827,24.6848586,-42.5935412,-2.20624651,-13.2630159,97.5620191,-6.77054369,-8.31802891,-6.42127428,0.838376372,-7.04873516,20.4013567,-10.3350367,-7.49692406
624,-2.8531583,-10.340742,105.756998,5.6293174,-4.13473426,-3.09751333,-0.174641027,0.906865347,6.75463959,0,0,-0.598991529,52.2816591,-0.133985353,72.0411949,-5.85964063,-8.24819108,-23.3272083,-3.04187064,-55.6878676,-1.98197383,73.2327009,2.74529059,-3.47579725,24.7068655,-42.5915399,-2.21317254,-13.2544013,97.5472113,-6.75037628,-8.30618963,-6.41974902,0.836062112,-7.05642553,20.3967327,-10.3256614,-7.49447373
625,-2.85694711,-10.34697,105.750322,5.6321753,-4.13012969,-3.07897257,-0.175627095,0.909813641,6.76043672,0,0,-0.606162,52.2544442,-0.0905386264,72.0305261,-5.85254962,-8.23135296,-23.310266,-3.03651385,-55.6879632,-2.00802567,73.2478776,2.79655009,-3.53552918,24.756077,-42.582828,-2.22631852,-13.2509572,97.5196924,-6.78147455,-8.35282019,-6.41651748,0.832748883,-7.06932519,20.3777277,-10.3340062,-7.49152394
626,-2.85942741,-10.3454888,105.753624,5.63043061,-4.13207853,-3.06661187,-0.179921817,0.917895889,6.77574787,0,0,-0.604526703,52.2376215,-0.0455446652,72.026107,-5.8699111,-8.22431701,-23.3371957,-3.03559263,-55.7100145,-1.88816887,73.204581,2.99844558,-3.49639497,24.679794,-42.5693213,-2.23491794,-13.2441919,97.495937,-6.78321796,-8.35667583,-6.41437195,0.831912185,-7.07100328,20.3763497,-10.3329492,-7.49275509
627,-2.86062974,-10.3415176,105.759525,5.62754174,-4.13052642,-3.05699244,-0.189789226,0.93530348,6.78328498,0,0,-0.590122955,52.2214237,-0.0552095697,72.0135258,-5.88861899,-8.2227085,-23.3008659,-3.05097272,-55.7093246,-1.95752517,73.2067667,2.93226083,-3.49948328,24.7333564,-42.5607802,-2.24018508,-13.2295957,97.4742307,-6.7737923,-8.32525696,-6.41249749,0.831286102,-7.08041657,20.3654641,-10.3199659,-7.46619333
628,-2.86415108,-10.3437982,105.762434,5.62856359,-4.13028405,-3.0484708,-0.194244977,0.936987975,6.79303422,0,0,-0.599535649,52.1907185,-0.0511478749,72.0233203,-5.84644044,-8.23848709,-23.2493356,-3.06566808,-55.7271309,-1.91149311,73.1834416,2.97095727,-3.46272491,24.6888935,-42.5507398,-2.24539417,-13.2175686,97.4506256,-6.78377846,-8.32864303,-6.41413972,0.829192863,-7.09269938,20.3606949,-10.3070031,-7.45937339
629,-2.86694299,-10.3461452,105.761361,5.63159759,-4.1246527,-3.04947778,-0.172244964,0.943903008,6.7964459,0,0,-0.641427547,52.171775,-0.106577051,72.0371582,-5.84709571,-8.24284817,-23.2300232,-3.05151444,-55.7271446,-2.01666415,73.1724859,2.85726535,-3.45230332,24.6859685,-42.5410648,-2.23947901,-13.1925411,97.4323958,-6.80949412,-8.28829112,-6.41495678,0.826714251,-7.09690251,20.3439558,-10.3004452,-7.44929886
630,-2.87120286,-10.3474125,105.758536,5.63190141,-4.11771758,-3.03787159,-0.188588847,0.953089613,6.80814644,0,0,-0.651938195,52.1700367,-0.149139995,72.0560369,-5.77330149,-8.26220151,-23.1825209,-3.1001202,-55.7269124,-1.98209742,73.1718849,2.9398417,-3.43141255,24.6854409,-42.530683,-2.23407569,-13.1737487,97.4052526,-6.84750199,-8.27882534,-6.41724532,0.825404829,-7.10536469,20.3277068,-10.3055474,-7.45829763
631,-2.87374873,-10.3468947,105.759537,5.6318971,-4.11400415,-3.02860934,-0.203269258,0.971926527,6.81117136,0,0,-0.607630277,52.1431565,-0.153390627,72.0157388,-5.71501693,-8.24316321,-23.14809,-3.12269056,-55.7376733,-2.04385663,73.1772876,2.80869118,-3.46351828,24.6547392,-42.5209329,-2.23001749,-13.1552859,97.3840995,-6.86947471,-8.27897389,-6.41765343,0.826579942,-7.12073816,20.3159162,-10.299629,-7.44895137
632,-2.87373811,-10.3478469,105.766487,5.62862302,-4.11714205,-3.01776283,-0.198203966,0.980867138,6.82534785,0,0,-0.647980794,52.1021276,-0.112384039,72.0376637,-5.60731637,-8.26800717,-23.1766914,-3.12339535,-55.7379875,-2.06334551,73.1734763,2.73619619,-3.45529879,24.6162118,-42.5183271,-2.22803247,-13.1485393,97.3755208,-6.84416843,-8.25619094,-6.41342597,0.827889897,-7.12712652,20.3143094,-10.2865355,-7.45103287
633,-2.87879054,-10.3534177,105.764711,5.63151528,-4.11260499,-3.0096311,-0.20137328,0.978115319,6.8324632,0,0,-0.678160838,52.0749059,-0.0938270557,72.0678804,-5.48666535,-8.30334059,-23.1373478,-3.14409103,-55.742434,-2.01864725,73.1694602,2.83527833,-3.43015793,24.6835848,-42.5084097,-2.21829219,-13.1255839,97.3542653,-6.8565934,-8.26636536,-6.41735418,0.826715852,-7.13799719,20.3055155,-10.2883481,-7.44017629
634,-2.88031399,-10.3551783,105.765998,5.63007133,-4.10923171,-3.00870299,-0.203276261,0.994982151,6.84027352,0,0,-0.669697914,52.0709751,-0.0933457408,72.0679692,-5.52069762,-8.29026761,-23.2046456,-3.15922524,-55.7322946,-2.06148364,73.1697948,2.76774057,-3.45509986,24.6675185,-42.5002203,-2.20496244,-13.1021231,97.3444776,-6.85961405,-8.22048271,-6.41830699,0.827298606,-7.14587881,20.2938222,-10.2735291,-7.43641712
635,-2.88676023,-10.3623144,105.764544,5.63466025,-4.1049864,-2.99860195,-0.207389943,0.989252796,6.85033865,0,0,-0.637009535,52.0514373,-0.0775293572,72.0124329,-5.54841538,-8.25628486,-23.136815,-3.18050662,-55.6903299,-2.09782708,73.1769324,2.81741888,-3.47728047,24.6924692,-42.4843572,-2.20057596,-13.087235,97.3224434,-6.8876635,-8.21810752,-6.42189199,0.823026589,-7.15768948,20.2829673,-10.2709823,-7.43339903
636,-2.8892206,-10.3641838,105.763876,5.63671953,-4.10523653,-2.98740355,-0.211592991,0.991798749,6.86256,0,0,-0.655450032,52.0378896,-0.112890767,72.0197413,-5.63707849,-8.28391724,-23.1102422,-3.19205582,-55.6840222,-2.04655199,73.1595222,2.85288058,-3.45479506,24.6175812,-42.4888002,-2.20216398,-13.0817691,97.3310836,-6.85273861,-8.23434373,-6.41950911,0.822324094,-7.1693055,20.2781162,-10.2828233,-7.41103102
637,-2.89302524,-10.3725031,105.770457,5.64298372,-4.10651907,-2.97871811,-0.188658496,0.968149006,6.88071464,0,0,-0.69609302,52.0235838,-0.04281345,72.0439474,-5.57050635,-8.30931701,-23.0783759,-3.1898708,-55.6367744,-2.11778446,73.1783872,2.89254349,-3.48130388,24.676478,-42.4794565,-2.20007501,-13.0714914,97.3206471,-6.8303087,-8.22355801,-6.42087002,0.817252091,-7.17230566,20.277901,-10.2626128,-7.41372467
638,-2.89345179,-10.3753589,105.765951,5.64491039,-4.10590682,-2.97302428,-0.206079614,0.975217611,6.88247598,0,0,-0.647159623,52.0187105,-0.0125574162,72.028518,-5.56010439,-8.30776741,-23.0892889,-3.21397155,-55.6313478,-2.05954621,73.1639619,3.04561059,-3.44764193,24.7629243,-42.4793882,-2.20703156,-13.070828,97.3351407,-6.7969667,-8.2319062,-6.42150992,0.815083026,-7.17855358,20.2763642,-10.2713085,-7.41908296
639,-2.89559048,-10.3784718,105.768156,5.64726619,-4.10728316,-2.97217183,-0.20511641,0.976505315,6.89885135,0,0,-0.640297471,52.0299564,-0.0911843594,72.0052681,-5.66376916,-8.27855469,-23.0551225,-3.23134115,-55.5982145,-2.13156885,73.1654372,3.02098669,-3.42921856,24.7786132,-42.4732206,-2.21564144,-13.073187,97.3408576,-6.77052021,-8.20864514,-6.41947794,0.811190618,-7.18252277,20.2723771,-10.2591832,-7.4062977
640,-2.89761089,-10.3790686,105.77054,5.65019756,-4.10532705,-2.96331466,-0.201742417,0.981417502,6.90437356,0,0,-0.636171557,52.02273,-0.100508608,71.9897021,-5.67033938,-8.24112781,-23.0492827,-3.24106008,-55.5808795,-2.13570965,73.1885027,3.00899459,-3.47140544,24.7311605,-42.4602944,-2.22500563,-13.0750721,97.3415543,-6.77253939,-8.2148128,-6.42180917,0.809433125,-7.19057471,20.2699473,-10.2530318,-7.42130789
641,-2.89961305,-10.3781402,105.775881,5.65136749,-4.10629826,-2.95352895,-0.206569853,0.987847485,6.91241141,0,0,-0.668466505,52.0140147,-0.13736695,72.01955,-5.6234147,-8.258275,-23.0316745,-3.24483782,-55.6050106,-2.04587282,73.1726977,3.06325639,-3.43243003,24.6880671,-42.453775,-2.24197459,-13.0884524,97.3464515,-6.74996732,-8.27709388,-6.42362557,0.808695091,-7.19703778,20.2719502,-10.2532811,-7.412736
642,-2.89766379,-10.3819177,105.781817,5.65225796,-4.10927008,-2.94856563,-0.197600481,0.991638453,6.92583743,0,0,-0.641671033,51.9941013,-0.0695082205,71.9878511,-5.54998888,-8.25193488,-23.0405606,-3.25380308,-55.5751114,-2.1645401,73.2011932,2.90495885,-3.45272829,24.6987768,-42.4466682,-2.25232233,-13.0978559,97.3583634,-6.71762893,-8.30464345,-6.42272356,0.807900548,-7.20677421,20.2772624,-10.2437999,-7.39742955
643,-2.89955959,-10.3892736,105.776715,5.66136371,-4.10571902,-2.9334745,-0.197790366,0.983821835,6.92869843,0,0,-0.624808256,52.0097937,-0.106305138,71.9762944,-5.55369896,-8.25852174,-23.0171569,-3.23994036,-55.5844995,-2.14476029,73.185477,2.91310386,-3.43321401,24.65498,-42.4420339,-2.27732039,-13.1083454,97.3694146,-6.7237919,-8.30771447,-6.42237778,0.799171353,-7.21914881,20.2679529,-10.2529925,-7.41422328
644,-2.90007778,-10.3957556,105.778289,5.66532436,-4.10550864,-2.92553211,-0.181448578,0.980318695,6.93129561,0,0,-0.652000413,52.0352703,-0.202153589,71.9853581,-5.62395386,-8.25087791,-23.0708405,-3.21809549,-55.5862617,-2.1356484,73.187526,2.92646605,-3.43747093,24.6316531,-42.427028,-2.28457021,-13.1101076,97.3738338,-6.72521514,-8.26530241,-6.42536087,0.793766486,-7.2211825,20.2711596,-10.2427139,-7.42723735
645,-2.90169455,-10.4027465,105.773461,5.67264719,-4.10293125,-2.9149769,-0.181540412,0.974364691,6.9290664,0,0,-0.660053687,52.0047905,-0.166481739,72.0045646,-5.61457473,-8.2621204,-23.0192419,-3.22405099,-55.585104,-2.12341467,73.1973751,2.91605663,-3.41332919,24.6067896,-42.4343124,-2.29676381,-13.1247088,97.3977258,-6.72897046,-8.29512814,-6.42145357,0.790347763,-7.23588362,20.2554895,-10.2502177,-7.4099066
646,-2.90315021,-10.4085304,105.779588,5.67367016,-4.1070327,-2.90175272,-0.186810383,0.960328226,6.94658669,0,0,-0.617844452,52.0490365,-0.200858121,71.966978,-5.72735865,-8.23914621,-23.0688649,-3.23856578,-55.601616,-2.01902633,73.1973615,3.04232122,-3.4034918,24.6613662,-42.4285341,-2.29199868,-13.1403004,97.4107168,-6.73586255,-8.31459333,-6.42182326,0.790395521,-7.25565958,20.2663648,-10.2441346,-7.43606025
647,-2.90211625,-10.4153574,105.781949,5.67322606,-4.10676998,-2.8957366,-0.175742662,0.964966351,6.94588532,0,0,-0.632957045,52.0295432,-0.173701782,71.986164,-5.73071227,-8.24939576,-23.1067332,-3.22057379,-55.587177,-2.09293474,73.2126816,2.92770381,-3.41637354,24.6079012,-42.4219361,-2.27826061,-13.1518392,97.4197941,-6.7481919,-8.35831593,-6.42164055,0.794019683,-7.26654861,20.2656528,-10.2273929,-7.41161841
648,-2.90180277,-10.425707,105.777001,5.68050251,-4.10347267,-2.89537033,-0.167673754,0.954609543,6.94528042,0,0,-0.610678889,52.0462361,-0.198196535,71.9679343,-5.85414959,-8.20984982,-23.1300292,-3.20273589,-55.5860671,-2.1197125,73.2044444,2.95516373,-3.40367771,24.6248947,-42.4234558,-2.26966674,-13.1497636,97.4338575,-6.74375739,-8.32915871,-6.41975585,0.789611329,-7.27445285,20.2558002,-10.2253114,-7.39941116
649,-2.90547982,-10.437829,105.776274,5.68476627,-4.10147253,-2.88602538,-0.180039571,0.949036856,6.94715701,0,0,-0.539938834,52.0546236,-0.139985314,71.9436598,-5.91814035,-8.21903984,-23.1718863,-3.20882202,-55.581443,-2.05536614,73.2003463,3.12020031,-3.3847329,24.6207897,-42.4306412,-2.25529431,-13.1611026,97.4516023,-6.75106314,-8.32404119,-6.42076458,0.789085778,-7.28144525,20.2481812,-10.2218963,-7.409624
650,-2.91002784,-10.4448438,105.782092,5.68900313,-4.09462227,-2.87853924,-0.158072949,0.943033333,6.94662298,0,0,-0.571124624,52.0781058,-0.169716661,71.9611041,-5.88098071,-8.272936,-23.2284932,-3.14977226,-55.5838746,-2.10926017,73.1719532,3.09603254,-3.35188097,24.5697904,-42.4186508,-2.22723163,-13.1593532,97.4416439,-6.81081705,-8.31332718,-6.4279192,0.787115269,-7.29417673,20.238945,-10.2069835,-7.40746224
651,-2.91538797,-10.4505062,105.785251,5.69289358,-4.08808171,-2.86907364,-0.154115255,0.953083103,6.94934438,0,0,-0.538207594,52.0663545,-0.181377101,71.9459752,-5.91268943,-8.2635351,-23.2438441,-3.14238135,-55.6036138,-2.10354843,73.1747877,3.12043019,-3.340507,24.6087601,-42.4121177,-2.20725354,-13.1673497,97.4337413,-6.86354269,-8.33212899,-6.43640059,0.78601881,-7.30960869,20.2340427,-10.1969841,-7.39069072
652,-2.91731972,-10.4542501,105.787063,5.69393471,-4.0783741,-2.8643821,-0.154270401,0.971347882,6.93728397,0,0,-0.51692291,52.0527077,-0.138971151,71.9634059,-5.87565913,-8.26376733,-23.2816321,-3.15287039,-55.6075856,-2.16261014,73.2155844,3.05512996,-3.36476036,24.6414442,-42.4060047,-2.18468979,-13.1696344,97.4174104,-6.90113861,-8.31413827,-6.44015506,0.784597864,-7.33118525,20.2156251,-10.1865399,-7.34797727
653,-2.91645732,-10.4603745,105.787671,5.7058308,-4.07359742,-2.87875085,-0.110942342,0.952302007,6.94225294,0,0,-0.518493374,52.0977938,-0.214246466,71.9498411,-5.90974178,-8.26604264,-23.3354608,-3.12651162,-55.5774132,-2.25920929,73.2425568,3.02749117,-3.40139835,24.6614977,-42.4049904,-2.16978355,-13.1609378,97.4141592,-6.8809093,-8.23750611,-6.43633698,0.774254236,-7.34022842,20.1977949,-10.1659656,-7.32608481
654,-2.91765518,-10.4650535,105.793846,5.70919498,-4.0651732,-2.88222424,-0.0981417142,0.947259192,6.93102197,0,0,-0.503235852,52.097606,-0.204246682,71.9564322,-5.92465635,-8.29079012,-23.3361251,-3.10345632,-55.5517078,-2.3231405,73.2482601,3.02341013,-3.41163872,24.6716712,-42.3844862,-2.14652547,-13.1530054,97.3864559,-6.92184092,-8.19686819,-6.43742213,0.770840209,-7.37393285,20.1762063,-10.1377347,-7.30566169
655,-2.91974563,-10.4654506,105.79946,5.7169279,-4.05715535,-2.89418845,-0.0896822581,0.96118232,6.92894773,0,0,-0.466530415,52.0538381,-0.136251028,71.9510295,-5.88612384,-8.29383297,-23.3140653,-3.11093772,-55.5812893,-2.30737387,73.2599465,2.96147952,-3.39185231,24.6510492,-42.3785986,-2.13929486,-13.1470828,97.3712929,-6.93699369,-8.18331624,-6.44368072,0.762293134,-7.38723549,20.1663453,-10.1282015,-7.27630554
656,-2.92166602,-10.4657985,105.805635,5.72580441,-4.05300115,-2.90793523,-0.0776855378,0.961317856,6.93453739,0,0,-0.434604937,52.0482954,-0.0876126841,71.9399988,-5.86938347,-8.25852772,-23.2860769,-3.12656882,-55.5801931,-2.29531367,73.2742762,2.95237232,-3.39457029,24.6430425,-42.3761397,-2.13915036,-13.1462034,97.3650433,-6.92047403,-8.1428892,-6.44619295,0.751965141,-7.38785875,20.1599761,-10.122389,-7.25366858
657,-2.92160399,-10.4693018,105.806327,5.73503496,-4.04757499,-2.92768983,-0.0717439935,0.960177215,6.93124182,0,0,-0.364840424,52.0371656,-0.00610950041,71.9057591,-5.88723801,-8.20959283,-23.2938633,-3.14178371,-55.5835365,-2.24398544,73.2775411,2.9822465,-3.37806642,24.6032993,-42.3708156,-2.13711048,-13.1459959,97.3613004,-6.9162662,-8.15152171,-6.44789238,0.74541595,-7.38221445,20.1516313,-10.1228108,-7.24730797
658,-2.92359572,-10.4735292,105.807722,5.74498865,-4.04120428,-2.94349074,-0.0677551564,0.954990433,6.92692727,0,0,-0.316131944,52.0317595,0.0598607584,71.9153896,-5.94852317,-8.22025134,-23.3241159,-3.16473357,-55.5700059,-2.28545088,73.3055449,2.89505978,-3.38448467,24.6179125,-42.3609049,-2.12995308,-13.1344956,97.338549,-6.92763463,-8.08028284,-6.45185347,0.736126466,-7.37945249,20.1385583,-10.1065985,-7.21390407
659,-2.92697418,-10.473834,105.81243,5.75234846,-4.03792655,-2.96124681,-0.066072542,0.954560985,6.9257226,0,0,-0.243964539,52.0132361,0.156306718,71.8931437,-5.94436657,-8.21349116,-23.3150625,-3.19147334,-55.5723691,-2.26166218,73.3237883,2.87815527,-3.35104086,24.660497,-42.3534805,-2.12871725,-13.1378518,97.3267464,-6.92400225,-8.05808045,-6.45692189,0.730379929,-7.36879057,20.1335826,-10.0817699,-7.1943518
660,-2.92559918,-10.4754493,105.821407,5.7556789,-4.04049706,-2.97770968,-0.0513766129,0.956725408,6.9315146,0,0,-0.219454765,51.9889479,0.200357796,71.9173226,-5.91390905,-8.23608457,-23.250536,-3.19651658,-55.5528484,-2.38721643,73.3548998,2.63680093,-3.37410235,24.7102567,-42.3593511,-2.11300973,-13.1465791,97.3327707,-6.89743921,-8.08572393,-6.45931374,0.729211273,-7.35245105,20.1461245,-10.0733337,-7.18041993
661,-2.92458441,-10.4759298,105.827737,5.75460986,-4.04010992,-2.99226242,-0.0550662124,0.976804136,6.9386927,0,0,-0.176068656,51.9774151,0.262323127,71.9164005,-5.88783053,-8.20330735,-23.320653,-3.23120135,-55.5731341,-2.36551201,73.3816195,2.43906141,-3.38307103,24.555739,-42.3536615,-2.09613084,-13.1548385,97.3252438,-6.90074502,-8.15336671,-6.46319457,0.733620427,-7.34925537,20.1501048,-10.0610044,-7.17648744
662,-2.92513687,-10.480053,105.828214,5.75909969,-4.03559232,-3.00141569,-0.0501738926,0.98696607,6.93643191,0,0,-0.165249784,51.9516858,0.243007138,71.9471158,-5.93125517,-8.20239125,-23.1947709,-3.22409731,-55.5695004,-2.34543509,73.3778902,2.61941148,-3.3196809,24.6633913,-42.3547783,-2.09130638,-13.1616166,97.3238026,-6.91072649,-8.17820213,-6.46192586,0.73170744,-7.34183096,20.1351894,-10.0486913,-7.17752819
663,-2.92269085,-10.4845323,105.828166,5.76255634,-4.03324263,-3.00604422,-0.0517601974,0.998481769,6.93394017,0,0,-0.128425205,51.9192151,0.303196953,71.9587818,-5.9837917,-8.19384156,-23.1817167,-3.22858453,-55.6044778,-2.24653865,73.386387,2.66781234,-3.30167801,24.5948589,-42.3560999,-2.08447854,-13.1700485,97.3225254,-6.9215041,-8.17517807,-6.45612447,0.73076941,-7.33642572,20.1228165,-10.0434824,-7.17026002
664,-2.92004868,-10.4833864,105.831027,5.76974558,-4.03040276,-3.00067737,-0.0554447209,1.01706714,6.92409701,0,0,-0.101377069,51.8981303,0.33403347,71.9813351,-5.94510423,-8.24078972,-23.2213164,-3.22883341,-55.6205424,-2.21047952,73.4038586,2.73089063,-3.27977402,24.5784938,-42.3617416,-2.10420327,-13.1880528,97.3271631,-6.91899358,-8.19086787,-6.44917432,0.723103056,-7.33511517,20.105186,-10.0418927,-7.16160916
665,-2.91915182,-10.4853444,105.839992,5.76966977,-4.03447715,-2.99326138,-0.0653902501,1.02611735,6.9331103,0,0,-0.0915302512,51.8748155,0.39951508,72.0061697,-5.84693862,-8.28339559,-23.2309248,-3.2309862,-55.614385,-2.25773632,73.4234066,2.65372571,-3.27047856,24.581552,-42.366796,-2.1157051,-13.2119764,97.3265962,-6.90864542,-8.22426493,-6.45248099,0.723069119,-7.33332908,20.1182641,-10.0337605,-7.15826962
666,-2.915572,-10.4889706,105.840015,5.77478991,-4.02935565,-2.9842909,-0.0831922911,1.03471987,6.9230187,0,0,-0.0655591505,51.8552436,0.443968166,72.0262846,-5.76725806,-8.32052193,-23.2358562,-3.22483988,-55.6275365,-2.23927709,73.4170272,2.65614104,-3.23379148,24.5321714,-42.3734896,-2.14149632,-13.2384272,97.3338976,-6.91654496,-8.24502871,-6.44548688,0.71932308,-7.33858235,20.0969198,-10.0322083,-7.16249751
667,-2.91618872,-10.4916178,105.835581,5.78180789,-4.02072606,-2.9705525,-0.106309847,1.0446404,6.9134496,0,0,-0.0366872005,51.8492023,0.415795823,72.0335041,-5.85806286,-8.31057547,-23.2029056,-3.21363346,-55.6450389,-2.26801148,73.4166447,2.6563404,-3.26257305,24.5462058,-42.3721065,-2.16154079,-13.245505,97.3285359,-6.96094375,-8.24045589,-6.44154244,0.711096331,-7.34744537,20.0732515,-10.0520645,-7.16644024
668,-2.91667487,-10.4936071,105.834389,5.78899023,-4.01802271,-2.96217472,-0.106247561,1.04232657,6.90770114,0,0,-0.0484980484,51.8277111,0.414407534,72.061542,-5.88520475,-8.337483,-23.2152068,-3.18165067,-55.6530302,-2.29128728,73.406536,2.61148484,-3.25679599,24.4940334,-42.3717615,-2.18160618,-13.2520005,97.3250867,-6.96739999,-8.22726765,-6.43791476,0.702439653,-7.35559806,20.0610203,-10.0514951,-7.13556394
669,-2.91349534,-10.4918204,105.841851,5.78737937,-4.02084705,-2.96415701,-0.107588479,1.05635514,6.90891735,0,0,-0.0220326745,51.8185962,0.448088904,72.0534209,-5.83859383,-8.3639312,-23.2135932,-3.16647143,-55.6367061,-2.46786581,73.4097462,2.438369,-3.25856543,24.5213951,-42.3695451,-2.18712796,-13.2636169,97.3231196,-6.94884322,-8.25734354,-6.4350909,0.702329783,-7.3550875,20.0673195,-10.0375222,-7.14733791
670,-2.90981513,-10.4834743,105.840743,5.78942932,-4.02032359,-2.96862835,-0.11752317,1.08396895,6.90529052,0,0,-0.0263523006,51.7672707,0.468795103,72.0971,-5.79488831,-8.41121148,-23.2004621,-3.15613458,-55.6811467,-2.46713263,73.3902187,2.37722322,-3.22024679,24.5295811,-42.3859547,-2.20066518,-13.2649684,97.3402361,-6.92403512,-8.24936929,-6.43270717,0.699689755,-7.36288843,20.0628576,-10.0515326,-7.14846062
671,-2.90640909,-10.4815096,105.841732,5.78722807,-4.01984557,-2.97349772,-0.118884392,1.10192445,6.91306669,0,0,-0.0209552438,51.7436144,0.533797853,72.1160606,-5.78308488,-8.4306391,-23.2716054,-3.14871059,-55.7029077,-2.44693085,73.3718592,2.36394042,-3.21819176,24.4432629,-42.3839193,-2.20273665,-13.2701474,97.3336313,-6.91542438,-8.26569942,-6.42764856,0.699042914,-7.36351254,20.0574601,-10.0392673,-7.15655781
672,-2.9066598,-10.4817726,105.837631,5.78731587,-4.01835431,-2.97838247,-0.11992094,1.12161706,6.91310511,0,0,-0.00509355104,51.7125609,0.538372479,72.1177681,-5.83726536,-8.4483549,-23.2219721,-3.14706665,-55.7297162,-2.35770382,73.3747961,2.5483995,-3.20496296,24.4848263,-42.3779019,-2.20259556,-13.2685133,97.3268352,-6.93513801,-8.26504031,-6.42894843,0.697327363,-7.35524033,20.0577896,-10.0440006,-7.14596418
673,-2.90524904,-10.480772,105.834866,5.78778812,-4.01641698,-2.98254934,-0.123093723,1.13689694,6.90984369,0,0,-0.00117407227,51.6693804,0.621498923,72.1372478,-5.79075903,-8.44995658,-23.2797214,-3.13604187,-55.7454632,-2.38084258,73.3786074,2.49016894,-3.23447045,24.436098,-42.3741965,-2.20186623,-13.2683741,97.3179287,-6.95428432,-8.27179707,-6.43016377,0.697189745,-7.35397759,20.0594494,-10.0479528,-7.14051967
674,-2.90051587,-10.4783647,105.837405,5.78664465,-4.01858183,-2.98713359,-0.122663594,1.1539881,6.91046865,0,0,-0.00945763421,51.6450513,0.644001034,72.1622053,-5.78905575,-8.46711401,-23.264461,-3.11781359,-55.7673744,-2.36282305,73.3768657,2.57233355,-3.26661758,24.4624813,-42.3795275,-2.20455732,-13.2774882,97.3178467,-6.92432156,-8.30621525,-6.42571433,0.697349828,-7.35373768,20.0630643,-10.0525187,-7.14143577
675,-2.89636925,-10.4775414,105.839729,5.787507,-4.02067723,-2.99099561,-0.115689104,1.16737015,6.91017197,0,0,-0.0020216572,51.6091757,0.72840387,72.1484015,-5.71497979,-8.45341863,-23.3218653,-3.10553995,-55.785027,-2.35654525,73.392739,2.54179257,-3.31134785,24.4467394,-42.3774716,-2.20904732,-13.2769665,97.308585,-6.90728237,-8.3097567,-6.42528147,0.69761215,-7.35079046,20.0699798,-10.0469538,-7.13686424
676,-2.89264992,-10.4813583,105.836964,5.78493244,-4.01688341,-2.99219831,-0.138073568,1.17975595,6.90389075,0,0,0.0480682634,51.6083732,0.692348475,72.1349665,-5.85657729,-8.45350145,-23.2649886,-3.10944682,-55.7981717,-2.24523558,73.3775077,2.71874058,-3.32887817,24.3805805,-42.361103,-2.20125471,-13.2810629,97.2778833,-6.94072554,-8.33424805,-6.42686052,0.701168384,-7.35074179,20.0714193,-10.0491771,-7.16038485
677,-2.88815927,-10.4853198,105.832016,5.78747661,-4.01316351,-2.99109746,-0.145338968,1.17702921,6.89649024,0,0,0.0578367079,51.6326374,0.636734887,72.1206027,-5.97688168,-8.41009645,-23.301718,-3.08634669,-55.782797,-2.29424347,73.3667092,2.69776336,-3.34317099,24.3733491,-42.352176,-2.1961786,-13.2804602,97.2539366,-6.95827485,-8.34073673,-6.42358673,0.700627572,-7.36211406,20.064,-10.056575,-7.13607108
678,-2.88088862,-10.4860865,105.833888,5.78390047,-4.01514784,-2.99132374,-0.153479273,1.18933678,6.88687504,0,0,0.0903320199,51.6149063,0.693213241,72.1135471,-5.93778184,-8.45931394,-23.3023959,-3.07053587,-55.7803347,-2.26854061,73.3651246,2.78899035,-3.31476871,24.4159933,-42.352012,-2.18569831,-13.2849698,97.2441831,-6.94045318,-8.35989285,-6.41876248,0.704545005,-7.36331361,20.0685984,-10.0562822,-7.16012018
679,-2.87767183,-10.4875781,105.835736,5.78408401,-4.01412527,-2.98638746,-0.174688865,1.19582707,6.8815475,0,0,0.151376549,51.5823775,0.793958852,72.0728118,-5.92115374,-8.40564829,-23.2982056,-3.07410678,-55.7657898,-2.34468335,73.3763056,2.64805538,-3.30097088,24.3944356,-42.3481154,-2.18604665,-13.2921415,97.2196832,-6.928444,-8.37092702,-6.42210757,0.704935607,-7.36756113,20.0778585,-10.0597161,-7.15291646
680,-2.87097823,-10.4909472,105.836511,5.7833094,-4.01200258,-2.98125797,-0.199736729,1.19903234,6.86750505,0,0,0.161638855,51.5720537,0.802122582,72.0885554,-5.92734446,-8.40826852,-23.2896986,-3.08220397,-55.7443191,-2.38604014,73.4062697,2.59361173,-3.31745063,24.3802766,-42.3386693,-2.18423089,-13.2997358,97.1896304,-6.92549934,-8.39656414,-6.42573696,0.707391166,-7.37358792,20.0869153,-10.0581647,-7.15020616
681,-2.86349431,-10.4938433,105.83812,5.7797628,-4.01201196,-2.98160992,-0.217145841,1.2012449,6.85848835,0,0,0.188267281,51.5617401,0.841970546,72.1025027,-5.93491914,-8.39017962,-23.2474504,-3.09150648,-55.7352725,-2.40945616,73.4260362,2.50480475,-3.30632468,24.3260022,-42.3216928,-2.16849264,-13.2915592,97.1522351,-6.93415746,-8.35888028,-6.42174983,0.712165095,-7.3780617,20.0868384,-10.0481858,-7.1719761
682,-2.85576936,-10.4939491,105.833924,5.78393003,-4.00832183,-2.98427248,-0.229858037,1.2060334,6.83832606,0,0,0.205507399,51.5554256,0.832829031,72.1130416,-5.96092551,-8.38264848,-23.2695905,-3.0721034,-55.7316355,-2.37697499,73.4157021,2.59436177,-3.30422738,24.2836618,-42.3218807,-2.18100939,-13.2954652,97.1394763,-6.91397852,-8.32739993,-6.41755567,0.707114704,-7.36925673,20.0837888,-10.0604827,-7.14052949
683,-2.84759142,-10.4959115,105.837727,5.78578598,-4.00695816,-2.97863411,-0.256743476,1.19990576,6.82377391,0,0,0.242082928,51.5455355,0.882455265,72.1123313,-5.89304367,-8.38231978,-23.201847,-3.09318115,-55.6725953,-2.51754113,73.4640462,2.48927269,-3.34936383,24.4011326,-42.3120759,-2.19255454,-13.3072388,97.1101884,-6.90240006,-8.31371906,-6.41925041,0.703952326,-7.37098647,20.0939897,-10.0603589,-7.15792384
684,-2.8390104,-10.4973108,105.839837,5.78779476,-4.00247159,-2.97513744,-0.269998525,1.19343629,6.79551956,0,0,0.247806387,51.5565321,0.888923454,72.124851,-5.82081229,-8.36483449,-23.2209664,-3.0851941,-55.6637161,-2.46922288,73.474353,2.52741225,-3.3550839,24.4129676,-42.3020321,-2.19252487,-13.3071022,97.0796643,-6.90530759,-8.32779438,-6.4228273,0.703545236,-7.37991353,20.0996092,-10.0736189,-7.14021274
685,-2.82945372,-10.4999624,105.843711,5.78447253,-3.99771197,-2.97355381,-0.28298693,1.19871239,6.77062138,0,0,0.228228397,51.5540459,0.870815022,72.1513112,-5.800288,-8.37753352,-23.2158215,-3.05589387,-55.6592423,-2.47821739,73.466266,2.57953855,-3.36444702,24.4888988,-42.2864661,-2.18784043,-13.3085672,97.0432116,-6.90338404,-8.32257953,-6.42091783,0.707663307,-7.3836283,20.0960319,-10.0607517,-7.15127039
686,-2.81987227,-10.5000637,105.842733,5.78377772,-3.99874971,-2.97866573,-0.28496403,1.21024954,6.76022327,0,0,0.230990434,51.5353107,0.905991616,72.1644661,-5.75815171,-8.34901748,-23.1862963,-3.04307275,-55.6561824,-2.43575175,73.45975,2.58035347,-3.32616147,24.505824,-42.2819753,-2.18894756,-13.3096234,97.0304118,-6.85137428,-8.25160532,-6.41426565,0.706471652,-7.38410983,20.0972101,-10.0570437,-7.1346948
687,-2.81407349,-10.4984663,105.842555,5.78294285,-3.99245375,-2.9813966,-0.298164251,1.22491353,6.73760553,0,0,0.262305811,51.5209912,0.937780811,72.1504438,-5.71295634,-8.33459127,-23.2001719,-3.03179931,-55.654567,-2.38222996,73.462366,2.62108616,-3.29573191,24.5886212,-42.2692267,-2.17670061,-13.3059325,97.0013016,-6.88495832,-8.20662341,-6.41936098,0.706666152,-7.3836616,20.1013287,-10.0612554,-7.13973676
688,-2.80686542,-10.501036,105.847263,5.78682864,-3.98902774,-2.99128978,-0.276248548,1.20900741,6.72262351,0,0,0.235453349,51.5350033,0.933860602,72.1609281,-5.6220017,-8.34120033,-23.2005629,-2.98411434,-55.6163316,-2.51917782,73.4724474,2.26120947,-3.33760267,24.5023406,-42.2767058,-2.16890757,-13.3006809,96.9946968,-6.84098941,-8.2187376,-6.41368295,0.70799852,-7.38560222,20.0881464,-10.0430803,-7.10048622
689,-2.8003484,-10.4977578,105.848253,5.77700005,-3.98260793,-2.99301969,-0.277187699,1.24211558,6.70096839,0,0,0.189709398,51.4975739,0.916586307,72.167649,-5.62337969,-8.28493409,-23.1923649,-2.95359941,-55.6227691,-2.46513416,73.4745784,2.38158579,-3.31333352,24.6067571,-42.27326,-2.15147373,-13.3032525,96.9756132,-6.84292918,-8.18679195,-6.42534379,0.715752865,-7.39087855,20.1000736,-10.0422094,-7.11498928
690,-2.79435292,-10.5004855,105.845892,5.77584958,-3.97469466,-3.00186768,-0.284692396,1.24486281,6.6909976,0,0,0.209906641,51.4909964,0.952600187,72.138689,-5.67756188,-8.24229065,-23.2012596,-2.93419036,-55.6084257,-2.4366988,73.4633017,2.471292,-3.32513053,24.6564262,-42.2566763,-2.12509341,-13.2839308,96.9444812,-6.88324992,-8.1538397,-6.42672904,0.717852882,-7.39214213,20.0945668,-10.0363978,-7.11430284
691,-2.79104523,-10.4990073,105.843985,5.77588849,-3.96889699,-3.01175406,-0.273866867,1.26725291,6.6749855,0,0,0.209693971,51.4662916,0.945501379,72.104176,-5.79836359,-8.1960221,-23.2344884,-2.85665576,-55.6176874,-2.52374252,73.4238301,2.41520462,-3.31017157,24.6521523,-42.2558771,-2.1145096,-13.2763194,96.9313741,-6.87785663,-8.1247209,-6.42777833,0.71976256,-7.38862202,20.0856705,-10.0410952,-7.10547482
692,-2.78712511,-10.5016053,105.844092,5.77753689,-3.96200851,-3.0251903,-0.257757626,1.26738333,6.66105021,0,0,0.16155808,51.4762193,0.933547908,72.1314012,-5.79106852,-8.21400086,-23.2743323,-2.8190863,-55.6049457,-2.53680205,73.4225733,2.40325713,-3.30356058,24.6652713,-42.2491118,-2.09169762,-13.2593071,96.9103235,-6.89224656,-8.12151669,-6.42896209,0.721327901,-7.38268744,20.0785193,-10.0346305,-7.08942644
693,-2.77988333,-10.5042495,105.849576,5.77971012,-3.95812295,-3.03980741,-0.231650882,1.26457185,6.64772451,0,0,0.143189206,51.4442574,1.02563753,72.1281568,-5.67217158,-8.2370869,-23.3121682,-2.78036553,-55.5599996,-2.61521327,73.4472849,2.34512133,-3.31119567,24.6000157,-42.2443614,-2.08024126,-13.2496475,96.8969978,-6.86486946,-8.10827466,-6.42784535,0.723139181,-7.37988023,20.0752766,-10.0240377,-7.10224884
694,-2.77195722,-10.5007946,105.848825,5.77909703,-3.95019524,-3.05194015,-0.246732553,1.27759724,6.63676205,0,0,0.142818909,51.4406169,1.01576514,72.1334912,-5.71273991,-8.27310334,-23.3141592,-2.76503645,-55.5741518,-2.4966621,73.4271495,2.47380978,-3.27718367,24.5188423,-42.2412332,-2.06919215,-13.2353254,96.8892455,-6.86066163,-8.12358282,-6.42328236,0.724837711,-7.3789334,20.0626323,-10.0341865,-7.09304985
695,-2.76965871,-10.5004326,105.847371,5.77996542,-3.94216623,-3.06657389,-0.22970812,1.28524491,6.62699873,0,0,0.127937074,51.4633751,0.879664279,72.1272211,-5.8942142,-8.30538196,-23.2948707,-2.72469629,-55.5713821,-2.48180046,73.4178878,2.55487708,-3.25827237,24.4569267,-42.2274806,-2.04906443,-13.2085895,96.872894,-6.89505846,-8.12344365,-6.42347275,0.726229095,-7.3874404,20.0452614,-10.025653,-7.07725974
696,-2.76294742,-10.4982436,105.852675,5.78038999,-3.93722328,-3.09018347,-0.215943848,1.29927466,6.61294903,0,0,0.130285071,51.4409379,0.889073078,72.1093124,-5.92121137,-8.32130314,-23.2812735,-2.70749851,-55.5449015,-2.45685191,73.4356463,2.77270185,-3.25002855,24.4926093,-42.2240553,-2.0359716,-13.1878112,96.8742942,-6.87648718,-8.08416153,-6.42159189,0.724702921,-7.37112905,20.0384773,-10.0128072,-7.04954923
697,-2.76100654,-10.4950346,105.854213,5.78301938,-3.9300179,-3.10918185,-0.197039899,1.30400125,6.60420681,0,0,0.0990346147,51.4491512,0.854710983,72.1083698,-5.9706406,-8.30940153,-23.2735622,-2.69027576,-55.5188648,-2.50104196,73.4540946,2.88863897,-3.21597002,24.6580996,-42.2213266,-2.01961586,-13.1650402,96.8762476,-6.88192657,-8.12186161,-6.4235974,0.723455931,-7.363866,20.0297415,-10.005288,-7.00454085
698,-2.75384169,-10.4899831,105.856919,5.78052665,-3.922607,-3.12659427,-0.191746609,1.32645347,6.59107278,0,0,0.0858236681,51.4007115,0.915866042,72.1181984,-5.91553847,-8.33314241,-23.2072018,-2.68325049,-55.5203914,-2.47071506,73.4684722,2.87630173,-3.18796006,24.6402609,-42.2139603,-1.99991354,-13.1406744,96.8778186,-6.89603006,-8.17558959,-6.42548296,0.725920989,-7.35107989,20.0229113,-10.0027472,-6.9911302
699,-2.75149141,-10.4844481,105.858004,5.78026647,-3.91421635,-3.14914842,-0.193953267,1.34516093,6.58326417,0,0,0.0982587812,51.3866755,0.940745433,72.1087523,-5.92359511,-8.33915725,-23.2246051,-2.7085557,-55.5620419,-2.22873363,73.46462,3.05811453,-3.1443811,24.5669098,-42.205163,-1.98253967,-13.1164409,96.8770946,-6.9111585,-8.16637481,-6.42780095,0.725267692,-7.33420164,20.0110626,-9.99562668,-6.98724809
700,-2.7474951,-10.4803331,105.860531,5.78102418,-3.90432592,-3.17207628,-0.174479957,1.36159181,6.55964324,0,0,0.0735784596,51.384483,0.870606434,72.1146262,-5.9424682,-8.30509937,-23.1801287,-2.69165482,-55.5634899,-2.16210812,73.4882524,3.0177065,-3.14230558,24.5364215,-42.1911064,-1.95835269,-13.0842297,96.8713504,-6.95354068,-8.13591558,-6.42954692,0.72370518,-7.32626069,19.9926143,-9.98832692,-6.95330418
701,-2.74506081,-10.4748033,105.86096,5.78245973,-3.89691359,-3.18909221,-0.172813404,1.37880442,6.54362645,0,0,0.0741391688,51.3718301,0.898767197,72.0990671,-5.91500615,-8.24781969,-23.1988673,-2.68793557,-55.5551126,-2.10143854,73.5003282,3.0919308,-3.15047043,24.525635,-42.1936165,-1.95169731,-13.0721667,96.8846624,-6.96068591,-8.16095761,-6.43159214,0.721141404,-7.30622774,19.985125,-9.99044001,-6.93782527
702,-2.74133757,-10.4692869,105.861235,5.78196008,-3.89214167,-3.2107226,-0.161582332,1.39304205,6.53241,0,0,0.068678546,51.369559,0.877035136,72.089539,-5.876054,-8.24420225,-23.1876009,-2.68430468,-55.528673,-2.13786052,73.5118985,2.98158696,-3.14727561,24.4471988,-42.1914548,-1.94844721,-13.0670244,96.9025097,-6.96079647,-8.23364876,-6.43320321,0.722430816,-7.2927569,19.9830776,-9.99658718,-6.93072529
703,-2.73833778,-10.4613647,105.865741,5.78505411,-3.88668681,-3.2402994,-0.145828434,1.39951248,6.5183095,0,0,0.0608053522,51.3680769,0.845995448,72.1011093,-5.86399317,-8.24233761,-23.194858,-2.68693495,-55.5145925,-2.1387207,73.5368287,2.9382445,-3.17010274,24.5003701,-42.1809295,-1.94551727,-13.0511989,96.9063893,-6.96484848,-8.22553791,-6.43804581,0.719117321,-7.27358712,19.9815272,-9.98549836,-6.91917287
704,-2.73423586,-10.4551814,105.869627,5.78399227,-3.88323671,-3.25359149,-0.150705803,1.41435224,6.5131352,0,0,0.0539182504,51.3823213,0.746967043,72.1246188,-5.95425967,-8.25170607,-23.1819131,-2.69577065,-55.4838533,-2.18649339,73.557292,2.89495626,-3.18705036,24.4168642,-42.1653259,-1.95654653,-13.0517598,96.9071611,-6.9572499,-8.24428592,-6.4415847,0.715499295,-7.26081296,19.9843241,-9.9861626,-6.9399247
705,-2.73142233,-10.44764,105.869699,5.78525828,-3.8758151,-3.27626067,-0.152655515,1.43274093,6.49451355,0,0,0.0634665513,51.3893495,0.69475649,72.131408,-6.00327354,-8.2809111,-23.2196208,-2.72314263,-55.4787272,-2.09056488,73.5971871,3.06778864,-3.22512525,24.4090385,-42.156252,-1.96308068,-13.0444848,96.9156988,-6.96250744,-8.2369836,-6.44326493,0.712079718,-7.24068354,19.9716934,-9.97082285,-6.90306985
706,-2.73129437,-10.4403883,105.868781,5.78870058,-3.87441334,-3.29164296,-0.15258097,1.43811757,6.48869508,0,0,0.0402045679,51.4041232,0.578054064,72.1591386,-6.06011864,-8.2879129,-23.183875,-2.71993629,-55.4640901,-2.08143163,73.6025283,3.17461728,-3.21724663,24.4290868,-42.1664631,-1.98065369,-13.0489765,96.9474933,-6.91997713,-8.26179682,-6.44598036,0.70468305,-7.21840346,19.9739884,-9.98493914,-6.89483819
707,-2.72932239,-10.4349591,105.872059,5.7907356,-3.8721011,-3.30104873,-0.166788684,1.43939364,6.48783319,0,0,0.0525665966,51.3896808,0.611130696,72.162622,-6.00648415,-8.32580594,-23.1476579,-2.72495199,-55.463571,-2.09359684,73.591641,3.06422051,-3.21189859,24.4187801,-42.1606233,-1.99268869,-13.0533948,96.9584421,-6.92843418,-8.27690349,-6.44673381,0.701114062,-7.21609657,19.9708533,-9.9792513,-6.90827232
708,-2.72620674,-10.4283333,105.87213,5.78806366,-3.87046148,-3.30277843,-0.18737286,1.45332434,6.47859835,0,0,0.0829238259,51.3735069,0.626227388,72.1439414,-5.99066799,-8.33522562,-23.1134728,-2.70512033,-55.4758073,-2.06470087,73.556486,3.10444157,-3.16721144,24.4403054,-42.1628841,-1.99671552,-13.0614775,96.9799641,-6.9231442,-8.31313764,-6.44976087,0.700891815,-7.21700498,19.9752554,-9.98127645,-6.88259337
709,-2.72654444,-10.4254991,105.875623,5.78850964,-3.86727,-3.30576956,-0.201319439,1.45788894,6.47043329,0,0,0.0813457721,51.4205225,0.580700549,72.1478483,-6.00084711,-8.31343817,-23.2560821,-2.69188491,-55.4813398,-2.04910157,73.5290969,3.15912514,-3.12030149,24.5085953,-42.1579869,-2.00058076,-13.0662005,96.9828396,-6.92724701,-8.27832759,-6.45676565,0.696703361,-7.20909648,19.9766453,-9.97757705,-6.88991875
710,-2.72364896,-10.4185253,105.873656,5.78784889,-3.86528511,-3.30853107,-0.214533054,1.46930677,6.46277921,0,0,0.0949538301,51.4540212,0.53529201,72.1365648,-6.0332824,-8.28952056,-23.3363146,-2.68297899,-55.4715555,-2.16448823,73.5364394,2.93862678,-3.14983053,24.5195014,-42.1650903,-2.01185058,-13.076953,97.005065,-6.90316675,-8.29123237,-6.45451852,0.69169806,-7.2111831,19.9711863,-9.9756996,-6.85325771
711,-2.72438824,-10.4111053,105.873942,5.79052409,-3.86243502,-3.31021115,-0.223980286,1.47675381,6.4651702,0,0,0.0538835925,51.4820045,0.407968346,72.1690765,-6.08947308,-8.28848578,-23.2765214,-2.68338752,-55.4664124,-2.25831667,73.5501886,2.73412857,-3.17715427,24.581523,-42.1741061,-2.01604559,-13.0775088,97.0173867,-6.89581277,-8.26126833,-6.45653898,0.684023328,-7.2064899,19.966511,-9.98169139,-6.84818288
712,-2.71940716,-10.4013748,105.880654,5.78605919,-3.8590379,-3.31286766,-0.227154483,1.49314499,6.4616868,0,0,0.0615937055,51.5115314,0.343636902,72.1415782,-6.11815091,-8.25787117,-23.2720101,-2.67926422,-55.4383813,-2.43826163,73.5679471,2.49573746,-3.2017722,24.5952295,-42.1644858,-2.01420656,-13.0791574,97.0116971,-6.89610733,-8.29316959,-6.45771121,0.683777495,-7.20696973,19.9628978,-9.96707564,-6.84389394
713,-2.7158536,-10.3916451,105.888212,5.78279919,-3.85816796,-3.32105295,-0.230052617,1.50876349,6.46202703,0,0,0.0551650067,51.5139151,0.377910178,72.1504847,-6.04498892,-8.23033526,-23.2855014,-2.66771714,-55.4412909,-2.4818916,73.5564314,2.35157309,-3.21069605,24.5331755,-42.1551728,-2.02731861,-13.0830515,97.0073531,-6.8896528,-8.26574808,-6.45734622,0.680463786,-7.20492494,19.9603177,-9.94052498,-6.80817547
714,-2.71473024,-10.3825904,105.887318,5.78361832,-3.85311865,-3.33053333,-0.233991555,1.52598891,6.46066398,0,0,0.0552415228,51.4992029,0.444258129,72.1586946,-5.9971285,-8.22270509,-23.3086745,-2.67215143,-55.4273744,-2.53441938,73.5682271,2.34313417,-3.22444906,24.5591951,-42.1499921,-2.03692612,-13.0803783,97.0048738,-6.89706398,-8.2405242,-6.46011415,0.674081134,-7.19276891,19.9536156,-9.94399728,-6.81294636
715,-2.7145572,-10.3717051,105.885768,5.78871923,-3.84881223,-3.33427794,-0.250403246,1.5291546,6.45866658,0,0,0.0648167076,51.4659603,0.56083441,72.1808654,-5.9321384,-8.26268474,-23.2936191,-2.66297038,-55.4098038,-2.55724652,73.5451547,2.36304418,-3.2290477,24.5449917,-42.1578673,-2.06343942,-13.0854813,97.0196338,-6.88624197,-8.21651608,-6.45706789,0.662003812,-7.18011598,19.9373017,-9.9530174,-6.79744482
716,-2.71180943,-10.3606813,105.890012,5.78781187,-3.84801932,-3.3442081,-0.247874048,1.54533201,6.46526326,0,0,0.0422870985,51.4281689,0.627675068,72.2102967,-5.8239038,-8.31944447,-23.2492007,-2.65769448,-55.3829167,-2.62373499,73.5462544,2.35334659,-3.24682476,24.471463,-42.1590421,-2.07227363,-13.0869455,97.0251663,-6.8745235,-8.22524677,-6.45540943,0.656864308,-7.17096268,19.9349316,-9.93707061,-6.76698815
717,-2.70893704,-10.3507027,105.893946,5.788483,-3.8425101,-3.35338746,-0.251550878,1.54311721,6.46069387,0,0,0.0311559713,51.4100621,0.664125973,72.2476305,-5.78383322,-8.33470567,-23.2285957,-2.64060641,-55.3415121,-2.68811935,73.5225809,2.36074646,-3.19439324,24.3689658,-42.1574643,-2.07129862,-13.082132,97.0188415,-6.87662378,-8.19992384,-6.45192433,0.652625162,-7.16122283,19.9182728,-9.93180881,-6.8056261
718,-2.70861145,-10.3410013,105.895317,5.78680033,-3.84049885,-3.3544676,-0.25854806,1.55379354,6.46072887,0,0,0.0578140228,51.4227457,0.637034348,72.2116627,-5.85171975,-8.38278935,-23.186129,-2.63140081,-55.3426698,-2.62515204,73.5142754,2.57320077,-3.1849678,24.3561336,-42.150419,-2.07326444,-13.0867201,97.0097573,-6.90542968,-8.21019474,-6.4531004,0.64813442,-7.1604651,19.9159813,-9.93395349,-6.78504461
719,-2.71110758,-10.333015,105.893052,5.78516749,-3.8362553,-3.36671762,-0.264504545,1.56618586,6.45832422,0,0,0.0592073281,51.4604586,0.621134148,72.2353772,-5.84565881,-8.39819997,-23.2791015,-2.65135884,-55.3541446,-2.52617898,73.5216657,2.76180492,-3.12891115,24.395122,-42.1520173,-2.05477405,-13.0784343,97.0053792,-6.91904267,-8.23160738,-6.45638658,0.648018947,-7.14174483,19.9099434,-9.93880378,-6.79425683
720,-2.71372572,-10.325259,105.895305,5.7801394,-3.83155146,-3.3706098,-0.282372053,1.57523927,6.46154764,0,0,0.0729672511,51.5009172,0.629185234,72.2424601,-5.81380281,-8.3930722,-23.3483135,-2.66160647,-55.3550769,-2.46880731,73.502186,2.94824881,-3.09581014,24.5384262,-42.1486261,-2.02703836,-13.0762034,96.989055,-6.95618866,-8.23729352,-6.46150154,0.650259782,-7.1349441,19.9068066,-9.92892305,-6.79549394
721,-2.71362942,-10.3133723,105.901396,5.7756095,-3.82970111,-3.37620652,-0.300345856,1.58578476,6.46503872,0,0,0.0845333894,51.5237164,0.599624548,72.2592555,-5.93474582,-8.38911155,-23.330205,-2.66350783,-55.3543495,-2.4565309,73.4712316,2.9215195,-3.05496475,24.5117714,-42.1504941,-2.01124269,-13.0765952,96.9758523,-6.94455642,-8.21224294,-6.46391857,0.650266239,-7.13043404,19.9070047,-9.9265248,-6.81904999
722,-2.71413065,-10.3015393,105.901253,5.77079997,-3.82682669,-3.39243476,-0.300014592,1.60432723,6.46947151,0,0,0.0905412611,51.5393917,0.591604305,72.2590642,-6.00958591,-8.37639544,-23.2520045,-2.66809366,-55.3399685,-2.49170744,73.4698519,2.86820454,-3.07631059,24.4495415,-42.1442479,-1.98746275,-13.0702218,96.9619665,-6.95345445,-8.26074241,-6.46444407,0.654507199,-7.12643667,19.9002957,-9.9108333,-6.79776242
723,-2.71591935,-10.2930516,105.898023,5.77091008,-3.8211912,-3.39876792,-0.310861839,1.61052638,6.46608587,0,0,0.0956455869,51.5585777,0.609475922,72.2604508,-6.02101154,-8.36748546,-23.211469,-2.67020611,-55.3329402,-2.50433262,73.4598457,2.85353564,-3.08521779,24.3961346,-42.1383227,-1.98667663,-13.073432,96.944973,-6.98025013,-8.27053349,-6.46491962,0.649985027,-7.11567955,19.8853444,-9.91403836,-6.78935318
724,-2.71748416,-10.2851659,105.898619,5.76848987,-3.8190816,-3.40927451,-0.316813709,1.61496066,6.46958976,0,0,0.115123839,51.5864415,0.563646687,72.2428425,-6.11826062,-8.3365336,-23.1348087,-2.67492363,-55.3290504,-2.45301548,73.457742,2.84045092,-3.1204637,24.3308567,-42.12498,-1.97687787,-13.0753931,96.9245576,-7.01748192,-8.27586701,-6.47124523,0.648802657,-7.10185781,19.8877589,-9.90752066,-6.81503383
725,-2.71762554,-10.2711514,105.898428,5.77255914,-3.81941187,-3.42056204,-0.323496676,1.61714483,6.47395895,0,0,0.132559871,51.5936029,0.568993871,72.2357528,-6.06800324,-8.32854911,-23.0876974,-2.6609115,-55.3370486,-2.41659414,73.4292874,2.75884745,-3.13084431,24.3183336,-42.1218381,-2.00083818,-13.0921954,96.917543,-7.00615491,-8.24623082,-6.46889521,0.637377138,-7.08514092,19.8839767,-9.9135722,-6.80871335
726,-2.71970071,-10.2599993,105.898261,5.7729335,-3.81774908,-3.41875909,-0.330947398,1.61828376,6.48102777,0,0,0.114531413,51.6155517,0.545061689,72.2468587,-6.11800748,-8.30149217,-23.1061253,-2.65170953,-55.3236034,-2.42826096,73.4292259,2.62141081,-3.16049373,24.2693082,-42.1043699,-2.01844512,-13.1153438,96.8834467,-7.03949007,-8.27126005,-6.476081,0.631851996,-7.08004347,19.8876531,-9.91228727,-6.81206313
727,-2.71995943,-10.2469318,105.901945,5.76984482,-3.81939976,-3.42279948,-0.353545666,1.6261896,6.49173494,0,0,0.155434615,51.6456421,0.575588899,72.2129673,-6.17823737,-8.26619461,-23.1634391,-2.66061802,-55.3206083,-2.39032182,73.4193495,2.62421417,-3.15689081,24.2405275,-42.0883633,-2.02981803,-13.1330698,96.8539881,-7.03914984,-8.23840001,-6.4792643,0.627446097,-7.08094847,19.8948213,-9.90070157,-6.8194376
728,-2.72269621,-10.240636,105.895102,5.77003437,-3.81966759,-3.42701371,-0.361776337,1.62392155,6.4975009,0,0,0.160517543,51.691722,0.548770055,72.2197633,-6.18754564,-8.28749711,-23.2365699,-2.64893476,-55.3135323,-2.35952983,73.4031756,2.66870944,-3.14365305,24.2143866,-42.0957433,-2.03480642,-13.1447716,96.8560644,-7.00830855,-8.26999475,-6.47834137,0.624517119,-7.07292299,19.8912372,-9.91478371,-6.83583731
729,-2.7272556,-10.2328517,105.896366,5.76930767,-3.82211135,-3.42626534,-0.37751264,1.61839102,6.51365344,0,0,0.170796324,51.7434095,0.583808765,72.2130698,-6.08833116,-8.3131846,-23.3481377,-2.66267604,-55.2901115,-2.42555727,73.4211936,2.51619964,-3.1837168,24.2295565,-42.0902246,-2.04152263,-13.1635999,96.8347269,-7.00222072,-8.23342507,-6.48739222,0.61813148,-7.06657561,19.905613,-9.90865447,-6.83242648
730,-2.72962302,-10.2261528,105.897331,5.76774278,-3.82490518,-3.42600503,-0.382214878,1.60523191,6.51958119,0,0,0.181076239,51.8011075,0.546201637,72.2031523,-6.11409464,-8.32664264,-23.4519395,-2.63960729,-55.2700957,-2.46920559,73.4138853,2.4494482,-3.20119697,24.236122,-42.0888619,-2.04764183,-13.1895802,96.8171119,-6.9891964,-8.27954421,-6.4932982,0.615429926,-7.06250482,19.9194203,-9.90620841,-6.85441201
731,-2.7294213,-10.2165401,105.904758,5.76165345,-3.82861267,-3.42224825,-0.402609716,1.60995638,6.53500718,0,0,0.183846468,51.8265158,0.515265949,72.2208493,-6.20218444,-8.31971426,-23.4366757,-2.62960746,-55.2501344,-2.54662024,73.3940914,2.32877413,-3.18436759,24.27029,-42.0899274,-2.04524188,-13.2148383,96.7969082,-6.97084411,-8.28325813,-6.49344718,0.614797654,-7.06903491,19.9250671,-9.89435205,-6.8745568
732,-2.72873137,-10.2092631,105.900168,5.76287837,-3.82733477,-3.41414482,-0.433603781,1.59966509,6.5365397,0,0,0.213576854,51.8203413,0.556360743,72.216478,-6.27510909,-8.32782682,-23.3625015,-2.65303437,-55.2485703,-2.39899979,73.3951433,2.52833262,-3.13941086,24.307699,-42.0963,-2.05298539,-13.2306954,96.7853515,-6.95165597,-8.25983656,-6.49271763,0.609382221,-7.07044705,19.9204448,-9.90667115,-6.85088422
733,-2.72830445,-10.1982921,105.899596,5.75742778,-3.82801069,-3.40052167,-0.466008066,1.61734184,6.54262241,0,0,0.232049941,51.8004484,0.603279233,72.2072641,-6.25678369,-8.33002614,-23.2630523,-2.66822087,-55.2246134,-2.36562599,73.410518,2.71326298,-3.1225245,24.3886367,-42.0957843,-2.06105633,-13.2466968,96.7680233,-6.9568768,-8.18113229,-6.49300749,0.605531541,-7.07602646,19.9219082,-9.90511216,-6.85208206
734,-2.7333241,-10.1938769,105.899453,5.75684899,-3.83047399,-3.38596365,-0.456478778,1.61173895,6.55689964,0,0,0.190854495,51.7847628,0.680284227,72.2133225,-6.03498909,-8.39886847,-23.2239529,-2.62992443,-55.2102735,-2.40507951,73.4219313,2.61778505,-3.14648566,24.3084008,-42.1030004,-2.07073513,-13.267079,96.7556948,-6.93461636,-8.16455627,-6.49284826,0.600564553,-7.07797264,19.9205302,-9.90734734,-6.86137838
735,-2.73452848,-10.1857871,105.90353,5.75509501,-3.8335118,-3.37045436,-0.459442386,1.60333995,6.5702057,0,0,0.159272448,51.7719665,0.69284185,72.2079676,-6.01597897,-8.40496698,-23.1539076,-2.60783175,-55.1714848,-2.49057106,73.4398947,2.43786271,-3.17190911,24.3209308,-42.1071839,-2.07178357,-13.2757473,96.7379568,-6.92008513,-8.11641283,-6.49124018,0.596382556,-7.09133932,19.9185409,-9.89966935,-6.8632968
736,-2.73836534,-10.1768225,105.899024,5.74626418,-3.8287048,-3.35433257,-0.497710762,1.64011529,6.57223256,0,0,0.183991649,51.7372076,0.74926108,72.1822793,-5.9488254,-8.39648303,-23.1215103,-2.61086051,-55.203375,-2.35613907,73.437347,2.49523246,-3.17228371,24.3236526,-42.117658,-2.06364539,-13.288507,96.7283057,-6.96187949,-8.15550029,-6.49347792,0.601819227,-7.07849131,19.9071498,-9.91671921,-6.88685157
737,-2.7389124,-10.1727851,105.90055,5.74388765,-3.82960829,-3.34131914,-0.497605801,1.63280133,6.57737612,0,0,0.17036881,51.7604542,0.649966458,72.1535447,-6.04859739,-8.37486377,-23.0969506,-2.56370019,-55.1727894,-2.42251954,73.4248068,2.39397789,-3.15200296,24.275942,-42.124758,-2.0641583,-13.2971694,96.7189894,-6.9473124,-8.11994233,-6.48814653,0.601210273,-7.07479745,19.8937183,-9.90631854,-6.90070575
738,-2.74451897,-10.1671465,105.899227,5.73969048,-3.82856132,-3.33791154,-0.476607826,1.6318196,6.59427102,0,0,0.128600976,51.815205,0.481168257,72.1214291,-6.13368661,-8.35456274,-23.1361115,-2.51709333,-55.1761942,-2.39078221,73.4050675,2.53003696,-3.14014852,24.3014425,-42.1261274,-2.05889991,-13.2951178,96.7062716,-6.96459534,-8.15066793,-6.48375899,0.606036228,-7.04748054,19.8738441,-9.89943115,-6.93393974
739,-2.74906848,-10.1571769,105.905426,5.73370125,-3.8267723,-3.32819588,-0.486607863,1.6465997,6.59958747,0,0,0.119890164,51.7980339,0.478839643,72.1105281,-6.15506126,-8.33179943,-23.0977122,-2.48918283,-55.1655699,-2.50209978,73.3989682,2.38749049,-3.12368307,24.3059744,-42.1231563,-2.0632597,-13.2984244,96.6875022,-6.97620111,-8.12295273,-6.48625628,0.608512652,-7.0258075,19.8675808,-9.88095122,-6.97680644
740,-2.75365133,-10.148336,105.902898,5.73260747,-3.82605172,-3.31340255,-0.488700996,1.65153793,6.61431549,0,0,0.0813616403,51.796159,0.479096149,72.1045654,-6.10906335,-8.3337392,-23.1249237,-2.44155336,-55.1555534,-2.56087271,73.3788601,2.51374163,-3.09045612,24.3967988,-42.1309666,-2.08029462,-13.3001704,96.6923721,-6.97699128,-8.13936568,-6.48478095,0.605972195,-7.02850884,19.8580288,-9.89295869,-6.99621527
741,-2.75935903,-10.1358786,105.908465,5.72774006,-3.82938289,-3.29719276,-0.488917747,1.6543461,6.63582931,0,0,0.061960588,51.8137741,0.421277584,72.064397,-6.1192335,-8.33744885,-23.0732225,-2.41487122,-55.1386589,-2.5191268,73.3899728,2.76666631,-3.11371825,24.4130547,-42.1228694,-2.10374458,-13.3022801,96.6829465,-6.99389386,-8.11928236,-6.48460422,0.601493619,-7.03968345,19.8570948,-9.87493297,-7.00924471
742,-2.76292935,-10.1265512,105.905151,5.73037881,-3.82857788,-3.28773127,-0.497036121,1.65582067,6.63928496,0,0,0.0479308658,51.8062677,0.456259945,72.066009,-6.10803028,-8.35214998,-23.0994675,-2.38073799,-55.1558642,-2.48125661,73.3795568,2.9074523,-3.08234228,24.4090983,-42.1333128,-2.13657495,-13.2968945,96.6986559,-6.97491149,-8.11682349,-6.47900219,0.593318896,-7.03754944,19.8401747,-9.88973399,-7.01896962
743,-2.76932046,-10.1184554,105.900645,5.72850018,-3.82941868,-3.2808642,-0.487541518,1.65771829,6.65387509,0,0,0.015739549,51.8167247,0.417714626,72.0595817,-6.16232559,-8.3394518,-23.1261668,-2.33890778,-55.1618816,-2.48962402,73.3777741,3.00162247,-3.06470268,24.3759428,-42.1340812,-2.15911863,-13.2882722,96.7092017,-6.99153702,-8.17600452,-6.47525497,0.590614355,-7.04363856,19.8277045,-9.88273475,-7.04462082
744,-2.77464986,-10.1076312,105.903327,5.72328926,-3.83375659,-3.27449211,-0.487479192,1.66520855,6.67303847,0,0,0.00596342507,51.8063121,0.440251209,72.0393576,-6.18765748,-8.32954974,-23.1716029,-2.31686121,-55.1327167,-2.65807847,73.3918306,2.82767825,-3.07075359,24.3483352,-42.1375475,-2.17775352,-13.2810621,96.7228962,-6.99974435,-8.23042747,-6.46845125,0.588041668,-7.04688332,19.8181473,-9.86505737,-7.0378901
745,-2.78093629,-10.0921497,105.907643,5.71602527,-3.83793269,-3.2641073,-0.494731893,1.68515804,6.69244346,0,0,-0.00306666572,51.7861596,0.436359495,72.0250278,-6.24761075,-8.32384653,-23.1964767,-2.30052617,-55.16446,-2.55250893,73.369291,2.99421321,-3.0203707,24.2734729,-42.1396273,-2.19635042,-13.2689496,96.7366044,-7.00676194,-8.25507848,-6.46378111,0.586793078,-7.05822528,19.8090803,-9.84905936,-7.04079549
746,-2.78799552,-10.0779541,105.913401,5.70908798,-3.84098703,-3.26461707,-0.488941119,1.69954082,6.71464713,0,0,-0.0203977596,51.7702726,0.398643671,72.0115928,-6.23328229,-8.30712196,-23.1406894,-2.29131481,-55.1706037,-2.55811416,73.362495,2.95180285,-3.02459602,24.2542732,-42.1432951,-2.20436543,-13.2449756,96.7542878,-7.00675127,-8.27143678,-6.46022856,0.586496925,-7.06806673,19.7963061,-9.82605614,-7.03750889
747,-2.7947329,-10.066399,105.917406,5.70642102,-3.84109128,-3.26775638,-0.482099191,1.71104488,6.7332325,0,0,-0.0365628364,51.7556013,0.406219578,72.00354,-6.19357072,-8.30084843,-23.2152939,-2.29852322,-55.156052,-2.69095473,73.4023764,2.75615208,-3.09229237,24.2499327,-42.1598105,-2.21492704,-13.2228364,96.7835483,-6.97822968,-8.27838479,-6.45481051,0.581746475,-7.06631777,19.7760017,-9.80645605,-7.0382854
748,-2.80633271,-10.0560881,105.914414,5.70751555,-3.83839742,-3.2650117,-0.484878064,1.71621299,6.75250132,0,0,-0.0607041667,51.7363983,0.402144463,72.0077269,-6.13559394,-8.29895049,-23.1618682,-2.31179556,-55.1530604,-2.67704868,73.4232973,2.71061159,-3.15158012,24.2014861,-42.1654591,-2.21359836,-13.1888904,96.8023518,-7.01595495,-8.26803876,-6.45649757,0.574565598,-7.06324462,19.7576558,-9.80645947,-7.0017584
749,-2.81367861,-10.0430094,105.919802,5.70466298,-3.83745832,-3.26679483,-0.475849301,1.72374583,6.7668063,0,0,-0.0648815477,51.7124585,0.376242171,71.9824279,-6.12678598,-8.28839358,-23.103359,-2.30893606,-55.1676326,-2.62646494,73.4354551,2.70854289,-3.20634992,24.2183789,-42.1703905,-2.20551888,-13.1559484,96.8204518,-7.03071968,-8.23281206,-6.45521861,0.569306726,-7.06215008,19.7392279,-9.78118692,-6.96808343
750,-2.82361284,-10.0341931,105.920923,5.70313662,-3.83575866,-3.268472,-0.469384153,1.72363153,6.78367985,0,0,-0.0854473674,51.7135376,0.309176464,71.9818542,-6.11867641,-8.29856544,-23.1017249,-2.30881546,-55.1623255,-2.66584887,73.4421213,2.59419357,-3.22066194,24.2169241,-42.1780232,-2.19632652,-13.1249222,96.8395832,-7.06406936,-8.24905852,-6.45447455,0.567651259,-7.06062481,19.7217324,-9.77328524,-6.97151646
751,-2.83300802,-10.0242063,105.925655,5.69776188,-3.83361872,-3.27266227,-0.482941225,1.73426945,6.79989344,0,0,-0.0866578183,51.6908921,0.307983475,71.9983013,-6.05236723,-8.31907564,-23.081277,-2.35548017,-55.1632579,-2.64876764,73.4685541,2.5185392,-3.23189184,24.1994439,-42.1931282,-2.17941753,-13.0901771,96.8615354,-7.05419675,-8.28401884,-6.4495026,0.569221882,-7.06421493,19.6914337,-9.7489655,-6.95741596
752,-2.84051616,-10.014759,105.933607,5.69961441,-3.83281622,-3.27771844,-0.472919737,1.72519586,6.81733177,0,0,-0.116010283,51.6611159,0.323648434,72.0137102,-5.9924447,-8.34119606,-23.0792553,-2.36902016,-55.1353326,-2.68536294,73.4890242,2.54094883,-3.23279705,24.2852755,-42.2208588,-2.18739263,-13.0692127,96.8984867,-6.99054792,-8.23510615,-6.44100542,0.561293954,-7.05313209,19.6604383,-9.72357171,-6.9546715
753,-2.85002925,-10.0066654,105.939627,5.6972283,-3.82964785,-3.28828016,-0.476680343,1.72047247,6.83389455,0,0,-0.0881225004,51.6535822,0.286261552,71.9966962,-6.03376905,-8.32530307,-23.0790624,-2.4172509,-55.1153372,-2.66375713,73.5133124,2.53950403,-3.24410272,24.2707664,-42.2247861,-2.17241658,-13.0401203,96.9040055,-6.98576124,-8.25029478,-6.43985112,0.560910503,-7.04205353,19.6368844,-9.69389966,-6.95211274
754,-2.85963099,-9.99828503,105.9376,5.70377739,-3.82266718,-3.29082525,-0.483652098,1.69901607,6.8462542,0,0,-0.127388991,51.6441327,0.299592828,72.0325274,-5.96841609,-8.33747873,-23.1544284,-2.46914199,-55.110481,-2.63203474,73.5411727,2.52775035,-3.24217426,24.2767292,-42.2427495,-2.18374488,-13.020189,96.922208,-6.95903983,-8.26172937,-6.43488429,0.553619542,-7.03150473,19.5956881,-9.69578479,-6.93422064
755,-2.87054665,-9.9877432,105.9448,5.70305285,-3.82628454,-3.29333286,-0.484888416,1.69184149,6.87553352,0,0,-0.136530479,51.6307182,0.290111191,72.0456823,-5.95278392,-8.32382091,-23.1269283,-2.5086811,-55.0901748,-2.694271,73.5611169,2.45007253,-3.22325378,24.2908728,-42.2559728,-2.18828952,-13.0067805,96.9446725,-6.93605881,-8.21713934,-6.43252958,0.549694692,-7.02125304,19.5836208,-9.67783762,-6.94311738
756,-2.88253594,-9.9789843,105.952489,5.70143239,-3.82620611,-3.29985047,-0.479434723,1.68074222,6.90018751,0,0,-0.150434129,51.6388597,0.260331139,72.0551626,-5.91284268,-8.3092692,-23.0812617,-2.52774949,-55.0929376,-2.66184297,73.5489796,2.50111282,-3.18245343,24.309299,-42.2635269,-2.19169159,-12.9957676,96.9528414,-6.91609758,-8.2396081,-6.43067006,0.547130596,-7.01296759,19.5618445,-9.6486155,-6.9382513
757,-2.89571304,-9.97123569,105.956471,5.70232023,-3.82746925,-3.30011552,-0.48623471,1.66545753,6.92496103,0,0,-0.178713514,51.6142301,0.291160959,72.0920525,-5.86233002,-8.3535015,-23.0416295,-2.56905613,-55.0771292,-2.65239553,73.5756379,2.5096988,-3.17701383,24.3253311,-42.2661395,-2.20012837,-12.9854541,96.959815,-6.90862365,-8.22893336,-6.43455174,0.541860251,-7.01334283,19.5508308,-9.63417136,-6.93611857
758,-2.91106477,-9.96455699,105.958867,5.70210309,-3.82943464,-3.29217061,-0.500846406,1.65435004,6.95780912,0,0,-0.147783189,51.6331326,0.249019332,72.0748882,-5.95116602,-8.34068977,-23.014739,-2.60300985,-55.085725,-2.60973631,73.5773659,2.51452859,-3.17292382,24.3226144,-42.2705894,-2.21554048,-12.994376,96.9626564,-6.89633315,-8.24350301,-6.43765649,0.537273886,-7.00578181,19.539935,-9.62518539,-6.96541795
759,-2.92372648,-9.95506421,105.959475,5.70344464,-3.83005586,-3.28251592,-0.517848134,1.63194777,6.98870207,0,0,-0.144739766,51.643617,0.267405721,72.0761108,-5.96860221,-8.34061976,-23.0049907,-2.63459094,-55.0861894,-2.59286617,73.5750505,2.52052294,-3.16141944,24.3397701,-42.2674133,-2.23415381,-13.0021428,96.9603819,-6.90768834,-8.26136737,-6.43925305,0.530589372,-7.01081865,19.5286703,-9.61436211,-6.94029609
760,-2.93485243,-9.94342491,105.956769,5.70689668,-3.82823541,-3.2771521,-0.528576227,1.61986474,6.99981308,0,0,-0.139723979,51.6299464,0.311396782,72.1033769,-5.93185452,-8.34691122,-23.0190216,-2.64421041,-55.0793626,-2.64043908,73.5729058,2.48033304,-3.14949734,24.3663327,-42.27507,-2.26254157,-13.0102903,96.9696505,-6.89357461,-8.24689591,-6.44080563,0.519730972,-7.00588383,19.5099043,-9.62569766,-6.95339298
761,-2.94731967,-9.93734822,105.961418,5.70634191,-3.83092237,-3.26804423,-0.492261925,1.59184005,7.04676166,0,0,-0.228394029,51.6523152,0.26043498,72.1369814,-5.91455578,-8.38795554,-23.0323012,-2.5827498,-55.0538929,-2.72783818,73.5395813,2.51298924,-3.14140378,24.3505157,-42.2684003,-2.27736799,-13.0218965,96.958647,-6.88843617,-8.22961468,-6.44282268,0.514513775,-7.00528747,19.5011258,-9.60735262,-6.96540557
762,-2.95945127,-9.93118808,105.962849,5.70735028,-3.82967707,-3.26927574,-0.517275092,1.56918399,7.0607738,0,0,-0.187085805,51.6759374,0.285349242,72.1623556,-5.98486361,-8.40271387,-23.0589833,-2.65998025,-55.0640254,-2.56256361,73.5627698,2.63584684,-3.15765024,24.2997606,-42.2580935,-2.29028132,-13.030535,96.9453282,-6.89799673,-8.22934318,-6.44953547,0.510134236,-6.99478264,19.4923729,-9.59735835,-6.977244
763,-2.97292285,-9.92483273,105.962431,5.70975536,-3.82555756,-3.26023267,-0.493515158,1.55096467,7.08682328,0,0,-0.267152444,51.6709651,0.255048735,72.2152691,-5.97451417,-8.41625557,-23.085983,-2.60418571,-55.0777336,-2.54530948,73.5248691,2.79239051,-3.1629701,24.3415221,-42.2463046,-2.30138379,-13.0361469,96.9246737,-6.92237367,-8.20584989,-6.45686341,0.505059886,-6.99489107,19.4768889,-9.59500108,-7.00402901
764,-2.98440401,-9.91523042,105.961978,5.70881972,-3.8247745,-3.25499941,-0.507269985,1.53977522,7.10808822,0,0,-0.249409133,51.6837068,0.271703991,72.2148183,-6.03053453,-8.43417628,-23.1514624,-2.62649781,-55.0792602,-2.55211406,73.5306542,2.77564758,-3.18935128,24.3425534,-42.2434223,-2.30688721,-13.0460011,96.9116144,-6.92240654,-8.20531969,-6.45862859,0.501210914,-6.99603513,19.4659401,-9.58655726,-6.98837507
765,-2.99873911,-9.90546569,105.962229,5.70268464,-3.82419702,-3.25375195,-0.514868678,1.54402691,7.13297487,0,0,-0.221314564,51.6706304,0.319643942,72.2079403,-6.01394741,-8.40793213,-23.154384,-2.65548833,-55.0933918,-2.47141473,73.5276421,2.88597072,-3.19421395,24.3182858,-42.2287886,-2.29650682,-13.0554917,96.8839589,-6.95558845,-8.25733585,-6.47291009,0.501668323,-6.99292142,19.4735745,-9.5874486,-6.99409365
766,-3.01088206,-9.89608467,105.964792,5.70004695,-3.82581852,-3.25170269,-0.517256949,1.539759,7.15593967,0,0,-0.228571427,51.6878903,0.261311272,72.2326178,-6.0679503,-8.42017781,-23.1790068,-2.67065327,-55.1161466,-2.45632983,73.5309343,2.88785201,-3.20849481,24.3415477,-42.2177578,-2.29034663,-13.0621852,96.8610983,-6.95616817,-8.1993373,-6.47683488,0.499759072,-6.99428361,19.4639576,-9.56862545,-6.99844192
767,-3.02726422,-9.88666266,105.963898,5.69585319,-3.82341966,-3.24871016,-0.508449474,1.54045109,7.17356071,0,0,-0.26433998,51.6779045,0.250103171,72.2677796,-6.09624052,-8.4841468,-23.2315053,-2.66504419,-55.1579679,-2.36941375,73.5105871,2.92576809,-3.19998909,24.3048405,-42.1984523,-2.27535479,-13.0655807,96.8208548,-6.99711601,-8.1622895,-6.49150912,0.496993646,-6.99288598,19.4667204,-9.5587729,-7.00311718
768,-3.03932894,-9.87412333,105.961084,5.69124064,-3.81879399,-3.24912565,-0.494841656,1.54638759,7.18036785,0,0,-0.28074959,51.6727238,0.212536317,72.2830655,-6.16234907,-8.4563983,-23.3305072,-2.65970789,-55.1854423,-2.32738483,73.5054235,2.9586292,-3.21742699,24.3030937,-42.1765855,-2.26916259,-13.0705138,96.7846002,-7.04275319,-8.18393266,-6.50273624,0.497349989,-6.98099761,19.4625148,-9.55927236,-7.02942451
769,-3.04902103,-9.86032113,105.964053,5.68547358,-3.81771781,-3.24849039,-0.499391256,1.55461904,7.19551294,0,0,-0.264702167,51.6723721,0.192228697,72.2784688,-6.25247598,-8.43809852,-23.3286665,-2.67478554,-55.2028593,-2.33513432,73.5004101,2.91881219,-3.21947327,24.2560798,-42.1674808,-2.27672937,-13.0878565,96.7602505,-7.02515649,-8.18599111,-6.50500301,0.500328646,-6.97825913,19.4490473,-9.55135446,-7.03129043
770,-3.05689313,-9.84642953,105.966401,5.67625096,-3.81753725,-3.24190248,-0.499097931,1.57384388,7.21983866,0,0,-0.234137844,51.6430774,0.285752383,72.2567966,-6.1675272,-8.41443362,-23.3375116,-2.67571231,-55.2380723,-2.33065883,73.473267,2.83851413,-3.20473394,24.1793119,-42.1539366,-2.28075683,-13.104348,96.7237295,-7.01664565,-8.19221,-6.51043813,0.501099176,-6.98038247,19.4476198,-9.5472666,-7.04030969
771,-3.06741502,-9.83773395,105.965257,5.66973981,-3.81636502,-3.23367528,-0.497152768,1.57546179,7.23585716,0,0,-0.266184131,51.6413015,0.28545583,72.2894859,-6.10631761,-8.42716424,-23.2991054,-2.67181184,-55.2914366,-2.210738,73.4544976,2.87590238,-3.21293315,24.0922082,-42.1346823,-2.28004777,-13.1139316,96.6812662,-7.03251517,-8.20623494,-6.51670526,0.503082599,-6.97981898,19.4433817,-9.54376869,-7.0559329
772,-3.07650845,-9.83132347,105.964613,5.66524673,-3.80992054,-3.22221535,-0.501606531,1.58000728,7.25276358,0,0,-0.246185097,51.6214325,0.330644549,72.2769798,-6.09836983,-8.42079765,-23.2687726,-2.67704868,-55.2957533,-2.27831547,73.4574073,2.80983353,-3.21020705,24.0741219,-42.1258576,-2.27475117,-13.1202777,96.6378194,-7.04697511,-8.23557572,-6.51395141,0.506892617,-6.97369785,19.4128371,-9.53025174,-7.08976709
773,-3.08378506,-9.81967151,105.963492,5.66254168,-3.80218841,-3.21219667,-0.512090178,1.59033399,7.25187907,0,0,-0.253718049,51.5968268,0.34422702,72.2978461,-6.05992227,-8.42228236,-23.2416994,-2.67591636,-55.3099703,-2.27729457,73.4596134,2.89048526,-3.22607785,24.106999,-42.1310827,-2.27935643,-13.1246909,96.6148563,-7.0394064,-8.22340262,-6.51136106,0.506421655,-6.96326943,19.3801802,-9.53532913,-7.07069721
774,-3.09413169,-9.81320068,105.967247,5.66063434,-3.79770882,-3.20242631,-0.520177442,1.56713376,7.26916799,0,0,-0.263735535,51.5998935,0.353269577,72.3068551,-6.04232557,-8.41842245,-23.1911697,-2.69972469,-55.2944043,-2.27770971,73.466792,2.89454196,-3.23100775,24.0761709,-42.1167325,-2.28442763,-13.134511,96.5747426,-7.04692004,-8.2452319,-6.51328803,0.50643254,-6.95868082,19.3598604,-9.52629279,-7.10381551
775,-3.10155135,-9.79995653,105.967808,5.65477809,-3.78958119,-3.19540607,-0.548316541,1.59033676,7.26985613,0,0,-0.231185335,51.5778832,0.382189291,72.3064999,-5.98720167,-8.42055774,-23.1963265,-2.72713061,-55.3247918,-2.27538702,73.4723176,2.78342332,-3.24143489,24.0482662,-42.11245,-2.28717123,-13.1330894,96.5452772,-7.05384073,-8.22653853,-6.51651273,0.507148696,-6.93803402,19.3339979,-9.51359633,-7.09672236
776,-3.10978815,-9.79711041,105.967069,5.65665181,-3.78464127,-3.19042392,-0.518323846,1.56681647,7.28248259,0,0,-0.274719467,51.5996818,0.320916918,72.3152562,-6.05472535,-8.42371926,-23.1672469,-2.67266049,-55.2982053,-2.41545371,73.446117,2.66704074,-3.24005562,24.0179282,-42.1022047,-2.30392014,-13.1409484,96.5185301,-7.05237309,-8.25232335,-6.5109346,0.504072283,-6.93080127,19.2982282,-9.49654817,-7.10397474
777,-3.11919861,-9.78731886,105.970526,5.65030319,-3.78287793,-3.19247203,-0.509179717,1.56576324,7.29779246,0,0,-0.274749055,51.6080727,0.3068824,72.3010289,-6.10513257,-8.40843415,-23.1003828,-2.67060525,-55.2858256,-2.46407868,73.4440884,2.72603415,-3.22500871,24.1115855,-42.0827967,-2.31141435,-13.1443541,96.4838669,-7.06481471,-8.26746929,-6.51675179,0.505863127,-6.91243404,19.2923782,-9.48605359,-7.14659896
778,-3.12482063,-9.77527723,105.97347,5.64680117,-3.77687694,-3.18060602,-0.520157805,1.57963386,7.29791028,0,0,-0.267715908,51.6012117,0.307366277,72.2906334,-6.21241435,-8.38540275,-23.1515426,-2.65685501,-55.3321274,-2.33217215,73.4060921,2.84833082,-3.17443159,24.0659854,-42.0828684,-2.3352564,-13.1510742,96.4683761,-7.05625178,-8.28189721,-6.51067506,0.507876325,-6.91768859,19.2582819,-9.47250335,-7.14513047
779,-3.13027762,-9.76416096,105.978417,5.64146897,-3.77580428,-3.1790647,-0.511943329,1.58696756,7.30559936,0,0,-0.285327737,51.6059314,0.301966559,72.3077089,-6.24612603,-8.38620359,-23.150974,-2.62884675,-55.3151442,-2.54242629,73.3979437,2.66327816,-3.15597279,24.1344632,-42.0739687,-2.35422768,-13.1553704,96.4585611,-7.02580109,-8.30933921,-6.51344342,0.509750731,-6.91206692,19.2502188,-9.4648467,-7.15951571
780,-3.13522182,-9.75511149,105.981851,5.63540805,-3.77454808,-3.17879699,-0.504778194,1.60167723,7.32065566,0,0,-0.300497828,51.6031788,0.307765896,72.307866,-6.25416944,-8.35496572,-23.1663078,-2.60933354,-55.3132078,-2.5641179,73.384857,2.76277993,-3.12482649,24.142948,-42.0781522,-2.37621342,-13.160271,96.4612522,-6.9656109,-8.30606157,-6.51236339,0.5110728,-6.90301009,19.236748,-9.44986298,-7.18304187
781,-3.14046219,-9.74711925,105.98253,5.63074991,-3.77075851,-3.17467903,-0.509924635,1.60578441,7.3368859,0,0,-0.270460924,51.6187039,0.363885532,72.2737082,-6.20721914,-8.35825531,-23.1809944,-2.63111971,-55.3379229,-2.57678257,73.4032029,2.65590028,-3.13076021,24.0699025,-42.0715918,-2.39349124,-13.1565016,96.4527418,-6.94929145,-8.30332693,-6.51345281,0.512063124,-6.89577222,19.2196503,-9.44515185,-7.19196892
782,-3.14731002,-9.74024087,105.97862,5.6352532,-3.76644506,-3.16600285,-0.49976825,1.59170099,7.35259107,0,0,-0.268527366,51.6268967,0.413695193,72.2397007,-6.2205585,-8.34808175,-23.2037526,-2.60147477,-55.3119886,-2.68270984,73.3943441,2.63860816,-3.12477932,24.0663525,-42.0750103,-2.42289435,-13.148395,96.4596198,-6.93820776,-8.28001464,-6.5140274,0.505902293,-6.88812326,19.2020626,-9.46267726,-7.2016917
783,-3.15538421,-9.72870365,105.983448,5.62888539,-3.76164756,-3.15544655,-0.534009322,1.60604342,7.36514239,0,0,-0.21510176,51.6021919,0.561997623,72.2183495,-6.1401215,-8.3350839,-23.2225185,-2.62329359,-55.3093044,-2.73386539,73.3948427,2.61783328,-3.10203244,24.0625976,-42.071001,-2.44377616,-13.1458551,96.4540941,-6.93815482,-8.26552183,-6.52909992,0.50761427,-6.86865978,19.2052608,-9.45685367,-7.23439635
784,-3.16177011,-9.72183794,105.990684,5.62669398,-3.7626542,-3.14408845,-0.532143026,1.59395164,7.38886108,0,0,-0.233466912,51.6068262,0.616408831,72.2165463,-6.06792554,-8.35620369,-23.1731807,-2.6152472,-55.2937964,-2.81584153,73.3903417,2.62501373,-3.06456117,24.1094186,-42.0612475,-2.46307358,-13.1340508,96.4475645,-6.92085267,-8.21029549,-6.53408041,0.505042757,-6.86841432,19.2061436,-9.44299693,-7.24273089
785,-3.16920318,-9.71843004,105.987251,5.62241993,-3.76349107,-3.1162138,-0.563576304,1.59710356,7.40198529,0,0,-0.209381517,51.6048044,0.712253727,72.1995938,-6.0278921,-8.35213888,-23.2484647,-2.62172927,-55.2900398,-2.85703248,73.3909359,2.59679075,-3.02842242,24.0718952,-42.0654856,-2.48417032,-13.1312376,96.4538824,-6.92718341,-8.1831267,-6.53439161,0.504592925,-6.86432347,19.1985775,-9.44832618,-7.28776147
786,-3.17858569,-9.71255675,105.984974,5.61711995,-3.7647051,-3.08473154,-0.575563766,1.5964119,7.41612463,0,0,-0.204748941,51.6280783,0.671814205,72.1663922,-6.10663906,-8.35458323,-23.26219,-2.60997174,-55.2917884,-2.79573132,73.3854717,2.73360072,-3.01700768,24.0362365,-42.0485331,-2.50350872,-13.119908,96.4413558,-6.95967248,-8.14207043,-6.53730212,0.500917589,-6.87825663,19.1931167,-9.44334527,-7.29620017
787,-3.18663791,-9.71075818,105.980408,5.62188364,-3.76513768,-3.04834093,-0.589831711,1.56334631,7.42359771,0,0,-0.199790384,51.6590976,0.697344812,72.1310392,-6.10138408,-8.33359833,-23.2883445,-2.59864835,-55.2492431,-2.90578317,73.3966869,2.61544186,-3.00427173,24.0331373,-42.0601546,-2.54773398,-13.1159747,96.4507473,-6.92609783,-8.10581494,-6.5267768,0.490914617,-6.89390929,19.165212,-9.45387315,-7.32699322
788,-3.19388881,-9.7081393,105.983782,5.61758221,-3.77107737,-3.01236157,-0.618361198,1.54882117,7.44120679,0,0,-0.196062915,51.6684857,0.706327364,72.1216204,-6.0627679,-8.3600047,-23.2596201,-2.62560156,-55.2178891,-2.92633564,73.4184274,2.58587654,-2.97853301,24.0645613,-42.0583959,-2.58359419,-13.1199815,96.4501736,-6.91550336,-8.10997708,-6.52835713,0.491047326,-6.89742939,19.17216,-9.45126231,-7.35086559
789,-3.19736898,-9.69784111,105.98439,5.60422378,-3.77311001,-2.97412137,-0.66905054,1.58133468,7.43624125,0,0,-0.18777344,51.6476604,0.725970508,72.1259644,-5.99185474,-8.38238381,-23.2877964,-2.63285394,-55.2150409,-2.9403324,73.4220269,2.65816107,-2.96391171,24.1484565,-42.0618793,-2.6128195,-13.1231293,96.4615459,-6.92308487,-8.14226339,-6.52441996,0.495658077,-6.91511958,19.1662348,-9.45291949,-7.35592761
790,-3.20653506,-9.6964255,105.982518,5.6001214,-3.78088539,-2.93440355,-0.693196379,1.57048322,7.45307937,0,0,-0.178717863,51.6552249,0.721500149,72.097865,-5.98193346,-8.37894481,-23.2794977,-2.64104525,-55.1984846,-2.95003106,73.4330918,2.58772602,-2.97067467,24.1197578,-42.0696828,-2.64717321,-13.1243323,96.4723512,-6.89555237,-8.15977941,-6.51696182,0.494192841,-6.93394401,19.1610456,-9.45838364,-7.36223188
791,-3.21286768,-9.6973896,105.979359,5.59719567,-3.78533247,-2.89203247,-0.707594845,1.55852911,7.46202692,0,0,-0.188570664,51.6650535,0.719445703,72.0786994,-5.96936335,-8.35394632,-23.3064325,-2.60314774,-55.1563047,-2.95768749,73.4131408,2.81834138,-2.96847577,24.2226956,-42.0677806,-2.68501054,-13.130021,96.4717502,-6.8821319,-8.18901859,-6.51145839,0.494215893,-6.94254279,19.1577039,-9.47582709,-7.42752166
792,-3.21591273,-9.69460681,105.980837,5.59412592,-3.79011798,-2.83799609,-0.741475625,1.54308381,7.45328001,0,0,-0.225339707,51.6699269,0.706925273,72.1078848,-5.91800844,-8.38601918,-23.3451802,-2.56797525,-55.1550206,-2.93354917,73.4129291,2.95914445,-2.97728223,24.3143874,-42.0706458,-2.72472852,-13.1375965,96.4665387,-6.85683331,-8.209732,-6.50297999,0.490459342,-6.95357312,19.1542103,-9.4841565,-7.42509609
793,-3.22053134,-9.69342589,105.983949,5.58630942,-3.80061726,-2.79009249,-0.770361188,1.54012089,7.46828508,0,0,-0.250910841,51.6453348,0.763055821,72.1107194,-5.84533309,-8.40408417,-23.3231665,-2.56445279,-55.1377539,-2.94296224,73.4319307,2.97221658,-3.01879719,24.38919,-42.0768032,-2.75966408,-13.1494136,96.4687722,-6.80768925,-8.2280241,-6.49836321,0.493167086,-6.97816778,19.1617098,-9.48859698,-7.47246174
794,-3.22856493,-9.69476774,105.973732,5.58504894,-3.80531887,-2.73769451,-0.807739025,1.53275699,7.47585293,0,0,-0.252753685,51.6496788,0.760985313,72.0977693,-5.84049006,-8.39785163,-23.3333179,-2.55071131,-55.1348511,-2.95613191,73.421139,2.99256201,-3.03380867,24.3314919,-42.0951662,-2.78986846,-13.1453727,96.4736968,-6.78036251,-8.2340654,-6.49097295,0.488826447,-7.00701935,19.1524208,-9.50439691,-7.49421248
795,-3.23567204,-9.69663262,105.966473,5.57667069,-3.81295779,-2.68711913,-0.844805394,1.5312583,7.47947293,0,0,-0.262287348,51.6376679,0.786029749,72.0913148,-5.81165813,-8.41217453,-23.3434043,-2.5426805,-55.13007,-2.96557849,73.4236798,3.07620493,-3.02513134,24.329028,-42.1023413,-2.80652601,-13.1428686,96.4762581,-6.7666095,-8.26963532,-6.48692948,0.490690128,-7.04599625,19.156384,-9.51544304,-7.49657828
796,-3.24528515,-9.6949622,105.963707,5.5685313,-3.82335576,-2.63324805,-0.86974487,1.53759778,7.49820472,0,0,-0.295183007,51.6191478,0.767302971,72.0858302,-5.86841828,-8.39012412,-23.317074,-2.52201021,-55.1470225,-2.96169596,73.4140151,3.13554754,-3.02141977,24.3137249,-42.1088334,-2.81882526,-13.1328145,96.4717843,-6.75421228,-8.21729814,-6.4856407,0.490018635,-7.0851708,19.1672047,-9.52416263,-7.48896945
797,-3.25097404,-9.69488546,105.962026,5.5569112,-3.83423505,-2.58717874,-0.897092093,1.53491608,7.51445545,0,0,-0.348356163,51.6233757,0.730202451,72.0970863,-5.85256925,-8.39906484,-23.2984719,-2.52268021,-55.1172975,-3.00026006,73.4298475,3.16591029,-3.03631001,24.2452471,-42.115667,-2.81838856,-13.1187529,96.4653844,-6.74858634,-8.26508812,-6.48156009,0.49624654,-7.11694698,19.181502,-9.5416223,-7.51532545
798,-3.25578488,-9.70049426,105.955243,5.55361748,-3.84382543,-2.54454021,-0.900568446,1.51914538,7.52247409,0,0,-0.377508024,51.6430911,0.680492708,72.075981,-5.83529101,-8.40292133,-23.2883581,-2.47743127,-55.0923707,-3.1281705,73.4369167,3.07865249,-3.0876931,24.2679985,-42.1275413,-2.8226301,-13.1008885,96.4688678,-6.73222334,-8.30654993,-6.47822995,0.496320872,-7.15068811,19.1946877,-9.57189711,-7.51042478
799,-3.26385647,-9.7043246,105.947459,5.5485117,-3.84929392,-2.49779675,-0.935156524,1.51643956,7.52539741,0,0,-0.387823264,51.6568231,0.597802595,72.0704144,-5.9409058,-8.39127672,-23.2603509,-2.47606524,-55.1049246,-3.10403603,73.4378934,3.13229807,-3.07479791,24.2613305,-42.1257893,-2.83421432,-13.0855624,96.4449007,-6.76055283,-8.36156112,-6.48118571,0.495311605,-7.17792861,19.2067054,-9.58348794,-7.50837402
800,-3.27395275,-9.70583782,105.942988,5.54422175,-3.85487426,-2.45948845,-0.926886552,1.51612953,7.53322396,0,0,-0.415529926,51.66212,0.57114949,72.0390502,-5.92893205,-8.3916464,-23.241305,-2.43139174,-55.1118812,-3.12435499,73.4414451,3.17589837,-3.08042641,24.26444,-42.120554,-2.83824306,-13.0544799,96.4177029,-6.77767569,-8.36548678,-6.48463453,0.495589562,-7.20529804,19.2175244,-9.59875256,-7.53240604
801,-3.27920951,-9.70487669,105.946136,5.53362682,-3.86684296,-2.41498926,-0.939286014,1.52126402,7.54862518,0,0,-0.459188068,51.670183,0.512179344,72.0506957,-5.95792193,-8.40551083,-23.2366997,-2.39127377,-55.0894577,-3.29965692,73.4383647,2.99646631,-3.08726621,24.2920698,-42.1215341,-2.84255334,-13.0447896,96.4006889,-6.77323222,-8.38791285,-6.4809347,0.499731218,-7.24488837,19.2328052,-9.60802625,-7.5453262
802,-3.28139253,-9.70209986,105.946577,5.52613265,-3.87607668,-2.38028183,-0.933426992,1.53325421,7.55393394,0,0,-0.498130765,51.6464276,0.504262514,72.0627851,-5.92175395,-8.46158412,-23.2539647,-2.35003736,-55.1028926,-3.29343013,73.4383306,2.97998016,-3.06922341,24.2623295,-42.1241433,-2.84835772,-13.0282426,96.3898562,-6.77230844,-8.42628912,-6.4770701,0.502588158,-7.26915689,19.2460473,-9.62669487,-7.54140482
803,-3.28307971,-9.70412269,105.943239,5.5211582,-3.88082591,-2.33407982,-0.947578397,1.53435269,7.5559258,0,0,-0.536898492,51.6610374,0.438971295,72.0866361,-6.0286622,-8.49998259,-23.2286947,-2.32013116,-55.1053925,-3.2944822,73.4377363,3.00280025,-3.06682068,24.2555881,-42.1283063,-2.84652701,-13.0071373,96.3687236,-6.78841317,-8.36047342,-6.47557642,0.501666882,-7.3085039,19.2523823,-9.64857965,-7.56044482
804,-3.28747779,-9.71024334,105.938935,5.51635284,-3.88166694,-2.2908512,-0.966008702,1.52640875,7.54976497,0,0,-0.51945547,51.6733898,0.462016887,72.0561188,-5.99658465,-8.54609405,-23.18269,-2.29836079,-55.1028824,-3.29840294,73.4420735,3.03593584,-3.07106927,24.2721069,-42.1118558,-2.83095995,-12.9721224,96.3185012,-6.84901018,-8.33004236,-6.48135135,0.501738066,-7.34026514,19.263635,-9.65055955,-7.54428716
805,-3.29166204,-9.71796587,105.932713,5.51440021,-3.88605978,-2.25153209,-0.971036682,1.51471045,7.55074937,0,0,-0.537703868,51.698559,0.420027339,72.0453476,-6.04540342,-8.55058832,-23.235904,-2.28256064,-55.072693,-3.371061,73.472222,3.00925093,-3.08935561,24.2797225,-42.1206155,-2.82164122,-12.9496681,96.293332,-6.87248981,-8.30568249,-6.47621462,0.502027015,-7.37281696,19.2608346,-9.66622032,-7.5611193
806,-3.29524651,-9.72194821,105.93456,5.50324614,-3.89431143,-2.21293817,-0.980031721,1.52108131,7.55804657,0,0,-0.536264779,51.6970256,0.431433888,71.9927893,-6.02650728,-8.50943216,-23.2611859,-2.23770145,-55.0702853,-3.43592922,73.4642238,2.96157088,-3.08839917,24.2744343,-42.1171594,-2.81446248,-12.9448341,96.2654921,-6.89864175,-8.33026691,-6.47790295,0.512168779,-7.39168451,19.2788202,-9.68912963,-7.58168842
807,-3.29719409,-9.72128436,105.928862,5.50197111,-3.89938028,-2.19608295,-1.00236057,1.51878264,7.56152399,0,0,-0.493539491,51.6921284,0.459926956,71.9477032,-6.04845097,-8.47097307,-23.230515,-2.25352764,-55.0542207,-3.52923196,73.4882319,2.85457127,-3.09097692,24.2975357,-42.1189728,-2.79456229,-12.9104133,96.2487513,-6.92230366,-8.28771653,-6.47899963,0.511546804,-7.38740198,19.2909336,-9.72121273,-7.59427902
808,-3.30346487,-9.72997397,105.922854,5.50095133,-3.90226789,-2.16254093,-1.01170811,1.50398332,7.56369599,0,0,-0.497976446,51.7096342,0.440951623,71.9321851,-6.04607363,-8.50287347,-23.1938471,-2.22018586,-55.0472027,-3.58675005,73.478615,2.83587021,-3.09271051,24.3228569,-42.1270905,-2.77816045,-12.8894173,96.2181862,-6.92783825,-8.25746392,-6.48003952,0.512539156,-7.40888719,19.292899,-9.73387419,-7.6255425
809,-3.30674909,-9.73823294,105.915773,5.5010985,-3.90772995,-2.13111377,-0.995331665,1.48997951,7.56658175,0,0,-0.545206884,51.7506699,0.280035301,71.9297262,-6.17990095,-8.50379298,-23.1402865,-2.17620435,-55.0476023,-3.59697996,73.489154,2.9209622,-3.11277312,24.3403285,-42.1308061,-2.77307431,-12.8821346,96.1941986,-6.91740386,-8.21712311,-6.47240807,0.510757064,-7.42847703,19.2938654,-9.74543087,-7.64481473
810,-3.31309065,-9.74600688,105.91203,5.49917061,-3.91517349,-2.09242323,-1.00589039,1.47877,7.57412569,0,0,-0.551580144,51.7613524,0.275354087,71.9073095,-6.18382617,-8.49227899,-23.1887484,-2.13602171,-55.0465641,-3.64648389,73.4741481,2.84831759,-3.11227132,24.3536593,-42.1441899,-2.76443348,-12.8786478,96.1795137,-6.90217894,-8.17574583,-6.47039487,0.511760888,-7.46057892,19.3003609,-9.76090467,-7.63716578
811,-3.31796221,-9.75505412,105.907786,5.49945183,-3.92452547,-2.05595006,-1.00198555,1.46211917,7.57793694,0,0,-0.545713705,51.7745073,0.266203128,71.8687804,-6.17837184,-8.4248377,-23.1959132,-2.09756113,-55.0207699,-3.73118848,73.4933682,2.84053523,-3.1582338,24.4064072,-42.1587382,-2.75942182,-12.880404,96.1683668,-6.8870902,-8.23275742,-6.4661815,0.513290904,-7.47194521,19.3125784,-9.78826726,-7.65454092
812,-3.32074314,-9.76259112,105.908704,5.49202881,-3.93573245,-2.02162204,-1.01996858,1.45616133,7.58647211,0,0,-0.537085949,51.7492424,0.324942194,71.8759043,-6.14370479,-8.46768263,-23.0934587,-2.07769168,-55.0138167,-3.75223955,73.480548,2.76882486,-3.12938564,24.3845745,-42.1673032,-2.74315509,-12.8814192,96.1514894,-6.8696079,-8.26409006,-6.46279287,0.520628608,-7.50172312,19.3305111,-9.79089859,-7.70244702
813,-3.32048461,-9.77252275,105.905366,5.49335677,-3.93929722,-1.98883124,-1.01925291,1.43867092,7.57735466,0,0,-0.524235748,51.7795787,0.274072706,71.8546761,-6.21346834,-8.45070705,-23.1279768,-2.04364681,-54.9916459,-3.80402263,73.4944611,2.79003367,-3.12946611,24.4050172,-42.1698236,-2.73774665,-12.8773578,96.1378495,-6.88403198,-8.25400699,-6.45669906,0.518380889,-7.53032198,19.3304291,-9.79003286,-7.68730961
814,-3.32171172,-9.77866277,105.90117,5.49201441,-3.94513841,-1.95141786,-1.03602444,1.43437943,7.57084208,0,0,-0.495665761,51.7904285,0.225940843,71.8269387,-6.33758568,-8.39313709,-23.0158916,-2.00658621,-55.0039983,-3.78215023,73.4670378,2.85158605,-3.10804919,24.378943,-42.1739388,-2.73688924,-12.8774064,96.1262587,-6.8762588,-8.23340799,-6.45204172,0.514569697,-7.56230093,19.3352359,-9.78932509,-7.67359544
815,-3.31923775,-9.78747457,105.903375,5.49281324,-3.95250023,-1.90978787,-1.04072073,1.41119915,7.56074364,0,0,-0.497460393,51.8077874,0.220893841,71.8279905,-6.41185204,-8.3776411,-23.057928,-1.96464991,-54.9695059,-3.86649624,73.4851105,2.79781859,-3.12511079,24.3940462,-42.179379,-2.74723634,-12.8918668,96.1183562,-6.84527023,-8.20019108,-6.43920225,0.510931767,-7.60281163,19.335574,-9.78719577,-7.68700481
816,-3.317504,-9.79176909,105.904198,5.49150535,-3.96042479,-1.8797365,-1.04787151,1.40314294,7.5630642,0,0,-0.501716775,51.8076406,0.207513527,71.8491778,-6.38739911,-8.41239225,-23.0405213,-1.94439093,-54.960128,-3.86319213,73.4849534,2.87669062,-3.09850955,24.3558245,-42.1954675,-2.75302108,-12.9022077,96.1227275,-6.79366729,-8.23364534,-6.42944447,0.511231709,-7.6260061,19.3392759,-9.80244417,-7.68483623
817,-3.31704319,-9.797436,105.901217,5.49420364,-3.96480832,-1.84951339,-1.06208727,1.3888671,7.55211967,0,0,-0.474646974,51.8153211,0.190627605,71.8364941,-6.49731008,-8.34381288,-23.0455517,-1.92330422,-54.960531,-3.81526683,73.468964,2.98334744,-3.0596716,24.3618692,-42.2019528,-2.76310949,-12.9106123,96.1204462,-6.76365032,-8.22871821,-6.42222624,0.50760824,-7.65268909,19.3393425,-9.81364654,-7.66412965
818,-3.31698246,-9.79890227,105.902791,5.49350725,-3.96635473,-1.83391892,-1.06079391,1.39009942,7.54558916,0,0,-0.460978325,51.8063599,0.192142466,71.8303811,-6.49595642,-8.32684157,-23.0879143,-1.90934096,-54.956549,-3.83286353,73.47548,3.01358597,-3.06705077,24.3717405,-42.1913114,-2.76188603,-12.905382,96.1035347,-6.78589198,-8.19524858,-6.42220532,0.50497088,-7.6608597,19.3442295,-9.80453677,-7.6818668
819,-3.31561342,-9.80676711,105.897105,5.49811947,-3.96493027,-1.81845677,-1.05268764,1.38169167,7.52901144,0,0,-0.437454513,51.8086719,0.176260169,71.8312827,-6.47273634,-8.34448053,-23.1205797,-1.87444595,-54.9438585,-3.87520857,73.4755414,3.02607476,-3.08550018,24.3653799,-42.1918304,-2.7563015,-12.8971619,96.102476,-6.8005739,-8.17919337,-6.418704,0.501729528,-7.67547118,19.3401656,-9.81537543,-7.66629482
820,-3.31904776,-9.81422961,105.892193,5.50269985,-3.96465109,-1.80291404,-1.04629459,1.36882637,7.52266875,0,0,-0.398327641,51.7915555,0.234942072,71.8073019,-6.42061047,-8.36609295,-23.1581781,-1.87766575,-54.9280637,-3.92640425,73.5040301,3.05197676,-3.07225409,24.4134286,-42.1958398,-2.7494267,-12.8947141,96.1087666,-6.82814865,-8.21607724,-6.41879492,0.501438978,-7.67978701,19.339042,-9.85417005,-7.71199391
821,-3.31695341,-9.81894732,105.895853,5.50426082,-3.96330895,-1.79721755,-1.03737521,1.3651387,7.50613884,0,0,-0.367478265,51.769651,0.317426852,71.8089684,-6.29112204,-8.38142075,-23.2232357,-1.85919094,-54.9220292,-3.97274922,73.502227,3.02622246,-3.07194652,24.4469273,-42.1929028,-2.73211003,-12.8871958,96.1107064,-6.85108528,-8.22880615,-6.42029372,0.502621988,-7.68483196,19.3430189,-9.85304392,-7.68013108
822,-3.3183258,-9.82154012,105.892205,5.50621279,-3.96182716,-1.79152559,-1.03910966,1.36875027,7.49792554,0,0,-0.34775604,51.7240732,0.381920326,71.8307636,-6.28086907,-8.37620505,-23.2537427,-1.87114719,-54.9310622,-4.00376596,73.5106418,2.98082262,-3.08172735,24.4940317,-42.192715,-2.71601405,-12.8792796,96.1149001,-6.88835463,-8.22466962,-6.42619543,0.502605873,-7.69089034,19.3473868,-9.87053177,-7.68087216
823,-3.31802815,-9.8290205,105.889583,5.50769871,-3.95942422,-1.78379151,-1.03170189,1.36987234,7.47985713,0,0,-0.332627464,51.7074041,0.407712534,71.8433175,-6.25298482,-8.37526163,-23.2895756,-1.86265726,-54.9129109,-4.07569042,73.5266586,2.95356184,-3.09669102,24.4782198,-42.1922573,-2.69810295,-12.8734697,96.1225499,-6.91356614,-8.22634728,-6.42793372,0.502533569,-7.70125003,19.3477625,-9.87819097,-7.6753841
824,-3.31993178,-9.83469263,105.883932,5.51043917,-3.96255479,-1.77310034,-1.02691115,1.38049606,7.47335649,0,0,-0.345148188,51.6754559,0.414205483,71.8984234,-6.20748509,-8.4117263,-23.2872499,-1.85359573,-54.9368781,-4.00446777,73.5143847,3.11545632,-3.05647934,24.4981093,-42.2087352,-2.68848668,-12.8753096,96.1494609,-6.88481574,-8.21245297,-6.42763276,0.50095046,-7.71159264,19.3547685,-9.89009599,-7.68803788
825,-3.31932455,-9.83815864,105.885804,5.51209667,-3.96251502,-1.78162792,-1.02179705,1.37966363,7.47124255,0,0,-0.305769613,51.6402907,0.473058795,71.906162,-6.21781277,-8.40230662,-23.2153981,-1.86950858,-54.9453851,-3.99536227,73.5007243,3.10298333,-3.03856717,24.4990416,-42.2074204,-2.6653507,-12.8642472,96.1622128,-6.89439551,-8.22685955,-6.43063506,0.502523057,-7.70973995,19.3611701,-9.88984242,-7.68941416
826,-3.31318229,-9.84377488,105.892777,5.51175852,-3.96561448,-1.78662085,-1.00578911,1.37932522,7.45401596,0,0,-0.290191873,51.6338054,0.446915926,71.9538231,-6.25100108,-8.41835244,-23.1913011,-1.84973924,-54.9253829,-4.0317898,73.494304,3.14880621,-3.03779707,24.5137436,-42.2071574,-2.65223652,-12.8653247,96.178776,-6.8516112,-8.23805252,-6.43009718,0.505802135,-7.71027014,19.3754981,-9.88473856,-7.66847451
827,-3.31166983,-9.84937623,105.89447,5.51679097,-3.96389588,-1.7881294,-1.00069678,1.3797425,7.44134681,0,0,-0.27665884,51.6186834,0.48254913,72.0043665,-6.19080833,-8.4701876,-23.226731,-1.86938692,-54.9335654,-3.98805824,73.5080395,3.17019943,-3.04015413,24.5222369,-42.2045756,-2.65028543,-12.8654041,96.1913914,-6.8442965,-8.22863881,-6.43498418,0.504186048,-7.71470891,19.377274,-9.87357632,-7.67212012
828,-3.31050567,-9.85313877,105.893135,5.52222337,-3.96104707,-1.79817931,-0.990310515,1.38082786,7.42315119,0,0,-0.24291936,51.6060851,0.479956432,72.0185391,-6.18826152,-8.47657639,-23.2130314,-1.8768743,-54.9443059,-3.95287679,73.5080531,3.14285755,-3.06569455,24.4685499,-42.1946206,-2.6547178,-12.8627446,96.1943011,-6.82259741,-8.18226268,-6.43894313,0.498847135,-7.71284256,19.3787835,-9.86386123,-7.67223965
829,-3.30774747,-9.8584272,105.894279,5.5269577,-3.96141104,-1.80695137,-0.964610328,1.384647,7.41047607,0,0,-0.25867047,51.5884973,0.438184169,72.0531067,-6.21918649,-8.48047301,-23.1492101,-1.87070642,-54.9560231,-3.93987936,73.5204636,3.09387314,-3.07685849,24.4657444,-42.1972639,-2.66018579,-12.8682369,96.2127562,-6.78016657,-8.18870099,-6.43715405,0.497032813,-7.71057665,19.3780748,-9.86262497,-7.65854427
830,-3.30618359,-9.86179858,105.893815,5.53184667,-3.95661134,-1.81460053,-0.945953666,1.38417508,7.39571859,0,0,-0.26124409,51.5638301,0.456554177,72.0727708,-6.23964333,-8.47003648,-23.1205045,-1.86339215,-54.9671392,-3.94739385,73.5146443,2.9419629,-3.07440923,24.4191301,-42.1910484,-2.65959968,-12.8694493,96.216506,-6.791354,-8.22296549,-6.44025111,0.496326048,-7.69984984,19.3793948,-9.88374733,-7.65897286
831,-3.30440626,-9.86517519,105.895436,5.53627548,-3.95635475,-1.82720481,-0.935296223,1.38846647,7.38775971,0,0,-0.232344173,51.5365913,0.543011191,72.0855296,-6.15123763,-8.50915639,-23.1209963,-1.86276377,-54.9968164,-3.91543753,73.4902741,2.82888186,-3.05023698,24.3905628,-42.1890267,-2.6667844,-12.8747222,96.2279807,-6.7542968,-8.21711799,-6.44377677,0.495570992,-7.6920028,19.3848504,-9.88678249,-7.66137965
832,-3.30394357,-9.87405181,105.887568,5.54400617,-3.95004593,-1.83794153,-0.911697919,1.3877621,7.36852931,0,0,-0.220645392,51.5193997,0.551267129,72.0981655,-6.17450467,-8.5273708,-23.1226885,-1.851428,-54.9872234,-3.97275221,73.5079643,2.79178262,-3.07267415,24.3892975,-42.1874967,-2.6744786,-12.8819997,96.2345104,-6.73913464,-8.22553535,-6.44684438,0.494264398,-7.68237309,19.3766029,-9.89751784,-7.66070773
833,-3.30334306,-9.88522023,105.883682,5.54938159,-3.94466234,-1.84186258,-0.902401071,1.3811667,7.34896082,0,0,-0.168869837,51.5057633,0.596289282,72.0681605,-6.16422353,-8.49792841,-23.0737775,-1.84276903,-54.9837127,-3.98735345,73.5001096,2.70513719,-3.0653159,24.2907106,-42.1707388,-2.67190917,-12.8841854,96.2199689,-6.76040683,-8.17402633,-6.45520239,0.492062783,-7.67806153,19.3806071,-9.90339693,-7.67997655
834,-3.30443159,-9.89432409,105.884564,5.55055358,-3.94247338,-1.85435328,-0.892934162,1.37946865,7.33940453,0,0,-0.126401362,51.5175761,0.575084532,72.0462014,-6.23024969,-8.49178636,-23.0361432,-1.85420127,-54.9723472,-4.00389446,73.4992354,2.79881174,-3.05666056,24.3875985,-42.1710086,-2.65259852,-12.8859783,96.2191903,-6.75740241,-8.19731983,-6.45834983,0.500380352,-7.66744486,19.3818502,-9.91142838,-7.70760637
835,-3.30359265,-9.90102887,105.885506,5.550631,-3.94447988,-1.86734987,-0.883466453,1.38581774,7.33836634,0,0,-0.0936835617,51.5319229,0.527067982,72.0287776,-6.31693802,-8.479317,-23.0012289,-1.88276555,-54.9864994,-3.98960186,73.5118029,2.69399181,-3.06190508,24.3149014,-42.1752194,-2.63983204,-12.8949455,96.223302,-6.72724114,-8.23445301,-6.46079803,0.509213601,-7.66199095,19.389985,-9.9137865,-7.7244795
836,-3.2998912,-9.90865082,105.884945,5.54977232,-3.94133881,-1.87056419,-0.868806359,1.39670143,7.31958247,0,0,-0.0739562545,51.5321039,0.471673441,72.0147211,-6.35124777,-8.46152948,-22.9821044,-1.8651458,-54.999545,-3.97810879,73.4958749,2.84824353,-3.03555634,24.3915174,-42.1711418,-2.62802606,-12.9039033,96.2121962,-6.7351219,-8.23954236,-6.4582589,0.515362586,-7.65940829,19.3879718,-9.91619329,-7.68893519
837,-3.30193602,-9.91571322,105.876362,5.55528536,-3.93490072,-1.88026444,-0.867347687,1.39531363,7.30509905,0,0,-0.0429843315,51.55756,0.454634146,72.0030619,-6.36210691,-8.45374648,-23.0117799,-1.88259373,-55.011795,-3.97639868,73.4799811,2.72118899,-3.03321679,24.3112456,-42.158523,-2.62250449,-12.9040698,96.191808,-6.781361,-8.20552375,-6.46547414,0.51296076,-7.65714493,19.3859108,-9.91823125,-7.68189498
838,-3.30302529,-9.92407575,105.87405,5.55835469,-3.9339694,-1.88831425,-0.868858279,1.39437501,7.30182056,0,0,0.024256468,51.5774188,0.462692062,71.961589,-6.43684669,-8.41192523,-23.0310752,-1.89714801,-55.0034041,-3.95311072,73.4530701,2.82837877,-3.01926143,24.2596145,-42.1509825,-2.62731295,-12.90843,96.1825736,-6.78142845,-8.14206275,-6.46818616,0.513750181,-7.65705358,19.3877208,-9.91229837,-7.65404317
839,-3.29726972,-9.92914066,105.879796,5.55700105,-3.93505018,-1.89958395,-0.862397134,1.40174628,7.28452823,0,0,0.0326911663,51.5759161,0.499554433,71.9770252,-6.39193947,-8.41112439,-23.0864595,-1.91483115,-55.0183383,-3.89964058,73.4655489,2.77962061,-3.02393883,24.2069042,-42.1363454,-2.6294032,-12.9234248,96.1617757,-6.79553492,-8.17144879,-6.47033425,0.520019494,-7.65958416,19.4006486,-9.90046251,-7.64933973
840,-3.29172798,-9.93463919,105.885673,5.55673467,-3.93509972,-1.90176345,-0.858662354,1.40611312,7.26735372,0,0,0.087108971,51.5784194,0.557444608,71.9312971,-6.36743233,-8.33978563,-23.1373597,-1.91274603,-55.0388801,-3.84926324,73.4541083,2.78509928,-3.01278193,24.1775258,-42.125721,-2.64116521,-12.9403056,96.140848,-6.78178703,-8.21293109,-6.46911378,0.526159194,-7.66797505,19.4054485,-9.89765274,-7.6553042
841,-3.28900181,-9.9411428,105.882287,5.56433827,-3.93564608,-1.90502398,-0.856479949,1.39691925,7.26106141,0,0,0.0753220722,51.5934287,0.506157412,71.9384552,-6.41905276,-8.32863364,-23.0535055,-1.93261056,-55.042886,-3.78302876,73.4621201,2.89420707,-3.00519978,24.1755229,-42.1192631,-2.6668083,-12.9526376,96.1292572,-6.77502131,-8.19940902,-6.46818189,0.520268049,-7.67027512,19.4103492,-9.89969497,-7.62153062
842,-3.28851603,-9.95174125,105.87213,5.57000738,-3.93426818,-1.91262625,-0.848312216,1.39311462,7.24742067,0,0,0.109950891,51.5883983,0.527933015,71.915977,-6.47190989,-8.3136593,-23.0502782,-1.93375206,-55.0425616,-3.83194146,73.4760537,2.78602477,-3.05998494,24.1691896,-42.1160802,-2.67937948,-12.9625883,96.1138278,-6.78136997,-8.20752414,-6.46696825,0.519640045,-7.66932999,19.4105302,-9.91487592,-7.63906201
843,-3.28690074,-9.96037349,105.868828,5.5719912,-3.93261558,-1.92204304,-0.828757865,1.39726546,7.23229351,0,0,0.0919750339,51.6019187,0.478294349,71.9269531,-6.49135245,-8.3174825,-23.0186767,-1.90562449,-55.032108,-3.8662448,73.4552353,2.8609814,-3.06212898,24.1825887,-42.102413,-2.67331427,-12.9631014,96.086268,-6.81615527,-8.24306503,-6.47052037,0.522914587,-7.66543422,19.4205637,-9.91488531,-7.5913002
844,-3.28595489,-9.96436775,105.873716,5.57148757,-3.93639668,-1.93855176,-0.825685667,1.40771597,7.22985684,0,0,0.0999135213,51.596072,0.493463772,71.9271034,-6.43931196,-8.32211678,-22.998362,-1.94626923,-55.0338258,-3.81131685,73.4827063,2.86521377,-3.09811618,24.1779032,-42.0992711,-2.66267518,-12.9661622,96.0632775,-6.81510726,-8.295526,-6.47445115,0.531557498,-7.65740533,19.4334865,-9.91732454,-7.57878132
845,-3.28509919,-9.96921808,105.874121,5.57461608,-3.9367706,-1.96156904,-0.80348974,1.41415929,7.22263818,0,0,0.0775248349,51.5791571,0.513469823,71.9411463,-6.34922859,-8.31939922,-22.9922524,-1.94058545,-55.0321387,-3.85295966,73.4778432,2.83611716,-3.11659483,24.1637681,-42.0933801,-2.64700395,-12.9531652,96.039891,-6.81864871,-8.29581116,-6.48144398,0.533350476,-7.65835558,19.4484907,-9.91252633,-7.5464361
846,-3.27997357,-9.98207182,105.872607,5.58019127,-3.93829258,-1.97661731,-0.784325083,1.40524664,7.21534524,0,0,0.0736228959,51.5905327,0.507020684,71.9490488,-6.37822147,-8.33150744,-22.9779004,-1.94148383,-55.02342,-3.7984603,73.4780413,2.89502157,-3.11303374,24.1407982,-42.0856586,-2.63815331,-12.94731,96.0170781,-6.81159014,-8.2933301,-6.47842674,0.532125844,-7.67676294,19.455022,-9.91121408,-7.53358596
847,-3.27592753,-9.98986438,105.86884,5.58525383,-3.94044864,-1.99002966,-0.774392281,1.40302438,7.20438791,0,0,0.0592689799,51.6118532,0.433733527,71.9689861,-6.44877348,-8.36899664,-22.9982476,-1.94041341,-55.0413765,-3.68624072,73.4562735,3.02921814,-3.10040813,24.1285858,-42.0725617,-2.61944756,-12.926016,95.9828794,-6.80654306,-8.24427141,-6.4774607,0.526806941,-7.71727621,19.4659589,-9.8909805,-7.46807932
848,-3.27320807,-9.99767482,105.86921,5.58968184,-3.9386986,-2.01653673,-0.768165016,1.40034139,7.19897926,0,0,0.0721861016,51.6149131,0.478539435,71.9732277,-6.37726609,-8.37452397,-23.0316199,-1.98634622,-55.0153569,-3.74846374,73.4842499,2.85924568,-3.11611671,24.129093,-42.0616095,-2.58546843,-12.901435,95.9455592,-6.82986217,-8.22053138,-6.48219957,0.526872415,-7.73256132,19.4727122,-9.88564527,-7.40497862
849,-3.26812305,-10.0019291,105.876017,5.58880916,-3.93929262,-2.04570096,-0.74558964,1.41259945,7.18920184,0,0,0.0808866953,51.5530965,0.651511041,71.9805086,-6.15420279,-8.39849708,-23.0721212,-2.01090139,-55.0445731,-3.62026749,73.4904039,2.92696017,-3.08805019,24.1371577,-42.0562922,-2.55474432,-12.8886856,95.9171047,-6.81508933,-8.24154275,-6.48793736,0.533388415,-7.73694118,19.4890535,-9.87105257,-7.37874045
850,-3.26377526,-10.0090414,105.8815,5.59335416,-3.93827738,-2.0690228,-0.735467886,1.40308008,7.18020136,0,0,0.0805345137,51.5403411,0.75228664,72.0031166,-6.00229298,-8.42316004,-23.1241536,-2.0436863,-55.0101216,-3.64647237,73.503914,2.88635748,-3.07811568,24.1713752,-42.052399,-2.529142,-12.8732349,95.8856653,-6.78702622,-8.21220794,-6.49381858,0.532229578,-7.74529962,19.4997051,-9.86341642,-7.36752101
851,-3.25907022,-10.0105889,105.881429,5.59539816,-3.93376568,-2.11208955,-0.708008978,1.42839319,7.16626607,0,0,0.0953771084,51.5080138,0.800518821,71.9972972,-5.94234654,-8.41845404,-23.1488566,-2.06909375,-55.0555184,-3.49539883,73.4979308,2.90734174,-3.07148463,24.1521312,-42.0438749,-2.49170103,-12.847445,95.8604619,-6.80011585,-8.19966003,-6.50145857,0.533399568,-7.72781263,19.5102219,-9.85300038,-7.29668682
852,-3.25850658,-10.015256,105.874848,5.60805247,-3.9257748,-2.14647285,-0.687031653,1.43120029,7.15396532,0,0,0.107202274,51.5050188,0.792381078,71.9910681,-5.89727071,-8.44631097,-23.1509706,-2.0919339,-55.0695921,-3.46842342,73.4910186,2.88017786,-3.03577939,24.1503622,-42.042806,-2.4761916,-12.8293731,95.8421433,-6.83249521,-8.12317728,-6.51097174,0.522370947,-7.71692531,19.5120063,-9.86193939,-7.22277734
853,-3.25357877,-10.0153789,105.883718,5.60546001,-3.92344736,-2.19409064,-0.666716536,1.45783536,7.14491575,0,0,0.126148458,51.4854879,0.827961081,72.0039908,-5.87393878,-8.46212798,-23.0875916,-2.12460825,-55.0837271,-3.41186262,73.4886281,2.85712128,-3.06344144,24.1437676,-42.0282406,-2.43230187,-12.8088339,95.81541,-6.85516205,-8.13000234,-6.51955003,0.530795291,-7.697817,19.5286822,-9.84189876,-7.20756822
854,-3.25190984,-10.0166984,105.888188,5.61115329,-3.9178237,-2.22990232,-0.64895719,1.4731336,7.13479384,0,0,0.147972326,51.464567,0.899057694,71.9990321,-5.73308363,-8.51448564,-23.1068407,-2.15843839,-55.0869954,-3.43155918,73.4986753,2.7502698,-3.08382657,24.1687968,-42.0211748,-2.39969028,-12.80105,95.7882395,-6.91848431,-8.09621425,-6.53553139,0.527779016,-7.68176435,19.547093,-9.85034941,-7.17442302
855,-3.2469701,-10.0266382,105.88547,5.62023203,-3.91697763,-2.27246587,-0.602496269,1.46720905,7.13061376,0,0,0.137162405,51.4826465,0.875428868,71.9949067,-5.67908544,-8.54720993,-23.1134267,-2.13662212,-55.0856874,-3.416149,73.4737178,2.74307121,-3.0903684,24.1657079,-42.0344936,-2.36645927,-12.7930254,95.7973373,-6.91310767,-8.07861968,-6.53691579,0.528282956,-7.65463484,19.5514882,-9.86126747,-7.19670224
856,-3.24382707,-10.030853,105.883169,5.61921398,-3.91276485,-2.31518444,-0.592046987,1.50073002,7.1197623,0,0,0.171770466,51.4636449,0.888143372,71.983029,-5.70051473,-8.54538798,-23.0618947,-2.17861626,-55.090209,-3.41442352,73.4851447,2.72769346,-3.10739414,24.2041397,-42.0302009,-2.32135718,-12.7849607,95.7846878,-6.94235539,-8.10601216,-6.54986583,0.53414726,-7.61793282,19.5697299,-9.84646218,-7.16243518
857,-3.24086994,-10.0401916,105.877268,5.63145471,-3.91151441,-2.35174817,-0.56610897,1.49050234,7.1166234,0,0,0.184412346,51.4761476,0.907852309,71.9661584,-5.66674969,-8.50701939,-23.0804865,-2.1476294,-55.0750835,-3.47995534,73.4332967,2.64429877,-3.11029056,24.1908788,-42.0446296,-2.30887629,-12.7915066,95.8003494,-6.93310859,-8.0846405,-6.54850491,0.530059125,-7.60087442,19.5686132,-9.85750062,-7.15817144
858,-3.23278718,-10.0471132,105.871964,5.63763536,-3.9145565,-2.38666285,-0.567944744,1.49228182,7.11052276,0,0,0.239191997,51.4913891,0.913415498,71.9348557,-5.67641569,-8.46100099,-23.0825645,-2.17539903,-55.0876716,-3.36881301,73.4148415,2.69850956,-3.12376183,24.2204689,-42.0700448,-2.29808566,-12.8189161,95.8394659,-6.89153878,-8.16917177,-6.54088626,0.53456134,-7.57887438,19.5699792,-9.8719072,-7.14969347
859,-3.22414823,-10.0583255,105.876577,5.64457049,-3.91876832,-2.43645866,-0.54073994,1.48686943,7.10565539,0,0,0.26317015,51.5061799,0.900132915,71.9210518,-5.7289296,-8.40079373,-23.0573714,-2.17954325,-55.0947135,-3.23124318,73.3739424,2.83716282,-3.10260809,24.2566109,-42.0887902,-2.27517529,-12.8369,95.8680298,-6.84479169,-8.21653316,-6.53724748,0.540344643,-7.54576248,19.582347,-9.87150678,-7.16605689
860,-3.21593285,-10.0681975,105.877793,5.65123875,-3.92093168,-2.46719872,-0.54468843,1.4781984,7.09893278,0,0,0.299806111,51.5304202,0.897687814,71.9253549,-5.78787157,-8.39198791,-23.0917768,-2.19866436,-55.0945086,-3.18313901,73.3450712,2.82508556,-3.09158374,24.2763621,-42.0989194,-2.26686038,-12.8538781,95.8890531,-6.81443875,-8.23543485,-6.5342328,0.544501453,-7.52613849,19.5885266,-9.85570599,-7.18690178
861,-3.21192518,-10.0770853,105.875981,5.66044015,-3.92218224,-2.49657555,-0.548917704,1.4657079,7.09368207,0,0,0.323315142,51.5506854,0.889086418,71.9212226,-5.9438415,-8.35453286,-23.1605892,-2.20813527,-55.1024589,-3.14421227,73.3053536,2.82609685,-3.06897112,24.3444454,-42.0954428,-2.26896579,-12.871459,95.8951934,-6.81688524,-8.22561475,-6.53693713,0.540740314,-7.50798555,19.6042224,-9.85624643,-7.17068178
862,-3.21038514,-10.0836948,105.875921,5.66867203,-3.92139317,-2.52586589,-0.558520523,1.45579527,7.08224236,0,0,0.364033955,51.5568702,0.859966173,71.9134294,-6.07888117,-8.35006165,-23.1090657,-2.22921345,-55.1178337,-3.05469154,73.2748636,2.81589105,-3.06608473,24.393744,-42.089685,-2.27815133,-12.8977561,95.8952822,-6.81988967,-8.19930913,-6.5448768,0.540633432,-7.49066249,19.6199967,-9.8424742,-7.15477769
863,-3.20447162,-10.0898989,105.874586,5.67657853,-3.9220067,-2.55928948,-0.55086703,1.44153085,7.07117447,0,0,0.357955327,51.5701105,0.835567297,71.9445135,-6.1273213,-8.40108743,-23.1204687,-2.23920474,-55.1301007,-2.98446162,73.2657453,2.82757793,-3.05919733,24.443309,-42.0940324,-2.29505434,-12.9347544,95.9205881,-6.81333269,-8.27548025,-6.54675382,0.54461079,-7.45714333,19.6349446,-9.8667393,-7.19342034
864,-3.19506079,-10.0932956,105.879748,5.67977501,-3.92416021,-2.58478698,-0.571306744,1.44446068,7.05826626,0,0,0.365239723,51.570633,0.814462919,71.9852966,-6.16702732,-8.43457926,-23.0939214,-2.27042532,-55.1330206,-2.95466235,73.262583,2.8024676,-3.0550926,24.4252158,-42.1037859,-2.31791904,-12.9757569,95.9449172,-6.76617151,-8.2701416,-6.54320084,0.546959521,-7.43893319,19.6432262,-9.85573501,-7.21436853
865,-3.1873934,-10.1043947,105.874217,5.69248435,-3.92310275,-2.61281716,-0.560525771,1.42157389,7.04395317,0,0,0.389135274,51.5892179,0.803252871,71.9648539,-6.21417612,-8.45977924,-23.1312689,-2.27398363,-55.1173624,-2.91422251,73.2715715,2.91624916,-3.09824958,24.4292063,-42.1079421,-2.33115039,-12.998872,95.9643832,-6.77407362,-8.18405561,-6.54605672,0.539095572,-7.43171539,19.6576396,-9.8732553,-7.18786996
866,-3.17881368,-10.1131253,105.871892,5.69446323,-3.92201284,-2.63061091,-0.577981813,1.42414748,7.02838034,0,0,0.408344194,51.6023148,0.79630817,71.9616505,-6.23904355,-8.46775178,-23.164479,-2.26444356,-55.1111264,-2.94534918,73.2558621,2.96280458,-3.1105913,24.4185478,-42.08878,-2.33320543,-13.0278772,95.9554562,-6.83365293,-8.21013668,-6.55336758,0.543623347,-7.43108872,19.6796072,-9.8721565,-7.18246728
867,-3.17338742,-10.1165332,105.86884,5.69997602,-3.92393018,-2.64951749,-0.565781655,1.42357428,7.02069723,0,0,0.391383126,51.5990944,0.813841212,71.9605303,-6.21309908,-8.44108758,-23.235723,-2.22662417,-55.1103307,-2.9387668,73.2352895,3.11992497,-3.10583685,24.4344827,-42.0994282,-2.34865809,-13.0639765,95.9804069,-6.84847188,-8.20270032,-6.55102397,0.541610309,-7.41827614,19.690112,-9.87531375,-7.1801083
868,-3.16535309,-10.119272,105.868399,5.70201522,-3.9246158,-2.66114466,-0.563098351,1.4371638,7.00944108,0,0,0.375586553,51.5729279,0.883977436,71.9673879,-6.1580405,-8.37818324,-23.2536027,-2.1908058,-55.119572,-3.04802101,73.2278788,2.96980083,-3.08007146,24.4027513,-42.0989091,-2.36195327,-13.1004138,95.9866087,-6.87403685,-8.25227212,-6.55383673,0.543098063,-7.41233388,19.7047098,-9.87812267,-7.17604178
869,-3.15551795,-10.1238027,105.867243,5.70542888,-3.92548015,-2.68361977,-0.55006731,1.44492236,6.99848162,0,0,0.348169453,51.5473659,0.898192501,71.9808228,-6.18958146,-8.31452332,-23.1610724,-2.15496737,-55.1292128,-3.08811315,73.2096422,3.02311067,-3.03111117,24.3661295,-42.1141268,-2.36883959,-13.127294,96.0060679,-6.84454409,-8.28075572,-6.5465899,0.546133015,-7.40705243,19.7038561,-9.88570759,-7.15889587
870,-3.15100774,-10.1293385,105.869758,5.70775691,-3.92150987,-2.70618631,-0.532890719,1.45251998,6.98500779,0,0,0.279508283,51.541533,0.886033217,72.0131296,-6.12277452,-8.31007943,-23.1539195,-2.08789043,-55.1240662,-3.14235382,73.1666666,3.09878404,-2.98915374,24.3577301,-42.1072112,-2.36171506,-13.1377545,95.9913898,-6.86842329,-8.24090242,-6.55268499,0.546242405,-7.39849506,19.7117996,-9.86817194,-7.15008108
871,-3.14396881,-10.1290412,105.871356,5.70890624,-3.91653055,-2.74409749,-0.510916719,1.47318152,6.97148914,0,0,0.247649346,51.5527994,0.842708686,72.0573551,-6.11214419,-8.36516832,-23.2203978,-2.05784358,-55.1384711,-3.14389766,73.1710448,3.11904943,-3.03446394,24.3120976,-42.1041513,-2.35157821,-13.143053,95.9831116,-6.88137162,-8.2299357,-6.55332959,0.5518438,-7.37939273,19.7081591,-9.85088046,-7.1570197
872,-3.13896388,-10.131032,105.876267,5.71341585,-3.91132021,-2.77737411,-0.484487729,1.48205916,6.96262953,0,0,0.192521101,51.5603057,0.778626411,72.0976327,-6.11158796,-8.40419858,-23.1969258,-2.01472502,-55.1389868,-3.1795935,73.1620767,3.14957738,-3.03689036,24.3168924,-42.097287,-2.35593395,-13.1539284,95.9659815,-6.90902834,-8.24493821,-6.55660978,0.555528687,-7.35666101,19.7092844,-9.8374395,-7.15547181
873,-3.1315662,-10.1322852,105.882192,5.71611808,-3.91029432,-2.81455636,-0.447103516,1.4954157,6.95855148,0,0,0.12617231,51.55366,0.725991052,72.1167709,-6.12924357,-8.40059224,-23.2023439,-1.97220816,-55.1474562,-3.27680929,73.1633062,2.94311101,-3.04975332,24.2590749,-42.1064121,-2.35757383,-13.1651965,95.9670197,-6.89643688,-8.26149373,-6.55458549,0.560599355,-7.33248982,19.7112156,-9.82134501,-7.12641618
874,-3.12429573,-10.1379499,105.886066,5.72048012,-3.90590293,-2.83994658,-0.430468083,1.49684748,6.94839797,0,0,0.0848839768,51.5353687,0.751505224,72.1129802,-6.0887414,-8.37806713,-23.1843378,-1.93962261,-55.1718195,-3.21810531,73.1515377,2.97610104,-3.03068407,24.2721666,-42.0996297,-2.3731012,-13.1806856,95.9503062,-6.89432166,-8.28009917,-6.55794338,0.562868045,-7.32480159,19.7145419,-9.823231,-7.12287857
875,-3.11627463,-10.1418853,105.885935,5.72746891,-3.89858567,-2.88112744,-0.409026385,1.50175711,6.93239057,0,0,0.0544874272,51.5061253,0.759157864,72.1028032,-6.10604398,-8.31111932,-23.1288852,-1.93536078,-55.1534634,-3.31140356,73.1743301,2.77346128,-3.04071335,24.233892,-42.095477,-2.38428094,-13.1756543,95.9385515,-6.87053723,-8.29840151,-6.55587682,0.562809028,-7.29991494,19.7028708,-9.81147197,-7.0981106
876,-3.10996752,-10.1464555,105.888391,5.7331577,-3.89437085,-2.91287373,-0.393468922,1.49597845,6.92062941,0,0,0.0411139969,51.4965596,0.830051706,72.0822648,-6.08017848,-8.31479397,-23.1569333,-1.91833611,-55.1597266,-3.33080685,73.1881066,2.67092733,-3.04676724,24.2702405,-42.088978,-2.38326175,-13.1707298,95.9209091,-6.88987606,-8.26560124,-6.55611886,0.562215709,-7.28542042,19.699104,-9.79793966,-7.09006805
877,-3.10503356,-10.1502612,105.892074,5.73814149,-3.89286234,-2.95483358,-0.356123315,1.49711162,6.92566924,0,0,-0.00906925058,51.4926698,0.786145435,72.0897302,-5.93652594,-8.38313342,-23.0477101,-1.90584903,-55.1557754,-3.37002046,73.2144438,2.63047596,-3.09847156,24.3122291,-42.0970821,-2.38188632,-13.1671542,95.9187303,-6.86727326,-8.25789764,-6.55344357,0.568185188,-7.25433282,19.6952449,-9.79177456,-7.1111315
878,-3.09537482,-10.15644,105.896497,5.74493222,-3.88942624,-3.00456481,-0.339420755,1.48858381,6.91129212,0,0,-0.00461408794,51.4723705,0.865975833,72.0846349,-5.84207296,-8.42365694,-23.0173755,-1.93543549,-55.1360156,-3.43539903,73.2751642,2.57374078,-3.15508657,24.4191284,-42.1016276,-2.37532379,-13.1576457,95.9131227,-6.83804346,-8.26279488,-6.54736769,0.572750209,-7.22386164,19.6869565,-9.78299606,-7.09974856
879,-3.08654085,-10.1671852,105.89987,5.75237773,-3.88674357,-3.03804108,-0.319183358,1.47351801,6.90457761,0,0,-0.0323888704,51.4741429,0.847009464,72.0761381,-5.91811089,-8.45457037,-23.017717,-1.91950194,-55.1245102,-3.49557044,73.3007774,2.52754267,-3.17488324,24.4387157,-42.1035537,-2.37656752,-13.1508018,95.9038814,-6.79960401,-8.21790346,-6.54454255,0.573063757,-7.2049958,19.6851584,-9.77312217,-7.08428331
880,-3.0828096,-10.1734765,105.899882,5.7583866,-3.88019888,-3.0775347,-0.308092491,1.47603216,6.8925774,0,0,-0.0363788648,51.4942032,0.747322693,72.0521095,-6.08940564,-8.50490033,-23.0600796,-1.91957771,-55.1162047,-3.48928175,73.3035163,2.55892781,-3.16314129,24.3610496,-42.1076142,-2.36041455,-13.1285627,95.8952002,-6.80232968,-8.17431746,-6.54306851,0.574577284,-7.18552891,19.6708065,-9.75822126,-7.05987691
881,-3.08092628,-10.1780936,105.898237,5.76579112,-3.87198326,-3.12593838,-0.296695413,1.47455407,6.8909659,0,0,-0.0523529131,51.5111864,0.72870808,72.0465497,-6.12160614,-8.48468809,-23.1676243,-1.92469416,-55.0908783,-3.57249053,73.2913585,2.49237189,-3.16949699,24.410116,-42.1123646,-2.34940023,-13.1182184,95.8908426,-6.81761479,-8.23818998,-6.53888416,0.580436626,-7.15963908,19.6452104,-9.75255732,-7.05454167
882,-3.07766534,-10.1824,105.906439,5.77173744,-3.8739941,-3.16765581,-0.280173719,1.47123641,6.89575856,0,0,-0.0670575766,51.5296177,0.674378941,72.0452793,-6.15781894,-8.46384491,-23.1964596,-1.93503037,-55.1107747,-3.57833205,73.3039124,2.42419358,-3.19227781,24.5271837,-42.1267387,-2.3458257,-13.1105438,95.896901,-6.77647485,-8.20762147,-6.53876335,0.583742598,-7.12164145,19.6499181,-9.73594886,-7.05704878
883,-3.07767969,-10.1858571,105.910015,5.77711752,-3.87262374,-3.20511484,-0.275680949,1.47120076,6.90673553,0,0,-0.0597097205,51.5065658,0.718577095,72.0139902,-6.09508878,-8.48673288,-23.1409507,-1.9706528,-55.1097672,-3.58842643,73.3186452,2.33080205,-3.1964963,24.5165081,-42.1275754,-2.34489145,-13.1060914,95.8933698,-6.78487556,-8.22067737,-6.54251356,0.584809761,-7.10186293,19.6528943,-9.72493006,-7.0540896
884,-3.07620652,-10.1927549,105.911481,5.78461082,-3.87169779,-3.2342,-0.265730564,1.4487368,6.91347436,0,0,-0.127926455,51.5096633,0.645532491,72.0388658,-6.03916063,-8.52228231,-22.9993097,-1.99671808,-55.1118607,-3.5467627,73.3332276,2.27071837,-3.17000157,24.4875532,-42.1281799,-2.35216561,-13.104792,95.8955486,-6.78647297,-8.19616297,-6.543813,0.583418644,-7.09371921,19.651209,-9.70777092,-7.06323651
885,-3.07956915,-10.202758,105.906224,5.78807969,-3.87153592,-3.24979926,-0.273747232,1.44774728,6.91487797,0,0,-0.137323795,51.5218757,0.591560069,72.0122554,-6.0049512,-8.51896113,-23.0088156,-2.00704767,-55.1414354,-3.42312646,73.3214114,2.39118434,-3.12853357,24.5141722,-42.131677,-2.36833885,-13.1219511,95.9024402,-6.79864949,-8.23614861,-6.54450071,0.586200986,-7.08549865,19.6514344,-9.70582517,-7.04464302
886,-3.07796095,-10.2065615,105.909586,5.79064287,-3.87406267,-3.27518751,-0.280816104,1.44719596,6.91799509,0,0,-0.112597136,51.5311135,0.558032378,71.9842448,-6.08247555,-8.50081502,-23.0163629,-2.02968313,-55.1319414,-3.43015835,73.3254958,2.32738354,-3.12157553,24.4623054,-42.1407782,-2.37974911,-13.1371073,95.9193518,-6.77959711,-8.24296684,-6.540809,0.587845354,-7.06790024,19.6534851,-9.69580955,-7.0355435
887,-3.07981018,-10.2126203,105.905199,5.80022805,-3.87299043,-3.29025529,-0.276850299,1.44081539,6.91605276,0,0,-0.146791491,51.5490735,0.473780447,71.9976729,-6.1045392,-8.53940388,-23.0266663,-2.02291036,-55.1538937,-3.34864218,73.3043632,2.43361711,-3.06681321,24.4369859,-42.1667056,-2.39347053,-13.1537653,95.9482776,-6.77131977,-8.30859813,-6.54023483,0.585296519,-7.05820991,19.6493051,-9.71565381,-7.02671079
888,-3.08030359,-10.2206901,105.90688,5.80426908,-3.87349445,-3.3089336,-0.270472743,1.43530406,6.9154406,0,0,-0.151777476,51.5553129,0.447826742,71.966418,-6.14825839,-8.52836886,-23.0778346,-2.01839155,-55.1682815,-3.26964912,73.2945209,2.49352384,-3.06389992,24.3405881,-42.1757283,-2.38631548,-13.1610164,95.9594587,-6.77811111,-8.3140785,-6.5425063,0.587007375,-7.04900837,19.6511116,-9.71361841,-7.01585292
889,-3.08062844,-10.2305546,105.905366,5.80580152,-3.86985002,-3.32394951,-0.271903454,1.43426769,6.90757351,0,0,-0.159816501,51.5650049,0.404543407,71.942123,-6.23662567,-8.50502327,-23.1260421,-1.99750547,-55.1891818,-3.17143911,73.2614492,2.72920251,-3.02061295,24.3349805,-42.1701173,-2.37128138,-13.1655952,95.9495071,-6.83803407,-8.32469006,-6.54708551,0.59105677,-7.04211799,19.6509477,-9.71107246,-7.02097556
890,-3.08352914,-10.2371067,105.903995,5.80849923,-3.87151608,-3.34535651,-0.264513296,1.44191312,6.91181463,0,0,-0.186611414,51.5467922,0.347074835,71.9424303,-6.34251494,-8.44532059,-23.1220225,-1.97409927,-55.2226737,-3.07847426,73.224129,2.83330462,-3.00282223,24.2720369,-42.1877255,-2.36193192,-13.1771886,95.9674841,-6.83913117,-8.3458551,-6.5421174,0.595788277,-7.02787576,19.6446588,-9.69809425,-6.98796099
891,-3.08879893,-10.2391206,105.90471,5.80860543,-3.87530175,-3.36919119,-0.26961406,1.4522059,6.92763292,0,0,-0.120075806,51.5301641,0.370265542,71.8912449,-6.47165888,-8.4227434,-23.1156346,-1.99854942,-55.2468764,-2.98894115,73.2036589,2.86801351,-2.97048022,24.2280317,-42.206973,-2.35146316,-13.1935255,95.9819915,-6.80686749,-8.41364815,-6.53456279,0.604134928,-7.02062466,19.6352981,-9.69527594,-7.00324653
892,-3.08946129,-10.2418393,105.908179,5.81375662,-3.87559558,-3.39685753,-0.236082901,1.45357119,6.92304815,0,0,-0.217873816,51.5059409,0.278149582,71.9435915,-6.46284666,-8.39303037,-23.0505617,-1.96031723,-55.2208842,-3.13443848,73.2117459,2.76466442,-2.98758301,24.2178649,-42.2254384,-2.34411836,-13.1994686,95.996649,-6.78331102,-8.42870615,-6.53385586,0.60565139,-7.0103495,19.6330458,-9.69291526,-6.99223327
893,-3.0893214,-10.2470711,105.908394,5.82085637,-3.87280361,-3.42556394,-0.243168235,1.44603034,6.92224006,0,0,-0.199188407,51.4971231,0.325045288,71.9432636,-6.40201571,-8.37806969,-23.0516853,-2.00219461,-55.2432496,-2.99392655,73.2164928,2.90950563,-2.98409407,24.2216369,-42.2401814,-2.32877263,-13.1912963,96.0043057,-6.7641088,-8.39653938,-6.53334488,0.60537354,-7.00027753,19.6239497,-9.70392382,-6.9746989
894,-3.09088193,-10.2499709,105.90781,5.82382859,-3.8726954,-3.46049156,-0.218105162,1.45053816,6.93028132,0,0,-0.202967409,51.4916009,0.318487959,71.941761,-6.35934837,-8.39190082,-23.0397802,-2.00632303,-55.2622034,-2.92222643,73.2066027,3.05092,-2.97535014,24.2237747,-42.2375142,-2.30458629,-13.1821396,96.0000778,-6.78044789,-8.40336786,-6.53777255,0.608074239,-6.97671081,19.6313741,-9.70497225,-6.96973506
895,-3.09579019,-10.2540568,105.90837,5.82916006,-3.87232982,-3.47954076,-0.212216712,1.45071927,6.93430174,0,0,-0.221740637,51.4876291,0.273075285,71.9414331,-6.38877411,-8.37756511,-23.0624821,-2.00213655,-55.2858358,-2.86636871,73.1888921,3.07613791,-2.96661988,24.1577797,-42.2463115,-2.29841885,-13.1878957,96.0002827,-6.76952556,-8.40192669,-6.53920732,0.609114029,-6.9689244,19.6293114,-9.70407749,-6.94681038
896,-3.10024433,-10.2521509,105.903399,5.83725304,-3.86967086,-3.50367877,-0.221837234,1.44764984,6.94193448,0,0,-0.22462886,51.4697716,0.289344796,71.9587203,-6.35352478,-8.38056698,-23.0944542,-2.03865715,-55.2769429,-2.88408622,73.1935844,2.98509127,-2.98705175,24.1586745,-42.2655965,-2.2920307,-13.1895392,96.0119897,-6.76311159,-8.4163196,-6.5417251,0.605441628,-6.94242625,19.6263198,-9.73391005,-6.93252248
897,-3.0992765,-10.2530904,105.907273,5.84101591,-3.87000091,-3.53398797,-0.220178045,1.44500016,6.95261732,0,0,-0.199821773,51.4669985,0.299884098,71.9284626,-6.32036635,-8.35059184,-23.0572604,-2.06827114,-55.2712056,-2.87502278,73.1977508,2.92265652,-2.99639246,24.1303378,-42.2675294,-2.27152967,-13.1837259,96.0106851,-6.76992001,-8.40080056,-6.54767206,0.607198748,-6.92903609,19.6388583,-9.73261488,-6.93869313
898,-3.10196113,-10.2562852,105.910337,5.84741696,-3.86596252,-3.56089034,-0.226097698,1.43725067,6.95381474,0,0,-0.198275202,51.4617051,0.325732015,71.9413375,-6.24851916,-8.33391166,-23.0875147,-2.08854485,-55.2881649,-2.76095542,73.1801153,3.05873651,-2.99767462,24.128439,-42.2509867,-2.24476024,-13.1725381,95.9794711,-6.80722223,-8.31883146,-6.56218279,0.602965151,-6.92163857,19.6496722,-9.71749284,-6.92247826
899,-3.10299639,-10.2578789,105.913079,5.84723134,-3.86538595,-3.59080031,-0.215067262,1.44181462,6.96464913,0,0,-0.194266802,51.4656837,0.308033527,71.933674,-6.22541562,-8.32641468,-23.0688649,-2.0890061,-55.2745216,-2.79989646,73.1591534,3.10745241,-3.00945605,24.1590041,-42.2406356,-2.2255292,-13.1763587,95.9559001,-6.82224908,-8.31997125,-6.57044263,0.604853112,-6.90621814,19.6611725,-9.70694532,-6.89375347
900,-3.10915522,-10.2576092,105.907655,5.86034389,-3.86067742,-3.60797021,-0.220219546,1.43351904,6.96810051,0,0,-0.187515253,51.4653183,0.315906815,71.9361261,-6.14682191,-8.35127315,-23.0665853,-2.11114893,-55.2635523,-2.8266787,73.1682444,3.0539065,-3.02990777,24.1382522,-42.2513521,-2.22365303,-13.1832529,95.9502789,-6.84121822,-8.29072438,-6.57456849,0.593625081,-6.89677925,19.6507428,-9.7318627,-6.87762996
901,-3.11096385,-10.2540933,105.908835,5.86469161,-3.85665556,-3.63250964,-0.222903197,1.43751192,6.97080612,0,0,-0.196165728,51.4591336,0.286771389,71.9660628,-6.19501231,-8.41391111,-23.0556211,-2.12114577,-55.2667113,-2.82385185,73.145616,2.98374743,-3.02064561,24.0770111,-42.249928,-2.21225558,-13.194515,95.9329985,-6.83869147,-8.31003162,-6.58021535,0.594105756,-6.87603639,19.653591,-9.74897489,-6.88098358
902,-3.11194751,-10.2547191,105.910575,5.86855736,-3.85276152,-3.65646502,-0.238829784,1.43792696,6.97787579,0,0,-0.179916094,51.4634639,0.307507816,71.9805769,-6.17513817,-8.44630755,-23.1072796,-2.15612829,-55.2468901,-2.89113477,73.1509708,2.91255765,-3.04684878,24.1161839,-42.2493816,-2.19522579,-13.1981743,95.9083006,-6.83251741,-8.28846871,-6.58458624,0.592437962,-6.86192991,19.6507701,-9.74877767,-6.86621073
903,-3.11253183,-10.255716,105.910647,5.87361056,-3.84879077,-3.67502569,-0.251755917,1.43806538,6.98758405,0,0,-0.154432431,51.4327212,0.411476502,71.9730228,-6.10601708,-8.45534645,-23.1004562,-2.17693497,-55.2250164,-2.96134847,73.1364703,2.77792972,-3.06339555,24.0764441,-42.2368858,-2.17798191,-13.1967203,95.8755635,-6.84922149,-8.18930461,-6.5939039,0.585178645,-6.85379089,19.6549041,-9.74215409,-6.82269176
904,-3.11276186,-10.2558762,105.915129,5.8756711,-3.84739823,-3.69582406,-0.250686485,1.44422386,6.99386953,0,0,-0.152998492,51.4142763,0.433979361,71.977838,-6.04515071,-8.47040958,-23.1014859,-2.17991016,-55.2085522,-3.01580984,73.1324064,2.71381132,-3.09571964,24.0507097,-42.2316095,-2.16349935,-13.2046237,95.8532561,-6.84834765,-8.14414767,-6.596484,0.581080745,-6.8441377,19.6544516,-9.73283344,-6.79654537
905,-3.11543457,-10.2510482,105.912626,5.88299418,-3.84689419,-3.71973916,-0.260782012,1.45299319,7.00347918,0,0,-0.126266932,51.3956299,0.494727677,71.9718275,-5.96127897,-8.4710465,-23.1183906,-2.21113159,-55.2019372,-3.039244,73.1313477,2.62913981,-3.12098771,24.0582827,-42.2480839,-2.16466667,-13.2185394,95.8560428,-6.8028761,-8.15065257,-6.59605071,0.574357437,-6.81774072,19.6513678,-9.76515561,-6.76941756
906,-3.11493818,-10.2474459,105.912375,5.88946991,-3.84804331,-3.73982556,-0.257831797,1.4630453,7.01327538,0,0,-0.112562531,51.3557757,0.562137055,71.971001,-5.86305615,-8.48727588,-23.0627792,-2.20958114,-55.2051406,-3.05105447,73.1145523,2.5763973,-3.14689333,24.0470163,-42.2608085,-2.16766192,-13.2370816,95.8581806,-6.74643654,-8.15697305,-6.59650364,0.56874633,-6.80393563,19.6563316,-9.79147745,-6.76434871
907,-3.11490148,-10.2469184,105.911171,5.89185988,-3.84599613,-3.75937097,-0.257942974,1.47247278,7.01604459,0,0,-0.115100093,51.3687907,0.504144854,71.9865875,-5.89732578,-8.50096102,-23.0584949,-2.20790582,-55.2003389,-3.02696012,73.0986311,2.57989927,-3.17279597,23.9914271,-42.2611808,-2.14834337,-13.2431596,95.8414672,-6.74076193,-8.1774363,-6.59826583,0.566524758,-6.78708171,19.6571905,-9.79199227,-6.7521359
908,-3.11192516,-10.2452964,105.909288,5.88865594,-3.84802932,-3.77590563,-0.289123215,1.48433308,7.02213627,0,0,-0.0460457103,51.3726804,0.543802586,71.9660833,-5.88347586,-8.50147413,-23.0648146,-2.25024467,-55.2133197,-2.92546479,73.0896836,2.64155069,-3.24821065,24.0029308,-42.2572637,-2.13306658,-13.265129,95.8256689,-6.73171406,-8.22960358,-6.60048479,0.567600459,-6.78050082,19.6704752,-9.78457981,-6.71924086
909,-3.11160926,-10.2419816,105.910492,5.88928568,-3.84805828,-3.79875849,-0.297243243,1.50326967,7.03487329,0,0,-0.0464909066,51.3597646,0.535237155,71.9836915,-5.95889993,-8.46232178,-23.0106512,-2.25593849,-55.2095016,-2.92272226,73.0648148,2.59512034,-3.27515938,23.9248959,-42.2571236,-2.11887452,-13.2749482,95.8171107,-6.72190122,-8.24038845,-6.60711818,0.565452578,-6.76083927,19.6795935,-9.7809231,-6.71410754
910,-3.10700983,-10.2377214,105.914319,5.88978005,-3.85180897,-3.80931964,-0.281148222,1.51770976,7.04509382,0,0,-0.0959722754,51.3472312,0.495505091,72.0190514,-5.96269752,-8.46146972,-22.9786483,-2.18724108,-55.2309245,-2.92286996,73.0022162,2.60244551,-3.25141124,23.8950326,-42.2599821,-2.11686794,-13.3023057,95.8180874,-6.69610658,-8.29162255,-6.60159256,0.56237846,-6.75785149,19.6846086,-9.78478045,-6.69919126
911,-3.10950074,-10.2275707,105.91048,5.89385426,-3.85280566,-3.81863437,-0.3001862,1.54103763,7.05086106,0,0,-0.0654467192,51.3255726,0.539088262,72.0097623,-5.92963172,-8.43700483,-22.9217426,-2.14166238,-55.2504794,-2.8681928,72.9048723,2.76553356,-3.17491675,23.8670305,-42.2643158,-2.11554459,-13.3196159,95.8189958,-6.69465132,-8.2747793,-6.6088253,0.554750472,-6.75141788,19.6995104,-9.81592953,-6.70972043
912,-3.10624521,-10.2223143,105.913877,5.89079684,-3.85287224,-3.82456152,-0.312422431,1.56712917,7.05491862,0,0,-0.059106336,51.3136369,0.603518023,72.0109098,-5.89504108,-8.42816913,-22.9758633,-2.10888985,-55.2736747,-2.79088338,72.851228,3.05946392,-3.1043865,23.9955252,-42.2523493,-2.09630181,-13.3262574,95.7980954,-6.71369731,-8.24321273,-6.61166282,0.552537598,-6.76417795,19.707862,-9.79094555,-6.68988385
913,-3.10366936,-10.2198698,105.91588,5.88631001,-3.85333297,-3.82490599,-0.326813213,1.59108787,7.06556688,0,0,-0.0501397083,51.304522,0.610667043,71.9880833,-5.930284,-8.36511965,-22.8532597,-2.06820497,-55.257675,-2.90108785,72.8201916,2.9843756,-3.108932,24.0478974,-42.2418582,-2.07458949,-13.3439135,95.7711982,-6.73647257,-8.24575954,-6.61765716,0.551613174,-6.76301213,19.7216316,-9.78618832,-6.65731239
914,-3.10402829,-10.2141246,105.908287,5.89235869,-3.85143622,-3.82260756,-0.334931399,1.60347303,7.07248074,0,0,-0.0722037573,51.3275875,0.534995111,72.0074537,-6.05907191,-8.32680912,-22.8757993,-1.99416359,-55.2294868,-3.08810611,72.7677972,2.9264763,-3.13936006,24.1462982,-42.2509765,-2.07413592,-13.3632899,95.7744767,-6.74106715,-8.21799567,-6.61801745,0.539997531,-6.75484535,19.7212611,-9.81062247,-6.65727866
915,-3.10029406,-10.2052547,105.910337,5.89144158,-3.85255089,-3.82559183,-0.344359061,1.63230881,7.07707703,0,0,-0.0360574524,51.3133056,0.560230899,71.9597722,-6.05285217,-8.30565261,-22.7963523,-1.94424238,-55.2327277,-3.22015522,72.7256481,2.77645845,-3.1683111,24.2182594,-42.2422816,-2.06505903,-13.3788439,95.7657135,-6.76979109,-8.2487708,-6.61786506,0.537198434,-6.75865873,19.7279291,-9.81371484,-6.66267366
916,-3.09591945,-10.194841,105.908084,5.89515857,-3.85294621,-3.821939,-0.355250012,1.6451945,7.08280799,0,0,-0.0434491011,51.2996794,0.581286985,71.955196,-6.09358059,-8.31518158,-22.7957598,-1.90058808,-55.2435057,-3.32094363,72.7084292,2.56997095,-3.22146534,24.1860892,-42.2488967,-2.07863296,-13.4023825,95.776717,-6.76167255,-8.27924198,-6.61471164,0.526085929,-6.74998012,19.7293566,-9.83504893,-6.66321666
917,-3.0882705,-10.1889931,105.907881,5.89927063,-3.8520964,-3.82289765,-0.339666641,1.65067071,7.08361566,0,0,-0.0885734262,51.3323482,0.508512173,71.9719709,-6.12153613,-8.33555433,-22.8285037,-1.82087379,-55.2484337,-3.32116604,72.6809992,2.58497132,-3.21789806,24.1369203,-42.2512326,-2.08672994,-13.4218161,95.7809995,-6.74504702,-8.28850201,-6.60652566,0.516609522,-6.7505449,19.7222822,-9.83852208,-6.65535981
918,-3.08321211,-10.182552,105.906999,5.8993628,-3.85230325,-3.81696083,-0.361831673,1.66747532,7.07967592,0,0,-0.0669314716,51.3367537,0.522974191,71.9573133,-6.1768692,-8.32696195,-22.8741738,-1.79813801,-55.2947185,-3.27322323,72.6735065,2.50309784,-3.2002401,24.1214756,-42.2511028,-2.08700187,-13.4369509,95.7859445,-6.74167205,-8.29720879,-6.60731754,0.50910117,-6.74788155,19.7310027,-9.83974127,-6.62491381
919,-3.07576898,-10.1731181,105.904818,5.9022873,-3.84990919,-3.82546724,-0.361159806,1.68592281,7.07339855,0,0,-0.0328153604,51.3263786,0.599416014,71.9269531,-6.16597974,-8.32666996,-22.9499923,-1.77714809,-55.3374516,-3.17326875,72.665563,2.60797753,-3.16110674,24.1127586,-42.2524211,-2.08459081,-13.4485494,95.7903842,-6.72490735,-8.31410839,-6.60106066,0.502245954,-6.74694709,19.7249887,-9.84791445,-6.63578833
920,-3.06505244,-10.1603881,105.911493,5.89947636,-3.85190664,-3.83418319,-0.360061506,1.70481714,7.07108823,0,0,-0.0374423933,51.3119771,0.60796549,71.9401832,-6.15466254,-8.35538578,-22.9458173,-1.73478267,-55.3609816,-3.07526386,72.6215765,2.74856673,-3.10000558,24.0581717,-42.2490572,-2.07693225,-13.455167,95.7960327,-6.69747304,-8.31367552,-6.60023676,0.499240511,-6.73965459,19.738603,-9.8462402,-6.63131284
921,-3.05842087,-10.1500273,105.913818,5.89876347,-3.85078278,-3.83724958,-0.370948268,1.71909031,7.0711416,0,0,-0.0524340082,51.2905713,0.625111346,71.966015,-6.15035952,-8.36821117,-22.9324916,-1.6950727,-55.3253041,-3.14857121,72.5863533,2.82564286,-3.05130163,24.0175099,-42.2562289,-2.06565347,-13.4611486,95.8076782,-6.69212458,-8.35667754,-6.60041478,0.493563397,-6.7431256,19.7431946,-9.86118465,-6.6407321
922,-3.05168033,-10.1421542,105.914879,5.89824808,-3.84659213,-3.84236339,-0.378948393,1.74449808,7.06411461,0,0,-0.0422461407,51.2857629,0.629370929,71.9594375,-6.13050416,-8.35666559,-22.9931505,-1.66274872,-55.2944248,-3.21233487,72.5725699,2.88395922,-3.02700324,23.9221177,-42.2542174,-2.03397847,-13.4503338,95.8009983,-6.72887014,-8.36967368,-6.60594125,0.488051861,-6.74250832,19.7502911,-9.84600968,-6.61901253
923,-3.04553527,-10.137438,105.914867,5.89729617,-3.8425655,-3.84301341,-0.391701984,1.75969696,7.05398245,0,0,-0.0578764484,51.2736564,0.656657322,71.9937387,-6.06856417,-8.36794821,-23.0299413,-1.63872375,-55.2750544,-3.22290139,72.5686836,3.03851787,-3.03414889,23.9204904,-42.2558191,-1.99734283,-13.4439672,95.7970299,-6.75865276,-8.40745743,-6.6072915,0.48438501,-6.74409079,19.7492478,-9.8366361,-6.58010649
924,-3.0445464,-10.1259366,105.921292,5.89448025,-3.83649676,-3.84567631,-0.399166554,1.7799188,7.05465309,0,0,-0.117321239,51.2535824,0.674013046,72.0514606,-5.98035612,-8.37544775,-23.0830683,-1.61205677,-55.2611823,-3.25441033,72.5590257,3.23141863,-3.02407202,24.0237031,-42.2402941,-1.96558544,-13.4337672,95.767865,-6.81442424,-8.41692066,-6.61618312,0.482547849,-6.73452213,19.7506497,-9.81996873,-6.59590002
925,-3.04036308,-10.1145253,105.924332,5.90297776,-3.83112588,-3.85228921,-0.401300081,1.78127171,7.04961625,0,0,-0.123924578,51.2226553,0.738940184,72.0642468,-5.88466132,-8.42625753,-23.1399586,-1.58664366,-55.2460124,-3.25552109,72.5411033,3.27850254,-2.99725029,24.0642984,-42.2387778,-1.95304158,-13.4180227,95.7647983,-6.8114164,-8.35434332,-6.62375225,0.468888164,-6.72355071,19.755523,-9.83118988,-6.63477575
926,-3.03452462,-10.1024158,105.931699,5.89960159,-3.82770863,-3.8559655,-0.41475582,1.80701214,7.0495249,0,0,-0.139352854,51.2048354,0.737276179,72.0869913,-5.86587873,-8.41977824,-23.0831144,-1.56672021,-55.2549668,-3.28877941,72.5215143,3.24204235,-3.01623438,24.1282767,-42.2262853,-1.9318872,-13.4048021,95.7461587,-6.83765158,-8.33701342,-6.6292497,0.464122667,-6.71526483,19.7584122,-9.80486206,-6.60728979
927,-3.02842539,-10.0987628,105.930054,5.90206093,-3.82561778,-3.84973533,-0.432299428,1.81169487,7.05089222,0,0,-0.128614036,51.1861309,0.836803134,72.0698407,-5.76646405,-8.39689284,-23.1162869,-1.55936506,-55.2645564,-3.24194587,72.5154559,3.27641464,-3.0433291,24.1327386,-42.2272791,-1.91764839,-13.4045195,95.7499085,-6.83913373,-8.30475786,-6.63059653,0.453573279,-6.71458096,19.7613594,-9.80921716,-6.61389672
928,-3.02184932,-10.0914106,105.929399,5.903035,-3.8230759,-3.84285728,-0.44948349,1.81902537,7.05420358,0,0,-0.139295905,51.1916668,0.791392942,72.0733719,-5.84105953,-8.38174092,-23.0895808,-1.56452516,-55.2746617,-3.19896456,72.5083798,3.28136375,-3.04458222,24.1365293,-42.2273679,-1.91406254,-13.403068,95.7528728,-6.84423631,-8.27768128,-6.62725144,0.444540327,-6.71627869,19.7562163,-9.78698404,-6.61975147
929,-3.01419087,-10.0810356,105.933666,5.90023067,-3.82228559,-3.83541497,-0.489237592,1.83005079,7.05450197,0,0,-0.0940626639,51.1828661,0.870586477,72.0366186,-5.85682105,-8.33619636,-23.0824894,-1.5985205,-55.2693102,-3.19442206,72.520237,3.16891877,-3.06650222,24.1102707,-42.2197762,-1.90699693,-13.4093535,95.7466914,-6.84129378,-8.27349181,-6.6278525,0.439443432,-6.72663753,19.7607157,-9.77387093,-6.62727321
930,-3.00446954,-10.0704424,105.943179,5.89686648,-3.82386364,-3.83115892,-0.509233772,1.83732345,7.0558266,0,0,-0.0941081273,51.17231,0.862356526,72.0324864,-5.86210078,-8.32215093,-22.9938848,-1.61070556,-55.2696585,-3.18739913,72.5319371,3.05044551,-3.09270752,24.1227921,-42.2199811,-1.90022672,-13.4107768,95.7498128,-6.80558384,-8.25527057,-6.62298812,0.435666097,-6.72853931,19.7641444,-9.75361686,-6.63551298
931,-3.00180875,-10.0645609,105.939913,5.90049123,-3.82279962,-3.81184189,-0.534878571,1.84021497,7.05753671,0,0,-0.0886878653,51.1857108,0.85972082,72.0129589,-5.87187009,-8.31132508,-22.9997861,-1.61463388,-55.2528494,-3.24169465,72.5416155,2.92250027,-3.09277348,24.0629221,-42.2208144,-1.90871685,-13.4188791,95.7534602,-6.80814047,-8.22264788,-6.62694665,0.422903062,-6.74263511,19.7710412,-9.76970878,-6.6688934
932,-2.99709048,-10.0567445,105.941224,5.8978062,-3.82349884,-3.8008657,-0.556454765,1.83778705,7.06667422,0,0,-0.113775757,51.2038143,0.829154816,72.0309223,-5.920726,-8.30927688,-22.9799205,-1.6512041,-55.2384275,-3.13069853,72.5799465,3.03481825,-3.11944323,23.9931671,-42.204661,-1.90400061,-13.4266339,95.7409814,-6.82445779,-8.1949711,-6.62784866,0.417051084,-6.75285051,19.7785715,-9.75193919,-6.68222806
933,-2.99402289,-10.050828,105.937266,5.90193771,-3.81950192,-3.78540046,-0.579195666,1.82569164,7.05394147,0,0,-0.0930236947,51.2398025,0.784826835,72.0076586,-5.91591285,-8.3166919,-22.9234433,-1.65845147,-55.2055777,-3.0999217,72.607117,3.03547843,-3.13899358,23.8875621,-42.1965638,-1.91034372,-13.4343827,95.7314738,-6.8467225,-8.15674253,-6.63434588,0.407324548,-6.75735417,19.7850534,-9.76147157,-6.69040337
934,-2.98712905,-10.0356787,105.944312,5.89356845,-3.81968599,-3.77803436,-0.611360628,1.85683431,7.04869759,0,0,-0.0657991743,51.2370568,0.750412874,71.9933289,-5.94664785,-8.31791536,-22.8925077,-1.67391128,-55.1894585,-3.18089081,72.6263372,2.83281648,-3.18766081,23.7855549,-42.1975371,-1.91404824,-13.4501016,95.7272254,-6.80326456,-8.17808005,-6.62901406,0.40827293,-6.75100124,19.7837539,-9.73646369,-6.73296015
935,-2.98547465,-10.030397,105.943847,5.89508535,-3.82083605,-3.7712615,-0.60242546,1.84095604,7.05839604,0,0,-0.096632209,51.2787414,0.641096016,71.9873798,-5.99697525,-8.33260198,-22.894094,-1.64184279,-55.1649483,-3.25329445,72.6258727,2.79825486,-3.19119202,23.7581983,-42.1968609,-1.91727337,-13.4588288,95.7264673,-6.79949217,-8.21483329,-6.63176108,0.40544107,-6.73500622,19.7929781,-9.74917382,-6.75134702
936,-2.98699699,-10.0236677,105.940223,5.8916415,-3.81828838,-3.7545195,-0.633767917,1.85842809,7.06004083,0,0,-0.11412363,51.283584,0.601199014,72.0107869,-6.00507841,-8.40041636,-22.8564204,-1.65382017,-55.1685239,-3.23687531,72.6477088,2.92822376,-3.20872746,23.8165247,-42.1876982,-1.91705929,-13.4625701,95.7134353,-6.83973052,-8.2042815,-6.63888966,0.400652413,-6.73095164,19.7988777,-9.75694657,-6.75651875
937,-2.98348852,-10.0188807,105.936909,5.89023726,-3.81947739,-3.73682269,-0.670560439,1.84614122,7.06595236,0,0,-0.11375492,51.3220926,0.605571936,72.0228968,-5.99747513,-8.43688104,-22.887677,-1.66912289,-55.1495599,-3.16574572,72.6391233,3.19223661,-3.15326014,23.854451,-42.1811344,-1.92298533,-13.4704163,95.7089273,-6.8523685,-8.16623308,-6.6355403,0.393741863,-6.74242337,19.8026496,-9.754848,-6.77025768
938,-2.98375748,-10.0088954,105.933738,5.88668925,-3.82318874,-3.72182776,-0.687882332,1.85074093,7.07876281,0,0,-0.115838701,51.323626,0.610103286,71.995617,-5.99485661,-8.40237492,-22.8342889,-1.65983778,-55.1575956,-3.18291959,72.6293903,3.24470719,-3.15136839,23.9389934,-42.1882241,-1.9364105,-13.4867541,95.7162493,-6.83059557,-8.16839996,-6.63550573,0.389177616,-6.75663444,19.8099801,-9.76548602,-6.77527189
939,-2.98380777,-10.000971,105.932558,5.87728256,-3.82247734,-3.68698584,-0.722452427,1.85532953,7.08860938,0,0,-0.156910203,51.3392091,0.550893336,72.006197,-6.05196297,-8.38240003,-22.7819799,-1.66570758,-55.1340042,-3.27364414,72.6497033,3.14413351,-3.17318038,23.9077846,-42.1796386,-1.94275873,-13.5160735,95.6908615,-6.8669373,-8.24084521,-6.63487351,0.389880191,-6.78432018,19.8071627,-9.76963621,-6.76031249
940,-2.97954138,-9.99022052,105.935204,5.87230692,-3.82685348,-3.6685641,-0.718917644,1.8688437,7.0976137,0,0,-0.196159378,51.362722,0.457703196,71.999558,-6.12629506,-8.40447862,-22.7888613,-1.60394858,-55.16822,-3.2894127,72.6105936,3.1699194,-3.13953551,23.9444268,-42.1866771,-1.95484518,-13.5278718,95.6888056,-6.8145728,-8.18506135,-6.6274555,0.384853199,-6.79172667,19.8096489,-9.76435391,-6.77616451
941,-2.97988411,-9.98560935,105.92829,5.86905655,-3.82240167,-3.63640637,-0.727303729,1.87593045,7.09260077,0,0,-0.222472268,51.3647404,0.441817083,71.9797095,-6.10531272,-8.40760599,-22.7820772,-1.57642922,-55.1615674,-3.35883816,72.6291034,3.15164266,-3.14018353,23.9540011,-42.1771353,-1.95857467,-13.5391877,95.6594016,-6.85997392,-8.18428186,-6.62595243,0.381054093,-6.81571899,19.7985771,-9.77514391,-6.78284699
942,-2.97751259,-9.97598469,105.932021,5.86055217,-3.82284212,-3.62332475,-0.715949714,1.88740688,7.09678255,0,0,-0.276630585,51.3742719,0.392008515,71.9837257,-6.10273048,-8.41802715,-22.7435191,-1.52816913,-55.2058851,-3.29585229,72.595615,3.2225904,-3.0928279,23.9655236,-42.1604082,-1.95020727,-13.5422775,95.6211799,-6.87526927,-8.15970854,-6.62921085,0.382203245,-6.83186129,19.8051751,-9.75709086,-6.74874173
943,-2.97155194,-9.96419564,105.940735,5.85009318,-3.81939596,-3.61857765,-0.728064495,1.90630879,7.08922537,0,0,-0.274708421,51.3691287,0.360272762,71.9783571,-6.07901692,-8.44988572,-22.6856213,-1.52822953,-55.2168475,-3.26801329,72.5897752,3.2081057,-3.08019205,23.9446215,-42.152492,-1.93384064,-13.5338423,95.5885862,-6.86794005,-8.18763804,-6.62791354,0.386221771,-6.83294174,19.7995043,-9.73917357,-6.74887449
944,-2.96568032,-9.95498076,105.94362,5.84985999,-3.81364901,-3.61575344,-0.700356125,1.90198165,7.07833208,0,0,-0.327907964,51.3730288,0.31438507,71.9737399,-6.01986961,-8.45312493,-22.6480125,-1.46535337,-55.2203412,-3.32941883,72.5686221,3.17447364,-3.047878,23.9536578,-42.1579527,-1.93366924,-13.5255333,95.5701311,-6.83169267,-8.20157419,-6.62354991,0.381678281,-6.83094604,19.7849885,-9.75141327,-6.74109832
945,-2.96165757,-9.94509161,105.944645,5.8524513,-3.80485906,-3.61328463,-0.690743968,1.89476598,7.07599786,0,0,-0.346289257,51.3547102,0.377894303,71.9510774,-5.95208297,-8.41958614,-22.5809452,-1.44341587,-55.223244,-3.29213368,72.5522433,3.30570612,-3.03203858,23.9809923,-42.1543566,-1.93338302,-13.5134337,95.5372164,-6.79544784,-8.18273653,-6.61693017,0.376201163,-6.83201923,19.7561156,-9.7518282,-6.74193544
946,-2.95869336,-9.93439928,105.948901,5.84259859,-3.80124519,-3.61300638,-0.697234355,1.90743278,7.07732249,0,0,-0.367676393,51.3356984,0.408838262,71.9602025,-5.93313774,-8.40750268,-22.6028991,-1.4466044,-55.2329463,-3.27661207,72.5436099,3.29652933,-3.04389707,23.9662544,-42.1392414,-1.92584697,-13.5107093,95.4991859,-6.78755299,-8.20477925,-6.61616989,0.379877299,-6.8355133,19.7489114,-9.73707755,-6.72435155
947,-2.95670759,-9.92638394,105.950928,5.84289913,-3.79550922,-3.61973042,-0.684662965,1.8935867,7.08564465,0,0,-0.409562635,51.3265289,0.436034367,71.9774624,-5.86637904,-8.40246713,-22.5588888,-1.48567351,-55.2136817,-3.27175581,72.5792703,3.32682954,-3.05762148,24.0180307,-42.1372197,-1.92846443,-13.5022911,95.4707996,-6.73976173,-8.21685418,-6.61197615,0.375491464,-6.83390565,19.7278881,-9.72534756,-6.71546419
948,-2.94939727,-9.91536677,105.956089,5.83713206,-3.79195492,-3.62688823,-0.683523017,1.89930677,7.08720833,0,0,-0.412459036,51.330265,0.459294577,71.9742727,-5.78869589,-8.42518861,-22.6000578,-1.50355121,-55.2088562,-3.24144172,72.5901577,3.36513325,-3.07950839,24.0131471,-42.1351809,-1.91300685,-13.4884633,95.4498651,-6.7005859,-8.23915218,-6.61012816,0.376356203,-6.82616448,19.7231257,-9.72324898,-6.70377261
949,-2.94571519,-9.90772545,105.956328,5.83251066,-3.78509603,-3.63142204,-0.668292869,1.89297412,7.08700642,0,0,-0.434111269,51.343116,0.449740369,71.9635288,-5.79151505,-8.40712276,-22.6267826,-1.49748909,-55.1869962,-3.29422073,72.596339,3.32677661,-3.06887934,24.0365951,-42.1261172,-1.88909393,-13.4649248,95.4156253,-6.68827107,-8.28708645,-6.6059912,0.38018295,-6.82446633,19.7040046,-9.7224268,-6.70834713
950,-2.94304602,-9.90445018,105.958951,5.83122903,-3.7745221,-3.62743964,-0.636354905,1.87565682,7.07898948,0,0,-0.498528731,51.3593787,0.413574251,71.9755636,-5.74797985,-8.40338579,-22.6506422,-1.44072275,-55.1487847,-3.37879021,72.5900552,3.41031793,-3.06234135,24.0703158,-42.1131501,-1.87272603,-13.4508111,95.3678004,-6.68370893,-8.29122725,-6.60470883,0.3792974,-6.83081669,19.6806027,-9.71637183,-6.70039679
951,-2.94120498,-9.90242884,105.962741,5.82627633,-3.76903087,-3.62491104,-0.623464363,1.87311257,7.07336653,0,0,-0.510644686,51.3442976,0.486757113,71.9601274,-5.68605436,-8.39082165,-22.6656549,-1.44935131,-55.0980022,-3.53752807,72.6294517,3.25829543,-3.11436093,24.0921707,-42.0992267,-1.85092022,-13.4422861,95.3230421,-6.67356141,-8.31906283,-6.60663025,0.381548668,-6.83687507,19.672444,-9.71191258,-6.69634393
952,-2.9395448,-9.89457369,105.966604,5.81900067,-3.76364206,-3.6321226,-0.619216466,1.86472297,7.07418701,0,0,-0.549329863,51.3559601,0.501844681,71.984518,-5.64652166,-8.36726945,-22.7079457,-1.47752957,-55.0691242,-3.58679273,72.6359541,3.20732215,-3.10643151,24.1527203,-42.0922941,-1.82083068,-13.4290253,95.2850868,-6.63409572,-8.36259419,-6.60901569,0.387903652,-6.82880392,19.662308,-9.70016038,-6.7082942
953,-2.9413702,-9.88848284,105.964124,5.81910156,-3.7564199,-3.63167496,-0.614308174,1.85393874,7.0723595,0,0,-0.542506771,51.3410054,0.560251123,71.9587955,-5.67175451,-8.36736166,-22.6742866,-1.48872468,-55.0289627,-3.68189885,72.6487129,3.1392749,-3.13739788,24.185746,-42.0808945,-1.80357015,-13.4167165,95.2489346,-6.66136696,-8.36064759,-6.6143014,0.384652749,-6.82686543,19.6564785,-9.71674323,-6.68873424
954,-2.94220801,-9.88351256,105.964363,5.81658609,-3.74656851,-3.62478979,-0.610358831,1.82606175,7.06658885,0,0,-0.572659442,51.3858866,0.506689259,71.9624974,-5.73279676,-8.34019971,-22.6685338,-1.50258111,-55.0065904,-3.60951165,72.6549557,3.23434494,-3.12438551,24.1376683,-42.0515315,-1.79421748,-13.4094978,95.1881391,-6.69295189,-8.37905922,-6.61911413,0.384212628,-6.83424716,19.6404634,-9.71543354,-6.68076085
955,-2.94205509,-9.87564698,105.967164,5.8141073,-3.74001195,-3.62287483,-0.604795802,1.8128163,7.06587637,0,0,-0.577194261,51.4129888,0.483918796,71.9476759,-5.84614418,-8.33428135,-22.7327086,-1.51943727,-55.0169176,-3.50971277,72.6627899,3.3203129,-3.11880994,24.0919709,-42.011773,-1.78456621,-13.3965307,95.1180818,-6.73820915,-8.32576923,-6.62692189,0.380268674,-6.83515813,19.6387712,-9.6935129,-6.68082446
956,-2.94004381,-9.86878499,105.970049,5.81027153,-3.73525665,-3.61906928,-0.589711596,1.79868912,7.05680204,0,0,-0.669718298,51.4329364,0.433468244,72.0056301,-5.79619202,-8.3930722,-22.7961849,-1.51990225,-54.9988757,-3.51792351,72.6928837,3.2823616,-3.14401526,24.0410484,-41.9962172,-1.78923956,-13.4001054,95.0792932,-6.71576002,-8.32983233,-6.62788708,0.376849924,-6.83363201,19.6290501,-9.68220552,-6.66057124
957,-2.93953791,-9.86138731,105.969954,5.80368587,-3.73297551,-3.60991848,-0.583414322,1.7899595,7.06310929,0,0,-0.711911151,51.4683851,0.358219516,72.0153085,-5.86148265,-8.41122172,-22.8680112,-1.52503162,-54.9812948,-3.56191228,72.7191595,3.18817051,-3.18202996,24.013171,-41.9721272,-1.78545798,-13.3994267,95.0267075,-6.72789044,-8.31803148,-6.6305167,0.377958016,-6.85350744,19.6284269,-9.67667051,-6.65004336
958,-2.93807983,-9.84914675,105.971694,5.7976187,-3.73085826,-3.58783459,-0.597806224,1.77621311,7.06788189,0,0,-0.7221027,51.4974782,0.292318676,72.0195022,-5.9173553,-8.43610325,-22.8828925,-1.53449709,-54.9697825,-3.56739564,72.73394,3.16748486,-3.19579791,24.0135535,-41.9504174,-1.80268393,-13.4199685,94.9811024,-6.71858986,-8.30593692,-6.62905504,0.372278153,-6.86799811,19.6230327,-9.67178436,-6.66007221
959,-2.93720923,-9.83913168,105.970097,5.78989873,-3.73111103,-3.57306431,-0.591670526,1.78660108,7.0737328,0,0,-0.690751331,51.494432,0.285490675,71.9669371,-5.94642758,-8.46523571,-22.8819209,-1.52952994,-54.9936369,-3.56533313,72.7477643,3.13290596,-3.21603384,24.0237048,-41.9392637,-1.79881441,-13.4196859,94.9454898,-6.6913327,-8.2889639,-6.62908364,0.371285802,-6.88498394,19.6248018,-9.67597724,-6.66319275
960,-2.94116456,-9.8313868,105.965364,5.78681847,-3.7276594,-3.55766574,-0.589255094,1.77363001,7.07227583,0,0,-0.73771171,51.5103088,0.205450263,71.9794909,-5.97825498,-8.48092722,-22.8909248,-1.5229196,-54.9920831,-3.56756853,72.758918,3.13216552,-3.21147982,24.0306119,-41.9283149,-1.79835765,-13.4281937,94.9077256,-6.68974426,-8.2612709,-6.63276426,0.366426255,-6.8961402,19.6217452,-9.68696189,-6.66445079
961,-2.94140112,-9.81985182,105.967736,5.77602336,-3.72835188,-3.5509679,-0.586968368,1.7739362,7.07826121,0,0,-0.736598229,51.5315677,0.145013867,71.9646216,-6.02020942,-8.49905539,-22.9027222,-1.53647443,-54.9886202,-3.59198154,72.7780903,3.07386666,-3.21719412,24.0398634,-41.9148014,-1.78569682,-13.4324635,94.8658498,-6.65751174,-8.20488512,-6.63785873,0.366454243,-6.90214009,19.6281127,-9.67637852,-6.65805175
962,-2.93924306,-9.80762467,105.965352,5.77030246,-3.72513355,-3.54677494,-0.579429066,1.76352368,7.07248842,0,0,-0.769880994,51.5526013,0.0647880529,71.9730637,-6.07152463,-8.5097583,-22.9265647,-1.52860253,-54.9918303,-3.55966749,72.772353,3.10055093,-3.19348568,24.0234675,-41.9040541,-1.7761193,-13.4359759,94.8266786,-6.63814474,-8.14766863,-6.63892893,0.36625366,-6.90532253,19.6249708,-9.67149237,-6.64812279
963,-2.93665696,-9.79492441,105.965769,5.76227131,-3.72586154,-3.53634057,-0.574029962,1.75854116,7.07148908,0,0,-0.765249379,51.573809,0.0529405695,71.9545198,-6.0635158,-8.52406413,-23.035636,-1.50916936,-54.9920967,-3.63708726,72.7802965,2.95480003,-3.19966081,24.0292441,-41.8942733,-1.7809238,-13.4512712,94.7916876,-6.60611926,-8.17103471,-6.63941174,0.366612111,-6.91622095,19.6309062,-9.68248556,-6.66852372
964,-2.93338243,-9.78025496,105.967462,5.75537589,-3.72788375,-3.52745311,-0.575776142,1.75508562,7.07435008,0,0,-0.734810694,51.5560061,0.0926870878,71.9238522,-6.06951228,-8.52674498,-22.9969515,-1.51599656,-55.0030319,-3.57168457,72.787878,2.95007055,-3.202201,24.0195862,-41.8886896,-1.79060367,-13.4624728,94.7581855,-6.5574563,-8.13482446,-6.63801326,0.365330357,-6.91056086,19.6346919,-9.68937295,-6.65711388
965,-2.93725599,-9.76926908,105.95907,5.75060811,-3.72429022,-3.5062142,-0.578670489,1.74176441,7.07746379,0,0,-0.756978393,51.5669993,0.0531692541,71.9084433,-6.11502696,-8.47767434,-23.0713135,-1.49638922,-54.990536,-3.65011286,72.78462,2.87033961,-3.20807582,24.0160721,-41.8706989,-1.79583645,-13.4699996,94.7063034,-6.59615103,-8.13031909,-6.64030735,0.361869425,-6.92057136,19.6280239,-9.70735428,-6.65965301
966,-2.93984879,-9.75231454,105.958104,5.73422532,-3.71891642,-3.48857624,-0.625755251,1.75542158,7.06953052,0,0,-0.699986494,51.558827,0.0930984066,71.887782,-6.19471947,-8.43112148,-23.1240579,-1.548982,-55.0085985,-3.5517449,72.7902959,2.88632759,-3.19778529,23.9782431,-41.8202306,-1.78740192,-13.4699919,94.6076208,-6.68910905,-8.17136768,-6.65867757,0.366247603,-6.9408408,19.6443634,-9.69149031,-6.64900389
967,-2.94094179,-9.73703712,105.954933,5.72583194,-3.71651838,-3.46959498,-0.643600294,1.75559223,7.06671179,0,0,-0.699258119,51.5307481,0.116806093,71.8994411,-6.23586239,-8.41005376,-23.1074845,-1.56817782,-55.0092542,-3.51420746,72.8066064,2.91789843,-3.19963029,23.9466876,-41.7904168,-1.80248457,-13.4860198,94.5331581,-6.73671163,-8.17462995,-6.66958282,0.362571201,-6.9535744,19.6569754,-9.69270267,-6.68706853
968,-2.94115487,-9.72427204,105.96168,5.70995342,-3.72160256,-3.44833193,-0.637234238,1.75330604,7.0751411,0,0,-0.733117928,51.5639053,0.00511264339,71.8989015,-6.29859811,-8.40179777,-23.1595988,-1.56076738,-55.0050741,-3.54123729,72.8201301,2.92053019,-3.18169912,23.9195479,-41.771808,-1.80412233,-13.5026437,94.4599658,-6.71096011,-8.21592356,-6.67120841,0.368436092,-6.97311685,19.669309,-9.67867687,-6.67548026
969,-2.94573735,-9.71006677,105.960703,5.69923402,-3.72151576,-3.42814451,-0.642022041,1.75017408,7.08133565,0,0,-0.754815037,51.5628056,-0.00807335197,71.9114759,-6.26450308,-8.44495176,-23.1663795,-1.56606505,-54.9811138,-3.57581982,72.8304574,2.94798051,-3.18466983,23.916336,-41.7569284,-1.80027821,-13.5072506,94.3818557,-6.72480063,-8.21558547,-6.67696241,0.372221404,-6.98949778,19.6733695,-9.68265119,-6.70067128
970,-2.9480828,-9.69661251,105.958641,5.68744003,-3.7200306,-3.40892119,-0.660279296,1.75570002,7.08392301,0,0,-0.774811697,51.5684098,-0.0989550803,71.9259218,-6.2817459,-8.39964455,-23.1358554,-1.55301213,-54.9945966,-3.53629522,72.7930006,3.02735264,-3.15668782,23.9409537,-41.743992,-1.79580742,-13.5052349,94.3068876,-6.73035742,-8.21229588,-6.67825289,0.375433194,-6.99909334,19.6707741,-9.68153019,-6.69328827
971,-2.94790063,-9.68489647,105.954731,5.672,-3.72606817,-3.38946702,-0.701179003,1.77114361,7.09550403,0,0,-0.740820674,51.5410924,-0.0848119997,71.9220969,-6.21404207,-8.389249,-23.0525903,-1.60619177,-55.0264457,-3.41874468,72.8043251,3.06494195,-3.16757387,23.9717151,-41.7543193,-1.79719886,-13.5242604,94.2724634,-6.67631824,-8.25661698,-6.67537568,0.384667129,-7.01502561,19.6784768,-9.69054518,-6.68634411
972,-2.94765718,-9.66529921,105.956745,5.66069274,-3.73247482,-3.38355586,-0.719986089,1.78308801,7.11348322,0,0,-0.743522387,51.5115177,-0.103532881,71.9429972,-6.21614919,-8.43156203,-22.9785715,-1.63605581,-55.0429372,-3.4063338,72.8004319,3.03543575,-3.15440782,23.9937101,-41.7658759,-1.80760743,-13.5281006,94.2306763,-6.56866379,-8.23025928,-6.67044343,0.387100918,-7.01024576,19.6828772,-9.68750404,-6.72055268
973,-2.94990782,-9.64768007,105.958629,5.64737742,-3.73579323,-3.36439501,-0.735006795,1.79607636,7.13668324,0,0,-0.717711315,51.1945423,-0.273517967,71.8336732,-7.04211841,-8.15453297,-21.6850839,-1.65153302,-55.0720817,-3.29985243,72.7728721,3.24502906,-3.09487013,24.0391052,-41.7585028,-1.8115747,-13.532133,94.1647513,-6.53386483,-8.25559928,-6.67119261,0.390003908,-7.02223659,19.6861181,-9.67927195,-6.71239487
974,-2.95404512,-9.63496342,105.959082,5.64348642,-3.73570493,-3.34284967,-0.740362304,1.76912134,7.13927316,0,0,-0.767599924,51.1834535,-0.28037545,71.8680837,-7.05468297,-8.14852667,-21.7177613,-1.62723249,-55.0436647,-3.32355468,72.7524839,3.23261818,-3.08164667,24.0431897,-41.7515838,-1.83282278,-13.5378268,94.0919483,-6.51090515,-8.23359241,-6.6702065,0.384084616,-7.02555734,19.6785605,-9.68477879,-6.73335672
975,-2.96176635,-9.61876884,105.958557,5.63165255,-3.72965588,-3.31463622,-0.769465046,1.77547641,7.13878608,0,0,-0.738206685,51.17022,-0.179964986,71.8689648,-7.06525483,-8.08239507,-21.8444544,-1.63954913,-55.0452458,-3.35473279,72.7498202,3.13944672,-3.08457191,24.012937,-41.7120165,-1.82997139,-13.5295777,93.9801586,-6.60744133,-8.24259033,-6.68599577,0.383441751,-7.02852847,19.6809766,-9.67562805,-6.75051117
976,-2.96004768,-9.60678235,105.956364,5.62655808,-3.73059295,-3.30446713,-0.770964539,1.75569906,7.13815856,0,0,-0.722388074,51.1591653,-0.102091965,71.8757199,-7.01031833,-8.13557322,-21.8929471,-1.62982529,-55.014691,-3.36312474,72.7354836,3.25042193,-3.07423037,24.0656371,-41.7160565,-1.83420419,-13.5201102,93.9386926,-6.54747313,-8.22879676,-6.68053418,0.380374329,-7.03187612,19.6740457,-9.67172118,-6.74409293
977,-2.96266098,-9.59102586,105.958402,5.61549844,-3.73392431,-3.2848173,-0.794067761,1.76155467,7.15594565,0,0,-0.702811311,51.110951,0.0225521541,71.8996597,-6.9344678,-8.18508782,-21.8097195,-1.66995254,-54.9849523,-3.47145987,72.7676811,3.09390558,-3.10227832,24.0555677,-41.7094825,-1.83471837,-13.5071661,93.8791401,-6.53078441,-8.16116252,-6.686117,0.378747997,-7.03957673,19.6859763,-9.67128234,-6.72484375
978,-2.96634547,-9.57658514,105.95566,5.60912247,-3.74017088,-3.25757638,-0.806228913,1.73407607,7.17546804,0,0,-0.679286379,51.1112481,0.0954419485,71.8880894,-6.92475271,-8.23719533,-21.7951234,-1.68608577,-54.9708719,-3.42905848,72.774846,3.16847929,-3.12768834,24.0495383,-41.7220364,-1.85164678,-13.5075307,93.8463621,-6.46516636,-8.13329791,-6.67976877,0.373585014,-7.05637686,19.6818509,-9.68048602,-6.74220353
979,-2.97080167,-9.55851749,105.956388,5.59412931,-3.74474,-3.23653231,-0.795213899,1.73809926,7.18318188,0,0,-0.752028747,51.4192077,0.366709041,72.0349384,-5.99813595,-8.4929475,-23.3204378,-1.6441435,-54.9521982,-3.50046384,72.7654135,3.29837754,-3.10395023,24.1503297,-41.7153189,-1.84252634,-13.4945985,93.7779372,-6.44432276,-8.12452539,-6.67952032,0.375095793,-7.0705606,19.685599,-9.66632789,-6.72801722
980,-2.97670253,-9.54644009,105.950427,5.5816846,-3.74455024,-3.20490781,-0.824170753,1.73049107,7.19358853,0,0,-0.706172084,51.4213968,0.412181533,72.0211824,-6.01797168,-8.52903309,-23.2994162,-1.65442699,-54.9077678,-3.54876181,72.7481468,3.40331422,-3.08285561,24.2247617,-41.6935613,-1.83789441,-13.4908471,93.6893975,-6.49000093,-8.11440219,-6.68343957,0.375705254,-7.09966617,19.6855853,-9.65797884,-6.70202665
981,-2.97987908,-9.52882692,105.948269,5.5788511,-3.74248911,-3.17920781,-0.837830651,1.70841206,7.1956521,0,0,-0.772636335,51.7425386,0.635685599,72.1639265,-5.03741008,-8.83816916,-24.7217894,-1.6735305,-54.8545845,-3.55180488,72.7619301,3.34525227,-3.0844701,24.087492,-41.6809596,-1.87500347,-13.4898644,93.606199,-6.47302961,-8.08023673,-6.67992287,0.363360194,-7.12501429,19.6677568,-9.65849196,-6.72837837
982,-2.98534781,-9.51053798,105.953526,5.57078345,-3.74133083,-3.15880384,-0.855430234,1.69725633,7.20948153,0,0,-0.743687379,51.7164848,0.722390315,72.152889,-4.96606534,-8.84686229,-24.7198019,-1.69884414,-54.759522,-3.84135559,72.802235,2.94736878,-3.09125696,23.9990649,-41.6536252,-1.89019445,-13.4864331,93.5059932,-6.48107045,-8.02426419,-6.69181978,0.35735451,-7.1361253,19.6785092,-9.66278302,-6.72264229
983,-2.98682321,-9.49599594,105.95634,5.55711199,-3.74772308,-3.13957358,-0.860103417,1.69924701,7.22529683,0,0,-0.734940361,51.7393182,0.664749121,72.1411342,-5.09596145,-8.79275609,-24.773774,-1.70969613,-54.7284514,-3.89471986,72.8204375,2.84866956,-3.13432536,23.9356586,-41.6579829,-1.90176223,-13.4925196,93.4475951,-6.40689417,-8.02528615,-6.68223447,0.359745797,-7.15051352,19.6735847,-9.64963406,-6.73578016
984,-2.98996959,-9.4828546,105.957377,5.54483373,-3.75167498,-3.12647811,-0.863800631,1.69500408,7.24309716,0,0,-0.729035822,51.7451819,0.766456241,72.1369405,-5.13816135,-8.69966146,-24.8598224,-1.74438272,-54.6916504,-3.88859361,72.8617123,2.79059374,-3.21706392,23.8527025,-41.6447084,-1.90038104,-13.488681,93.3688226,-6.39163937,-8.01696015,-6.68078433,0.35966186,-7.16392587,19.677495,-9.63975248,-6.69705768
985,-2.99340449,-9.46735889,105.951166,5.53066057,-3.75374121,-3.11254415,-0.88344815,1.69968489,7.25056768,0,0,-0.68550105,51.7493415,0.799194565,72.1148858,-5.23725202,-8.66041434,-24.9103898,-1.7732265,-54.7205147,-3.63115567,72.8362289,3.15119507,-3.17147625,23.8302893,-41.6385715,-1.89129923,-13.4815691,93.2996874,-6.40292541,-8.06346264,-6.67729496,0.3632682,-7.18001438,19.6722665,-9.64097338,-6.69416168
986,-3.00023239,-9.4492726,105.946732,5.52007257,-3.75398273,-3.09812324,-0.887029677,1.70350809,7.26826555,0,0,-0.643691808,51.4467948,0.536962845,72.0057394,-6.27340794,-8.39908789,-23.4961479,-1.81328289,-54.7012502,-3.53587752,72.8427995,3.37296299,-3.14445325,23.8450647,-41.6221688,-1.89919344,-13.4859421,93.2101914,-6.44011536,-8.10635281,-6.68003386,0.359437131,-7.18809877,19.6706426,-9.64900056,-6.70118739
987,-3.00831348,-9.43452194,105.946696,5.50709983,-3.75785824,-3.0917445,-0.879569083,1.70098786,7.28361128,0,0,-0.655101693,51.4081633,0.581330687,72.0289005,-6.3203386,-8.42640011,-23.4162056,-1.83011931,-54.7113555,-3.43919747,72.8360923,3.37801477,-3.1393908,23.9642429,-41.6002234,-1.89530172,-13.4861197,93.1073151,-6.46465239,-8.20389133,-6.68693833,0.364820387,-7.19534047,19.6815384,-9.64829705,-6.70034172
988,-3.01432554,-9.40889418,105.940819,5.4979085,-3.74921385,-3.07870421,-0.902939269,1.72257702,7.27537492,0,0,-0.614121411,51.3915864,0.575311583,72.0162852,-6.47666455,-8.38029377,-23.4051066,-1.88143815,-54.731566,-3.3356661,72.8538713,3.38492329,-3.12975703,24.0537167,-41.5795962,-1.89537856,-13.4746271,92.9995347,-6.56351639,-8.12403617,-6.69216001,0.361054071,-7.20536634,19.6589288,-9.64101948,-6.67865673
989,-3.0148657,-9.38978046,105.940104,5.48022912,-3.76008374,-3.0835306,-0.85343123,1.73439474,7.29333491,0,0,-0.64630585,51.4051478,0.48095284,72.0221182,-6.54747526,-8.37358567,-23.3406654,-1.83432542,-54.7400901,-3.3210591,72.8346443,3.46803026,-3.08812724,24.0664106,-41.5956198,-1.87088316,-13.4733985,92.9539227,-6.49924687,-8.18042109,-6.67797969,0.371087059,-7.18027222,19.6571068,-9.64799823,-6.69638192
990,-3.01670339,-9.36810076,105.948007,5.45179923,-3.76792722,-3.07666547,-0.876804511,1.77038909,7.30230465,0,0,-0.667037128,51.4086448,0.471968686,72.0613303,-6.46009921,-8.37589001,-23.3397878,-1.87376123,-54.7563562,-3.27200895,72.8549983,3.49215171,-3.07464082,24.116954,-41.6036146,-1.83251564,-13.4664334,92.8754848,-6.4251359,-8.1663492,-6.67595283,0.38623319,-7.18069313,19.6655165,-9.6140667,-6.70587802
991,-3.02154664,-9.34426114,105.945015,5.44279531,-3.77209181,-3.06241331,-0.880501724,1.76726043,7.31439494,0,0,-0.655770144,51.3729571,0.594205807,72.0546094,-6.28138048,-8.40926914,-23.3393643,-1.8830029,-54.7159727,-3.37603039,72.8662134,3.37820196,-3.07189487,24.1807463,-41.5985705,-1.82953532,-13.4577266,92.7812146,-6.39582713,-8.11808622,-6.67174287,0.380813595,-7.19039627,19.6609078,-9.62374679,-6.7018926
992,-3.03283092,-9.32229981,105.941427,5.42980442,-3.77290771,-3.02738804,-0.906565886,1.777118,7.32962199,0,0,-0.659141056,51.3764575,0.593632018,72.079041,-6.31217524,-8.38139087,-23.3267967,-1.90394661,-54.7127044,-3.33605905,72.881151,3.55419245,-3.07562927,24.299081,-41.5697539,-1.81109744,-13.4521694,92.6256365,-6.48686715,-8.07961518,-6.68444446,0.379422825,-7.20913916,19.669811,-9.63140514,-6.72282585
993,-3.03697996,-9.30231661,105.940557,5.40603498,-3.77950147,-2.99216978,-0.938635118,1.79874889,7.34044187,0,0,-0.597708947,51.3800912,0.617590934,72.0349589,-6.28970862,-8.37057527,-23.2975686,-1.91514662,-54.6754867,-3.35557525,72.8967854,3.38311607,-3.13169467,24.1578702,-41.5794049,-1.79389625,-13.4752734,92.5176785,-6.41492221,-8.08336069,-6.68742285,0.386933872,-7.23110847,19.6826091,-9.62685708,-6.7210103
994,-3.04123722,-9.27874744,105.939293,5.39160336,-3.78994733,-2.97432933,-0.92998447,1.80540277,7.36073692,0,0,-0.608387681,51.3920884,0.63134336,72.0478543,-6.20660869,-8.43660868,-23.3294366,-1.90382708,-54.6147356,-3.49283537,72.910152,3.23647938,-3.19003089,24.0726483,-41.5845139,-1.80098663,-13.4869914,92.4318162,-6.32834828,-8.05564378,-6.67807275,0.385353297,-7.2429025,19.683941,-9.61686281,-6.75151436
995,-3.04655489,-9.25115049,105.94399,5.37515897,-3.79267758,-2.94228552,-0.94873366,1.81485661,7.37074486,0,0,-0.594733706,51.3728341,0.711079949,72.056235,-6.26518013,-8.47045568,-23.4271186,-1.90712798,-54.5893171,-3.56353829,72.9145575,3.09978445,-3.19884845,23.9207585,-41.5371739,-1.79584755,-13.4932897,92.222751,-6.3721426,-7.97792904,-6.6905404,0.381265508,-7.26880257,19.7061408,-9.60673876,-6.71441746
996,-3.05032488,-9.2298761,105.942535,5.3593436,-3.79949591,-2.92144516,-0.963093385,1.81094782,7.38298797,0,0,-0.597937332,51.3667792,0.811994126,72.0834123,-6.24536447,-8.49005918,-23.4995083,-1.91171958,-54.6051768,-3.46270463,72.8864991,3.04009863,-3.17576369,23.8043499,-41.5323449,-1.78577334,-13.5179365,92.078272,-6.37553507,-8.01864806,-6.68736949,0.386044079,-7.28169029,19.7083742,-9.61531662,-6.72901742
997,-3.05582378,-9.21206549,105.946362,5.34843901,-3.7988859,-2.89600018,-0.976537866,1.79922508,7.38525047,0,0,-0.579917798,51.3733908,0.938170452,72.0861785,-6.0822873,-8.48726734,-23.5787914,-1.94001598,-54.5765002,-3.42112436,72.9090797,3.12499959,-3.19197536,23.8257899,-41.4707605,-1.79698606,-13.532933,91.8723281,-6.40420905,-8.01200912,-6.70068153,0.382252311,-7.2861265,19.723469,-9.60700514,-6.74460946
998,-3.06437649,-9.18983594,105.9389,5.33699607,-3.80247191,-2.88097055,-0.950758811,1.7970454,7.39344243,0,0,-0.601375265,51.3507965,0.995635822,72.0863766,-6.05240735,-8.46473284,-23.5512419,-1.90371374,-54.537353,-3.51086536,72.9141887,3.16795251,-3.18075997,23.8454249,-41.4268049,-1.80939096,-13.5581816,91.6334218,-6.33875791,-8.03642534,-6.71420786,0.378615849,-7.27608356,19.7457917,-9.61674243,-6.75374399
999,-3.0606186,-9.16823074,105.94151,5.30993497,-3.81838346,-2.8510956,-0.943540688,1.79304397,7.42230937,0,0,-0.622725529,51.3701362,0.973073786,72.0576488,-6.14989038,-8.41431921,-23.5484705,-1.87569246,-54.5216948,-3.46343482,72.901908,3.34802448,-3.1013206,23.9076377,-41.4101119,-1.79141284,-13.6000439,91.4436449,-6.24261916,-8.17959976,-6.69465559,0.393320712,-7.30204937,19.7479262,-9.60519941,-6.7690483
1000,-3.06537729,-9.14319158,105.942523,5.3082341,-3.81509123,-2.82491622,-0.936962362,1.78534517,7.42330828,0,0,-0.630969674,51.3489421,0.948151172,72.0248844,-6.18669656,-8.36006275,-23.4776517,-1.84313871,-54.5284532,-3.43508015,72.8918881,3.52249077,-3.04699243,24.0144004,-41.3606067,-1.81364126,-13.6128334,91.1920686,-6.22322782,-8.02292376,-6.69176642,0.379353109,-7.28779477,19.7270548,-9.60256039,-6.76868844
1001,-3.06370333,-9.12334993,105.94101,5.28737485,-3.81730476,-2.79635048,-0.937295014,1.80098577,7.41569006,0,0,-0.626418847,51.325238,0.912028223,72.0233681,-6.28576931,-8.37605222,-23.4543915,-1.81678016,-54.4931821,-3.58626126,72.9183141,3.37660433,-3.06699314,24.0595377,-41.3167671,-1.78817255,-13.6376645,90.9256502,-6.14018468,-8.04384378,-6.68825869,0.387141899,-7.29137208,19.7246147,-9.59691353,-6.7444323
1002,-3.0668648,-9.10202786,105.937433,5.27717826,-3.81499635,-2.74457433,-0.977512235,1.79150078,7.41406277,0,0,-0.593566597,51.3315286,0.864053935,72.0087856,-6.29510874,-8.45714023,-23.3637242,-1.82355912,-54.4435745,-3.63228137,72.9254585,3.40890046,-3.10754483,24.1811458,-41.2523482,-1.78483579,-13.6641657,90.6351145,-6.11816457,-7.98728981,-6.70054321,0.376244759,-7.31418235,19.7398956,-9.61830398,-6.75194338
1003,-3.07406411,-9.09165293,105.928063,5.24901365,-3.81368952,-2.67392189,-0.990254166,1.79904451,7.41859887,0,0,-0.655001268,51.3588152,0.750873698,72.0148577,-6.42324693,-8.47154681,-23.3833695,-1.75836134,-54.4256282,-3.65383574,72.9126792,3.33181067,-3.17281006,24.1918539,-41.1786675,-1.73918889,-13.7162186,90.2920477,-6.13990592,-8.10362415,-6.70705665,0.389528356,-7.36630182,19.7395506,-9.62689294,-6.77405185
1004,-3.07284817,-9.06866267,105.926883,5.22849358,-3.81951041,-2.63604819,-0.999904049,1.81787427,7.42589863,0,0,-0.671373551,51.3442669,0.644570502,72.0178766,-6.56680085,-8.51397167,-23.3570903,-1.69423323,-54.4138392,-3.72987538,72.8772237,3.19984117,-3.20526136,24.2752539,-41.1157683,-1.72915118,-13.7610237,89.9839379,-5.9920938,-8.10708279,-6.70081557,0.390824145,-7.38059826,19.7463552,-9.61910738,-6.75714883
1005,-3.07293627,-9.04660597,105.925441,5.20555456,-3.81415855,-2.59766,-1.01178527,1.85568705,7.41566274,0,0,-0.678195736,51.3062466,0.562391907,72.0076313,-6.65479205,-8.55115181,-23.3381007,-1.6669447,-54.4127089,-3.89757701,72.8859185,2.77849235,-3.23352532,24.1669049,-41.0262211,-1.65871998,-13.7784527,89.6051766,-5.96154876,-8.05844501,-6.69922328,0.399756725,-7.39921138,19.7339892,-9.6212845,-6.77766886
1006,-3.07564363,-9.02056247,105.925822,5.18130032,-3.80867797,-2.54920217,-1.00163913,1.88153676,7.39399226,0,0,-0.71688022,51.2601497,0.511744933,72.0078294,-6.61580447,-8.54622127,-23.2792774,-1.57259823,-54.4510023,-3.77999317,72.8363313,2.84735902,-3.18732165,23.9876244,-40.9149607,-1.62163493,-13.8196874,89.2041352,-5.95846664,-8.00941279,-6.70474378,0.406072916,-7.41311679,19.7294539,-9.61342637,-6.77555748
1007,-3.07873581,-9.00337249,105.921829,5.15457816,-3.80853401,-2.51415948,-0.994782902,1.91232063,7.38748821,0,0,-0.727235427,51.2254113,0.469207689,71.9638293,-6.6506649,-8.51920445,-23.2438185,-1.53756352,-54.4518595,-3.68755211,72.8348287,2.99760482,-3.12909365,23.8514714,-40.8232893,-1.55483483,-13.8650962,88.8045623,-5.93736989,-8.01179567,-6.70543875,0.420415085,-7.41763667,19.7276866,-9.61599452,-6.77888335
1008,-3.08329631,-8.98154974,105.91172,5.14569896,-3.79933586,-2.46194088,-1.00838074,1.89827563,7.37870715,0,0,-0.73078958,51.2332763,0.505069651,71.9213729,-6.55638567,-8.44206942,-23.2207546,-1.52237435,-54.4062851,-3.58681493,72.8421643,3.32327827,-3.09290325,23.9185387,-40.7057111,-1.54029592,-13.8867889,88.385298,-5.91178272,-7.94920809,-6.71341812,0.407843002,-7.45036864,19.7173508,-9.6266573,-6.77117634
1009,-3.08148321,-8.95147473,105.90905,5.11792183,-3.79533148,-2.4122992,-1.0559211,1.91602857,7.37337448,0,0,-0.689361014,51.2565843,0.488571435,71.9123434,-6.68312196,-8.43130248,-23.3194031,-1.56422997,-54.3773148,-3.59383893,72.8951324,3.39631647,-3.13539279,24.0812099,-40.5767127,-1.5032828,-13.9407064,87.9256945,-5.89781072,-7.93771971,-6.71568788,0.41113003,-7.4856312,19.7151583,-9.63059747,-6.76315044
1010,-3.08169685,-8.93474147,105.91135,5.09216533,-3.79144662,-2.34241018,-1.09606009,1.92485531,7.35895595,0,0,-0.694965665,51.2256538,0.471308773,71.9181422,-6.7210833,-8.50450332,-23.2011195,-1.58212111,-54.3328366,-3.54026228,72.9417075,3.56397926,-3.13697953,24.1796859,-40.4498863,-1.47563804,-13.9989722,87.4677782,-5.86825222,-7.97339294,-6.72043443,0.416492769,-7.52353192,19.7214506,-9.65036489,-6.76735484
1011,-3.07466462,-8.90871063,105.905509,5.07513412,-3.78549441,-2.31027044,-1.08365679,1.9338353,7.3428239,0,0,-0.699262014,51.212615,0.465725573,71.8833014,-6.73923794,-8.48532842,-23.3124397,-1.52719337,-54.3092656,-3.55427228,72.9212169,3.59704656,-3.14191733,24.2560884,-40.3011829,-1.44232048,-14.0243463,86.9729378,-5.79627099,-7.99263358,-6.71392313,0.413127434,-7.55305029,19.7033643,-9.64701126,-6.72459359
1012,-3.07378452,-8.88020322,105.897725,5.06678118,-3.7727112,-2.24787944,-1.11983107,1.90902379,7.33155921,0,0,-0.654205124,51.2032713,0.539569203,71.811359,-6.79782987,-8.4052214,-23.327519,-1.50931471,-54.2447238,-3.62724111,72.9250145,3.48615502,-3.20542037,24.2582143,-40.1377501,-1.43090179,-14.0664681,86.4387555,-5.74315731,-7.94789072,-6.71537582,0.395667949,-7.60262722,19.6776503,-9.66535715,-6.725251
1013,-3.07914838,-8.85478333,105.894196,5.0269253,-3.76556962,-2.18898426,-1.16852328,1.93338216,7.33158994,0,0,-0.584410355,51.1744991,0.593123542,71.7450037,-6.94483091,-8.35425794,-23.3417702,-1.55138366,-54.1882176,-3.7700164,72.9830233,3.28661681,-3.22454191,24.2789883,-39.9439708,-1.35281011,-14.1095034,85.8625335,-5.83374482,-8.14726138,-6.72802405,0.414857819,-7.64804627,19.6769946,-9.65844329,-6.72670882
1014,-3.08102723,-8.82675126,105.891347,5.01322526,-3.75681947,-2.17064603,-1.14478506,1.91604181,7.31770417,0,0,-0.591460872,51.1584242,0.510986302,71.7118022,-7.09256064,-8.25968544,-23.2647991,-1.52402694,-54.1465808,-3.96820245,72.9849494,2.84983709,-3.18088548,24.1574502,-39.7448605,-1.28334783,-14.0963365,85.2757451,-5.85160833,-8.08611155,-6.74049214,0.40935869,-7.65731825,19.6780704,-9.65920486,-6.69946063
1015,-3.0737428,-8.7912187,105.900967,4.97843979,-3.74578922,-2.14483952,-1.14013541,1.95341788,7.30605955,0,0,-0.561760808,51.1086902,0.541014802,71.7085578,-7.11077846,-8.26116247,-23.3551352,-1.48021757,-54.1579496,-4.0412859,72.9356969,2.55851032,-3.14961367,24.0165827,-39.5367208,-1.18438949,-14.1089689,84.6405102,-5.81017726,-8.14075818,-6.74564295,0.426931033,-7.67926621,19.6722989,-9.6366695,-6.67309951
1016,-3.06455679,-8.74919742,105.899441,4.93913175,-3.73262832,-2.11762325,-1.12989354,2.01392674,7.28313658,0,0,-0.520427705,51.0377621,0.501025592,71.6761759,-7.1703582,-8.35767219,-23.3352423,-1.43753924,-54.1627888,-3.90205719,72.9053777,2.75351243,-3.10115284,23.8556736,-39.3003791,-1.07985376,-14.0893518,83.9977279,-5.84447078,-8.11662115,-6.73145494,0.447552628,-7.6900229,19.6259065,-9.63367873,-6.66999861
1017,-3.05903535,-8.71202797,105.895007,4.92246533,-3.71690992,-2.08784672,-1.13155349,2.04128677,7.25798953,0,0,-0.478267775,50.9943289,0.491645127,71.6431724,-7.28020387,-8.40552791,-23.3507348,-1.43281286,-54.1615526,-3.66066849,72.9029872,3.15150905,-3.10952153,23.8777676,-39.0981851,-1.00284914,-14.0852588,83.3582104,-5.7778329,-8.03695895,-6.72922361,0.437680256,-7.7049998,19.5967348,-9.63037378,-6.63175979
1018,-3.0553,-8.66638273,105.901897,4.89613792,-3.70615124,-2.08141329,-1.13869093,2.07233894,7.25379153,0,0,-0.425753892,50.8807463,0.755038886,71.6140348,-7.19383698,-8.40406966,-23.5239775,-1.47960029,-54.1233376,-3.56582085,72.9456485,3.33367916,-3.18146796,24.025578,-38.8287614,-0.931190319,-14.0956697,82.6333976,-5.7250445,-8.08667845,-6.7413933,0.438655559,-7.71176083,19.5926828,-9.60591572,-6.6011725
1019,-3.05584744,-8.63594785,105.903125,4.87575564,-3.68830431,-2.06129574,-1.10915293,2.06985937,7.24776303,0,0,-0.447830744,50.7904854,0.829403264,71.5907029,-7.15418773,-8.36161747,-23.4124507,-1.4218709,-54.07721,-3.62525011,72.9017441,3.38661312,-3.15512926,24.107653,-38.5825843,-0.839052134,-14.0973038,81.9031889,-5.69420064,-8.10742088,-6.75222982,0.446455715,-7.70305917,19.5691989,-9.60142573,-6.58542294
1020,-3.04992646,-8.60870183,105.908322,4.85698178,-3.67574754,-2.02132261,-1.09187532,2.06388787,7.23182649,0,0,-0.486491269,50.7683829,0.85658587,71.5910444,-7.11876167,-8.33914103,-23.5508116,-1.35740234,-54.0218957,-3.78512691,72.8858639,3.25473135,-3.2035886,24.1518699,-38.366805,-0.776037236,-14.1614624,81.1950417,-5.49404665,-8.2796663,-6.73646788,0.449779003,-7.72371196,19.510519,-9.60212838,-6.62373219
1021,-3.0419087,-8.5708566,105.903256,4.83744517,-3.65728222,-2.0116206,-1.06601164,2.08590391,7.1863861,0,0,-0.452002816,50.656238,0.947183207,71.6179895,-7.14299561,-8.40568756,-23.5869501,-1.34663903,-53.9550896,-3.93342782,72.8911163,3.03250965,-3.16689191,24.1153574,-38.0463188,-0.677245059,-14.1428168,80.4035321,-5.51516815,-8.16771267,-6.74467648,0.444837307,-7.71338129,19.4932779,-9.60222144,-6.61573361
1022,-3.03086974,-8.53137672,105.896151,4.80312438,-3.6426411,-2.00844427,-1.03141097,2.12195173,7.14213672,0,0,-0.411141716,50.5888992,0.877124622,71.6042267,-7.3910937,-8.46714902,-23.4235686,-1.2937564,-53.9016707,-4.06625622,72.8584817,2.84886144,-3.17255179,24.0039861,-37.7112503,-0.555977985,-14.1503351,79.5701056,-5.52732674,-8.28612766,-6.75384217,0.46081392,-7.70930538,19.4896528,-9.59460664,-6.58672366
1023,-3.02403234,-8.49403441,105.902624,4.776785,-3.63237913,-1.96329991,-1.03744544,2.14258232,7.12511845,0,0,-0.421479608,50.5194532,0.920290191,71.6051351,-7.2982885,-8.50374688,-23.326071,-1.26745238,-53.8915279,-4.00296043,72.8223704,2.84342056,-3.12277337,23.911297,-37.4397297,-0.48237512,-14.2029967,78.7881992,-5.34861228,-8.25361767,-6.75200869,0.465451725,-7.74454147,19.4684912,-9.59528624,-6.57968174
1024,-3.02195456,-8.4570922,105.895185,4.74796267,-3.61069273,-1.91476238,-1.06829623,2.1750938,7.09210088,0,0,-0.401352508,50.4162183,1.04895452,71.5967613,-7.2484247,-8.49030165,-23.2340513,-1.26902876,-53.8881298,-3.79628104,72.81539,3.06009251,-3.22403541,23.9921921,-37.1203774,-0.400419547,-14.2535128,77.9464262,-5.30667151,-8.32100261,-6.76995672,0.470618497,-7.76132837,19.4520168,-9.6027209,-6.54797941
1025,-3.0141253,-8.40695649,105.893266,4.70307726,-3.5936062,-1.90677949,-1.06750168,2.23744255,7.07227114,0,0,-0.373134728,50.3415302,0.990046272,71.5620776,-7.46836704,-8.39094972,-23.2573679,-1.25600936,-53.8539242,-3.78473546,72.7711304,3.30324127,-3.21044526,24.1381942,-36.7542895,-0.273981166,-14.2580856,77.0656323,-5.34405953,-8.33021482,-6.78300622,0.490535168,-7.75830089,19.450719,-9.58967695,-6.52527843
1026,-3.00715603,-8.3607845,105.890405,4.66899907,-3.58015708,-1.88616871,-1.09593341,2.26711139,7.05422194,0,0,-0.316747221,50.2754823,1.10602523,71.5200173,-7.47840486,-8.3615338,-23.5094343,-1.29138974,-53.7923159,-3.81152773,72.7416649,3.51420212,-3.12386258,24.2296026,-36.4044985,-0.203307357,-14.3243923,76.1864435,-5.28276286,-8.38700699,-6.79353411,0.498182579,-7.77142083,19.4469897,-9.58648725,-6.49808872
1027,-2.99709216,-8.31098631,105.889082,4.62840072,-3.56027997,-1.86829822,-1.10509142,2.30533014,7.02749242,0,0,-0.282353777,50.1974166,1.12884063,71.5110493,-7.52332787,-8.40020121,-23.6599939,-1.29505168,-53.7968614,-3.75528326,72.7142759,3.09251948,-3.17666527,24.0771955,-36.011486,-0.109487345,-14.3459654,75.2579817,-5.30212815,-8.39254201,-6.80556079,0.512560287,-7.79017226,19.4325729,-9.57567421,-6.46792277
1028,-2.99092792,-8.26305449,105.895555,4.59997531,-3.53934566,-1.83711842,-1.10319487,2.34007233,6.98797038,0,0,-0.288267334,50.082287,1.12584335,71.5172237,-7.43893661,-8.54156478,-23.4358953,-1.23813038,-53.7467654,-3.70236679,72.6197051,2.99595448,-3.16179467,23.9060685,-35.6473754,-0.0459821275,-14.3902541,74.3466706,-5.19976752,-8.43069971,-6.81815651,0.50866249,-7.80576387,19.4197988,-9.56200102,-6.41382127
1029,-2.98158694,-8.21549222,105.880177,4.55005754,-3.51644328,-1.82551773,-1.07353498,2.41389195,6.94933883,0,0,-0.239175242,49.9121538,1.27840779,71.4399402,-7.32134295,-8.58133441,-23.298209,-1.16467617,-53.6743073,-3.64237084,72.5393411,3.29439148,-3.13641518,23.7888129,-35.1982119,0.087327417,-14.4069385,73.3405496,-5.32213121,-8.47083647,-6.82537901,0.54086838,-7.80592438,19.3901318,-9.57662104,-6.40705511
1030,-2.97239684,-8.16418529,105.875516,4.50619291,-3.5050674,-1.82215782,-1.07771282,2.46280336,6.92369787,0,0,-0.151996468,49.8105923,1.21952675,71.3203709,-7.64897773,-8.43552439,-23.2309982,-1.16245167,-53.6678323,-3.6179337,72.4777806,3.30299453,-3.15538091,23.9293304,-34.8075695,0.186806154,-14.4441289,72.4236035,-5.21788289,-8.52520477,-6.82465544,0.559862442,-7.79947754,19.37453,-9.56557065,-6.39825484
1031,-2.96649467,-8.1142731,105.873561,4.4683357,-3.48741163,-1.81496081,-1.09477303,2.50693193,6.90036638,0,0,-0.10754479,49.7505925,1.24678444,71.2993544,-7.69186876,-8.44569796,-23.5162645,-1.18815868,-53.6585262,-3.41733062,72.3905522,3.4167968,-3.17832885,24.0713744,-34.4034204,0.307665791,-14.4352804,71.447105,-5.09524727,-8.5282886,-6.84615346,0.570703019,-7.80469751,19.3767737,-9.54658102,-6.37345869
1032,-2.95925513,-8.06693137,105.868435,4.43401546,-3.46249257,-1.81048368,-1.09107523,2.52975309,6.87235662,0,0,-0.0724825611,49.6382154,1.38072562,71.2947645,-7.50979641,-8.56133818,-23.4179183,-1.19317514,-53.5991855,-3.32454293,72.3177561,3.13031988,-3.20606219,23.7604642,-34.001877,0.399163059,-14.45754,70.4973809,-4.94703729,-8.58563146,-6.87298244,0.579561081,-7.80378568,19.3795587,-9.56006808,-6.33003918
1033,-2.95027643,-8.02432448,105.861163,4.38742889,-3.43252201,-1.79484301,-1.07545501,2.57711874,6.82732988,0,0,-0.044727944,49.5115939,1.34716762,71.2577039,-7.75051447,-8.55416904,-23.3609289,-1.13459132,-53.562381,-3.2116907,72.2173591,3.48004734,-3.20127509,23.9020284,-33.5768377,0.576904564,-14.3960444,69.4760285,-4.9255175,-8.68128228,-6.8816269,0.609196845,-7.80680377,19.342049,-9.55505728,-6.33605487
1034,-2.94075627,-7.96977803,105.852866,4.34202572,-3.3991259,-1.78502292,-1.03051728,2.62660901,6.77743919,0,0,-0.0487625147,49.3515079,1.3468736,71.2067985,-7.85030268,-8.599285,-23.1755371,-1.05225329,-53.4969478,-3.29021952,72.1356427,3.31622397,-3.15836805,23.8461558,-33.1146422,0.738935008,-14.3486206,68.4346023,-4.89788682,-8.63039908,-6.91275805,0.628202647,-7.79770254,19.3406608,-9.56264647,-6.34281035
1035,-2.93126628,-7.92787522,105.841994,4.29432338,-3.37184943,-1.77439712,-1.00256633,2.67285046,6.74429271,0,0,-0.0318271908,49.3193617,1.18633748,71.1243649,-7.97228559,-8.59103841,-23.3582907,-0.984845297,-53.423315,-3.2367624,72.0574576,3.48439454,-3.27115347,23.8827366,-32.7221317,0.910873601,-14.2862491,67.451417,-4.73826871,-8.71256284,-6.93031163,0.660744976,-7.82524272,19.3200251,-9.56460418,-6.32549924
1036,-2.92080343,-7.87000805,105.835199,4.24335201,-3.33028625,-1.76380699,-0.99532953,2.73730631,6.68966571,0,0,-0.0825166159,49.1342089,0.9968612,71.1689046,-8.34148891,-8.61334666,-23.1438826,-0.958595172,-53.3457752,-3.26685707,71.9735965,3.34059558,-3.28676152,23.7120638,-32.296126,1.05970726,-14.2546253,66.4160901,-4.62576781,-8.79450376,-6.95852373,0.685190704,-7.83347139,19.2871701,-9.56098247,-6.31906648
1037,-2.90575773,-7.82036483,105.828464,4.19224741,-3.28448244,-1.75885351,-0.996804531,2.78867318,6.61352917,0,0,-0.0478700578,48.9530552,1.21989793,71.1431206,-8.07277816,-8.69132863,-23.2211115,-0.886125157,-53.2282345,-3.5057598,71.8776665,3.21004996,-3.2367481,23.8596761,-31.8426117,1.28236289,-14.102044,65.3464142,-4.66937174,-8.72568619,-6.97494052,0.717104282,-7.83760451,19.2237774,-9.54714878,-6.30084652
1038,-2.89151575,-7.76533931,105.824697,4.10756675,-3.25962217,-1.75585595,-1.0312607,2.8726448,6.55893888,0,0,0.100236968,48.8597207,1.43440632,71.0401009,-7.94055509,-8.63695008,-23.5511958,-0.893128289,-53.1947188,-3.23976854,71.8255658,3.56192935,-3.39226916,23.8998991,-31.3927584,1.49434955,-14.0271049,64.3044347,-4.60151296,-8.66020346,-6.94886755,0.791119681,-7.83534798,19.1432529,-9.50912255,-6.2641778
1039,-2.8820727,-7.7096276,105.814242,4.02736064,-3.22112929,-1.73379286,-1.07360382,2.95041206,6.50138941,0,0,0.266080344,48.6985453,1.37531259,70.8496889,-8.30414058,-8.50586168,-23.3486055,-0.857398502,-53.076355,-3.27056031,71.6560883,3.30686149,-3.28763664,23.5596891,-30.9375433,1.70796415,-13.9521427,63.231371,-4.65691518,-8.74675733,-6.95623604,0.858767048,-7.83958612,19.0841223,-9.50239055,-6.25844471
1040,-2.8677715,-7.64161497,105.808485,3.93365894,-3.16670932,-1.73372413,-1.06374978,3.05991621,6.43323522,0,0,0.314537041,48.5595919,1.29741268,70.8020346,-8.14075904,-8.54535981,-23.1937908,-0.815402657,-52.9021715,-3.48000571,71.5859969,3.53681026,-3.29638035,23.8564403,-30.4830933,1.9414008,-13.8256706,62.1366897,-4.68114016,-8.69983905,-6.9750054,0.935494512,-7.8177389,19.0068148,-9.46828314,-6.23845146
1041,-2.85487827,-7.59101808,105.806267,3.88451545,-3.12608156,-1.72418899,-1.03776059,3.09876654,6.38184488,0,0,0.313876594,48.4352005,1.26674951,70.7785661,-8.15617136,-8.62381563,-23.295453,-0.783152478,-52.9310359,-3.36699319,71.5105233,3.00080135,-3.3480185,23.7547815,-30.0519444,2.11735736,-13.7043699,61.1033163,-4.61049167,-8.69644786,-6.99823103,0.963001711,-7.83734325,18.9668172,-9.45058868,-6.22056234
1042,-2.84495223,-7.52698258,105.794477,3.79741383,-3.09223858,-1.7157793,-1.03676413,3.19143599,6.34122105,0,0,0.394713671,48.3014927,1.2158567,70.681311,-8.31209092,-8.70002432,-23.4612456,-0.780230812,-52.8385688,-3.15729166,71.4372764,3.60829161,-3.25354716,23.7716896,-29.541941,2.37137082,-13.5007227,59.9557557,-4.70018614,-8.66503326,-7.02464295,1.026823,-7.86274814,18.9506604,-9.44158735,-6.19701612
1043,-2.83886921,-7.47109801,105.783856,3.73489815,-3.04579538,-1.70003815,-1.06107309,3.21601015,6.28801516,0,0,0.40264288,48.2241237,1.0658587,70.6453911,-8.66754165,-8.62166668,-23.4370053,-0.754909273,-52.7058343,-3.10444115,71.3194761,3.4407142,-3.80214732,23.9979738,-29.1008372,2.58997678,-13.3166926,58.8746119,-4.65177077,-8.75388548,-7.04216964,1.0739878,-7.87023744,18.8875768,-9.44694136,-6.16117854
1044,-2.82425527,-7.40023777,105.780029,3.63551913,-2.9974899,-1.71998098,-1.05905306,3.30233328,6.21714768,0,0,0.432592005,47.9711711,1.17211468,70.6788249,-8.76412052,-8.75256128,-23.2218355,-0.80103306,-52.6884071,-2.8141135,71.2787477,3.36540197,-3.79507679,23.8615322,-28.570572,2.87951491,-13.0596461,57.6809271,-4.71508449,-8.69460029,-7.06210824,1.16123493,-7.84991592,18.826672,-9.426181,-6.15078086
1045,-2.80583706,-7.32391104,105.774033,3.54801649,-2.95681756,-1.76569076,-1.04620078,3.43917122,6.16111152,0,0,0.607676381,47.7649165,1.4960078,70.538724,-8.49006686,-8.6742045,-23.5207246,-0.770355852,-52.5101665,-3.07190639,71.1963278,3.07445512,-3.85112319,23.8066346,-28.0508151,3.17367941,-12.7375336,56.5210585,-4.74166374,-8.61276951,-7.06902338,1.23202013,-7.82423014,18.7613993,-9.38673325,-6.097928
1046,-2.79140752,-7.26224855,105.763698,3.48340851,-2.91354213,-1.75304027,-1.03783572,3.51505184,6.0970213,0,0,0.662186413,47.4475586,1.42527756,70.4497813,-8.86206714,-8.62463354,-23.2413323,-0.696298459,-52.4478547,-2.89305149,71.0702493,3.04750746,-3.8205551,23.6352737,-27.581144,3.40405743,-12.4461679,55.404285,-4.62510657,-8.66516389,-7.09338411,1.27034101,-7.84616444,18.7206845,-9.37747749,-6.08204269
1047,-2.76671462,-7.1918048,105.737507,3.37632668,-2.90775536,-1.76645184,-1.01227427,3.58875513,6.06968517,0,0,0.64789611,47.2705235,1.48843109,70.4430672,-8.77299038,-8.69648543,-23.2470389,-0.627412052,-52.2955346,-2.834114,70.9401069,3.29138684,-3.77562057,23.7650029,-26.9860706,3.71920748,-12.1069748,54.1964377,-4.74391557,-8.70251307,-7.03194655,1.36588501,-7.88508627,18.6160221,-9.38821881,-6.12636208
1048,-2.75142211,-7.11732283,105.724955,3.29123566,-2.86900008,-1.76220747,-1.04829252,3.67009884,6.01242684,0,0,0.699491199,47.0328978,1.57617223,70.4150976,-8.78602408,-8.5894205,-23.332558,-0.62062738,-52.0750766,-2.96309657,70.8815722,3.03285799,-3.96801761,23.5042365,-26.4337337,3.9898597,-11.7661167,52.9859097,-4.77945774,-8.83865069,-7.06883,1.42294654,-7.91533121,18.6184229,-9.40580143,-6.04614322
1049,-2.73728799,-7.05364197,105.729854,3.25430632,-2.82242105,-1.81085543,-0.987867335,3.65423573,5.95737509,0,0,0.65838664,46.8594451,1.45581896,70.4196875,-8.98518813,-8.61998389,-23.0806333,-0.584175514,-51.9423387,-2.99127729,70.8006208,3.01700042,-3.89766282,23.7937375,-25.9154077,4.18618111,-11.433028,51.8148088,-4.52643381,-8.72611649,-7.10894541,1.43600053,-7.86462132,18.5969676,-9.39323473,-6.03997043
1050,-2.72084959,-6.97067603,105.71264,3.15567151,-2.78713638,-1.8272918,-0.979784126,3.78288277,5.90296153,0,0,0.709084253,46.713542,1.37086454,70.3547597,-8.89307449,-8.63439132,-23.3376158,-0.611648616,-51.8555577,-2.76357799,70.7575633,3.12233155,-3.88742052,23.8868893,-25.2952897,4.44976366,-11.087248,50.538868,-4.68842968,-8.69160184,-7.13024792,1.50556195,-7.8412467,18.5735161,-9.39296067,-5.98554236
1051,-2.70192567,-6.88033029,105.69098,3.0434819,-2.76804754,-1.85522195,-0.953600596,3.92193603,5.85325227,0,0,0.716488071,46.4007569,1.11912692,70.3329714,-9.38896245,-8.68516012,-23.0344663,-0.503393053,-51.7657647,-2.91185777,70.6332675,2.99994139,-3.8194691,23.9047571,-24.7283635,4.69905404,-10.7891743,49.3689318,-4.70883359,-8.6814112,-7.14665873,1.58655369,-7.82066308,18.5816133,-9.38371345,-5.92201648
1052,-2.6908787,-6.79606497,105.678713,2.96693683,-2.72657284,-1.848348,-1.00690104,4.01691365,5.80126642,0,0,0.835963074,46.1441126,1.30594359,70.2042223,-9.06949743,-8.57698273,-23.2084022,-0.550316185,-51.7212421,-2.56157088,70.5939324,3.0142771,-3.91491801,23.7984845,-24.1787228,4.87819368,-10.5016301,48.1715757,-4.63296128,-8.70321146,-7.18498079,1.62669354,-7.83799212,18.5677753,-9.3733862,-5.86506594
1053,-2.6797289,-6.71665519,105.666375,2.9007756,-2.70619187,-1.88087034,-0.971723756,4.01354295,5.78306994,0,0,0.760284738,45.9275478,1.2056985,70.2283534,-9.14796605,-8.71773671,-22.9557979,-0.598738491,-51.4951184,-2.35898598,70.60135,3.37879362,-3.95375916,23.8445678,-23.635079,5.03880002,-10.2059675,47.085842,-4.63413693,-8.75591063,-7.22074024,1.65706366,-7.7870816,18.6016241,-9.40265612,-5.79916827
1054,-2.66669542,-6.63396567,105.651605,2.82474508,-2.67531529,-1.8889462,-0.9933063,4.07745346,5.74429154,0,0,0.832455559,45.660986,1.39655768,70.1651946,-8.98492346,-8.73812141,-22.9879323,-0.57617256,-51.3335913,-2.41678496,70.4787959,3.08488802,-3.81145004,23.7513715,-23.0711188,5.18345959,-9.96290922,45.9382575,-4.59968289,-8.81819001,-7.26114935,1.69494634,-7.78508547,18.6213274,-9.41527234,-5.78001514
1055,-2.65282486,-6.54015392,105.634499,2.73283016,-2.64850573,-1.85936353,-1.0462805,4.21760297,5.68350073,0,0,0.903571275,45.4214,1.07221868,70.0950554,-9.46488512,-8.78777261,-22.9940846,-0.66022823,-51.3604339,-2.00353866,70.5080701,3.21351137,-3.80739803,23.8619438,-22.5507814,5.31005757,-9.73744809,44.8743872,-4.61920827,-8.82897829,-7.29277739,1.73530625,-7.82919996,18.6392567,-9.41867719,-5.71485001
1056,-2.64150966,-6.44597486,105.615163,2.63722726,-2.61442921,-1.80342934,-1.14932116,4.31714828,5.61863997,0,0,1.07862892,45.1208717,1.24684676,69.9159269,-9.49212904,-8.64048641,-23.1224033,-0.713250935,-51.1958093,-1.70327426,70.4703675,3.27417071,-3.80231637,23.4339419,-22.039137,5.43788969,-9.53223847,43.7992096,-4.60316288,-8.82018528,-7.32399648,1.78073437,-7.89486369,18.6374364,-9.42536138,-5.67361574
1057,-2.63779107,-6.35460615,105.598295,2.53482558,-2.58315195,-1.78608847,-1.18524283,4.42300767,5.59583482,0,0,1.0523297,44.839584,1.1593291,69.9326745,-9.55835712,-8.66986391,-22.9821573,-0.738966224,-51.1115828,-1.49966312,70.4470492,3.63263739,-3.75639572,23.702773,-21.5450121,5.58272385,-9.27893408,42.7698591,-4.67473942,-8.84262586,-7.36607813,1.84259507,-7.89138456,18.6499835,-9.43476911,-5.65025563
1058,-2.63252445,-6.26883805,105.585706,2.47692581,-2.55599224,-1.77780575,-1.20086059,4.41035261,5.57267578,0,0,1.04587976,44.6157929,1.17947164,69.8652742,-9.44461312,-8.79771395,-23.0572023,-0.717226799,-50.8953902,-1.42383895,70.3933025,3.26337623,-4.37163184,23.5489128,-21.0363679,5.69392488,-8.92334418,41.7440569,-4.65592566,-8.81408165,-7.39934286,1.8546971,-7.89969434,18.6571381,-9.44644276,-5.58915105
1059,-2.62354035,-6.16867654,105.565012,2.38567012,-2.52335261,-1.71948545,-1.29117597,4.5116298,5.51512248,0,0,1.14758053,44.3886686,0.7916749,69.7099079,-9.90410556,-8.5332883,-22.8232462,-0.716932247,-50.7502112,-1.39036889,70.3599233,3.14645236,-4.30554507,23.5275155,-20.5566393,5.80419956,-8.68085795,40.7493184,-4.72622965,-8.883099,-7.44101726,1.88533349,-7.94461564,18.6816261,-9.46734826,-5.51540764
1060,-2.61217114,-6.07093982,105.546331,2.27652059,-2.51118135,-1.70554111,-1.3215685,4.59815464,5.48871739,0,0,1.1800377,44.1595226,0.638260741,69.6681481,-9.90206504,-8.74979078,-22.9002207,-0.613621954,-50.558054,-1.30241099,70.2450122,3.51360406,-4.30203221,23.6610269,-20.0001207,5.96895312,-8.35423916,39.7131275,-4.82262326,-8.98666345,-7.46390351,1.94545922,-7.94491617,18.710207,-9.48150383,-5.46216076
1061,-2.606011,-5.99235706,105.540192,2.21757053,-2.47431731,-1.62561583,-1.40853484,4.61338895,5.43216513,0,0,1.18873701,43.8577068,0.504431882,69.6538593,-9.78426648,-8.81667541,-22.7898363,-0.579721697,-50.2776782,-1.3608581,70.2674562,3.33305676,-3.83805405,23.2660985,-19.5918068,6.03494512,-8.14155817,38.8207223,-4.71029226,-8.97373732,-7.50519542,1.94823419,-8.01671341,18.7180907,-9.48372876,-5.39297393
1062,-2.60672513,-5.89848273,105.529082,2.12290621,-2.46787784,-1.59371707,-1.43112591,4.63935306,5.43286181,0,0,1.23560694,43.7073094,0.360714963,69.4560502,-9.87693507,-8.63557465,-22.9631882,-0.58140043,-50.0498811,-1.30286403,70.2990595,3.25938612,-3.9295598,23.3999224,-19.1364928,6.17450766,-7.85905386,37.928382,-4.65820737,-9.09499538,-7.52857772,1.99443914,-8.03924535,18.7495984,-9.47726399,-5.36654708
1063,-2.60093249,-5.79309054,105.51219,2.04008118,-2.43824678,-1.54758049,-1.44304181,4.70307104,5.37307076,0,0,1.20587897,43.4288972,-0.0571743329,69.4285314,-10.2395387,-8.90866184,-22.6576568,-0.445566163,-49.8665076,-1.32322546,70.2366384,3.41954381,-4.50599362,23.854755,-18.6551164,6.29293588,-7.55176963,36.9681462,-4.67090768,-9.11863637,-7.56057886,2.01810063,-8.07183901,18.7489564,-9.47795213,-5.29713016
1064,-2.59289481,-5.70188686,105.524802,2.01038771,-2.39762715,-1.51260653,-1.48797624,4.740947,5.34708531,0,0,1.25741029,43.1484736,-0.148529721,69.2779531,-10.1662491,-8.81631256,-22.9241673,-0.402621936,-49.6821881,-1.44055989,70.1746954,2.97294421,-4.4122386,23.6978877,-18.2802927,6.34284151,-7.24125471,36.1607802,-4.54821657,-8.85370187,-7.58915125,1.98313731,-8.07795801,18.7123039,-9.41734701,-5.23022461
1065,-2.5852818,-5.59869744,105.514967,1.90171683,-2.3614949,-1.4326999,-1.64434851,4.86039463,5.31031968,0,0,1.3189536,42.7942531,-0.3399621,69.2110377,-10.1617898,-9.04439819,-22.7194427,-0.508644348,-49.5583295,-1.10638702,70.2364677,3.01734364,-4.50267671,23.5736978,-17.8737462,6.46320439,-6.99875098,35.3103124,-4.48379209,-8.88987113,-7.62066831,2.03233816,-8.11990391,18.7079633,-9.4001281,-5.17141028
1066,-2.58716159,-5.50175793,105.501103,1.79200205,-2.31621391,-1.37763977,-1.61841354,4.9333466,5.25247652,0,0,1.30565896,42.6022838,-0.681429351,69.0427213,-10.3167395,-8.96756197,-22.8421197,-0.385571783,-49.3085017,-1.12192698,70.2097958,3.19894386,-4.40616741,23.6806842,-17.479716,6.59495062,-6.74828581,34.4739626,-4.41968607,-8.93322747,-7.65361885,2.0973114,-8.11755432,18.671514,-9.39589338,-5.11435985
1067,-2.58786082,-5.40700778,105.497622,1.69107919,-2.29267601,-1.32698104,-1.66461539,4.98003649,5.23349627,0,0,1.35427411,42.209869,-0.866482227,68.8437101,-10.4355506,-8.77697323,-22.3966138,-0.389463763,-49.0992383,-0.965450974,70.2278411,3.34409818,-4.40254144,23.8059789,-17.0531928,6.71167215,-6.46866342,33.6488074,-4.32931412,-8.87219973,-7.61734115,2.16139671,-8.12208103,18.5505616,-9.34665882,-5.08972976
1068,-2.58275848,-5.29688746,105.490327,1.61184099,-2.2692071,-1.25007229,-1.77876845,5.07879505,5.18373963,0,0,1.36535108,42.1847202,-0.865494304,68.8516126,-9.77915152,-9.04988624,-23.9488989,-0.382229766,-48.9831934,-0.725575905,70.2337356,3.19103428,-4.41306719,23.7849556,-16.6400091,6.77520914,-6.26608086,32.8528206,-4.16982878,-8.89015459,-7.67147979,2.16431577,-8.20829083,18.6156584,-9.35314067,-5.01374774
1069,-2.57835742,-5.1865913,105.477536,1.5183419,-2.23948657,-1.23515492,-1.77206291,5.08576782,5.1419235,0,0,1.51511781,41.9687121,-0.926016984,68.6073378,-9.54196295,-9.17765518,-24.2563752,-0.420227069,-48.7124754,-0.57955868,70.3523828,3.27627974,-4.33723501,23.7097159,-16.1845004,6.89354131,-5.89617147,32.000372,-4.05299968,-8.90589732,-7.72421824,2.19973563,-8.18609356,18.6509619,-9.33311028,-4.94130206
1070,-2.5843272,-5.07706739,105.460835,1.42939774,-2.21590369,-1.17465212,-1.81313113,5.12382307,5.1188127,0,0,1.55508424,41.6413582,-1.38456963,68.3890996,-10.1715177,-9.03799147,-23.9738837,-0.348793348,-48.4397528,-0.559384169,70.3198028,3.14157347,-4.32276397,23.534764,-15.7325126,6.97036087,-5.61588826,31.1511917,-3.9142986,-8.83218848,-7.77422889,2.21978352,-8.21744669,18.6914786,-9.35478077,-4.87667268
1071,-2.56801043,-4.95539382,105.461228,1.31306579,-2.17290933,-1.11568567,-1.97789514,5.31701711,5.04160937,0,0,1.81137961,41.2284937,-1.55408895,68.1396064,-10.1160062,-9.05334488,-23.8802418,-0.407739455,-48.3643202,-0.169910827,70.3728802,3.23315265,-4.32145855,23.2993121,-15.3280066,7.06585289,-5.37688457,30.3574759,-3.64617781,-9.02674556,-7.79024654,2.27148015,-8.27237337,18.6484484,-9.30433726,-4.82416603
1072,-2.56996881,-4.85730879,105.456531,1.279693,-2.1495568,-1.07574447,-1.90905687,5.27817468,5.03265755,0,0,1.7589101,40.9278015,-2.00107425,67.9237178,-10.3892769,-9.01638673,-23.8214783,-0.224482491,-47.9882773,-0.734095552,70.3691168,3.02651616,-4.27353923,23.5311321,-14.9258655,7.06904174,-5.06771862,29.6099492,-3.29945842,-8.98663016,-7.82412427,2.23859087,-8.30537172,18.6634697,-9.31311405,-4.75679731
1073,-2.56198663,-4.74017635,105.449462,1.19572458,-2.12881865,-1.07492786,-1.97750027,5.31416209,4.99405546,0,0,1.90187258,40.5901647,-2.21029169,67.7623204,-10.4297825,-9.1188925,-23.7454327,-0.300088737,-47.7387295,-0.394361809,70.4345568,3.53002895,-4.21967977,23.6341894,-14.4980566,7.17627656,-4.67978394,28.8652844,-3.26371177,-9.54963838,-7.86032769,2.25430671,-8.30706219,18.6945795,-9.30196291,-4.65500999
1074,-2.54907031,-4.60628085,105.426991,1.05577647,-2.11395524,-1.0991501,-1.99282636,5.42752445,4.97467522,0,0,1.99761881,40.1797079,-2.44333732,67.5842506,-10.5431039,-9.0690176,-23.5143264,-0.372566089,-47.4332732,-0.514855764,70.5987682,3.45255561,-4.34018565,23.6583563,-14.0341861,7.37065179,-4.09243377,28.1436442,-3.72563042,-10.1074872,-7.90300869,2.33332837,-8.27262011,18.7557575,-9.29720825,-4.58375532
1075,-2.55463496,-4.51107062,105.436158,1.01448226,-2.09440144,-1.03980634,-2.02937001,5.3855572,4.98441507,0,0,2.03718844,39.9095808,-2.74270173,67.3759434,-10.5537581,-9.03742542,-23.7247799,-0.308159726,-47.0125985,-0.901218808,70.6187602,3.11337482,-4.33621646,23.592918,-13.7092475,7.44475337,-3.57743495,27.5568712,-3.81787938,-10.46873,-7.93146923,2.30581231,-8.31352184,18.7653847,-9.2639051,-4.52294487
1076,-2.55060475,-4.36547399,105.41749,0.875800408,-2.07285902,-1.07012054,-2.04880297,5.47609819,4.95033413,0,0,2.20254049,39.6176653,-3.19871996,67.0833723,-10.8884229,-9.01155608,-23.3509022,-0.398260033,-46.7326392,-0.850942853,70.6966858,3.03296087,-4.29977014,23.404917,-13.2575739,7.63297716,-2.93756938,26.8417965,-4.12060574,-11.1492183,-7.96685901,2.38249442,-8.27238105,18.7938051,-9.25196081,-4.43941122
1077,-2.53784824,-4.2244181,105.426574,0.815379793,-2.0566077,-1.10841702,-2.02601959,5.53617525,4.93416537,0,0,2.37657926,39.1479157,-3.37643721,66.8399785,-11.1994603,-9.00751004,-23.2935627,-0.426619138,-46.4923566,-0.880806468,70.7947878,2.83515027,-4.21330977,23.5023889,-12.8910651,7.69810387,-2.30376795,26.2908837,-4.41106039,-11.2702262,-7.99715004,2.3625556,-8.20726117,18.8242097,-9.20572896,-4.32397932
1078,-2.53688097,-4.09034789,105.428743,0.746742374,-2.01923733,-1.02755139,-2.13544968,5.52787529,4.86778874,0,0,2.5001963,38.8019427,-3.57567425,66.6780415,-11.1160688,-9.04935605,-23.4314626,-0.523252575,-46.2293602,-0.579813211,70.9120758,3.22698285,-4.3411184,23.3666065,-12.6311482,7.70612934,-1.85192063,25.8023595,-4.6762412,-11.0743133,-8.02426419,2.33896007,-8.29209042,18.8044346,-9.18109247,-4.28230706
1079,-2.53762044,-3.94956693,105.417979,0.675762487,-1.99119253,-1.03127843,-2.17725812,5.55267827,4.85730995,0,0,2.64449706,38.4004198,-4.14241966,66.4215338,-11.6018917,-9.03078904,-22.8241426,-0.627509169,-45.9516003,-0.521724053,70.9625987,2.93430241,-4.26089569,23.1464217,-12.2932306,7.70527898,-1.51895478,25.2269776,-5.00114007,-10.8904831,-8.06637145,2.32648537,-8.2755699,18.8157044,-9.17826477,-4.1746287
1080,-2.54073814,-3.81924957,105.420709,0.634590948,-1.95001321,-0.986215698,-2.19048265,5.4900766,4.80975433,0,0,2.69817808,38.1613324,-4.75981369,66.2336285,-12.0531332,-9.07339917,-22.8882013,-0.622215186,-45.5885211,-0.568788432,70.9907254,2.86116326,-4.16891951,23.0292173,-12.0908248,7.65354798,-1.30474382,24.8099843,-5.23226898,-10.4706091,-8.10886888,2.27949517,-8.29290833,18.7952582,-9.168577,-4.12026338
1081,-2.54376642,-3.68069448,105.425119,0.607860099,-1.92896889,-0.954920407,-2.30366123,5.51165914,4.79287437,0,0,2.79690355,37.6634014,-5.04039615,66.0852699,-12.2063924,-9.06041157,-22.6539719,-0.814683406,-45.3818942,-0.168223264,71.1189144,3.20567373,-4.17180356,23.0090546,-11.8474865,7.58566273,-1.05409787,24.3540828,-5.36568861,-10.2141953,-8.13124544,2.21116489,-8.31265953,18.7842035,-9.17928759,-4.03609154
1082,-2.54471544,-3.57432924,105.439818,0.642446351,-1.8943363,-0.870546632,-2.39622203,5.32860751,4.7452052,0,0,2.91709909,37.3400568,-5.17525269,65.9030473,-12.0979213,-9.03249402,-22.748126,-0.89537206,-45.0522864,0.129094377,71.1658856,3.4029266,-4.18384561,22.891572,-11.6476992,7.45339612,-0.854638092,23.9177908,-5.3721171,-9.9599415,-8.13032934,2.08264421,-8.40573623,18.7098194,-9.17023418,-3.94741818
1083,-2.54614968,-3.44515592,105.46062,0.601794383,-1.85820504,-0.865907393,-2.46349,5.38413652,4.70083757,0,0,2.99423135,36.8889262,-5.64448284,65.7700362,-12.250845,-9.07232171,-22.4347672,-0.983910521,-44.9178716,0.53408328,71.1573069,3.44128879,-4.13078827,22.8812976,-11.4640183,7.40837322,-0.639364457,23.5292692,-5.41720787,-9.74013406,-8.13351391,2.04512598,-8.32884281,18.6215289,-9.08503354,-3.87957818
1084,-2.55131088,-3.32394913,105.474377,0.587099441,-1.82017748,-0.805605293,-2.50753213,5.2803851,4.67758248,0,0,3.01343293,36.5781458,-5.87638996,65.6469562,-12.229061,-8.96306942,-22.525899,-0.92999002,-44.5649626,0.530172517,70.9975556,3.43559689,-4.04456354,22.9980734,-11.3029206,7.32308465,-0.499481169,23.1533458,-5.46572655,-9.56356514,-8.13228107,1.97236141,-8.35565301,18.5294187,-9.05440783,-3.79651967
1085,-2.56082583,-3.20759863,105.483663,0.576873746,-1.79598428,-0.751042987,-2.54076591,5.21437815,4.66330611,0,0,3.02788028,36.1234328,-6.14315666,65.5596186,-12.199324,-8.96104597,-22.1848386,-0.89909654,-44.262334,0.581997378,70.9511786,3.27015199,-4.17877505,23.1195842,-11.1145064,7.24481495,-0.346356705,22.7551184,-5.56885814,-9.39281809,-8.1462027,1.89809399,-8.38523627,18.4873225,-9.04164904,-3.73200213
1086,-2.56045386,-3.0686019,105.492353,0.545850183,-1.76589103,-0.699576206,-2.59030335,5.17154176,4.63581417,0,0,2.98760244,35.7485373,-6.45868366,65.5589629,-12.3042042,-9.00697729,-22.2081535,-0.836706551,-43.9881292,0.868333635,70.7379538,3.44765495,-4.04291618,23.0351306,-10.9564644,7.1747355,-0.240652644,22.4101785,-5.68826265,-9.21001064,-8.16440857,1.83396897,-8.38193046,18.452994,-9.02478701,-3.64243871
1087,-2.56898105,-2.95559857,105.510485,0.560661439,-1.73150688,-0.63856359,-2.59766395,5.00759801,4.59718731,0,0,2.93624304,35.2581605,-6.51327309,65.6095951,-11.9570991,-9.07843131,-21.9824004,-0.799562488,-43.7062644,1.34000041,70.63212,3.56928504,-4.08339188,23.1174531,-10.8230537,7.05958833,-0.165096985,22.0811768,-5.74451054,-9.06674401,-8.18384985,1.72630171,-8.36468679,18.4017112,-9.0101704,-3.55170712
1088,-2.57321764,-2.8336795,105.516672,0.542575485,-1.69429886,-0.534704794,-2.65960181,4.95236697,4.54459016,0,0,2.91042642,34.8015111,-6.80732895,65.5900129,-11.9954104,-9.04800794,-22.0445636,-0.673561186,-43.3895758,1.41283989,70.4639061,3.23887997,-4.06306951,23.085715,-10.7041862,6.97194676,-0.147070461,21.7530477,-5.80206385,-8.96505188,-8.18456104,1.6508166,-8.44148885,18.3265843,-8.99874691,-3.49323515
1089,-2.57983319,-2.7045045,105.539382,0.538337407,-1.6637427,-0.474500989,-2.63796975,4.8638332,4.51147399,0,0,2.85220674,34.5062284,-7.38531792,65.456551,-12.2955068,-8.95058639,-21.7306345,-0.563870322,-43.1229218,1.76764015,70.2749148,2.9374808,-4.1357615,22.9442447,-10.5623292,6.8719451,-0.0606520131,21.4115673,-5.77658254,-8.80389784,-8.16587279,1.56363019,-8.45718719,18.2161726,-8.93745194,-3.42308463
1090,-2.59961877,-2.59239376,105.555296,0.549604166,-1.62233738,-0.362756274,-2.70713246,4.73046906,4.49052409,0,0,2.84959654,34.0185495,-7.46505611,65.4130085,-11.9594077,-9.06625052,-21.6275737,-0.519043097,-42.9000493,2.51462998,70.0689573,3.15345245,-4.08722575,22.7430973,-10.5287383,6.74814451,-0.0548442212,21.1920689,-5.77163877,-8.65575872,-8.18307291,1.45718703,-8.50649432,18.138626,-8.90759206,-3.34072258
1091,-2.60615349,-2.45921779,105.580008,0.540485698,-1.60088655,-0.315179613,-2.61444658,4.68537957,4.47583748,0,0,2.58016116,33.583644,-8.17141293,65.5440799,-12.2197873,-9.05920177,-21.4766505,-0.352537679,-42.5694375,2.48575856,69.9745914,3.3376904,-4.16118048,23.0335323,-10.4193247,6.64960494,0.0317275994,20.9314733,-5.77644936,-8.52157367,-8.18606197,1.36782051,-8.51120289,18.0813054,-8.85362247,-3.24439535
1092,-2.61299592,-2.33681183,105.59622,0.536100944,-1.56360182,-0.227805921,-2.67920467,4.5179759,4.41429961,0,0,2.65449923,33.2368309,-8.43647293,65.3773345,-12.3894526,-8.96462755,-21.360194,-0.261011784,-42.1760015,2.85000956,69.7983247,3.33565586,-4.03510159,22.9314722,-10.3024106,6.54274664,0.0598856112,20.5994407,-5.75363097,-8.38811861,-8.20375814,1.27318899,-8.55218231,18.0299167,-8.83098124,-3.17733933
1093,-2.62264144,-2.205557,105.607057,0.529931426,-1.51356418,-0.135947143,-2.67893786,4.48694251,4.36700738,0,0,2.52022262,32.8253701,-8.8880304,65.3825732,-12.3286827,-9.03381822,-21.3214071,-0.0893476789,-41.8934605,2.94510948,69.6295166,3.34750816,-4.09581002,23.09254,-10.2469648,6.43537222,0.110424595,20.3565165,-5.75437931,-8.35786172,-8.1865879,1.18415118,-8.6110611,17.8797106,-8.80123406,-3.07248355
1094,-2.65128799,-2.08132491,105.621147,0.525509092,-1.49257751,-0.0485108575,-2.67883093,4.35439714,4.39407029,0,0,2.49802494,32.4911245,-9.04439819,65.188589,-12.2147321,-8.80591445,-21.362419,-0.103608827,-41.4945194,3.1217465,69.6568919,3.53514797,-4.00650658,23.1181054,-10.1748696,6.326318,0.194363185,20.1304321,-5.76252345,-8.17839338,-8.18219694,1.08809481,-8.67321497,17.8035455,-8.75587221,-2.98436237
1095,-2.66237836,-1.93817541,105.643237,0.519214342,-1.46940235,0.0189317206,-2.67942153,4.34162938,4.34656206,0,0,2.45072524,31.9588786,-9.39221362,65.1623816,-12.372874,-8.8518654,-21.2006152,0.00113130876,-41.0933926,3.19908686,69.6028378,2.9334527,-3.95332075,22.4336095,-10.0856819,6.21604417,0.245565658,19.8856842,-5.75333002,-8.00028339,-8.17715882,0.989857055,-8.70610831,17.7316458,-8.69950864,-2.87252079
1096,-2.6732089,-1.78959873,105.668879,0.541923883,-1.4446258,0.0548389295,-2.70775208,4.22322507,4.32978114,0,0,2.38557782,31.6874127,-9.97086041,65.17081,-12.547831,-8.95811412,-21.0490721,-0.00951792197,-40.7255357,3.22399037,69.697074,3.21477858,-4.09693828,23.06497,-9.97247063,6.07053126,0.321398794,19.6181748,-5.70194138,-7.80412804,-8.20540849,0.853227018,-8.70326183,17.7049619,-8.65334083,-2.81631751
1097,-2.68277898,-1.67259946,105.68819,0.536437474,-1.38755428,0.140378016,-2.65461193,4.08422986,4.27383079,0,0,2.36111102,31.2916408,-9.97221962,65.0741834,-12.0229131,-8.87625686,-21.0337673,0.0537774477,-40.3840809,3.76626833,69.6253228,3.47762518,-3.86337484,22.8176983,-9.93919566,5.96521657,0.323184515,19.3878318,-5.6703112,-7.64604673,-8.24315126,0.766402613,-8.7123844,17.6383386,-8.59191779,-2.70399719
1098,-2.69677974,-1.53562026,105.689597,0.525091423,-1.36484715,0.245112547,-2.79499025,4.03082333,4.27281736,0,0,2.30318611,30.88185,-10.1752794,65.127172,-12.2022337,-8.85228973,-21.2350018,-0.0049021811,-40.0204211,4.10002681,69.6464964,3.58738184,-3.81750073,22.7117928,-9.84665684,5.85537091,0.339270891,19.1215654,-5.68099917,-7.44577704,-8.22724802,0.670403504,-8.78958944,17.5589308,-8.5806309,-2.61889666
1099,-2.71227174,-1.39306169,105.710506,0.560967232,-1.35427622,0.261712604,-2.67761238,3.89160999,4.25633014,0,0,2.28743761,30.5830668,-10.6542567,64.984824,-12.2687845,-8.90672633,-20.9970517,0.104289872,-39.6158144,4.23800901,69.6437507,3.51231528,-3.74938069,22.6285567,-9.69023441,5.70044216,0.443160763,18.8056913,-5.63712203,-7.27633115,-8.22525445,0.523653048,-8.79680212,17.5095997,-8.53857145,-2.51051522
1100,-2.71950103,-1.24493763,105.730474,0.545406266,-1.33642358,0.315856529,-2.75596404,3.86980675,4.23839278,0,0,2.27887853,30.038366,-10.7915478,65.0386459,-12.3763386,-8.93426907,-20.824755,0.0557650995,-39.2985247,4.70560291,69.7215329,3.75804521,-3.76616844,22.637617,-9.57531135,5.59932889,0.497520157,18.5412008,-5.63631308,-7.12595258,-8.22620214,0.432868975,-8.82134641,17.4646827,-8.49228753,-2.43004684
1101,-2.73320042,-1.10106152,105.739307,0.498631279,-1.30440007,0.365533612,-2.73753747,3.81895172,4.17604169,0,0,2.28244944,29.6556466,-10.8057537,65.0692178,-11.9988699,-8.93240272,-21.0931148,0.0655159683,-38.8081684,4.87187959,69.8086929,3.77961196,-3.72642272,22.6730264,-9.50440631,5.56498328,0.589942435,18.3099391,-5.77928004,-7.05825346,-8.2810571,0.380800602,-8.78934099,17.4844869,-8.4479468,-2.3172087
1102,-2.75316574,-0.95799854,105.748463,0.504421916,-1.28202818,0.424718565,-2.75518519,3.72955521,4.18991381,0,0,2.27008018,29.1905722,-10.9000872,64.9914629,-11.9887459,-8.84155352,-20.881688,0.00242367641,-38.4569771,5.11994566,69.9187751,3.60159717,-3.81073287,22.8763953,-9.39728418,5.43690102,0.647411967,18.0361322,-5.77176726,-6.89852948,-8.2849136,0.268752869,-8.84931006,17.4125718,-8.40839146,-2.24914992
1103,-2.7628703,-0.810960867,105.7567,0.478865082,-1.26485437,0.497146208,-2.75722976,3.72920773,4.13602489,0,0,2.24868717,28.8111244,-11.3246261,65.0267409,-12.0492016,-9.00217652,-20.7912734,0.0374688403,-38.1559673,5.54170813,69.918256,3.77170474,-3.68475003,22.8710558,-9.2975711,5.34476731,0.679902857,17.7944869,-5.80332316,-6.77607742,-8.27673274,0.184202305,-8.87243537,17.3623477,-8.35467886,-2.15161311
1104,-2.78496165,-0.684616202,105.765927,0.465458943,-1.25460712,0.553311717,-2.74595333,3.62145125,4.15991049,0,0,2.18089883,28.4650678,-11.5652725,65.0407291,-12.205788,-9.0510986,-20.8573077,-0.0209017095,-37.7017085,5.8175957,70.0377296,3.91785883,-3.74035118,23.1178322,-9.17254534,5.23100582,0.641363247,17.5248396,-5.70826529,-6.63485131,-8.27738417,0.10598724,-8.89286959,17.3220957,-8.31925835,-2.08847996
1105,-2.79160999,-0.524902483,105.785,0.434018237,-1.24713911,0.618492084,-2.78796262,3.64142486,4.15921808,0,0,2.18140426,27.9501808,-11.5667896,65.0546832,-12.12115,-8.97379964,-20.8492754,-0.0573264847,-37.3793748,5.93646874,70.1323414,3.52177318,-3.78979577,23.0718719,-9.02538209,5.13637824,0.700796672,17.2204112,-5.72501889,-6.38244167,-8.29642844,0.0175972504,-8.9196943,17.3447992,-8.28132006,-1.97250826
1106,-2.80521195,-0.406762538,105.789733,0.410950678,-1.22272279,0.706530869,-2.75074983,3.50055434,4.12317176,0,0,2.10154718,27.7430297,-11.8744555,64.9636846,-12.0786465,-8.69142084,-21.0068752,-0.0702297993,-36.8653279,5.89612409,70.3111558,3.34589602,-3.88767922,23.2480686,-8.92461375,5.05425205,0.709183771,16.9417805,-5.73096841,-6.24211159,-8.29605278,-0.048373234,-8.96775066,17.2849224,-8.25052274,-1.88313993
1107,-2.81536225,-0.270921411,105.800045,0.417470537,-1.17808856,0.805035115,-2.8329708,3.53901172,4.07908075,0,0,2.06884189,27.1485488,-11.9675646,65.0229774,-11.7793366,-8.75820985,-20.4980073,-0.0709698476,-36.5820048,6.09670882,70.3388454,3.42901024,-3.76574711,23.4464463,-8.87767583,4.94538011,0.778357952,16.7122332,-5.77867216,-6.17908218,-8.28794876,-0.163547399,-8.99558283,17.1686726,-8.19820434,-1.82281997
1108,-2.83414703,-0.143326668,105.807769,0.406267884,-1.17468194,0.901219491,-2.82025789,3.40007671,4.08465675,0,0,2.0421446,26.9302492,-12.0850251,65.0055263,-11.4184721,-8.73304401,-20.8418834,-0.143567375,-36.2217055,6.46375721,70.4603134,3.3658248,-3.75751118,23.2643808,-8.77415151,4.84534431,0.78488105,16.4697735,-5.76996281,-5.9910539,-8.28307542,-0.25511565,-9.06463689,17.1518242,-8.16974124,-1.69851319
1109,-2.84381788,-0.0106618412,105.822647,0.413827422,-1.16384358,0.9724771,-2.87642275,3.34050636,4.0867724,0,0,2.07088561,26.4936037,-12.1214624,64.9878907,-11.2084139,-8.61510628,-20.9352845,-0.270598168,-35.8623351,6.94277715,70.6388682,3.62747974,-3.75683499,23.1689835,-8.66349305,4.6951382,0.755782523,16.2336316,-5.67591537,-5.6896368,-8.27628536,-0.369467237,-9.09052502,17.1159981,-8.15545248,-1.63144554
1110,-2.86099426,0.119853776,105.829465,0.387287927,-1.13309721,1.06478889,-2.91689077,3.27845281,4.04033181,0,0,2.04745593,26.2914608,-12.5829365,65.004413,-11.4289675,-8.60385184,-20.8816027,-0.302869824,-35.4832118,7.16929696,70.7392789,4.0091426,-3.83200464,23.4025179,-8.59578197,4.60276502,0.79279916,15.9921281,-5.6640492,-5.38862908,-8.27741405,-0.438789788,-9.13897411,17.04319,-8.1244494,-1.54262224
1111,-2.87102908,0.25358377,105.838835,0.355775352,-1.09938882,1.15317375,-2.92063008,3.23202076,4.00564171,0,0,2.02983084,25.8868882,-12.5956347,65.0722368,-11.1482988,-8.56959673,-20.8329222,-0.297065738,-35.1286601,7.35129418,70.7343748,3.63924816,-3.67773585,23.1246009,-8.51835836,4.51964375,0.81107776,15.7414089,-5.65616418,-5.15246547,-8.27058557,-0.502713129,-9.1663367,16.9564108,-8.06583442,-1.44618487
1112,-2.89828815,0.380998151,105.83967,0.313347886,-1.0854611,1.24903217,-2.9662613,3.19290789,4.03062312,0,0,1.96128156,25.4839361,-12.7794752,65.1739383,-11.0190938,-8.54390498,-20.7460729,-0.353708577,-34.763146,7.58878242,70.822696,3.69635025,-3.78630896,23.0862136,-8.4386603,4.4521888,0.863787557,15.5045175,-5.64614685,-4.93171717,-8.27552806,-0.556416238,-9.21649163,16.9258986,-8.02591368,-1.3676663
1113,-2.91386489,0.517799286,105.843163,0.274699699,-1.06460504,1.34869282,-2.96717654,3.12500428,4.00466371,0,0,1.92339685,25.1384634,-12.8465903,65.2818143,-11.0259855,-8.58513798,-20.89653,-0.327028951,-34.4279134,7.81539444,70.8022259,3.86456329,-3.62335346,23.2589952,-8.37358226,4.37586272,0.874315814,15.2881815,-5.64701599,-4.65266851,-8.27141543,-0.618213602,-9.27257432,16.8778312,-8.00240502,-1.28793057
1114,-2.93545946,0.655274559,105.844104,0.243520847,-1.05140116,1.44150004,-2.96786255,3.09830508,4.00500564,0,0,1.80842876,24.6632342,-12.8824966,65.4924505,-10.7743673,-8.50563372,-20.7263149,-0.344111307,-33.965192,7.65620322,70.9393078,3.75426257,-3.75599872,23.195722,-8.33177979,4.29430044,0.850061118,15.1253412,-5.62574507,-4.45699853,-8.27261328,-0.688747792,-9.32721498,16.8457754,-7.99020972,-1.21529097
1115,-2.95429379,0.766740134,105.84892,0.224398377,-1.02559479,1.57947113,-2.99731582,2.93040152,3.97667274,0,0,1.80095717,24.4327034,-12.9662219,65.5739073,-10.5586332,-8.42112806,-20.855788,-0.269645436,-33.5510025,7.78844678,70.8746464,3.28608917,-3.6572107,22.8728965,-8.30642186,4.20842661,0.787888414,14.9445222,-5.57007434,-4.26739206,-8.26867226,-0.763687667,-9.4405022,16.7877632,-7.95809929,-1.13318889
1116,-2.975991,0.895478297,105.852032,0.193752027,-0.999163892,1.69284901,-3.0729433,2.95717352,3.95546201,0,0,1.75279559,23.7703612,-12.5577433,65.8186057,-9.97647995,-8.50006626,-20.8281394,-0.341522292,-33.2251035,8.08802912,70.993922,3.93819828,-3.95945511,23.2719589,-8.30702292,4.12985254,0.749305263,14.8256479,-5.55159441,-4.15667896,-8.25958811,-0.83102314,-9.50777615,16.7131604,-7.91143202,-1.0646187
1117,-2.99533214,1.01626124,105.863285,0.171672088,-0.97640815,1.7630086,-3.01864586,2.84877137,3.95366226,0,0,1.72372748,23.4199895,-12.505944,65.9502712,-9.77318364,-8.50137937,-20.9425911,-0.300531018,-32.7900785,8.18091116,70.9574556,4.10770181,-3.69115248,23.2298268,-8.2666565,4.05442676,0.745856871,14.6589315,-5.51031701,-4.00790207,-8.2531498,-0.893695248,-9.51215516,16.6427804,-7.8581907,-0.946805945
1118,-3.02481074,1.16139892,105.872619,0.114060609,-0.959190158,1.86616833,-3.05849084,2.82312081,3.95221639,0,0,1.64576567,23.2041521,-12.9646203,66.0160186,-9.9930056,-8.43582321,-20.7162523,-0.282220108,-32.4004367,8.09964984,70.9965174,3.75836367,-3.86592165,23.237212,-8.28214139,4.00147187,0.67812546,14.5702569,-5.51743023,-3.88335016,-8.26237056,-0.938692641,-9.59431379,16.6118909,-7.80751923,-0.910626006
1119,-3.04475613,1.27585176,105.884135,0.101919798,-0.934174279,1.96664307,-3.0687596,2.71875808,3.91922701,0,0,1.6000811,23.0381632,-13.309637,66.0981721,-10.0230943,-8.3697232,-20.7237228,-0.272595891,-31.8764621,7.98311486,71.1241873,3.84861395,-3.971863,23.2166958,-8.28151216,3.91821827,0.593369376,14.4490774,-5.46129247,-3.82225155,-8.24293098,-1.01121762,-9.65238833,16.5131435,-7.73887156,-0.820098466
1120,-3.06777246,1.38093475,105.896413,0.0906750615,-0.903047428,2.0718335,-3.09065953,2.56524787,3.92418188,0,0,1.50534968,22.8897329,-13.6311152,66.1914589,-10.1918,-8.37394767,-20.817667,-0.355949572,-31.44462,8.26183524,71.1841018,3.96801547,-3.90366741,23.2601409,-8.31014261,3.8323026,0.521655751,14.362725,-5.37719961,-3.75943131,-8.22398745,-1.08177475,-9.69785605,16.3975118,-7.66077262,-0.75764519
1121,-3.09659988,1.50785083,105.901885,0.0865610348,-0.879830862,2.15913578,-3.12045026,2.54223035,3.9545664,0,0,1.49653543,22.5758345,-13.7499648,66.2075781,-10.1737187,-8.41822352,-20.7959521,-0.440241657,-31.2876179,8.83426486,71.1310175,4.11317706,-3.78753199,23.1175949,-8.34336977,3.72757019,0.469001343,14.312436,-5.34656109,-3.63689943,-8.22737694,-1.17533767,-9.75676216,16.3347389,-7.61703379,-0.659193883
1122,-3.11699845,1.6358288,105.911577,0.0604821304,-0.857754665,2.20925791,-3.0572947,2.41804726,3.90838067,0,0,1.53574103,22.3072544,-13.6660286,66.2279731,-9.68660587,-8.35935156,-20.8756946,-0.446861791,-30.8410635,9.25284105,71.2307793,4.57233268,-3.94119247,23.2698756,-8.34394521,3.65980276,0.424403809,14.2223859,-5.31853896,-3.53709436,-8.21728704,-1.23302812,-9.7603241,16.2489039,-7.55226909,-0.569090721
1123,-3.14198583,1.75654795,105.925775,0.0575046665,-0.849514748,2.30919607,-3.10442044,2.35296965,3.93265003,0,0,1.51062974,22.1033374,-13.9357929,66.2726698,-9.78352284,-8.46737698,-20.9154565,-0.54223223,-30.4654236,9.48320284,71.2821355,4.59316775,-3.75955853,23.2462329,-8.33356247,3.56050355,0.330719067,14.1217884,-5.26123026,-3.44238866,-8.19478242,-1.32639606,-9.83764355,16.184053,-7.50017011,-0.517570604
1124,-3.17178667,1.87599603,105.933094,0.0586166015,-0.835664398,2.3492369,-3.08484128,2.24762017,3.92387196,0,0,1.62735938,22.0040333,-14.4240515,66.0584819,-10.1751642,-8.35877526,-20.5578415,-0.560313661,-30.09854,9.71233434,71.3167577,4.65575661,-3.91035246,23.3925902,-8.34908835,3.46004897,0.318945448,14.0727374,-5.22039,-3.39833757,-8.20097655,-1.41635317,-9.85670832,16.1331834,-7.45652435,-0.468503646
1125,-3.1957265,2.00110264,105.940974,0.0450780974,-0.818838481,2.39845213,-3.06725119,2.18012872,3.92031599,0,0,1.65515857,21.770212,-14.4295037,66.0163328,-9.97025338,-8.3025628,-20.5767543,-0.638379469,-29.799364,10.0173219,71.3585721,4.36245079,-3.73772882,23.2566029,-8.36918362,3.3742445,0.283629795,14.0355495,-5.22246168,-3.27191376,-8.18382082,-1.49103488,-9.89080035,16.0392274,-7.37194526,-0.335348761
1126,-3.22114602,2.13547014,105.946016,0.0262055232,-0.803687949,2.4377884,-3.05743984,2.16969433,3.89170689,0,0,1.76582855,21.5725497,-14.6415914,65.9570741,-10.0811953,-8.35549336,-20.6307589,-0.740848955,-29.5691149,10.4946087,71.5026618,4.24075005,-3.93855431,23.1582123,-8.3570421,3.29212642,0.250095354,13.9452374,-5.19769072,-3.18511742,-8.18462166,-1.56716332,-9.90110711,15.9872462,-7.31341993,-0.241105384
1127,-3.24651189,2.25649104,105.947733,-0.005444403,-0.796619138,2.46519456,-3.04263733,2.08808018,3.92742494,0,0,1.7958928,21.4264127,-14.6566912,65.9380247,-9.92874547,-8.42080789,-20.5916065,-0.811573963,-29.2130742,10.8423721,71.4905655,4.53401874,-3.77612686,23.2088479,-8.3290887,3.23755236,0.265338095,13.8472113,-5.19108763,-3.07202059,-8.18408378,-1.61606385,-9.91540184,15.9493301,-7.27389619,-0.177408281
1128,-3.27380113,2.39793658,105.952334,-0.0314422137,-0.788939043,2.45772852,-2.95808172,2.10577507,3.93105476,0,0,1.89882098,21.1720565,-14.7444745,65.8401754,-10.0252808,-8.38238808,-20.6551648,-0.813023884,-28.9110877,10.9082287,71.5104414,4.36350392,-3.78488572,23.3635312,-8.32443563,3.16875421,0.3178174,13.8066033,-5.21227445,-2.94842468,-8.18275446,-1.67804493,-9.87535729,15.8934831,-7.22541721,-0.139282685
1129,-3.29934508,2.52565276,105.950558,-0.0552273455,-0.776534681,2.49238682,-2.92619092,2.07390989,3.88493391,0,0,2.01513974,20.9304829,-14.7830463,65.8042554,-10.0313896,-8.44803132,-20.608127,-0.777666076,-28.607525,11.3603958,71.4904016,4.88683941,-3.88710633,23.4463353,-8.31503473,3.10145016,0.297241348,13.7240246,-5.21765621,-2.87822037,-8.1794956,-1.7386571,-9.9092171,15.83432,-7.18120369,-0.0462692622
1130,-3.3228796,2.64853276,105.952418,-0.0707756263,-0.763616169,2.50254156,-2.89849429,2.03089656,3.89732045,0,0,2.04519919,20.7122584,-14.6944758,65.7949459,-9.76440002,-8.36131353,-20.6080092,-0.913481986,-28.3073895,11.800476,71.5992543,5.02297362,-3.88303682,23.4528103,-8.31277821,3.02714219,0.297314052,13.6688802,-5.22225677,-2.73092115,-8.18066271,-1.80736517,-9.90970205,15.7798014,-7.13198449,0.0112553555
1131,-3.34440432,2.77982671,105.947673,-0.103088954,-0.755333931,2.50653125,-2.82607892,2.03687746,3.88893682,0,0,2.19042566,20.4801122,-14.6956028,65.6965639,-9.8659248,-8.34165795,-20.5803657,-0.905381702,-28.0662377,12.107931,71.6093493,5.02567838,-3.93184279,23.5517712,-8.28296358,2.96786298,0.328343468,13.5774436,-5.23124786,-2.61321159,-8.17614198,-1.85989295,-9.89396529,15.7307453,-7.07937966,0.172027172
1132,-3.37009132,2.89739966,105.951583,-0.114942504,-0.742166573,2.50550554,-2.76174708,1.93418834,3.88437682,0,0,2.20116229,20.4128041,-14.9121898,65.6893717,-9.92133727,-8.268919,-20.7101871,-0.931869816,-27.6959338,12.3863073,71.6186589,5.14452666,-3.88391365,23.4078899,-8.27889364,2.89556414,0.344196551,13.5215795,-5.23001672,-2.49128589,-8.17791441,-1.9249853,-9.86679053,15.6720603,-7.03514436,0.21785454
1133,-3.39055993,3.02451365,105.956554,-0.152161959,-0.725091398,2.51866781,-2.72873293,1.95139422,3.86858499,0,0,2.24701591,20.2221325,-15.0720196,65.6862025,-10.0712582,-8.2558204,-20.745646,-0.969542685,-27.4653279,12.8471316,71.644115,5.33879047,-3.9488521,23.4302621,-8.26174389,2.84643459,0.352516362,13.429745,-5.23322776,-2.42400297,-8.17090749,-1.96447489,-9.86747953,15.5982447,-6.99081729,0.304651463
1134,-3.41230147,3.1400498,105.961883,-0.15362285,-0.684698248,2.53360616,-2.62904376,1.8383531,3.85377074,0,0,2.23812557,20.1159043,-15.2625222,65.7293966,-10.1131478,-8.30864936,-20.6743628,-0.929732073,-27.1375283,12.8196657,71.6101075,4.8906703,-3.90319826,23.4228497,-8.27971838,2.75957465,0.341352684,13.3516598,-5.22161089,-2.31433618,-8.21792225,-2.04655157,-9.84406222,15.5672084,-6.95020712,0.398083675
1135,-3.43216062,3.255786,105.962169,-0.179836757,-0.659499718,2.51508324,-2.54206856,1.81877948,3.79585373,0,0,2.30625756,19.9504413,-15.3996536,65.7205993,-10.1307987,-8.33042229,-20.6834811,-0.885904243,-26.850476,12.9861968,71.5855871,5.06427535,-3.8437833,23.3224869,-8.25388831,2.70927714,0.361628661,13.2294463,-5.21943334,-2.21445064,-8.21429285,-2.08600594,-9.8244297,15.4694701,-6.89345166,0.456208025
1136,-3.45173851,3.37527543,105.966222,-0.20399972,-0.645604827,2.55012216,-2.54961463,1.79471481,3.78541549,0,0,2.3226165,19.8450976,-15.6448181,65.7359262,-10.2183241,-8.26171998,-20.6981762,-0.883973755,-26.5691319,13.0383872,71.5917889,5.20487095,-3.90824577,23.4778771,-8.24043455,2.64837981,0.322678707,13.1452523,-5.22343839,-2.11615034,-8.2125836,-2.14234283,-9.82535006,15.4173864,-6.83214303,0.559902516
1137,-3.47527005,3.48689072,105.969977,-0.23728877,-0.621024615,2.54798898,-2.44376335,1.74132706,3.7852887,0,0,2.3427773,19.7260935,-15.8608962,65.7287409,-10.2803021,-8.26256607,-20.576271,-0.871221098,-26.2581944,13.0100829,71.593155,5.0133294,-3.83745812,23.2107057,-8.23925207,2.60551141,0.327497592,13.0687414,-5.22257608,-2.06373952,-8.21057809,-2.17232267,-9.81161797,15.323222,-6.77594039,0.607452586
1138,-3.49493697,3.60382088,105.980647,-0.245032344,-0.602678188,2.5631713,-2.3876209,1.690154,3.74474897,0,0,2.39445814,19.5043258,-15.6828281,65.8112086,-9.95912017,-8.26523924,-20.6878575,-0.89169427,-26.0263009,13.1538575,71.6888527,5.45119276,-3.86331935,23.4874257,-8.20756597,2.53024251,0.30810906,12.9526239,-5.17581575,-1.98374883,-8.20364203,-2.24138036,-9.80795101,15.2471628,-6.70533801,0.721277261
1139,-3.50928791,3.72333117,105.988932,-0.271273857,-0.57234256,2.56959385,-2.41392375,1.74280996,3.71941537,0,0,2.43944945,19.1728396,-15.4606267,65.9328064,-9.63458117,-8.32277931,-20.8470556,-0.968095858,-25.8843133,13.5200265,71.7438836,5.4886969,-3.77922264,23.4192126,-8.18028278,2.47196371,0.307924938,12.8188546,-5.15737979,-1.87954448,-8.19002007,-2.28674029,-9.81414087,15.1309215,-6.62677504,0.773491283
1140,-3.53027396,3.82158533,106.001174,-0.28499412,-0.513348037,2.59973422,-2.31061244,1.64161366,3.67388661,0,0,2.44486813,19.1294098,-15.7971859,65.9241526,-9.8552458,-8.25953347,-20.6877551,-0.943932037,-25.4920487,13.4569369,71.8269455,5.62173575,-3.83957633,23.2867206,-8.24696165,2.40883675,0.261148895,12.7731726,-5.1438001,-1.79063825,-8.24485795,-2.33903969,-9.82942854,15.0731927,-6.56053544,0.83672368
1141,-3.54620218,3.93132679,106.009114,-0.302878181,-0.493302594,2.60262547,-2.27700236,1.59237045,3.62784772,0,0,2.55327241,18.9472419,-15.7115166,65.939985,-9.77084174,-8.2964976,-20.6481007,-0.989277022,-25.2181308,13.6674177,71.9492264,5.83158606,-3.94247569,23.2602195,-8.23031477,2.35090608,0.266296963,12.6838867,-5.12478698,-1.72891991,-8.23843501,-2.38735816,-9.8039656,14.9928099,-6.48688166,0.908164257
1142,-3.55757624,4.04753648,106.010056,-0.33116589,-0.466950322,2.62131516,-2.24773671,1.61897681,3.60725598,0,0,2.51191007,18.7870739,-15.8975727,66.0370078,-9.93139729,-8.09610668,-20.7284596,-1.03803486,-25.0234909,14.0246118,72.0236413,6.20142458,-4.04929899,23.3319638,-8.22582734,2.30029587,0.233695776,12.6064895,-5.10748355,-1.65082641,-8.22909729,-2.42838048,-9.7797705,14.9009576,-6.42237949,0.967437812
1143,-3.58176343,4.13089432,106.011891,-0.339391755,-0.440087933,2.64429654,-2.14189012,1.49951254,3.58854895,0,0,2.60339426,18.6423303,-15.6800448,66.037001,-9.68845002,-8.08255814,-20.8247413,-1.03806528,-24.6363574,13.8872917,72.0827019,5.87987507,-3.96807695,23.2834233,-8.23110707,2.2433163,0.206772678,12.5225192,-5.08543741,-1.59560188,-8.21844049,-2.47331929,-9.77213008,14.7924532,-6.35142493,1.04816403
1144,-3.60123962,4.24065143,106.023252,-0.369967889,-0.421915866,2.66315093,-2.13709597,1.51574683,3.55187787,0,0,2.65978324,18.5198803,-15.8513801,66.043797,-9.91910807,-7.94276808,-20.7534342,-1.10201218,-24.4618803,14.2939843,72.1982482,5.9975874,-4.00975903,23.0682553,-8.22813679,2.19977064,0.20075248,12.4560452,-5.05979432,-1.49936163,-8.22413772,-2.51256427,-9.78988004,14.7388652,-6.28113716,1.13326136
1145,-3.61443795,4.34988625,106.035376,-0.374348935,-0.399903561,2.7127181,-2.18219998,1.57137968,3.50905494,0,0,2.65225295,18.3404479,-16.0198177,66.1449111,-10.2208692,-7.85758708,-20.897278,-1.09360752,-24.3501981,14.501902,72.1786183,6.22590227,-4.0834461,23.3337345,-8.22314478,2.11872617,0.178032309,12.3666346,-5.03307547,-1.41190522,-8.21727167,-2.58440869,-9.84334505,14.672679,-6.23068639,1.20325319
1146,-3.63165364,4.44036722,106.041694,-0.397348508,-0.37574969,2.73965149,-2.12612135,1.46441177,3.49134276,0,0,2.70053983,18.3115715,-15.9613256,66.1671502,-10.011535,-7.75821124,-21.0350207,-1.14758693,-24.0152798,14.57512,72.2636063,5.87784181,-4.05673451,23.2436819,-8.21830303,2.07650173,0.15327366,12.2801354,-4.99677686,-1.37820283,-8.21452423,-2.61740405,-9.82534409,14.5989437,-6.16419962,1.27388311
1147,-3.65640782,4.52650376,106.048059,-0.408171819,-0.360764622,2.80321875,-2.07148453,1.40368231,3.50161451,0,0,2.64729232,18.2046944,-16.0436772,66.2625748,-10.0649283,-7.73884168,-21.0816931,-1.0889186,-23.7495359,14.5301995,72.2159179,6.09366511,-4.06581268,23.4796342,-8.22503247,2.01819262,0.0878386006,12.2148303,-4.95852225,-1.31904827,-8.2024015,-2.66989106,-9.84928219,14.5286371,-6.10474837,1.34601076
1148,-3.67829986,4.63200994,106.050229,-0.428487484,-0.34376419,2.79368794,-2.09828939,1.44523697,3.48489272,0,0,2.69875011,17.9099359,-15.8798449,66.3522484,-10.02469,-7.764717,-20.9842792,-1.18338865,-23.6348724,14.8417398,72.2382117,6.33484806,-4.08593015,23.6532951,-8.2042909,1.96700078,0.0965444571,12.1240699,-4.91907449,-1.25058779,-8.19883699,-2.71335476,-9.80494402,14.4502146,-6.02168089,1.40444175
1149,-3.6935091,4.71905358,106.058156,-0.442981265,-0.313367569,2.84195738,-2.10042511,1.4403647,3.4594144,0,0,2.70209242,17.7022777,-15.9368582,66.4313556,-10.0388823,-7.73528742,-20.9128269,-1.18946869,-23.4710555,14.8870188,72.2299198,5.92351016,-3.93884117,23.5763667,-8.22692187,1.91598674,0.0485034111,12.0663249,-4.88357032,-1.18920221,-8.19340528,-2.75489063,-9.8430727,14.3664355,-5.96110565,1.47212006
1150,-3.71493921,4.78576645,106.066024,-0.438037458,-0.302184613,2.91636392,-2.05940278,1.28771435,3.45565673,0,0,2.7514241,17.7012736,-15.9617679,66.3995747,-9.89397554,-7.62696574,-20.9570284,-1.20126016,-23.2330404,15.0213618,72.2258217,5.78430365,-3.93142316,23.4930008,-8.242493,1.84666907,-0.0332149565,12.0247128,-4.83417524,-1.14399351,-8.18366629,-2.816049,-9.9173604,14.3183962,-5.92913781,1.52300006
1151,-3.72548588,4.87353802,106.064904,-0.442023187,-0.282062644,2.92800392,-2.0107936,1.2624832,3.40591182,0,0,2.74053443,17.5566973,-15.9715999,66.5175867,-9.69747868,-7.64888382,-21.0231481,-1.17687116,-23.0015039,15.023486,72.3218405,5.96124909,-4.09949448,23.5851947,-8.22091728,1.78684504,-0.0472792031,11.9269506,-4.81303111,-1.07104527,-8.16613063,-2.86779857,-9.88811182,14.2264183,-5.88727558,1.57527182
1152,-3.74623649,4.96784113,106.067276,-0.452880307,-0.272759816,2.96141678,-2.04065156,1.31667286,3.40410844,0,0,2.72511464,17.3918592,-16.1069248,66.5783686,-9.83519066,-7.6274985,-20.9680882,-1.26162921,-22.9591567,15.3297312,72.3232066,6.01649294,-3.96274257,23.5295543,-8.22121184,1.72715869,-0.103459123,11.881996,-4.78052368,-1.00389683,-8.16672059,-2.92490514,-9.892011,14.193525,-5.84009306,1.64991576
1153,-3.77301537,5.05327284,106.073809,-0.469767594,-0.260833287,3.03076635,-2.07513484,1.33715424,3.42808774,0,0,2.691321,17.1728646,-15.9361632,66.6580974,-9.62550983,-7.57931663,-20.9879163,-1.33958867,-22.9374947,15.6693043,72.341771,5.90993046,-4.0308323,23.5587944,-8.24162044,1.67298248,-0.189570366,11.84429,-4.74135681,-0.937880276,-8.16620235,-2.97515143,-9.9217966,14.158901,-5.78822247,1.70097932
1154,-3.78702804,5.10716103,106.070709,-0.46793006,-0.241352405,3.06731144,-1.98003171,1.21375162,3.38343025,0,0,2.74656421,17.205571,-16.052536,66.6371082,-9.60484082,-7.55754541,-21.1327095,-1.29271639,-22.6604657,15.653028,72.3296747,6.55857304,-3.9573544,23.8575195,-8.23733706,1.62485835,-0.222873502,11.7668237,-4.70045935,-0.893519478,-8.14850874,-3.01109509,-9.96841606,14.0738942,-5.76818483,1.70816286
1155,-3.79770324,5.174632,106.072009,-0.484984507,-0.229063729,3.123675,-1.98820169,1.16798924,3.35084726,0,0,2.74801157,17.248736,-16.4272658,66.7917915,-9.92118274,-7.91700802,-21.1086552,-1.24805261,-22.5328351,15.7318996,72.2835846,5.79818985,-3.96159979,23.3562468,-8.23312966,1.58774823,-0.28017508,11.7054595,-4.67952482,-0.812234303,-8.1407966,-3.0442326,-10.0020957,14.0397322,-5.73271608,1.78136083
1156,-3.8172286,5.25740273,106.074655,-0.486745013,-0.221267676,3.16633498,-2.03005196,1.21991586,3.34699525,0,0,2.74545494,17.1130817,-16.4944561,66.7981368,-9.89560112,-7.86696066,-21.0887213,-1.35534304,-22.530955,16.1397814,72.3427409,6.40679428,-4.04532767,23.9011439,-8.24058481,1.5223576,-0.334894314,11.6700527,-4.65589108,-0.727267017,-8.14017506,-3.10561188,-10.0351752,14.0078198,-5.69013583,1.83228576
1157,-3.83243077,5.3324271,106.081748,-0.478746744,-0.214235991,3.19620716,-1.97922404,1.16633708,3.33326422,0,0,2.74832533,17.0063378,-16.5004513,66.8335376,-9.79367165,-7.88249592,-21.0609327,-1.35879986,-22.4312189,16.2567006,72.3430551,5.93990304,-3.95919428,23.3579014,-8.23898313,1.45295946,-0.364761157,11.631159,-4.62823223,-0.668541104,-8.15004041,-3.17269331,-10.0420156,13.9994588,-5.66273695,1.87184365
1158,-3.84877175,5.39677627,106.084788,-0.489945617,-0.199757573,3.24101459,-1.90381235,1.13133151,3.31071115,0,0,2.76216521,16.9071515,-16.5065574,66.8570471,-9.67748757,-8.0169371,-21.0582997,-1.32349653,-22.249068,16.3204604,72.3710452,6.50815984,-4.10645231,23.7847917,-8.24893557,1.4108586,-0.421168541,11.5885472,-4.60760122,-0.630152506,-8.14679522,-3.20988048,-10.0463024,13.9540201,-5.62202561,1.9114628
1159,-3.86644714,5.45364209,106.08325,-0.499556364,-0.198583359,3.26151403,-1.82117069,1.04313605,3.30416015,0,0,2.78161332,17.0483588,-16.9035758,66.7242409,-9.99710456,-7.98044084,-21.1029213,-1.33440072,-22.161365,16.4920809,72.3435605,6.25530666,-4.01686797,23.599504,-8.24493223,1.37742589,-0.43678254,11.5615679,-4.60054734,-0.586221743,-8.13890976,-3.24143382,-10.0310054,13.9229308,-5.58204552,1.97115738
1160,-3.88533212,5.51761054,106.078768,-0.513307047,-0.19372263,3.27646165,-1.8371051,1.06115313,3.29423353,0,0,2.79167995,17.0043997,-17.1564636,66.6959845,-10.3040789,-7.96488337,-20.9700656,-1.34922479,-22.0532089,16.5796934,72.3394351,6.02830148,-3.95250454,23.4865395,-8.25391222,1.34447888,-0.4468262,11.5464689,-4.63793025,-0.502260682,-8.14124996,-3.27038038,-10.0410628,13.8955648,-5.5500478,1.99145713
1161,-3.90095748,5.58761805,106.084025,-0.541669224,-0.184086719,3.30969377,-1.8860259,1.10719245,3.29913846,0,0,2.8450788,16.8944558,-17.0767297,66.5931833,-10.2583166,-7.86960821,-20.9106566,-1.4478285,-21.9810702,16.6580101,72.4504325,6.04773764,-4.05176597,23.6572123,-8.26756321,1.32653618,-0.480539507,11.5249334,-4.65462536,-0.442636172,-8.15621149,-3.28939733,-10.05793,13.8928677,-5.48591573,2.02950768
1162,-3.912035,5.64535968,106.086099,-0.542030041,-0.179532385,3.31964445,-1.82487244,1.07852582,3.26258713,0,0,2.9231707,16.752936,-16.8806947,66.5570516,-10.000477,-7.946768,-20.8991989,-1.4785986,-21.973656,16.976273,72.4614154,5.9862621,-3.94642482,23.4455754,-8.2749714,1.28685759,-0.48945269,11.5200925,-4.6670038,-0.434802639,-8.15057658,-3.32565646,-10.061211,13.8613114,-5.47481668,2.02825754
1163,-3.92752588,5.70327155,106.085753,-0.543679565,-0.178358019,3.33338455,-1.7898182,1.05328742,3.26358861,0,0,2.97654393,16.696616,-16.7405239,66.493804,-9.79066551,-8.02268897,-20.9255276,-1.50005362,-21.8444783,17.100731,72.4752261,6.28401565,-4.04329867,23.5718298,-8.29328143,1.2422144,-0.498280496,11.5357524,-4.65843661,-0.3723162,-8.13856655,-3.36592064,-10.0579889,13.8224075,-5.43101254,2.08222052
1164,-3.94940749,5.75349033,106.077194,-0.553679715,-0.190364321,3.35377394,-1.77587117,1.0001763,3.29004151,0,0,2.99325677,16.8011469,-17.0398671,66.3884893,-10.1526459,-7.95459882,-20.7748502,-1.53282209,-21.7299105,17.1076585,72.4599401,6.1889343,-3.97420619,23.6812853,-8.30381785,1.21157812,-0.51421426,11.55546,-4.67322098,-0.31020374,-8.14412803,-3.39711625,-10.0757217,13.8406151,-5.40829832,2.14252405
1165,-3.9730683,5.79853356,106.082714,-0.539339593,-0.199764869,3.37730842,-1.72979066,0.905582339,3.32024033,0,0,2.98594932,16.8367715,-17.1408549,66.3221067,-10.1911955,-7.93300432,-20.769994,-1.59798519,-21.6372504,17.1731583,72.5526121,5.96497965,-3.99889817,23.4322753,-8.33422158,1.15361895,-0.530328597,11.5984074,-4.65167899,-0.242647433,-8.15529453,-3.45115009,-10.1206046,13.8525722,-5.3891089,2.15248374
1166,-3.98894735,5.85673712,106.088686,-0.537725028,-0.205071958,3.40092381,-1.7713991,0.9317092,3.32473887,0,0,2.99660057,16.6715048,-16.9934355,66.3513877,-10.0123513,-7.92478931,-20.6866913,-1.67454595,-21.6398373,17.4913785,72.5341638,5.85333039,-3.97443969,23.4960471,-8.3643726,1.10951268,-0.58290035,11.63872,-4.63114146,-0.21488869,-8.15863706,-3.4969719,-10.1361228,13.8543079,-5.35951753,2.167822
1167,-4.00295705,5.90473339,106.092763,-0.551658919,-0.208899304,3.42527059,-1.79114603,0.930208372,3.32937486,0,0,3.05655405,16.5508512,-16.8937694,66.3303644,-9.96276066,-7.97607208,-20.5418844,-1.76556964,-21.5549381,17.8080568,72.5963185,6.67736966,-4.01040832,23.6074526,-8.38126622,1.08762321,-0.620454117,11.6597092,-4.60073987,-0.198204793,-8.15739567,-3.52112217,-10.1518263,13.8573431,-5.303723,2.22335336
1168,-4.00992371,5.94240837,106.086814,-0.546413364,-0.209072249,3.43248502,-1.75649392,0.884250751,3.30480645,0,0,3.09338969,16.4735318,-16.8322516,66.3516814,-9.86246873,-8.0254791,-20.5167066,-1.80374538,-21.5134908,17.9405727,72.629158,6.26359253,-4.07214085,23.5900783,-8.39668623,1.05005076,-0.632038759,11.6846223,-4.59762231,-0.162267232,-8.13987538,-3.55125291,-10.1753051,13.8172917,-5.30250082,2.20896898
1169,-4.03164327,5.99062406,106.089818,-0.566255038,-0.218808852,3.41749313,-1.71399809,0.861643198,3.33101325,0,0,3.07873573,16.3853062,-16.7219082,66.430577,-9.75768509,-8.10588324,-20.5919975,-1.88988901,-21.4957357,18.3593248,72.6429209,6.19395705,-4.04704973,23.4078284,-8.40321247,1.04344298,-0.619823712,11.6965811,-4.59031913,-0.113097474,-8.15125277,-3.5584451,-10.1569959,13.8279109,-5.24373387,2.28596933
1170,-4.04832996,6.02667257,106.092703,-0.567530831,-0.222474525,3.42050241,-1.69192025,0.836749987,3.34386169,0,0,3.05648724,16.3464561,-16.7139322,66.479003,-9.72844761,-8.07404687,-20.6441324,-1.95604067,-21.4983756,18.6753781,72.6363912,6.18902266,-3.98825503,23.1838545,-8.4288863,1.01580089,-0.629775778,11.7249683,-4.59615339,-0.0869546781,-8.15043571,-3.58293197,-10.1557613,13.8085764,-5.2206504,2.27104366
1171,-4.0619716,6.0604427,106.096911,-0.560106688,-0.220947112,3.41693398,-1.63461688,0.790225353,3.35598805,0,0,3.0483098,16.3801733,-16.8914266,66.4208303,-9.8655739,-7.97377799,-20.5423284,-2.01036949,-21.4400816,18.897151,72.6185849,6.0241133,-4.01287274,23.1562162,-8.45237959,0.981244293,-0.62916469,11.7549468,-4.57054787,-0.0509797049,-8.13799708,-3.61164224,-10.1521712,13.7558021,-5.18143999,2.27742306
1172,-4.08042707,6.10358529,106.090319,-0.578368871,-0.230941046,3.41597795,-1.585625,0.783876425,3.36226393,0,0,3.03770123,16.3783394,-17.0111138,66.4079076,-9.93636454,-8.00482632,-20.4908851,-2.00054277,-21.4360586,19.0121645,72.5252709,6.04672464,-3.97414258,23.3188601,-8.45374819,0.971943283,-0.633607141,11.76521,-4.58490151,-0.0358777564,-8.14167514,-3.62364715,-10.1581886,13.7692908,-5.14748669,2.33396016
1173,-4.09218334,6.13261908,106.086814,-0.574434707,-0.231236115,3.39974724,-1.52738184,0.762532564,3.34604479,0,0,3.06481815,16.2793871,-16.8363907,66.4369837,-9.67858381,-8.04531227,-20.5157624,-2.03760594,-21.4541177,19.2905016,72.5228871,6.05324918,-3.9960026,23.2155278,-8.4625412,0.945633181,-0.599558488,11.7787022,-4.59253894,-0.0151979563,-8.13737724,-3.6423448,-10.1475053,13.7396785,-5.13634025,2.35028496
1174,-4.10324521,6.16666488,106.094074,-0.58905224,-0.224561267,3.3846671,-1.50167109,0.733135003,3.33574315,0,0,3.02034679,16.3086254,-16.8312578,66.5130856,-9.53100392,-8.06862797,-20.6592903,-2.06467569,-21.43918,19.3885233,72.4507467,5.57320384,-3.82957949,23.0669712,-8.48736638,0.942183188,-0.580443883,11.7966033,-4.59048434,0.00693382553,-8.14552822,-3.64257574,-10.1331773,13.7155629,-5.08748348,2.39150536
1175,-4.11684699,6.19255714,106.09529,-0.587467772,-0.22547676,3.37533538,-1.46269952,0.705402194,3.3525117,0,0,2.97294528,16.3210802,-16.8662011,66.5296215,-9.44673987,-8.00058221,-20.756156,-2.05838359,-21.4382358,19.3810613,72.3299821,4.71667977,-3.5996971,22.7946926,-8.51368481,0.921111201,-0.582757023,11.832507,-4.59691539,0.029907444,-8.13763764,-3.66125375,-10.1163494,13.6791178,-5.06394024,2.38469865
1176,-4.12909351,6.21744618,106.087196,-0.593259721,-0.227540188,3.36456865,-1.41064057,0.694330191,3.37219438,0,0,2.93687889,16.3676519,-16.9514521,66.5106951,-9.46456667,-7.96950912,-20.8684136,-2.10687046,-21.4352441,19.6459685,72.3182888,5.080436,-3.64719978,22.8278719,-8.51783756,0.909342465,-0.561509692,11.8394482,-4.59961118,0.0380102395,-8.13745152,-3.67098506,-10.1042924,13.6623506,-5.04225952,2.38662647
1177,-4.13674004,6.2374752,106.079173,-0.590427575,-0.226934868,3.35261508,-1.38562586,0.6635564,3.36835432,0,0,2.91173419,16.502222,-17.2377224,66.4536767,-9.80019875,-7.88209721,-20.8822174,-2.12147789,-21.4106691,19.839087,72.2997517,5.21144202,-3.71011521,22.7700322,-8.51886038,0.891508841,-0.542063129,11.8447237,-4.60067242,0.0697007998,-8.13394678,-3.68648233,-10.0971959,13.6446954,-5.03300504,2.41826241
1178,-4.15130779,6.2643595,106.086528,-0.606550699,-0.218243758,3.33777438,-1.33789884,0.669814507,3.38007002,0,0,2.87461531,16.4847435,-17.293163,66.4951086,-9.88196379,-7.915636,-20.8519716,-2.15556565,-21.3718719,19.9954369,72.2848209,5.31789735,-3.68474448,22.7800042,-8.54512246,0.894559587,-0.552661075,11.8528849,-4.5956676,0.110837428,-8.15029825,-3.68218999,-10.0557255,13.6269599,-4.98601291,2.46149644
1179,-4.15685438,6.27629906,106.090415,-0.605089315,-0.218636784,3.33031137,-1.31985914,0.65190271,3.37686772,0,0,2.9100275,16.2777803,-16.7801765,66.6049107,-9.34453292,-7.9813928,-20.9239977,-2.17873771,-21.3254352,20.0913395,72.2847458,5.13446493,-3.57553936,22.6696847,-8.56125024,0.882916729,-0.559377125,11.872164,-4.59624731,0.143545777,-8.15143633,-3.68878581,-10.0719643,13.6118174,-4.97437896,2.45195958
1180,-4.16170098,6.28535897,106.091285,-0.597444159,-0.214845278,3.31445709,-1.27202828,0.605145956,3.36553174,0,0,2.87677365,16.3296197,-16.9409216,66.6404277,-9.53368477,-7.99144854,-20.8876832,-2.21125112,-21.2989785,20.312344,72.2891649,5.16351544,-3.57062034,22.6590996,-8.56541922,0.867955787,-0.544737468,11.8728299,-4.5800969,0.139830354,-8.14915846,-3.7028321,-10.0535475,13.5867882,-4.95383631,2.4851067
1181,-4.16803062,6.29493818,106.080151,-0.590372707,-0.212462894,3.295228,-1.22989733,0.569637617,3.35827979,0,0,2.81664216,16.4696112,-17.3089339,66.6459806,-9.99001568,-7.98338123,-20.923914,-2.25598758,-21.2787918,20.5479701,72.3052022,5.27262429,-3.55472414,22.527639,-8.56544142,0.853595848,-0.526868946,11.8686788,-4.5803001,0.14737235,-8.14498095,-3.71334803,-10.0489935,13.5608881,-4.95910068,2.50399879
1182,-4.17775288,6.30597621,106.081855,-0.588123893,-0.207789125,3.28111348,-1.20109634,0.544618954,3.34390907,0,0,2.8043809,16.5227399,-17.5374447,66.6297794,-10.3127643,-7.93744821,-20.8008203,-2.29820732,-21.2649607,20.7610669,72.324477,5.221511,-3.55931382,22.4619292,-8.57467413,0.843014924,-0.508056151,11.8725217,-4.56092541,0.149637999,-8.14228815,-3.72024737,-10.052103,13.5302445,-4.92293142,2.50146009
1183,-4.18497175,6.31447062,106.092584,-0.586522298,-0.20414787,3.27320596,-1.18430443,0.533201866,3.33745454,0,0,2.79700707,16.4897381,-17.4401179,66.6522371,-10.1872545,-7.91027089,-20.8330469,-2.35762463,-21.2421701,20.9176131,72.3850539,5.05991171,-3.57850046,22.4696182,-8.58481354,0.832875135,-0.519042137,11.8673606,-4.54095394,0.201797566,-8.15666484,-3.72845385,-10.0601779,13.5322978,-4.89185533,2.54121692
1184,-4.19516861,6.31580651,106.09777,-0.576714733,-0.193680689,3.26365312,-1.1682712,0.481900155,3.33577795,0,0,2.75222964,16.5118765,-17.4712909,66.694154,-10.1728923,-7.88138004,-20.7591442,-2.40739921,-21.1761136,21.0964514,72.3827317,4.85982943,-3.48445558,22.3086136,-8.60346508,0.820119223,-0.534590102,11.8665914,-4.52492946,0.211230163,-8.15800612,-3.73760075,-10.0454947,13.4857953,-4.87189411,2.52679519
1185,-4.2014841,6.3215293,106.09293,-0.562570345,-0.189877659,3.24699837,-1.16136012,0.476284832,3.33207833,0,0,2.72399278,16.5235185,-17.594347,66.7125955,-10.3405854,-7.88553536,-20.7283845,-2.45067614,-21.1891507,21.2201222,72.3846714,4.88589557,-3.47939612,22.4349533,-8.61054628,0.79895839,-0.525190267,11.8674912,-4.51114059,0.225449523,-8.15257185,-3.75396289,-10.0487493,13.4530531,-4.86961026,2.52678366
1186,-4.20774296,6.32377937,106.089234,-0.565060688,-0.190218045,3.2280085,-1.13106172,0.451475451,3.32740243,0,0,2.72200818,16.5186281,-17.6026782,66.7188656,-10.3583507,-7.87531569,-20.649074,-2.47089265,-21.1594496,21.3471228,72.3682858,4.87734588,-3.45706247,22.4562977,-8.60954139,0.802770062,-0.496890179,11.8659613,-4.51722117,0.22956698,-8.15502303,-3.74910492,-10.0370219,13.4442293,-4.85094336,2.52720308
1187,-4.21592183,6.32448122,106.084251,-0.562632549,-0.184587988,3.21216688,-1.10176245,0.427635983,3.31685042,0,0,2.70795208,16.5162888,-17.5819127,66.7454555,-10.3118166,-7.89504811,-20.641904,-2.4437102,-21.1128882,21.3220713,72.3294698,4.82202818,-3.48868603,22.450644,-8.6125535,0.800735947,-0.481785376,11.8519227,-4.52141362,0.246119357,-8.15128009,-3.746334,-10.0471733,13.4075802,-4.84830221,2.49106732
1188,-4.22530286,6.32674545,106.09107,-0.56251753,-0.183721277,3.19096636,-1.1015378,0.420656864,3.31538044,0,0,2.72167564,16.4554864,-17.490856,66.7505372,-10.1855427,-7.86265935,-20.5177448,-2.44330253,-21.0867389,21.3389299,72.3228377,4.75897614,-3.48938783,22.4220596,-8.61208563,0.800857236,-0.468032416,11.8380745,-4.50781813,0.270776473,-8.16294349,-3.7438969,-10.0312905,13.4039116,-4.82235987,2.5067616
1189,-4.23242301,6.31977096,106.1028,-0.556543387,-0.185341698,3.17962555,-1.0680751,0.365904119,3.33302026,0,0,2.70129051,16.4682469,-17.4252213,66.7801051,-10.0755288,-7.86904557,-20.5888778,-2.45060293,-21.015056,21.3312426,72.3213146,4.75473203,-3.39524157,22.3586447,-8.61764199,0.800157088,-0.474738168,11.8398648,-4.4916229,0.2619488,-8.16927764,-3.74445869,-10.0071202,13.3992184,-4.78816026,2.51643165
1190,-4.23776731,6.31303936,106.103683,-0.541080305,-0.181378162,3.17679648,-1.04747077,0.332679625,3.32232354,0,0,2.70586738,16.4798548,-17.3910345,66.7745521,-10.0346279,-7.86346275,-20.6900449,-2.41485671,-20.9636162,21.1714161,72.3163012,4.6507074,-3.37063475,22.3824992,-8.63143129,0.782477197,-0.454843428,11.8533681,-4.48270481,0.260237598,-8.16612978,-3.75466214,-10.0214354,13.3714374,-4.78462777,2.51858957
1191,-4.24339511,6.31000772,106.100881,-0.551394571,-0.182234002,3.18213432,-1.05153067,0.328111669,3.32996417,0,0,2.67652702,16.5111712,-17.4585646,66.7734866,-10.1413402,-7.83907641,-20.6997984,-2.3849804,-20.8915457,20.9127159,72.3292444,4.36135241,-3.38903122,22.3900226,-8.62952396,0.796273699,-0.467183765,11.8377407,-4.48128071,0.284341442,-8.17116875,-3.74124594,-10.0251459,13.3792426,-4.77266298,2.52041963
1192,-4.24955413,6.29778653,106.100643,-0.545938558,-0.182297857,3.1766828,-1.01471435,0.280984644,3.33244289,0,0,2.65482025,16.5555999,-17.5060959,66.7804124,-10.1510818,-7.86428066,-20.709989,-2.36485439,-20.8034431,20.7220375,72.3501995,4.11543401,-3.39683792,22.3584757,-8.63807023,0.797454201,-0.454323106,11.845101,-4.46919128,0.277075962,-8.16685975,-3.73729211,-10.0282929,13.3572084,-4.76976186,2.49305
1193,-4.2556081,6.29178435,106.103528,-0.555120495,-0.183512386,3.19227997,-1.04261066,0.279404443,3.33550431,0,0,2.65768616,16.5155169,-17.4154678,66.8025354,-10.0795296,-7.84385498,-20.7454855,-2.3703862,-20.7357918,20.6534385,72.4004492,3.98675026,-3.42786618,22.2211513,-8.64569016,0.809303085,-0.469295841,11.8451121,-4.46987899,0.302674417,-8.17282934,-3.72502979,-10.0514797,13.3710712,-4.75718535,2.4912146
1194,-4.25835587,6.27801791,106.104875,-0.544852035,-0.180797771,3.19838674,-1.05437758,0.251997321,3.33106768,0,0,2.67889582,16.4775121,-17.2422576,66.814659,-9.92920736,-7.85136563,-20.8377836,-2.37669964,-20.6850213,20.6375173,72.3998208,4.06294102,-3.32767179,22.2279457,-8.66465333,0.806115361,-0.483542175,11.8640864,-4.46024031,0.262704363,-8.16381093,-3.72325095,-10.0684553,13.3397104,-4.75672303,2.46187744
1195,-4.26143147,6.2598221,106.104481,-0.52361421,-0.18484154,3.21465585,-1.086064,0.21733814,3.33166169,0,0,2.7100895,16.4707416,-17.1757623,66.7908968,-9.85115196,-7.88674857,-20.8816061,-2.3764909,-20.6412449,20.5887446,72.4123815,4.02162008,-3.31900386,22.1920684,-8.68033544,0.787459019,-0.503776344,11.894514,-4.44315331,0.270970626,-8.15896747,-3.74030935,-10.0842219,13.3405283,-4.75807925,2.48157549
1196,-4.26614173,6.25289083,106.106293,-0.53651401,-0.191496573,3.22252235,-1.09817766,0.232677865,3.34266491,0,0,2.72953014,16.4550288,-17.1105237,66.7569234,-9.75484971,-7.86923426,-20.8737702,-2.39733173,-20.6359549,20.6794479,72.411036,4.11069514,-3.31534266,22.1400821,-8.69137218,0.806473306,-0.51942943,11.9183608,-4.44402886,0.285167041,-8.1661699,-3.7256445,-10.0937782,13.3709952,-4.73815687,2.49741235
1197,-4.27086763,6.23679683,106.099224,-0.527752548,-0.191294525,3.23779421,-1.13097847,0.215199904,3.34245979,0,0,2.73036044,16.4544414,-17.0894765,66.7597101,-9.77599853,-7.86035331,-20.8445865,-2.42711092,-20.6363408,20.8662996,72.3998208,4.28599707,-3.28609067,22.0625526,-8.7161393,0.802890551,-0.5401963,11.9564024,-4.46396405,0.286182472,-8.14950424,-3.72380121,-10.1205927,13.3390828,-4.75766688,2.47485501
1198,-4.27398011,6.22947365,106.103599,-0.537232056,-0.195440465,3.24192122,-1.15361906,0.225282584,3.34697006,0,0,2.7452272,16.4411174,-17.0837887,66.7444925,-9.80517966,-7.8694255,-20.7897161,-2.43938157,-20.6023077,20.9179683,72.3978878,4.31801528,-3.2633154,22.0649995,-8.72362518,0.818533605,-0.558913206,11.9657384,-4.4490371,0.275051504,-8.15563946,-3.708286,-10.1407776,13.3594129,-4.75202599,2.46141
1199,-4.275392,6.21132292,106.110632,-0.525758972,-0.198357209,3.26293797,-1.18422225,0.208055313,3.34605098,0,0,2.75779432,16.4378423,-17.0413032,66.7376828,-9.79343344,-7.86290694,-20.8051711,-2.43449905,-20.5996627,20.9882066,72.3633476,4.37206599,-3.22346402,22.0843409,-8.743618,0.811855601,-0.568259679,12.0029211,-4.43363203,0.247303381,-8.14825176,-3.71222105,-10.1681871,13.3557536,-4.75139634,2.43016765
1200,-4.27618064,6.19651414,106.101692,-0.526886489,-0.198152936,3.26234631,-1.19006505,0.196847172,3.33554849,0,0,2.74249085,16.5403157,-17.230648,66.7145011,-9.94761813,-7.88878738,-20.8357345,-2.41004591,-20.5712389,20.9916285,72.3401591,4.29812535,-3.2168445,22.0572883,-8.74742242,0.821832107,-0.576439258,12.006355,-4.45082917,0.248862638,-8.14251269,-3.70083726,-10.1816375,13.3476803,-4.75882118,2.45075021
1201,-4.27865386,6.18295446,106.099617,-0.522526696,-0.201107142,3.26927311,-1.19646131,0.194689113,3.32814009,0,0,2.76063909,16.5205593,-17.1333468,66.7223831,-9.8328351,-7.89900022,-20.8401059,-2.39542802,-20.5541275,21.0131607,72.3319629,4.2704793,-3.22125318,22.0213785,-8.75258689,0.824090391,-0.586228893,12.0189652,-4.42999666,0.265210082,-8.14700012,-3.70264854,-10.1796781,13.3684484,-4.75372714,2.48778051
1202,-4.27829698,6.16634302,106.095028,-0.506776742,-0.197973846,3.26448132,-1.20691556,0.200955038,3.31977887,0,0,2.73697206,16.516007,-17.1465581,66.7507694,-9.77371725,-7.91422471,-20.8438334,-2.39131689,-20.5606896,21.050322,72.3337387,4.31511928,-3.2024693,22.0132421,-8.773302,0.815664766,-0.597984503,12.0504771,-4.43353684,0.256230625,-8.13438476,-3.70661389,-10.1912903,13.3313613,-4.76985706,2.43202588
1203,-4.27747853,6.14544414,106.09895,-0.495705253,-0.201452244,3.26739908,-1.17996555,0.160277673,3.31614435,0,0,2.73701389,16.5189969,-17.0885015,66.7717654,-9.6844629,-7.91730001,-20.8193967,-2.36808614,-20.478794,20.977046,72.3611278,4.38327817,-3.23547683,21.972179,-8.77664709,0.8142435,-0.595012837,12.0627587,-4.41322898,0.248108036,-8.13979,-3.70750992,-10.190235,13.3510587,-4.77643581,2.41852666
1204,-4.27508727,6.1310295,106.099153,-0.504153125,-0.203947956,3.26564575,-1.18882836,0.168769839,3.30980295,0,0,2.71281005,16.4930712,-16.999639,66.8352452,-9.64025706,-7.94603547,-20.8833,-2.36499462,-20.4054036,20.9457621,72.4425914,4.6413876,-3.4204915,22.0386692,-8.77949784,0.835843439,-0.605984789,12.0683731,-4.42211505,0.270262315,-8.13998893,-3.68807249,-10.1927502,13.3606876,-4.76726201,2.4218886
1205,-4.27337475,6.11391179,106.097066,-0.506569161,-0.206455194,3.26522757,-1.21536514,0.159569174,3.30748666,0,0,2.69649294,16.5617454,-17.1644208,66.8196314,-9.9007084,-7.91827331,-20.8555916,-2.35429236,-20.3399328,20.900997,72.4572627,4.64335256,-3.42835625,22.002336,-8.78372402,0.849640902,-0.611569002,12.085382,-4.42252401,0.238674851,-8.13786987,-3.67368982,-10.2016346,13.3680941,-4.76863531,2.41563066
1206,-4.27309349,6.09781966,106.093442,-0.500248191,-0.207095044,3.27068744,-1.2246478,0.148163065,3.30105433,0,0,2.68950225,16.5370969,-17.1239536,66.8375333,-9.83926401,-7.87453961,-20.8209694,-2.35242494,-20.2924408,20.8667607,72.4899042,4.67067076,-3.50186339,21.9883563,-8.78841892,0.853136678,-0.613797618,12.0902459,-4.41256773,0.241011576,-8.13801416,-3.67258076,-10.1959809,13.3756423,-4.78396054,2.38186434
1207,-4.2725727,6.07527271,106.096137,-0.479026133,-0.208737457,3.27311966,-1.25144199,0.131985268,3.29908254,0,0,2.6987913,16.4801366,-16.9762627,66.8553669,-9.67125844,-7.87635644,-20.8751208,-2.35802121,-20.2911738,20.9009321,72.4650423,4.55610586,-3.40269971,21.9390901,-8.81145715,0.840042618,-0.604510482,12.1367108,-4.40132396,0.223798832,-8.12888134,-3.68212382,-10.2052751,13.3590876,-4.78555497,2.36398866
1208,-4.27101031,6.05890192,106.094909,-0.481256072,-0.211691777,3.2724504,-1.24852144,0.126797539,3.30006908,0,0,2.67229017,16.5404727,-17.1034716,66.8521636,-9.86191207,-7.84052612,-20.9357661,-2.36361236,-20.2370172,20.8714837,72.4978135,4.62947831,-3.43808543,21.9236505,-8.81295552,0.853789334,-0.608619481,12.1460315,-4.4138296,0.219319802,-8.13246207,-3.66893302,-10.2136856,13.3730852,-4.79601113,2.3528864
1209,-4.27030772,6.04525842,106.092584,-0.485591694,-0.219722428,3.28006921,-1.26464015,0.123758706,3.29446832,0,0,2.66580533,16.5285558,-17.0802558,66.8832341,-9.89456293,-7.86027049,-20.9887103,-2.35758942,-20.1905293,20.9591561,72.5191579,4.778125,-3.47582094,21.9078659,-8.82578091,0.869515311,-0.621565197,12.1825004,-4.43654255,0.202732127,-8.13713562,-3.65346264,-10.2589894,13.3991185,-4.81669295,2.35101835
1210,-4.27051522,6.03122488,106.09225,-0.48600027,-0.221981371,3.28293813,-1.27221601,0.127460508,3.29471613,0,0,2.65956766,16.5386764,-17.1132678,66.8785008,-9.9498499,-7.83523785,-21.0505337,-2.34831338,-20.1793721,20.9759532,72.4938998,4.75817871,-3.43909224,21.9178175,-8.82521486,0.880258292,-0.632126911,12.1824577,-4.43294389,0.187258321,-8.14642895,-3.64615946,-10.2599055,13.4272973,-4.8208679,2.35671515
1211,-4.26793769,6.01035804,106.090879,-0.473366157,-0.220489805,3.28234592,-1.27174078,0.11753044,3.28781401,0,0,2.64905173,16.459173,-16.9282499,66.9586394,-9.7495085,-7.90151373,-21.1467062,-2.3448366,-20.1442479,21.0000228,72.5005934,4.69224519,-3.41809389,21.8684813,-8.83170951,0.877563622,-0.623435495,12.1892034,-4.42678135,0.178521935,-8.14338781,-3.64684675,-10.2556247,13.4182063,-4.83548151,2.31123356
1212,-4.26322781,5.98984361,106.094348,-0.463443302,-0.220341396,3.27936129,-1.28052077,0.118838101,3.27695828,0,0,2.69083328,16.4322569,-16.9448268,66.908738,-9.72327118,-7.89661819,-21.0337059,-2.35114257,-20.1392243,21.1394628,72.4813937,4.78489244,-3.36863009,21.8388725,-8.84217251,0.878691457,-0.623889222,12.2095557,-4.41729635,0.154955821,-8.13731577,-3.64487026,-10.2442772,13.408551,-4.83999926,2.29547247
1213,-4.25869673,5.98060451,106.092584,-0.467545875,-0.223214813,3.27333921,-1.30194835,0.130235072,3.26994901,0,0,2.70094772,16.4310377,-16.9826609,66.8859525,-9.78847217,-7.86636216,-20.9511716,-2.36548597,-20.1474069,21.1885633,72.4866052,4.78634727,-3.36240309,21.8848977,-8.8408688,0.892066355,-0.62122785,12.2200648,-4.42952325,0.161502264,-8.14173575,-3.63016017,-10.2471083,13.4246105,-4.84959866,2.28957354
1214,-4.25444208,5.96592091,106.093669,-0.459938889,-0.223841595,3.27082683,-1.31643828,0.123557015,3.25665042,0,0,2.70562171,16.4695088,-17.0897907,66.8633104,-9.90146484,-7.85014388,-20.8724895,-2.3616124,-20.1514486,21.2554087,72.4656843,4.79679703,-3.33239188,21.9298711,-8.85479641,0.89325246,-0.620224612,12.2496062,-4.43794273,0.160410915,-8.13058632,-3.62820759,-10.2473209,13.4067273,-4.8455061,2.27470891
1215,-4.24942933,5.95054366,106.093919,-0.447642004,-0.22688421,3.27781115,-1.34230378,0.117599756,3.24997732,0,0,2.71629452,16.4513371,-17.058254,66.8601549,-9.71994317,-7.86434214,-20.774174,-2.35480739,-20.1308129,21.277419,72.4662375,4.77366788,-3.28703195,21.903959,-8.85734407,0.888482907,-0.637887482,12.2649212,-4.42880522,0.158627782,-8.13814564,-3.63666208,-10.2731432,13.4380676,-4.87120682,2.27617143
1216,-4.24720459,5.9341006,106.09374,-0.451818779,-0.222589769,3.28095117,-1.3251583,0.136383176,3.23966907,0,0,2.72229228,16.3682905,-16.9024591,66.9007057,-9.49931525,-7.91282879,-20.7987576,-2.3710594,-20.1323104,21.3567192,72.4933261,4.88710323,-3.2587729,21.935564,-8.86100163,0.905183733,-0.661693412,12.2566865,-4.41928052,0.122896848,-8.13387165,-3.62087837,-10.2463066,13.4247283,-4.87550728,2.22799085
1217,-4.24625389,5.91816194,106.097031,-0.439790405,-0.231521491,3.29321141,-1.32252739,0.122845861,3.25102682,0,0,2.67622265,16.3802399,-16.9249048,66.9383264,-9.51281171,-7.97361748,-20.8656747,-2.34262575,-20.1231972,21.3247812,72.4509379,4.87695784,-3.20118138,21.9375841,-8.87492924,0.898134871,-0.67687847,12.2978683,-4.42807354,0.155679955,-8.14011444,-3.62887823,-10.2908223,13.4605526,-4.89143272,2.24053534
1218,-4.24128175,5.90997301,106.095231,-0.441097435,-0.231886027,3.29491151,-1.33707911,0.145190612,3.23845992,0,0,2.67196253,16.3781465,-16.9532211,66.9427592,-9.53580725,-7.99207009,-20.8760156,-2.3145509,-20.1239981,21.1686584,72.4440531,4.7266258,-3.17258594,22.017721,-8.8815144,0.906678371,-0.676685784,12.3152554,-4.43338145,0.154687536,-8.13124373,-3.61715933,-10.3116843,13.4515334,-4.89870473,2.22183898
1219,-4.23765518,5.90291135,106.097209,-0.442926437,-0.233034263,3.29357153,-1.35450869,0.180253775,3.22466187,0,0,2.67088742,16.32838,-16.8930334,66.9613715,-9.5055478,-8.01492902,-20.908932,-2.28126419,-20.1432387,21.1446555,72.4124157,4.72000778,-3.14731574,22.0107405,-8.88590194,0.915462421,-0.674351887,12.3294707,-4.43608791,0.15382784,-8.14086917,-3.61141429,-10.3053928,13.4802808,-4.89340878,2.24769701
1220,-4.23359536,5.88691682,106.095409,-0.427340048,-0.236232672,3.29516666,-1.34442562,0.172177383,3.21543578,0,0,2.68067294,16.3199977,-16.8702548,66.9554087,-9.55967876,-8.01864123,-21.0056782,-2.25634083,-20.1323019,21.1290963,72.40118,4.7339388,-3.09309215,21.9723958,-8.88917531,0.907198425,-0.66592925,12.3487455,-4.42822551,0.122558166,-8.15176162,-3.62131208,-10.3245677,13.5149619,-4.93411628,2.21311512
1221,-4.22952883,5.8733847,106.091869,-0.436838062,-0.234821533,3.297087,-1.34055707,0.176736534,3.1979475,0,0,2.6843636,16.3355346,-16.8843642,66.9514882,-9.5705823,-8.00112521,-21.1052009,-2.22442036,-20.1322882,21.1418175,72.3661889,4.79799957,-3.04488702,21.983138,-8.885779,0.928165185,-0.672023166,12.3434351,-4.43485762,0.0862508017,-8.15110336,-3.60199631,-10.3310837,13.5209298,-4.94022204,2.19365698
1222,-4.22699936,5.85790575,106.095922,-0.434854476,-0.240788756,3.30339787,-1.33211698,0.168841863,3.19780663,0,0,2.65766375,16.3741781,-16.9707388,66.9447741,-9.71254095,-7.99370763,-21.1310378,-2.20336033,-20.1240339,21.0875995,72.3582044,4.81725345,-3.04010546,22.0066202,-8.89142415,0.932875454,-0.662759989,12.3691584,-4.44160585,0.0738120534,-8.15802917,-3.59709949,-10.3573766,13.5543601,-4.95873868,2.19364673
1223,-4.22470607,5.84723875,106.095505,-0.437136567,-0.241549862,3.30413262,-1.33904973,0.190409172,3.17993693,0,0,2.67261631,16.3800555,-17.0207085,66.9113881,-9.78119375,-7.96713563,-21.1327641,-2.15695047,-20.1437681,21.0819065,72.3070941,4.8874759,-3.00739761,22.002896,-8.89785648,0.943406005,-0.673122987,12.3836077,-4.46035941,0.0817294033,-8.1525377,-3.58616863,-10.3724252,13.5512994,-4.96699681,2.1860172
1224,-4.21885289,5.83260097,106.092238,-0.428862347,-0.240056646,3.31375506,-1.33998568,0.196904735,3.1611791,0,0,2.65130377,16.3653211,-17.0403145,66.9524512,-9.78031436,-7.97461981,-21.1002336,-2.12225738,-20.1447175,21.0549273,72.3032487,4.88023548,-3.0297161,21.9854552,-8.90319769,0.943246563,-0.68505981,12.3903183,-4.45748775,0.0824606137,-8.14851813,-3.58553086,-10.37569,13.5496217,-4.98750189,2.17550767
1225,-4.21657898,5.81863746,106.090522,-0.420165018,-0.241920649,3.32279776,-1.34100082,0.196714237,3.14955092,0,0,2.65525632,16.3337639,-17.0016693,66.9526425,-9.76159452,-7.97113983,-21.0711609,-2.08068992,-20.1402932,21.0023228,72.2829084,4.85190044,-3.04056351,21.9733623,-8.90927314,0.93929199,-0.684424335,12.4106928,-4.44988916,0.0843998805,-8.15074051,-3.59340222,-10.3772857,13.5704222,-4.99516536,2.17896567
1226,-4.21271287,5.80842197,106.086624,-0.428738852,-0.242082164,3.32552114,-1.36679876,0.228303369,3.14428719,0,0,2.64686735,16.325274,-16.9833507,66.964971,-9.77434392,-7.96945789,-21.0837985,-2.07941481,-20.1758426,21.0487152,72.2681074,4.89276631,-3.05745606,22.0526813,-8.91363422,0.955730121,-0.678388049,12.4230435,-4.45559152,0.0400668035,-8.14637687,-3.57636432,-10.3680667,13.5717233,-4.99905217,2.14335584
1227,-4.20950167,5.79346344,106.08722,-0.428053312,-0.247003344,3.33624674,-1.35325727,0.210354312,3.14521844,0,0,2.61037365,16.4006024,-17.1554664,66.9588579,-9.8978935,-7.93821234,-21.0195708,-2.04675199,-20.172711,21.0699998,72.2313132,5.00453297,-3.04435192,22.0842112,-8.92255103,0.962987944,-0.689774188,12.4464625,-4.47021282,0.0358546145,-8.14484349,-3.56897747,-10.390707,13.5897414,-5.01724608,2.15387049
1228,-4.20455784,5.78265488,106.084394,-0.436260088,-0.247619779,3.33391013,-1.34798724,0.234749626,3.13456847,0,0,2.60446297,16.3497483,-17.0930982,66.9836037,-9.72326947,-7.95162085,-20.9389797,-2.02088158,-20.1853246,21.0955003,72.2170927,5.08769735,-3.04684152,22.1264251,-8.92312647,0.981751328,-0.698234818,12.4519582,-4.49125834,0.0268563322,-8.14558884,-3.55151502,-10.3890627,13.5953908,-5.03109899,2.1489662
1229,-4.19793501,5.76360449,106.081665,-0.419457196,-0.246733887,3.34743712,-1.35492266,0.234630205,3.10905195,0,0,2.61378469,16.3348909,-17.0977701,66.9755441,-9.66629716,-7.95408911,-20.8689207,-1.97447834,-20.1913574,21.0963455,72.2159453,5.16599608,-3.05819543,22.1328182,-8.9329739,0.969959006,-0.703236864,12.4756317,-4.48429453,0.033497769,-8.14117909,-3.56200726,-10.4012554,13.5995273,-5.05980286,2.14847634
1230,-4.19317409,5.7527557,106.08176,-0.42206431,-0.247103428,3.35474569,-1.35132262,0.234374313,3.09541334,0,0,2.62318644,16.31049,-17.0547553,66.9713777,-9.6219957,-7.97776938,-20.874197,-1.95223434,-20.1804496,21.1314715,72.2245376,5.26049687,-3.06723775,22.1268145,-8.93395659,0.98163276,-0.719338555,12.4779001,-4.48150227,0.0170059087,-8.14291225,-3.55462574,-10.4024959,13.6152573,-5.05575426,2.15168547
1231,-4.18759882,5.74194044,106.08207,-0.411452044,-0.248008836,3.36240323,-1.37296888,0.235240039,3.09133487,0,0,2.62288592,16.2600901,-16.9325137,66.9839247,-9.47351592,-8.00391705,-20.8841179,-1.96096481,-20.1572833,21.1422768,72.2843291,5.39344863,-3.15608335,22.1607981,-8.94920584,0.972712853,-0.718894165,12.5168237,-4.47738281,-0.020505005,-8.13825577,-3.55960666,-10.4183095,13.6183223,-5.05641594,2.17870996
1232,-4.18554284,5.73380217,106.082821,-0.42353106,-0.246554431,3.36105127,-1.36917332,0.259287535,3.086015,0,0,2.62460435,16.2528859,-16.9592829,66.9463655,-9.44241465,-7.95510254,-20.8567476,-1.95031164,-20.1747891,21.1752257,72.2735511,5.41108632,-3.12336696,22.1968358,-8.96335372,0.994394755,-0.720665319,12.5388229,-4.49662943,-0.0244126819,-8.13671983,-3.53812422,-10.4188594,13.6139271,-5.07281394,2.11590872
1233,-4.18267921,5.72014265,106.080759,-0.415763589,-0.248465385,3.36912356,-1.38224577,0.272509714,3.08449742,0,0,2.59998792,16.2277389,-16.9501236,66.9641513,-9.44297302,-8.02652839,-20.962648,-1.94672344,-20.2022294,21.2063679,72.2802993,5.39722359,-3.11183931,22.2303089,-8.98051457,0.992288495,-0.724130573,12.5731787,-4.51350597,-0.00155227742,-8.12431706,-3.53770865,-10.4249365,13.5981382,-5.08847599,2.10513517
1234,-4.17971238,5.71232811,106.075656,-0.420323542,-0.246299469,3.37371446,-1.38979686,0.289980777,3.07238856,0,0,2.60704094,16.1881818,-16.8888431,66.9715962,-9.41614404,-8.07929587,-20.9953731,-1.9268224,-20.2065853,21.2069912,72.2835505,5.37564489,-3.10667953,22.2461157,-8.98393821,1.00334839,-0.739627151,12.5742357,-4.5333592,-0.0245626943,-8.12627306,-3.5266463,-10.4341086,13.604399,-5.10675955,2.09095356
1235,-4.17368561,5.70100844,106.081057,-0.414814697,-0.242336645,3.37627957,-1.39056771,0.304521823,3.0554768,0,0,2.60418422,16.1874561,-16.9396068,66.9530796,-9.50730914,-8.06107634,-21.0278558,-1.91883322,-20.2282251,21.2594931,72.2911047,5.42063962,-3.07426537,22.261931,-9.00178037,1.00306301,-0.748524967,12.6046189,-4.52496233,-0.0209948626,-8.10759249,-3.52259194,-10.4011196,13.5643723,-5.09061683,2.07628445
1236,-4.16800156,5.69240227,106.080246,-0.406467519,-0.2530273,3.38879633,-1.38297724,0.301389914,3.05586313,0,0,2.58453248,16.1969484,-16.9915436,66.9648617,-9.57174087,-8.0851724,-21.0446137,-1.88079547,-20.2183025,21.2071449,72.2798417,5.41973035,-3.05792329,22.2620232,-9.00818623,0.998330011,-0.752392348,12.6435459,-4.53437647,-0.00609151947,-8.12480798,-3.53474306,-10.4335058,13.639291,-5.12647276,2.08273983
1237,-4.16453965,5.68424687,106.079614,-0.415874353,-0.253347369,3.3965194,-1.37752365,0.314260019,3.04328299,0,0,2.57486392,16.2081004,-17.034946,66.9648822,-9.61635481,-8.09361366,-21.0630842,-1.85832052,-20.2296475,21.2746664,72.2641801,5.48996988,-3.03697168,22.2673866,-9.00755871,1.01532779,-0.764304625,12.6402213,-4.54716813,-0.0183923788,-8.12654968,-3.51853545,-10.4448866,13.6497557,-5.13715987,2.07488532
1238,-4.16175723,5.67026436,106.081975,-0.409063411,-0.252647976,3.40457131,-1.38134952,0.317715908,3.0367211,0,0,2.57790571,16.1856188,-16.9894928,66.9680719,-9.60809541,-8.09619205,-21.0773491,-1.84290307,-20.2416788,21.3500597,72.2513393,5.60005631,-3.03049154,22.2538731,-9.01511887,1.01624592,-0.765712764,12.652286,-4.53787352,-0.0342952803,-8.12250365,-3.51666953,-10.4556621,13.6458719,-5.14571596,2.05220205
1239,-4.15843055,5.66114187,106.085277,-0.418354562,-0.251632593,3.41139065,-1.37008782,0.3148055,3.02350127,0,0,2.58263433,16.184835,-16.958622,66.9802159,-9.60445577,-8.07798362,-21.0574783,-1.81962195,-20.2211234,21.3717148,72.2675337,5.6773352,-3.07469802,22.2755948,-9.0153844,1.03299322,-0.779637546,12.6502651,-4.55083637,-0.0440123049,-8.12258903,-3.50052595,-10.4482949,13.6518688,-5.15014449,2.0348649
1240,-4.15389314,5.65105304,106.083274,-0.415962678,-0.252405146,3.41821449,-1.37141885,0.321103708,3.0132244,0,0,2.5894515,16.1364397,-16.8321543,67.0017857,-9.48544485,-8.07982948,-21.0863086,-1.79991706,-20.2264185,21.3612254,72.271543,5.71107207,-3.09647843,22.3067575,-9.0173865,1.03638729,-0.778469904,12.6588079,-4.55590565,-0.0792202159,-8.12618256,-3.4975149,-10.4536028,13.6704247,-5.17077379,2.03658226
1241,-4.14843336,5.64115904,106.082904,-0.416509362,-0.256095559,3.42963476,-1.37972457,0.3122588,3.00615771,0,0,2.59698861,16.1313239,-16.7656043,67.0069971,-9.45274446,-8.09077571,-21.1070672,-1.76551596,-20.2364384,21.4514522,72.2225842,5.84729976,-3.0681293,22.2846209,-9.02088697,1.0426033,-0.79426605,12.676884,-4.55906034,-0.0759089815,-8.12840408,-3.49537834,-10.4764583,13.6971248,-5.18006328,2.04062552
1242,-4.14569713,5.62751889,106.08182,-0.410655292,-0.253408977,3.44008437,-1.39752394,0.321680192,2.99410136,0,0,2.59708701,16.1532164,-16.8070704,66.9945389,-9.52681786,-8.07785214,-21.0901966,-1.7326794,-20.2593297,21.4070372,72.19122,5.79308001,-3.03418774,22.3297838,-9.03328718,1.04076566,-0.793482339,12.6935224,-4.55840507,-0.0638700261,-8.11476248,-3.49380035,-10.4775682,13.6722168,-5.18894124,2.01955396
1243,-4.14274484,5.61822802,106.083798,-0.40592885,-0.253951119,3.45094068,-1.40909801,0.328852371,2.98765046,0,0,2.58991168,16.1450748,-16.8184973,66.9945047,-9.47101266,-8.04189546,-21.09131,-1.72555775,-20.2775407,21.4243568,72.190899,5.84987901,-3.03100936,22.3701826,-9.03250939,1.04080642,-0.805937349,12.6912761,-4.55537418,-0.0715921686,-8.12234229,-3.49381059,-10.497281,13.6958868,-5.20604916,2.00038098
1244,-4.14023176,5.6153018,106.082797,-0.417548787,-0.254208264,3.45745376,-1.41646384,0.351296212,2.97804017,0,0,2.58298331,16.1521509,-16.8532971,66.9955224,-9.39224862,-8.00766256,-21.0280249,-1.70250917,-20.2844017,21.3806573,72.1961104,5.81736475,-3.04384712,22.3976724,-9.03100504,1.05775468,-0.826534265,12.6856762,-4.56909304,-0.0978944267,-8.12483872,-3.48057924,-10.5023789,13.7114425,-5.21084865,2.00572859
1245,-4.13499549,5.59992716,106.082511,-0.408727191,-0.252832717,3.47220811,-1.41642414,0.337344591,2.96581819,0,0,2.59310992,16.1406062,-16.8000251,66.9971685,-9.34604666,-8.02821972,-21.0565272,-1.69097437,-20.2891555,21.4068647,72.202121,5.9998832,-3.02128872,22.4700912,-9.03866937,1.0544048,-0.82322936,12.7019406,-4.55921915,-0.110186506,-8.11619768,-3.48099972,-10.5181362,13.7028425,-5.21923271,1.96413893
1246,-4.13256325,5.59092723,106.076241,-0.413634991,-0.253760114,3.49189958,-1.41271257,0.340361853,2.95690757,0,0,2.58910444,16.1765039,-16.9238291,66.96883,-9.39898319,-8.02883187,-20.9951648,-1.6512612,-20.2818164,21.3212483,72.1960558,6.01108001,-2.98855653,22.5179299,-9.04476958,1.06245503,-0.839062699,12.7135895,-4.56545938,-0.139662401,-8.10865288,-3.47273647,-10.5382502,13.7060962,-5.22319678,1.9933
1247,-4.13044281,5.57622463,106.077874,-0.395510149,-0.25251849,3.50268505,-1.41653161,0.327282335,2.94997172,0,0,2.58343047,16.1819886,-16.9474547,66.9650598,-9.31306624,-8.03767953,-21.0128892,-1.65011778,-20.2927789,21.3846581,72.2034528,6.10456353,-2.97789738,22.5005402,-9.05283945,1.04726938,-0.843838229,12.7263397,-4.54548235,-0.146289232,-8.10565016,-3.48627348,-10.5485715,13.7013151,-5.24057619,1.96940821
1248,-4.1250702,5.56784905,106.081891,-0.398802562,-0.252664179,3.51063549,-1.40581045,0.334634766,2.94074392,0,0,2.56758123,16.1888102,-16.9923324,66.9828319,-9.23185529,-8.03189692,-20.9928135,-1.64069543,-20.2852281,21.3656018,72.2387922,6.12718896,-2.9969884,22.5265069,-9.05263369,1.05567254,-0.850899898,12.7261391,-4.54947332,-0.134201971,-8.1068702,-3.47881598,-10.5509416,13.7129102,-5.23880461,1.9972297
1249,-4.12131026,5.56398779,106.080425,-0.408380567,-0.251630351,3.52281591,-1.41707013,0.360049313,2.93193896,0,0,2.56207909,16.1976946,-17.0332675,66.9854752,-9.22790488,-8.07220443,-20.9953236,-1.62430543,-20.3008966,21.3435267,72.2478422,6.16141803,-3.01675475,22.599899,-9.04996991,1.06900283,-0.861224422,12.7194216,-4.57498152,-0.127287712,-8.10949299,-3.4661876,-10.5570409,13.7250739,-5.25468523,1.98645636
1250,-4.11722139,5.55288494,106.07866,-0.401753827,-0.249223319,3.5436818,-1.41009426,0.359600415,2.92102133,0,0,2.5810794,16.2300799,-17.1303689,66.9329852,-9.33935905,-8.09986243,-21.005714,-1.62363522,-20.3080222,21.3430554,72.2786942,6.20095543,-3.03794328,22.639357,-9.05490046,1.06473194,-0.866219478,12.7261399,-4.56325195,-0.149318087,-8.10034566,-3.46968871,-10.554349,13.7187039,-5.25904289,2.00105482
1251,-4.1127082,5.5449076,106.06885,-0.401099738,-0.248554865,3.55658689,-1.43145216,0.366539834,2.90612084,0,0,2.57730444,16.2320538,-17.1503967,66.9552858,-9.3392899,-8.13522744,-20.988379,-1.6195672,-20.3084132,21.3662473,72.3013295,6.24981647,-3.06860122,22.6919306,-9.06357736,1.06887936,-0.881407098,12.7430942,-4.58605368,-0.15159266,-8.09073132,-3.46424527,-10.5956639,13.7131535,-5.28403071,1.97824605
1252,-4.11179364,5.54072,106.070328,-0.402825722,-0.24149603,3.55320121,-1.43258085,0.39433665,2.89399918,0,0,2.57168212,16.2041423,-17.1449103,66.9760905,-9.30414601,-8.15400107,-21.0406949,-1.63152366,-20.3339649,21.4330431,72.3287936,6.33483055,-3.08387587,22.7279018,-9.06538907,1.07471212,-0.879850081,12.7296293,-4.57763163,-0.157832558,-8.0911565,-3.45804345,-10.5722893,13.6978368,-5.27114598,1.96834761
1253,-4.10641506,5.52822053,106.069899,-0.403061332,-0.239938941,3.56826601,-1.42559943,0.380877095,2.88733206,0,0,2.57505816,16.2473005,-17.186011,66.961549,-9.29690943,-8.14323669,-21.0676177,-1.62188744,-20.3100917,21.4707389,72.3415934,6.34444746,-3.08965549,22.6991826,-9.06572801,1.08023839,-0.888346837,12.7276904,-4.59013557,-0.153234774,-8.09307407,-3.45221218,-10.592569,13.7099467,-5.29301412,1.94583765
1254,-4.10266258,5.52490465,106.069195,-0.400227497,-0.238770818,3.56843328,-1.42686718,0.39265058,2.87354617,0,0,2.57335338,16.2444097,-17.2089365,66.9740073,-9.33365755,-8.17131133,-21.0804431,-1.61925024,-20.3270169,21.4974979,72.3567974,6.40848646,-3.11027946,22.7534024,-9.06436368,1.07995355,-0.89570183,12.7272277,-4.59379655,-0.140585143,-8.09232446,-3.45286724,-10.5909246,13.7107211,-5.29967953,1.96543816
1255,-4.09747325,5.51397167,106.07084,-0.394133404,-0.234621289,3.57458126,-1.40694277,0.368274515,2.8649316,0,0,2.58458414,16.2528552,-17.1629984,66.96702,-9.22035069,-8.19465606,-21.1289853,-1.60669581,-20.3135649,21.4941204,72.3550557,6.48329325,-3.10495341,22.8007099,-9.06579119,1.07755316,-0.888105059,12.7277519,-4.58826879,-0.152550047,-8.08546951,-3.45341408,-10.6011614,13.6989237,-5.29925221,1.95431562
1256,-4.09199148,5.51076718,106.072736,-0.400418267,-0.234042627,3.57514487,-1.41812379,0.390342109,2.85300246,0,0,2.59372357,16.2396234,-17.1238238,66.9892318,-9.15518812,-8.21009656,-21.1749337,-1.58725592,-20.3111692,21.4857466,72.3553084,6.47015282,-3.11621276,22.7817493,-9.05842483,1.08784017,-0.892214058,12.7185234,-4.59415599,-0.176283034,-8.09332508,-3.44580738,-10.6028903,13.7245522,-5.30341436,1.96846372
1257,-4.08750437,5.50179817,106.072319,-0.39376266,-0.231402149,3.5721845,-1.41154098,0.387866806,2.83828767,0,0,2.60346193,16.232894,-17.1023668,66.9994702,-9.08268737,-8.21013498,-21.185278,-1.57374229,-20.3160425,21.4926724,72.359912,6.53974519,-3.11570157,22.8184036,-9.06189799,1.08592516,-0.891027793,12.7255124,-4.60278038,-0.173172483,-8.08766029,-3.44632285,-10.6038525,13.7097683,-5.31439517,1.95874778
1258,-4.08156179,5.49421273,106.071413,-0.395785908,-0.230080929,3.57082653,-1.39285358,0.387317243,2.83018344,0,0,2.60301199,16.2403576,-17.1165514,67.0007816,-9.09244345,-8.18915776,-21.1361092,-1.5585226,-20.2977888,21.4646515,72.3716463,6.51718124,-3.13379559,22.837441,-9.06217973,1.09500707,-0.902073542,12.7261365,-4.60927974,-0.177560693,-8.08699691,-3.43812428,-10.610803,13.7120914,-5.33143606,1.9277114
1259,-4.07732911,5.48883267,106.071222,-0.400534989,-0.227934224,3.56924749,-1.40252108,0.398761865,2.8207232,0,0,2.60447578,16.2753333,-17.1505606,66.9947028,-9.14760832,-8.20163566,-21.1770357,-1.55759284,-20.3021926,21.5101525,72.3782169,6.59399696,-3.15004333,22.8533622,-9.06129693,1.10541265,-0.901003444,12.726659,-4.61932993,-0.209669759,-8.08373123,-3.42736929,-10.6153869,13.7058298,-5.335182,1.88712535
1260,-4.07296121,5.483656,106.07841,-0.391761163,-0.227896756,3.57217764,-1.40987527,0.398065239,2.81422385,0,0,2.61719487,16.2860431,-17.1680476,66.9871486,-9.20493752,-8.21756281,-21.1317122,-1.55769454,-20.3041187,21.5365922,72.394343,6.61924347,-3.17148308,22.8685781,-9.06374214,1.09717053,-0.894777033,12.7369496,-4.61400751,-0.188352885,-8.08724194,-3.43579241,-10.6106801,13.7208545,-5.3352789,1.92788877
1261,-4.06831801,5.47935516,106.078327,-0.397033678,-0.223936678,3.56647479,-1.40519894,0.407209902,2.81414018,0,0,2.60983193,16.2891542,-17.1266925,67.0118534,-9.16046018,-8.24190389,-21.1913893,-1.57606284,-20.3064512,21.5533501,72.4235489,6.65670365,-3.1962073,22.9182302,-9.0640734,1.10792701,-0.90247663,12.7284477,-4.63012804,-0.189786771,-8.08421105,-3.42405686,-10.6026785,13.7059442,-5.34028586,1.88176002
1262,-4.06534411,5.47596253,106.078231,-0.397488543,-0.226829973,3.56461514,-1.40822973,0.42358528,2.81101515,0,0,2.61880082,16.2741466,-17.1317366,67.0211151,-9.16441998,-8.24596956,-21.1198311,-1.56994716,-20.317272,21.5931171,72.428774,6.71503901,-3.19806789,22.9245788,-9.06076076,1.11187091,-0.905654483,12.7337684,-4.63815009,-0.209394217,-8.09863043,-3.4251943,-10.6074827,13.7451564,-5.35678034,1.91531226
1263,-4.06197608,5.46728522,106.077182,-0.397015905,-0.224618021,3.56330068,-1.37656209,0.41818759,2.81237521,0,0,2.58865237,16.2970038,-17.2064555,67.0508333,-9.26507392,-8.26575321,-21.130184,-1.54946427,-20.2869562,21.524636,72.4264312,6.67552381,-3.21265589,22.9156723,-9.06763364,1.11612559,-0.894952377,12.7435791,-4.63783761,-0.231927184,-8.09197527,-3.4167238,-10.6070533,13.7267533,-5.36131174,1.88905423
1264,-4.05656472,5.4650832,106.074965,-0.384118345,-0.223239064,3.55453213,-1.36910267,0.4129066,2.80383833,0,0,2.60465273,16.3221936,-17.2487053,67.0412505,-9.34245484,-8.26426081,-21.1186478,-1.54439467,-20.2987997,21.5438493,72.4197035,6.74702052,-3.22106342,22.9640744,-9.06778646,1.10492066,-0.878493328,12.752986,-4.63317217,-0.215981681,-8.09040603,-3.426755,-10.6078268,13.7254965,-5.37255978,1.90094751
1265,-4.05406505,5.4605186,106.080115,-0.387720127,-0.225656241,3.55148887,-1.36208881,0.417358736,2.80095941,0,0,2.62626793,16.3192361,-17.1813016,67.0419472,-9.29025597,-8.25172058,-21.1693398,-1.5360437,-20.2859948,21.5193613,72.4294297,6.77162841,-3.22454084,22.9889158,-9.07325318,1.11484066,-0.889504287,12.7695364,-4.63991356,-0.209254851,-8.09230568,-3.42051733,-10.5913549,13.733516,-5.36070727,1.88976799
1266,-4.05278914,5.45631722,106.076276,-0.392421547,-0.226698085,3.53492574,-1.32611943,0.418373366,2.80639688,0,0,2.62795883,16.3339773,-17.2165215,67.0378081,-9.31974446,-8.2462607,-21.1604127,-1.54494023,-20.2651593,21.5325675,72.4541891,6.81319566,-3.23607341,22.9613799,-9.06881868,1.12664194,-0.881432177,12.7677315,-4.6640459,-0.192944173,-8.09687166,-3.410049,-10.5788762,13.7413186,-5.3726601,1.89804682
1267,-4.04699147,5.45205362,106.08027,-0.384161738,-0.225720252,3.52484881,-1.31452999,0.414111008,2.79837567,0,0,2.64859389,16.3034857,-17.1243173,67.0529916,-9.19711097,-8.23545876,-21.1908446,-1.54343012,-20.2710794,21.5777629,72.4536017,6.90972928,-3.24229464,22.9723355,-9.06857876,1.12059883,-0.867557875,12.7776686,-4.65438503,-0.209144074,-8.09601447,-3.4139437,-10.5735674,13.7415133,-5.36499876,1.93239648
1268,-4.04197238,5.44574969,106.076813,-0.379228038,-0.224308528,3.5180551,-1.30324929,0.409409356,2.79171731,0,0,2.65643815,16.3142569,-17.1426256,67.0498292,-9.24092578,-8.22584953,-21.2102355,-1.54332052,-20.2749965,21.5610392,72.4520922,6.94938024,-3.23318722,23.0499589,-9.07162332,1.11891625,-0.855051479,12.7911172,-4.66130828,-0.223596128,-8.09130676,-3.41506449,-10.5670079,13.7333111,-5.37621607,1.90156351
1269,-4.03607413,5.44455498,106.072414,-0.388049673,-0.227349808,3.50762169,-1.27992462,0.429454067,2.78178365,0,0,2.66952736,16.3509469,-17.2715677,67.0350214,-9.37721452,-8.22553449,-21.1779082,-1.54545474,-20.2933185,21.6034871,72.4577613,7.05277223,-3.23085066,23.0793185,-9.06656471,1.1345878,-0.85779492,12.7974155,-4.67406536,-0.237110284,-8.09639867,-3.40261327,-10.5638899,13.7553487,-5.38357688,1.9243375
1270,-4.03517,5.4389745,106.072283,-0.375851783,-0.227576597,3.49477775,-1.26188513,0.411182244,2.78117384,0,0,2.68419455,16.3384443,-17.2084379,67.0503483,-9.3094044,-8.23368291,-21.2256888,-1.55402993,-20.2866386,21.6773522,72.4534856,7.16230029,-3.21923336,23.0520968,-9.08169614,1.1239389,-0.83774586,12.8322196,-4.67923581,-0.232121951,-8.08921758,-3.41073906,-10.5533868,13.7346396,-5.39111228,1.88894154
1271,-4.03158031,5.43808043,106.074929,-0.380021767,-0.228895634,3.48627446,-1.24357019,0.406531819,2.78130362,0,0,2.6888696,16.3550365,-17.2438132,67.0596989,-9.27837059,-8.19622017,-21.2310573,-1.58226978,-20.2877246,21.7160452,72.4799252,7.22276454,-3.23480513,23.0927227,-9.07899224,1.13204505,-0.842443376,12.8366541,-4.67644141,-0.24626762,-8.09443499,-3.40486083,-10.5504959,13.7521274,-5.38788758,1.8889315
1272,-4.02744524,5.43498211,106.072009,-0.380845614,-0.229404088,3.48287927,-1.24665306,0.413661496,2.77604821,0,0,2.71023699,16.3477043,-17.2650807,67.0602863,-9.34680225,-8.19073639,-21.2011206,-1.58965524,-20.2866317,21.7261112,72.4887977,7.26059952,-3.24974403,23.0935748,-9.07325318,1.13636397,-0.829389657,12.836141,-4.67476588,-0.254861625,-8.10021503,-3.40215223,-10.5521309,13.7718692,-5.39487315,1.88405048
1273,-4.02158014,5.4298874,106.071317,-0.3788066,-0.229468912,3.47895613,-1.24253606,0.416452215,2.7712848,0,0,2.73765743,16.3548897,-17.2960727,67.0394269,-9.39327827,-8.17036193,-21.2123034,-1.59754325,-20.2917612,21.7457411,72.4847747,7.26054573,-3.23447557,23.1124193,-9.07263846,1.13716182,-0.820689384,12.8430053,-4.67284062,-0.25931683,-8.10110296,-3.40309693,-10.5501928,13.7828539,-5.40028907,1.89605902
1274,-4.01918776,5.42561375,106.066287,-0.375364503,-0.229674647,3.47077576,-1.24141132,0.412763059,2.76947736,0,0,2.75005764,16.3586685,-17.3142239,67.0463049,-9.43046695,-8.15104701,-21.1944048,-1.60830966,-20.2839833,21.7357947,72.4936539,7.24344635,-3.24484785,23.1323549,-9.07772183,1.13615512,-0.817588905,12.8586533,-4.68820129,-0.273382964,-8.09699972,-3.40177593,-10.5483623,13.7737228,-5.4146585,1.88636762
1275,-4.01616134,5.42288125,106.069601,-0.369834396,-0.230207913,3.4609442,-1.25344665,0.408042144,2.76394981,0,0,2.77014031,16.373531,-17.3433615,67.0512363,-9.44161211,-8.11920211,-21.2006562,-1.63315052,-20.2885852,21.8288628,72.4859153,7.20455184,-3.17993629,23.104416,-9.08247222,1.13223011,-0.806752169,12.873748,-4.68791912,-0.246712623,-8.09879521,-3.40616625,-10.5449233,13.7753373,-5.40573187,1.89729251
1276,-4.01163884,5.41589595,106.069422,-0.363077185,-0.229047342,3.45903869,-1.2487987,0.402476794,2.76674614,0,0,2.7787122,16.3738093,-17.3772341,67.057602,-9.49301867,-8.12784486,-21.1721043,-1.65558204,-20.2875726,21.8566002,72.4994528,7.35658075,-3.22335111,23.1806529,-9.08456397,1.12965022,-0.80921632,12.877736,-4.67935833,-0.25112754,-8.09752821,-3.40743069,-10.5409737,13.7709181,-5.4148664,1.87035061
1277,-4.00840901,5.41316643,106.066465,-0.37216292,-0.228048641,3.46589222,-1.24860479,0.408801309,2.76777109,0,0,2.78429076,16.3441577,-17.326076,67.0966843,-9.51855931,-8.18026485,-21.1663396,-1.66470141,-20.2756163,21.8733922,72.5105791,7.41622965,-3.27986708,23.1196695,-9.08197362,1.14409809,-0.805354382,12.8753173,-4.68746875,-0.2883192,-8.09601191,-3.3954834,-10.5538265,13.779046,-5.42314416,1.87122253
1278,-4.0059533,5.41355759,106.066692,-0.393046195,-0.229047475,3.47264586,-1.25360951,0.428850422,2.7628318,0,0,2.78843775,16.3763331,-17.4391429,67.0923472,-9.66194803,-8.15637029,-21.1272692,-1.66549798,-20.2711511,21.8968898,72.5198409,7.47193752,-3.31483317,23.1105137,-9.07591012,1.17014491,-0.823028403,12.8651403,-4.7032593,-0.30069553,-8.10016808,-3.37253738,-10.5578298,13.7985718,-5.41784607,1.88975027
1279,-4.00433838,5.41002937,106.069255,-0.384483893,-0.22835802,3.46711842,-1.26701023,0.415028814,2.76998002,0,0,2.78962343,16.3574066,-17.3835349,67.128233,-9.60474435,-8.14274065,-21.0832674,-1.69894648,-20.2761303,21.9403298,72.5215621,7.6304961,-3.32484708,23.200691,-9.08018496,1.16223737,-0.809383873,12.8741271,-4.69433224,-0.298805328,-8.10087671,-3.37780901,-10.5578938,13.7956801,-5.42474072,1.85776108
1280,-4.00096364,5.40652089,106.072366,-0.383158015,-0.228064066,3.46246546,-1.251104,0.407218253,2.771431,0,0,2.78398233,16.3374829,-17.3519026,67.1683125,-9.52187708,-8.15067476,-21.072235,-1.72264286,-20.2795556,21.9918499,72.5275317,7.71986058,-3.33692307,23.21207,-9.08143233,1.16591841,-0.823811848,12.8767934,-4.69748864,-0.296316258,-8.10291381,-3.37638427,-10.5524143,13.7989996,-5.42094356,1.88177987
1281,-3.99806798,5.39981574,106.073368,-0.382519051,-0.226747824,3.47019896,-1.2726351,0.412221233,2.77466531,0,0,2.78971179,16.3474858,-17.3718775,67.1730254,-9.55717208,-8.14221728,-21.1048406,-1.76094849,-20.2393002,22.094663,72.5850487,8.09379978,-3.43887368,23.2432447,-9.08326965,1.16822136,-0.824687286,12.8763059,-4.67955,-0.307590899,-8.10187733,-3.37531748,-10.5583762,13.8008583,-5.43079611,1.8583361
1282,-3.99211384,5.39322346,106.074214,-0.374992512,-0.225182846,3.4708047,-1.26605742,0.399102441,2.76740802,0,0,2.80711447,16.3520859,-17.3864668,67.1698425,-9.57367467,-8.1240763,-21.1148519,-1.74774232,-20.3101054,22.0184535,72.489952,7.78723784,-3.28956318,23.2344884,-9.08408159,1.16211539,-0.814529354,12.8828347,-4.6701713,-0.302159191,-8.0971312,-3.38057609,-10.553823,13.7980843,-5.43496082,1.8901588
1283,-3.98916006,5.39270192,106.07785,-0.379168667,-0.22381055,3.47640024,-1.26676317,0.410221001,2.76398439,0,0,2.79945015,16.3498234,-17.4332587,67.2011316,-9.63806713,-8.14623429,-21.0906304,-1.75200798,-20.3186312,22.0286117,72.4730063,7.79487826,-3.26518325,23.2295058,-9.08392108,1.16748776,-0.822186476,12.8781245,-4.6694695,-0.31224674,-8.09872093,-3.37718789,-10.5639684,13.8047062,-5.43299842,1.90402259
1284,-3.98689322,5.39008565,106.082726,-0.377798714,-0.223216295,3.46945946,-1.27539962,0.408160312,2.7648356,0,0,2.80590425,16.3508121,-17.391458,67.2278991,-9.57703256,-8.15063635,-21.1488577,-1.781643,-20.3244505,22.0768687,72.4683412,7.80950169,-3.22616472,23.2451299,-9.08746765,1.17026786,-0.819650715,12.8837739,-4.65431374,-0.308983404,-8.09971728,-3.37313353,-10.5618929,13.8018794,-5.41955191,1.85747357
1285,-3.98543328,5.37894815,106.078875,-0.361210162,-0.219452896,3.47248638,-1.28280579,0.386279988,2.76732713,0,0,2.82039834,16.3233479,-17.3085634,67.2500426,-9.50044223,-8.13284541,-21.1822112,-1.8047411,-20.3225688,22.1593603,72.4580755,7.80826628,-3.22609258,23.2315822,-9.10184008,1.15745922,-0.837314491,12.895976,-4.64049754,-0.306011845,-8.09096184,-3.38360805,-10.5667304,13.7744041,-5.43494587,1.81729093
1286,-3.98249701,5.37057631,106.079161,-0.358898834,-0.218930151,3.46931286,-1.28787326,0.387318043,2.77232021,0,0,2.81341746,16.3241043,-17.3474289,67.2649939,-9.57463943,-8.11653065,-21.1520747,-1.82001169,-20.3296807,22.1720747,72.4460065,7.77264514,-3.24604719,23.2957245,-9.10232929,1.15938491,-0.837489995,12.8986261,-4.62592576,-0.322110441,-8.09151594,-3.38096349,-10.5616018,13.772647,-5.43406649,1.82361483
1287,-3.97736952,5.36808968,106.076205,-0.356237895,-0.217083409,3.46767959,-1.28248103,0.395895133,2.76838858,0,0,2.83004619,16.3125459,-17.3326056,67.2647753,-9.58460553,-8.16810114,-21.1718601,-1.82102832,-20.3356776,22.1673397,72.4306523,7.79186785,-3.24321031,23.3245769,-9.10223538,1.15801151,-0.827852758,12.905528,-4.64310497,-0.3096871,-8.08490517,-3.38245567,-10.5620449,13.7660883,-5.43962583,1.844839
1288,-3.97517793,5.36799878,106.080997,-0.358641601,-0.215602396,3.45540131,-1.25844176,0.380909191,2.77543606,0,0,2.81448019,16.3049371,-17.262282,67.3149567,-9.477153,-8.21212512,-21.2545617,-1.83193251,-20.3058297,22.1697661,72.4227019,7.88303722,-3.23751628,23.3516757,-9.09849158,1.16374311,-0.809575812,12.8992579,-4.63575142,-0.329630452,-8.09274025,-3.37438282,-10.5592701,13.7696673,-5.44264008,1.835662
1289,-3.97399291,5.36805168,106.08288,-0.370026713,-0.203213965,3.45591202,-1.27347394,0.418978665,2.75731343,0,0,2.8447629,16.2385852,-17.1181804,67.3303724,-9.35907525,-8.18394803,-21.3041404,-1.84876978,-20.3219523,22.2528468,72.4398525,7.91871898,-3.25927727,23.3269811,-9.10615761,1.17741256,-0.817987991,12.8811391,-4.63880152,-0.318273448,-8.1047426,-3.35989833,-10.5396495,13.7648171,-5.43582569,1.84224439
1290,-3.97399291,5.36805168,106.08288,-0.370026713,-0.203213965,3.45591202,-1.27347394,0.418978665,2.75731343,0,0,2.8447629,16.2385852,-17.1181804,67.3303724,-9.35907525,-8.18394803,-21.3041404,-1.84876978,-20.3219523,22.2528468,72.4398525,7.91871898,-3.25927727,23.3269811,-9.10615761,1.17741256,-0.817987991,12.8811391,-4.63880152,-0.318273448,-8.1047426,-3.35989833,-10.5396495,13.7648171,-5.43582569,1.84224439
1291,-3.97399291,5.36805168,106.08288,-0.370026713,-0.203213965,3.45591202,-1.27347394,0.418978665,2.75731343,0,0,2.8447629,16.2385852,-17.1181804,67.3303724,-9.35907525,-8.18394803,-21.3041404,-1.84876978,-20.3219523,22.2528468,72.4398525,7.91871898,-3.25927727,23.3269811,-9.10615761,1.17741256,-0.817987991,12.8811391,-4.63880152,-0.318273448,-8.1047426,-3.35989833,-10.5396495,13.7648171,-5.43582569,1.84224439
1292,-3.97399291,5.36805168,106.08288,-0.370026713,-0.203213965,3.45591202,-1.27347394,0.418978665,2.75731343,0,0,2.8447629,16.2385852,-17.1181804,67.3303724,-9.35907525,-8.18394803,-21.3041404,-1.84876978,-20.3219523,22.2528468,72.4398525,7.91871898,-3.25927727,23.3269811,-9.10615761,1.17741256,-0.817987991,12.8811391,-4.63880152,-0.318273448,-8.1047426,-3.35989833,-10.5396495,13.7648171,-5.43582569,1.84224439
1293,-3.97399291,5.36805168,106.08288,-0.370026713,-0.203213965,3.45591202,-1.27347394,0.418978665,2.75731343,0,0,2.8447629,16.2385852,-17.1181804,67.3303724,-9.35907525,-8.18394803,-21.3041404,-1.84876978,-20.3219523,22.2528468,72.4398525,7.91871898,-3.25927727,23.3269811,-9.10615761,1.17741256,-0.817987991,12.8811391,-4.63880152,-0.318273448,-8.1047426,-3.35989833,-10.5396495,13.7648171,-5.43582569,1.84224439
1294,-3.97399291,5.36805168,106.08288,-0.370026713,-0.203213965,3.45591202,-1.27347394,0.418978665,2.75731343,0,0,2.8447629,16.2385852,-17.1181804,67.3303724,-9.35907525,-8.18394803,-21.3041404,-1.84876978,-20.3219523,22.2528468,72.4398525,7.91871898,-3.25927727,23.3269811,-9.10615761,1.17741256,-0.817987991,12.8811391,-4.63880152,-0.318273448,-8.1047426,-3.35989833,-10.5396495,13.7648171,-5.43582569,1.84224439
1295,-3.97399291,5.36805168,106.08288,-0.370026713,-0.203213965,3.45591202,-1.27347394,0.418978665,2.75731343,0,0,2.8447629,16.2385852,-17.1181804,67.3303724,-9.35907525,-8.18394803,-21.3041404,-1.84876978,-20.3219523,22.2528468,72.4398525,7.91871898,-3.25927727,23.3269811,-9.10615761,1.17741256,-0.817987991,12.8811391,-4.63880152,-0.318273448,-8.1047426,-3.35989833,-10.5396495,13.7648171,-5.43582569,1.84224439
1296,-3.97399291,5.36805168,106.08288,-0.370026713,-0.203213965,3.45591202,-1.27347394,0.418978665,2.75731343,0,0,2.8447629,16.2385852,-17.1181804,67.3303724,-9.35907525,-8.18394803,-21.3041404,-1.84876978,-20.3219523,22.2528468,72.4398525,7.91871898,-3.25927727,23.3269811,-9.10615761,1.17741256,-0.817987991,12.8811391,-4.63880152,-0.318273448,-8.1047426,-3.35989833,-10.5396495,13.7648171,-5.43582569,1.84224439
1297,-3.97399291,5.36805168,106.08288,-0.370026713,-0.203213965,3.45591202,-1.27347394,0.418978665,2.75731343,0,0,2.8447629,16.2385852,-17.1181804,67.3303724,-9.35907525,-8.18394803,-21.3041404,-1.84876978,-20.3219523,22.2528468,72.4398525,7.91871898,-3.25927727,23.3269811,-9.10615761,1.17741256,-0.817987991,12.8811391,-4.63880152,-0.318273448,-8.1047426,-3.35989833,-10.5396495,13.7648171,-5.43582569,1.84224439
1298,-3.97399291,5.36805168,106.08288,-0.370026713,-0.203213965,3.45591202,-1.27347394,0.418978665,2.75731343,0,0,2.8447629,16.2385852,-17.1181804,67.3303724,-9.35907525,-8.18394803,-21.3041404,-1.84876978,-20.3219523,22.2528468,72.4398525,7.91871898,-3.25927727,23.3269811,-9.10615761,1.17741256,-0.817987991,12.8811391,-4.63880152,-0.318273448,-8.1047426,-3.35989833,-10.5396495,13.7648171,-5.43582569,1.84224439
1299,-3.97399291,5.36805168,106.08288,-0.370026713,-0.203213965,3.45591202,-1.27347394,0.418978665,2.75731343,0,0,2.8447629,16.2385852,-17.1181804,67.3303724,-9.35907525,-8.18394803,-21.3041404,-1.84876978,-20.3219523,22.2528468,72.4398525,7.91871898,-3.25927727,23.3269811,-9.10615761,1.17741256,-0.817987991,12.8811391,-4.63880152,-0.318273448,-8.1047426,-3.35989833,-10.5396495,13.7648171,-5.43582569,1.84224439
1300,-3.97399291,5.36805168,106.08288,-0.370026713,-0.203213965,3.45591202,-1.27347394,0.418978665,2.75731343,0,0,2.8447629,16.2385852,-17.1181804,67.3303724,-9.35907525,-8.18394803,-21.3041404,-1.84876978,-20.3219523,22.2528468,72.4398525,7.91871898,-3.25927727,23.3269811,-9.10615761,1.17741256,-0.817987991,12.8811391,-4.63880152,-0.318273448,-8.1047426,-3.35989833,-10.5396495,13.7648171,-5.43582569,1.84224439
1301,-3.97399291,5.36805168,106.08288,-0.370026713,-0.203213965,3.45591202,-1.27347394,0.418978665,2.75731343,0,0,2.8447629,16.2385852,-17.1181804,67.3303724,-9.35907525,-8.18394803,-21.3041404,-1.84876978,-20.3219523,22.2528468,72.4398525,7.91871898,-3.25927727,23.3269811,-9.10615761,1.17741256,-0.817987991,12.8811391,-4.63880152,-0.318273448,-8.1047426,-3.35989833,-10.5396495,13.7648171,-5.43582569,1.84224439
1302,-3.97399291,5.36805168,106.08288,-0.370026713,-0.203213965,3.45591202,-1.27347394,0.418978665,2.75731343,0,0,2.8447629,16.2385852,-17.1181804,67.3303724,-9.35907525,-8.18394803,-21.3041404,-1.84876978,-20.3219523,22.2528468,72.4398525,7.91871898,-3.25927727,23.3269811,-9.10615761,1.17741256,-0.817987991,12.8811391,-4.63880152,-0.318273448,-8.1047426,-3.35989833,-10.5396495,13.7648171,-5.43582569,1.84224439
1303,-3.97399291,5.36805168,106.08288,-0.370026713,-0.203213965,3.45591202,-1.27347394,0.418978665,2.75731343,0,0,2.8447629,16.2385852,-17.1181804,67.3303724,-9.35907525,-8.18394803,-21.3041404,-1.84876978,-20.3219523,22.2528468,72.4398525,7.91871898,-3.25927727,23.3269811,-9.10615761,1.17741256,-0.817987991,12.8811391,-4.63880152,-0.318273448,-8.1047426,-3.35989833,-10.5396495,13.7648171,-5.43582569,1.84224439
1304,-3.97399291,5.36805168,106.08288,-0.370026713,-0.203213965,3.45591202,-1.27347394,0.418978665,2.75731343,0,0,2.8447629,16.2385852,-17.1181804,67.3303724,-9.35907525,-8.18394803,-21.3041404,-1.84876978,-20.3219523,22.2528468,72.4398525,7.91871898,-3.25927727,23.3269811,-9.10615761,1.17741256,-0.817987991,12.8811391,-4.63880152,-0.318273448,-8.1047426,-3.35989833,-10.5396495,13.7648171,-5.43582569,1.84224439
1305,-3.97399291,5.36805168,106.08288,-0.370026713,-0.203213965,3.45591202,-1.27347394,0.418978665,2.75731343,0,0,2.8447629,16.2385852,-17.1181804,67.3303724,-9.35907525,-8.18394803,-21.3041404,-1.84876978,-20.3219523,22.2528468,72.4398525,7.91871898,-3.25927727,23.3269811,-9.10615761,1.17741256,-0.817987991,12.8811391,-4.63880152,-0.318273448,-8.1047426,-3.35989833,-10.5396495,13.7648171,-5.43582569,1.84224439
1306,-3.97399291,5.36805168,106.08288,-0.370026713,-0.203213965,3.45591202,-1.27347394,0.418978665,2.75731343,0,0,2.8447629,16.2385852,-17.1181804,67.3303724,-9.35907525,-8.18394803,-21.3041404,-1.84876978,-20.3219523,22.2528468,72.4398525,7.91871898,-3.25927727,23.3269811,-9.10615761,1.17741256,-0.817987991,12.8811391,-4.63880152,-0.318273448,-8.1047426,-3.35989833,-10.5396495,13.7648171,-5.43582569,1.84224439
1307,-3.97399291,5.36805168,106.08288,-0.370026713,-0.203213965,3.45591202,-1.27347394,0.418978665,2.75731343,0,0,2.8447629,16.2385852,-17.1181804,67.3303724,-9.35907525,-8.18394803,-21.3041404,-1.84876978,-20.3219523,22.2528468,72.4398525,7.91871898,-3.25927727,23.3269811,-9.10615761,1.17741256,-0.817987991,12.8811391,-4.63880152,-0.318273448,-8.1047426,-3.35989833,-10.5396495,13.7648171,-5.43582569,1.84224439
1308,-3.97399291,5.36805168,106.08288,-0.370026713,-0.203213965,3.45591202,-1.27347394,0.418978665,2.75731343,0,0,2.8447629,16.2385852,-17.1181804,67.3303724,-9.35907525,-8.18394803,-21.3041404,-1.84876978,-20.3219523,22.2528468,72.4398525,7.91871898,-3.25927727,23.3269811,-9.10615761,1.17741256,-0.817987991,12.8811391,-4.63880152,-0.318273448,-8.1047426,-3.35989833,-10.5396495,13.7648171,-5.43582569,1.84224439
1309,-3.97399291,5.36805168,106.08288,-0.370026713,-0.203213965,3.45591202,-1.27347394,0.418978665,2.75731343,0,0,2.8447629,16.2385852,-17.1181804,67.3303724,-9.35907525,-8.18394803,-21.3041404,-1.84876978,-20.3219523,22.2528468,72.4398525,7.91871898,-3.25927727,23.3269811,-9.10615761,1.17741256,-0.817987991,12.8811391,-4.63880152,-0.318273448,-8.1047426,-3.35989833,-10.5396495,13.7648171,-5.43582569,1.84224439
1310,-3.97399291,5.36805168,106.08288,-0.370026713,-0.203213965,3.45591202,-1.27347394,0.418978665,2.75731343,0,0,2.8447629,16.2385852,-17.1181804,67.3303724,-9.35907525,-8.18394803,-21.3041404,-1.84876978,-20.3219523,22.2528468,72.4398525,7.91871898,-3.25927727,23.3269811,-9.10615761,1.17741256,-0.817987991,12.8811391,-4.63880152,-0.318273448,-8.1047426,-3.35989833,-10.5396495,13.7648171,-5.43582569,1.84224439
1311,-3.97399291,5.36805168,106.08288,-0.370026713,-0.203213965,3.45591202,-1.27347394,0.418978665,2.75731343,0,0,2.8447629,16.2385852,-17.1181804,67.3303724,-9.35907525,-8.18394803,-21.3041404,-1.84876978,-20.3219523,22.2528468,72.4398525,7.91871898,-3.25927727,23.3269811,-9.10615761,1.17741256,-0.817987991,12.8811391,-4.63880152,-0.318273448,-8.1047426,-3.35989833,-10.5396495,13.7648171,-5.43582569,1.84224439
1312,-3.97399291,5.36805168,106.08288,-0.370026713,-0.203213965,3.45591202,-1.27347394,0.418978665,2.75731343,0,0,2.8447629,16.2385852,-17.1181804,67.3303724,-9.35907525,-8.18394803,-21.3041404,-1.84876978,-20.3219523,22.2528468,72.4398525,7.91871898,-3.25927727,23.3269811,-9.10615761,1.17741256,-0.817987991,12.8811391,-4.63880152,-0.318273448,-8.1047426,-3.35989833,-10.5396495,13.7648171,-5.43582569,1.84224439
1313,-3.97399291,5.36805168,106.08288,-0.370026713,-0.203213965,3.45591202,-1.27347394,0.418978665,2.75731343,0,0,2.8447629,16.2385852,-17.1181804,67.3303724,-9.35907525,-8.18394803,-21.3041404,-1.84876978,-20.3219523,22.2528468,72.4398525,7.91871898,-3.25927727,23.3269811,-9.10615761,1.17741256,-0.817987991,12.8811391,-4.63880152,-0.318273448,-8.1047426,-3.35989833,-10.5396495,13.7648171,-5.43582569,1.84224439
1314,-3.97399291,5.36805168,106.08288,-0.370026713,-0.203213965,3.45591202,-1.27347394,0.418978665,2.75731343,0,0,2.8447629,16.2385852,-17.1181804,67.3303724,-9.35907525,-8.18394803,-21.3041404,-1.84876978,-20.3219523,22.2528468,72.4398525,7.91871898,-3.25927727,23.3269811,-9.10615761,1.17741256,-0.817987991,12.8811391,-4.63880152,-0.318273448,-8.1047426,-3.35989833,-10.5396495,13.7648171,-5.43582569,1.84224439
1315,-3.97399291,5.36805168,106.08288,-0.370026713,-0.203213965,3.45591202,-1.27347394,0.418978665,2.75731343,0,0,2.8447629,16.2385852,-17.1181804,67.3303724,-9.35907525,-8.18394803,-21.3041404,-1.84876978,-20.3219523,22.2528468,72.4398525,7.91871898,-3.25927727,23.3269811,-9.10615761,1.17741256,-0.817987991,12.8811391,-4.63880152,-0.318273448,-8.1047426,-3.35989833,-10.5396495,13.7648171,-5.43582569,1.84224439
1316,-3.97399291,5.36805168,106.08288,-0.370026713,-0.203213965,3.45591202,-1.27347394,0.418978665,2.75731343,0,0,2.8447629,16.2385852,-17.1181804,67.3303724,-9.35907525,-8.18394803,-21.3041404,-1.84876978,-20.3219523,22.2528468,72.4398525,7.91871898,-3.25927727,23.3269811,-9.10615761,1.17741256,-0.817987991,12.8811391,-4.63880152,-0.318273448,-8.1047426,-3.35989833,-10.5396495,13.7648171,-5.43582569,1.84224439
1317,-3.97399291,5.36805168,106.08288,-0.370026713,-0.203213965,3.45591202,-1.27347394,0.418978665,2.75731343,0,0,2.8447629,16.2385852,-17.1181804,67.3303724,-9.35907525,-8.18394803,-21.3041404,-1.84876978,-20.3219523,22.2528468,72.4398525,7.91871898,-3.25927727,23.3269811,-9.10615761,1.17741256,-0.817987991,12.8811391,-4.63880152,-0.318273448,-8.1047426,-3.35989833,-10.5396495,13.7648171,-5.43582569,1.84224439
1318,-3.97399291,5.36805168,106.08288,-0.370026713,-0.203213965,3.45591202,-1.27347394,0.418978665,2.75731343,0,0,2.8447629,16.2385852,-17.1181804,67.3303724,-9.35907525,-8.18394803,-21.3041404,-1.84876978,-20.3219523,22.2528468,72.4398525,7.91871898,-3.25927727,23.3269811,-9.10615761,1.17741256,-0.817987991,12.8811391,-4.63880152,-0.318273448,-8.1047426,-3.35989833,-10.5396495,13.7648171,-5.43582569,1.84224439
1319,-3.97399291,5.36805168,106.08288,-0.370026713,-0.203213965,3.45591202,-1.27347394,0.418978665,2.75731343,0,0,2.8447629,16.2385852,-17.1181804,67.3303724,-9.35907525,-8.18394803,-21.3041404,-1.84876978,-20.3219523,22.2528468,72.4398525,7.91871898,-3.25927727,23.3269811,-9.10615761,1.17741256,-0.817987991,12.8811391,-4.63880152,-0.318273448,-8.1047426,-3.35989833,-10.5396495,13.7648171,-5.43582569,1.84224439
1320,-3.97399291,5.36805168,106.08288,-0.370026713,-0.203213965,3.45591202,-1.27347394,0.418978665,2.75731343,0,0,2.8447629,16.2385852,-17.1181804,67.3303724,-9.35907525,-8.18394803,-21.3041404,-1.84876978,-20.3219523,22.2528468,72.4398525,7.91871898,-3.25927727,23.3269811,-9.10615761,1.17741256,-0.817987991,12.8811391,-4.63880152,-0.318273448,-8.1047426,-3.35989833,-10.5396495,13.7648171,-5.43582569,1.84224439
1321,-3.97399291,5.36805168,106.08288,-0.370026713,-0.203213965,3.45591202,-1.27347394,0.418978665,2.75731343,0,0,2.8447629,16.2385852,-17.1181804,67.3303724,-9.35907525,-8.18394803,-21.3041404,-1.84876978,-20.3219523,22.2528468,72.4398525,7.91871898,-3.25927727,23.3269811,-9.10615761,1.17741256,-0.817987991,12.8811391,-4.63880152,-0.318273448,-8.1047426,-3.35989833,-10.5396495,13.7648171,-5.43582569,1.84224439
1322,-3.97399291,5.36805168,106.08288,-0.370026713,-0.203213965,3.45591202,-1.27347394,0.418978665,2.75731343,0,0,2.8447629,16.2385852,-17.1181804,67.3303724,-9.35907525,-8.18394803,-21.3041404,-1.84876978,-20.3219523,22.2528468,72.4398525,7.91871898,-3.25927727,23.3269811,-9.10615761,1.17741256,-0.817987991,12.8811391,-4.63880152,-0.318273448,-8.1047426,-3.35989833,-10.5396495,13.7648171,-5.43582569,1.84224439
1323,-3.97399291,5.36805168,106.08288,-0.370026713,-0.203213965,3.45591202,-1.27347394,0.418978665,2.75731343,0,0,2.8447629,16.2385852,-17.1181804,67.3303724,-9.35907525,-8.18394803,-21.3041404,-1.84876978,-20.3219523,22.2528468,72.4398525,7.91871898,-3.25927727,23.3269811,-9.10615761,1.17741256,-0.817987991,12.8811391,-4.63880152,-0.318273448,-8.1047426,-3.35989833,-10.5396495,13.7648171,-5.43582569,1.84224439
1324,-3.97399291,5.36805168,106.08288,-0.370026713,-0.203213965,3.45591202,-1.27347394,0.418978665,2.75731343,0,0,2.8447629,16.2385852,-17.1181804,67.3303724,-9.35907525,-8.18394803,-21.3041404,-1.84876978,-20.3219523,22.2528468,72.4398525,7.91871898,-3.25927727,23.3269811,-9.10615761,1.17741256,-0.817987991,12.8811391,-4.63880152,-0.318273448,-8.1047426,-3.35989833,-10.5396495,13.7648171,-5.43582569,1.84224439
1325,-3.97399291,5.36805168,106.08288,-0.370026713,-0.203213965,3.45591202,-1.27347394,0.418978665,2.75731343,0,0,2.8447629,16.2385852,-17.1181804,67.3303724,-9.35907525,-8.18394803,-21.3041404,-1.84876978,-20.3219523,22.2528468,72.4398525,7.91871898,-3.25927727,23.3269811,-9.10615761,1.17741256,-0.817987991,12.8811391,-4.63880152,-0.318273448,-8.1047426,-3.35989833,-10.5396495,13.7648171,-5.43582569,1.84224439
1326,-3.97399291,5.36805168,106.08288,-0.370026713,-0.203213965,3.45591202,-1.27347394,0.418978665,2.75731343,0,0,2.8447629,16.2385852,-17.1181804,67.3303724,-9.35907525,-8.18394803,-21.3041404,-1.84876978,-20.3219523,22.2528468,72.4398525,7.91871898,-3.25927727,23.3269811,-9.10615761,1.17741256,-0.817987991,12.8811391,-4.63880152,-0.318273448,-8.1047426,-3.35989833,-10.5396495,13.7648171,-5.43582569,1.84224439
1327,-3.97399291,5.36805168,106.08288,-0.370026713,-0.203213965,3.45591202,-1.27347394,0.418978665,2.75731343,0,0,2.8447629,16.2385852,-17.1181804,67.3303724,-9.35907525,-8.18394803,-21.3041404,-1.84876978,-20.3219523,22.2528468,72.4398525,7.91871898,-3.25927727,23.3269811,-9.10615761,1.17741256,-0.817987991,12.8811391,-4.63880152,-0.318273448,-8.1047426,-3.35989833,-10.5396495,13.7648171,-5.43582569,1.84224439
1328,-3.97399291,5.36805168,106.08288,-0.370026713,-0.203213965,3.45591202,-1.27347394,0.418978665,2.75731343,0,0,2.8447629,16.2385852,-17.1181804,67.3303724,-9.35907525,-8.18394803,-21.3041404,-1.84876978,-20.3219523,22.2528468,72.4398525,7.91871898,-3.25927727,23.3269811,-9.10615761,1.17741256,-0.817987991,12.8811391,-4.63880152,-0.318273448,-8.1047426,-3.35989833,-10.5396495,13.7648171,-5.43582569,1.84224439
1329,-3.97399291,5.36805168,106.08288,-0.370026713,-0.203213965,3.45591202,-1.27347394,0.418978665,2.75731343,0,0,2.8447629,16.2385852,-17.1181804,67.3303724,-9.35907525,-8.18394803,-21.3041404,-1.84876978,-20.3219523,22.2528468,72.4398525,7.91871898,-3.25927727,23.3269811,-9.10615761,1.17741256,-0.817987991,12.8811391,-4.63880152,-0.318273448,-8.1047426,-3.35989833,-10.5396495,13.7648171,-5.43582569,1.84224439
1330,-3.97399291,5.36805168,106.08288,-0.370026713,-0.203213965,3.45591202,-1.27347394,0.418978665,2.75731343,0,0,2.8447629,16.2385852,-17.1181804,67.3303724,-9.35907525,-8.18394803,-21.3041404,-1.84876978,-20.3219523,22.2528468,72.4398525,7.91871898,-3.25927727,23.3269811,-9.10615761,1.17741256,-0.817987991,12.8811391,-4.63880152,-0.318273448,-8.1047426,-3.35989833,-10.5396495,13.7648171,-5.43582569,1.84224439
1331,-3.97399291,5.36805168,106.08288,-0.370026713,-0.203213965,3.45591202,-1.27347394,0.418978665,2.75731343,0,0,2.8447629,16.2385852,-17.1181804,67.3303724,-9.35907525,-8.18394803,-21.3041404,-1.84876978,-20.3219523,22.2528468,72.4398525,7.91871898,-3.25927727,23.3269811,-9.10615761,1.17741256,-0.817987991,12.8811391,-4.63880152,-0.318273448,-8.1047426,-3.35989833,-10.5396495,13.7648171,-5.43582569,1.84224439
1332,-3.97399291,5.36805168,106.08288,-0.370026713,-0.203213965,3.45591202,-1.27347394,0.418978665,2.75731343,0,0,2.8447629,16.2385852,-17.1181804,67.3303724,-9.35907525,-8.18394803,-21.3041404,-1.84876978,-20.3219523,22.2528468,72.4398525,7.91871898,-3.25927727,23.3269811,-9.10615761,1.17741256,-0.817987991,12.8811391,-4.63880152,-0.318273448,-8.1047426,-3.35989833,-10.5396495,13.7648171,-5.43582569,1.84224439
1333,-3.97399291,5.36805168,106.08288,-0.370026713,-0.203213965,3.45591202,-1.27347394,0.418978665,2.75731343,0,0,2.8447629,16.2385852,-17.1181804,67.3303724,-9.35907525,-8.18394803,-21.3041404,-1.84876978,-20.3219523,22.2528468,72.4398525,7.91871898,-3.25927727,23.3269811,-9.10615761,1.17741256,-0.817987991,12.8811391,-4.63880152,-0.318273448,-8.1047426,-3.35989833,-10.5396495,13.7648171,-5.43582569,1.84224439
1334,-3.97399291,5.36805168,106.08288,-0.370026713,-0.203213965,3.45591202,-1.27347394,0.418978665,2.75731343,0,0,2.8447629,16.2385852,-17.1181804,67.3303724,-9.35907525,-8.18394803,-21.3041404,-1.84876978,-20.3219523,22.2528468,72.4398525,7.91871898,-3.25927727,23.3269811,-9.10615761,1.17741256,-0.817987991,12.8811391,-4.63880152,-0.318273448,-8.1047426,-3.35989833,-10.5396495,13.7648171,-5.43582569,1.84224439
1335,-3.97399291,5.36805168,106.08288,-0.370026713,-0.203213965,3.45591202,-1.27347394,0.418978665,2.75731343,0,0,2.8447629,16.2385852,-17.1181804,67.3303724,-9.35907525,-8.18394803,-21.3041404,-1.84876978,-20.3219523,22.2528468,72.4398525,7.91871898,-3.25927727,23.3269811,-9.10615761,1.17741256,-0.817987991,12.8811391,-4.63880152,-0.318273448,-8.1047426,-3.35989833,-10.5396495,13.7648171,-5.43582569,1.84224439
1336,-3.97399291,5.36805168,106.08288,-0.370026713,-0.203213965,3.45591202,-1.27347394,0.418978665,2.75731343,0,0,2.8447629,16.2385852,-17.1181804,67.3303724,-9.35907525,-8.18394803,-21.3041404,-1.84876978,-20.3219523,22.2528468,72.4398525,7.91871898,-3.25927727,23.3269811,-9.10615761,1.17741256,-0.817987991,12.8811391,-4.63880152,-0.318273448,-8.1047426,-3.35989833,-10.5396495,13.7648171,-5.43582569,1.84224439
1337,-3.97399291,5.36805168,106.08288,-0.370026713,-0.203213965,3.45591202,-1.27347394,0.418978665,2.75731343,0,0,2.8447629,16.2385852,-17.1181804,67.3303724,-9.35907525,-8.18394803,-21.3041404,-1.84876978,-20.3219523,22.2528468,72.4398525,7.91871898,-3.25927727,23.3269811,-9.10615761,1.17741256,-0.817987991,12.8811391,-4.63880152,-0.318273448,-8.1047426,-3.35989833,-10.5396495,13.7648171,-5.43582569,1.84224439
1338,-3.97399291,5.36805168,106.08288,-0.370026713,-0.203213965,3.45591202,-1.27347394,0.418978665,2.75731343,0,0,2.8447629,16.2385852,-17.1181804,67.3303724,-9.35907525,-8.18394803,-21.3041404,-1.84876978,-20.3219523,22.2528468,72.4398525,7.91871898,-3.25927727,23.3269811,-9.10615761,1.17741256,-0.817987991,12.8811391,-4.63880152,-0.318273448,-8.1047426,-3.35989833,-10.5396495,13.7648171,-5.43582569,1.84224439
1339,-3.97399291,5.36805168,106.08288,-0.370026713,-0.203213965,3.45591202,-1.27347394,0.418978665,2.75731343,0,0,2.8447629,16.2385852,-17.1181804,67.3303724,-9.35907525,-8.18394803,-21.3041404,-1.84876978,-20.3219523,22.2528468,72.4398525,7.91871898,-3.25927727,23.3269811,-9.10615761,1.17741256,-0.817987991,12.8811391,-4.63880152,-0.318273448,-8.1047426,-3.35989833,-10.5396495,13.7648171,-5.43582569,1.84224439
1340,-3.97399291,5.36805168,106.08288,-0.370026713,-0.203213965,3.45591202,-1.27347394,0.418978665,2.75731343,0,0,2.8447629,16.2385852,-17.1181804,67.3303724,-9.35907525,-8.18394803,-21.3041404,-1.84876978,-20.3219523,22.2528468,72.4398525,7.91871898,-3.25927727,23.3269811,-9.10615761,1.17741256,-0.817987991,12.8811391,-4.63880152,-0.318273448,-8.1047426,-3.35989833,-10.5396495,13.7648171,-5.43582569,1.84224439
1341,-3.97399291,5.36805168,106.08288,-0.370026713,-0.203213965,3.45591202,-1.27347394,0.418978665,2.75731343,0,0,2.8447629,16.2385852,-17.1181804,67.3303724,-9.35907525,-8.18394803,-21.3041404,-1.84876978,-20.3219523,22.2528468,72.4398525,7.91871898,-3.25927727,23.3269811,-9.10615761,1.17741256,-0.817987991,12.8811391,-4.63880152,-0.318273448,-8.1047426,-3.35989833,-10.5396495,13.7648171,-5.43582569,1.84224439
1342,-3.97399291,5.36805168,106.08288,-0.370026713,-0.203213965,3.45591202,-1.27347394,0.418978665,2.75731343,0,0,2.8447629,16.2385852,-17.1181804,67.3303724,-9.35907525,-8.18394803,-21.3041404,-1.84876978,-20.3219523,22.2528468,72.4398525,7.91871898,-3.25927727,23.3269811,-9.10615761,1.17741256,-0.817987991,12.8811391,-4.63880152,-0.318273448,-8.1047426,-3.35989833,-10.5396495,13.7648171,-5.43582569,1.84224439
1343,-3.97399291,5.36805168,106.08288,-0.370026713,-0.203213965,3.45591202,-1.27347394,0.418978665,2.75731343,0,0,2.8447629,16.2385852,-17.1181804,67.3303724,-9.35907525,-8.18394803,-21.3041404,-1.84876978,-20.3219523,22.2528468,72.4398525,7.91871898,-3.25927727,23.3269811,-9.10615761,1.17741256,-0.817987991,12.8811391,-4.63880152,-0.318273448,-8.1047426,-3.35989833,-10.5396495,13.7648171,-5.43582569,1.84224439
1344,-3.97399291,5.36805168,106.08288,-0.370026713,-0.203213965,3.45591202,-1.27347394,0.418978665,2.75731343,0,0,2.8447629,16.2385852,-17.1181804,67.3303724,-9.35907525,-8.18394803,-21.3041404,-1.84876978,-20.3219523,22.2528468,72.4398525,7.91871898,-3.25927727,23.3269811,-9.10615761,1.17741256,-0.817987991,12.8811391,-4.63880152,-0.318273448,-8.1047426,-3.35989833,-10.5396495,13.7648171,-5.43582569,1.84224439
1345,-3.97399291,5.36805168,106.08288,-0.370026713,-0.203213965,3.45591202,-1.27347394,0.418978665,2.75731343,0,0,2.8447629,16.2385852,-17.1181804,67.3303724,-9.35907525,-8.18394803,-21.3041404,-1.84876978,-20.3219523,22.2528468,72.4398525,7.91871898,-3.25927727,23.3269811,-9.10615761,1.17741256,-0.817987991,12.8811391,-4.63880152,-0.318273448,-8.1047426,-3.35989833,-10.5396495,13.7648171,-5.43582569,1.84224439
1346,-3.97399291,5.36805168,106.08288,-0.370026713,-0.203213965,3.45591202,-1.27347394,0.418978665,2.75731343,0,0,2.8447629,16.2385852,-17.1181804,67.3303724,-9.35907525,-8.18394803,-21.3041404,-1.84876978,-20.3219523,22.2528468,72.4398525,7.91871898,-3.25927727,23.3269811,-9.10615761,1.17741256,-0.817987991,12.8811391,-4.63880152,-0.318273448,-8.1047426,-3.35989833,-10.5396495,13.7648171,-5.43582569,1.84224439
1347,-3.97399291,5.36805168,106.08288,-0.370026713,-0.203213965,3.45591202,-1.27347394,0.418978665,2.75731343,0,0,2.8447629,16.2385852,-17.1181804,67.3303724,-9.35907525,-8.18394803,-21.3041404,-1.84876978,-20.3219523,22.2528468,72.4398525,7.91871898,-3.25927727,23.3269811,-9.10615761,1.17741256,-0.817987991,12.8811391,-4.63880152,-0.318273448,-8.1047426,-3.35989833,-10.5396495,13.7648171,-5.43582569,1.84224439
1348,-3.97399291,5.36805168,106.08288,-0.370026713,-0.203213965,3.45591202,-1.27347394,0.418978665,2.75731343,0,0,2.8447629,16.2385852,-17.1181804,67.3303724,-9.35907525,-8.18394803,-21.3041404,-1.84876978,-20.3219523,22.2528468,72.4398525,7.91871898,-3.25927727,23.3269811,-9.10615761,1.17741256,-0.817987991,12.8811391,-4.63880152,-0.318273448,-8.1047426,-3.35989833,-10.5396495,13.7648171,-5.43582569,1.84224439
1349,-3.97399291,5.36805168,106.08288,-0.370026713,-0.203213965,3.45591202,-1.27347394,0.418978665,2.75731343,0,0,2.8447629,16.2385852,-17.1181804,67.3303724,-9.35907525,-8.18394803,-21.3041404,-1.84876978,-20.3219523,22.2528468,72.4398525,7.91871898,-3.25927727,23.3269811,-9.10615761,1.17741256,-0.817987991,12.8811391,-4.63880152,-0.318273448,-8.1047426,-3.35989833,-10.5396495,13.7648171,-5.43582569,1.84224439
1350,-3.97399291,5.36805168,106.08288,-0.370026713,-0.203213965,3.45591202,-1.27347394,0.418978665,2.75731343,0,0,2.8447629,16.2385852,-17.1181804,67.3303724,-9.35907525,-8.18394803,-21.3041404,-1.84876978,-20.3219523,22.2528468,72.4398525,7.91871898,-3.25927727,23.3269811,-9.10615761,1.17741256,-0.817987991,12.8811391,-4.63880152,-0.318273448,-8.1047426,-3.35989833,-10.5396495,13.7648171,-5.43582569,1.84224439
1351,-3.97399291,5.36805168,106.08288,-0.370026713,-0.203213965,3.45591202,-1.27347394,0.418978665,2.75731343,0,0,2.8447629,16.2385852,-17.1181804,67.3303724,-9.35907525,-8.18394803,-21.3041404,-1.84876978,-20.3219523,22.2528468,72.4398525,7.91871898,-3.25927727,23.3269811,-9.10615761,1.17741256,-0.817987991,12.8811391,-4.63880152,-0.318273448,-8.1047426,-3.35989833,-10.5396495,13.7648171,-5.43582569,1.84224439
1352,-3.97399291,5.36805168,106.08288,-0.370026713,-0.203213965,3.45591202,-1.27347394,0.418978665,2.75731343,0,0,2.8447629,16.2385852,-17.1181804,67.3303724,-9.35907525,-8.18394803,-21.3041404,-1.84876978,-20.3219523,22.2528468,72.4398525,7.91871898,-3.25927727,23.3269811,-9.10615761,1.17741256,-0.817987991,12.8811391,-4.63880152,-0.318273448,-8.1047426,-3.35989833,-10.5396495,13.7648171,-5.43582569,1.84224439
1353,-3.97399291,5.36805168,106.08288,-0.370026713,-0.203213965,3.45591202,-1.27347394,0.418978665,2.75731343,0,0,2.8447629,16.2385852,-17.1181804,67.3303724,-9.35907525,-8.18394803,-21.3041404,-1.84876978,-20.3219523,22.2528468,72.4398525,7.91871898,-3.25927727,23.3269811,-9.10615761,1.17741256,-0.817987991,12.8811391,-4.63880152,-0.318273448,-8.1047426,-3.35989833,-10.5396495,13.7648171,-5.43582569,1.84224439
1354,-3.97399291,5.36805168,106.08288,-0.370026713,-0.203213965,3.45591202,-1.27347394,0.418978665,2.75731343,0,0,2.8447629,16.2385852,-17.1181804,67.3303724,-9.35907525,-8.18394803,-21.3041404,-1.84876978,-20.3219523,22.2528468,72.4398525,7.91871898,-3.25927727,23.3269811,-9.10615761,1.17741256,-0.817987991,12.8811391,-4.63880152,-0.318273448,-8.1047426,-3.35989833,-10.5396495,13.7648171,-5.43582569,1.84224439
1355,-3.97399291,5.36805168,106.08288,-0.370026713,-0.203213965,3.45591202,-1.27347394,0.418978665,2.75731343,0,0,2.8447629,16.2385852,-17.1181804,67.3303724,-9.35907525,-8.18394803,-21.3041404,-1.84876978,-20.3219523,22.2528468,72.4398525,7.91871898,-3.25927727,23.3269811,-9.10615761,1.17741256,-0.817987991,12.8811391,-4.63880152,-0.318273448,-8.1047426,-3.35989833,-10.5396495,13.7648171,-5.43582569,1.84224439
1356,-3.97399291,5.36805168,106.08288,-0.370026713,-0.203213965,3.45591202,-1.27347394,0.418978665,2.75731343,0,0,2.8447629,16.2385852,-17.1181804,67.3303724,-9.35907525,-8.18394803,-21.3041404,-1.84876978,-20.3219523,22.2528468,72.4398525,7.91871898,-3.25927727,23.3269811,-9.10615761,1.17741256,-0.817987991,12.8811391,-4.63880152,-0.318273448,-8.1047426,-3.35989833,-10.5396495,13.7648171,-5.43582569,1.84224439
1357,-3.97399291,5.36805168,106.08288,-0.370026713,-0.203213965,3.45591202,-1.27347394,0.418978665,2.75731343,0,0,2.8447629,16.2385852,-17.1181804,67.3303724,-9.35907525,-8.18394803,-21.3041404,-1.84876978,-20.3219523,22.2528468,72.4398525,7.91871898,-3.25927727,23.3269811,-9.10615761,1.17741256,-0.817987991,12.8811391,-4.63880152,-0.318273448,-8.1047426,-3.35989833,-10.5396495,13.7648171,-5.43582569,1.84224439
1358,-3.97399291,5.36805168,106.08288,-0.370026713,-0.203213965,3.45591202,-1.27347394,0.418978665,2.75731343,0,0,2.8447629,16.2385852,-17.1181804,67.3303724,-9.35907525,-8.18394803,-21.3041404,-1.84876978,-20.3219523,22.2528468,72.4398525,7.91871898,-3.25927727,23.3269811,-9.10615761,1.17741256,-0.817987991,12.8811391,-4.63880152,-0.318273448,-8.1047426,-3.35989833,-10.5396495,13.7648171,-5.43582569,1.84224439
1359,-3.97399291,5.36805168,106.08288,-0.370026713,-0.203213965,3.45591202,-1.27347394,0.418978665,2.75731343,0,0,2.8447629,16.2385852,-17.1181804,67.3303724,-9.35907525,-8.18394803,-21.3041404,-1.84876978,-20.3219523,22.2528468,72.4398525,7.91871898,-3.25927727,23.3269811,-9.10615761,1.17741256,-0.817987991,12.8811391,-4.63880152,-0.318273448,-8.1047426,-3.35989833,-10.5396495,13.7648171,-5.43582569,1.84224439
1360,-3.97399291,5.36805168,106.08288,-0.370026713,-0.203213965,3.45591202,-1.27347394,0.418978665,2.75731343,0,0,2.8447629,16.2385852,-17.1181804,67.3303724,-9.35907525,-8.18394803,-21.3041404,-1.84876978,-20.3219523,22.2528468,72.4398525,7.91871898,-3.25927727,23.3269811,-9.10615761,1.17741256,-0.817987991,12.8811391,-4.63880152,-0.318273448,-8.1047426,-3.35989833,-10.5396495,13.7648171,-5.43582569,1.84224439
1361,-3.97399291,5.36805168,106.08288,-0.370026713,-0.203213965,3.45591202,-1.27347394,0.418978665,2.75731343,0,0,2.8447629,16.2385852,-17.1181804,67.3303724,-9.35907525,-8.18394803,-21.3041404,-1.84876978,-20.3219523,22.2528468,72.4398525,7.91871898,-3.25927727,23.3269811,-9.10615761,1.17741256,-0.817987991,12.8811391,-4.63880152,-0.318273448,-8.1047426,-3.35989833,-10.5396495,13.7648171,-5.43582569,1.84224439
1362,-3.97399291,5.36805168,106.08288,-0.370026713,-0.203213965,3.45591202,-1.27347394,0.418978665,2.75731343,0,0,2.8447629,16.2385852,-17.1181804,67.3303724,-9.35907525,-8.18394803,-21.3041404,-1.84876978,-20.3219523,22.2528468,72.4398525,7.91871898,-3.25927727,23.3269811,-9.10615761,1.17741256,-0.817987991,12.8811391,-4.63880152,-0.318273448,-8.1047426,-3.35989833,-10.5396495,13.7648171,-5.43582569,1.84224439
1363,-3.97399291,5.36805168,106.08288,-0.370026713,-0.203213965,3.45591202,-1.27347394,0.418978665,2.75731343,0,0,2.8447629,16.2385852,-17.1181804,67.3303724,-9.35907525,-8.18394803,-21.3041404,-1.84876978,-20.3219523,22.2528468,72.4398525,7.91871898,-3.25927727,23.3269811,-9.10615761,1.17741256,-0.817987991,12.8811391,-4.63880152,-0.318273448,-8.1047426,-3.35989833,-10.5396495,13.7648171,-5.43582569,1.84224439
1364,-3.97399291,5.36805168,106.08288,-0.370026713,-0.203213965,3.45591202,-1.27347394,0.418978665,2.75731343,0,0,2.8447629,16.2385852,-17.1181804,67.3303724,-9.35907525,-8.18394803,-21.3041404,-1.84876978,-20.3219523,22.2528468,72.4398525,7.91871898,-3.25927727,23.3269811,-9.10615761,1.17741256,-0.817987991,12.8811391,-4.63880152,-0.318273448,-8.1047426,-3.35989833,-10.5396495,13.7648171,-5.43582569,1.84224439
1365,-3.97399291,5.36805168,106.08288,-0.370026713,-0.203213965,3.45591202,-1.27347394,0.418978665,2.75731343,0,0,2.8447629,16.2385852,-17.1181804,67.3303724,-9.35907525,-8.18394803,-21.3041404,-1.84876978,-20.3219523,22.2528468,72.4398525,7.91871898,-3.25927727,23.3269811,-9.10615761,1.17741256,-0.817987991,12.8811391,-4.63880152,-0.318273448,-8.1047426,-3.35989833,-10.5396495,13.7648171,-5.43582569,1.84224439
1366,-3.97399291,5.36805168,106.08288,-0.370026713,-0.203213965,3.45591202,-1.27347394,0.418978665,2.75731343,0,0,2.8447629,16.2385852,-17.1181804,67.3303724,-9.35907525,-8.18394803,-21.3041404,-1.84876978,-20.3219523,22.2528468,72.4398525,7.91871898,-3.25927727,23.3269811,-9.10615761,1.17741256,-0.817987991,12.8811391,-4.63880152,-0.318273448,-8.1047426,-3.35989833,-10.5396495,13.7648171,-5.43582569,1.84224439
1367,-3.97399291,5.36805168,106.08288,-0.370026713,-0.203213965,3.45591202,-1.27347394,0.418978665,2.75731343,0,0,2.8447629,16.2385852,-17.1181804,67.3303724,-9.35907525,-8.18394803,-21.3041404,-1.84876978,-20.3219523,22.2528468,72.4398525,7.91871898,-3.25927727,23.3269811,-9.10615761,1.17741256,-0.817987991,12.8811391,-4.63880152,-0.318273448,-8.1047426,-3.35989833,-10.5396495,13.7648171,-5.43582569,1.84224439
1368,-3.97399291,5.36805168,106.08288,-0.370026713,-0.203213965,3.45591202,-1.27347394,0.418978665,2.75731343,0,0,2.8447629,16.2385852,-17.1181804,67.3303724,-9.35907525,-8.18394803,-21.3041404,-1.84876978,-20.3219523,22.2528468,72.4398525,7.91871898,-3.25927727,23.3269811,-9.10615761,1.17741256,-0.817987991,12.8811391,-4.63880152,-0.318273448,-8.1047426,-3.35989833,-10.5396495,13.7648171,-5.43582569,1.84224439
1369,-3.97399291,5.36805168,106.08288,-0.370026713,-0.203213965,3.45591202,-1.27347394,0.418978665,2.75731343,0,0,2.8447629,16.2385852,-17.1181804,67.3303724,-9.35907525,-8.18394803,-21.3041404,-1.84876978,-20.3219523,22.2528468,72.4398525,7.91871898,-3.25927727,23.3269811,-9.10615761,1.17741256,-0.817987991,12.8811391,-4.63880152,-0.318273448,-8.1047426,-3.35989833,-10.5396495,13.7648171,-5.43582569,1.84224439
1370,-3.97399291,5.36805168,106.08288,-0.370026713,-0.203213965,3.45591202,-1.27347394,0.418978665,2.75731343,0,0,2.8447629,16.2385852,-17.1181804,67.3303724,-9.35907525,-8.18394803,-21.3041404,-1.84876978,-20.3219523,22.2528468,72.4398525,7.91871898,-3.25927727,23.3269811,-9.10615761,1.17741256,-0.817987991,12.8811391,-4.63880152,-0.318273448,-8.1047426,-3.35989833,-10.5396495,13.7648171,-5.43582569,1.84224439
1371,-3.97399291,5.36805168,106.08288,-0.370026713,-0.203213965,3.45591202,-1.27347394,0.418978665,2.75731343,0,0,2.8447629,16.2385852,-17.1181804,67.3303724,-9.35907525,-8.18394803,-21.3041404,-1.84876978,-20.3219523,22.2528468,72.4398525,7.91871898,-3.25927727,23.3269811,-9.10615761,1.17741256,-0.817987991,12.8811391,-4.63880152,-0.318273448,-8.1047426,-3.35989833,-10.5396495,13.7648171,-5.43582569,1.84224439
1372,-3.97399291,5.36805168,106.08288,-0.370026713,-0.203213965,3.45591202,-1.27347394,0.418978665,2.75731343,0,0,2.8447629,16.2385852,-17.1181804,67.3303724,-9.35907525,-8.18394803,-21.3041404,-1.84876978,-20.3219523,22.2528468,72.4398525,7.91871898,-3.25927727,23.3269811,-9.10615761,1.17741256,-0.817987991,12.8811391,-4.63880152,-0.318273448,-8.1047426,-3.35989833,-10.5396495,13.7648171,-5.43582569,1.84224439
1373,-3.97399291,5.36805168,106.08288,-0.370026713,-0.203213965,3.45591202,-1.27347394,0.418978665,2.75731343,0,0,2.8447629,16.2385852,-17.1181804,67.3303724,-9.35907525,-8.18394803,-21.3041404,-1.84876978,-20.3219523,22.2528468,72.4398525,7.91871898,-3.25927727,23.3269811,-9.10615761,1.17741256,-0.817987991,12.8811391,-4.63880152,-0.318273448,-8.1047426,-3.35989833,-10.5396495,13.7648171,-5.43582569,1.84224439
1374,-3.97399291,5.36805168,106.08288,-0.370026713,-0.203213965,3.45591202,-1.27347394,0.418978665,2.75731343,0,0,2.8447629,16.2385852,-17.1181804,67.3303724,-9.35907525,-8.18394803,-21.3041404,-1.84876978,-20.3219523,22.2528468,72.4398525,7.91871898,-3.25927727,23.3269811,-9.10615761,1.17741256,-0.817987991,12.8811391,-4.63880152,-0.318273448,-8.1047426,-3.35989833,-10.5396495,13.7648171,-5.43582569,1.84224439
1375,-3.97399291,5.36805168,106.08288,-0.370026713,-0.203213965,3.45591202,-1.27347394,0.418978665,2.75731343,0,0,2.8447629,16.2385852,-17.1181804,67.3303724,-9.35907525,-8.18394803,-21.3041404,-1.84876978,-20.3219523,22.2528468,72.4398525,7.91871898,-3.25927727,23.3269811,-9.10615761,1.17741256,-0.817987991,12.8811391,-4.63880152,-0.318273448,-8.1047426,-3.35989833,-10.5396495,13.7648171,-5.43582569,1.84224439
1376,-3.97399291,5.36805168,106.08288,-0.370026713,-0.203213965,3.45591202,-1.27347394,0.418978665,2.75731343,0,0,2.8447629,16.2385852,-17.1181804,67.3303724,-9.35907525,-8.18394803,-21.3041404,-1.84876978,-20.3219523,22.2528468,72.4398525,7.91871898,-3.25927727,23.3269811,-9.10615761,1.17741256,-0.817987991,12.8811391,-4.63880152,-0.318273448,-8.1047426,-3.35989833,-10.5396495,13.7648171,-5.43582569,1.84224439
1377,-3.97399291,5.36805168,106.08288,-0.370026713,-0.203213965,3.45591202,-1.27347394,0.418978665,2.75731343,0,0,2.8447629,16.2385852,-17.1181804,67.3303724,-9.35907525,-8.18394803,-21.3041404,-1.84876978,-20.3219523,22.2528468,72.4398525,7.91871898,-3.25927727,23.3269811,-9.10615761,1.17741256,-0.817987991,12.8811391,-4.63880152,-0.318273448,-8.1047426,-3.35989833,-10.5396495,13.7648171,-5.43582569,1.84224439
1378,-3.97399291,5.36805168,106.08288,-0.370026713,-0.203213965,3.45591202,-1.27347394,0.418978665,2.75731343,0,0,2.8447629,16.2385852,-17.1181804,67.3303724,-9.35907525,-8.18394803,-21.3041404,-1.84876978,-20.3219523,22.2528468,72.4398525,7.91871898,-3.25927727,23.3269811,-9.10615761,1.17741256,-0.817987991,12.8811391,-4.63880152,-0.318273448,-8.1047426,-3.35989833,-10.5396495,13.7648171,-5.43582569,1.84224439
1379,-3.97399291,5.36805168,106.08288,-0.370026713,-0.203213965,3.45591202,-1.27347394,0.418978665,2.75731343,0,0,2.8447629,16.2385852,-17.1181804,67.3303724,-9.35907525,-8.18394803,-21.3041404,-1.84876978,-20.3219523,22.2528468,72.4398525,7.91871898,-3.25927727,23.3269811,-9.10615761,1.17741256,-0.817987991,12.8811391,-4.63880152,-0.318273448,-8.1047426,-3.35989833,-10.5396495,13.7648171,-5.43582569,1.84224439
1380,-3.97399291,5.36805168,106.08288,-0.370026713,-0.203213965,3.45591202,-1.27347394,0.418978665,2.75731343,0,0,2.8447629,16.2385852,-17.1181804,67.3303724,-9.35907525,-8.18394803,-21.3041404,-1.84876978,-20.3219523,22.2528468,72.4398525,7.91871898,-3.25927727,23.3269811,-9.10615761,1.17741256,-0.817987991,12.8811391,-4.63880152,-0.318273448,-8.1047426,-3.35989833,-10.5396495,13.7648171,-5.43582569,1.84224439
1381,-3.97399291,5.36805168,106.08288,-0.370026713,-0.203213965,3.45591202,-1.27347394,0.418978665,2.75731343,0,0,2.8447629,16.2385852,-17.1181804,67.3303724,-9.35907525,-8.18394803,-21.3041404,-1.84876978,-20.3219523,22.2528468,72.4398525,7.91871898,-3.25927727,23.3269811,-9.10615761,1.17741256,-0.817987991,12.8811391,-4.63880152,-0.318273448,-8.1047426,-3.35989833,-10.5396495,13.7648171,-5.43582569,1.84224439
1382,-3.97399291,5.36805168,106.08288,-0.370026713,-0.203213965,3.45591202,-1.27347394,0.418978665,2.75731343,0,0,2.8447629,16.2385852,-17.1181804,67.3303724,-9.35907525,-8.18394803,-21.3041404,-1.84876978,-20.3219523,22.2528468,72.4398525,7.91871898,-3.25927727,23.3269811,-9.10615761,1.17741256,-0.817987991,12.8811391,-4.63880152,-0.318273448,-8.1047426,-3.35989833,-10.5396495,13.7648171,-5.43582569,1.84224439
1383,-3.97399291,5.36805168,106.08288,-0.370026713,-0.203213965,3.45591202,-1.27347394,0.418978665,2.75731343,0,0,2.8447629,16.2385852,-17.1181804,67.3303724,-9.35907525,-8.18394803,-21.3041404,-1.84876978,-20.3219523,22.2528468,72.4398525,7.91871898,-3.25927727,23.3269811,-9.10615761,1.17741256,-0.817987991,12.8811391,-4.63880152,-0.318273448,-8.1047426,-3.35989833,-10.5396495,13.7648171,-5.43582569,1.84224439
1384,-3.97399291,5.36805168,106.08288,-0.370026713,-0.203213965,3.45591202,-1.27347394,0.418978665,2.75731343,0,0,2.8447629,16.2385852,-17.1181804,67.3303724,-9.35907525,-8.18394803,-21.3041404,-1.84876978,-20.3219523,22.2528468,72.4398525,7.91871898,-3.25927727,23.3269811,-9.10615761,1.17741256,-0.817987991,12.8811391,-4.63880152,-0.318273448,-8.1047426,-3.35989833,-10.5396495,13.7648171,-5.43582569,1.84224439
1385,-3.97399291,5.36805168,106.08288,-0.370026713,-0.203213965,3.45591202,-1.27347394,0.418978665,2.75731343,0,0,2.8447629,16.2385852,-17.1181804,67.3303724,-9.35907525,-8.18394803,-21.3041404,-1.84876978,-20.3219523,22.2528468,72.4398525,7.91871898,-3.25927727,23.3269811,-9.10615761,1.17741256,-0.817987991,12.8811391,-4.63880152,-0.318273448,-8.1047426,-3.35989833,-10.5396495,13.7648171,-5.43582569,1.84224439
1386,-3.97399291,5.36805168,106.08288,-0.370026713,-0.203213965,3.45591202,-1.27347394,0.418978665,2.75731343,0,0,2.8447629,16.2385852,-17.1181804,67.3303724,-9.35907525,-8.18394803,-21.3041404,-1.84876978,-20.3219523,22.2528468,72.4398525,7.91871898,-3.25927727,23.3269811,-9.10615761,1.17741256,-0.817987991,12.8811391,-4.63880152,-0.318273448,-8.1047426,-3.35989833,-10.5396495,13.7648171,-5.43582569,1.84224439
1387,-3.97399291,5.36805168,106.08288,-0.370026713,-0.203213965,3.45591202,-1.27347394,0.418978665,2.75731343,0,0,2.8447629,16.2385852,-17.1181804,67.3303724,-9.35907525,-8.18394803,-21.3041404,-1.84876978,-20.3219523,22.2528468,72.4398525,7.91871898,-3.25927727,23.3269811,-9.10615761,1.17741256,-0.817987991,12.8811391,-4.63880152,-0.318273448,-8.1047426,-3.35989833,-10.5396495,13.7648171,-5.43582569,1.84224439
1388,-3.97399291,5.36805168,106.08288,-0.370026713,-0.203213965,3.45591202,-1.27347394,0.418978665,2.75731343,0,0,2.8447629,16.2385852,-17.1181804,67.3303724,-9.35907525,-8.18394803,-21.3041404,-1.84876978,-20.3219523,22.2528468,72.4398525,7.91871898,-3.25927727,23.3269811,-9.10615761,1.17741256,-0.817987991,12.8811391,-4.63880152,-0.318273448,-8.1047426,-3.35989833,-10.5396495,13.7648171,-5.43582569,1.84224439
1389,-3.97399291,5.36805168,106.08288,-0.370026713,-0.203213965,3.45591202,-1.27347394,0.418978665,2.75731343,0,0,2.8447629,16.2385852,-17.1181804,67.3303724,-9.35907525,-8.18394803,-21.3041404,-1.84876978,-20.3219523,22.2528468,72.4398525,7.91871898,-3.25927727,23.3269811,-9.10615761,1.17741256,-0.817987991,12.8811391,-4.63880152,-0.318273448,-8.1047426,-3.35989833,-10.5396495,13.7648171,-5.43582569,1.84224439
1390,-3.97399291,5.36805168,106.08288,-0.370026713,-0.203213965,3.45591202,-1.27347394,0.418978665,2.75731343,0,0,2.8447629,16.2385852,-17.1181804,67.3303724,-9.35907525,-8.18394803,-21.3041404,-1.84876978,-20.3219523,22.2528468,72.4398525,7.91871898,-3.25927727,23.3269811,-9.10615761,1.17741256,-0.817987991,12.8811391,-4.63880152,-0.318273448,-8.1047426,-3.35989833,-10.5396495,13.7648171,-5.43582569,1.84224439
1391,-3.97399291,5.36805168,106.08288,-0.370026713,-0.203213965,3.45591202,-1.27347394,0.418978665,2.75731343,0,0,2.8447629,16.2385852,-17.1181804,67.3303724,-9.35907525,-8.18394803,-21.3041404,-1.84876978,-20.3219523,22.2528468,72.4398525,7.91871898,-3.25927727,23.3269811,-9.10615761,1.17741256,-0.817987991,12.8811391,-4.63880152,-0.318273448,-8.1047426,-3.35989833,-10.5396495,13.7648171,-5.43582569,1.84224439
1392,-3.97399291,5.36805168,106.08288,-0.370026713,-0.203213965,3.45591202,-1.27347394,0.418978665,2.75731343,0,0,2.8447629,16.2385852,-17.1181804,67.3303724,-9.35907525,-8.18394803,-21.3041404,-1.84876978,-20.3219523,22.2528468,72.4398525,7.91871898,-3.25927727,23.3269811,-9.10615761,1.17741256,-0.817987991,12.8811391,-4.63880152,-0.318273448,-8.1047426,-3.35989833,-10.5396495,13.7648171,-5.43582569,1.84224439
1393,-3.97399291,5.36805168,106.08288,-0.370026713,-0.203213965,3.45591202,-1.27347394,0.418978665,2.75731343,0,0,2.8447629,16.2385852,-17.1181804,67.3303724,-9.35907525,-8.18394803,-21.3041404,-1.84876978,-20.3219523,22.2528468,72.4398525,7.91871898,-3.25927727,23.3269811,-9.10615761,1.17741256,-0.817987991,12.8811391,-4.63880152,-0.318273448,-8.1047426,-3.35989833,-10.5396495,13.7648171,-5.43582569,1.84224439
1394,-3.97399291,5.36805168,106.08288,-0.370026713,-0.203213965,3.45591202,-1.27347394,0.418978665,2.75731343,0,0,2.8447629,16.2385852,-17.1181804,67.3303724,-9.35907525,-8.18394803,-21.3041404,-1.84876978,-20.3219523,22.2528468,72.4398525,7.91871898,-3.25927727,23.3269811,-9.10615761,1.17741256,-0.817987991,12.8811391,-4.63880152,-0.318273448,-8.1047426,-3.35989833,-10.5396495,13.7648171,-5.43582569,1.84224439
1395,-3.97399291,5.36805168,106.08288,-0.370026713,-0.203213965,3.45591202,-1.27347394,0.418978665,2.75731343,0,0,2.8447629,16.2385852,-17.1181804,67.3303724,-9.35907525,-8.18394803,-21.3041404,-1.84876978,-20.3219523,22.2528468,72.4398525,7.91871898,-3.25927727,23.3269811,-9.10615761,1.17741256,-0.817987991,12.8811391,-4.63880152,-0.318273448,-8.1047426,-3.35989833,-10.5396495,13.7648171,-5.43582569,1.84224439
1396,-3.97399291,5.36805168,106.08288,-0.370026713,-0.203213965,3.45591202,-1.27347394,0.418978665,2.75731343,0,0,2.8447629,16.2385852,-17.1181804,67.3303724,-9.35907525,-8.18394803,-21.3041404,-1.84876978,-20.3219523,22.2528468,72.4398525,7.91871898,-3.25927727,23.3269811,-9.10615761,1.17741256,-0.817987991,12.8811391,-4.63880152,-0.318273448,-8.1047426,-3.35989833,-10.5396495,13.7648171,-5.43582569,1.84224439
1397,-3.97399291,5.36805168,106.08288,-0.370026713,-0.203213965,3.45591202,-1.27347394,0.418978665,2.75731343,0,0,2.8447629,16.2385852,-17.1181804,67.3303724,-9.35907525,-8.18394803,-21.3041404,-1.84876978,-20.3219523,22.2528468,72.4398525,7.91871898,-3.25927727,23.3269811,-9.10615761,1.17741256,-0.817987991,12.8811391,-4.63880152,-0.318273448,-8.1047426,-3.35989833,-10.5396495,13.7648171,-5.43582569,1.84224439
1398,-3.97399291,5.36805168,106.08288,-0.370026713,-0.203213965,3.45591202,-1.27347394,0.418978665,2.75731343,0,0,2.8447629,16.2385852,-17.1181804,67.3303724,-9.35907525,-8.18394803,-21.3041404,-1.84876978,-20.3219523,22.2528468,72.4398525,7.91871898,-3.25927727,23.3269811,-9.10615761,1.17741256,-0.817987991,12.8811391,-4.63880152,-0.318273448,-8.1047426,-3.35989833,-10.5396495,13.7648171,-5.43582569,1.84224439
1399,-3.97399291,5.36805168,106.08288,-0.370026713,-0.203213965,3.45591202,-1.27347394,0.418978665,2.75731343,0,0,2.8447629,16.2385852,-17.1181804,67.3303724,-9.35907525,-8.18394803,-21.3041404,-1.84876978,-20.3219523,22.2528468,72.4398525,7.91871898,-3.25927727,23.3269811,-9.10615761,1.17741256,-0.817987991,12.8811391,-4.63880152,-0.318273448,-8.1047426,-3.35989833,-10.5396495,13.7648171,-5.43582569,1.84224439
1400,-3.97399291,5.36805168,106.08288,-0.370026713,-0.203213965,3.45591202,-1.27347394,0.418978665,2.75731343,0,0,2.8447629,16.2385852,-17.1181804,67.3303724,-9.35907525,-8.18394803,-21.3041404,-1.84876978,-20.3219523,22.2528468,72.4398525,7.91871898,-3.25927727,23.3269811,-9.10615761,1.17741256,-0.817987991,12.8811391,-4.63880152,-0.318273448,-8.1047426,-3.35989833,-10.5396495,13.7648171,-5.43582569,1.84224439
1401,-3.97399291,5.36805168,106.08288,-0.370026713,-0.203213965,3.45591202,-1.27347394,0.418978665,2.75731343,0,0,2.8447629,16.2385852,-17.1181804,67.3303724,-9.35907525,-8.18394803,-21.3041404,-1.84876978,-20.3219523,22.2528468,72.4398525,7.91871898,-3.25927727,23.3269811,-9.10615761,1.17741256,-0.817987991,12.8811391,-4.63880152,-0.318273448,-8.1047426,-3.35989833,-10.5396495,13.7648171,-5.43582569,1.84224439
1402,-3.97399291,5.36805168,106.08288,-0.370026713,-0.203213965,3.45591202,-1.27347394,0.418978665,2.75731343,0,0,2.8447629,16.2385852,-17.1181804,67.3303724,-9.35907525,-8.18394803,-21.3041404,-1.84876978,-20.3219523,22.2528468,72.4398525,7.91871898,-3.25927727,23.3269811,-9.10615761,1.17741256,-0.817987991,12.8811391,-4.63880152,-0.318273448,-8.1047426,-3.35989833,-10.5396495,13.7648171,-5.43582569,1.84224439
1403,-3.97399291,5.36805168,106.08288,-0.370026713,-0.203213965,3.45591202,-1.27347394,0.418978665,2.75731343,0,0,2.8447629,16.2385852,-17.1181804,67.3303724,-9.35907525,-8.18394803,-21.3041404,-1.84876978,-20.3219523,22.2528468,72.4398525,7.91871898,-3.25927727,23.3269811,-9.10615761,1.17741256,-0.817987991,12.8811391,-4.63880152,-0.318273448,-8.1047426,-3.35989833,-10.5396495,13.7648171,-5.43582569,1.84224439
1404,-3.97399291,5.36805168,106.08288,-0.370026713,-0.203213965,3.45591202,-1.27347394,0.418978665,2.75731343,0,0,2.8447629,16.2385852,-17.1181804,67.3303724,-9.35907525,-8.18394803,-21.3041404,-1.84876978,-20.3219523,22.2528468,72.4398525,7.91871898,-3.25927727,23.3269811,-9.10615761,1.17741256,-0.817987991,12.8811391,-4.63880152,-0.318273448,-8.1047426,-3.35989833,-10.5396495,13.7648171,-5.43582569,1.84224439
1405,-3.97399291,5.36805168,106.08288,-0.370026713,-0.203213965,3.45591202,-1.27347394,0.418978665,2.75731343,0,0,2.8447629,16.2385852,-17.1181804,67.3303724,-9.35907525,-8.18394803,-21.3041404,-1.84876978,-20.3219523,22.2528468,72.4398525,7.91871898,-3.25927727,23.3269811,-9.10615761,1.17741256,-0.817987991,12.8811391,-4.63880152,-0.318273448,-8.1047426,-3.35989833,-10.5396495,13.7648171,-5.43582569,1.84224439
1406,-3.97399291,5.36805168,106.08288,-0.370026713,-0.203213965,3.45591202,-1.27347394,0.418978665,2.75731343,0,0,2.8447629,16.2385852,-17.1181804,67.3303724,-9.35907525,-8.18394803,-21.3041404,-1.84876978,-20.3219523,22.2528468,72.4398525,7.91871898,-3.25927727,23.3269811,-9.10615761,1.17741256,-0.817987991,12.8811391,-4.63880152,-0.318273448,-8.1047426,-3.35989833,-10.5396495,13.7648171,-5.43582569,1.84224439
1407,-3.97399291,5.36805168,106.08288,-0.370026713,-0.203213965,3.45591202,-1.27347394,0.418978665,2.75731343,0,0,2.8447629,16.2385852,-17.1181804,67.3303724,-9.35907525,-8.18394803,-21.3041404,-1.84876978,-20.3219523,22.2528468,72.4398525,7.91871898,-3.25927727,23.3269811,-9.10615761,1.17741256,-0.817987991,12.8811391,-4.63880152,-0.318273448,-8.1047426,-3.35989833,-10.5396495,13.7648171,-5.43582569,1.84224439
1408,-3.97399291,5.36805168,106.08288,-0.370026713,-0.203213965,3.45591202,-1.27347394,0.418978665,2.75731343,0,0,2.8447629,16.2385852,-17.1181804,67.3303724,-9.35907525,-8.18394803,-21.3041404,-1.84876978,-20.3219523,22.2528468,72.4398525,7.91871898,-3.25927727,23.3269811,-9.10615761,1.17741256,-0.817987991,12.8811391,-4.63880152,-0.318273448,-8.1047426,-3.35989833,-10.5396495,13.7648171,-5.43582569,1.84224439
1409,-3.97399291,5.36805168,106.08288,-0.370026713,-0.203213965,3.45591202,-1.27347394,0.418978665,2.75731343,0,0,2.8447629,16.2385852,-17.1181804,67.3303724,-9.35907525,-8.18394803,-21.3041404,-1.84876978,-20.3219523,22.2528468,72.4398525,7.91871898,-3.25927727,23.3269811,-9.10615761,1.17741256,-0.817987991,12.8811391,-4.63880152,-0.318273448,-8.1047426,-3.35989833,-10.5396495,13.7648171,-5.43582569,1.84224439
1410,-3.97399291,5.36805168,106.08288,-0.370026713,-0.203213965,3.45591202,-1.27347394,0.418978665,2.75731343,0,0,2.8447629,16.2385852,-17.1181804,67.3303724,-9.35907525,-8.18394803,-21.3041404,-1.84876978,-20.3219523,22.2528468,72.4398525,7.91871898,-3.25927727,23.3269811,-9.10615761,1.17741256,-0.817987991,12.8811391,-4.63880152,-0.318273448,-8.1047426,-3.35989833,-10.5396495,13.7648171,-5.43582569,1.84224439
1411,-3.97399291,5.36805168,106.08288,-0.370026713,-0.203213965,3.45591202,-1.27347394,0.418978665,2.75731343,0,0,2.8447629,16.2385852,-17.1181804,67.3303724,-9.35907525,-8.18394803,-21.3041404,-1.84876978,-20.3219523,22.2528468,72.4398525,7.91871898,-3.25927727,23.3269811,-9.10615761,1.17741256,-0.817987991,12.8811391,-4.63880152,-0.318273448,-8.1047426,-3.35989833,-10.5396495,13.7648171,-5.43582569,1.84224439
1412,-3.97399291,5.36805168,106.08288,-0.370026713,-0.203213965,3.45591202,-1.27347394,0.418978665,2.75731343,0,0,2.8447629,16.2385852,-17.1181804,67.3303724,-9.35907525,-8.18394803,-21.3041404,-1.84876978,-20.3219523,22.2528468,72.4398525,7.91871898,-3.25927727,23.3269811,-9.10615761,1.17741256,-0.817987991,12.8811391,-4.63880152,-0.318273448,-8.1047426,-3.35989833,-10.5396495,13.7648171,-5.43582569,1.84224439
1413,-3.97399291,5.36805168,106.08288,-0.370026713,-0.203213965,3.45591202,-1.27347394,0.418978665,2.75731343,0,0,2.8447629,16.2385852,-17.1181804,67.3303724,-9.35907525,-8.18394803,-21.3041404,-1.84876978,-20.3219523,22.2528468,72.4398525,7.91871898,-3.25927727,23.3269811,-9.10615761,1.17741256,-0.817987991,12.8811391,-4.63880152,-0.318273448,-8.1047426,-3.35989833,-10.5396495,13.7648171,-5.43582569,1.84224439
1414,-3.97399291,5.36805168,106.08288,-0.370026713,-0.203213965,3.45591202,-1.27347394,0.418978665,2.75731343,0,0,2.8447629,16.2385852,-17.1181804,67.3303724,-9.35907525,-8.18394803,-21.3041404,-1.84876978,-20.3219523,22.2528468,72.4398525,7.91871898,-3.25927727,23.3269811,-9.10615761,1.17741256,-0.817987991,12.8811391,-4.63880152,-0.318273448,-8.1047426,-3.35989833,-10.5396495,13.7648171,-5.43582569,1.84224439
1415,-3.97399291,5.36805168,106.08288,-0.370026713,-0.203213965,3.45591202,-1.27347394,0.418978665,2.75731343,0,0,2.8447629,16.2385852,-17.1181804,67.3303724,-9.35907525,-8.18394803,-21.3041404,-1.84876978,-20.3219523,22.2528468,72.4398525,7.91871898,-3.25927727,23.3269811,-9.10615761,1.17741256,-0.817987991,12.8811391,-4.63880152,-0.318273448,-8.1047426,-3.35989833,-10.5396495,13.7648171,-5.43582569,1.84224439
1416,-3.97399291,5.36805168,106.08288,-0.370026713,-0.203213965,3.45591202,-1.27347394,0.418978665,2.75731343,0,0,2.8447629,16.2385852,-17.1181804,67.3303724,-9.35907525,-8.18394803,-21.3041404,-1.84876978,-20.3219523,22.2528468,72.4398525,7.91871898,-3.25927727,23.3269811,-9.10615761,1.17741256,-0.817987991,12.8811391,-4.63880152,-0.318273448,-8.1047426,-3.35989833,-10.5396495,13.7648171,-5.43582569,1.84224439
1417,-3.97399291,5.36805168,106.08288,-0.370026713,-0.203213965,3.45591202,-1.27347394,0.418978665,2.75731343,0,0,2.8447629,16.2385852,-17.1181804,67.3303724,-9.35907525,-8.18394803,-21.3041404,-1.84876978,-20.3219523,22.2528468,72.4398525,7.91871898,-3.25927727,23.3269811,-9.10615761,1.17741256,-0.817987991,12.8811391,-4.63880152,-0.318273448,-8.1047426,-3.35989833,-10.5396495,13.7648171,-5.43582569,1.84224439
1418,-3.97399291,5.36805168,106.08288,-0.370026713,-0.203213965,3.45591202,-1.27347394,0.418978665,2.75731343,0,0,2.8447629,16.2385852,-17.1181804,67.3303724,-9.35907525,-8.18394803,-21.3041404,-1.84876978,-20.3219523,22.2528468,72.4398525,7.91871898,-3.25927727,23.3269811,-9.10615761,1.17741256,-0.817987991,12.8811391,-4.63880152,-0.318273448,-8.1047426,-3.35989833,-10.5396495,13.7648171,-5.43582569,1.84224439
1419,-3.97399291,5.36805168,106.08288,-0.370026713,-0.203213965,3.45591202,-1.27347394,0.418978665,2.75731343,0,0,2.8447629,16.2385852,-17.1181804,67.3303724,-9.35907525,-8.18394803,-21.3041404,-1.84876978,-20.3219523,22.2528468,72.4398525,7.91871898,-3.25927727,23.3269811,-9.10615761,1.17741256,-0.817987991,12.8811391,-4.63880152,-0.318273448,-8.1047426,-3.35989833,-10.5396495,13.7648171,-5.43582569,1.84224439
1420,-3.97399291,5.36805168,106.08288,-0.370026713,-0.203213965,3.45591202,-1.27347394,0.418978665,2.75731343,0,0,2.8447629,16.2385852,-17.1181804,67.3303724,-9.35907525,-8.18394803,-21.3041404,-1.84876978,-20.3219523,22.2528468,72.4398525,7.91871898,-3.25927727,23.3269811,-9.10615761,1.17741256,-0.817987991,12.8811391,-4.63880152,-0.318273448,-8.1047426,-3.35989833,-10.5396495,13.7648171,-5.43582569,1.84224439
1421,-3.97399291,5.36805168,106.08288,-0.370026713,-0.203213965,3.45591202,-1.27347394,0.418978665,2.75731343,0,0,2.8447629,16.2385852,-17.1181804,67.3303724,-9.35907525,-8.18394803,-21.3041404,-1.84876978,-20.3219523,22.2528468,72.4398525,7.91871898,-3.25927727,23.3269811,-9.10615761,1.17741256,-0.817987991,12.8811391,-4.63880152,-0.318273448,-8.1047426,-3.35989833,-10.5396495,13.7648171,-5.43582569,1.84224439
1422,-3.97399291,5.36805168,106.08288,-0.370026713,-0.203213965,3.45591202,-1.27347394,0.418978665,2.75731343,0,0,2.8447629,16.2385852,-17.1181804,67.3303724,-9.35907525,-8.18394803,-21.3041404,-1.84876978,-20.3219523,22.2528468,72.4398525,7.91871898,-3.25927727,23.3269811,-9.10615761,1.17741256,-0.817987991,12.8811391,-4.63880152,-0.318273448,-8.1047426,-3.35989833,-10.5396495,13.7648171,-5.43582569,1.84224439
1423,-3.97399291,5.36805168,106.08288,-0.370026713,-0.203213965,3.45591202,-1.27347394,0.418978665,2.75731343,0,0,2.8447629,16.2385852,-17.1181804,67.3303724,-9.35907525,-8.18394803,-21.3041404,-1.84876978,-20.3219523,22.2528468,72.4398525,7.91871898,-3.25927727,23.3269811,-9.10615761,1.17741256,-0.817987991,12.8811391,-4.63880152,-0.318273448,-8.1047426,-3.35989833,-10.5396495,13.7648171,-5.43582569,1.84224439
1424,-3.97399291,5.36805168,106.08288,-0.370026713,-0.203213965,3.45591202,-1.27347394,0.418978665,2.75731343,0,0,2.8447629,16.2385852,-17.1181804,67.3303724,-9.35907525,-8.18394803,-21.3041404,-1.84876978,-20.3219523,22.2528468,72.4398525,7.91871898,-3.25927727,23.3269811,-9.10615761,1.17741256,-0.817987991,12.8811391,-4.63880152,-0.318273448,-8.1047426,-3.35989833,-10.5396495,13.7648171,-5.43582569,1.84224439
1425,-3.97399291,5.36805168,106.08288,-0.370026713,-0.203213965,3.45591202,-1.27347394,0.418978665,2.75731343,0,0,2.8447629,16.2385852,-17.1181804,67.3303724,-9.35907525,-8.18394803,-21.3041404,-1.84876978,-20.3219523,22.2528468,72.4398525,7.91871898,-3.25927727,23.3269811,-9.10615761,1.17741256,-0.817987991,12.8811391,-4.63880152,-0.318273448,-8.1047426,-3.35989833,-10.5396495,13.7648171,-5.43582569,1.84224439
1426,-3.97399291,5.36805168,106.08288,-0.370026713,-0.203213965,3.45591202,-1.27347394,0.418978665,2.75731343,0,0,2.8447629,16.2385852,-17.1181804,67.3303724,-9.35907525,-8.18394803,-21.3041404,-1.84876978,-20.3219523,22.2528468,72.4398525,7.91871898,-3.25927727,23.3269811,-9.10615761,1.17741256,-0.817987991,12.8811391,-4.63880152,-0.318273448,-8.1047426,-3.35989833,-10.5396495,13.7648171,-5.43582569,1.84224439
1427,-3.97399291,5.36805168,106.08288,-0.370026713,-0.203213965,3.45591202,-1.27347394,0.418978665,2.75731343,0,0,2.8447629,16.2385852,-17.1181804,67.3303724,-9.35907525,-8.18394803,-21.3041404,-1.84876978,-20.3219523,22.2528468,72.4398525,7.91871898,-3.25927727,23.3269811,-9.10615761,1.17741256,-0.817987991,12.8811391,-4.63880152,-0.318273448,-8.1047426,-3.35989833,-10.5396495,13.7648171,-5.43582569,1.84224439
1428,-3.97399291,5.36805168,106.08288,-0.370026713,-0.203213965,3.45591202,-1.27347394,0.418978665,2.75731343,0,0,2.8447629,16.2385852,-17.1181804,67.3303724,-9.35907525,-8.18394803,-21.3041404,-1.84876978,-20.3219523,22.2528468,72.4398525,7.91871898,-3.25927727,23.3269811,-9.10615761,1.17741256,-0.817987991,12.8811391,-4.63880152,-0.318273448,-8.1047426,-3.35989833,-10.5396495,13.7648171,-5.43582569,1.84224439
1429,-3.97399291,5.36805168,106.08288,-0.370026713,-0.203213965,3.45591202,-1.27347394,0.418978665,2.75731343,0,0,2.8447629,16.2385852,-17.1181804,67.3303724,-9.35907525,-8.18394803,-21.3041404,-1.84876978,-20.3219523,22.2528468,72.4398525,7.91871898,-3.25927727,23.3269811,-9.10615761,1.17741256,-0.817987991,12.8811391,-4.63880152,-0.318273448,-8.1047426,-3.35989833,-10.5396495,13.7648171,-5.43582569,1.84224439
1430,-3.97399291,5.36805168,106.08288,-0.370026713,-0.203213965,3.45591202,-1.27347394,0.418978665,2.75731343,0,0,2.8447629,16.2385852,-17.1181804,67.3303724,-9.35907525,-8.18394803,-21.3041404,-1.84876978,-20.3219523,22.2528468,72.4398525,7.91871898,-3.25927727,23.3269811,-9.10615761,1.17741256,-0.817987991,12.8811391,-4.63880152,-0.318273448,-8.1047426,-3.35989833,-10.5396495,13.7648171,-5.43582569,1.84224439
1431,-3.97399291,5.36805168,106.08288,-0.370026713,-0.203213965,3.45591202,-1.27347394,0.418978665,2.75731343,0,0,2.8447629,16.2385852,-17.1181804,67.3303724,-9.35907525,-8.18394803,-21.3041404,-1.84876978,-20.3219523,22.2528468,72.4398525,7.91871898,-3.25927727,23.3269811,-9.10615761,1.17741256,-0.817987991,12.8811391,-4.63880152,-0.318273448,-8.1047426,-3.35989833,-10.5396495,13.7648171,-5.43582569,1.84224439
1432,-3.97399291,5.36805168,106.08288,-0.370026713,-0.203213965,3.45591202,-1.27347394,0.418978665,2.75731343,0,0,2.8447629,16.2385852,-17.1181804,67.3303724,-9.35907525,-8.18394803,-21.3041404,-1.84876978,-20.3219523,22.2528468,72.4398525,7.91871898,-3.25927727,23.3269811,-9.10615761,1.17741256,-0.817987991,12.8811391,-4.63880152,-0.318273448,-8.1047426,-3.35989833,-10.5396495,13.7648171,-5.43582569,1.84224439
1433,-3.97399291,5.36805168,106.08288,-0.370026713,-0.203213965,3.45591202,-1.27347394,0.418978665,2.75731343,0,0,2.8447629,16.2385852,-17.1181804,67.3303724,-9.35907525,-8.18394803,-21.3041404,-1.84876978,-20.3219523,22.2528468,72.4398525,7.91871898,-3.25927727,23.3269811,-9.10615761,1.17741256,-0.817987991,12.8811391,-4.63880152,-0.318273448,-8.1047426,-3.35989833,-10.5396495,13.7648171,-5.43582569,1.84224439
1434,-3.97399291,5.36805168,106.08288,-0.370026713,-0.203213965,3.45591202,-1.27347394,0.418978665,2.75731343,0,0,2.8447629,16.2385852,-17.1181804,67.3303724,-9.35907525,-8.18394803,-21.3041404,-1.84876978,-20.3219523,22.2528468,72.4398525,7.91871898,-3.25927727,23.3269811,-9.10615761,1.17741256,-0.817987991,12.8811391,-4.63880152,-0.318273448,-8.1047426,-3.35989833,-10.5396495,13.7648171,-5.43582569,1.84224439
1435,-3.97399291,5.36805168,106.08288,-0.370026713,-0.203213965,3.45591202,-1.27347394,0.418978665,2.75731343,0,0,2.8447629,16.2385852,-17.1181804,67.3303724,-9.35907525,-8.18394803,-21.3041404,-1.84876978,-20.3219523,22.2528468,72.4398525,7.91871898,-3.25927727,23.3269811,-9.10615761,1.17741256,-0.817987991,12.8811391,-4.63880152,-0.318273448,-8.1047426,-3.35989833,-10.5396495,13.7648171,-5.43582569,1.84224439
1436,-3.97399291,5.36805168,106.08288,-0.370026713,-0.203213965,3.45591202,-1.27347394,0.418978665,2.75731343,0,0,2.8447629,16.2385852,-17.1181804,67.3303724,-9.35907525,-8.18394803,-21.3041404,-1.84876978,-20.3219523,22.2528468,72.4398525,7.91871898,-3.25927727,23.3269811,-9.10615761,1.17741256,-0.817987991,12.8811391,-4.63880152,-0.318273448,-8.1047426,-3.35989833,-10.5396495,13.7648171,-5.43582569,1.84224439
1437,-3.97399291,5.36805168,106.08288,-0.370026713,-0.203213965,3.45591202,-1.27347394,0.418978665,2.75731343,0,0,2.8447629,16.2385852,-17.1181804,67.3303724,-9.35907525,-8.18394803,-21.3041404,-1.84876978,-20.3219523,22.2528468,72.4398525,7.91871898,-3.25927727,23.3269811,-9.10615761,1.17741256,-0.817987991,12.8811391,-4.63880152,-0.318273448,-8.1047426,-3.35989833,-10.5396495,13.7648171,-5.43582569,1.84224439
1438,-3.97399291,5.36805168,106.08288,-0.370026713,-0.203213965,3.45591202,-1.27347394,0.418978665,2.75731343,0,0,2.8447629,16.2385852,-17.1181804,67.3303724,-9.35907525,-8.18394803,-21.3041404,-1.84876978,-20.3219523,22.2528468,72.4398525,7.91871898,-3.25927727,23.3269811,-9.10615761,1.17741256,-0.817987991,12.8811391,-4.63880152,-0.318273448,-8.1047426,-3.35989833,-10.5396495,13.7648171,-5.43582569,1.84224439
1439,-3.97399291,5.36805168,106.08288,-0.370026713,-0.203213965,3.45591202,-1.27347394,0.418978665,2.75731343,0,0,2.8447629,16.2385852,-17.1181804,67.3303724,-9.35907525,-8.18394803,-21.3041404,-1.84876978,-20.3219523,22.2528468,72.4398525,7.91871898,-3.25927727,23.3269811,-9.10615761,1.17741256,-0.817987991,12.8811391,-4.63880152,-0.318273448,-8.1047426,-3.35989833,-10.5396495,13.7648171,-5.43582569,1.84224439
1440,-3.97399291,5.36805168,106.08288,-0.370026713,-0.203213965,3.45591202,-1.27347394,0.418978665,2.75731343,0,0,2.8447629,16.2385852,-17.1181804,67.3303724,-9.35907525,-8.18394803,-21.3041404,-1.84876978,-20.3219523,22.2528468,72.4398525,7.91871898,-3.25927727,23.3269811,-9.10615761,1.17741256,-0.817987991,12.8811391,-4.63880152,-0.318273448,-8.1047426,-3.35989833,-10.5396495,13.7648171,-5.43582569,1.84224439
1441,-3.97399291,5.36805168,106.08288,-0.370026713,-0.203213965,3.45591202,-1.27347394,0.418978665,2.75731343,0,0,2.8447629,16.2385852,-17.1181804,67.3303724,-9.35907525,-8.18394803,-21.3041404,-1.84876978,-20.3219523,22.2528468,72.4398525,7.91871898,-3.25927727,23.3269811,-9.10615761,1.17741256,-0.817987991,12.8811391,-4.63880152,-0.318273448,-8.1047426,-3.35989833,-10.5396495,13.7648171,-5.43582569,1.84224439
1442,-3.97399291,5.36805168,106.08288,-0.370026713,-0.203213965,3.45591202,-1.27347394,0.418978665,2.75731343,0,0,2.8447629,16.2385852,-17.1181804,67.3303724,-9.35907525,-8.18394803,-21.3041404,-1.84876978,-20.3219523,22.2528468,72.4398525,7.91871898,-3.25927727,23.3269811,-9.10615761,1.17741256,-0.817987991,12.8811391,-4.63880152,-0.318273448,-8.1047426,-3.35989833,-10.5396495,13.7648171,-5.43582569,1.84224439
1443,-3.97399291,5.36805168,106.08288,-0.370026713,-0.203213965,3.45591202,-1.27347394,0.418978665,2.75731343,0,0,2.8447629,16.2385852,-17.1181804,67.3303724,-9.35907525,-8.18394803,-21.3041404,-1.84876978,-20.3219523,22.2528468,72.4398525,7.91871898,-3.25927727,23.3269811,-9.10615761,1.17741256,-0.817987991,12.8811391,-4.63880152,-0.318273448,-8.1047426,-3.35989833,-10.5396495,13.7648171,-5.43582569,1.84224439
1444,-3.97399291,5.36805168,106.08288,-0.370026713,-0.203213965,3.45591202,-1.27347394,0.418978665,2.75731343,0,0,2.8447629,16.2385852,-17.1181804,67.3303724,-9.35907525,-8.18394803,-21.3041404,-1.84876978,-20.3219523,22.2528468,72.4398525,7.91871898,-3.25927727,23.3269811,-9.10615761,1.17741256,-0.817987991,12.8811391,-4.63880152,-0.318273448,-8.1047426,-3.35989833,-10.5396495,13.7648171,-5.43582569,1.84224439
1445,-3.97399291,5.36805168,106.08288,-0.370026713,-0.203213965,3.45591202,-1.27347394,0.418978665,2.75731343,0,0,2.8447629,16.2385852,-17.1181804,67.3303724,-9.35907525,-8.18394803,-21.3041404,-1.84876978,-20.3219523,22.2528468,72.4398525,7.91871898,-3.25927727,23.3269811,-9.10615761,1.17741256,-0.817987991,12.8811391,-4.63880152,-0.318273448,-8.1047426,-3.35989833,-10.5396495,13.7648171,-5.43582569,1.84224439
1446,-3.97399291,5.36805168,106.08288,-0.370026713,-0.203213965,3.45591202,-1.27347394,0.418978665,2.75731343,0,0,2.8447629,16.2385852,-17.1181804,67.3303724,-9.35907525,-8.18394803,-21.3041404,-1.84876978,-20.3219523,22.2528468,72.4398525,7.91871898,-3.25927727,23.3269811,-9.10615761,1.17741256,-0.817987991,12.8811391,-4.63880152,-0.318273448,-8.1047426,-3.35989833,-10.5396495,13.7648171,-5.43582569,1.84224439
1447,-3.97399291,5.36805168,106.08288,-0.370026713,-0.203213965,3.45591202,-1.27347394,0.418978665,2.75731343,0,0,2.8447629,16.2385852,-17.1181804,67.3303724,-9.35907525,-8.18394803,-21.3041404,-1.84876978,-20.3219523,22.2528468,72.4398525,7.91871898,-3.25927727,23.3269811,-9.10615761,1.17741256,-0.817987991,12.8811391,-4.63880152,-0.318273448,-8.1047426,-3.35989833,-10.5396495,13.7648171,-5.43582569,1.84224439
1448,-3.97399291,5.36805168,106.08288,-0.370026713,-0.203213965,3.45591202,-1.27347394,0.418978665,2.75731343,0,0,2.8447629,16.2385852,-17.1181804,67.3303724,-9.35907525,-8.18394803,-21.3041404,-1.84876978,-20.3219523,22.2528468,72.4398525,7.91871898,-3.25927727,23.3269811,-9.10615761,1.17741256,-0.817987991,12.8811391,-4.63880152,-0.318273448,-8.1047426,-3.35989833,-10.5396495,13.7648171,-5.43582569,1.84224439
1449,-3.97399291,5.36805168,106.08288,-0.370026713,-0.203213965,3.45591202,-1.27347394,0.418978665,2.75731343,0,0,2.8447629,16.2385852,-17.1181804,67.3303724,-9.35907525,-8.18394803,-21.3041404,-1.84876978,-20.3219523,22.2528468,72.4398525,7.91871898,-3.25927727,23.3269811,-9.10615761,1.17741256,-0.817987991,12.8811391,-4.63880152,-0.318273448,-8.1047426,-3.35989833,-10.5396495,13.7648171,-5.43582569,1.84224439
1450,-3.97399291,5.36805168,106.08288,-0.370026713,-0.203213965,3.45591202,-1.27347394,0.418978665,2.75731343,0,0,2.8447629,16.2385852,-17.1181804,67.3303724,-9.35907525,-8.18394803,-21.3041404,-1.84876978,-20.3219523,22.2528468,72.4398525,7.91871898,-3.25927727,23.3269811,-9.10615761,1.17741256,-0.817987991,12.8811391,-4.63880152,-0.318273448,-8.1047426,-3.35989833,-10.5396495,13.7648171,-5.43582569,1.84224439
1451,-3.97399291,5.36805168,106.08288,-0.370026713,-0.203213965,3.45591202,-1.27347394,0.418978665,2.75731343,0,0,2.8447629,16.2385852,-17.1181804,67.3303724,-9.35907525,-8.18394803,-21.3041404,-1.84876978,-20.3219523,22.2528468,72.4398525,7.91871898,-3.25927727,23.3269811,-9.10615761,1.17741256,-0.817987991,12.8811391,-4.63880152,-0.318273448,-8.1047426,-3.35989833,-10.5396495,13.7648171,-5.43582569,1.84224439
1452,-3.97399291,5.36805168,106.08288,-0.370026713,-0.203213965,3.45591202,-1.27347394,0.418978665,2.75731343,0,0,2.8447629,16.2385852,-17.1181804,67.3303724,-9.35907525,-8.18394803,-21.3041404,-1.84876978,-20.3219523,22.2528468,72.4398525,7.91871898,-3.25927727,23.3269811,-9.10615761,1.17741256,-0.817987991,12.8811391,-4.63880152,-0.318273448,-8.1047426,-3.35989833,-10.5396495,13.7648171,-5.43582569,1.84224439
1453,-3.97399291,5.36805168,106.08288,-0.370026713,-0.203213965,3.45591202,-1.27347394,0.418978665,2.75731343,0,0,2.8447629,16.2385852,-17.1181804,67.3303724,-9.35907525,-8.18394803,-21.3041404,-1.84876978,-20.3219523,22.2528468,72.4398525,7.91871898,-3.25927727,23.3269811,-9.10615761,1.17741256,-0.817987991,12.8811391,-4.63880152,-0.318273448,-8.1047426,-3.35989833,-10.5396495,13.7648171,-5.43582569,1.84224439
1454,-3.97399291,5.36805168,106.08288,-0.370026713,-0.203213965,3.45591202,-1.27347394,0.418978665,2.75731343,0,0,2.8447629,16.2385852,-17.1181804,67.3303724,-9.35907525,-8.18394803,-21.3041404,-1.84876978,-20.3219523,22.2528468,72.4398525,7.91871898,-3.25927727,23.3269811,-9.10615761,1.17741256,-0.817987991,12.8811391,-4.63880152,-0.318273448,-8.1047426,-3.35989833,-10.5396495,13.7648171,-5.43582569,1.84224439
1455,-3.97399291,5.36805168,106.08288,-0.370026713,-0.203213965,3.45591202,-1.27347394,0.418978665,2.75731343,0,0,2.8447629,16.2385852,-17.1181804,67.3303724,-9.35907525,-8.18394803,-21.3041404,-1.84876978,-20.3219523,22.2528468,72.4398525,7.91871898,-3.25927727,23.3269811,-9.10615761,1.17741256,-0.817987991,12.8811391,-4.63880152,-0.318273448,-8.1047426,-3.35989833,-10.5396495,13.7648171,-5.43582569,1.84224439
1456,-3.97399291,5.36805168,106.08288,-0.370026713,-0.203213965,3.45591202,-1.27347394,0.418978665,2.75731343,0,0,2.8447629,16.2385852,-17.1181804,67.3303724,-9.35907525,-8.18394803,-21.3041404,-1.84876978,-20.3219523,22.2528468,72.4398525,7.91871898,-3.25927727,23.3269811,-9.10615761,1.17741256,-0.817987991,12.8811391,-4.63880152,-0.318273448,-8.1047426,-3.35989833,-10.5396495,13.7648171,-5.43582569,1.84224439
1457,-3.97399291,5.36805168,106.08288,-0.370026713,-0.203213965,3.45591202,-1.27347394,0.418978665,2.75731343,0,0,2.8447629,16.2385852,-17.1181804,67.3303724,-9.35907525,-8.18394803,-21.3041404,-1.84876978,-20.3219523,22.2528468,72.4398525,7.91871898,-3.25927727,23.3269811,-9.10615761,1.17741256,-0.817987991,12.8811391,-4.63880152,-0.318273448,-8.1047426,-3.35989833,-10.5396495,13.7648171,-5.43582569,1.84224439
1458,-3.97399291,5.36805168,106.08288,-0.370026713,-0.203213965,3.45591202,-1.27347394,0.418978665,2.75731343,0,0,2.8447629,16.2385852,-17.1181804,67.3303724,-9.35907525,-8.18394803,-21.3041404,-1.84876978,-20.3219523,22.2528468,72.4398525,7.91871898,-3.25927727,23.3269811,-9.10615761,1.17741256,-0.817987991,12.8811391,-4.63880152,-0.318273448,-8.1047426,-3.35989833,-10.5396495,13.7648171,-5.43582569,1.84224439
1459,-3.97399291,5.36805168,106.08288,-0.370026713,-0.203213965,3.45591202,-1.27347394,0.418978665,2.75731343,0,0,2.8447629,16.2385852,-17.1181804,67.3303724,-9.35907525,-8.18394803,-21.3041404,-1.84876978,-20.3219523,22.2528468,72.4398525,7.91871898,-3.25927727,23.3269811,-9.10615761,1.17741256,-0.817987991,12.8811391,-4.63880152,-0.318273448,-8.1047426,-3.35989833,-10.5396495,13.7648171,-5.43582569,1.84224439
1460,-3.97399291,5.36805168,106.08288,-0.370026713,-0.203213965,3.45591202,-1.27347394,0.418978665,2.75731343,0,0,2.8447629,16.2385852,-17.1181804,67.3303724,-9.35907525,-8.18394803,-21.3041404,-1.84876978,-20.3219523,22.2528468,72.4398525,7.91871898,-3.25927727,23.3269811,-9.10615761,1.17741256,-0.817987991,12.8811391,-4.63880152,-0.318273448,-8.1047426,-3.35989833,-10.5396495,13.7648171,-5.43582569,1.84224439
1461,-3.97399291,5.36805168,106.08288,-0.370026713,-0.203213965,3.45591202,-1.27347394,0.418978665,2.75731343,0,0,2.8447629,16.2385852,-17.1181804,67.3303724,-9.35907525,-8.18394803,-21.3041404,-1.84876978,-20.3219523,22.2528468,72.4398525,7.91871898,-3.25927727,23.3269811,-9.10615761,1.17741256,-0.817987991,12.8811391,-4.63880152,-0.318273448,-8.1047426,-3.35989833,-10.5396495,13.7648171,-5.43582569,1.84224439
1462,-3.97399291,5.36805168,106.08288,-0.370026713,-0.203213965,3.45591202,-1.27347394,0.418978665,2.75731343,0,0,2.8447629,16.2385852,-17.1181804,67.3303724,-9.35907525,-8.18394803,-21.3041404,-1.84876978,-20.3219523,22.2528468,72.4398525,7.91871898,-3.25927727,23.3269811,-9.10615761,1.17741256,-0.817987991,12.8811391,-4.63880152,-0.318273448,-8.1047426,-3.35989833,-10.5396495,13.7648171,-5.43582569,1.84224439
1463,-3.97399291,5.36805168,106.08288,-0.370026713,-0.203213965,3.45591202,-1.27347394,0.418978665,2.75731343,0,0,2.8447629,16.2385852,-17.1181804,67.3303724,-9.35907525,-8.18394803,-21.3041404,-1.84876978,-20.3219523,22.2528468,72.4398525,7.91871898,-3.25927727,23.3269811,-9.10615761,1.17741256,-0.817987991,12.8811391,-4.63880152,-0.318273448,-8.1047426,-3.35989833,-10.5396495,13.7648171,-5.43582569,1.84224439
1464,-3.97399291,5.36805168,106.08288,-0.370026713,-0.203213965,3.45591202,-1.27347394,0.418978665,2.75731343,0,0,2.8447629,16.2385852,-17.1181804,67.3303724,-9.35907525,-8.18394803,-21.3041404,-1.84876978,-20.3219523,22.2528468,72.4398525,7.91871898,-3.25927727,23.3269811,-9.10615761,1.17741256,-0.817987991,12.8811391,-4.63880152,-0.318273448,-8.1047426,-3.35989833,-10.5396495,13.7648171,-5.43582569,1.84224439
1465,-3.97399291,5.36805168,106.08288,-0.370026713,-0.203213965,3.45591202,-1.27347394,0.418978665,2.75731343,0,0,2.8447629,16.2385852,-17.1181804,67.3303724,-9.35907525,-8.18394803,-21.3041404,-1.84876978,-20.3219523,22.2528468,72.4398525,7.91871898,-3.25927727,23.3269811,-9.10615761,1.17741256,-0.817987991,12.8811391,-4.63880152,-0.318273448,-8.1047426,-3.35989833,-10.5396495,13.7648171,-5.43582569,1.84224439
1466,-3.97399291,5.36805168,106.08288,-0.370026713,-0.203213965,3.45591202,-1.27347394,0.418978665,2.75731343,0,0,2.8447629,16.2385852,-17.1181804,67.3303724,-9.35907525,-8.18394803,-21.3041404,-1.84876978,-20.3219523,22.2528468,72.4398525,7.91871898,-3.25927727,23.3269811,-9.10615761,1.17741256,-0.817987991,12.8811391,-4.63880152,-0.318273448,-8.1047426,-3.35989833,-10.5396495,13.7648171,-5.43582569,1.84224439
1467,-3.97399291,5.36805168,106.08288,-0.370026713,-0.203213965,3.45591202,-1.27347394,0.418978665,2.75731343,0,0,2.8447629,16.2385852,-17.1181804,67.3303724,-9.35907525,-8.18394803,-21.3041404,-1.84876978,-20.3219523,22.2528468,72.4398525,7.91871898,-3.25927727,23.3269811,-9.10615761,1.17741256,-0.817987991,12.8811391,-4.63880152,-0.318273448,-8.1047426,-3.35989833,-10.5396495,13.7648171,-5.43582569,1.84224439
1468,-3.97399291,5.36805168,106.08288,-0.370026713,-0.203213965,3.45591202,-1.27347394,0.418978665,2.75731343,0,0,2.8447629,16.2385852,-17.1181804,67.3303724,-9.35907525,-8.18394803,-21.3041404,-1.84876978,-20.3219523,22.2528468,72.4398525,7.91871898,-3.25927727,23.3269811,-9.10615761,1.17741256,-0.817987991,12.8811391,-4.63880152,-0.318273448,-8.1047426,-3.35989833,-10.5396495,13.7648171,-5.43582569,1.84224439
1469,-3.97399291,5.36805168,106.08288,-0.370026713,-0.203213965,3.45591202,-1.27347394,0.418978665,2.75731343,0,0,2.8447629,16.2385852,-17.1181804,67.3303724,-9.35907525,-8.18394803,-21.3041404,-1.84876978,-20.3219523,22.2528468,72.4398525,7.91871898,-3.25927727,23.3269811,-9.10615761,1.17741256,-0.817987991,12.8811391,-4.63880152,-0.318273448,-8.1047426,-3.35989833,-10.5396495,13.7648171,-5.43582569,1.84224439
1470,-3.97399291,5.36805168,106.08288,-0.370026713,-0.203213965,3.45591202,-1.27347394,0.418978665,2.75731343,0,0,2.8447629,16.2385852,-17.1181804,67.3303724,-9.35907525,-8.18394803,-21.3041404,-1.84876978,-20.3219523,22.2528468,72.4398525,7.91871898,-3.25927727,23.3269811,-9.10615761,1.17741256,-0.817987991,12.8811391,-4.63880152,-0.318273448,-8.1047426,-3.35989833,-10.5396495,13.7648171,-5.43582569,1.84224439
1471,-3.97399291,5.36805168,106.08288,-0.370026713,-0.203213965,3.45591202,-1.27347394,0.418978665,2.75731343,0,0,2.8447629,16.2385852,-17.1181804,67.3303724,-9.35907525,-8.18394803,-21.3041404,-1.84876978,-20.3219523,22.2528468,72.4398525,7.91871898,-3.25927727,23.3269811,-9.10615761,1.17741256,-0.817987991,12.8811391,-4.63880152,-0.318273448,-8.1047426,-3.35989833,-10.5396495,13.7648171,-5.43582569,1.84224439
1472,-3.97399291,5.36805168,106.08288,-0.370026713,-0.203213965,3.45591202,-1.27347394,0.418978665,2.75731343,0,0,2.8447629,16.2385852,-17.1181804,67.3303724,-9.35907525,-8.18394803,-21.3041404,-1.84876978,-20.3219523,22.2528468,72.4398525,7.91871898,-3.25927727,23.3269811,-9.10615761,1.17741256,-0.817987991,12.8811391,-4.63880152,-0.318273448,-8.1047426,-3.35989833,-10.5396495,13.7648171,-5.43582569,1.84224439
1473,-3.97399291,5.36805168,106.08288,-0.370026713,-0.203213965,3.45591202,-1.27347394,0.418978665,2.75731343,0,0,2.8447629,16.2385852,-17.1181804,67.3303724,-9.35907525,-8.18394803,-21.3041404,-1.84876978,-20.3219523,22.2528468,72.4398525,7.91871898,-3.25927727,23.3269811,-9.10615761,1.17741256,-0.817987991,12.8811391,-4.63880152,-0.318273448,-8.1047426,-3.35989833,-10.5396495,13.7648171,-5.43582569,1.84224439
1474,-3.97399291,5.36805168,106.08288,-0.370026713,-0.203213965,3.45591202,-1.27347394,0.418978665,2.75731343,0,0,2.8447629,16.2385852,-17.1181804,67.3303724,-9.35907525,-8.18394803,-21.3041404,-1.84876978,-20.3219523,22.2528468,72.4398525,7.91871898,-3.25927727,23.3269811,-9.10615761,1.17741256,-0.817987991,12.8811391,-4.63880152,-0.318273448,-8.1047426,-3.35989833,-10.5396495,13.7648171,-5.43582569,1.84224439
1475,-3.97399291,5.36805168,106.08288,-0.370026713,-0.203213965,3.45591202,-1.27347394,0.418978665,2.75731343,0,0,2.8447629,16.2385852,-17.1181804,67.3303724,-9.35907525,-8.18394803,-21.3041404,-1.84876978,-20.3219523,22.2528468,72.4398525,7.91871898,-3.25927727,23.3269811,-9.10615761,1.17741256,-0.817987991,12.8811391,-4.63880152,-0.318273448,-8.1047426,-3.35989833,-10.5396495,13.7648171,-5.43582569,1.84224439
1476,-3.97399291,5.36805168,106.08288,-0.370026713,-0.203213965,3.45591202,-1.27347394,0.418978665,2.75731343,0,0,2.8447629,16.2385852,-17.1181804,67.3303724,-9.35907525,-8.18394803,-21.3041404,-1.84876978,-20.3219523,22.2528468,72.4398525,7.91871898,-3.25927727,23.3269811,-9.10615761,1.17741256,-0.817987991,12.8811391,-4.63880152,-0.318273448,-8.1047426,-3.35989833,-10.5396495,13.7648171,-5.43582569,1.84224439
1477,-3.97399291,5.36805168,106.08288,-0.370026713,-0.203213965,3.45591202,-1.27347394,0.418978665,2.75731343,0,0,2.8447629,16.2385852,-17.1181804,67.3303724,-9.35907525,-8.18394803,-21.3041404,-1.84876978,-20.3219523,22.2528468,72.4398525,7.91871898,-3.25927727,23.3269811,-9.10615761,1.17741256,-0.817987991,12.8811391,-4.63880152,-0.318273448,-8.1047426,-3.35989833,-10.5396495,13.7648171,-5.43582569,1.84224439
1478,-3.97399291,5.36805168,106.08288,-0.370026713,-0.203213965,3.45591202,-1.27347394,0.418978665,2.75731343,0,0,2.8447629,16.2385852,-17.1181804,67.3303724,-9.35907525,-8.18394803,-21.3041404,-1.84876978,-20.3219523,22.2528468,72.4398525,7.91871898,-3.25927727,23.3269811,-9.10615761,1.17741256,-0.817987991,12.8811391,-4.63880152,-0.318273448,-8.1047426,-3.35989833,-10.5396495,13.7648171,-5.43582569,1.84224439
1479,-3.97399291,5.36805168,106.08288,-0.370026713,-0.203213965,3.45591202,-1.27347394,0.418978665,2.75731343,0,0,2.8447629,16.2385852,-17.1181804,67.3303724,-9.35907525,-8.18394803,-21.3041404,-1.84876978,-20.3219523,22.2528468,72.4398525,7.91871898,-3.25927727,23.3269811,-9.10615761,1.17741256,-0.817987991,12.8811391,-4.63880152,-0.318273448,-8.1047426,-3.35989833,-10.5396495,13.7648171,-5.43582569,1.84224439
1480,-3.97399291,5.36805168,106.08288,-0.370026713,-0.203213965,3.45591202,-1.27347394,0.418978665,2.75731343,0,0,2.8447629,16.2385852,-17.1181804,67.3303724,-9.35907525,-8.18394803,-21.3041404,-1.84876978,-20.3219523,22.2528468,72.4398525,7.91871898,-3.25927727,23.3269811,-9.10615761,1.17741256,-0.817987991,12.8811391,-4.63880152,-0.318273448,-8.1047426,-3.35989833,-10.5396495,13.7648171,-5.43582569,1.84224439
1481,-3.97399291,5.36805168,106.08288,-0.370026713,-0.203213965,3.45591202,-1.27347394,0.418978665,2.75731343,0,0,2.8447629,16.2385852,-17.1181804,67.3303724,-9.35907525,-8.18394803,-21.3041404,-1.84876978,-20.3219523,22.2528468,72.4398525,7.91871898,-3.25927727,23.3269811,-9.10615761,1.17741256,-0.817987991,12.8811391,-4.63880152,-0.318273448,-8.1047426,-3.35989833,-10.5396495,13.7648171,-5.43582569,1.84224439
1482,-3.97399291,5.36805168,106.08288,-0.370026713,-0.203213965,3.45591202,-1.27347394,0.418978665,2.75731343,0,0,2.8447629,16.2385852,-17.1181804,67.3303724,-9.35907525,-8.18394803,-21.3041404,-1.84876978,-20.3219523,22.2528468,72.4398525,7.91871898,-3.25927727,23.3269811,-9.10615761,1.17741256,-0.817987991,12.8811391,-4.63880152,-0.318273448,-8.1047426,-3.35989833,-10.5396495,13.7648171,-5.43582569,1.84224439
1483,-3.97399291,5.36805168,106.08288,-0.370026713,-0.203213965,3.45591202,-1.27347394,0.418978665,2.75731343,0,0,2.8447629,16.2385852,-17.1181804,67.3303724,-9.35907525,-8.18394803,-21.3041404,-1.84876978,-20.3219523,22.2528468,72.4398525,7.91871898,-3.25927727,23.3269811,-9.10615761,1.17741256,-0.817987991,12.8811391,-4.63880152,-0.318273448,-8.1047426,-3.35989833,-10.5396495,13.7648171,-5.43582569,1.84224439
1484,-3.97399291,5.36805168,106.08288,-0.370026713,-0.203213965,3.45591202,-1.27347394,0.418978665,2.75731343,0,0,2.8447629,16.2385852,-17.1181804,67.3303724,-9.35907525,-8.18394803,-21.3041404,-1.84876978,-20.3219523,22.2528468,72.4398525,7.91871898,-3.25927727,23.3269811,-9.10615761,1.17741256,-0.817987991,12.8811391,-4.63880152,-0.318273448,-8.1047426,-3.35989833,-10.5396495,13.7648171,-5.43582569,1.84224439
1485,-3.97399291,5.36805168,106.08288,-0.370026713,-0.203213965,3.45591202,-1.27347394,0.418978665,2.75731343,0,0,2.8447629,16.2385852,-17.1181804,67.3303724,-9.35907525,-8.18394803,-21.3041404,-1.84876978,-20.3219523,22.2528468,72.4398525,7.91871898,-3.25927727,23.3269811,-9.10615761,1.17741256,-0.817987991,12.8811391,-4.63880152,-0.318273448,-8.1047426,-3.35989833,-10.5396495,13.7648171,-5.43582569,1.84224439
1486,-3.97399291,5.36805168,106.08288,-0.370026713,-0.203213965,3.45591202,-1.27347394,0.418978665,2.75731343,0,0,2.8447629,16.2385852,-17.1181804,67.3303724,-9.35907525,-8.18394803,-21.3041404,-1.84876978,-20.3219523,22.2528468,72.4398525,7.91871898,-3.25927727,23.3269811,-9.10615761,1.17741256,-0.817987991,12.8811391,-4.63880152,-0.318273448,-8.1047426,-3.35989833,-10.5396495,13.7648171,-5.43582569,1.84224439
1487,-3.97399291,5.36805168,106.08288,-0.370026713,-0.203213965,3.45591202,-1.27347394,0.418978665,2.75731343,0,0,2.8447629,16.2385852,-17.1181804,67.3303724,-9.35907525,-8.18394803,-21.3041404,-1.84876978,-20.3219523,22.2528468,72.4398525,7.91871898,-3.25927727,23.3269811,-9.10615761,1.17741256,-0.817987991,12.8811391,-4.63880152,-0.318273448,-8.1047426,-3.35989833,-10.5396495,13.7648171,-5.43582569,1.84224439
1488,-3.97399291,5.36805168,106.08288,-0.370026713,-0.203213965,3.45591202,-1.27347394,0.418978665,2.75731343,0,0,2.8447629,16.2385852,-17.1181804,67.3303724,-9.35907525,-8.18394803,-21.3041404,-1.84876978,-20.3219523,22.2528468,72.4398525,7.91871898,-3.25927727,23.3269811,-9.10615761,1.17741256,-0.817987991,12.8811391,-4.63880152,-0.318273448,-8.1047426,-3.35989833,-10.5396495,13.7648171,-5.43582569,1.84224439
1489,-3.97399291,5.36805168,106.08288,-0.370026713,-0.203213965,3.45591202,-1.27347394,0.418978665,2.75731343,0,0,2.8447629,16.2385852,-17.1181804,67.3303724,-9.35907525,-8.18394803,-21.3041404,-1.84876978,-20.3219523,22.2528468,72.4398525,7.91871898,-3.25927727,23.3269811,-9.10615761,1.17741256,-0.817987991,12.8811391,-4.63880152,-0.318273448,-8.1047426,-3.35989833,-10.5396495,13.7648171,-5.43582569,1.84224439
1490,-3.97399291,5.36805168,106.08288,-0.370026713,-0.203213965,3.45591202,-1.27347394,0.418978665,2.75731343,0,0,2.8447629,16.2385852,-17.1181804,67.3303724,-9.35907525,-8.18394803,-21.3041404,-1.84876978,-20.3219523,22.2528468,72.4398525,7.91871898,-3.25927727,23.3269811,-9.10615761,1.17741256,-0.817987991,12.8811391,-4.63880152,-0.318273448,-8.1047426,-3.35989833,-10.5396495,13.7648171,-5.43582569,1.84224439
1491,-3.97399291,5.36805168,106.08288,-0.370026713,-0.203213965,3.45591202,-1.27347394,0.418978665,2.75731343,0,0,2.8447629,16.2385852,-17.1181804,67.3303724,-9.35907525,-8.18394803,-21.3041404,-1.84876978,-20.3219523,22.2528468,72.4398525,7.91871898,-3.25927727,23.3269811,-9.10615761,1.17741256,-0.817987991,12.8811391,-4.63880152,-0.318273448,-8.1047426,-3.35989833,-10.5396495,13.7648171,-5.43582569,1.84224439
1492,-3.97399291,5.36805168,106.08288,-0.370026713,-0.203213965,3.45591202,-1.27347394,0.418978665,2.75731343,0,0,2.8447629,16.2385852,-17.1181804,67.3303724,-9.35907525,-8.18394803,-21.3041404,-1.84876978,-20.3219523,22.2528468,72.4398525,7.91871898,-3.25927727,23.3269811,-9.10615761,1.17741256,-0.817987991,12.8811391,-4.63880152,-0.318273448,-8.1047426,-3.35989833,-10.5396495,13.7648171,-5.43582569,1.84224439
1493,-3.97399291,5.36805168,106.08288,-0.370026713,-0.203213965,3.45591202,-1.27347394,0.418978665,2.75731343,0,0,2.8447629,16.2385852,-17.1181804,67.3303724,-9.35907525,-8.18394803,-21.3041404,-1.84876978,-20.3219523,22.2528468,72.4398525,7.91871898,-3.25927727,23.3269811,-9.10615761,1.17741256,-0.817987991,12.8811391,-4.63880152,-0.318273448,-8.1047426,-3.35989833,-10.5396495,13.7648171,-5.43582569,1.84224439
1494,-3.97399291,5.36805168,106.08288,-0.370026713,-0.203213965,3.45591202,-1.27347394,0.418978665,2.75731343,0,0,2.8447629,16.2385852,-17.1181804,67.3303724,-9.35907525,-8.18394803,-21.3041404,-1.84876978,-20.3219523,22.2528468,72.4398525,7.91871898,-3.25927727,23.3269811,-9.10615761,1.17741256,-0.817987991,12.8811391,-4.63880152,-0.318273448,-8.1047426,-3.35989833,-10.5396495,13.7648171,-5.43582569,1.84224439
1495,-3.97399291,5.36805168,106.08288,-0.370026713,-0.203213965,3.45591202,-1.27347394,0.418978665,2.75731343,0,0,2.8447629,16.2385852,-17.1181804,67.3303724,-9.35907525,-8.18394803,-21.3041404,-1.84876978,-20.3219523,22.2528468,72.4398525,7.91871898,-3.25927727,23.3269811,-9.10615761,1.17741256,-0.817987991,12.8811391,-4.63880152,-0.318273448,-8.1047426,-3.35989833,-10.5396495,13.7648171,-5.43582569,1.84224439
1496,-3.97399291,5.36805168,106.08288,-0.370026713,-0.203213965,3.45591202,-1.27347394,0.418978665,2.75731343,0,0,2.8447629,16.2385852,-17.1181804,67.3303724,-9.35907525,-8.18394803,-21.3041404,-1.84876978,-20.3219523,22.2528468,72.4398525,7.91871898,-3.25927727,23.3269811,-9.10615761,1.17741256,-0.817987991,12.8811391,-4.63880152,-0.318273448,-8.1047426,-3.35989833,-10.5396495,13.7648171,-5.43582569,1.84224439
1497,-3.97399291,5.36805168,106.08288,-0.370026713,-0.203213965,3.45591202,-1.27347394,0.418978665,2.75731343,0,0,2.8447629,16.2385852,-17.1181804,67.3303724,-9.35907525,-8.18394803,-21.3041404,-1.84876978,-20.3219523,22.2528468,72.4398525,7.91871898,-3.25927727,23.3269811,-9.10615761,1.17741256,-0.817987991,12.8811391,-4.63880152,-0.318273448,-8.1047426,-3.35989833,-10.5396495,13.7648171,-5.43582569,1.84224439
1498,-3.97399291,5.36805168,106.08288,-0.370026713,-0.203213965,3.45591202,-1.27347394,0.418978665,2.75731343,0,0,2.8447629,16.2385852,-17.1181804,67.3303724,-9.35907525,-8.18394803,-21.3041404,-1.84876978,-20.3219523,22.2528468,72.4398525,7.91871898,-3.25927727,23.3269811,-9.10615761,1.17741256,-0.817987991,12.8811391,-4.63880152,-0.318273448,-8.1047426,-3.35989833,-10.5396495,13.7648171,-5.43582569,1.84224439
1499,-3.97399291,5.36805168,106.08288,-0.370026713,-0.203213965,3.45591202,-1.27347394,0.418978665,2.75731343,0,0,2.8447629,16.2385852,-17.1181804,67.3303724,-9.35907525,-8.18394803,-21.3041404,-1.84876978,-20.3219523,22.2528468,72.4398525,7.91871898,-3.25927727,23.3269811,-9.10615761,1.17741256,-0.817987991,12.8811391,-4.63880152,-0.318273448,-8.1047426,-3.35989833,-10.5396495,13.7648171,-5.43582569,1.84224439
1500,-3.97399291,5.36805168,106.08288,-0.370026713,-0.203213965,3.45591202,-1.27347394,0.418978665,2.75731343,0,0,2.8447629,16.2385852,-17.1181804,67.3303724,-9.35907525,-8.18394803,-21.3041404,-1.84876978,-20.3219523,22.2528468,72.4398525,7.91871898,-3.25927727,23.3269811,-9.10615761,1.17741256,-0.817987991,12.8811391,-4.63880152,-0.318273448,-8.1047426,-3.35989833,-10.5396495,13.7648171,-5.43582569,1.84224439
1501,-3.97399291,5.36805168,106.08288,-0.370026713,-0.203213965,3.45591202,-1.27347394,0.418978665,2.75731343,0,0,2.8447629,16.2385852,-17.1181804,67.3303724,-9.35907525,-8.18394803,-21.3041404,-1.84876978,-20.3219523,22.2528468,72.4398525,7.91871898,-3.25927727,23.3269811,-9.10615761,1.17741256,-0.817987991,12.8811391,-4.63880152,-0.318273448,-8.1047426,-3.35989833,-10.5396495,13.7648171,-5.43582569,1.84224439
1502,-3.97399291,5.36805168,106.08288,-0.370026713,-0.203213965,3.45591202,-1.27347394,0.418978665,2.75731343,0,0,2.8447629,16.2385852,-17.1181804,67.3303724,-9.35907525,-8.18394803,-21.3041404,-1.84876978,-20.3219523,22.2528468,72.4398525,7.91871898,-3.25927727,23.3269811,-9.10615761,1.17741256,-0.817987991,12.8811391,-4.63880152,-0.318273448,-8.1047426,-3.35989833,-10.5396495,13.7648171,-5.43582569,1.84224439
1503,-3.97399291,5.36805168,106.08288,-0.370026713,-0.203213965,3.45591202,-1.27347394,0.418978665,2.75731343,0,0,2.8447629,16.2385852,-17.1181804,67.3303724,-9.35907525,-8.18394803,-21.3041404,-1.84876978,-20.3219523,22.2528468,72.4398525,7.91871898,-3.25927727,23.3269811,-9.10615761,1.17741256,-0.817987991,12.8811391,-4.63880152,-0.318273448,-8.1047426,-3.35989833,-10.5396495,13.7648171,-5.43582569,1.84224439
1504,-3.97399291,5.36805168,106.08288,-0.370026713,-0.203213965,3.45591202,-1.27347394,0.418978665,2.75731343,0,0,2.8447629,16.2385852,-17.1181804,67.3303724,-9.35907525,-8.18394803,-21.3041404,-1.84876978,-20.3219523,22.2528468,72.4398525,7.91871898,-3.25927727,23.3269811,-9.10615761,1.17741256,-0.817987991,12.8811391,-4.63880152,-0.318273448,-8.1047426,-3.35989833,-10.5396495,13.7648171,-5.43582569,1.84224439
1505,-3.97399291,5.36805168,106.08288,-0.370026713,-0.203213965,3.45591202,-1.27347394,0.418978665,2.75731343,0,0,2.8447629,16.2385852,-17.1181804,67.3303724,-9.35907525,-8.18394803,-21.3041404,-1.84876978,-20.3219523,22.2528468,72.4398525,7.91871898,-3.25927727,23.3269811,-9.10615761,1.17741256,-0.817987991,12.8811391,-4.63880152,-0.318273448,-8.1047426,-3.35989833,-10.5396495,13.7648171,-5.43582569,1.84224439
1506,-3.97399291,5.36805168,106.08288,-0.370026713,-0.203213965,3.45591202,-1.27347394,0.418978665,2.75731343,0,0,2.8447629,16.2385852,-17.1181804,67.3303724,-9.35907525,-8.18394803,-21.3041404,-1.84876978,-20.3219523,22.2528468,72.4398525,7.91871898,-3.25927727,23.3269811,-9.10615761,1.17741256,-0.817987991,12.8811391,-4.63880152,-0.318273448,-8.1047426,-3.35989833,-10.5396495,13.7648171,-5.43582569,1.84224439
1507,-3.97399291,5.36805168,106.08288,-0.370026713,-0.203213965,3.45591202,-1.27347394,0.418978665,2.75731343,0,0,2.8447629,16.2385852,-17.1181804,67.3303724,-9.35907525,-8.18394803,-21.3041404,-1.84876978,-20.3219523,22.2528468,72.4398525,7.91871898,-3.25927727,23.3269811,-9.10615761,1.17741256,-0.817987991,12.8811391,-4.63880152,-0.318273448,-8.1047426,-3.35989833,-10.5396495,13.7648171,-5.43582569,1.84224439
1508,-3.97399291,5.36805168,106.08288,-0.370026713,-0.203213965,3.45591202,-1.27347394,0.418978665,2.75731343,0,0,2.8447629,16.2385852,-17.1181804,67.3303724,-9.35907525,-8.18394803,-21.3041404,-1.84876978,-20.3219523,22.2528468,72.4398525,7.91871898,-3.25927727,23.3269811,-9.10615761,1.17741256,-0.817987991,12.8811391,-4.63880152,-0.318273448,-8.1047426,-3.35989833,-10.5396495,13.7648171,-5.43582569,1.84224439
1509,-3.97399291,5.36805168,106.08288,-0.370026713,-0.203213965,3.45591202,-1.27347394,0.418978665,2.75731343,0,0,2.8447629,16.2385852,-17.1181804,67.3303724,-9.35907525,-8.18394803,-21.3041404,-1.84876978,-20.3219523,22.2528468,72.4398525,7.91871898,-3.25927727,23.3269811,-9.10615761,1.17741256,-0.817987991,12.8811391,-4.63880152,-0.318273448,-8.1047426,-3.35989833,-10.5396495,13.7648171,-5.43582569,1.84224439
1510,-3.97399291,5.36805168,106.08288,-0.370026713,-0.203213965,3.45591202,-1.27347394,0.418978665,2.75731343,0,0,2.8447629,16.2385852,-17.1181804,67.3303724,-9.35907525,-8.18394803,-21.3041404,-1.84876978,-20.3219523,22.2528468,72.4398525,7.91871898,-3.25927727,23.3269811,-9.10615761,1.17741256,-0.817987991,12.8811391,-4.63880152,-0.318273448,-8.1047426,-3.35989833,-10.5396495,13.7648171,-5.43582569,1.84224439
1511,-3.97399291,5.36805168,106.08288,-0.370026713,-0.203213965,3.45591202,-1.27347394,0.418978665,2.75731343,0,0,2.8447629,16.2385852,-17.1181804,67.3303724,-9.35907525,-8.18394803,-21.3041404,-1.84876978,-20.3219523,22.2528468,72.4398525,7.91871898,-3.25927727,23.3269811,-9.10615761,1.17741256,-0.817987991,12.8811391,-4.63880152,-0.318273448,-8.1047426,-3.35989833,-10.5396495,13.7648171,-5.43582569,1.84224439
1512,-3.97399291,5.36805168,106.08288,-0.370026713,-0.203213965,3.45591202,-1.27347394,0.418978665,2.75731343,0,0,2.8447629,16.2385852,-17.1181804,67.3303724,-9.35907525,-8.18394803,-21.3041404,-1.84876978,-20.3219523,22.2528468,72.4398525,7.91871898,-3.25927727,23.3269811,-9.10615761,1.17741256,-0.817987991,12.8811391,-4.63880152,-0.318273448,-8.1047426,-3.35989833,-10.5396495,13.7648171,-5.43582569,1.84224439
1513,-3.97399291,5.36805168,106.08288,-0.370026713,-0.203213965,3.45591202,-1.27347394,0.418978665,2.75731343,0,0,2.8447629,16.2385852,-17.1181804,67.3303724,-9.35907525,-8.18394803,-21.3041404,-1.84876978,-20.3219523,22.2528468,72.4398525,7.91871898,-3.25927727,23.3269811,-9.10615761,1.17741256,-0.817987991,12.8811391,-4.63880152,-0.318273448,-8.1047426,-3.35989833,-10.5396495,13.7648171,-5.43582569,1.84224439
1514,-3.97399291,5.36805168,106.08288,-0.370026713,-0.203213965,3.45591202,-1.27347394,0.418978665,2.75731343,0,0,2.8447629,16.2385852,-17.1181804,67.3303724,-9.35907525,-8.18394803,-21.3041404,-1.84876978,-20.3219523,22.2528468,72.4398525,7.91871898,-3.25927727,23.3269811,-9.10615761,1.17741256,-0.817987991,12.8811391,-4.63880152,-0.318273448,-8.1047426,-3.35989833,-10.5396495,13.7648171,-5.43582569,1.84224439
1515,-3.97399291,5.36805168,106.08288,-0.370026713,-0.203213965,3.45591202,-1.27347394,0.418978665,2.75731343,0,0,2.8447629,16.2385852,-17.1181804,67.3303724,-9.35907525,-8.18394803,-21.3041404,-1.84876978,-20.3219523,22.2528468,72.4398525,7.91871898,-3.25927727,23.3269811,-9.10615761,1.17741256,-0.817987991,12.8811391,-4.63880152,-0.318273448,-8.1047426,-3.35989833,-10.5396495,13.7648171,-5.43582569,1.84224439
1516,-3.97399291,5.36805168,106.08288,-0.370026713,-0.203213965,3.45591202,-1.27347394,0.418978665,2.75731343,0,0,2.8447629,16.2385852,-17.1181804,67.3303724,-9.35907525,-8.18394803,-21.3041404,-1.84876978,-20.3219523,22.2528468,72.4398525,7.91871898,-3.25927727,23.3269811,-9.10615761,1.17741256,-0.817987991,12.8811391,-4.63880152,-0.318273448,-8.1047426,-3.35989833,-10.5396495,13.7648171,-5.43582569,1.84224439
1517,-3.97399291,5.36805168,106.08288,-0.370026713,-0.203213965,3.45591202,-1.27347394,0.418978665,2.75731343,0,0,2.8447629,16.2385852,-17.1181804,67.3303724,-9.35907525,-8.18394803,-21.3041404,-1.84876978,-20.3219523,22.2528468,72.4398525,7.91871898,-3.25927727,23.3269811,-9.10615761,1.17741256,-0.817987991,12.8811391,-4.63880152,-0.318273448,-8.1047426,-3.35989833,-10.5396495,13.7648171,-5.43582569,1.84224439
1518,-3.97399291,5.36805168,106.08288,-0.370026713,-0.203213965,3.45591202,-1.27347394,0.418978665,2.75731343,0,0,2.8447629,16.2385852,-17.1181804,67.3303724,-9.35907525,-8.18394803,-21.3041404,-1.84876978,-20.3219523,22.2528468,72.4398525,7.91871898,-3.25927727,23.3269811,-9.10615761,1.17741256,-0.817987991,12.8811391,-4.63880152,-0.318273448,-8.1047426,-3.35989833,-10.5396495,13.7648171,-5.43582569,1.84224439
1519,-3.97399291,5.36805168,106.08288,-0.370026713,-0.203213965,3.45591202,-1.27347394,0.418978665,2.75731343,0,0,2.8447629,16.2385852,-17.1181804,67.3303724,-9.35907525,-8.18394803,-21.3041404,-1.84876978,-20.3219523,22.2528468,72.4398525,7.91871898,-3.25927727,23.3269811,-9.10615761,1.17741256,-0.817987991,12.8811391,-4.63880152,-0.318273448,-8.1047426,-3.35989833,-10.5396495,13.7648171,-5.43582569,1.84224439
1520,-3.97399291,5.36805168,106.08288,-0.370026713,-0.203213965,3.45591202,-1.27347394,0.418978665,2.75731343,0,0,2.8447629,16.2385852,-17.1181804,67.3303724,-9.35907525,-8.18394803,-21.3041404,-1.84876978,-20.3219523,22.2528468,72.4398525,7.91871898,-3.25927727,23.3269811,-9.10615761,1.17741256,-0.817987991,12.8811391,-4.63880152,-0.318273448,-8.1047426,-3.35989833,-10.5396495,13.7648171,-5.43582569,1.84224439
1521,-3.97399291,5.36805168,106.08288,-0.370026713,-0.203213965,3.45591202,-1.27347394,0.418978665,2.75731343,0,0,2.8447629,16.2385852,-17.1181804,67.3303724,-9.35907525,-8.18394803,-21.3041404,-1.84876978,-20.3219523,22.2528468,72.4398525,7.91871898,-3.25927727,23.3269811,-9.10615761,1.17741256,-0.817987991,12.8811391,-4.63880152,-0.318273448,-8.1047426,-3.35989833,-10.5396495,13.7648171,-5.43582569,1.84224439
1522,-3.97399291,5.36805168,106.08288,-0.370026713,-0.203213965,3.45591202,-1.27347394,0.418978665,2.75731343,0,0,2.8447629,16.2385852,-17.1181804,67.3303724,-9.35907525,-8.18394803,-21.3041404,-1.84876978,-20.3219523,22.2528468,72.4398525,7.91871898,-3.25927727,23.3269811,-9.10615761,1.17741256,-0.817987991,12.8811391,-4.63880152,-0.318273448,-8.1047426,-3.35989833,-10.5396495,13.7648171,-5.43582569,1.84224439
1523,-3.97399291,5.36805168,106.08288,-0.370026713,-0.203213965,3.45591202,-1.27347394,0.418978665,2.75731343,0,0,2.8447629,16.2385852,-17.1181804,67.3303724,-9.35907525,-8.18394803,-21.3041404,-1.84876978,-20.3219523,22.2528468,72.4398525,7.91871898,-3.25927727,23.3269811,-9.10615761,1.17741256,-0.817987991,12.8811391,-4.63880152,-0.318273448,-8.1047426,-3.35989833,-10.5396495,13.7648171,-5.43582569,1.84224439
1524,-3.97399291,5.36805168,106.08288,-0.370026713,-0.203213965,3.45591202,-1.27347394,0.418978665,2.75731343,0,0,2.8447629,16.2385852,-17.1181804,67.3303724,-9.35907525,-8.18394803,-21.3041404,-1.84876978,-20.3219523,22.2528468,72.4398525,7.91871898,-3.25927727,23.3269811,-9.10615761,1.17741256,-0.817987991,12.8811391,-4.63880152,-0.318273448,-8.1047426,-3.35989833,-10.5396495,13.7648171,-5.43582569,1.84224439
1525,-3.97399291,5.36805168,106.08288,-0.370026713,-0.203213965,3.45591202,-1.27347394,0.418978665,2.75731343,0,0,2.8447629,16.2385852,-17.1181804,67.3303724,-9.35907525,-8.18394803,-21.3041404,-1.84876978,-20.3219523,22.2528468,72.4398525,7.91871898,-3.25927727,23.3269811,-9.10615761,1.17741256,-0.817987991,12.8811391,-4.63880152,-0.318273448,-8.1047426,-3.35989833,-10.5396495,13.7648171,-5.43582569,1.84224439
1526,-3.97399291,5.36805168,106.08288,-0.370026713,-0.203213965,3.45591202,-1.27347394,0.418978665,2.75731343,0,0,2.8447629,16.2385852,-17.1181804,67.3303724,-9.35907525,-8.18394803,-21.3041404,-1.84876978,-20.3219523,22.2528468,72.4398525,7.91871898,-3.25927727,23.3269811,-9.10615761,1.17741256,-0.817987991,12.8811391,-4.63880152,-0.318273448,-8.1047426,-3.35989833,-10.5396495,13.7648171,-5.43582569,1.84224439
1527,-3.97399291,5.36805168,106.08288,-0.370026713,-0.203213965,3.45591202,-1.27347394,0.418978665,2.75731343,0,0,2.8447629,16.2385852,-17.1181804,67.3303724,-9.35907525,-8.18394803,-21.3041404,-1.84876978,-20.3219523,22.2528468,72.4398525,7.91871898,-3.25927727,23.3269811,-9.10615761,1.17741256,-0.817987991,12.8811391,-4.63880152,-0.318273448,-8.1047426,-3.35989833,-10.5396495,13.7648171,-5.43582569,1.84224439
1528,-3.97399291,5.36805168,106.08288,-0.370026713,-0.203213965,3.45591202,-1.27347394,0.418978665,2.75731343,0,0,2.8447629,16.2385852,-17.1181804,67.3303724,-9.35907525,-8.18394803,-21.3041404,-1.84876978,-20.3219523,22.2528468,72.4398525,7.91871898,-3.25927727,23.3269811,-9.10615761,1.17741256,-0.817987991,12.8811391,-4.63880152,-0.318273448,-8.1047426,-3.35989833,-10.5396495,13.7648171,-5.43582569,1.84224439
1529,-3.97399291,5.36805168,106.08288,-0.370026713,-0.203213965,3.45591202,-1.27347394,0.418978665,2.75731343,0,0,2.8447629,16.2385852,-17.1181804,67.3303724,-9.35907525,-8.18394803,-21.3041404,-1.84876978,-20.3219523,22.2528468,72.4398525,7.91871898,-3.25927727,23.3269811,-9.10615761,1.17741256,-0.817987991,12.8811391,-4.63880152,-0.318273448,-8.1047426,-3.35989833,-10.5396495,13.7648171,-5.43582569,1.84224439
