Frame,root_translateX,root_translateY,root_translateZ,root_rotateX,root_rotateY,root_rotateZ,waist_yaw_joint,waist_roll_joint,waist_pitch_joint,head_yaw_joint,head_pitch_joint,left_shoulder_pitch_joint,left_shoulder_roll_joint,left_shoulder_yaw_joint,left_elbow_joint,left_wrist_roll_joint,left_wrist_pitch_joint,left_wrist_yaw_joint,right_shoulder_pitch_joint,right_shoulder_roll_joint,right_shoulder_yaw_joint,right_elbow_joint,right_wrist_roll_joint,right_wrist_pitch_joint,right_wrist_yaw_joint,left_hip_pitch_joint,left_hip_roll_joint,left_hip_yaw_joint,left_knee_joint,left_ankle_pitch_joint,left_ankle_roll_joint,right_hip_pitch_joint,right_hip_roll_joint,right_hip_yaw_joint,right_knee_joint,right_ankle_pitch_joint,right_ankle_roll_joint
0,-1.61309689,-0.0754118431,106.050766,-0.0709302865,1.10582521,-0.0349041461,0.645268835,1.3980885,1.02407246,0,0,-1.33155979,13.9679768,-22.7753853,74.152461,-10.2311598,-5.73937979,-22.1542872,-2.52699497,-19.1332809,35.6400534,74.8338748,16.499215,-2.36670772,21.8362753,-10.0154035,2.91041084,-0.652391655,14.3083746,-5.48782434,-2.68387139,-9.60837971,-1.58365406,-6.21286472,14.8780559,-6.43910534,0.527240231
1,-1.61513183,-0.0828769582,106.045949,-0.057878585,1.10708945,-0.0419216061,0.62418847,1.3990682,1.02825211,0,0,-1.32736594,13.9518652,-22.6936877,74.1567708,-10.1331397,-5.73047279,-22.1807508,-2.51371964,-19.1519597,35.610144,74.8027701,16.4088277,-2.35347167,21.8157113,-10.0129583,2.89875384,-0.648446314,14.3032332,-5.50119956,-2.67128848,-9.60990541,-1.5930904,-6.21513362,14.8746562,-6.46547329,0.509361998
2,-1.61346681,-0.0917664845,106.044281,-0.0622193567,1.10738406,-0.0458600084,0.638745631,1.38396911,1.0272946,0,0,-1.31599752,13.9740215,-22.7024867,74.1429329,-10.1595376,-5.76092263,-22.1756845,-2.49453471,-19.1284365,35.5227928,74.8015065,16.330762,-2.37521258,21.8426974,-10.0090079,2.91247462,-0.640125382,14.2997344,-5.49001129,-2.68235872,-9.61080528,-1.58136211,-6.20262627,14.8810919,-6.4664833,0.507921148
3,-1.61095448,-0.0980106066,106.043565,-0.0550597982,1.10821321,-0.0511583348,0.634063269,1.39180398,1.02247964,0,0,-1.31861914,13.9731378,-22.7365386,74.1507603,-10.190743,-5.73509085,-22.1592083,-2.46690062,-19.1492054,35.5407049,74.7592004,16.3410244,-2.37105236,21.8056573,-10.0057371,2.90799808,-0.634268335,14.2993673,-5.48836692,-2.68794603,-9.61142512,-1.58479962,-6.21145172,14.8860626,-6.46601928,0.52964942
4,-1.61438826,-0.103199447,106.040752,-0.0668965129,1.10850364,-0.0623481036,0.652096943,1.40011728,1.02517265,0,0,-1.32203701,13.9697893,-22.7586411,74.163,-10.2302514,-5.76403036,-22.1342355,-2.45406456,-19.1558393,35.5409747,74.7227545,16.3743813,-2.35021644,21.7792996,-10.0073951,2.92770296,-0.631210758,14.3013429,-5.4908689,-2.72386578,-9.6106499,-1.56393851,-6.20110783,14.8778032,-6.4658481,0.492422168
5,-1.61505267,-0.107678701,106.041157,-0.0666500203,1.10773806,-0.0646665023,0.634370414,1.4044283,1.02672823,0,0,-1.32232249,13.9602971,-22.6972411,74.1876296,-10.1617172,-5.77380949,-22.1792942,-2.44934041,-19.1659701,35.5397658,74.7120994,16.361795,-2.34879533,21.8110207,-10.0031672,2.9287627,-0.623709076,14.2977289,-5.4813331,-2.70052254,-9.61650166,-1.5606756,-6.20173621,14.8889125,-6.46312669,0.499072051
6,-1.61353219,-0.116395229,106.039393,-0.0594906084,1.10866668,-0.068708029,0.645331267,1.39541362,1.02643357,0,0,-1.29056947,13.949852,-22.6133766,74.1532396,-10.0599918,-5.75328989,-22.179173,-2.44834193,-19.1602977,35.5122709,74.7237722,16.31745,-2.35681184,21.804269,-10.0000612,2.92497579,-0.615324859,14.2932731,-5.48063856,-2.71394258,-9.61680561,-1.56390713,-6.19597964,14.8900958,-6.47578175,0.492269236
7,-1.61149595,-0.124246092,106.037414,-0.0543128082,1.11039949,-0.0746696544,0.639115315,1.39057294,1.01987243,0,0,-1.2731764,13.9248467,-22.516528,74.1711484,-9.89819232,-5.76750138,-22.1487103,-2.43772376,-19.1581154,35.4908275,74.71115,16.2573085,-2.32986632,21.7830459,-10.0004667,2.92296729,-0.61437621,14.2940056,-5.47897242,-2.70469344,-9.61517661,-1.56462206,-6.19727311,14.8837779,-6.47279611,0.485610122
8,-1.61021184,-0.129178329,106.037891,-0.0631332539,1.1101778,-0.0766493825,0.646648533,1.39997502,1.02144849,0,0,-1.27380296,13.9238819,-22.5341618,74.1777259,-9.93916321,-5.78501356,-22.1772315,-2.43483523,-19.1713199,35.5164612,74.6889792,16.2964506,-2.30781591,21.8040385,-9.99541921,2.94002633,-0.632889651,14.2841539,-5.45958109,-2.7293532,-9.61816652,-1.55237233,-6.19323433,14.8945064,-6.45396656,0.519808078
9,-1.60857551,-0.133823243,106.036246,-0.0665864048,1.11197481,-0.0854878434,0.663617978,1.40844349,1.02081659,0,0,-1.26523908,13.9259685,-22.5800556,74.1660599,-9.98345784,-5.80457778,-22.1547824,-2.41619287,-19.157721,35.4297314,74.6864725,16.2433202,-2.31402327,21.7982585,-9.9940711,2.94816791,-0.619535083,14.283552,-5.46503713,-2.74095427,-9.61675438,-1.54216504,-6.19087322,14.8866705,-6.45630632,0.499356624
10,-1.60922296,-0.145905232,106.037819,-0.0617931539,1.11176858,-0.0842978746,0.67311541,1.37950931,1.02739567,0,0,-1.26548945,13.9412511,-22.5794579,74.1678494,-9.9923277,-5.78860624,-22.1625193,-2.41960711,-19.1416871,35.4170136,74.666624,16.2491686,-2.28650614,21.8244778,-9.99600576,2.95214479,-0.631075809,14.2816071,-5.4630282,-2.74269619,-9.61730165,-1.53890224,-6.19296411,14.8860404,-6.45655733,0.485239691
11,-1.60946511,-0.153149245,106.035805,-0.0598625187,1.11153254,-0.0866471003,0.67120301,1.38849422,1.03339087,0,0,-1.260443,13.9289252,-22.6168156,74.1634508,-10.0284876,-5.78128129,-22.1407395,-2.40483789,-19.1329974,35.3348464,74.6571505,16.1599253,-2.28573775,21.795663,-9.99787467,2.95584931,-0.633225664,14.286845,-5.48135872,-2.74083965,-9.61688586,-1.53656589,-6.18618771,14.8851405,-6.47250241,0.468651295
12,-1.60716195,-0.159277732,106.035852,-0.0431097931,1.11201169,-0.0816000818,0.634108306,1.38735144,1.02998132,0,0,-1.23233336,13.9010793,-22.5491746,74.1598786,-9.97176285,-5.77086653,-22.1250625,-2.41209454,-19.1565957,35.4432518,74.6295156,16.221952,-2.27782689,21.7870074,-9.99909129,2.93803533,-0.625545917,14.2896462,-5.46561129,-2.7246203,-9.61837057,-1.55175271,-6.19513398,14.8904237,-6.47919642,0.501541538
13,-1.60608236,-0.163849955,106.03205,-0.0537875104,1.11262088,-0.083071268,0.639954574,1.39860322,1.03183924,0,0,-1.22878785,13.9116499,-22.6180092,74.1480623,-10.0539633,-5.78132526,-22.1030949,-2.41742828,-19.160827,35.4683698,74.6155478,16.2570609,-2.25005769,21.7596525,-9.99623115,2.95575412,-0.636036073,14.2836143,-5.4780243,-2.72764117,-9.61983479,-1.53502888,-6.19462214,14.8901061,-6.48193319,0.470694162
14,-1.60520673,-0.173019827,106.033266,-0.0531445959,1.11195004,-0.0874386302,0.661257721,1.38192197,1.03881788,0,0,-1.24063535,13.9309085,-22.6458405,74.1614768,-10.0338117,-5.7869354,-22.1114585,-2.40592325,-19.1378912,35.3883132,74.6080209,16.2264958,-2.25593208,21.7964519,-10.0030306,2.96202338,-0.620167836,14.3026475,-5.48544274,-2.74475549,-9.61443724,-1.52904094,-6.186005,14.8836191,-6.47741716,0.486443031
15,-1.60353929,-0.182423065,106.035173,-0.0435013518,1.1109848,-0.0867443853,0.671076811,1.36018404,1.04210544,0,0,-1.24364415,13.9364426,-22.6451165,74.1729379,-9.98491353,-5.7875292,-22.1326338,-2.41259336,-19.1191697,35.4006348,74.6134236,16.2501795,-2.2592046,21.7750819,-10.0024893,2.95978372,-0.625248163,14.3022274,-5.4909355,-2.74605365,-9.61800772,-1.53095595,-6.19355706,14.8941974,-6.49106089,0.502325782
16,-1.60445459,-0.187351997,106.044805,-0.0413444164,1.10948349,-0.0929178764,0.672254912,1.37032517,1.05060625,0,0,-1.23166667,13.9214751,-22.5873878,74.1529118,-9.85446631,-5.7816356,-22.1694912,-2.41305183,-19.1283324,35.4207258,74.603472,16.2656276,-2.25999519,21.7493953,-10.0116845,2.9631828,-0.622102381,14.320505,-5.49122791,-2.74770592,-9.61806834,-1.53049257,-6.17926446,14.8930345,-6.49743175,0.455450087
17,-1.60031728,-0.192716322,106.048858,-0.0469684267,1.11068118,-0.106890691,0.676983431,1.36621713,1.04513538,0,0,-1.22128073,13.9378565,-22.583749,74.1455215,-9.80682745,-5.7671048,-22.1988473,-2.41814843,-19.1163778,35.4500103,74.6050225,16.2709023,-2.21100545,21.7332829,-9.99849365,2.97581759,-0.599792742,14.3048246,-5.48976284,-2.74348977,-9.62810445,-1.5181772,-6.16569074,14.9087815,-6.48815208,0.454156887
18,-1.59821473,-0.202637888,106.052399,-0.0415246314,1.1099102,-0.108036648,0.673085954,1.36017903,1.04506729,0,0,-1.2087373,13.9504206,-22.6428284,74.1183237,-9.80194386,-5.75946951,-22.2084762,-2.42756001,-19.1099421,35.4578274,74.6166953,16.2923815,-2.22134934,21.7462893,-9.99828106,2.97754392,-0.620537734,14.3059917,-5.46152086,-2.76959817,-9.63137867,-1.51739387,-6.16422822,14.9176796,-6.49274666,0.436410241
19,-1.59558672,-0.206901436,106.049871,-0.048216193,1.11081244,-0.11671798,0.661696027,1.37198789,1.04131837,0,0,-1.19919232,13.9482136,-22.6779783,74.1093762,-9.8829721,-5.75827678,-22.1927429,-2.44385556,-19.1159971,35.4598423,74.6305879,16.2773141,-2.23012699,21.7818114,-9.99393279,2.99257033,-0.615654736,14.3026663,-5.47884094,-2.80043092,-9.63226489,-1.50414831,-6.15911583,14.9197218,-6.49463692,0.442588868
20,-1.5969675,-0.217199139,106.050289,-0.0444744006,1.10825438,-0.121515797,0.653866282,1.36562183,1.03761459,0,0,-1.16531939,13.9498896,-22.6696113,74.0832234,-9.90405946,-5.75716047,-22.1604019,-2.44719552,-19.1037966,35.4855546,74.6146872,16.278774,-2.16907705,21.7612661,-9.99155077,2.99649406,-0.613444956,14.3019687,-5.48481693,-2.79332987,-9.64219683,-1.50074485,-6.15297463,14.9411481,-6.51538276,0.415555086
21,-1.59034599,-0.235000579,106.053174,-0.0282384057,1.10980382,-0.127567315,0.666695619,1.32915663,1.03602732,0,0,-1.15631848,13.9388093,-22.6547164,74.0857642,-9.92525951,-5.75279855,-22.0882102,-2.45378303,-19.0839464,35.4785195,74.6208071,16.2814122,-2.16749202,21.8301964,-9.99587513,2.98743211,-0.610442501,14.318783,-5.47321372,-2.80366736,-9.6361359,-1.50823533,-6.1557955,14.9345826,-6.5232823,0.422217028
22,-1.59079917,-0.241220393,106.050396,-0.0350257677,1.10933362,-0.137662672,0.646212202,1.34194797,1.0344631,0,0,-1.1310202,13.9263322,-22.6519382,74.0785037,-9.9792402,-5.77330662,-22.0536068,-2.47004549,-19.0996319,35.4964282,74.6274938,16.2579095,-2.19856383,21.9094881,-9.99244381,3.00330312,-0.615670424,14.3142733,-5.47799143,-2.8192291,-9.63872795,-1.49294318,-6.14639118,14.939029,-6.5231807,0.407892841
23,-1.58678871,-0.2479685,106.046224,-0.029884025,1.11009725,-0.142348865,0.629982018,1.35460666,1.03327251,0,0,-1.13289146,13.9213027,-22.6756133,74.0858052,-10.0526246,-5.79839603,-22.0440821,-2.47645178,-19.1100121,35.4861385,74.6225351,16.2853908,-2.20616156,21.8687477,-9.98851731,3.00134179,-0.609933171,14.3162515,-5.47706424,-2.8117225,-9.64190484,-1.49553651,-6.1425761,14.9497012,-6.53356473,0.41402563
24,-1.58623308,-0.260597561,106.043351,-0.0365107433,1.10892658,-0.144056605,0.656163414,1.3443634,1.03981455,0,0,-1.14631043,13.912788,-22.5931251,74.1251744,-9.9173493,-5.82509226,-22.0834137,-2.4782477,-19.0932542,35.4673009,74.6133622,16.278535,-2.18266037,21.9166171,-9.98953927,3.01830094,-0.608567614,14.3198433,-5.47706808,-2.78464294,-9.64106985,-1.47992334,-6.13603448,14.9513507,-6.52911529,0.391059279
25,-1.58264935,-0.270626647,106.035841,-0.0407204653,1.10924828,-0.153713412,0.637198326,1.35723159,1.03276377,0,0,-1.14218703,13.9243216,-22.6334523,74.1289173,-9.95878293,-5.80765094,-22.0540866,-2.48301431,-19.0968913,35.4725806,74.6175559,16.2458884,-2.19427212,21.9339914,-9.98536859,3.03008941,-0.601097628,14.3197742,-5.49287484,-2.79218902,-9.64269117,-1.46666989,-6.12406031,14.9559679,-6.54300704,0.36125188
26,-1.58254448,-0.283877738,106.033027,-0.0317993128,1.10969563,-0.155156658,0.655149717,1.33409709,1.03928596,0,0,-1.14347889,13.9285657,-22.5909719,74.1187199,-9.85559756,-5.78512925,-22.0396886,-2.48771476,-19.0771623,35.4536405,74.6236552,16.2250188,-2.18248706,21.9682277,-9.9864674,3.02560326,-0.593350059,14.3210173,-5.48984608,-2.79589418,-9.64745864,-1.46954999,-6.11463678,14.9653338,-6.55365018,0.380452876
27,-1.57873482,-0.296334038,106.028521,-0.0311554889,1.10939884,-0.156201377,0.656726371,1.33213694,1.03271276,0,0,-1.14894977,13.949204,-22.6639952,74.1217593,-9.92392335,-5.76490378,-22.048187,-2.47562341,-19.0663809,35.4347038,74.6189014,16.2528603,-2.19112298,21.9352738,-9.98894761,3.03543873,-0.594453615,14.3312805,-5.49614821,-2.82662811,-9.64234368,-1.46187681,-6.12776398,14.9626495,-6.55741447,0.379423572
28,-1.57757513,-0.30414795,106.030643,-0.0326279938,1.11036599,-0.159436109,0.661172877,1.33615341,1.03375948,0,0,-1.14538548,13.9320884,-22.5892678,74.1384591,-9.84817912,-5.78195022,-22.0878841,-2.46638707,-19.0599571,35.3833579,74.6147487,16.2041645,-2.19951942,21.9421449,-9.99277678,3.04336303,-0.588432963,14.3415873,-5.48615308,-2.85451919,-9.63858196,-1.45265029,-6.12327825,14.9531573,-6.54102201,0.372684176
29,-1.5767308,-0.311095244,106.025755,-0.0411111646,1.10931425,-0.153964983,0.650575465,1.34807945,1.03928948,0,0,-1.15357295,13.9361336,-22.5870753,74.1428236,-9.87524545,-5.78167189,-22.1523013,-2.483257,-19.0466126,35.334785,74.6488996,16.1681847,-2.21384296,21.9778429,-9.98550946,3.05847632,-0.608980627,14.3285894,-5.49108576,-2.86403898,-9.64550606,-1.44057366,-6.13504709,14.9784956,-6.55247112,0.385003489
30,-1.57315414,-0.326536293,106.026995,-0.0372788577,1.11032792,-0.148770191,0.667580822,1.31264411,1.03576372,0,0,-1.18111132,13.9890914,-22.7101519,74.165896,-9.98347151,-5.80571458,-22.157371,-2.47177118,-19.0025545,35.3077272,74.6524445,16.1467328,-2.21617995,21.9850266,-9.98990981,3.06276376,-0.604137382,14.3360633,-5.48551702,-2.84793809,-9.64063101,-1.43651546,-6.13522895,14.9721179,-6.54918537,0.35662448
31,-1.5711179,-0.33344999,106.0269,-0.0333931629,1.11094695,-0.151071896,0.652978358,1.33169575,1.03516906,0,0,-1.19828625,13.9724403,-22.7070885,74.187131,-9.99785503,-5.83348016,-22.2239671,-2.47533932,-19.0206545,35.2921031,74.6497466,16.1313308,-2.21562393,21.998815,-9.98414513,3.06301263,-0.60541815,14.3265813,-5.48455482,-2.85069748,-9.64769599,-1.43671172,-6.13741077,14.9839922,-6.55603818,0.359158907
32,-1.57123283,-0.34492733,106.028306,-0.0274815358,1.1091676,-0.151395316,0.657556025,1.32590268,1.04274641,0,0,-1.18436793,13.9487387,-22.633635,74.1699326,-9.93478165,-5.82119222,-22.1728004,-2.48126322,-19.0012772,35.2937629,74.6688233,16.1217275,-2.2591412,21.9699967,-9.98710943,3.0636408,-0.600376189,14.3366764,-5.48006312,-2.85238881,-9.64868637,-1.43681353,-6.13220787,14.990795,-6.55518953,0.37601336
33,-1.56802647,-0.354716904,106.029391,-0.0250656283,1.11007652,-0.143456616,0.648097867,1.32169027,1.04162925,0,0,-1.19182308,13.9384755,-22.6264069,74.1842077,-9.93354709,-5.81959054,-22.1270706,-2.48320385,-19.0039683,35.2641335,74.6704079,16.0931807,-2.25659717,21.9839235,-9.99449628,3.0679165,-0.608576632,14.3497374,-5.48629396,-2.86488485,-9.63878772,-1.43212803,-6.14596601,14.9757106,-6.56474796,0.363475534
34,-1.56581663,-0.365261384,106.031847,-0.0212345627,1.10841652,-0.138662929,0.638897976,1.33187931,1.04056438,0,0,-1.17100883,13.9064222,-22.5624046,74.1664082,-9.88918672,-5.81096785,-22.1407771,-2.48320812,-19.006825,35.2712915,74.6814523,16.112669,-2.2848748,21.982624,-9.99840571,3.06784755,-0.610973708,14.3619122,-5.48190129,-2.8746881,-9.63755231,-1.43239536,-6.13932108,14.9825288,-6.56467197,0.357939505
35,-1.56369954,-0.373888179,106.032944,-0.0294078283,1.10804937,-0.134551467,0.644039935,1.32825163,1.04664634,0,0,-1.18987914,13.9051561,-22.5971874,74.1927318,-9.92906819,-5.8595258,-22.1184799,-2.49292193,-18.996105,35.289231,74.6750251,16.168405,-2.28550509,21.9592221,-9.99239515,3.08475227,-0.628720087,14.3503965,-5.4822381,-2.86726304,-9.64377973,-1.41789402,-6.14675148,14.9989298,-6.5601363,0.348678516
36,-1.56261027,-0.383977429,106.031847,-0.0264193752,1.10946488,-0.131732557,0.652766462,1.3263491,1.03920645,0,0,-1.19153792,13.8985078,-22.6059625,74.2163916,-9.92671605,-5.88353221,-22.1414294,-2.48533423,-19.0045711,35.2873015,74.6675392,16.1597392,-2.27171644,21.95085,-9.99195631,3.0884124,-0.632719323,14.3454651,-5.49072931,-2.86829333,-9.64284229,-1.41446441,-6.14669897,14.995974,-6.57129256,0.347360369
37,-1.56199466,-0.386681361,106.031251,-0.0232657175,1.10911901,-0.134346772,0.621779708,1.35460463,1.03853592,0,0,-1.19173824,13.8787771,-22.6471058,74.2193764,-10.0087978,-5.87819057,-22.1560596,-2.47836231,-19.0270202,35.347834,74.6494529,16.2086382,-2.29052293,21.8862432,-9.98576389,3.08740922,-0.647316771,14.3355118,-5.49628268,-2.87557517,-9.65137319,-1.41565372,-6.14537989,15.0118867,-6.5936721,0.312205706
38,-1.56034725,-0.394753413,106.032145,-0.0191055425,1.10979063,-0.139360584,0.638755182,1.34598941,1.04288931,0,0,-1.20215075,13.8724122,-22.7082446,74.216255,-10.0525589,-5.8825525,-22.0929401,-2.4846192,-19.0276212,35.3009004,74.6545345,16.1496544,-2.26981145,21.9178517,-9.99096678,3.09081129,-0.640256864,14.3479359,-5.48990115,-2.89582348,-9.64153089,-1.41082808,-6.15248073,14.9954003,-6.59312953,0.342397356
39,-1.55677479,-0.40042731,106.038404,-0.0198168926,1.1096723,-0.14204698,0.644740989,1.34543905,1.04042767,0,0,-1.18760864,13.8543062,-22.6788372,74.1980525,-10.0033841,-5.87633105,-22.0362205,-2.4712999,-19.0259564,35.288005,74.633641,16.1363305,-2.25331591,21.9058408,-9.99319599,3.09664726,-0.649679643,14.3536221,-5.49809866,-2.91093442,-9.64273983,-1.40543533,-6.15560724,14.9987334,-6.58957399,0.289337485
40,-1.55577101,-0.404469157,106.036484,-0.0249611148,1.11020597,-0.142096708,0.639406452,1.35919014,1.0406282,0,0,-1.18930295,13.8452451,-22.6826655,74.1827187,-9.9336282,-5.8724434,-21.9982532,-2.47439355,-19.0473058,35.3300175,74.6100973,16.1066362,-2.21340263,21.8798553,-9.99066967,3.10567634,-0.651505918,14.3493685,-5.48952079,-2.90156532,-9.64264763,-1.39639226,-6.14949849,15.0014057,-6.58477364,0.311729327
41,-1.55303525,-0.409948686,106.037772,-0.0271061839,1.11114391,-0.14102324,0.634686524,1.36467489,1.03678398,0,0,-1.17605751,13.8149344,-22.5991801,74.1840574,-9.89023772,-5.87212366,-21.9617903,-2.46736891,-19.0614034,35.3959596,74.5731938,16.2009184,-2.2033868,21.8423439,-9.98776001,3.11242521,-0.650869857,14.3421678,-5.48649075,-2.90730332,-9.64513808,-1.38949206,-6.15921657,15.0086867,-6.58715098,0.329173016
42,-1.5533031,-0.411249837,106.038761,-0.0345663399,1.11178639,-0.148739874,0.635102312,1.37780742,1.04085936,0,0,-1.17615527,13.7997731,-22.6023937,74.1760115,-9.92565993,-5.90643597,-21.9399149,-2.45063452,-19.0669358,35.337698,74.5331348,16.1433143,-2.19334044,21.8262161,-9.98776172,3.12603842,-0.64567267,14.3428577,-5.48530742,-2.90955835,-9.64492976,-1.37552241,-6.14707378,15.0051845,-6.58897336,0.266003211
43,-1.55228665,-0.416832184,106.039667,-0.0414516141,1.11188852,-0.147232959,0.646821156,1.37295895,1.04387841,0,0,-1.18124354,13.800171,-22.5659803,74.1602406,-9.83749841,-5.86654681,-21.904263,-2.46370793,-19.0651139,35.3642607,74.532602,16.1722777,-2.20637735,21.8584085,-9.97792283,3.13957052,-0.652900237,14.3223884,-5.48702009,-2.91685064,-9.65581623,-1.36251634,-6.14549856,15.029068,-6.58610169,0.25220791
44,-1.54862599,-0.425275462,106.03826,-0.0297195541,1.11332487,-0.150507173,0.641837519,1.37413513,1.03443471,0,0,-1.15984563,13.7906207,-22.5692997,74.127845,-9.85843977,-5.86227452,-21.8780607,-2.46546244,-19.090517,35.4633325,74.5109503,16.2799181,-2.19444693,21.8316786,-9.98051147,3.13146991,-0.65056506,14.3305702,-5.47709369,-2.91729183,-9.6507414,-1.37191756,-6.14917534,15.0203749,-6.5979367,0.271942354
45,-1.54562611,-0.437579956,106.036687,-0.0188445434,1.11601444,-0.156004994,0.649155906,1.3593196,1.02988538,0,0,-1.17022773,13.798215,-22.6015929,74.1347025,-9.8752557,-5.86001245,-21.893876,-2.47122093,-19.0810709,35.437412,74.5255669,16.2356021,-2.21889837,21.8602475,-9.98674317,3.12732655,-0.648822508,14.3403271,-5.47298661,-2.93975184,-9.64164103,-1.37421752,-6.14829937,14.9980026,-6.59257799,0.287648748
46,-1.54322134,-0.438361615,106.036234,-0.024353186,1.11592715,-0.160661223,0.632592751,1.38959398,1.03005965,0,0,-1.16175915,13.7702453,-22.6045486,74.1276128,-9.95638468,-5.86700358,-21.859626,-2.48081948,-19.1093188,35.4956257,74.5093179,16.2752019,-2.2123892,21.8258149,-9.98229159,3.1346261,-0.6361397,14.3370093,-5.48699192,-2.92287935,-9.64577244,-1.36637539,-6.13997977,15.0054663,-6.59805409,0.263913867
47,-1.54158687,-0.445916178,106.033516,-0.0232615246,1.11640037,-0.161546481,0.645338257,1.38702882,1.02826022,0,0,-1.15276027,13.7674535,-22.5869711,74.1017332,-9.91935396,-5.84328788,-21.8256885,-2.48870237,-19.1093086,35.5056763,74.5228963,16.265392,-2.23678023,21.8404383,-9.97349772,3.14012654,-0.635985221,14.3244281,-5.50442128,-2.93281941,-9.65372107,-1.36279488,-6.13706542,15.0239795,-6.62038027,0.230545245
48,-1.53680295,-0.450188201,106.029618,-0.024137097,1.11885164,-0.169456833,0.656375843,1.39104348,1.02083911,0,0,-1.166104,13.7497736,-22.5670833,74.1479531,-9.93884817,-5.88478213,-21.8204241,-2.4873216,-19.1155138,35.4877436,74.5108069,16.2891645,-2.22216896,21.8413057,-9.96948413,3.14660668,-0.639355919,14.3201447,-5.50052551,-2.93670259,-9.6514415,-1.35727342,-6.13706542,15.0201939,-6.618928,0.262720612
49,-1.53369782,-0.458157621,106.03075,-0.0229668434,1.11922589,-0.172403952,0.65764295,1.39685885,1.0136053,0,0,-1.15156093,13.767468,-22.5837951,74.1156463,-9.99342651,-5.8332364,-21.8360157,-2.49479276,-19.126157,35.5283901,74.5190919,16.3222584,-2.22239884,21.8868528,-9.97254918,3.14820025,-0.61316209,14.3320165,-5.49406116,-2.91759727,-9.64829961,-1.35312856,-6.12745833,15.0167583,-6.61300879,0.264742508
50,-1.52997812,-0.468678866,106.032598,-0.0144949691,1.11974838,-0.169665953,0.674001573,1.37785299,1.00616466,0,0,-1.15183478,13.8083587,-22.6648319,74.0870209,-10.0916617,-5.81420536,-21.8580414,-2.49109656,-19.1117692,35.5078381,74.530471,16.3438555,-2.25016036,21.8702367,-9.97448981,3.1434014,-0.618874263,14.3375011,-5.48214547,-2.91992423,-9.647404,-1.35843381,-6.1367555,15.0183173,-6.61114543,0.260278419
51,-1.52835352,-0.474984478,106.029189,-0.0119075599,1.11866095,-0.177257449,0.668437424,1.39698019,1.00604727,0,0,-1.13958451,13.8373887,-22.7712974,74.0245384,-10.23538,-5.76463526,-21.8517798,-2.50408993,-19.1373448,35.5697606,74.5287088,16.4246379,-2.25317397,21.8725487,-9.97270627,3.1436618,-0.614351984,14.3439385,-5.48987682,-2.93500187,-9.6500635,-1.35900285,-6.12783527,15.0265033,-6.61802685,0.291379685
52,-1.52626764,-0.481180893,106.033671,-0.011964796,1.1179941,-0.188116506,0.658402542,1.40189846,1.0033041,0,0,-1.12515638,13.8411931,-22.7530694,74.0178858,-10.1858449,-5.81427196,-21.8323667,-2.51941581,-19.1443389,35.5642554,74.5340022,16.3877924,-2.24498756,21.9277503,-9.97183372,3.15039722,-0.616182848,14.3477225,-5.47715089,-2.95843518,-9.6516003,-1.35408095,-6.11688946,15.0273297,-6.60730473,0.249721428
53,-1.52492616,-0.482325442,106.033087,-0.0192163034,1.11777577,-0.19064664,0.660501651,1.43537749,0.999328393,0,0,-1.121081,13.8249406,-22.7503424,74.0053524,-10.2034745,-5.7909268,-21.8157523,-2.51328294,-19.1849034,35.5952577,74.5037103,16.4481457,-2.25043186,21.9106646,-9.97177139,3.16136437,-0.6055936,14.3537894,-5.48360329,-2.97773089,-9.64791029,-1.34346363,-6.1216373,15.0237456,-6.59718794,0.263039309
54,-1.52382888,-0.494341319,106.033647,-0.00621619113,1.11929096,-0.193797454,0.68039447,1.39561213,0.999506618,0,0,-1.12141728,13.8148397,-22.6255651,74.0323999,-10.0832665,-5.83965678,-21.7984599,-2.52093574,-19.1577722,35.5420676,74.517316,16.4651972,-2.29226036,21.9449487,-9.97240489,3.15228577,-0.604581772,14.3525548,-5.46771285,-2.9748938,-9.64128757,-1.35042381,-6.11582395,15.0114871,-6.58548569,0.3068427
55,-1.52273094,-0.498525938,106.032145,-0.00947682444,1.1201338,-0.198027754,0.67137099,1.40612048,0.995681712,0,0,-1.11067264,13.792522,-22.5728736,74.0273524,-10.0420011,-5.83286288,-21.7747985,-2.53477882,-19.1776566,35.5990347,74.5031434,16.5254668,-2.29980175,21.9576614,-9.96849119,3.15937358,-0.60696348,14.3475329,-5.47748685,-2.98479544,-9.64599015,-1.343887,-6.11292795,15.0189747,-6.59746883,0.249171678
56,-1.52035588,-0.499607529,106.03261,-0.0165998755,1.12018649,-0.201396445,0.653584003,1.42592451,0.987480896,0,0,-1.11929586,13.7554059,-22.4502239,74.0978878,-9.94157342,-5.88605639,-21.8093148,-2.54875638,-19.195678,35.6724627,74.5040177,16.584495,-2.3223911,21.982624,-9.96772621,3.16845005,-0.596818781,14.3496418,-5.49589251,-2.97794199,-9.64545398,-1.33355313,-6.10672828,15.0232145,-6.59763617,0.256146688
57,-1.51824858,-0.500331633,106.029665,-0.0131750522,1.12156738,-0.199822056,0.638131127,1.45031116,0.989541265,0,0,-1.13913031,13.7492331,-22.5053248,74.1056605,-10.0631909,-5.89589528,-21.8711417,-2.53736021,-19.2229869,35.6521804,74.4659325,16.5157492,-2.28716654,21.9385693,-9.96275298,3.16681401,-0.614329519,14.3388705,-5.48495524,-2.96980062,-9.6475517,-1.3352086,-6.11569546,15.0274322,-6.61758502,0.25547877
58,-1.51760885,-0.505957846,106.030273,-0.0176085999,1.12162501,-0.207321581,0.649227463,1.45493979,0.98543376,0,0,-1.12941927,13.7175393,-22.4138139,74.126356,-9.99985884,-5.93456098,-21.8736894,-2.54111831,-19.2033808,35.6028938,74.4939978,16.4677039,-2.31455154,21.9560956,-9.96209557,3.17720891,-0.605403849,14.3408752,-5.48847022,-2.99313297,-9.64869576,-1.32593523,-6.10140201,15.0278556,-6.60856746,0.242040346
59,-1.5148012,-0.51094573,106.027961,-0.0140742294,1.12290347,-0.209770762,0.652070743,1.46081567,0.983860042,0,0,-1.1445951,13.7315882,-22.4923235,74.1269502,-10.0731596,-5.94013612,-21.8951208,-2.54176013,-19.2133358,35.577506,74.4835817,16.4450926,-2.28166034,21.9725341,-9.95865572,3.17634362,-0.60147681,14.3357543,-5.48818848,-2.95477014,-9.65040672,-1.32584633,-6.10953207,15.0325565,-6.62855814,0.213403751
60,-1.51487691,-0.518751238,106.027055,-0.0144109181,1.12247467,-0.211204959,0.674321632,1.45039665,0.983832294,0,0,-1.14873259,13.7337235,-22.4792334,74.1315538,-10.0049909,-5.93617034,-21.8897181,-2.54460085,-19.1958761,35.5758565,74.4950838,16.4409501,-2.29618111,21.9470678,-9.96124351,3.18333858,-0.595134126,14.339977,-5.49311774,-2.95509116,-9.648887,-1.31829919,-6.10352278,15.0295905,-6.6361896,0.183215382
61,-1.51227722,-0.522888824,106.027567,-0.0104898621,1.12305454,-0.211907885,0.686516081,1.44954309,0.980254129,0,0,-1.17028611,13.7396803,-22.6007186,74.1511837,-10.0881578,-5.93054824,-21.8540526,-2.54544288,-19.2042055,35.6383732,74.4840598,16.5461845,-2.27862688,21.951644,-9.96160978,3.18231768,-0.604156486,14.3416248,-5.49516296,-2.98849655,-9.64673037,-1.3197601,-6.09939223,15.0271624,-6.64397175,0.204047086
62,-1.50970556,-0.524903368,106.02622,-0.0105797345,1.12309566,-0.210924083,0.670469618,1.46713435,0.978719044,0,0,-1.15061698,13.7144897,-22.5242017,74.1306249,-10.0016996,-5.91071423,-21.8681774,-2.55009125,-19.2260963,35.6803072,74.4818332,16.5713657,-2.31439039,21.949793,-9.96421293,3.18518124,-0.608551232,14.3501421,-5.50183605,-2.97811018,-9.64618566,-1.31824711,-6.10537931,15.0282023,-6.65232421,0.190575605
63,-1.50696766,-0.528965425,106.026673,-0.0105354002,1.12257226,-0.208280702,0.661841222,1.46566927,0.977053011,0,0,-1.15592926,13.7067946,-22.4884252,74.1589087,-9.9038665,-5.95199845,-21.8973525,-2.55943901,-19.2127091,35.6649768,74.5034507,16.5049284,-2.30830875,21.9883699,-9.95936521,3.18754363,-0.618450738,14.3414353,-5.50622658,-2.97871999,-9.65208866,-1.31696292,-6.10690074,15.045148,-6.64832002,0.195578692
64,-1.50617193,-0.534531381,106.030643,-0.00132683203,1.12300362,-0.211382581,0.680529153,1.46125697,0.980221045,0,0,-1.16125361,13.7425925,-22.5957155,74.1192868,-9.95083515,-5.91837983,-21.9247877,-2.55700533,-19.2211051,35.6641538,74.4871471,16.5138879,-2.29873282,21.9975326,-9.96769804,3.18025625,-0.609525014,14.3565522,-5.48116235,-2.96651807,-9.64473083,-1.32246955,-6.09862639,15.0256205,-6.63551426,0.184881228
65,-1.50600858,-0.538435485,106.03354,-0.0118378221,1.12086856,-0.207867462,0.682012531,1.46849611,0.981977044,0,0,-1.16474373,13.7688435,-22.6711652,74.1091029,-10.0235152,-5.9226265,-21.9396912,-2.55548219,-19.2171897,35.6628151,74.4800847,16.5058215,-2.30659394,22.0032922,-9.96486265,3.19826148,-0.636516321,14.3521997,-5.49158223,-3.00097275,-9.65071067,-1.30728028,-6.09949639,15.0456551,-6.62629266,0.174285323
66,-1.50126209,-0.539777474,106.034493,-0.00501653048,1.11939185,-0.206278647,0.671274087,1.47828495,0.978681478,0,0,-1.17568879,13.7540049,-22.6892054,74.1379195,-10.048658,-5.9380781,-21.9363905,-2.54742129,-19.2364304,35.6921815,74.4616841,16.51495,-2.31271016,22.0045216,-9.9700314,3.18875129,-0.625748048,14.3715035,-5.50664664,-2.98105122,-9.64449605,-1.31446617,-6.10827147,15.043367,-6.63360736,0.212631726
67,-1.50035704,-0.544169638,106.037998,-0.0105514328,1.11989776,-0.205063317,0.678273376,1.47365632,0.982650992,0,0,-1.18750032,13.7706859,-22.7243962,74.1410682,-10.055343,-5.94656376,-21.9664536,-2.5495156,-19.2310328,35.6732926,74.4464733,16.4731032,-2.27647388,22.0098014,-9.96692025,3.20110369,-0.631682842,14.3637598,-5.50289302,-2.99666652,-9.65158834,-1.305604,-6.09974953,15.054437,-6.63488119,0.196585184
68,-1.4971314,-0.550839584,106.040537,-0.00229917988,1.11751857,-0.194811338,0.675434526,1.46337027,0.986582939,0,0,-1.19403499,13.7831032,-22.7246216,74.138343,-10.0291885,-5.93126114,-21.9896933,-2.53303051,-19.2258385,35.6231931,74.4259623,16.4232206,-2.2794576,22.0251659,-9.97116863,3.19335996,-0.639531423,14.375745,-5.48767878,-3.00001417,-9.651602,-1.31467588,-6.10611185,15.0652424,-6.63279926,0.191796368
69,-1.49606951,-0.558225205,106.037784,0.0014473462,1.11781209,-0.196544816,0.694606813,1.44398,0.984942734,0,0,-1.19047422,13.7674689,-22.6438615,74.1531918,-9.88207479,-5.94242253,-21.9774314,-2.52666456,-19.2132863,35.6122341,74.4118374,16.4272641,-2.25454278,21.9872549,-9.9794767,3.1933986,-0.642246103,14.3955526,-5.49090988,-3.01230104,-9.64052856,-1.31393608,-6.11238709,15.0447672,-6.63203727,0.212352182
70,-1.49410916,-0.559429964,106.038547,-0.00449334066,1.11848122,-0.186229115,0.675850794,1.47387307,0.984734413,0,0,-1.19383436,13.7624376,-22.6975416,74.1389782,-9.90982414,-5.92176803,-21.9509559,-2.51788905,-19.2281573,35.5769527,74.4034226,16.4207549,-2.26404827,21.9624118,-9.97420379,3.200121,-0.653906623,14.3815404,-5.5009921,-3.02090153,-9.64471888,-1.30805668,-6.11428247,15.0601812,-6.65545671,0.171939073
71,-1.49333961,-0.565591175,106.034195,-0.00152551901,1.11900411,-0.181206053,0.683068969,1.46026776,0.984115534,0,0,-1.20381551,13.7819958,-22.7415281,74.1438891,-9.94423975,-5.91894119,-21.9305319,-2.51997866,-19.2099207,35.5677969,74.419576,16.3982289,-2.26870496,21.985684,-9.97554934,3.20107658,-0.657728434,14.3809821,-5.5077796,-3.01861875,-9.64074286,-1.30494841,-6.12675311,15.0557621,-6.68036342,0.181893821
72,-1.49329603,-0.567346066,106.034958,0.00679478775,1.12000356,-0.176177815,0.680985228,1.4734241,0.981505014,0,0,-1.20559061,13.7644269,-22.7478836,74.1408292,-9.92728381,-5.92856919,-21.9211028,-2.52161043,-19.2225258,35.5539043,74.4292476,16.3652033,-2.26453065,22.0211395,-9.97058891,3.19006824,-0.653384647,14.3711449,-5.50521785,-2.9923746,-9.64965028,-1.31531418,-6.1242174,15.0743965,-6.67836516,0.209882188
73,-1.49247777,-0.569126336,106.028199,-0.00718092389,1.12113556,-0.174103908,0.678807145,1.48709323,0.97792941,0,0,-1.21307009,13.7971298,-22.8338654,74.1262604,-10.0375965,-5.91693952,-21.9193304,-2.503548,-19.2103595,35.4801758,74.4285509,16.2762776,-2.27663182,22.0168604,-9.97305205,3.20846941,-0.652322286,14.3754274,-5.5114235,-3.00294176,-9.64055674,-1.29576767,-6.12886108,15.0582192,-6.67476736,0.185245349
74,-1.48955043,-0.572675467,106.027043,-0.0150093922,1.12173979,-0.168067209,0.688203671,1.48597596,0.973975371,0,0,-1.21446014,13.8368866,-22.9448799,74.099247,-10.1839546,-5.94747559,-21.8495907,-2.50512257,-19.1997335,35.4674204,74.4409613,16.3105481,-2.29185952,21.9999864,-9.96762461,3.22036333,-0.656879783,14.3648219,-5.51101113,-3.0185735,-9.6439206,-1.28588268,-6.13182837,15.0701345,-6.67483396,0.166257036
75,-1.4888539,-0.578506384,106.024551,-0.0136185728,1.12231516,-0.16407968,0.68041939,1.48921987,0.974033641,0,0,-1.22038896,13.8505667,-22.9444376,74.0931886,-10.1796858,-5.94911953,-21.8765478,-2.50470977,-19.1983862,35.4571854,74.4398549,16.2961842,-2.29128258,21.9792209,-9.96761949,3.2216886,-0.673088569,14.3635002,-5.51396391,-3.04064867,-9.64320429,-1.28568365,-6.13500227,15.0726326,-6.67596136,0.199738797
76,-1.48707386,-0.585692842,106.028509,-0.0169826825,1.12195157,-0.161420998,0.691015628,1.48277793,0.969357736,0,0,-1.20154895,13.8766392,-22.9295683,74.0437722,-10.2121539,-5.92644159,-21.8548688,-2.49934786,-19.1834674,35.4403046,74.4474637,16.2313196,-2.28928603,22.0060755,-9.96924337,3.22868485,-0.656252259,14.3693639,-5.50394231,-3.01550205,-9.64176568,-1.27683023,-6.13805579,15.0750027,-6.66219811,0.177439897
77,-1.48798302,-0.592444744,106.026411,-0.00344126455,1.12190227,-0.152098406,0.679990582,1.47003365,0.971339024,0,0,-1.19204389,13.8740164,-22.8746228,74.0362112,-10.2152565,-5.94971461,-21.8403632,-2.49998584,-19.1784301,35.3967143,74.4532489,16.1576936,-2.30948994,22.0279475,-9.9707221,3.21533652,-0.680694038,14.3659966,-5.4911165,-3.03702547,-9.6394622,-1.29017706,-6.14596558,15.0735411,-6.67982981,0.172766113
78,-1.48655744,-0.593280513,106.028044,-0.0144496879,1.12257844,-0.150984821,0.679477411,1.48526764,0.97224776,0,0,-1.19429614,13.8392687,-22.7372746,74.07487,-10.1262088,-6.01791234,-21.8735425,-2.50037239,-19.1781569,35.3540734,74.4487409,16.0900184,-2.30789018,21.9969145,-9.96921605,3.22834377,-0.674095221,14.3661128,-5.48997287,-3.04070481,-9.64015632,-1.2773235,-6.15490544,15.0759948,-6.65666224,0.150234653
79,-1.48499077,-0.594732538,106.023967,-0.0241260063,1.12256675,-0.148686792,0.676176188,1.5033018,0.960683289,0,0,-1.20405627,13.875794,-22.8732995,74.0675139,-10.3241801,-5.97462986,-21.8320679,-2.47923508,-19.1831856,35.3083453,74.4362144,16.026501,-2.30725668,22.011094,-9.96831361,3.24089232,-0.674306691,14.3670895,-5.50347999,-3.05034135,-9.63772989,-1.26563437,-6.15884732,15.0774718,-6.65662083,0.195441287
80,-1.48244407,-0.601883279,106.027937,-0.0144492526,1.12262303,-0.139068097,0.667026296,1.4874278,0.961394696,0,0,-1.18062467,13.863071,-22.733407,74.045712,-10.2328613,-5.97724838,-21.8343782,-2.48958218,-19.1812237,35.354473,74.4340014,16.0726202,-2.30257395,22.0252291,-9.97097567,3.2312387,-0.678625291,14.3718262,-5.49590403,-3.02359817,-9.63664133,-1.27474318,-6.16412577,15.0821881,-6.66041841,0.200139017
81,-1.48324315,-0.603503175,106.023264,-0.018124418,1.12228733,-0.134744552,0.659887094,1.50328803,0.959490674,0,0,-1.19666259,13.8645489,-22.7415007,74.068033,-10.2908445,-5.96579928,-21.8443964,-2.47562405,-19.1802965,35.3182457,74.4245074,16.0703833,-2.30725412,21.9702973,-9.97387167,3.23844305,-0.691629171,14.3737028,-5.51235369,-3.04252207,-9.63197802,-1.26865759,-6.16841598,15.0735513,-6.67661578,0.171995422
82,-1.48474015,-0.613078242,106.024075,-0.0106274244,1.12211614,-0.125753108,0.668929838,1.47790406,0.968736616,0,0,-1.21853275,13.9014652,-22.8086074,74.057214,-10.3674545,-5.94058222,-21.8286443,-2.48734615,-19.1515192,35.3031851,74.4426757,16.1277859,-2.32976088,21.9455703,-9.97756425,3.23298146,-0.701817519,14.3753318,-5.51510668,-3.04179316,-9.63020473,-1.27278964,-6.17018201,15.0729178,-6.69043155,0.161907927
83,-1.48448311,-0.612269575,106.021976,-0.0168599738,1.12152972,-0.120469951,0.648631956,1.49621953,0.962791683,0,0,-1.21856274,13.8819113,-22.7482934,74.078852,-10.3501289,-5.94795541,-21.8562485,-2.47679863,-19.1665012,35.3307996,74.4175133,16.1380585,-2.28707113,21.9073656,-9.97363689,3.23939138,-0.70896926,14.3689114,-5.51443348,-3.0398457,-9.63507465,-1.26893421,-6.17318516,15.085709,-6.69424535,0.167603811
84,-1.47893382,-0.622019079,106.020844,-0.00205923083,1.12169509,-0.111864327,0.647277231,1.47184088,0.957107151,0,0,-1.22654862,13.9124226,-22.7751821,74.0752047,-10.3524221,-5.94683227,-21.8759484,-2.47811216,-19.1461797,35.2770084,74.4349986,16.0951205,-2.26703669,21.9218319,-9.98154795,3.22561575,-0.711146863,14.3878584,-5.52390354,-3.03851531,-9.62623554,-1.27973775,-6.19047835,15.0764115,-6.71269156,0.177046534
85,-1.47921192,-0.623516645,106.021917,0.0013379801,1.12121127,-0.11023159,0.655434931,1.47372932,0.958818861,0,0,-1.23564952,13.9142155,-22.7583337,74.0673842,-10.3414639,-5.92952841,-21.8836973,-2.47626096,-19.1422199,35.2219946,74.448857,16.0561457,-2.28351943,21.940784,-9.98288923,3.22399379,-0.72387983,14.3886678,-5.5205132,-3.03963162,-9.62606905,-1.28370513,-6.18391197,15.0744785,-6.71461981,0.171185045
86,-1.47764599,-0.625897339,106.023204,-0.005603908,1.11987166,-0.104814001,0.663515258,1.48135896,0.958809789,0,0,-1.25509614,13.9204651,-22.7971275,74.0796717,-10.357841,-5.90941734,-21.8686316,-2.48471332,-19.1384445,35.2188152,74.4665199,16.0000562,-2.24465757,21.9864489,-9.98174261,3.23347302,-0.736734353,14.3865145,-5.52882512,-3.0444469,-9.62808481,-1.27552609,-6.18765492,15.0854478,-6.72894656,0.163192349
87,-1.47461407,-0.624979893,106.026101,0.000787949001,1.11913158,-0.102473016,0.637169405,1.49505456,0.952627401,0,0,-1.21611646,13.8881669,-22.6778707,74.0414636,-10.2771602,-5.89106719,-21.8464489,-2.4788955,-19.1551272,35.2465833,74.4569372,16.0455589,-2.27878355,21.8973286,-9.98997043,3.22585224,-0.72829416,14.406585,-5.52843708,-3.03831851,-9.62424454,-1.28278882,-6.19171717,15.0835883,-6.73002317,0.166158572
88,-1.47076705,-0.629464816,106.028759,0.000524112648,1.11877762,-0.095565252,0.660263181,1.48012985,0.954510612,0,0,-1.2536173,13.9272022,-22.7734985,74.0679306,-10.3652142,-5.93033907,-21.8939801,-2.46937251,-19.129958,35.1688114,74.455414,15.973719,-2.25774187,21.9158333,-9.99218683,3.22906008,-0.727308478,14.4124932,-5.51599247,-3.05138637,-9.62181982,-1.27987212,-6.19412396,15.0841091,-6.72592121,0.142860317
89,-1.46858925,-0.627441285,106.029332,-0.00384775336,1.11906083,-0.094403347,0.65581993,1.4865022,0.952117271,0,0,-1.24475384,13.9147824,-22.7305861,74.064454,-10.3344869,-5.93200051,-21.8726426,-2.48305081,-19.1468798,35.2218239,74.4548881,15.987709,-2.25542366,21.9354957,-9.99079091,3.23435583,-0.732093293,14.4106849,-5.51553613,-3.04230926,-9.62223475,-1.27616503,-6.19783403,15.0902289,-6.71653781,0.149725497
90,-1.47028062,-0.622031651,106.031191,-0.00809750827,1.11906056,-0.100095938,0.647044257,1.51938796,0.949624466,0,0,-1.22839245,13.8728527,-22.6820149,74.0526514,-10.3111823,-5.91788806,-21.8373323,-2.48448793,-19.1645495,35.2386706,74.454328,15.9452218,-2.24910894,21.9122133,-9.9929962,3.23734958,-0.737030986,14.4118067,-5.52080904,-3.03283003,-9.62435211,-1.27324203,-6.17551596,15.0862742,-6.70151097,0.128253944
91,-1.46770701,-0.618865853,106.030059,-0.0197023979,1.11810267,-0.0984942351,0.649747732,1.53140226,0.953199429,0,0,-1.2367891,13.8694974,-22.687836,74.0682448,-10.3116015,-5.9438765,-21.816297,-2.49436225,-19.1686015,35.2746725,74.4665131,16.0205946,-2.2828855,21.9074954,-9.98726141,3.24933977,-0.739564132,14.4065082,-5.53755453,-3.0392995,-9.62816506,-1.2618211,-6.17833555,15.1023918,-6.71183224,0.131884576
92,-1.46768736,-0.619958714,106.032157,-0.0167431022,1.11836566,-0.102919298,0.661160711,1.52902546,0.953774339,0,0,-1.24152007,13.8686052,-22.666758,74.0652531,-10.308866,-5.94627262,-21.8491177,-2.48414428,-19.1726449,35.2582151,74.4425869,15.9955466,-2.27501093,21.8570852,-9.99040842,3.24724674,-0.727719784,14.4136184,-5.53230552,-3.03419884,-9.62514441,-1.26310325,-6.17354972,15.095051,-6.7035549,0.132114975
93,-1.46632958,-0.620878022,106.029952,-0.0109282527,1.11903073,-0.102297644,0.664444751,1.52521006,0.948842729,0,0,-1.23669443,13.8322396,-22.5562694,74.0906546,-10.179801,-5.96402343,-21.8580551,-2.47658519,-19.1785667,35.2490422,74.4255729,16.0051498,-2.24876529,21.8764914,-9.98993799,3.24012691,-0.748445566,14.4120543,-5.54079801,-3.04475661,-9.62368788,-1.26826154,-6.18085632,15.0921277,-6.7115633,0.140458038
94,-1.46443015,-0.62095006,106.028903,-0.0174856737,1.11877449,-0.0978563399,0.673464656,1.53116748,0.944834902,0,0,-1.225907,13.8071352,-22.473882,74.090921,-10.097475,-5.99173692,-21.8528966,-2.4725272,-19.1818281,35.2292688,74.4337828,16.0130968,-2.27604912,21.8829238,-9.98664157,3.24725869,-0.734270095,14.4110691,-5.53024665,-3.02929967,-9.62651387,-1.26096978,-6.18419329,15.1061279,-6.71470476,0.120829595
95,-1.46557316,-0.620313827,106.028843,-0.0228260827,1.11804458,-0.104272038,0.683270674,1.5414055,0.946830598,0,0,-1.22272328,13.7833183,-22.3751857,74.1003193,-9.96761437,-6.00745489,-21.8707148,-2.46610405,-19.1908594,35.2015485,74.4105943,15.9681234,-2.22746748,21.9148822,-9.98661681,3.25366008,-0.723532824,14.4145064,-5.52595772,-3.04808782,-9.62754693,-1.25519998,-6.1711408,15.1061672,-6.71068647,0.110390131
96,-1.4645461,-0.623467984,106.022561,-0.0141212317,1.11821351,-0.107905845,0.686143142,1.5330843,0.942726508,0,0,-1.22263108,13.7822204,-22.3396688,74.1018698,-9.89404128,-6.02499524,-21.9402137,-2.47304928,-19.1936409,35.2321716,74.421345,16.0414847,-2.24721121,21.9036739,-9.99080713,3.24498979,-0.723205135,14.4249019,-5.53973122,-3.03477514,-9.62155003,-1.26251725,-6.17368889,15.0964632,-6.73068569,0.120978458
97,-1.46217411,-0.623197993,106.023812,-0.00642812337,1.11731732,-0.103183819,0.67259322,1.53342421,0.939470002,0,0,-1.21435043,13.7733275,-22.3300928,74.1011389,-9.8763323,-6.03762896,-21.954721,-2.46027277,-19.1886908,35.2218444,74.4232507,15.9756161,-2.27078817,21.8375184,-9.98617711,3.23407878,-0.726145158,14.4220725,-5.54051584,-3.01500772,-9.62817531,-1.27361513,-6.17341355,15.115936,-6.74467093,0.11158296
98,-1.46130975,-0.619862741,106.022012,-0.0170073926,1.11801355,-0.10669084,0.664153614,1.54428923,0.930448816,0,0,-1.20338499,13.8171773,-22.4552543,74.0479591,-10.0099129,-6.00537681,-21.9284811,-2.46586157,-19.1897768,35.1986047,74.442546,16.0027951,-2.2990897,21.8580909,-9.98346382,3.24655945,-0.71966603,14.4171633,-5.55274828,-3.03930014,-9.62706028,-1.26101418,-6.17264387,15.1162656,-6.74942901,0.107646423
99,-1.46028008,-0.617820118,106.018305,-0.0212765873,1.11803684,-0.107565547,0.663486123,1.54942393,0.929808913,0,0,-1.18747705,13.8083433,-22.414263,74.0279945,-9.954964,-6.00952487,-21.9221905,-2.47608125,-19.19353,35.2085426,74.4415761,15.8863165,-2.25160921,21.9707156,-9.98304718,3.25138413,-0.729687412,14.419921,-5.56418586,-3.05418483,-9.62541506,-1.25801231,-6.16557633,15.1160385,-6.74863159,0.134381237
100,-1.45909451,-0.622059125,106.021762,-0.0105327822,1.1186137,-0.108270928,0.655719932,1.53442932,0.927025931,0,0,-1.19800846,13.8715405,-22.6001841,73.9925253,-10.1326223,-5.98037789,-21.9540004,-2.46887582,-19.1697063,35.1645357,74.4515208,15.9253527,-2.3002472,21.7931222,-9.98504586,3.23733486,-0.706359701,14.4273659,-5.54307118,-3.04165826,-9.62504367,-1.26900304,-6.17384342,15.112217,-6.76011058,0.120186156
101,-1.45923356,-0.620993041,106.016743,-0.0245564917,1.11781801,-0.110406256,0.658589838,1.54613434,0.93020485,0,0,-1.19148648,13.8893323,-22.7014605,73.9593511,-10.2426823,-5.97786224,-21.9005679,-2.47060856,-19.1694809,35.1119569,74.4438232,15.8021412,-2.26746443,21.9163849,-9.98768061,3.25610464,-0.728967521,14.4336172,-5.57328196,-3.06942768,-9.62087298,-1.25204849,-6.17027678,15.1073949,-6.75641374,0.130421582
102,-1.45800617,-0.621624524,106.020868,-0.0154739495,1.11764727,-0.114290808,0.649142833,1.54154392,0.929215113,0,0,-1.17232278,13.9071744,-22.7558015,73.9136571,-10.3040806,-5.93178109,-21.8715993,-2.47511008,-19.172312,35.1144431,74.4432768,15.8472905,-2.2967367,21.818498,-9.98714359,3.24452406,-0.71787476,14.4383676,-5.55647927,-3.08033698,-9.62237477,-1.26305715,-6.16068805,15.1101201,-6.74542055,0.135285143
103,-1.45722115,-0.622292096,106.024396,-0.0157454546,1.11585349,-0.112804932,0.637801784,1.54446276,0.932746961,0,0,-1.17919395,13.9082485,-22.7901436,73.9343184,-10.3462007,-5.96471541,-21.8436707,-2.4811676,-19.1749587,35.1082276,74.4283187,15.7986886,-2.26564269,21.850465,-9.99113583,3.24569565,-0.722777875,14.4490159,-5.55250282,-3.08875626,-9.62256602,-1.26458498,-6.1618257,15.1149884,-6.74833319,0.142371131
104,-1.45686325,-0.62253736,106.021249,-0.0127518808,1.11610019,-0.112695763,0.638209941,1.54192983,0.93514265,0,0,-1.17913462,13.9090502,-22.7821318,73.9342569,-10.3134192,-5.97508492,-21.8852324,-2.47671667,-19.1644607,35.0641524,74.4300672,15.7311927,-2.28209811,21.8379641,-9.99167968,3.24278471,-0.719371905,14.4491542,-5.56669723,-3.08101552,-9.62120852,-1.2676575,-6.1651281,15.1142678,-6.74331941,0.170831502
105,-1.45774316,-0.623865426,106.022596,-0.0143634836,1.11454328,-0.108807456,0.626789171,1.55015092,0.941011811,0,0,-1.17148459,13.8926586,-22.7927852,73.9278844,-10.3210741,-5.97896788,-21.8439883,-2.48662727,-19.1786231,35.1164716,74.4116325,15.8456427,-2.28192031,21.7468886,-9.99101033,3.24466386,-0.731446132,14.445261,-5.55269748,-3.05933842,-9.63072041,-1.26660757,-6.15623178,15.1303563,-6.74632683,0.113895085
106,-1.45676993,-0.624611881,106.018913,-0.0181978761,1.11412308,-0.111098879,0.629121841,1.56172126,0.942559062,0,0,-1.18444253,13.9008206,-22.8170085,73.9379862,-10.3405103,-5.9785713,-21.8558762,-2.4766473,-19.1900022,35.1064996,74.3775635,15.8103819,-2.2486908,21.7088923,-9.98765243,3.24873402,-0.719909943,14.4441904,-5.55984271,-3.06124297,-9.62769976,-1.26260465,-6.14941269,15.1296459,-6.74367244,0.133048963
107,-1.45439971,-0.625326298,106.016111,-0.0128834901,1.11441233,-0.104682714,0.622432418,1.56126844,0.944621992,0,0,-1.17982831,13.8690082,-22.7233034,73.9572337,-10.2271146,-6.001309,-21.9002144,-2.47956144,-19.1802965,35.061171,74.3843323,15.760419,-2.26022507,21.7039233,-9.98987225,3.24370358,-0.72305311,14.4468353,-5.56287702,-3.05330608,-9.62598197,-1.26642998,-6.15278424,15.1301667,-6.76141728,0.141698184
108,-1.45331994,-0.622530095,106.017804,-0.0217497655,1.1136702,-0.102247357,0.625607495,1.57435508,0.943966401,0,0,-1.17509114,13.8467733,-22.6645757,73.973872,-10.12128,-6.01805321,-21.9009862,-2.47879176,-19.1885388,35.0652691,74.3678442,15.7515791,-2.229489,21.7214222,-9.98821336,3.25303661,-0.731811654,14.4440879,-5.56054452,-3.04943593,-9.62961989,-1.25869842,-6.14940586,15.1404581,-6.76587995,0.133445781
109,-1.45493029,-0.62586898,106.016707,-0.0118507579,1.11195412,-0.0997762844,0.618453139,1.56447959,0.952688232,0,0,-1.17722995,13.7895586,-22.4431991,74.0230767,-9.86286061,-6.05039629,-21.9525541,-2.49769282,-19.1838328,35.0789432,74.3788818,15.7397475,-2.21841769,21.7458863,-9.98920118,3.24354777,-0.741905766,14.4456742,-5.55607245,-3.02522547,-9.63269348,-1.26845204,-6.15197828,15.1474369,-6.77810684,0.113158145
110,-1.4545531,-0.625134306,106.015372,-0.0177657385,1.11096194,-0.104614158,0.613029808,1.5790249,0.954285109,0,0,-1.1640876,13.6955726,-22.1741972,74.0964603,-9.57279443,-6.15965456,-22.006318,-2.49977133,-19.1899253,35.0645383,74.3673319,15.662749,-2.17615312,21.7755839,-9.99000885,3.25224388,-0.743886094,14.4481553,-5.56449322,-3.04468446,-9.6315332,-1.26101631,-6.14162926,15.1460025,-6.77941739,0.111933647
111,-1.45335607,-0.623686938,106.013751,-0.0205908253,1.11021999,-0.0999238428,0.61042724,1.59635352,0.952849062,0,0,-1.15059008,13.6795165,-22.1395511,74.0738387,-9.50963908,-6.15175032,-22.0029234,-2.49964839,-19.1908713,35.0765219,74.3687799,15.6912634,-2.18841588,21.6794593,-9.98445932,3.25525002,-0.747109517,14.4412346,-5.5618367,-3.02981215,-9.63673524,-1.25813973,-6.14959753,15.1646968,-6.79027312,0.114447824
112,-1.45291286,-0.623076083,106.011176,-0.0268919313,1.10889491,-0.0967980787,0.591552972,1.60852812,0.954842517,0,0,-1.13339711,13.6624308,-22.0882273,74.0645633,-9.49414907,-6.16501882,-22.018013,-2.50915473,-19.2003823,35.0823548,74.3516976,15.6909765,-2.16741561,21.6689015,-9.98502879,3.26328018,-0.746118446,14.4449639,-5.57416349,-3.05899627,-9.63790235,-1.25058213,-6.14345548,15.1725225,-6.81373781,0.0654429973
113,-1.45496419,-0.624228455,106.014061,-0.0193267606,1.10765537,-0.102153659,0.581657149,1.60688226,0.961173462,0,0,-1.13238731,13.661017,-22.091055,74.0594202,-9.51146531,-6.18407889,-22.0259531,-2.51712214,-19.1938732,35.1029103,74.3516225,15.7036721,-2.16045692,21.6292659,-9.99010191,3.25615971,-0.749447096,14.4543349,-5.56406334,-3.06198811,-9.6364996,-1.25593177,-6.14135136,15.1674869,-6.81108897,0.077672998
114,-1.45626394,-0.626226747,106.015813,-0.0263693525,1.10453448,-0.109250755,0.58831605,1.61453228,0.971347135,0,0,-1.13136427,13.6646839,-22.0439182,74.049974,-9.44585024,-6.19880862,-22.0476082,-2.53219296,-19.1943564,35.1080159,74.3519708,15.7023829,-2.1510097,21.5949698,-9.98699759,3.27073576,-0.761331678,14.4546115,-5.57364098,-3.1011379,-9.64569389,-1.24688486,-6.12306865,15.1880936,-6.81998359,0.05266363
115,-1.45780705,-0.628411025,106.014025,-0.0256542961,1.10202081,-0.107902661,0.564819185,1.62497073,0.975770537,0,0,-1.1327555,13.6707372,-22.0844297,74.0396536,-9.49279755,-6.20499848,-22.0286066,-2.53925089,-19.2049705,35.1722811,74.3313505,15.7251326,-2.14315926,21.5451299,-9.98871709,3.27112594,-0.756602199,14.4625772,-5.5700658,-3.09566841,-9.64610797,-1.24775006,-6.1216501,15.1985694,-6.82211162,0.083549522
116,-1.45802135,-0.630588783,106.013334,-0.0271884581,1.10129133,-0.10424995,0.562949741,1.63389907,0.972095788,0,0,-1.1151573,13.717553,-22.2418314,73.9655119,-9.68227212,-6.16506279,-21.9930981,-2.55075976,-19.2121217,35.2319394,74.3499013,15.7953623,-2.1741077,21.5430843,-9.98879735,3.27357114,-0.757781314,14.4646485,-5.57793332,-3.10779605,-9.64466766,-1.24212508,-6.13454678,15.1994863,-6.84284722,0.0722958181
117,-1.45890592,-0.632336875,106.013381,-0.0312896238,1.09804137,-0.0972054725,0.56049845,1.64192262,0.979180722,0,0,-1.12490227,13.7457583,-22.3428448,73.9359372,-9.81295242,-6.13568358,-21.9846287,-2.54203803,-19.2154122,35.2153659,74.3296293,15.7537767,-2.16491832,21.5326478,-9.98767976,3.27997381,-0.745093064,14.4679116,-5.58599038,-3.12289973,-9.64714872,-1.23832418,-6.12713261,15.2162066,-6.85032585,0.0673961513
118,-1.45840812,-0.637269579,106.01716,-0.0259416388,1.0960691,-0.0874972638,0.544503161,1.64668775,0.983009256,0,0,-1.13078477,13.7626032,-22.4162335,73.9183631,-9.91147021,-6.1221628,-21.9660386,-2.54131467,-19.2237928,35.2059232,74.3145004,15.7440761,-2.13312571,21.5466292,-9.98947097,3.27595147,-0.752595119,14.4718919,-5.56400785,-3.12250273,-9.64769001,-1.24278846,-6.13858129,15.2241945,-6.84830155,0.0528487688
119,-1.46204019,-0.646043895,106.014073,-0.0339176939,1.08892225,-0.0831969505,0.546031096,1.64961832,0.994008209,0,0,-1.13772734,13.7803412,-22.4655133,73.9023395,-9.98380106,-6.11036364,-21.9347205,-2.54900717,-19.2060753,35.1844764,74.3492319,15.7176296,-2.18179956,21.5985728,-9.988233,3.29177659,-0.756707373,14.4806721,-5.58374795,-3.1576242,-9.6563191,-1.22980704,-6.12110027,15.2566858,-6.85962729,0.0458485253
120,-1.46279363,-0.658825506,106.013691,-0.0218053014,1.08595591,-0.0714556119,0.535005463,1.63628515,0.999274712,0,0,-1.12948907,13.777464,-22.3929681,73.8865686,-9.93970963,-6.10047908,-21.965885,-2.55207009,-19.1830781,35.137191,74.3584527,15.6682695,-2.19386316,21.5377755,-9.99787723,3.28425441,-0.764109698,14.4983316,-5.57450371,-3.16145274,-9.64855147,-1.23742825,-6.13947434,15.2518483,-6.87341872,0.0410933029
121,-1.46049904,-0.661706878,106.010139,-0.0356079067,1.08493356,-0.0533152944,0.506222992,1.67283574,0.991747736,0,0,-1.11968284,13.7855219,-22.4634694,73.8461338,-10.0197432,-6.05956753,-21.9150837,-2.52823102,-19.2114524,35.1551476,74.3252375,15.6400677,-2.19553208,21.5242091,-9.99289546,3.30167502,-0.769842628,14.4918412,-5.59158346,-3.18111429,-9.64744669,-1.22013496,-6.14516132,15.2645149,-6.89215393,0.0407296887
122,-1.45968487,-0.668325694,106.00723,-0.0354460085,1.08204066,-0.0456623715,0.511779351,1.67340702,0.991859367,0,0,-1.13643793,13.7993599,-22.5064722,73.8570553,-10.0505858,-6.06741541,-21.9006959,-2.53903766,-19.2161447,35.191491,74.3371425,15.6513853,-2.1858204,21.5862221,-9.99292193,3.30593258,-0.778718885,14.4923244,-5.59992952,-3.17896214,-9.65113072,-1.21707184,-6.14365228,15.2799238,-6.89661746,0.0540668303
123,-1.45870391,-0.683713704,106.001627,-0.0240767597,1.07912309,-0.0247176978,0.491702384,1.66025645,0.998908763,0,0,-1.14342959,13.791179,-22.4131155,73.8720476,-9.9507788,-6.0611675,-21.9568606,-2.53417841,-19.1924627,35.1433518,74.3473263,15.6611747,-2.22150942,21.5394199,-9.99421966,3.29784542,-0.800268185,14.4975051,-5.59856818,-3.18454817,-9.65442287,-1.22426733,-6.16286304,15.3026922,-6.92535206,0.0586603793
124,-1.4590892,-0.695057167,106.00096,-0.0278264989,1.07661171,-0.00847887917,0.474302477,1.67684356,1.00380302,0,0,-1.13018276,13.7860478,-22.3811741,73.8346591,-9.92849104,-6.04126604,-21.9702443,-2.51667861,-19.2034696,35.1752283,74.3063178,15.7402939,-2.22370127,21.4983022,-9.99853036,3.30694558,-0.800282379,14.5046427,-5.58335564,-3.18386515,-9.64923791,-1.21580814,-6.17115958,15.3037133,-6.92419605,0.0430036914
125,-1.4591217,-0.705645373,105.99587,-0.0350147517,1.07293745,0.0114499252,0.446428555,1.71763388,1.00578057,0,0,-1.13166779,13.7440319,-22.319436,73.8459699,-9.8561047,-6.03281282,-21.947189,-2.53320105,-19.2222287,35.1845481,74.3297864,15.799626,-2.25235498,21.4675817,-9.99376204,3.32203667,-0.83849558,14.4935265,-5.58938712,-3.21659712,-9.65739913,-1.20487301,-6.1795573,15.3378421,-6.94665286,0.0235346591
126,-1.45892054,-0.716940407,105.995262,-0.0435693489,1.07069551,0.0254695507,0.434679482,1.73640932,1.00851884,0,0,-1.12792154,13.7202979,-22.2845935,73.844358,-9.87033625,-6.03297504,-21.9453671,-2.52788802,-19.2196469,35.17822,74.3368761,15.8599827,-2.2813359,21.4701464,-9.99484804,3.33864342,-0.837995322,14.4973531,-5.58461239,-3.24110384,-9.6572907,-1.18837362,-6.18858681,15.3508041,-6.9578945,0.00821412624
127,-1.45738432,-0.729818875,105.993879,-0.0464768007,1.06848455,0.0535000804,0.42036474,1.75885877,1.01462076,0,0,-1.12140575,13.6887014,-22.2001758,73.8441599,-9.76562006,-6.05090044,-21.9820845,-2.5305155,-19.2396406,35.1273555,74.3499559,15.8389406,-2.28386499,21.5268916,-9.99047757,3.34720421,-0.861859096,14.4836279,-5.58760231,-3.24833466,-9.66314246,-1.18236305,-6.20938303,15.3803327,-6.98157348,-0.0378163162
128,-1.46021591,-0.748699997,105.986512,-0.0359798141,1.06438129,0.0659648888,0.41428379,1.75505211,1.03373889,0,0,-1.13985217,13.6915471,-22.1732427,73.8450615,-9.7164777,-6.05949538,-22.0198059,-2.55302909,-19.2270303,35.0816821,74.3885328,15.7609808,-2.31324142,21.470727,-10.0003429,3.34608876,-0.870865928,14.5025475,-5.58934742,-3.26570661,-9.65861405,-1.18254534,-6.22630184,15.3820266,-6.99560824,-0.00922219362
129,-1.45984618,-0.767165469,105.985236,-0.0248534161,1.06326292,0.0837902611,0.406903664,1.75503354,1.04058732,0,0,-1.17323483,13.7136897,-22.2842298,73.8583735,-9.85543961,-6.08993924,-21.9899511,-2.56204216,-19.2532856,35.1170761,74.3730761,15.7609979,-2.28564981,21.4862742,-10.0006879,3.34213621,-0.897423891,14.496764,-5.57799906,-3.27423047,-9.66206756,-1.18867639,-6.23575781,15.3991294,-7.01488602,-0.0310631434
130,-1.46471215,-0.785949547,105.985343,-0.0261386246,1.05744377,0.102064216,0.406162668,1.76735712,1.05859565,0,0,-1.17305553,13.6969002,-22.2587139,73.8400003,-9.83365131,-6.08086961,-21.9583256,-2.56310831,-19.2691077,35.1521116,74.3644564,15.7720082,-2.23917955,21.4051589,-9.99776453,3.3533802,-0.909115147,14.4907091,-5.56276091,-3.27018508,-9.66742414,-1.17768448,-6.24299012,15.4260096,-7.02891566,-0.0741486537
131,-1.46689918,-0.804932881,105.986643,-0.027020131,1.05366164,0.127664293,0.402958002,1.77604854,1.07041551,0,0,-1.18298428,13.7306311,-22.3851903,73.7945932,-9.97699819,-6.05088337,-21.9004432,-2.54759055,-19.2764023,35.0628239,74.3588966,15.6790356,-2.19536986,21.3547299,-10.0002832,3.36410125,-0.91158362,14.4908406,-5.54978355,-3.26418348,-9.6670997,-1.16713013,-6.27195013,15.4435546,-7.04583233,-0.0763152777
132,-1.47056943,-0.829045009,105.985808,-0.0259934862,1.04810884,0.158785984,0.405976919,1.77030371,1.08335359,0,0,-1.18599842,13.7178697,-22.3479726,73.7865336,-9.94188931,-6.02556941,-21.8446252,-2.52985468,-19.2748007,34.9718185,74.3532481,15.6608998,-2.14367237,21.4022714,-10.0011907,3.37777699,-0.958018448,14.4832522,-5.53228674,-3.29666636,-9.67629058,-1.157454,-6.28628285,15.4782878,-7.07718717,-0.137952212
133,-1.47435181,-0.867480785,105.981171,-0.0124217322,1.03905216,0.183603682,0.442325932,1.67819616,1.11295521,0,0,-1.20283612,13.8318519,-22.4889613,73.7444118,-10.1009482,-6.02240063,-21.8047898,-2.55926057,-19.1821287,34.8959487,74.417766,15.6277836,-2.19072256,21.4361901,-10.0101297,3.38041195,-0.962564152,14.5079946,-5.53007803,-3.30491232,-9.67540095,-1.15419141,-6.29458665,15.5067492,-7.11458245,-0.142061692
134,-1.47711169,-0.893069059,105.97676,-0.00668569969,1.03340968,0.21116875,0.417427465,1.66947913,1.13014242,0,0,-1.21225207,13.8802934,-22.610747,73.6992028,-10.2273673,-5.995409,-21.7466,-2.58520504,-19.1710689,34.8671697,74.4574699,15.5824789,-2.2290745,21.4954506,-10.0155281,3.39002993,-1.00712655,14.5125879,-5.52026518,-3.34711905,-9.67882714,-1.14833815,-6.30610875,15.532552,-7.14800385,-0.183562468
135,-1.47804515,-0.92659099,105.975616,0.0133131755,1.02147922,0.234333578,0.444052049,1.60401102,1.1446316,0,0,-1.24111005,13.9351056,-22.6453966,73.7164217,-10.1587265,-6.01551708,-21.7142096,-2.5652071,-19.104256,34.8041134,74.4707546,15.5404016,-2.24857768,21.5004144,-10.0115735,3.38529618,-1.00347272,14.5229766,-5.51527786,-3.36634347,-9.68371585,-1.1535832,-6.31526206,15.5771155,-7.19157704,-0.156289442
136,-1.47854565,-0.95104957,105.978632,0.0118484488,1.01734827,0.254747058,0.426500784,1.60289257,1.15575733,0,0,-1.24997595,13.9492902,-22.5637997,73.7148439,-9.9943076,-6.01453694,-21.7318451,-2.54589752,-19.0789211,34.7904565,74.4702629,15.5931409,-2.30848655,21.4103532,-10.0124067,3.40371784,-1.03286569,14.5213271,-5.51436134,-3.37990823,-9.68274767,-1.13792595,-6.32063614,15.5958525,-7.21566797,-0.179573384
137,-1.47320693,-0.971880089,105.978322,0.0214096987,1.01046569,0.271560732,0.373923188,1.63018548,1.14453245,0,0,-1.23589722,13.9381724,-22.56221,73.6934586,-10.0068905,-5.97922487,-21.6207862,-2.50222806,-19.0957643,34.7715266,74.4321231,15.5873301,-2.29397346,21.3121966,-10.0101272,3.40544417,-1.04605019,14.5325457,-5.50601527,-3.39155263,-9.69726865,-1.14010628,-6.33928213,15.6507962,-7.25456846,-0.20089538
138,-1.48999998,-0.993473362,105.975938,0.033973395,0.995206638,0.290500864,0.363387808,1.67348151,1.2002033,0,0,-1.29305438,13.9150027,-22.6184464,73.6818541,-10.1036512,-5.98199024,-21.6079455,-2.534969,-19.1447436,34.871582,74.4269116,15.7189444,-2.31277249,21.3005562,-10.0263984,3.40200709,-1.05873759,14.5671645,-5.49455251,-3.43407504,-9.7156282,-1.14730295,-6.32434792,15.7080776,-7.28408683,-0.186337286
139,-1.47297252,-1.01929568,105.974102,0.0330431065,0.99287649,0.313464399,0.309374726,1.68970897,1.1512794,0,0,-1.20107724,13.8936438,-22.5050362,73.6434753,-10.0683383,-5.99272217,-21.6172175,-2.48115458,-19.1520092,34.9654869,74.4039007,15.8051175,-2.2799419,21.1186085,-10.0122667,3.41966569,-1.08267025,14.5562447,-5.49212736,-3.44863743,-9.71168462,-1.1319792,-6.34562567,15.7363068,-7.31692296,-0.232107757
140,-1.49288205,-1.03742769,105.970788,0.0380959372,0.977398144,0.33090921,0.329678157,1.73920074,1.20691065,0,0,-1.25852094,13.8716959,-22.5509504,73.6363924,-10.0447042,-5.99802027,-21.6807194,-2.53578307,-19.2315878,35.0128543,74.4226496,15.7829143,-2.24995161,21.2126619,-10.019558,3.42628073,-1.11173068,14.5705335,-5.48147398,-3.45773567,-9.73410471,-1.13023302,-6.34716886,15.7976162,-7.35269608,-0.259578565
141,-1.47486655,-1.06935222,105.970645,0.0465152853,0.97152973,0.369663087,0.266785455,1.73586387,1.17276397,0,0,-1.19127144,13.8574634,-22.3939295,73.6417268,-9.92055607,-6.03362604,-21.7260582,-2.55817564,-19.2450842,35.241488,74.4720182,15.9299102,-2.30305164,21.2294283,-10.0158739,3.4321532,-1.14153731,14.5847147,-5.48393413,-3.48093035,-9.72860812,-1.12732923,-6.38769451,15.8413807,-7.39066937,-0.234306038
142,-1.49139771,-1.09341675,105.962944,0.0460679585,0.955685455,0.401991295,0.26067465,1.80492509,1.24269358,0,0,-1.25250195,13.7554904,-22.1281173,73.7065999,-9.66667111,-6.10410207,-21.8484706,-2.60338679,-19.2735576,35.097412,74.5287293,15.7342833,-2.41380273,21.2008645,-10.0216147,3.44552543,-1.18115753,14.5965019,-5.49323983,-3.4946633,-9.75080111,-1.1163433,-6.40331088,15.9101931,-7.43412901,-0.29147979
143,-1.49162356,-1.13816811,105.957806,0.050588776,0.944714652,0.423374782,0.275546907,1.75694813,1.26128418,0,0,-1.27076929,13.8198829,-22.146342,73.7195294,-9.66666428,-6.15365082,-21.9281908,-2.60725738,-19.2280036,35.0958069,74.5194334,15.7225661,-2.39093845,21.157363,-10.0183465,3.46829557,-1.20027277,14.6047186,-5.47886143,-3.52824969,-9.7464537,-1.09701728,-6.40826661,15.9377666,-7.45980881,-0.312055495
144,-1.4988604,-1.17545659,105.953276,0.059311647,0.930643896,0.442798474,0.295168733,1.73309999,1.29806593,0,0,-1.32256091,13.9004621,-22.3659001,73.7050358,-9.80028839,-6.15264294,-21.9381441,-2.61137278,-19.2006931,35.0899022,74.5161003,15.9081065,-2.37249673,21.1019582,-10.0105575,3.47936154,-1.20045153,14.6034311,-5.4779718,-3.5335798,-9.7615117,-1.08775949,-6.39678379,15.9986919,-7.48745657,-0.326887944
145,-1.50753539,-1.22214984,105.943882,0.065976611,0.916391237,0.481130954,0.366789083,1.64987627,1.32862654,0,0,-1.40428956,14.0305362,-22.6971523,73.6991345,-9.98581255,-6.11615607,-21.8570169,-2.57594971,-19.1012626,34.9557641,74.5157792,16.0497185,-2.31935999,20.9582408,-10.015634,3.50109969,-1.25759812,14.6157715,-5.47997219,-3.59027186,-9.76938008,-1.07130493,-6.42147748,16.05312,-7.55574053,-0.398939397
146,-1.50910402,-1.25562325,105.938792,0.0748847634,0.904762546,0.505262861,0.298940918,1.73748647,1.34032142,0,0,-1.41138506,13.9636883,-22.6992065,73.709735,-10.03621,-6.18369042,-21.8401548,-2.61599596,-19.1977305,35.1172981,74.5437489,16.2307134,-2.28834197,21.0279446,-10.0232659,3.50867031,-1.26863742,14.6450987,-5.47624205,-3.62152723,-9.7737975,-1.06474987,-6.42827693,16.0974445,-7.59344232,-0.408319221
147,-1.50945252,-1.2895328,105.932283,0.0666751506,0.893342772,0.54378233,0.214507227,1.81632104,1.33533016,0,0,-1.31441644,13.8527242,-22.4194061,73.6508792,-9.82536458,-6.21806548,-21.7369797,-2.6456345,-19.2959777,35.2542673,74.5500736,16.2235127,-2.28519197,21.0278814,-10.025636,3.5377571,-1.31418069,14.6588734,-5.47322482,-3.67990145,-9.78019568,-1.03999939,-6.45378171,16.1541077,-7.63240599,-0.447659936
148,-1.51766846,-1.32731684,105.924726,0.0592315005,0.880446227,0.588845521,0.142075632,1.88745426,1.35510249,0,0,-1.26347208,13.8037346,-22.4170907,73.5910194,-9.89945847,-6.25392995,-21.5109141,-2.65604286,-19.3657685,35.2947771,74.503321,16.1648482,-2.22563785,21.1140801,-10.0371628,3.56830149,-1.35242473,14.6797038,-5.46489327,-3.73772412,-9.7809342,-1.01231493,-6.48476217,16.1981044,-7.66629995,-0.485423519
149,-1.51999965,-1.37451086,105.918527,0.0723503722,0.869965695,0.645011466,0.114670272,1.90248345,1.38339142,0,0,-1.27418716,13.76755,-22.2888795,73.6127394,-9.79731128,-6.30427186,-21.4976157,-2.65320961,-19.4320282,35.2343539,74.454492,16.1764305,-2.23461229,21.2594658,-10.0495177,3.5774533,-1.41189967,14.6960604,-5.45766778,-3.74529154,-9.77652446,-1.00409939,-6.5468964,16.2330869,-7.72301357,-0.516420465
150,-1.52005982,-1.41722057,105.916774,0.0848717104,0.85849232,0.691740264,0.0649894501,1.94570596,1.39286884,0,0,-1.28721574,13.7363898,-22.3225762,73.6432021,-9.9334028,-6.33494581,-21.5929686,-2.65294537,-19.4383752,35.1649728,74.5145976,16.2051241,-2.27403336,21.3477682,-10.0565033,3.5836628,-1.44710076,14.7172391,-5.43934494,-3.77843589,-9.77509439,-0.999867444,-6.57508843,16.2734243,-7.77393519,-0.577482249
151,-1.52240992,-1.46841323,105.909491,0.0861516649,0.845168574,0.737258395,0.0817009686,1.93231793,1.40105237,0,0,-1.34240869,13.7941194,-22.4929433,73.6769979,-10.0499156,-6.35191115,-21.6343886,-2.58409492,-19.3905451,34.9230031,74.4912315,16.1378348,-2.30115818,21.2613117,-10.059623,3.61289558,-1.50664987,14.7307185,-5.44102688,-3.83834177,-9.76774169,-0.975193386,-6.59165549,16.3118168,-7.81421367,-0.553571144
152,-1.52908005,-1.52479131,105.906546,0.102795843,0.83278558,0.768708997,0.13738608,1.87582928,1.40655131,0,0,-1.36626504,13.9478243,-22.8690955,73.5850089,-10.3666187,-6.26392551,-21.5330422,-2.54223654,-19.3294746,34.6884032,74.5148367,16.0690838,-2.36012085,21.346701,-10.0729034,3.62698968,-1.52885802,14.7617019,-5.42691784,-3.85338441,-9.76461431,-0.96197206,-6.6089158,16.339252,-7.84975627,-0.63144704
153,-1.53008308,-1.56914778,105.901432,0.0983173037,0.823283533,0.787331483,0.12983636,1.90888996,1.41350914,0,0,-1.36556378,13.9687699,-22.7780935,73.6094678,-10.2475992,-6.30111717,-21.6827873,-2.5500428,-19.3552552,34.8016238,74.4989087,16.0789842,-2.29559328,21.157865,-10.0662107,3.66142194,-1.5447143,14.7599705,-5.42942793,-3.89342469,-9.77566727,-0.931445917,-6.61255117,16.3921569,-7.88066287,-0.644614204
154,-1.53714046,-1.60828698,105.903053,0.100598077,0.810289878,0.820278923,0.0470150635,2.00397131,1.43931157,0,0,-1.35485361,13.8039643,-22.4149614,73.6660969,-9.81644521,-6.34141358,-21.6898172,-2.57015792,-19.4641438,34.8335618,74.4400324,16.1543656,-2.16619855,21.0977884,-10.0765414,3.68289435,-1.6024199,14.7793512,-5.4028141,-3.93938887,-9.79136134,-0.914046224,-6.61409351,16.4528448,-7.90757809,-0.703875967
155,-1.54112084,-1.66282784,105.897319,0.111353079,0.797686253,0.843919442,0.0368565145,1.99570593,1.46403643,0,0,-1.41526023,13.7662386,-22.4044582,73.7547937,-9.80665328,-6.38786484,-21.6322405,-2.55067758,-19.4389967,34.7998548,74.4316313,16.3432732,-2.27330894,21.2049489,-10.0833912,3.70654986,-1.63624812,14.8022613,-5.39836466,-3.96494232,-9.79988627,-0.895294046,-6.60622385,16.5028196,-7.95114359,-0.73047838
156,-1.53622739,-1.72119699,105.889285,0.120214237,0.791224911,0.867066081,0.0556171565,2.02299275,1.4570611,0,0,-1.39393884,13.7759972,-22.509136,73.7145844,-10.0240591,-6.34657165,-21.5736135,-2.52470814,-19.4907695,34.8497698,74.3684111,16.4356089,-2.28552793,21.1492692,-10.0859363,3.73366229,-1.66818096,14.8104131,-5.3939165,-3.99789841,-9.80549641,-0.870251798,-6.61493448,16.5420727,-7.99423099,-0.767959683
157,-1.5284339,-1.77464709,105.883503,0.121885181,0.782258429,0.909410987,0.0137694604,2.08567297,1.44509119,0,0,-1.32805633,13.7507571,-22.5880998,73.6168034,-10.1659426,-6.23118115,-21.370132,-2.56208955,-19.5287966,34.8896001,74.4788006,16.4578223,-2.35642337,21.3813335,-10.0911255,3.7627653,-1.70883777,14.8304478,-5.39894267,-4.035432,-9.79900176,-0.843406059,-6.65327532,16.5795158,-8.04368327,-0.790539381
158,-1.53236715,-1.84201021,105.881286,0.123891004,0.767916806,0.946805343,0.0680605005,2.0358493,1.47024838,0,0,-1.34890249,13.7913062,-22.5528509,73.6090648,-10.1056183,-6.17169618,-21.3322586,-2.56947042,-19.4436156,34.7189205,74.520574,16.3424451,-2.23739943,21.3194622,-10.1120703,3.80183953,-1.75222996,14.874342,-5.40290076,-4.07508296,-9.79599477,-0.806114294,-6.66076249,16.6143088,-8.07571088,-0.839749827
159,-1.54214837,-1.9010609,105.880404,0.124171673,0.756945032,0.972724574,0.0657239422,2.040052,1.49316889,0,0,-1.38315578,13.7576923,-22.3625482,73.7224596,-9.87911475,-6.30808738,-21.5420512,-2.5644846,-19.4307407,34.7647613,74.5193036,16.5213124,-2.32879761,21.1688121,-10.1262131,3.84018037,-1.79542344,14.8909223,-5.38906835,-4.11377683,-9.80865537,-0.770666412,-6.66207943,16.6605014,-8.10756688,-0.902826677
160,-1.54181654,-1.95660628,105.876589,0.13537288,0.749727994,0.990655302,0.022618003,2.08972156,1.51763484,0,0,-1.36090377,13.6964665,-22.2336147,73.6754337,-9.62654119,-6.21460343,-21.513834,-2.57225244,-19.5131282,34.7912522,74.4341312,16.4161309,-2.18816978,21.038364,-10.1343854,3.86442754,-1.82115212,14.9103491,-5.37857675,-4.16367691,-9.82083702,-0.750081343,-6.68176702,16.7090469,-8.15921506,-0.957791878
161,-1.53247816,-2.0211732,105.868626,0.137204358,0.745757991,0.995812698,0.0597413768,2.10785785,1.4947568,0,0,-1.3271875,13.6647932,-22.1178157,73.674095,-9.49367522,-6.27180669,-21.5826874,-2.58768526,-19.5259792,34.9638852,74.4564249,16.6600933,-2.16677143,21.1178572,-10.1389206,3.9097245,-1.840352,14.9282254,-5.38556531,-4.22243917,-9.8227008,-0.707059956,-6.6754777,16.7395489,-8.20865368,-1.02252553
162,-1.53956087,-2.07554344,105.861437,0.128464875,0.73214849,1.02023102,0.0777537796,2.17001342,1.53451448,0,0,-1.3785596,13.6296536,-22.1625893,73.7218381,-9.61556507,-6.32968102,-21.5426233,-2.59285123,-19.5730033,34.7792071,74.4475866,16.5618427,-2.23360889,21.2384664,-10.1654593,3.95449639,-1.87118817,14.9844071,-5.38870976,-4.28200695,-9.81912947,-0.661421539,-6.69876352,16.7715722,-8.23959614,-1.04328898
163,-1.54788289,-2.14514788,105.857325,0.12917261,0.720192367,1.03623404,0.105750578,2.13716043,1.5555743,0,0,-1.35401638,13.6941434,-22.2729173,73.6562887,-9.81583305,-6.28470038,-21.3847571,-2.5854949,-19.4864272,34.5803701,74.5138326,16.337529,-2.3833642,21.1337374,-10.1933035,4.00302574,-1.92879996,15.033564,-5.38899919,-4.34446605,-9.8170215,-0.61524898,-6.7052061,16.7946446,-8.29280844,-1.12708142
164,-1.54774729,-2.21383628,105.856395,0.132720786,0.712595064,1.05724691,0.0646652762,2.15982001,1.55015039,0,0,-1.32406333,13.6771405,-22.0871498,73.67277,-9.67286097,-6.2805869,-21.4177059,-2.57209407,-19.50506,34.6491672,74.4755904,16.3691972,-2.22542611,21.0381045,-10.2118483,4.04263785,-1.93249722,15.0715723,-5.38719816,-4.36960968,-9.81519613,-0.573988874,-6.72391057,16.8215436,-8.3390659,-1.18467411
165,-1.5398114,-2.28964202,105.850589,0.151293204,0.710197187,1.06283701,0.0692013689,2.16516548,1.53545395,0,0,-1.25482731,13.6377815,-22.1107977,73.6116808,-9.67616593,-6.26547468,-21.441837,-2.59926776,-19.5219186,34.8682148,74.494592,16.559167,-2.27003706,21.0455238,-10.233669,4.07167384,-1.93764569,15.1196927,-5.37314803,-4.4290541,-9.79460994,-0.54150887,-6.70914029,16.8068621,-8.38947867,-1.22603539
166,-1.54749099,-2.36393753,105.840087,0.155770926,0.69526995,1.05642323,0.154690711,2.12664855,1.58327488,0,0,-1.30703973,13.7530222,-22.3665678,73.5892436,-9.76178832,-6.30949354,-21.50002,-2.58686393,-19.4477496,34.6734519,74.4717723,16.5315269,-2.21762411,20.9458508,-10.2411079,4.12163454,-1.95193466,15.154291,-5.37744593,-4.48784965,-9.81421856,-0.496293551,-6.68663994,16.8758043,-8.44622644,-1.27982548
167,-1.56176407,-2.42923256,105.828726,0.15247311,0.67850709,1.07145766,0.0964418909,2.22279841,1.62348783,0,0,-1.3619998,13.8131193,-22.6233146,73.575351,-10.0601464,-6.29477875,-21.6147227,-2.69146166,-19.551478,34.8178524,74.5211341,16.6154768,-2.22228785,21.0861617,-10.2722997,4.16983561,-1.99657849,15.2200264,-5.38353205,-4.54566762,-9.80192422,-0.4451071,-6.71804088,16.8839408,-8.47984378,-1.32340102
168,-1.56961288,-2.4939565,105.821753,0.137921564,0.660870197,1.08377549,0.107287117,2.28591619,1.62870802,0,0,-1.36129683,13.8209629,-22.7193556,73.5812454,-10.2154452,-6.32475816,-21.6918578,-2.68650721,-19.5957222,34.8172889,74.5271583,16.4854846,-2.31673699,21.0827039,-10.2950075,4.23378625,-2.03347794,15.2783819,-5.39998683,-4.61239473,-9.79332928,-0.383893931,-6.71426506,16.9075681,-8.51066928,-1.37141074
169,-1.5735127,-2.56625563,105.815148,0.154043976,0.641204448,1.08483267,0.147460302,2.31918006,1.64315793,0,0,-1.32682316,13.8090852,-22.9054646,73.5184009,-10.4190873,-6.28746277,-21.4366255,-2.70619843,-19.6839785,34.9097799,74.4783566,16.4628254,-2.28735479,21.0991766,-10.3086782,4.26563755,-2.04009021,15.3373435,-5.40290503,-4.64914157,-9.80272848,-0.355044546,-6.731548,16.9692259,-8.56548752,-1.45904954
170,-1.5813455,-2.64572222,105.806816,0.171594722,0.619408207,1.07108775,0.174426116,2.27347756,1.70110376,0,0,-1.37919534,13.852246,-23.0218339,73.5365897,-10.5501288,-6.30582146,-21.4519286,-2.76186148,-19.6337374,34.8820117,74.5036352,16.4053255,-2.22197238,21.0423529,-10.3071943,4.30276774,-2.03389437,15.3766939,-5.40596069,-4.71969743,-9.82912801,-0.325294589,-6.70441721,17.0642048,-8.61139749,-1.44221867
171,-1.58011988,-2.71295793,105.793428,0.173124977,0.612815715,1.06013598,0.0877949381,2.38450378,1.6916052,0,0,-1.28772566,13.7236455,-22.8679822,73.5404282,-10.5701788,-6.36763553,-21.4205183,-2.77572911,-19.6313468,34.8874759,74.5669783,16.6060579,-2.31386084,20.9345093,-10.322914,4.35076348,-2.03013008,15.4211243,-5.42352751,-4.77537585,-9.83214098,-0.276991545,-6.67718269,17.0901664,-8.66017699,-1.48157753
172,-1.58769377,-2.80801561,105.785775,0.159386924,0.585607227,1.05595237,0.222616289,2.34970332,1.71370332,0,0,-1.35595669,13.8905805,-23.231437,73.5713826,-10.6206863,-6.38404975,-21.5533962,-2.74835051,-19.5933709,34.8474749,74.5190646,16.4515232,-2.24887586,20.9323868,-10.3317591,4.43813825,-2.04094569,15.4807279,-5.4307547,-4.86110582,-9.82342651,-0.19458678,-6.66745394,17.1338215,-8.6954498,-1.57680072
173,-1.5928017,-2.88464576,105.776799,0.176839629,0.560224905,1.07624371,0.204611377,2.39052224,1.76817387,0,0,-1.41296444,13.8495934,-23.2635014,73.6505036,-10.7500322,-6.43578843,-21.6723337,-2.76960094,-19.579883,34.7226873,74.5545337,16.4630679,-2.285656,20.86534,-10.3535149,4.46899021,-2.08758371,15.5533397,-5.42741858,-4.93307894,-9.82268458,-0.168864007,-6.68760129,17.1964458,-8.74325942,-1.5848771
174,-1.59575623,-2.96572335,105.764508,0.184805989,0.550309141,1.0515903,0.189821669,2.4011212,1.79847098,0,0,-1.41822069,13.7698159,-23.1185511,73.6997151,-10.6670607,-6.4787785,-21.5037117,-2.86554162,-19.5692979,34.7247296,74.6269542,16.3461009,-2.39573154,21.049026,-10.3777493,4.52001471,-2.09501816,15.6181564,-5.44216496,-5.00129161,-9.85587674,-0.120473638,-6.66895786,17.2762856,-8.80640195,-1.66718055
175,-1.61083601,-3.04091349,105.759096,0.195303281,0.529505952,1.04723614,0.185425936,2.45340801,1.82810461,0,0,-1.4218504,13.7478509,-23.3218875,73.6900435,-10.8409505,-6.4153397,-21.4049591,-2.91819299,-19.625104,35.0844927,74.5987319,16.6718805,-2.37462796,21.0301815,-10.391186,4.55958456,-2.12023501,15.6662222,-5.42421437,-5.05090995,-9.88218663,-0.085815077,-6.65287276,17.3577612,-8.84705951,-1.74635952
176,-1.61262639,-3.1335339,105.745101,0.185426457,0.495169357,1.05734827,0.278900556,2.47066917,1.85460447,0,0,-1.37315158,13.7983507,-23.3001419,73.6296646,-10.7701274,-6.33234735,-21.5279435,-2.86407249,-19.6160677,34.9461848,74.5362083,16.7077253,-2.27673364,20.8672763,-10.3904697,4.638463,-2.17438795,15.7255953,-5.45992174,-5.13954745,-9.85134406,-0.0120446634,-6.6747187,17.3914921,-8.8934937,-1.76098434
177,-1.63108073,-3.22086886,105.733895,0.17796081,0.467970027,1.0552575,0.218324849,2.53820416,1.92545637,0,0,-1.42312882,13.7622694,-23.1531802,73.7057598,-10.597135,-6.40553326,-21.7837153,-2.94506978,-19.5891618,34.8866358,74.605685,16.808848,-2.32741876,20.8423445,-10.4238676,4.71026707,-2.20189013,15.8145978,-5.47125046,-5.2123705,-9.86633547,0.0549192533,-6.6655449,17.4664295,-8.9391296,-1.85172448
178,-1.63664855,-3.29984985,105.726278,0.181096001,0.447981439,1.07711066,0.118127455,2.61472661,1.95963912,0,0,-1.45356265,13.6742035,-23.1949382,73.7737475,-10.6060407,-6.40543379,-21.6225194,-3.06270101,-19.6315466,35.0648013,74.7114573,16.8394455,-2.43620425,21.1078032,-10.4522761,4.75757254,-2.24071442,15.8854542,-5.46476648,-5.23919265,-9.87307089,0.100972354,-6.69198029,17.5300732,-8.98498323,-1.91913097
179,-1.62856802,-3.38073932,105.715704,0.184597771,0.433608499,1.08669744,0.18703167,2.68303918,1.92288267,0,0,-1.31095855,13.5265801,-23.054057,73.7106434,-10.4163962,-6.39662242,-21.3567106,-2.95878395,-19.6830257,35.0696848,74.6338596,16.9253607,-2.44458233,21.1238866,-10.453082,4.8138042,-2.28018374,15.9123532,-5.46345124,-5.31396017,-9.87882191,0.149603394,-6.6951606,17.5946151,-9.03337682,-1.93504104
180,-1.62553154,-3.48886773,105.706489,0.199765081,0.405932428,1.06598321,0.226235022,2.58256347,1.9619697,0,0,-1.36654562,13.7200639,-23.2834131,73.7322131,-10.661121,-6.43477159,-21.6051741,-2.93363434,-19.5959562,34.9299528,74.5137712,16.9059493,-2.32401498,21.0921245,-10.4424184,4.87540867,-2.25565717,15.9604958,-5.46114178,-5.39846882,-9.87967312,0.207147338,-6.67836644,17.6656149,-9.08984114,-2.03447259
181,-1.63989756,-3.55925187,105.695939,0.174318958,0.381706631,1.06713073,0.0532092013,2.78473216,2.03406256,0,0,-1.40151672,13.5807998,-23.0736887,73.821429,-10.454396,-6.52234273,-21.8063761,-3.07393453,-19.6613501,35.1147368,74.6290306,17.1153407,-2.3985983,20.930138,-10.482007,4.95927485,-2.3105785,16.0577628,-5.48850907,-5.48001957,-9.87644073,0.287762486,-6.68429889,17.7064116,-9.11331309,-2.06376322
182,-1.6387172,-3.64555009,105.684984,0.172874888,0.367969701,1.07551509,0.100383217,2.85981664,2.01960071,0,0,-1.31592868,13.3744982,-22.8218443,73.8452322,-10.2959339,-6.48114772,-21.4681844,-3.00848296,-19.7191933,34.9395834,74.5812056,16.9958449,-2.42353788,20.9738,-10.5263059,5.02075168,-2.35043757,16.1576902,-5.49896481,-5.54891953,-9.86566696,0.349554541,-6.69976671,17.7270576,-9.16734928,-2.11062365
183,-1.64586306,-3.76650691,105.672467,0.18644494,0.348405305,1.09267068,0.17689707,2.68314803,2.06713797,0,0,-1.33835796,13.6401652,-23.1567916,73.768017,-10.5198403,-6.57512387,-21.5172747,-3.00290932,-19.5557861,34.8672107,74.5117289,17.1116678,-2.39995473,21.1392067,-10.5540442,5.08596931,-2.40914646,16.223248,-5.49208297,-5.62177118,-9.87954249,0.410493382,-6.70526117,17.794545,-9.22393569,-2.21129872
184,-1.65898111,-3.85365076,105.660105,0.188171731,0.314993017,1.08701579,0.0981608107,2.83735642,2.12118675,0,0,-1.39391632,13.4971718,-22.936337,73.8401028,-10.3198259,-6.5340915,-21.5902963,-3.08313138,-19.6439195,35.0525274,74.5503195,17.0653028,-2.43126795,21.2043035,-10.5900905,5.14695351,-2.43309075,16.3382462,-5.50864788,-5.67327508,-9.87358145,0.469579668,-6.70899472,17.8471016,-9.26864098,-2.2940059
185,-1.6529303,-3.94648798,105.645335,0.191442166,0.292067118,1.11547442,0.0668483888,2.89744479,2.12961883,0,0,-1.32256923,13.4863648,-22.8583807,73.7717531,-10.1867234,-6.53607824,-21.6080121,-3.08237131,-19.6712231,34.9094247,74.5422052,16.9912447,-2.45820194,21.1178572,-10.5995981,5.20531833,-2.48679226,16.3952766,-5.5235774,-5.74468855,-9.85958724,0.525328632,-6.74383808,17.8961885,-9.34302174,-2.39018521
186,-1.6618209,-4.04551327,105.633664,0.193933862,0.259351509,1.11041928,0.0619261369,2.91480372,2.16750141,0,0,-1.30803042,13.4447134,-22.9086594,73.8157122,-10.4192325,-6.56321074,-21.4498232,-3.1157434,-19.6584626,34.989314,74.5030683,17.1811291,-2.36999368,20.9803109,-10.6340368,5.27496876,-2.50647495,16.5134645,-5.5396023,-5.81741213,-9.85693201,0.591156181,-6.74059203,17.9581827,-9.38975304,-2.45056835
187,-1.67391859,-4.15029973,105.61893,0.198941903,0.234552638,1.09965442,0.0936735365,2.91592536,2.23425007,0,0,-1.41026117,13.4876693,-23.0048575,73.8798067,-10.3637653,-6.62393539,-21.4914634,-3.13954298,-19.6160352,35.0631279,74.5054725,17.1665484,-2.47604539,20.9665668,-10.6714859,5.34827974,-2.54419701,16.614191,-5.5581262,-5.91404394,-9.87033284,0.658662036,-6.71769724,18.030096,-9.43514306,-2.50889219
188,-1.66688506,-4.2315647,105.608165,0.198688189,0.212609387,1.13364767,0.0322415745,3.10605435,2.22078265,0,0,-1.34102867,13.3315414,-22.9462186,73.8251105,-10.2135686,-6.52674905,-21.4895544,-3.13379879,-19.7990279,35.0534939,74.4842579,17.0315924,-2.48443606,21.0487374,-10.7129135,5.40007562,-2.58512564,16.7254479,-5.5764691,-5.96124397,-9.84935391,0.708858697,-6.75335168,18.0634188,-9.49113269,-2.55628538
189,-1.67738907,-4.33736816,105.593193,0.191222241,0.186634388,1.1138855,0.029303716,3.16304822,2.2545526,0,0,-1.31570894,13.3278711,-22.8554693,73.788972,-10.035877,-6.50976707,-21.5450087,-3.20238179,-19.8054568,35.0911555,74.554725,17.1066032,-2.5824862,21.159465,-10.7476587,5.487803,-2.6089519,16.8260208,-5.59908599,-6.04870411,-9.84523531,0.792326703,-6.74452195,18.10127,-9.52481747,-2.63613606
190,-1.68660004,-4.44771126,105.578744,0.198583867,0.146347949,1.11306017,0.130485628,3.06715258,2.35423345,0,0,-1.44610686,13.484057,-23.2413664,73.7797922,-10.3723534,-6.4269109,-21.3227953,-3.14662781,-19.7119533,35.0709109,74.336678,17.3574283,-2.38731547,20.8897562,-10.7941151,5.55539455,-2.64537837,16.9758614,-5.62305099,-6.1270562,-9.83187887,0.857267448,-6.77122799,18.1637116,-9.5759662,-2.68559538
191,-1.6896328,-4.5380652,105.563688,0.181972856,0.117288368,1.14875339,0.0503587346,3.2044682,2.36871302,0,0,-1.38281811,13.3865962,-23.074674,73.7636251,-10.2556938,-6.46666089,-21.3686327,-3.18698676,-19.7990057,35.1060078,74.3676802,17.1786668,-2.47481296,20.9574366,-10.8649612,5.63732353,-2.74637894,17.1277085,-5.66009836,-6.16765911,-9.81889468,0.936504846,-6.82235409,18.2195313,-9.63190289,-2.76507936
192,-1.69959161,-4.6369642,105.546594,0.191188923,0.076411897,1.13478874,0.0609735656,3.29711758,2.39307801,0,0,-1.37351241,13.3175814,-23.104988,73.7716233,-10.1995906,-6.4808314,-21.3265246,-3.2410524,-19.8457857,35.3704386,74.4546559,17.5015657,-2.54228862,21.0455921,-10.9219745,5.69839737,-2.73705957,17.31239,-5.67977657,-6.36299612,-9.81604137,0.993393278,-6.84670585,18.2976909,-9.69015074,-2.83901402
193,-1.70624573,-4.75163162,105.532587,0.226310674,0.0382006925,1.15255297,0.136688294,3.2192816,2.46967922,0,0,-1.46472062,13.4302437,-23.2384602,73.7869502,-10.2190012,-6.49544373,-21.4286206,-3.22339828,-19.73827,35.0960904,74.3834102,17.3916253,-2.49277316,21.0127286,-10.9835128,5.72857998,-2.76402857,17.4833872,-5.65867342,-6.47466715,-9.79440333,1.02333117,-6.88396837,18.3420017,-9.73223666,-2.90399196
194,-1.70012638,-4.8483476,105.514586,0.246912837,-0.000859690933,1.1562242,0.0687506498,3.34827164,2.45765254,0,0,-1.3549011,13.2475105,-22.8843866,73.8075501,-9.97660887,-6.57466838,-21.4210032,-3.19110408,-19.8753843,35.2482192,74.3301825,17.2754916,-2.51807901,21.0410569,-11.0501063,5.77174805,-2.8310148,17.6855659,-5.6691108,-6.59599522,-9.77870073,1.05952808,-6.8985837,18.4137717,-9.78905871,-2.95046051
195,-1.71806943,-4.94718961,105.490983,0.226954555,-0.0353274269,1.14268055,0.108958012,3.43520714,2.55925353,0,0,-1.41055871,13.3080123,-23.3530298,73.6775716,-10.4645431,-6.55325232,-21.2856493,-3.23087392,-19.8678762,35.2085153,74.3046513,17.3841258,-2.49794617,20.7506816,-11.164395,5.87214756,-2.94444012,17.9222251,-5.71561884,-6.62951181,-9.78407609,1.15325642,-6.89867718,18.4806068,-9.80808078,-3.00871391
196,-1.73260085,-5.0468877,105.480576,0.247791656,-0.0877984026,1.15317893,0.170298761,3.44948523,2.61664654,0,0,-1.44492801,13.2329835,-23.0152769,73.7979537,-10.0057072,-6.7179316,-21.4044554,-3.17130571,-19.8735931,34.8384829,74.2268622,16.977919,-2.50218196,21.0274955,-11.2537578,5.9142988,-3.04613588,18.1642785,-5.69647211,-6.78592186,-9.76405765,1.1888464,-6.94306488,18.5493902,-9.83457082,-3.08338602
197,-1.74943898,-5.14139049,105.458152,0.257000446,-0.156990571,1.14331498,0.152546419,3.5828483,2.71877516,0,0,-1.50508352,13.2443148,-23.2149678,73.7217902,-10.0641497,-6.58739814,-21.4073394,-3.19132115,-19.990806,35.1028625,74.1028397,17.4461866,-2.45565535,21.0027668,-11.3295532,5.97005961,-3.075879,18.4213634,-5.72732493,-6.87557578,-9.75973756,1.23622486,-6.97984118,18.6804871,-9.89604765,-3.17266214
198,-1.76188722,-5.2590847,105.431724,0.276475943,-0.204912159,1.14397503,0.229718925,3.54561459,2.77775576,0,0,-1.56465045,13.2250545,-23.1556834,73.8181505,-10.004079,-6.68636588,-21.4692004,-3.21290989,-19.9247273,34.9150562,74.0918772,17.2328302,-2.44509823,21.0572939,-11.4503485,6.02626182,-3.14759321,18.7173087,-5.75438614,-7.01632634,-9.74654505,1.28817368,-7.01281733,18.7529964,-9.95058841,-3.22787782
199,-1.77433118,-5.35683371,105.415702,0.290588903,-0.279729643,1.15055057,0.219125849,3.64562713,2.85394951,0,0,-1.54144424,13.1791616,-23.0979188,73.7882412,-10.0496176,-6.68487818,-21.4851523,-3.18799442,-20.0123074,35.025999,73.9298378,17.3546432,-2.42437757,20.7648252,-11.5490584,6.07578667,-3.23396587,19.0351942,-5.7356838,-7.17638072,-9.69777408,1.33186234,-7.03494074,18.8199459,-9.97317414,-3.29666999
200,-1.78603008,-5.45785241,105.40123,0.312859917,-0.345344719,1.12647045,0.230216142,3.68924216,2.93152552,0,0,-1.53602491,13.157591,-23.1006406,73.7132388,-10.0108956,-6.5561893,-21.2717294,-3.26638408,-20.1145878,35.250316,73.8995596,17.2981849,-2.41096777,20.7704055,-11.6386056,6.12474034,-3.32059209,19.321415,-5.71670014,-7.30384998,-9.67112098,1.37471292,-7.02191941,18.9026066,-10.007162,-3.34576454
201,-1.80967581,-5.56432903,105.387425,0.330521289,-0.39652019,1.10528132,0.313476228,3.67739519,3.01597397,0,0,-1.55450036,13.2953116,-23.2347941,73.6495132,-10.0182491,-6.66088543,-21.4057207,-3.25327652,-20.0735247,34.9838874,73.8234713,17.0078745,-2.44326453,20.8438198,-11.788215,6.17841794,-3.42276105,19.6582833,-5.65905591,-7.53083424,-9.68130223,1.42360993,-7.00252765,19.0074927,-10.052821,-3.47392898
202,-1.82876624,-5.67339212,105.367768,0.37113902,-0.476577782,1.08985725,0.320251162,3.7332004,3.11484545,0,0,-1.60462531,13.258414,-23.3190103,73.6543626,-10.1734131,-6.70343665,-21.4137342,-3.30008338,-20.19432,35.4556827,73.6892512,17.5616202,-2.49055527,20.7914476,-11.9162622,6.20825349,-3.5324304,20.0347241,-5.59636502,-7.77166842,-9.63909507,1.44664164,-7.01459232,19.082915,-10.1147802,-3.53782305
203,-1.84678901,-5.78964092,105.35059,0.398069958,-0.550511097,1.076198,0.353140524,3.70956795,3.21028496,0,0,-1.63958563,13.3022348,-23.2797931,73.6755704,-10.1974921,-6.74665766,-21.4189371,-3.2622612,-20.1028945,35.1509197,73.5530163,17.1180643,-2.41718026,20.6129474,-12.0558107,6.25390775,-3.62942549,20.403889,-5.50485073,-7.97087089,-9.6164197,1.48610978,-6.99850509,19.1877772,-10.1620477,-3.62549814
204,-1.86295826,-5.89163005,105.320048,0.415312597,-0.633047529,1.05254577,0.424943207,3.79223202,3.29171618,0,0,-1.63814307,13.3857287,-23.6650055,73.5582619,-10.5799699,-6.58997099,-21.4253335,-3.31766877,-20.234321,35.3627375,73.5168641,17.3857291,-2.45495995,20.6933541,-12.1735998,6.30973345,-3.74374792,20.771623,-5.52625056,-8.2286021,-9.56087148,1.53508064,-7.01325873,19.2512655,-10.2466993,-3.68911708
205,-1.88689623,-5.98908477,105.301535,0.420380331,-0.686344865,1.07173699,0.319363397,3.80756024,3.40198382,0,0,-1.64317127,13.2469999,-22.9920884,73.6547519,-9.80433528,-6.66922979,-21.3976337,-3.40904624,-20.2125703,35.4818219,73.393586,17.4507303,-2.51778681,20.6465434,-12.3847133,6.35663294,-3.88242424,21.2076332,-5.47550482,-8.43415921,-9.57399654,1.58420944,-7.05305867,19.3742568,-10.2926631,-3.76926764
206,-1.91189852,-6.10303767,105.289137,0.468820405,-0.778865584,1.03486097,0.447618688,3.83634906,3.52721534,0,0,-1.64622127,13.1669475,-23.0070107,73.621687,-9.92965559,-6.63920812,-21.2582381,-3.41736989,-20.2893997,35.4121881,73.3307278,17.3445004,-2.61511999,20.6856787,-12.5364656,6.3826756,-3.96560741,21.6490974,-5.40443414,-8.69872744,-9.54534134,1.60026092,-7.05596278,19.4934914,-10.3440167,-3.85043676
207,-1.93935018,-6.20102994,105.265152,0.467008773,-0.862165978,1.04048034,0.367230483,3.95939108,3.65814345,0,0,-1.74706901,13.1124119,-23.0277574,73.7729279,-10.1319914,-6.90335202,-21.328157,-3.53492257,-20.380149,35.5389052,73.2529251,17.1874761,-2.44707258,20.4833156,-12.7423326,6.44279535,-4.15766592,22.1324972,-5.36315717,-8.87448186,-9.50687627,1.66074726,-7.10353633,19.5838958,-10.3852044,-3.90419419
208,-1.9583229,-6.30547106,105.259073,0.509397944,-0.950042053,1.02819373,0.451307151,3.96852859,3.77039121,0,0,-1.76780685,13.1934845,-23.157992,73.6629482,-10.065964,-6.73331233,-21.3217913,-3.49392457,-20.4435331,35.5214336,73.016341,17.3711791,-2.38363549,20.2887269,-12.9687781,6.45818676,-4.31736684,22.6761153,-5.25321802,-9.10496489,-9.44748436,1.67404393,-7.12827784,19.6517383,-10.4181934,-3.98032604
209,-1.98523123,-6.40865862,105.250871,0.546835227,-1.04503943,1.01011165,0.452935244,4.02312272,3.87636074,0,0,-1.75115752,13.1610565,-23.1866054,73.6439602,-10.0071765,-6.76757256,-21.3460385,-3.5199303,-20.4758707,35.4312785,72.9491114,17.1916083,-2.49897988,20.2805665,-13.1435712,6.47792771,-4.40970289,23.1360364,-5.12971539,-9.31715838,-9.40042607,1.69529415,-7.13650523,19.7439254,-10.4460939,-4.0107938
210,-2.00993977,-6.49400651,105.227327,0.538303494,-1.13257995,1.03650662,0.434859628,4.18320314,4.04036084,0,0,-1.85959926,13.0468848,-23.0122904,73.7321994,-10.0026071,-6.72993267,-21.3851686,-3.65187291,-20.6600757,35.5094397,72.8239687,17.0318792,-2.35957935,20.3501439,-13.3582261,6.53181364,-4.57196428,23.621335,-5.06263397,-9.55380479,-9.37550527,1.75031484,-7.22401019,19.876443,-10.494105,-4.0775367
211,-2.02422179,-6.6205442,105.210888,0.562733346,-1.22571658,1.07151779,0.471288656,4.06477407,4.13635232,0,0,-1.82567392,13.2180519,-23.2948554,73.6307985,-10.0851935,-6.60081904,-21.0620751,-3.68744624,-20.5757092,35.700265,72.7072339,17.1794147,-2.37277207,20.336166,-13.5747602,6.57461971,-4.80742822,24.1357148,-4.95355798,-9.9482448,-9.30919096,1.79242264,-7.30179239,19.9601316,-10.5356155,-4.15409459
212,-2.04445124,-6.7130357,105.19402,0.588970092,-1.26281216,1.0970844,0.450373282,4.233922,4.19794141,0,0,-1.82319883,13.0880239,-23.154635,73.6208196,-9.80347468,-6.70598986,-21.3670703,-3.68184122,-20.7192218,35.4638482,72.5501806,16.8505206,-2.3594357,20.2270639,-13.9248586,6.58297133,-5.021757,24.7531827,-4.80609676,-10.1022032,-9.3050937,1.81573386,-7.33342385,20.0130229,-10.5575728,-4.20060988
213,-2.05813646,-6.81766197,105.201328,0.645789054,-1.34327899,1.10636727,0.421568694,4.26699036,4.30695251,0,0,-1.87547603,13.0078426,-22.8232923,73.7655854,-9.57832603,-6.91228591,-21.5118225,-3.7842979,-20.8589777,35.8699474,72.3662094,17.3197973,-2.28430021,20.1650834,-14.1896967,6.55783666,-5.21803956,25.3345787,-4.52480396,-10.2660911,-9.25509245,1.80449073,-7.40147729,20.0834695,-10.5404751,-4.26905179
214,-2.07537338,-6.9313854,105.201149,0.71489178,-1.43464939,1.14903246,0.483079643,4.22308547,4.39251728,0,0,-1.88432326,13.0404251,-22.8326428,73.7636935,-9.54636245,-6.89326597,-21.4150592,-3.74623197,-20.8641703,35.5177828,72.2568171,16.83852,-2.31251273,20.1167564,-14.4578729,6.50924669,-5.48535694,25.9141339,-4.21549884,-10.527625,-9.18698436,1.78058357,-7.51087387,20.1511635,-10.5603211,-4.27984989
215,-2.10628118,-7.02187568,105.188894,0.747822627,-1.48860496,1.18286928,0.385903207,4.34212158,4.52550576,0,0,-1.96193683,12.9901831,-22.951973,73.75812,-9.65562328,-6.82734013,-21.4126089,-3.88816117,-21.0547019,35.8189737,72.0752092,16.994291,-2.26451571,20.1752126,-14.8608148,6.47695057,-5.78727947,26.6354633,-3.99914193,-10.7417437,-9.18373746,1.79066685,-7.58370418,20.2353148,-10.5949152,-4.32995531
216,-2.12886855,-7.13391006,105.182147,0.788457992,-1.58278596,1.22656923,0.371294286,4.35704811,4.64456535,0,0,-1.94513862,12.9634967,-22.9238497,73.7300889,-9.67159909,-6.71831537,-21.239006,-3.90522725,-21.1294958,35.8434428,71.8565475,16.8631514,-2.21766082,20.0231299,-15.1631668,6.4558376,-6.057349,27.2751378,-3.80267239,-10.9209525,-9.0946385,1.80447237,-7.64102825,20.265675,-10.6191555,-4.38857157
217,-2.13544462,-7.24423081,105.181885,0.842718869,-1.67322259,1.24861865,0.438949871,4.34088831,4.73262527,0,0,-1.95640075,13.0398505,-23.1566055,73.6642391,-9.82580769,-6.62765741,-21.1130914,-3.98756518,-21.1707058,35.9373955,71.8309617,17.1551932,-2.41960092,20.0296595,-15.4538204,6.42809721,-6.27110617,27.9042854,-3.53219946,-11.1530671,-8.99124566,1.80498955,-7.69880055,20.2754336,-10.636336,-4.45585106
218,-2.15599034,-7.33910426,105.180132,0.896212597,-1.76193557,1.25976517,0.430833712,4.33656096,4.86875265,0,0,-2.02180494,13.057942,-22.9921772,73.739781,-9.70109697,-6.80333628,-21.1813062,-3.97148436,-21.2255949,35.8339796,71.5248804,17.156718,-2.36934353,19.9378054,-15.7693512,6.39009404,-6.44813827,28.554714,-3.25233609,-11.3378383,-8.92918058,1.79393488,-7.73520546,20.3377984,-10.6565824,-4.48070484
219,-2.17474103,-7.43814558,105.176723,0.914981407,-1.81857256,1.26175642,0.490633726,4.38939802,4.91586302,0,0,-2.03867828,13.1611359,-23.2961411,73.6699423,-10.0322041,-6.73195013,-21.200313,-3.96171078,-21.2945405,35.8443649,71.3540574,16.9529513,-2.25937471,19.8687078,-16.1099164,6.39270104,-6.71538095,29.170167,-2.95591185,-11.6416664,-8.91468948,1.83247914,-7.77378066,20.4154901,-10.6505727,-4.51425089
220,-2.19323635,-7.51719177,105.176246,0.943366358,-1.90453325,1.24202044,0.515272459,4.48127217,5.04791833,0,0,-2.0904366,13.0224327,-23.1464712,73.7798332,-9.78429977,-6.86773088,-21.2168454,-4.09945222,-21.4246181,36.073668,71.2658386,17.2976487,-2.52496299,19.8068997,-16.4224129,6.37406828,-6.85918588,29.8293759,-2.68333309,-11.7081242,-8.89549494,1.84108453,-7.81525271,20.545875,-10.6663094,-4.52213079
221,-2.20920537,-7.61241466,105.173397,1.02063471,-1.98802212,1.25095383,0.500707988,4.47273273,5.11780013,0,0,-2.0581885,13.0315519,-23.0209682,73.7862945,-9.56992831,-6.89880568,-21.2352682,-4.03866012,-21.4412786,35.7592437,71.0816353,16.9692823,-2.36504542,19.8119336,-16.7830367,6.28992846,-7.1250463,30.5544312,-2.3147129,-11.8473208,-8.83101454,1.80165791,-7.8477499,20.6002928,-10.7029875,-4.58591622
222,-2.23652981,-7.70403221,105.169559,1.11013653,-2.06083994,1.21619706,0.573264714,4.45467328,5.23184892,0,0,-2.101973,13.0918522,-23.0738441,73.7238256,-9.60499023,-6.88057974,-21.2898806,-4.12045719,-21.5363463,35.9195687,70.9149582,17.2027091,-2.53526761,19.6837958,-17.1057426,6.20208839,-7.31591978,31.1874634,-1.94892447,-12.0709873,-8.84202822,1.7455764,-7.83257151,20.7507602,-10.7469219,-4.63001363
223,-2.24958044,-7.79513791,105.16268,1.1931845,-2.16070015,1.17805019,0.625280126,4.42479761,5.34674721,0,0,-2.11052675,13.1278396,-23.1778645,73.6739038,-9.84237602,-6.78332127,-21.1001841,-4.20834721,-21.5990782,36.022988,70.8185774,17.1141489,-2.45106632,19.5757047,-17.3965669,6.14589557,-7.41149547,31.8504459,-1.62819714,-12.2643278,-8.81316213,1.6969161,-7.82840253,20.908114,-10.8183921,-4.69802652
224,-2.25793831,-7.90673047,105.170631,1.31704646,-2.25642748,1.15768637,0.640650293,4.35086166,5.43685491,0,0,-2.10552491,13.1365763,-23.0870708,73.712105,-9.66863137,-6.80609909,-21.1171964,-4.18511261,-21.6017505,35.7962428,70.6775681,16.8602212,-2.51659067,19.6535739,-17.7087971,6.03839821,-7.56764384,32.5156688,-1.19413457,-12.5711578,-8.77301684,1.61051859,-7.83623078,21.0403363,-10.8777362,-4.74734048
225,-2.28028614,-7.97646195,105.156171,1.34501055,-2.35316453,1.14296342,0.620680154,4.48187494,5.5661521,0,0,-2.15017941,13.1386099,-23.2523016,73.684272,-9.80877234,-6.82439247,-21.3325369,-4.29147488,-21.7955742,35.8972169,70.5348923,16.67555,-2.42613378,19.6029025,-18.0356899,6.01697489,-7.71586748,33.2138337,-0.960624699,-12.7927001,-8.73574706,1.61496707,-7.86152639,21.1677586,-10.9274737,-4.78710713
226,-2.29172241,-8.08521509,105.15734,1.47061363,-2.43299739,1.13712166,0.715034415,4.28827365,5.65812956,0,0,-2.21123426,13.3172877,-23.4130381,73.7196114,-9.89504105,-6.82062819,-21.4226646,-4.43461771,-21.7031993,36.008911,70.5825328,16.7782077,-2.56527818,19.6207446,-18.3770611,5.88513816,-7.88574197,33.8931882,-0.475192909,-12.9286525,-8.71485864,1.51843152,-7.87542412,21.2959493,-10.9913282,-4.84217467
227,-2.30596196,-8.1755586,105.169427,1.56373755,-2.50729966,1.10721029,0.787039603,4.17855349,5.75004854,0,0,-2.23497962,13.4160112,-23.3333042,73.740703,-9.74380017,-6.82731153,-21.556007,-4.51306201,-21.6627526,36.0407328,70.5137733,16.8486253,-2.61760959,19.4694867,-18.7928403,5.7729459,-8.02246187,34.712302,0.0159589704,-12.7681388,-8.6757208,1.4604461,-7.87222588,21.3644458,-10.9845612,-4.85931461
228,-2.3150472,-8.23062733,105.179727,1.62407648,-2.5760164,1.1062062,0.678612805,4.33940744,5.83390619,0,0,-2.23596957,13.1805277,-22.9899438,73.8530733,-9.44718042,-6.96166732,-21.550063,-4.60820484,-21.8999736,36.1933398,70.3940606,16.8892205,-2.56066631,19.4754187,-19.1439257,5.67273891,-8.14922335,35.4155793,0.285321147,-12.5175204,-8.63974448,1.41206178,-7.88978459,21.4386251,-10.988136,-4.90947637
229,-2.32204497,-8.28564912,105.18713,1.69739187,-2.64025516,1.11643861,0.611997009,4.45522994,5.89877676,0,0,-2.22068873,13.0820748,-23.105099,73.8142847,-9.62130414,-6.91919123,-21.5167846,-4.69897506,-22.1028285,36.2348673,70.293288,16.7420897,-2.47318887,19.3697966,-19.530885,5.53833744,-8.32998687,36.1791022,0.61236029,-12.2106323,-8.6154273,1.34587138,-7.93603778,21.526323,-10.9863379,-4.90779956
230,-2.33038887,-8.3808817,105.197275,1.80022836,-2.68531681,1.12782352,0.779117491,4.16050472,5.9570481,0,0,-2.27260095,13.3190746,-23.1368509,73.8268385,-9.58031703,-6.88537368,-21.5085679,-4.75447761,-21.8695486,36.0684873,70.3179996,16.633505,-2.57317857,19.4179017,-19.9499939,5.3704262,-8.54075626,36.9605271,0.830017768,-11.7596989,-8.61325103,1.26908938,-7.97933093,21.6068697,-11.0008786,-4.97560968
231,-2.32213121,-8.44414234,105.211294,1.87650492,-2.75104363,1.12004334,0.825631773,4.16562565,5.99477422,0,0,-2.25177186,13.23837,-22.9371857,73.9025375,-9.42564996,-6.92327099,-21.5599156,-4.80836353,-21.9094215,35.981942,70.3275209,16.4472475,-2.6997915,19.4600439,-20.299411,5.23207645,-8.72283459,37.7238724,0.843892977,-11.514525,-8.56574451,1.20906493,-7.99137512,21.6756019,-10.9925073,-4.9670903
232,-2.32699756,-8.49453136,105.228043,1.96401396,-2.83828627,1.13383811,0.768471627,4.22263724,6.09223291,0,0,-2.26615453,13.1286063,-22.8538249,73.9506357,-9.37852421,-6.98186291,-21.5823084,-4.86274165,-22.0530467,36.0984445,70.1943322,16.4814906,-2.60675835,19.2817111,-20.6889999,5.07628837,-8.86391044,38.5862829,0.717484905,-11.2792113,-8.47694351,1.12406878,-8.05756136,21.6998013,-10.9920343,-4.98920389
233,-2.3297688,-8.53605941,105.239785,2.00370824,-2.88578377,1.13114348,0.694236702,4.3191619,6.16466749,0,0,-2.26088333,13.0189937,-22.6865758,73.945438,-9.3055001,-6.98614245,-21.5116449,-4.99519524,-22.1812698,36.203486,70.1278198,16.7014552,-2.69561825,19.2963209,-21.0511177,4.99544113,-8.90136805,39.3301041,0.526955604,-11.0985639,-8.44398016,1.0968016,-8.06873469,21.740627,-10.9788555,-5.00499614
234,-2.32198089,-8.59684199,105.255711,2.06809086,-2.96368035,1.11846204,0.688167599,4.31308303,6.21700253,0,0,-2.2007894,13.0301252,-22.6653117,73.9052969,-9.34672029,-6.93181086,-21.5990201,-5.0180751,-22.1914468,36.1704381,70.03329,16.7442685,-2.69490621,19.2250427,-21.3903066,4.91166886,-8.95199,40.1269686,0.317362312,-11.1974531,-8.36723872,1.05198542,-8.10769324,21.7825183,-10.9666149,-5.0320582
235,-2.32550986,-8.66690353,105.259693,2.14686238,-3.02450403,1.10701357,0.853291211,4.16115615,6.28329208,0,0,-2.24864875,13.1877771,-22.8860463,73.8780581,-9.50954858,-6.89847356,-21.673768,-5.07544655,-22.0952368,36.1311475,69.9915985,16.7768588,-2.82629002,19.1875177,-21.7133985,4.80674349,-9.00709682,40.86787,0.116386784,-11.1728593,-8.33016616,0.995157708,-8.13375724,21.848544,-11.0012277,-5.06222544
236,-2.32353192,-8.72387439,105.274403,2.22778334,-3.06721734,1.11680242,0.871054665,4.17152822,6.32753335,0,0,-2.2644901,13.1344802,-22.9332054,73.8966089,-9.63704943,-6.9678209,-21.5915872,-5.10678261,-22.1956747,36.1346787,69.8836542,16.9819762,-2.90739126,19.2356466,-22.1058287,4.67888577,-9.07751607,41.6817929,0.0153612372,-11.2989275,-8.28063192,0.927277154,-8.16171747,21.8577614,-10.9994963,-5.0958193
237,-2.32119765,-8.7861754,105.294657,2.33062762,-3.13828382,1.05999314,0.852664541,4.17189875,6.39308097,0,0,-2.26779932,13.0369033,-22.6534647,73.9893356,-9.37452599,-7.08261717,-21.7468135,-5.19610995,-22.3051319,36.2639912,69.7717006,17.0184391,-2.86556574,19.2223841,-22.4205843,4.57159844,-9.02529842,42.4736782,-0.0485091641,-11.3232567,-8.20910276,0.850160369,-8.11941811,21.8776714,-10.9967181,-5.12711096
238,-2.30893157,-8.83818418,105.304515,2.40904789,-3.17360709,1.05090917,0.810300773,4.197719,6.41741224,0,0,-2.18659862,12.9447009,-22.4878429,73.90055,-9.3041887,-7.03099417,-21.6332923,-5.22259359,-22.3726671,36.198237,69.6467628,16.9274969,-2.8391805,19.1119843,-22.7392673,4.46389404,-9.01192832,43.1998742,-0.205718214,-11.3333457,-8.16962598,0.785341287,-8.10778288,21.9026528,-11.0290505,-5.12504226
239,-2.30792109,-8.88831094,105.328774,2.50257526,-3.23822091,1.05459082,0.806095617,4.16335846,6.48715829,0,0,-2.14941806,12.9857127,-22.6926598,73.8006653,-9.63998471,-6.98768949,-21.5018368,-5.30690459,-22.4480434,36.3319482,69.5497878,17.0237445,-2.82481384,19.1145798,-23.1254359,4.30111014,-9.09835839,44.078578,-0.270376213,-11.2339195,-8.07929758,0.702275835,-8.1235999,21.8789469,-11.0183271,-5.14745595
240,-2.30546407,-8.93436298,105.334175,2.56052414,-3.26164941,1.04811711,0.866792094,4.16073993,6.50398318,0,0,-2.1506095,12.9400137,-22.6790421,73.7941424,-9.55312007,-6.95317228,-21.4006629,-5.36651805,-22.5032176,36.3790287,69.4791841,17.1724992,-2.90383742,19.1253647,-23.4491476,4.21004963,-9.0777944,44.813117,-0.439631609,-11.0992615,-8.06287781,0.660093494,-8.11164963,21.9056973,-11.0337429,-5.16795036
241,-2.31011547,-8.99881944,105.35742,2.66694583,-3.32657795,1.05487485,0.914309399,4.09439276,6.58829674,0,0,-2.1887862,12.8996968,-22.5129302,73.845683,-9.41179406,-6.95118981,-21.4980768,-5.42030366,-22.5265513,36.2100157,69.3995304,17.0645344,-2.86539285,19.2176286,-23.8650771,4.03367237,-9.17132701,45.7700402,-0.43122402,-11.1500926,-7.99179603,0.56725831,-8.12770569,21.9132754,-11.0358423,-5.19351192
242,-2.3128001,-9.05442163,105.372012,2.72708261,-3.39129366,1.05034874,0.968720821,4.04157234,6.6466876,0,0,-2.20143016,12.9059481,-22.5081593,73.8721227,-9.41490778,-6.97456614,-21.4331302,-5.43769972,-22.4796774,36.030146,69.3394794,16.9107049,-2.97076175,19.234798,-24.2007177,3.93702136,-9.20289273,46.628291,-0.602906668,-11.1404509,-7.91895035,0.528628467,-8.13497131,21.9223903,-11.035523,-5.24263421
243,-2.31468752,-9.10186395,105.390501,2.79809971,-3.4507961,1.05112084,0.964180986,3.99907277,6.70093211,0,0,-2.15744353,12.8436995,-22.2706565,73.8793832,-9.2767894,-7.06619227,-21.258163,-5.50959856,-22.5247208,36.1195327,69.2391917,16.9360466,-2.91355102,19.1105671,-24.5531538,3.79952623,-9.26522333,47.5179778,-0.772885584,-11.0897777,-7.83595843,0.471178839,-8.15195201,21.9010033,-11.0250429,-5.25689906
244,-2.31249146,-9.1460444,105.404782,2.86076057,-3.48098937,1.06535557,0.966296851,4.00098522,6.72669814,0,0,-2.15301116,12.8466253,-22.4429361,73.8505325,-9.50956737,-7.13341969,-21.149452,-5.55104586,-22.6000441,36.1917654,69.0920626,16.9278657,-2.90145091,19.0802615,-24.9754388,3.67092999,-9.30827742,48.4537615,-0.819744096,-11.0281916,-7.80061306,0.416595916,-8.17236147,21.9052704,-11.0110829,-5.26061213
245,-2.31283568,-9.1830641,105.413222,2.91625674,-3.49598347,1.07585631,1.01507582,3.96659266,6.7403534,0,0,-2.14470501,12.9406847,-22.7756773,73.7654693,-9.86567294,-7.10658003,-21.115926,-5.60609675,-22.5932925,36.1547082,69.0707456,16.6936022,-2.87677152,19.0596156,-25.3710058,3.53173778,-9.38635332,49.3587377,-1.0558735,-10.9964244,-7.80334257,0.366458619,-8.18174871,21.943318,-11.0148719,-5.26764722
246,-2.31306218,-9.21927691,105.430746,2.9609764,-3.51282652,1.10660125,0.96219703,4.01463963,6.76096691,0,0,-2.12941606,12.841711,-22.5853268,73.8063412,-9.77784268,-7.14961407,-21.1801998,-5.74598543,-22.6721419,36.3634422,69.0734708,16.8594511,-2.9316444,19.16471,-25.80259,3.39761336,-9.48203231,50.306184,-1.13732447,-11.0021191,-7.78109835,0.326414474,-8.20660206,21.9398551,-10.9736406,-5.26476616
247,-2.31524054,-9.25837234,105.439949,3.01842528,-3.53178577,1.14898211,0.939808843,4.02135882,6.77527402,0,0,-2.16155744,12.7870277,-22.5081849,73.869213,-9.7451312,-7.18960141,-21.2672454,-5.80500894,-22.7254464,36.2523799,69.0203183,16.5583969,-2.77688171,19.178758,-26.2476571,3.26012314,-9.55296639,51.2640053,-1.22791882,-10.9858573,-7.76407069,0.270307751,-8.23974726,21.9515535,-10.9916015,-5.30626084
248,-2.3139447,-9.29886773,105.462766,3.08387055,-3.5510932,1.17652571,0.947671672,3.97755426,6.78117701,0,0,-2.18152229,12.8231585,-22.6257615,73.877621,-9.84177752,-7.17213747,-21.2777195,-5.7979589,-22.6817759,36.1496641,68.9808945,16.5919672,-2.82574808,19.1606102,-26.6501772,3.12160136,-9.6207193,52.1731923,-1.29289056,-11.0436372,-7.73544366,0.206945701,-8.27925734,21.9425701,-10.9504257,-5.29134499
249,-2.31469311,-9.34670568,105.485713,3.16658148,-3.56237769,1.20070363,0.996554269,3.87221609,6.7895393,0,0,-2.1982776,12.8889665,-22.6953543,73.8668839,-9.8685493,-7.12647851,-21.2689444,-5.80011212,-22.6225086,36.0699797,68.904007,16.6395463,-2.83525656,19.0983735,-27.1348884,2.98438584,-9.61452347,53.1907709,-1.25529795,-10.9370274,-7.71838697,0.130462643,-8.28391383,21.9338309,-10.9238852,-5.32405476
250,-2.31670104,-9.38693136,105.492914,3.21426166,-3.60048977,1.21618511,1.03456139,3.85144122,6.82818408,0,0,-2.20486532,12.8822072,-22.6513405,73.8674099,-9.72815647,-7.12540489,-21.2748764,-5.82768004,-22.5995609,36.0093959,68.8930924,16.596523,-2.85035747,19.0401444,-27.511739,2.8893952,-9.63866733,54.135632,-1.4063891,-10.9275437,-7.66012887,0.0935553756,-8.29704913,21.911947,-10.9349049,-5.32308232
251,-2.32128091,-9.41790938,105.504453,3.25742656,-3.63094042,1.25541829,1.03945896,3.8432753,6.85600045,0,0,-2.20476585,12.8364108,-22.4793649,73.8860973,-9.45536128,-7.06435495,-21.3218476,-5.88580111,-22.5932327,36.1004936,68.8881815,16.6894477,-2.85310299,18.8571363,-27.8830281,2.79326861,-9.66777931,55.0386001,-1.57440716,-10.924605,-7.60288847,0.0554137249,-8.33994016,21.8697039,-10.9277195,-5.37577808
252,-2.32571941,-9.45520326,105.522215,3.31782501,-3.67038468,1.27898352,1.04042169,3.82603078,6.90266687,0,0,-2.233309,12.8164675,-22.5091223,73.8899085,-9.41437331,-7.02068058,-21.2940556,-5.94161614,-22.5971771,36.1306659,68.8876419,16.6307935,-2.83405231,18.8284359,-28.3100071,2.6842763,-9.72140739,56.0229601,-1.61146873,-10.990997,-7.53526704,0.00290141925,-8.35621394,21.8313763,-10.921242,-5.37162362
253,-2.32840981,-9.48845297,105.537963,3.38545906,-3.69374028,1.31132833,1.04051358,3.78018271,6.9228108,0,0,-2.26259152,12.8010688,-22.4782174,73.9423507,-9.35594446,-7.05831066,-21.3180876,-6.02635402,-22.5728924,36.1650491,68.9508963,16.5817254,-2.92046402,18.8999838,-28.7293432,2.54268541,-9.79171907,56.9999572,-1.68466274,-10.9971032,-7.49744999,-0.0629847162,-8.38137123,21.8106911,-10.9226584,-5.39387851
254,-2.32993606,-9.52237397,105.54961,3.433552,-3.72219526,1.35230683,0.999345255,3.76070173,6.94226148,0,0,-2.27629864,12.8018492,-22.5073516,73.9523091,-9.42981466,-7.03685106,-21.3274586,-6.10632871,-22.5811467,36.3033912,68.9812018,16.5576917,-2.93699543,18.9752132,-29.1543415,2.43209568,-9.85256495,57.9728698,-1.74417279,-11.154008,-7.43973916,-0.106313982,-8.41035429,21.7721791,-10.928353,-5.43899276
255,-2.33217888,-9.55042168,105.572319,3.47455885,-3.73460313,1.40396913,0.957402877,3.75440216,6.95966949,0,0,-2.28294868,12.7724196,-22.4900951,73.9419067,-9.40633418,-7.04845555,-21.2973221,-6.1617177,-22.5989923,36.3124412,68.9625486,16.2815334,-2.8524712,18.8876826,-29.5797666,2.32232643,-9.93985733,58.9121711,-1.82320096,-11.0492995,-7.44930996,-0.157154288,-8.42758259,21.8296193,-10.8879012,-5.36902943
256,-2.33072601,-9.57613885,105.596983,3.49708173,-3.77159569,1.45981944,0.936114031,3.7554523,6.98517555,0,0,-2.30413337,12.7839993,-22.5265274,73.9408686,-9.39221959,-7.04362703,-21.2637415,-6.16418255,-22.558199,36.2920428,68.9598233,16.3101092,-2.90029512,18.9163728,-29.9675472,2.23796185,-10.004027,59.8505776,-1.92327604,-11.0650396,-7.42599426,-0.186833568,-8.44561599,21.8919003,-10.8403239,-5.30663864
257,-2.3296671,-9.60589796,105.609584,3.54848179,-3.79057356,1.51593504,0.906610709,3.71377492,7.0026126,0,0,-2.33456101,12.7943018,-22.5299425,73.9624383,-9.33860005,-7.04472157,-21.2254805,-6.21905415,-22.5443012,36.4014966,68.9334178,16.3351556,-2.84894597,18.8693145,-30.3566972,2.10414201,-10.0956924,60.7628655,-1.9965501,-11.1622913,-7.3948964,-0.245012546,-8.51489033,21.8847047,-10.8459238,-5.30485766
258,-2.33037993,-9.63602662,105.625892,3.62322769,-3.79713077,1.58978573,0.843400136,3.67463793,7.0069455,0,0,-2.35151161,12.7686229,-22.4890792,73.9843974,-9.28691515,-7.08205282,-21.2154162,-6.24620714,-22.5427901,36.3612941,68.9105435,16.2231985,-2.77116143,18.9528682,-30.8121479,1.92522307,-10.2021511,61.7372671,-1.96435408,-11.2201259,-7.39606181,-0.338031532,-8.58460351,21.9075329,-10.8494618,-5.29457097
259,-2.32968722,-9.6566245,105.639255,3.65439558,-3.81946988,1.63608969,0.832452677,3.65298282,7.02149935,0,0,-2.37869299,12.7899826,-22.4805431,73.9967805,-9.20428438,-7.12601918,-21.258513,-6.24048558,-22.4906074,36.3283692,68.8965348,16.2981872,-2.80035771,18.9070599,-31.175473,1.83560245,-10.2775427,62.6232793,-2.12075261,-11.1547619,-7.36315481,-0.373693817,-8.63115211,21.903025,-10.8367474,-5.31267524
260,-2.32959837,-9.68359634,105.651903,3.70526389,-3.82771331,1.69744011,0.850251296,3.59186714,7.0235975,0,0,-2.41068539,12.7938954,-22.4507601,74.0166768,-9.0567079,-7.14669629,-21.2238293,-6.2349749,-22.4393878,36.3079162,68.8786534,16.3677782,-2.84481072,18.8105288,-31.5316912,1.70192487,-10.3593812,63.4798123,-2.30285441,-11.2242138,-7.34722851,-0.431787537,-8.69132351,21.8950815,-10.8444783,-5.34943489
261,-2.32880469,-9.70676243,105.670905,3.75945826,-3.83816711,1.76546423,0.834988118,3.54846705,7.02538018,0,0,-2.42346872,12.7996481,-22.4021923,73.9968078,-8.97460988,-7.13625635,-21.211967,-6.25153554,-22.4657745,36.2589335,68.8380479,15.9200423,-2.6860816,18.8444048,-31.8941421,1.54750006,-10.4709131,64.3278554,-2.37295841,-11.1835784,-7.34161666,-0.501531079,-8.75043794,21.9115337,-10.8295407,-5.36065433
262,-2.32481845,-9.72659066,105.693054,3.82074002,-3.85536972,1.80351998,0.868681548,3.47787384,7.03167847,0,0,-2.45781775,12.8104245,-22.3798166,74.0260205,-8.89095799,-7.16832281,-21.2101758,-6.2482562,-22.4224097,36.2264013,68.8255965,15.9743713,-2.70624773,19.0144851,-32.31328,1.40269482,-10.5125508,65.2608797,-2.333856,-10.9697619,-7.3163646,-0.573497901,-8.785791,21.9073468,-10.8026374,-5.36141248
263,-2.32302211,-9.73476768,105.706036,3.85238633,-3.86492338,1.8580667,0.826702085,3.48374973,7.03098307,0,0,-2.46002625,12.7823097,-22.3405447,74.0048538,-8.93518773,-7.12027456,-21.2230643,-6.26057316,-22.4307408,36.2588379,68.7846973,15.9840702,-2.65798711,19.1081611,-32.6051409,1.30057602,-10.5512404,66.0019758,-2.61936645,-10.8431644,-7.29310609,-0.61793938,-8.8409943,21.8931913,-10.7811949,-5.3336213
264,-2.31931359,-9.75070819,105.716193,3.90738538,-3.87039133,1.89599251,0.890811361,3.37932488,7.01968722,0,0,-2.47629896,12.8391027,-22.3807284,73.9821571,-8.99609082,-7.08774835,-21.1458456,-6.27511165,-22.382045,36.318141,68.788488,15.9672372,-2.70583984,19.1628231,-32.8536197,1.16446177,-10.5961446,66.6816615,-2.85683548,-10.7684131,-7.28286081,-0.68345066,-8.85857435,21.8965107,-10.7846612,-5.33826583
265,-2.31041126,-9.75510553,105.722821,3.97689144,-3.87731082,1.92975226,0.92699114,3.29960142,7.01090146,0,0,-2.51059099,12.878425,-22.441775,73.9860366,-9.13572465,-7.04923632,-21.0798284,-6.29514972,-22.3723461,36.3901038,68.7868215,15.785257,-2.67739061,19.0886644,-33.1402486,1.00639476,-10.6096189,67.3913933,-3.0524284,-10.4694915,-7.25249379,-0.775552132,-8.88680096,21.8726785,-10.7994827,-5.3217325
266,-2.30425838,-9.76422951,105.731666,4.03409859,-3.8656978,1.97168243,0.973919342,3.22700334,6.98928519,0,0,-2.53925985,12.9472921,-22.5431128,73.9617758,-9.26166992,-7.03785851,-21.0548009,-6.29214785,-22.35768,36.3852032,68.7551226,15.6483834,-2.60333493,18.9834726,-33.4103348,0.867894956,-10.6439346,68.0276938,-3.15192227,-10.3746988,-7.25917969,-0.850955873,-8.90487706,21.8709026,-10.8224296,-5.32645387
267,-2.29623914,-9.76771712,105.739927,4.09965979,-3.86771797,2.00190647,1.00546019,3.16662255,6.97898826,0,0,-2.56598084,12.961002,-22.5562626,73.9713312,-9.3410094,-7.02747278,-21.0024185,-6.26229693,-22.3499824,36.3107883,68.702817,15.6584955,-2.58749935,19.0097142,-33.6713573,0.709243695,-10.6639445,68.655675,-3.17535046,-10.2736282,-7.24231254,-0.939484943,-8.93051076,21.8586851,-10.8448062,-5.27844191
268,-2.28550155,-9.76114497,105.747139,4.12572087,-3.86661408,2.02010591,1.06409331,3.15269899,6.95932841,0,0,-2.56357298,12.9937758,-22.6580017,73.900065,-9.41010359,-6.96799976,-20.9169267,-6.21565699,-22.303158,36.3012772,68.6934664,15.9021403,-2.65708809,18.9406473,-33.8215531,0.634022662,-10.6240929,69.1288637,-3.4773381,-10.0890338,-7.22759946,-0.981388154,-8.94561316,21.8444596,-10.8640596,-5.28348259
269,-2.27656122,-9.7619161,105.765808,4.18481648,-3.8614769,2.03094727,1.11436799,3.08704124,6.93528529,0,0,-2.57283963,13.0593149,-22.7187238,73.8592888,-9.46686929,-6.96271789,-20.9884644,-6.19001774,-22.2742048,36.3478011,68.6667263,15.9800147,-2.6316102,18.8720808,-34.0559652,0.495500822,-10.612724,69.6497749,-3.3629954,-10.1353766,-7.21464259,-1.05886374,-8.95216161,21.8215972,-10.8543129,-5.26814796
270,-2.26855669,-9.74395871,105.769384,4.2342823,-3.84848716,2.03168312,1.13371375,3.07945354,6.90904925,0,0,-2.58552521,13.0616457,-22.7832656,73.8582506,-9.59757009,-7.01283312,-21.0591551,-6.18282128,-22.303759,36.4159083,68.6438383,15.8677042,-2.64042243,18.7901578,-34.1284643,0.391976072,-10.5209698,69.9527143,-3.60706858,-10.0205714,-7.21998124,-1.13382357,-8.95116184,21.8146338,-10.8731147,-5.20306309
271,-2.25660931,-9.7383149,105.784583,4.29506735,-3.84023187,2.02381165,1.21072307,2.99036696,6.88842806,0,0,-2.61649094,13.1473867,-22.9712085,73.8357451,-9.71907403,-6.99266656,-21.0561157,-6.170728,-22.2604266,36.427506,68.6392143,15.8102043,-2.65437309,18.6561085,-34.2732062,0.252116423,-10.4897191,70.3164697,-3.5467309,-10.016475,-7.20499836,-1.21254619,-8.94594784,21.7778464,-10.8682653,-5.18013371
272,-2.23921183,-9.71753374,105.799305,4.33883994,-3.82570391,2.028449,1.23902161,2.98056926,6.84906824,0,0,-2.61162827,13.1286601,-22.9316686,73.8397408,-9.65768087,-7.03143301,-21.154158,-6.16766039,-22.2725895,36.5203487,68.6745673,15.9447351,-2.7338767,18.6298601,-34.3460536,0.145802034,-10.3930882,70.5400559,-3.65126076,-9.89352987,-7.18955104,-1.28154871,-8.9570802,21.736715,-10.8739267,-5.17303074
273,-2.22363081,-9.69045311,105.817175,4.37862736,-3.82222805,2.04314404,1.21554433,2.97569293,6.83257931,0,0,-2.61026202,13.1089447,-22.9456466,73.8173309,-9.76319107,-7.01586061,-21.1121096,-6.18558879,-22.2837756,36.6172725,68.7007543,16.1840462,-2.88371078,18.6699055,-34.3844803,0.00840956953,-10.3417909,70.7055855,-3.66602677,-9.85758514,-7.18205576,-1.35802442,-8.9546495,21.7384704,-10.8649253,-5.12147605
274,-2.20450871,-9.66493562,105.82186,4.40366423,-3.80481036,2.07864424,1.20957709,2.95355736,6.77980286,0,0,-2.57899918,13.1102194,-22.9228645,73.7914718,-9.72500434,-7.00259168,-21.069327,-6.18742013,-22.2882613,36.6748169,68.7153367,16.171984,-2.8828442,18.7034109,-34.4112409,-0.142932327,-10.3379267,70.7973355,-3.69500299,-9.87101415,-7.15999168,-1.41128581,-8.99084097,21.6893511,-10.8828281,-5.06104723
275,-2.18196902,-9.63751972,105.83154,4.41365824,-3.7880885,2.09719769,1.22716856,2.94795297,6.73358169,0,0,-2.56217343,13.1008996,-22.9436573,73.7782076,-9.72288357,-6.99767138,-20.9756868,-6.14657475,-22.2941729,36.6311173,68.7005289,16.0731461,-2.86371775,18.691704,-34.3815228,-0.249612171,-10.3018343,70.7751988,-3.71538727,-9.85770809,-7.14476506,-1.44394564,-9.00218676,21.6532279,-10.867876,-5.05258932
276,-2.15578806,-9.60703939,105.842316,4.41706396,-3.76647713,2.11151723,1.26027257,2.95724374,6.67967016,0,0,-2.55076531,13.1116683,-23.037405,73.7633998,-9.83434713,-6.97097687,-20.9897058,-6.10225536,-22.283931,36.5196076,68.7023184,15.8180983,-2.72392811,18.7553118,-34.3378574,-0.360404643,-10.2828242,70.6947733,-3.72825961,-9.9504945,-7.13880358,-1.47172754,-8.99498006,21.6230163,-10.8541132,-5.05522706
277,-2.13122014,-9.56760123,105.846655,4.40902673,-3.74123998,2.13027024,1.23238693,3.01147416,6.62695177,0,0,-2.5194856,13.0654586,-23.0423928,73.7448285,-9.94087418,-6.92025247,-20.9128013,-6.09525612,-22.3187189,36.5347468,68.7145376,15.7236812,-2.66740018,18.7875828,-34.2496796,-0.44541075,-10.2541502,70.4961856,-3.71873662,-10.0509282,-7.13525317,-1.48781328,-9.00342901,21.5883428,-10.8455276,-5.01119539
278,-2.1083666,-9.53576937,105.849791,4.39380792,-3.71839265,2.13106626,1.26512104,3.04963144,6.58792663,0,0,-2.53543986,13.0210052,-23.0181644,73.7998525,-9.89679811,-6.95872607,-20.9191021,-6.07985234,-22.3456913,36.5819126,68.7251722,15.7632758,-2.74689803,18.6775023,-34.1323507,-0.48393966,-10.2094142,70.213648,-3.72259525,-10.2255257,-7.13364551,-1.48750731,-8.9758137,21.5614729,-10.8464104,-4.99396325
279,-2.08348352,-9.49433297,105.863631,4.39676985,-3.69350901,2.1324525,1.28153697,3.05881676,6.55230548,0,0,-2.5098196,12.969515,-22.9223983,73.798705,-9.8639321,-6.94522663,-20.8745471,-6.07474677,-22.3554858,36.5610054,68.7305339,15.7091243,-2.72687747,18.6947229,-34.0124877,-0.579987434,-10.1920347,69.8839001,-3.634438,-10.2029852,-7.12760549,-1.51547853,-8.95247494,21.521185,-10.8275625,-4.98166763
280,-2.05609854,-9.4504118,105.874217,4.37400946,-3.66631643,2.13723191,1.28822384,3.10462065,6.5043328,0,0,-2.52473183,12.8996857,-22.8003121,73.894997,-9.72767324,-7.022024,-20.895847,-6.04553917,-22.3808924,36.545296,68.7108493,15.6242831,-2.70808996,18.6598514,-33.8202008,-0.6117587,-10.1528781,69.4243308,-3.62875614,-10.2749882,-7.12324313,-1.51526423,-8.9513693,21.4828574,-10.7983865,-4.95430802
281,-2.02171057,-9.41629633,105.877495,4.35358417,-3.63195931,2.14046198,1.36245476,3.09468017,6.44753081,0,0,-2.52201235,12.8764844,-22.7612776,73.9415994,-9.62931595,-7.05603023,-20.8031921,-5.97080367,-22.34014,36.3657269,68.6990126,15.4612909,-2.67128464,18.7120904,-33.5764928,-0.60658179,-10.0888092,68.8152624,-3.64211086,-10.229378,-7.11836894,-1.50509526,-8.93896226,21.434264,-10.7773683,-4.9291106
282,-1.98809542,-9.37113985,105.889153,4.31323336,-3.60333353,2.15506374,1.38555264,3.13451127,6.39254523,0,0,-2.47541381,12.8578081,-22.7057857,73.8963152,-9.55384321,-7.03452239,-20.8658864,-5.9475759,-22.3673601,36.3328839,68.6880774,15.3288177,-2.52862183,18.6606642,-33.3384095,-0.573427091,-10.0509751,68.1891321,-3.58614472,-10.3594137,-7.11102179,-1.48437716,-8.95238956,21.395904,-10.7227994,-4.91434843
283,-1.95416771,-9.31992754,105.897164,4.26886542,-3.5821947,2.15599099,1.39076056,3.17656752,6.34300159,0,0,-2.47655274,12.8310815,-22.6942119,73.9510455,-9.53653722,-7.0355196,-20.9001535,-5.92997579,-22.388491,36.3191826,68.6627852,15.1372804,-2.34859683,18.5637233,-33.0529998,-0.537238881,-10.0167277,67.4797555,-3.53190512,-10.3257237,-7.11373892,-1.46130809,-8.94167812,21.3943091,-10.683098,-4.8895113
284,-1.9166315,-9.27003622,105.910623,4.24582297,-3.55614726,2.16586018,1.3999414,3.20323386,6.28463763,0,0,-2.43648728,12.7766492,-22.5896264,73.9480949,-9.45039573,-7.0055086,-20.9679824,-5.92343161,-22.4259989,36.3749477,68.6608455,15.1740302,-2.31756643,18.5648571,-32.8299429,-0.529113251,-9.96671022,66.7820653,-3.33926668,-10.1404882,-7.09863738,-1.46197574,-8.93468998,21.3508776,-10.6568377,-4.86591598
285,-1.87911931,-9.22126174,105.914295,4.17750602,-3.52628764,2.17019497,1.42555375,3.24918118,6.21597502,0,0,-2.40568035,12.7637009,-22.5679234,73.9294417,-9.41961207,-6.92296107,-20.9848307,-5.88822626,-22.4070913,36.3408172,68.689703,15.2367518,-2.39978462,18.6285196,-32.4268729,-0.409921727,-9.90945445,65.8270614,-3.34726931,-10.225098,-7.10170456,-1.40624374,-8.9342981,21.3321698,-10.6271537,-4.86712194
286,-1.84191931,-9.16914195,105.912197,4.10808079,-3.50020833,2.16007644,1.46317444,3.29571355,6.15906844,0,0,-2.41002691,12.7556395,-22.5830643,73.9777994,-9.33598067,-6.93218609,-21.0246832,-5.88743481,-22.4086708,36.3593031,68.7211424,15.2590251,-2.4966653,18.7061618,-32.0118979,-0.269091737,-9.84526348,64.833747,-3.33466932,-10.233208,-7.11837833,-1.3523893,-8.91837778,21.3468291,-10.6291361,-4.81450899
287,-1.80676281,-9.10441726,105.899072,4.04026214,-3.46422242,2.15435832,1.41515874,3.39304609,6.08772925,0,0,-2.37125321,12.7160987,-22.6579385,73.9667072,-9.43743972,-6.92407268,-21.0096841,-5.89423511,-22.4884593,36.4749997,68.7150703,15.2901161,-2.52399011,18.7187635,-31.5868928,-0.161035423,-9.82267434,63.7950324,-3.29248074,-10.3036827,-7.13185942,-1.30764932,-8.89866586,21.3383767,-10.6508314,-4.77441066
288,-1.76766086,-9.04505104,105.881596,3.96132701,-3.41749563,2.16048335,1.38618988,3.51063164,5.99459407,0,0,-2.34045461,12.6703134,-22.8180467,73.9612977,-9.61756803,-6.95540532,-20.900372,-5.89053785,-22.5727199,36.4923586,68.732057,15.2148047,-2.5139809,18.7415695,-31.1408166,-0.0316288385,-9.82486939,62.6707081,-3.20922158,-10.3844335,-7.14616952,-1.2441276,-8.87746922,21.314956,-10.6815501,-4.77600508
289,-1.73561983,-8.9862749,105.862486,3.87474776,-3.37688886,2.16921895,1.37730146,3.60873301,5.92458506,0,0,-2.28887515,12.6112698,-22.7564401,73.9544606,-9.55188295,-6.99347808,-20.8950428,-5.88368034,-22.6311317,36.4741801,68.7462501,15.1173875,-2.48288177,18.7667439,-30.6474106,0.0913735037,-9.89041957,61.45085,-3.09139527,-10.5958031,-7.16781993,-1.17404719,-8.86768839,21.3129633,-10.7064163,-4.75131864
290,-1.70506854,-8.92007127,105.8411,3.77875275,-3.34728402,2.19141776,1.34250292,3.71302018,5.8797692,0,0,-2.2602923,12.5121228,-22.6365276,73.9896429,-9.47487001,-7.042296,-20.7874775,-5.85506099,-22.6700399,36.3918046,68.7130964,15.0601061,-2.42444352,18.7267719,-30.1606879,0.213153102,-9.94584314,60.2468925,-2.99237823,-10.6084347,-7.14626002,-1.09417763,-8.8802474,21.2592199,-10.738881,-4.75203496
291,-1.66495498,-8.85953158,105.82794,3.704143,-3.30549917,2.21245379,1.33576953,3.76743886,5.77362849,0,0,-2.1915552,12.5056452,-22.6293098,73.9679776,-9.46773502,-7.0457794,-20.7717971,-5.8129136,-22.6944783,36.4112638,68.7267226,15.1365598,-2.4659604,18.7219054,-29.6688664,0.327526994,-9.96333269,58.9853497,-2.83817561,-10.6978623,-7.16265546,-1.04405034,-8.86505279,21.2567815,-10.7664221,-4.7050027
292,-1.6230002,-8.81184489,105.784035,3.63992075,-3.27002909,2.22345039,1.3605613,3.73697493,5.70856368,0,0,-2.19032705,12.6261007,-22.9272751,73.9279868,-9.821059,-6.97616867,-20.7100027,-5.76715816,-22.6020454,36.3754292,68.7437435,15.3241066,-2.57268317,18.6791996,-29.1775197,0.44200422,-10.0334156,57.7473916,-2.64689574,-10.7913113,-7.1186716,-0.983130812,-8.92067785,21.1407196,-10.8680237,-4.78681471
293,-1.5802782,-8.7555021,105.766964,3.58524729,-3.24978903,2.23297711,1.354593,3.69535731,5.66403383,0,0,-2.15608816,12.7072374,-23.0369662,73.851639,-9.96308339,-6.85609394,-20.6447249,-5.74613655,-22.5356252,36.3961451,68.7525681,15.5403059,-2.61970988,18.6773828,-28.6161635,0.53009397,-10.0937125,56.4317025,-2.45176342,-10.8146808,-7.10275299,-0.953527278,-8.94812838,21.1239036,-10.9216134,-4.79756244
294,-1.53552052,-8.66698995,105.74373,3.47811193,-3.19821055,2.23419885,1.29297573,3.85123418,5.56195239,0,0,-2.12414678,12.6488282,-23.1747157,73.8432173,-10.1033097,-6.81205032,-20.636778,-5.73011079,-22.6420225,36.4551068,68.7503961,15.5525405,-2.57156217,18.6294485,-28.0340999,0.670024322,-10.184262,55.0150188,-2.31433105,-10.828149,-7.15258136,-0.879775056,-8.95402539,21.1633309,-10.9373621,-4.75345478
295,-1.50485691,-8.58634934,105.714965,3.35553732,-3.17765242,2.22525804,1.28203963,3.97298657,5.53673576,0,0,-2.15831224,12.6250566,-23.3500979,73.8809336,-10.2122239,-6.87282791,-20.5613897,-5.75942212,-22.7142824,36.4743986,68.7606414,15.4878672,-2.5307742,18.5855851,-27.4540307,0.868973058,-10.2351298,53.6339853,-2.13063931,-10.8299292,-7.16400442,-0.778662056,-8.94081581,21.1874705,-10.966842,-4.7603187
296,-1.47094252,-8.49508122,105.686903,3.22175405,-3.18336021,2.18058759,1.3139506,4.08474938,5.52009016,0,0,-2.13049929,12.6320225,-23.4196173,73.8617886,-10.3606294,-6.83440425,-20.4875212,-5.775091,-22.7298194,36.5075899,68.8089376,15.4574643,-2.50936988,18.5145289,-26.811841,1.07475353,-10.2544738,52.2446258,-2.00783763,-10.7623009,-7.16508615,-0.669742737,-8.89727933,21.2516589,-10.9968317,-4.73828152
297,-1.42368535,-8.40670913,105.652797,3.09774865,-3.17313026,2.16977221,1.32523759,4.12420824,5.47752229,0,0,-2.11069707,12.6568869,-23.2572791,73.8945599,-10.1638884,-6.92118991,-20.6366857,-5.7654916,-22.6739211,36.4494787,68.8802038,15.2470706,-2.50941385,18.4592266,-26.1292455,1.24785827,-10.3772029,50.7698514,-1.9829068,-10.7509457,-7.17600677,-0.578353792,-8.89030741,21.3233998,-11.0477345,-4.65185359
298,-1.3677218,-8.32575113,105.629241,2.99202083,-3.13511792,2.11470652,1.38892313,4.16279283,5.37122789,0,0,-2.07019704,12.6212325,-23.1892504,73.9441744,-10.1117006,-6.93086872,-20.5906093,-5.67973857,-22.6265504,36.3121236,68.9137947,15.1329586,-2.67192241,18.4264126,-25.5047443,1.45806812,-10.3486518,49.3309525,-1.85807612,-10.711848,-7.21569785,-0.492789024,-8.82867008,21.3785382,-11.0781468,-4.63577874
299,-1.3145702,-8.22075531,105.60447,2.87189463,-3.11425087,2.07495546,1.37635537,4.35275661,5.29891156,0,0,-1.99178199,12.473586,-23.136535,73.9460322,-10.0822992,-6.9432352,-20.5437849,-5.61118567,-22.7100819,36.3133154,68.8867266,15.2005109,-2.66292534,18.335455,-24.8565149,1.65371121,-10.3083162,47.8873169,-1.76815807,-10.6660601,-7.20702437,-0.40573909,-8.80148934,21.3835943,-11.0966882,-4.57891784
300,-1.27786538,-8.12802389,105.574632,2.74477953,-3.1112556,2.01692894,1.40671022,4.47292013,5.30702454,0,0,-1.9597294,12.3368823,-22.9503133,73.9554169,-9.80316134,-7.03481267,-20.3506477,-5.65282037,-22.7497226,36.3518377,68.8931129,15.2669464,-2.60846141,18.3081172,-24.1415239,1.89957742,-10.2174413,46.3860037,-1.7731709,-10.6595373,-7.21783229,-0.306892085,-8.76458668,21.4464474,-11.1285237,-4.54759929
301,-1.23762833,-8.03706199,105.549634,2.65612194,-3.10633222,1.96995776,1.38880147,4.48991194,5.28903382,0,0,-1.93906829,12.3865626,-22.9866157,73.9459639,-9.96075856,-7.04307549,-20.3644839,-5.74746545,-22.7570787,36.6950513,68.9794055,15.6307667,-2.63798191,18.2250979,-23.4623726,2.0697121,-10.1265486,44.9274407,-1.54825405,-10.5438228,-7.22697193,-0.255698804,-8.72828423,21.5064898,-11.180562,-4.47026276
302,-1.16992285,-7.93256611,105.516791,2.52731735,-3.01940655,1.92934909,1.42230771,4.5760577,5.11359444,0,0,-1.86718418,12.3780223,-23.062004,73.9410666,-10.063605,-6.97086332,-20.2170645,-5.64044748,-22.733296,36.6036429,69.0068765,15.4823842,-2.60414665,18.1351785,-22.8509135,2.29856676,-10.0407495,43.4664462,-1.57308275,-10.6051519,-7.32063346,-0.162542881,-8.68885952,21.5700584,-11.2431881,-4.44649755
303,-1.1216498,-7.81921148,105.480874,2.38317743,-2.98356678,1.88135441,1.45747902,4.77171017,5.01335714,0,0,-1.80364677,12.2201407,-23.0144044,73.9573157,-9.99996129,-6.9903793,-19.9863066,-5.56331373,-22.8159515,36.508915,69.0434931,15.3120325,-2.63168256,18.0559056,-22.1855507,2.56318601,-9.85278864,42.0240878,-1.58174663,-10.6648657,-7.35083485,-0.0518508208,-8.65524474,21.6067212,-11.2932849,-4.39931161
304,-1.09303491,-7.71082267,105.438638,2.26111054,-2.96674634,1.80441517,1.4390882,4.83598481,5.0351621,0,0,-1.79891559,12.2828154,-23.2637455,73.8607163,-10.4293266,-6.94800908,-19.7353091,-5.63388794,-22.7927016,36.4850401,69.0750213,15.0888953,-2.59180599,17.9653066,-21.5591369,2.79599855,-9.63231867,40.686245,-1.53510177,-10.7731609,-7.35779311,0.0406789325,-8.60324566,21.6074281,-11.3501275,-4.39954683
305,-1.04661519,-7.60504901,105.395985,2.11582372,-2.93833988,1.75412148,1.41089489,4.94033516,4.98022945,0,0,-1.82853748,12.2261949,-23.2503242,73.988516,-10.4619766,-7.03568267,-19.7067162,-5.67483194,-22.8815384,36.7515677,69.0374211,15.2747311,-2.48455025,17.8481586,-20.9427943,3.04731515,-9.44807944,39.3827581,-1.64640451,-10.7956305,-7.3774282,0.15803601,-8.5714776,21.6441677,-11.4235358,-4.38374646
306,-0.992087554,-7.4925065,105.367804,1.99421871,-2.86892329,1.70910994,1.43564034,5.09782951,4.82762125,0,0,-1.71836557,12.1148252,-23.2000045,73.9475007,-10.467714,-7.00714144,-19.6443924,-5.58606851,-22.9546761,36.7188135,69.0240954,15.3263605,-2.41786541,17.8674129,-20.3780231,3.24928619,-9.27068235,38.1104338,-1.75490025,-10.8444595,-7.44548762,0.239456507,-8.50652591,21.6859275,-11.4625481,-4.30134706
307,-0.955673028,-7.39233196,105.336404,1.87308468,-2.78914435,1.71109958,1.36184613,5.11460701,4.7303585,0,0,-1.67725999,12.175613,-22.9301591,73.9141557,-10.1229824,-6.98838233,-19.8845641,-5.49976608,-22.863061,36.5796962,68.9950671,15.1630797,-2.53409837,17.9544363,-19.8307285,3.4421336,-9.06520124,36.8312726,-1.84893306,-10.9271629,-7.52987631,0.32367386,-8.48617366,21.720326,-11.5193095,-4.25594167
308,-0.917505659,-7.27081671,105.29604,1.72289968,-2.7412383,1.66591523,1.32797693,5.20112459,4.71144443,0,0,-1.73702393,12.190344,-22.8626956,73.986624,-10.1066924,-6.99326634,-19.8594649,-5.60810611,-22.91871,36.6738606,69.0048616,15.0329066,-2.47190565,17.9640857,-19.2778503,3.66978423,-8.80151666,35.6799827,-2.07208111,-10.965844,-7.58508131,0.434497521,-8.44697691,21.7701693,-11.5846412,-4.24113169
309,-0.859735254,-7.15612471,105.276167,1.61123048,-2.67400202,1.65370122,1.32733179,5.30972972,4.56603055,0,0,-1.71706975,12.1574396,-22.969571,74.0254605,-10.149656,-7.04400397,-19.7038339,-5.5395959,-22.9688385,36.6609345,69.0444357,15.0593428,-2.54508216,17.9785844,-18.7947818,3.83665386,-8.55372337,34.6320371,-2.15080074,-11.0289651,-7.61809162,0.498781448,-8.42169582,21.758237,-11.5927938,-4.14127091
310,-0.825138763,-7.05185607,105.243313,1.49702544,-2.62633687,1.64985155,1.23613788,5.31790845,4.50203808,0,0,-1.63460034,12.2471584,-22.975918,73.9194286,-10.1974955,-6.99660246,-19.8792553,-5.49008599,-22.9250177,36.5369597,69.0188635,14.811617,-2.58900924,18.2851558,-18.2564536,4.01518988,-8.26958067,33.5157041,-2.19644327,-11.0271995,-7.6687204,0.569706452,-8.38812629,21.7929992,-11.6401245,-4.11920043
311,-0.790109299,-6.9426313,105.2212,1.39045628,-2.54517104,1.67335385,1.16535962,5.36217576,4.44149785,0,0,-1.67046876,12.2965859,-23.0575285,73.8434359,-10.3071969,-6.89676388,-19.7659049,-5.53297403,-22.9018411,36.5283093,69.0264382,15.091723,-2.58457005,18.2150268,-17.8058865,4.14823215,-8.04146602,32.4931872,-2.20147178,-11.1236333,-7.74624646,0.624422884,-8.37468448,21.8091492,-11.6434209,-4.03091853
312,-0.741217332,-6.83474839,105.210328,1.29925326,-2.49270647,1.69242479,1.13392602,5.41559509,4.33644655,0,0,-1.72915107,12.2903551,-23.0998193,74.0158162,-10.2960807,-6.95708341,-19.9724157,-5.39680781,-22.8967373,36.3474561,68.9722679,15.1037578,-2.57019976,18.1153641,-17.3576912,4.25964918,-7.78035642,31.5920155,-2.17698961,-10.9171917,-7.74884876,0.665269123,-8.37052831,21.7648947,-11.6613186,-3.9574846
313,-0.710748788,-6.71877787,105.195785,1.1825631,-2.43070984,1.7141572,1.0672399,5.38959598,4.27601688,0,0,-1.71194882,12.3236275,-22.951973,74.0001888,-10.0590211,-7.03241485,-19.8477818,-5.44260678,-22.8281639,36.4362144,69.0167939,15.2887552,-2.61834021,18.1442626,-16.9706295,4.39123577,-7.55351816,30.8336971,-2.46811895,-10.9801788,-7.78380823,0.728785827,-8.35812895,21.7387573,-11.6588759,-3.89159676
314,-0.660243584,-6.55512288,105.149937,0.960668799,-2.33124903,1.70412092,0.997011784,5.71868901,4.13105849,0,0,-1.69092571,12.2022508,-22.9222088,73.9859205,-10.0181142,-6.93549532,-20.0149353,-5.37236512,-23.0421127,36.4175475,68.9225032,15.2369721,-2.54363054,18.1556417,-16.5362858,4.65474745,-7.19781813,30.0233259,-3.45669663,-10.8126163,-7.8490519,0.902542798,-8.33249696,21.7088991,-11.6636212,-3.81272173
315,-0.623377599,-6.46006539,105.154026,0.919706599,-2.24450993,1.77109795,0.91025707,5.5588152,4.03760144,0,0,-1.69361734,12.4133207,-23.0900931,73.9408412,-10.1914234,-6.9870419,-19.9900786,-5.32181404,-22.8811627,36.2831909,68.9427479,15.1378627,-2.62812531,18.1045792,-16.2101648,4.66368347,-7.01638226,29.3466591,-3.64737737,-10.5423765,-7.8912471,0.881618727,-8.36431711,21.6496916,-11.6675383,-3.80053283
316,-0.578638259,-6.30926937,105.126154,0.746770772,-2.19438897,1.84163695,0.810260539,5.75941316,3.96359378,0,0,-1.74392904,12.3250328,-23.4016795,73.9480744,-10.5430032,-7.02887382,-19.7798966,-5.29563136,-22.9862503,36.293484,68.9343809,15.2532331,-2.56267204,18.0309054,-15.7716974,4.80879298,-6.87741481,28.6276382,-4.39193458,-10.3614183,-7.88395161,0.987004277,-8.44482284,21.6129042,-11.6663627,-3.678964
317,-0.531168142,-6.18917309,105.127358,0.665117279,-2.11062313,1.88420159,0.693593437,5.79189199,3.84774822,0,0,-1.69273688,12.2602843,-23.0346969,73.9465513,-10.1778621,-6.89051425,-19.9617469,-5.23912264,-22.9899984,36.2037011,68.9579655,14.9272504,-2.5894404,18.1918998,-15.4169425,4.86826301,-6.67927614,27.9333888,-4.73876732,-10.0762238,-7.92670262,1.00555187,-8.44410908,21.5722697,-11.6535902,-3.61253871
318,-0.506910589,-6.0514167,105.110729,0.565358063,-2.05956368,1.95770094,0.635963609,5.82736927,3.81494538,0,0,-1.76887834,12.2578084,-22.9809125,74.0190674,-10.0377357,-7.06329456,-20.1406911,-5.24921766,-23.0185401,36.3211019,68.9236985,15.3425378,-2.54343652,18.0427609,-15.0907224,4.91377811,-6.50311105,27.365964,-5.30838973,-9.79536212,-7.96144096,1.02155329,-8.48171867,21.5767196,-11.6659844,-3.50766521
319,-0.461783865,-5.91670014,105.098414,0.470888117,-1.96345637,1.96916924,0.554056514,5.88057089,3.68965752,0,0,-1.76155488,12.2148192,-22.8392459,74.0149283,-9.92882316,-7.13572829,-20.0829896,-5.17037039,-23.0102311,36.1750348,68.9605815,14.8775402,-2.57531386,18.0177197,-14.784969,4.97145906,-6.33219709,26.738104,-5.75808127,-9.55185563,-8.05484209,1.04557795,-8.43912561,21.5962693,-11.6766831,-3.40521792
320,-0.432489906,-5.80540374,105.114031,0.476428977,-1.88979651,2.05303473,0.492930323,5.786821,3.61688996,0,0,-1.75615401,12.3403154,-23.3861357,73.8028714,-10.4751956,-6.86914772,-19.9098051,-5.16671581,-23.020794,36.3028721,68.9629857,15.3680025,-2.55417144,18.0219237,-14.5462197,4.89211488,-6.19697514,26.2157738,-5.91507445,-9.28169006,-8.11260841,0.947114371,-8.43906243,21.589463,-11.6759557,-3.34691158
321,-0.40875948,-5.69301732,105.120659,0.464309077,-1.81443512,2.08201873,0.481674919,5.69594021,3.57551246,0,0,-1.83388381,12.2668609,-23.1123971,73.8941842,-10.0763518,-6.99335897,-19.8225682,-5.15391433,-22.9660757,36.1412493,69.0310554,14.7645655,-2.59147302,17.9037853,-14.3077855,4.84359066,-5.99470933,25.6886983,-6.03661553,-8.96695323,-8.16689732,0.888815985,-8.40211025,21.548347,-11.6520509,-3.24327435
322,-0.362140103,-5.54825254,105.133045,0.42740945,-1.72516176,2.17332953,0.361932898,5.75063124,3.44365758,0,0,-1.83492861,12.2607394,-23.446518,73.8307727,-10.5879398,-6.9285789,-19.7536277,-5.0634331,-23.1007619,36.3219761,68.9015413,15.2271896,-2.49474879,17.9826382,-14.1376019,4.77773483,-5.8532702,25.2532191,-6.18069709,-8.63128444,-8.22635497,0.8202419,-8.41898765,21.5348181,-11.6382488,-3.18211278
323,-0.342468987,-5.45617342,105.143464,0.446490805,-1.66129635,2.20365199,0.384143286,5.53314777,3.4231589,0,0,-1.85236907,12.4479327,-23.4935404,73.6225749,-10.4162579,-6.82828355,-19.788757,-5.06248072,-22.9352254,36.1484313,68.9722953,14.8634035,-2.42319082,17.8709424,-13.9213599,4.69809141,-5.65022874,24.7713834,-6.23549698,-8.33949108,-8.28913465,0.728842923,-8.36922887,21.5360953,-11.6373199,-3.12625997
324,-0.311536761,-5.31051755,105.164099,0.451735856,-1.58498265,2.26724972,0.250692515,5.58796346,3.32184244,0,0,-1.81106585,12.3101626,-23.1846229,73.6405998,-10.1962541,-6.92510575,-19.9395608,-5.04766774,-23.1217886,36.2886106,68.9618177,14.7227101,-2.38267777,17.8252313,-13.7619834,4.58575016,-5.53684589,24.3598919,-6.25807886,-8.09234153,-8.33151256,0.611954427,-8.38341005,21.4921618,-11.6109519,-3.00480875
325,-0.284223096,-5.21790907,105.185723,0.501918577,-1.52688032,2.28390881,0.325254595,5.29211253,3.30480282,0,0,-1.94154168,12.4058775,-23.1186877,73.7504156,-10.0302831,-7.07106305,-20.0150292,-4.69910526,-23.0639267,35.434738,68.400868,13.658337,-1.80822855,17.7333175,-13.5737178,4.47075027,-5.30534602,23.9472614,-6.26073965,-7.79965,-8.38360812,0.483466509,-8.3140435,21.4870682,-11.6148998,-2.95676328
326,-0.263686338,-5.0911814,105.213821,0.531677348,-1.49688242,2.27317544,0.268996275,5.23559784,3.28541,0,0,-1.92257296,12.4172472,-23.2151214,73.6090033,-10.2250391,-6.98230474,-19.8338312,-4.3018986,-23.2365529,34.4867726,67.7424992,12.8718262,-1.32552926,18.1173039,-13.3224667,4.36915633,-5.05683172,23.497951,-6.28000591,-7.55090902,-8.39511528,0.36001735,-8.23644828,21.4606849,-11.5686005,-2.83732355
327,-0.236527831,-4.96619642,105.229127,0.526513746,-1.42479203,2.310448,0.299064529,5.06794871,3.22558992,0,0,-1.9463433,12.4900271,-23.0130605,73.5568002,-9.90692558,-6.94674934,-20.0019955,-4.25837877,-23.0729698,34.511491,67.8171668,12.9097115,-1.39053804,17.8835902,-13.1829208,4.28696866,-4.92266418,23.1437784,-6.32256055,-7.38123603,-8.4264317,0.276408444,-8.23762137,21.3921371,-11.5314681,-2.7645022
328,-0.212794612,-4.83587347,105.239642,0.513741746,-1.37873977,2.32564722,0.294552388,4.95829557,3.1879052,0,0,-1.98662797,12.6167058,-23.3373972,73.4718326,-10.2920552,-6.938799,-19.8930079,-3.80049868,-23.1002445,33.445179,67.1697059,12.0877606,-0.861581353,18.2059427,-12.9958248,4.22403999,-4.78761683,22.7640557,-6.40967534,-7.21163218,-8.44610691,0.200355862,-8.24072483,21.35766,-11.4937467,-2.67430785
329,-0.202614604,-4.70216721,105.252123,0.507208945,-1.33150901,2.37810999,0.209019477,4.81910528,3.20150155,0,0,-2.10611167,12.7590948,-23.4528171,73.4469229,-10.3953994,-6.96400709,-19.9780523,-3.91769021,-22.9973152,33.7086501,67.2653968,12.2326391,-0.870636636,18.2014159,-12.87164,4.13488212,-4.72816217,22.4592961,-6.45615862,-7.01366299,-8.47817721,0.102979169,-8.30008345,21.335035,-11.462426,-2.5188267
330,-0.159301911,-4.54157442,105.277705,0.50813539,-1.25986816,2.38370126,0.11455744,4.9341278,3.0948061,0,0,-2.01392076,12.5109147,-23.2638258,73.428256,-10.4266313,-7.00378483,-19.8875984,-3.79590879,-23.0807221,33.4900636,67.3150318,11.9199531,-0.938526155,18.2295068,-12.726992,4.03154691,-4.63075684,22.1268469,-6.50164256,-6.82888076,-8.51912164,-0.0124357551,-8.30562444,21.3010156,-11.4299758,-2.43144318
331,-0.156683184,-4.41060476,105.293536,0.498010592,-1.22441593,2.43542803,0.118162406,4.8019487,3.12638932,0,0,-2.04787854,12.5351883,-22.8895963,73.3710327,-9.78424001,-6.99366932,-19.8167232,-3.87224854,-23.0259901,33.5758439,67.3260762,12.0129504,-0.84964501,18.217431,-12.6105859,3.94596335,-4.599402,21.8435153,-6.50615091,-6.6939222,-8.53099336,-0.100877412,-8.34474605,21.2573502,-11.3909549,-2.33825721
332,-0.131132489,-4.26678844,105.316353,0.476306906,-1.16090749,2.41965096,0.105021629,4.74490638,3.07207523,0,0,-2.10746405,12.5135699,-22.8963582,73.4619903,-9.83013205,-7.06596986,-19.8601103,-3.42289423,-23.010045,32.5745655,66.7548197,10.9440787,-0.511898292,18.4129145,-12.4868169,3.88646771,-4.48750003,21.5321867,-6.51506516,-6.54900906,-8.55188093,-0.16658662,-8.3088406,21.1764056,-11.3238995,-2.19915208
333,-0.105001265,-4.12190296,105.334318,0.466763455,-1.10955272,2.45511799,0.125256665,4.69980621,3.05200258,0,0,-2.11952552,12.5135187,-22.944955,73.310565,-9.85368425,-7.04393524,-19.7202468,-3.51711883,-23.0905337,32.8000881,66.7657207,10.9385804,-0.349958189,18.2333949,-12.3743536,3.79536153,-4.44408606,21.2555794,-6.53298416,-6.39649265,-8.55706675,-0.260324256,-8.32748873,21.1093297,-11.2796877,-2.03491058
334,-0.0871219265,-3.98758352,105.352902,0.468815919,-1.04694729,2.44613127,0.131917793,4.62288889,3.01159412,0,0,-2.15833231,12.6039555,-23.0978607,73.2758335,-9.98078639,-6.97826511,-19.8396368,-3.43884742,-22.9485357,32.5938164,66.8233265,10.8652105,-0.436960338,18.384313,-12.2520292,3.71058138,-4.3340022,20.9406377,-6.55269566,-6.25578008,-8.60213661,-0.352571297,-8.30881755,21.0667674,-11.2550649,-1.99305838
335,-0.0629486109,-3.83482836,105.359125,0.448124533,-0.99130005,2.47902647,0.0617215847,4.59393999,2.97807624,0,0,-2.15108249,12.6276068,-23.1321073,73.1926691,-9.90185757,-6.9845698,-19.7607874,-3.5107405,-22.9346329,32.7398595,66.8992372,10.7232442,-0.509709163,18.3086482,-12.1592675,3.62810471,-4.28227589,20.6953622,-6.61729089,-6.12572773,-8.61119259,-0.435864707,-8.32816833,21.0005026,-11.2641738,-1.9092733
336,-0.0528180739,-3.70375216,105.369711,0.440013742,-0.941744735,2.43150775,0.172913029,4.44472426,2.95693275,0,0,-2.26315543,12.7473946,-23.2962538,73.2243476,-10.0885386,-6.960446,-19.7414102,-3.51448238,-22.8386295,32.7952933,66.8854061,11.0552819,-0.476434776,18.3428367,-12.0234518,3.56629832,-4.13884064,20.3924109,-6.64799174,-6.02046726,-8.64348999,-0.505592854,-8.24383598,20.9478196,-11.2398968,-1.79175307
337,-0.0205321456,-3.55580673,105.384219,0.421636696,-0.882969774,2.42891113,0.14383063,4.44318362,2.91243834,0,0,-2.27200288,12.6576442,-23.1585709,73.2624464,-9.81248113,-7.11205272,-19.7178272,-3.4756519,-22.8033037,32.5115331,66.9210324,10.4825466,-0.58016043,18.4733651,-11.9095652,3.49243132,-4.04109722,20.1244796,-6.67780338,-5.90114086,-8.64962265,-0.580963191,-8.23427628,20.870186,-11.2113158,-1.68501471
338,6.739931e-05,-3.41667384,105.404794,0.417199922,-0.816682282,2.43726644,0.201164386,4.32422179,2.85454224,0,0,-2.31170527,12.8173392,-23.3863372,73.2081532,-10.1437316,-7.09249021,-19.8810414,-3.49089688,-22.8067922,32.8130074,66.8927554,10.5934262,-0.445939609,18.3035887,-11.8125748,3.4051827,-3.94495676,19.8485673,-6.65876594,-5.76058112,-8.6515129,-0.663094882,-8.19468936,20.7448281,-11.1655006,-1.59401567
339,0.0103151164,-3.26833427,105.423474,0.387830582,-0.770949062,2.42295178,0.120228031,4.32845523,2.8579456,0,0,-2.30562832,12.731616,-23.0860462,73.195852,-9.67130112,-7.08298087,-19.7907993,-3.54042706,-22.7486861,32.7464336,66.8895657,10.6206513,-0.435475412,18.3380129,-11.6906312,3.34806033,-3.84009585,19.5679353,-6.66037402,-5.60784486,-8.67599401,-0.725302324,-8.12747517,20.694908,-11.1116403,-1.49038901
340,0.0349019945,-3.12999114,105.434346,0.381122681,-0.704818276,2.39610003,0.206364294,4.22830758,2.80061598,0,0,-2.31187944,12.8593568,-23.2513214,73.1369143,-9.91661249,-7.0087222,-19.8126337,-3.57819289,-22.7290322,32.9070864,66.9674708,10.9233662,-0.610967572,18.4524356,-11.5711754,3.27210159,-3.7227643,19.2760711,-6.68225794,-5.4761635,-8.68968427,-0.801915915,-8.07500566,20.5992973,-11.0958779,-1.35583204
341,0.0503705931,-2.97418535,105.441153,0.349413718,-0.665111371,2.40946357,0.114598074,4.21054098,2.76358675,0,0,-2.27964394,12.8120296,-23.1368782,73.1033986,-9.8917728,-6.96205707,-19.8199215,-3.5939798,-22.6920912,32.9563048,66.9798471,10.9157078,-0.709302926,18.5153468,-11.4856538,3.20297153,-3.58812121,19.0784447,-6.73174608,-5.2550118,-8.68623417,-0.870590106,-8.06476806,20.5296345,-11.0773553,-1.27582331
342,0.0871978991,-2.85047721,105.463398,0.356596184,-0.596124322,2.39594966,0.129956155,4.10085625,2.68157624,0,0,-2.25174731,13.0040612,-23.4099201,73.0117033,-10.108464,-6.96082251,-19.8516067,-3.59671145,-22.6134774,32.934537,66.995215,10.8380639,-0.555661022,18.4003435,-11.3698607,3.11263993,-3.45420019,18.77988,-6.68395183,-5.08057133,-8.67750518,-0.953314369,-8.02671025,20.3984692,-11.0253878,-1.15863434
343,0.0933656411,-2.70499066,105.481422,0.365192566,-0.546036383,2.43535338,0.0388613351,3.99455759,2.7032258,0,0,-2.25738264,13.0421088,-23.4630163,72.9489748,-10.2244679,-6.95497459,-19.7220432,-3.68825221,-22.6448126,33.0987518,66.9646568,10.4922916,-0.483562666,18.2134986,-11.2977126,2.99183288,-3.42903351,18.5443034,-6.6068121,-4.91127826,-8.67727381,-1.06745889,-8.04730071,20.2996996,-10.9816866,-1.06493919
344,0.129017874,-2.56276615,105.498683,0.360052421,-0.490393855,2.43499277,0.00104415767,3.93735945,2.63134254,0,0,-2.27882773,13.0948506,-23.5905616,72.9916635,-10.3300515,-6.98017586,-19.8112027,-3.76357425,-22.5527638,33.2888667,67.1203031,11.2932516,-0.827920206,18.5913651,-11.1941447,2.90440518,-3.35566874,18.2887075,-6.55963385,-4.76681122,-8.6770894,-1.1546025,-8.04408454,20.2169382,-10.9362283,-0.951716425
345,0.149198889,-2.43588295,105.520201,0.351214698,-0.43613399,2.48860604,-0.0582166705,3.81423163,2.58269858,0,0,-2.18071185,13.1733124,-23.3521965,72.9052548,-9.98606612,-6.92355273,-19.753655,-3.71215104,-22.4434193,33.1825411,67.0515846,10.9132353,-0.748103523,18.2242322,-11.1261826,2.81851747,-3.37338262,18.0559261,-6.48441853,-4.65522642,-8.66402154,-1.23238651,-8.044981,20.1045389,-10.8681398,-0.841059196
346,0.161827903,-2.29297709,105.538809,0.345849232,-0.392139731,2.50223533,-0.12553222,3.77569741,2.60507385,0,0,-2.22606559,13.097155,-23.2564441,72.9792394,-9.86748038,-6.96715709,-19.7940897,-3.92260069,-22.4821943,33.4500592,67.1847323,10.9185159,-0.712338785,18.2925153,-11.0467202,2.72779378,-3.32819708,17.8316124,-6.41973962,-4.53812368,-8.65447635,-1.32208738,-8.04347153,20.0036826,-10.8156635,-0.734057452
347,0.192312931,-2.1611983,105.555952,0.349142016,-0.340053151,2.5177487,-0.0999251006,3.66299673,2.52312844,0,0,-2.18736232,13.22375,-23.462072,72.9605247,-10.0553481,-7.01664437,-19.784939,-3.83266716,-22.3503307,33.200928,67.1900667,10.6968327,-0.728194909,18.2600207,-10.9673193,2.63063733,-3.32693264,17.6163778,-6.37529644,-4.44290999,-8.65647759,-1.41772636,-8.06122063,19.9325086,-10.7768543,-0.645474755
348,0.209793937,-2.02188976,105.572128,0.331624399,-0.298401375,2.57440659,-0.213909532,3.62245016,2.51873578,0,0,-2.16077965,13.1869694,-23.3371974,72.9351642,-9.70985754,-6.97328505,-19.6763902,-3.86193111,-22.3552245,33.2031546,67.1066496,10.6336876,-0.540627882,18.2826184,-10.9214426,2.54554619,-3.33805155,17.4502027,-6.32572805,-4.34863545,-8.64945616,-1.49808727,-8.07803997,19.8593897,-10.7300581,-0.543342616
349,0.218057539,-1.90771651,105.583704,0.356512504,-0.27093013,2.58174699,-0.0734387609,3.33501318,2.51572302,0,0,-2.21537762,13.4908633,-23.8464222,72.889682,-10.2289929,-6.98393246,-19.6629945,-3.88474864,-22.1436338,33.0555884,67.1960431,10.4931291,-0.653827916,18.3156013,-10.8474648,2.43867721,-3.3206621,17.2725256,-6.25023482,-4.26570543,-8.64414142,-1.60570597,-8.07140957,19.7923548,-10.7100781,-0.476084782
350,0.245045498,-1.76226795,105.606341,0.348897781,-0.23316415,2.5761346,-0.315050453,3.39617048,2.46754201,0,0,-2.1202,13.3594615,-23.3561614,72.950778,-9.77438746,-6.9669795,-19.7601061,-3.89915009,-22.1639861,32.9933995,67.1826764,9.94259026,-0.516734547,18.0410243,-10.8141702,2.34950802,-3.30193415,17.173353,-6.20322135,-4.1717455,-8.61737647,-1.68993266,-8.05202976,19.6840315,-10.6301871,-0.328041313
351,0.267739198,-1.63566861,105.624866,0.331353052,-0.197393482,2.6233426,-0.354371639,3.25079481,2.44396548,0,0,-2.11017072,13.4735436,-23.5890845,72.9672114,-9.90216664,-7.04480054,-19.574955,-3.95806944,-22.0435852,33.2352497,67.2319152,10.2577489,-0.636923358,18.0547854,-10.7758349,2.2775729,-3.29947314,17.0434889,-6.16392641,-4.10084515,-8.58634521,-1.75821748,-8.09482004,19.5839231,-10.5711563,-0.272903597
352,0.274790497,-1.49427541,105.641544,0.326395299,-0.173244035,2.6073975,-0.365990324,3.23683668,2.46004503,0,0,-2.09927486,13.438019,-23.3982986,72.9617268,-9.63908568,-6.97514115,-19.7850431,-4.02493912,-22.062498,33.2210258,67.2639352,10.262115,-0.654692628,18.1238455,-10.7207734,2.18948629,-3.2557102,16.9171218,-6.12450811,-4.00156408,-8.57788602,-1.84636811,-8.09500445,19.5123205,-10.5047686,-0.181603898
353,0.298886443,-1.37454225,105.655634,0.345824677,-0.140905058,2.59612531,-0.391953687,3.04567505,2.43762088,0,0,-2.01552927,13.4703608,-23.0917306,72.9454778,-9.2362249,-6.88243884,-19.6687967,-4.10547559,-21.9375175,33.375272,67.3597013,10.2798163,-0.751735583,18.1922994,-10.6946897,2.08442902,-3.22278058,16.8461101,-6.0998332,-3.91618928,-8.56910667,-1.95064653,-8.08781568,19.4443533,-10.4779157,-0.0909734774
354,0.307619874,-1.24166785,105.670631,0.340613997,-0.120792045,2.59682678,-0.363362702,3.03246974,2.46175087,0,0,-2.04591337,13.4675561,-23.0670976,72.9699845,-9.20750396,-6.96868534,-19.835537,-4.12963824,-21.9629224,33.5089661,67.2957775,10.473115,-0.644663936,17.928082,-10.660187,1.99613282,-3.1872192,16.7612501,-6.07750318,-3.82493667,-8.55836534,-2.03719741,-8.07376683,19.3841042,-10.4302453,-0.00131671646
355,0.332293962,-1.13474429,105.683827,0.356121792,-0.105820938,2.5736224,-0.350418266,2.76539354,2.41512757,0,0,-2.04361821,13.7730065,-23.4141651,72.9773065,-9.38478408,-6.89497095,-19.8975466,-4.06814178,-21.7034076,33.3685921,67.3039942,10.3911681,-0.564788236,17.9940275,-10.6054849,1.90748785,-3.12057107,16.6794944,-6.07093211,-3.72803891,-8.541003,-2.12807179,-8.04217379,19.3381626,-10.4037237,0.108590283
356,0.337372418,-1.004388,105.690014,0.369259829,-0.0932443718,2.5184601,-0.29112318,2.70410754,2.46301018,0,0,-1.96899754,13.704387,-23.2679171,72.9339484,-9.44165907,-6.99569319,-19.6634265,-4.05267396,-21.6329013,33.1053942,67.2717421,9.9171922,-0.533155442,17.9823206,-10.5567865,1.80999181,-3.02792723,16.608066,-6.07057438,-3.62142606,-8.5593395,-2.23215,-8.00689843,19.3291826,-10.3859156,0.189682811
357,0.334892003,-0.897070207,105.700707,0.360828721,-0.0938363845,2.49631837,-0.23155758,2.51342723,2.5176993,0,0,-2.03634129,13.9039719,-23.3194526,72.9437771,-9.34497603,-6.98006956,-19.7818449,-4.09835896,-21.4832928,33.167542,67.2720972,9.73325265,-0.431700212,17.7190202,-10.5013493,1.74933588,-2.98113489,16.5245499,-6.06026421,-3.53294758,-8.5563086,-2.29707842,-7.99464592,19.312768,-10.3381974,0.291364077
358,0.369715551,-0.769830961,105.71574,0.362993222,-0.0665745971,2.47444675,-0.178430848,2.46935692,2.44958225,0,0,-1.92062017,13.9058827,-23.190584,72.9148102,-9.20368844,-7.04124415,-19.8535875,-4.03222267,-21.4509604,33.1940534,67.2673844,9.91231716,-0.56659418,17.8121583,-10.4615497,1.6627151,-2.9002853,16.455985,-6.05152626,-3.38954584,-8.52792746,-2.38124065,-7.99514197,19.232322,-10.3022262,0.381027039
359,0.384693802,-0.63607581,105.721617,0.34948288,-0.0431677248,2.38647439,-0.218517322,2.36528448,2.40863654,0,0,-1.80098364,14.0170576,-23.2754491,72.8172,-9.58777559,-7.0078727,-19.7168403,-4.145737,-21.3153197,33.5148094,67.4106476,10.1392476,-0.751821013,17.8407529,-10.4126652,1.5985665,-2.80230901,16.3755544,-6.06217026,-3.27045935,-8.54344223,-2.44659916,-7.93334498,19.1963901,-10.241826,0.501229697
360,0.390130887,-0.514573604,105.724895,0.337654153,-0.0387990061,2.36760535,-0.0962002729,2.34590467,2.46380163,0,0,-1.90917149,14.0650474,-23.342554,72.8655167,-9.38581544,-7.04293163,-19.8991961,-4.11608373,-21.3327059,33.2864044,67.3746457,9.69889509,-0.678585804,17.7081995,-10.3985353,1.52909281,-2.77427727,16.3674914,-6.06357386,-3.14665214,-8.5454136,-2.51846876,-7.92977449,19.19061,-10.2089181,0.577046077
361,0.405640714,-0.392878475,105.721903,0.323388886,-0.0248456707,2.33269761,-0.193673402,2.26206538,2.43914977,0,0,-1.81787811,14.1366278,-23.3564005,72.8082593,-9.62404134,-7.02214096,-19.7565305,-4.20097572,-21.2955019,33.6714495,67.3724191,9.78135682,-0.705250916,17.6931457,-10.3705221,1.46811533,-2.73284086,16.3292816,-6.08598798,-3.02620773,-8.53508464,-2.57837763,-7.908215,19.1498253,-10.1972479,0.657818507
362,0.423354236,-0.254928437,105.724502,0.298476545,-0.0120485066,2.26975562,-0.120002088,2.27693982,2.43129569,0,0,-1.8489019,14.2400147,-23.6515364,72.7873794,-9.90430278,-7.04500758,-19.7823367,-4.22624358,-21.3215727,33.7724543,67.3571741,9.90579689,-0.655003989,17.6760344,-10.3393551,1.4141737,-2.65202116,16.3022409,-6.1272483,-2.88543497,-8.53908799,-2.63429617,-7.86115671,19.1305744,-10.1604699,0.743227942
363,0.444864761,-0.152898382,105.722642,0.28435822,-0.00519346986,2.25333134,-0.112267873,2.10959144,2.38573577,0,0,-1.7995429,14.4685929,-23.7841172,72.7369931,-9.89790973,-6.95322222,-19.6804115,-4.15338937,-21.1365036,33.6414103,67.3743862,9.65243956,-0.62645732,17.7831881,-10.316199,1.36034487,-2.63527716,16.2853652,-6.1647597,-2.78628325,-8.52270919,-2.68753323,-7.84884102,19.1053573,-10.1590501,0.803804036
364,0.462325057,-0.041952476,105.72232,0.273409092,0.00237822328,2.21116167,-0.0805280771,2.08446232,2.39697079,0,0,-1.78980017,14.4202727,-23.5701376,72.7774893,-9.72439389,-7.02431979,-19.6902128,-4.20479167,-21.1462896,33.6301132,67.3766674,9.38523658,-0.608439548,17.8851475,-10.3026275,1.30050953,-2.59394833,16.2963737,-6.18968562,-2.68346991,-8.51654922,-2.7470626,-7.8022634,19.0863387,-10.1308602,0.905788418
365,0.48530018,0.0733733061,105.722106,0.266503552,0.0100458189,2.14313465,-0.0792031337,1.9945734,2.36548383,0,0,-1.724528,14.5098097,-23.4227524,72.7919283,-9.77369591,-7.12219299,-19.742433,-4.21503866,-21.0147077,33.6326165,67.4958747,9.54818953,-0.788222613,17.9970635,-10.2841424,1.24085199,-2.53226788,16.3075326,-6.22198686,-2.56664443,-8.51135656,-2.81079595,-7.70717948,19.0645931,-10.1010071,1.01639063
366,0.485942187,0.187183893,105.721581,0.253637948,0.00752657913,2.11112069,0.0253682647,1.94523254,2.41970785,0,0,-1.78397946,14.4784045,-23.0808638,72.854363,-9.26217792,-7.10494591,-19.9187304,-4.20147732,-20.9766004,33.4359207,67.4202236,9.36866825,-0.675104809,18.0065524,-10.2810594,1.17996203,-2.50132755,16.3339961,-6.25416004,-2.45985506,-8.51375311,-2.87187278,-7.66734411,19.0646101,-10.0800598,1.09887776
367,0.512771681,0.30325246,105.7248,0.2243932,0.0222911941,2.05420897,0.00365663082,1.93135402,2.3477659,0,0,-1.70293062,14.5291374,-23.1556441,72.8313795,-9.40372505,-7.10276793,-19.7186639,-4.24949952,-21.0021265,33.6715246,67.4797145,9.57027665,-0.75375321,18.1088208,-10.256411,1.14760999,-2.45794112,16.3176173,-6.28435418,-2.40156004,-8.49682619,-2.90669842,-7.6387777,19.0122909,-10.025408,1.17307613
368,0.528271496,0.420565251,105.719137,0.212412342,0.0256833572,1.98872637,0.0736804055,1.88835478,2.34821221,0,0,-1.68616325,14.6778785,-23.2532185,72.7580369,-9.51326591,-7.03080036,-19.9008456,-4.2142566,-20.9431017,33.6437394,67.4663205,9.69625266,-0.823846159,17.9725705,-10.24993,1.08962061,-2.38748302,16.3499976,-6.34838592,-2.28310556,-8.49799586,-2.96599535,-7.58208542,19.0046172,-10.0097652,1.27100525
369,0.543704163,0.522170309,105.720913,0.20790838,0.0291511615,1.95775486,0.099176728,1.76070313,2.34229278,0,0,-1.64105935,14.7137848,-23.0598371,72.7601406,-9.19133946,-6.97959828,-19.7049489,-4.24615017,-20.8541282,33.6662176,67.519234,9.45696637,-0.773895544,17.9027062,-10.2497148,1.02689247,-2.38441989,16.3863103,-6.36314425,-2.21450805,-8.48641698,-3.02969945,-7.54159606,18.979815,-9.9758789,1.35483494
370,0.542417169,0.626379764,105.723035,0.196875337,0.0329682244,1.91672601,0.173396252,1.74174253,2.3792234,0,0,-1.66258522,14.7039339,-23.0891898,72.7571216,-9.38814624,-7.05475683,-19.5503066,-4.26269246,-20.8347493,33.5817042,67.5351893,9.64423565,-0.824548921,17.8488928,-10.2755517,0.972778273,-2.36477264,16.443245,-6.38051171,-2.1466768,-8.49460638,-3.08526091,-7.5162202,18.9649645,-9.93999052,1.42383852
371,0.562484516,0.734251365,105.726397,0.174632093,0.0398115271,1.86730439,0.200621266,1.71112642,2.37003167,0,0,-1.64038828,14.7474098,-23.0147561,72.7423821,-9.3867802,-7.06228839,-19.670728,-4.27027696,-20.76976,33.5999135,67.6354975,9.64236503,-0.954508905,17.8785563,-10.2713887,0.931527453,-2.33262443,16.4707451,-6.41988263,-2.04389014,-8.48433036,-3.12656882,-7.46817067,18.9373466,-9.90793303,1.52811459
372,0.578522217,0.848057214,105.727041,0.165500983,0.0399425845,1.79772202,0.229952512,1.67781879,2.33587475,0,0,-1.64556941,14.8596742,-23.3100457,72.7304498,-9.62508977,-7.00451182,-19.8450173,-4.27978202,-20.8326985,33.8042181,67.5766895,9.71514496,-0.829633463,17.8172024,-10.2564801,0.87343648,-2.28613774,16.4934076,-6.46333245,-1.95405928,-8.47569102,-3.18266752,-7.40561297,18.9129782,-9.8851885,1.60401699
373,0.582399499,0.945230573,105.730522,0.14558265,0.0493364404,1.76020309,0.293991326,1.61075903,2.34896374,0,0,-1.61738922,14.8877463,-23.3637412,72.6766415,-9.99231062,-6.99867884,-19.5204621,-4.28337598,-20.7263986,33.6481176,67.6453124,9.35926564,-0.787298937,17.6825094,-10.2617044,0.832532665,-2.28509571,16.5067077,-6.49089184,-1.89403728,-8.46671786,-3.21985768,-7.33800605,18.8606402,-9.82322502,1.71559112
374,0.595402392,1.03425542,105.734003,0.142105063,0.0486487783,1.72277989,0.314164022,1.55297275,2.34422722,0,0,-1.58940519,14.8586018,-23.3945932,72.6821262,-10.1181022,-7.06363991,-19.3667248,-4.30433698,-20.6905418,33.7096268,67.726701,9.41891454,-0.89500435,17.8149485,-10.2633359,0.778933396,-2.25950875,16.5458874,-6.51731571,-1.80501921,-8.45759956,-3.27456472,-7.28861268,18.8412015,-9.79824531,1.76535663
375,0.60485038,1.13172624,105.731666,0.120913016,0.04722885,1.66523107,0.34700656,1.5039084,2.34709696,0,0,-1.52742539,14.8029529,-23.0321612,72.7031563,-9.78633261,-7.1164821,-19.4812261,-4.33376527,-20.7164009,33.8757405,67.6732274,9.69031125,-0.773359481,17.7802938,-10.2777289,0.743524948,-2.22266778,16.6157534,-6.58023968,-1.73119693,-8.45324702,-3.31070048,-7.23011041,18.8287415,-9.77741494,1.85428025
376,0.631018635,1.2342656,105.73405,0.100567369,0.0646368496,1.63266468,0.327936672,1.43294178,2.29438199,0,0,-1.46261724,14.9244039,-22.9904577,72.6441571,-9.67083411,-7.04837828,-19.6627452,-4.22460818,-20.5653991,33.6866808,67.7004731,9.2707942,-0.893010949,17.7214978,-10.3041472,0.699568465,-2.21939249,16.680589,-6.62971117,-1.63147126,-8.43885838,-3.3496872,-7.23293469,18.7799927,-9.74618561,1.92261053
377,0.610650331,1.33678578,105.736351,0.092809363,0.0377408543,1.60414163,0.377070065,1.46697554,2.38548199,0,0,-1.52399663,14.8052222,-22.8851499,72.6843528,-9.44524662,-7.0813301,-19.5871725,-4.33255718,-20.6172692,33.7846394,67.7679963,9.6124599,-0.930231531,17.8392588,-10.3372565,0.635007009,-2.21513984,16.7987871,-6.66264506,-1.54165502,-8.43770151,-3.41524421,-7.23102053,18.7973448,-9.69731048,2.01239934
378,0.633144565,1.4141893,105.737972,0.0874709516,0.0397425634,1.57656665,0.416403203,1.293369,2.36474126,0,0,-1.46922043,14.9129975,-22.8947565,72.6271227,-9.56971401,-7.05688955,-19.4889203,-4.31115052,-20.5283607,33.8398751,67.7193312,9.52430265,-0.851766158,17.7654996,-10.3606516,0.589132898,-2.2221457,16.8816065,-6.71855442,-1.45949702,-8.42524239,-3.46294902,-7.23920566,18.7843606,-9.67714435,2.08295477
379,0.655430788,1.51564395,105.733621,0.0504620571,0.0505124308,1.55071722,0.367212741,1.33966861,2.32136764,0,0,-1.36214025,14.8106078,-22.702082,72.6246228,-9.58676131,-7.17233554,-19.5891943,-4.25461107,-20.4813502,33.6479912,67.7784875,9.2211097,-0.970345552,17.8961219,-10.3911723,0.560617658,-2.22659471,16.9604525,-6.79629606,-1.33778454,-8.4108657,-3.48359306,-7.23379102,18.7461577,-9.6331511,2.17944592
380,0.653160457,1.6063245,105.731416,0.0273869861,0.0374133348,1.53110834,0.407238823,1.28749375,2.37157444,0,0,-1.43225385,14.9148365,-23.1575771,72.5675634,-9.8639449,-7.15986234,-19.419727,-4.25637539,-20.4529895,33.6033901,67.7591922,9.34815719,-0.949125755,17.9255275,-10.4305347,0.521797478,-2.23145439,17.0777952,-6.8467575,-1.22214997,-8.41493735,-3.52228971,-7.22266294,18.7755138,-9.60906273,2.25196524
381,0.647055823,1.69580337,105.730784,-0.00323684975,0.027411638,1.51175807,0.415873623,1.20053264,2.43330164,0,0,-1.47898622,14.8967997,-22.7371499,72.6449426,-9.3135213,-7.1803909,-19.6014101,-4.32864647,-20.4156506,33.6587009,67.7481819,9.21760069,-0.953420663,17.8850843,-10.4836744,0.493886176,-2.24830255,17.2009418,-6.90170168,-1.12069584,-8.42795227,-3.54868775,-7.22623257,18.8051995,-9.56683765,2.32016062
382,0.660423236,1.79094821,105.723083,-0.0213483534,0.0219829926,1.48709013,0.436140662,1.24057057,2.40086699,0,0,-1.42804987,14.7838181,-22.6650112,72.6895642,-9.30385146,-7.21811659,-19.6514088,-4.31731348,-20.4282215,33.579761,67.8586876,8.93825022,-1.0057318,17.9023647,-10.4995213,0.449814488,-2.2705028,17.275857,-6.97226095,-1.03724277,-8.42121173,-3.59262273,-7.20939615,18.8106927,-9.54347157,2.40031054
383,0.67603006,1.86951067,105.716002,-0.0300530823,0.0291625189,1.48889027,0.396578446,1.12870274,2.39591894,0,0,-1.35982834,14.825945,-22.454573,72.6204496,-9.12500979,-7.24299812,-19.6956752,-4.36600291,-20.4207032,33.8349232,67.8256568,9.11165165,-0.941338699,17.868072,-10.5500596,0.398052993,-2.31503029,17.3824677,-7.01330142,-0.950826152,-8.40952271,-3.6401506,-7.2188645,18.7898794,-9.53715962,2.45842286
384,0.684099877,1.95273794,105.714059,-0.0533442118,0.0252377144,1.46527771,0.432629438,1.03583479,2.40150796,0,0,-1.39120687,14.9011386,-22.5854702,72.6098628,-9.2756351,-7.09882819,-19.609439,-4.32147904,-20.3064837,33.6838053,67.8465435,8.80595116,-0.97000639,17.7688259,-10.593287,0.366349442,-2.34727327,17.4938186,-7.05648871,-0.867452221,-8.40950393,-3.66850058,-7.20552941,18.7967318,-9.49749672,2.52878789
385,0.658697821,2.04988793,105.70997,-0.0822436158,0.000200123326,1.42878674,0.527333133,1.09614259,2.49096465,0,0,-1.45853909,14.8238208,-22.6298442,72.6004234,-9.04987771,-7.13294243,-19.5965675,-4.31301729,-20.3268171,33.2994535,67.8598828,8.59559243,-1.06342353,17.9577763,-10.6561657,0.330357601,-2.35632519,17.6521748,-7.12346127,-0.741901604,-8.42440569,-3.69887614,-7.16616703,18.8310245,-9.45780649,2.61944286
386,0.688372552,2.14377269,105.704582,-0.106346546,0.00898256174,1.40999488,0.476411778,1.04495608,2.45909371,0,0,-1.5003376,14.9064354,-22.8700432,72.6493276,-9.34833819,-7.17302625,-19.7391989,-4.31007775,-20.3085054,33.3915552,67.8836997,8.7109936,-1.16292743,18.0733021,-10.6701582,0.292341515,-2.36689,17.7121575,-7.19609436,-0.613162464,-8.40833767,-3.73383177,-7.16854393,18.8103478,-9.4463608,2.70454232
387,0.700701401,2.22132541,105.69526,-0.11048728,0.0126189156,1.41797705,0.504358244,0.906663216,2.44966399,0,0,-1.50974715,14.9815674,-22.9157577,72.6450314,-9.38983842,-7.12108052,-19.71091,-4.27805782,-20.2131782,33.4650958,67.8469874,8.87759899,-1.22497949,17.9413684,-10.7172558,0.233890917,-2.44400625,17.8138437,-7.23989294,-0.524835845,-8.4055373,-3.78859793,-7.18490736,18.8100404,-9.44573327,2.7667694
388,0.679621613,2.30743736,105.683386,-0.12138465,-0.0122082349,1.39179002,0.569946736,0.888464871,2.53584092,0,0,-1.592992,14.9361399,-22.8999184,72.670549,-9.3366671,-7.16278267,-19.7728478,-4.35852556,-20.1985445,33.3942394,67.9381773,8.64798425,-1.18727727,17.8515924,-10.7642535,0.183823616,-2.48381046,17.948576,-7.30077384,-0.422817711,-8.41508846,-3.83875585,-7.15889544,18.8520598,-9.43424148,2.8729893
389,0.695230765,2.39730217,105.682349,-0.142936301,-0.0173880005,1.36660908,0.60607214,0.801155897,2.52983825,0,0,-1.5820066,15.003938,-23.1766043,72.5669828,-9.59757777,-7.05384542,-19.515208,-4.3273846,-20.1492425,33.2252947,67.9665841,8.55276117,-1.31585526,18.1151011,-10.782625,0.144938015,-2.52262087,18.0320939,-7.34678284,-0.313225565,-8.40472621,-3.87421777,-7.15193377,18.8503949,-9.40011615,2.94923961
390,0.703411503,2.50238664,105.67621,-0.179235857,-0.0182783019,1.38781395,0.488976284,0.892917247,2.51671788,0,0,-1.62131733,14.9083888,-23.3154159,72.6399019,-9.89879423,-7.10720627,-19.5598381,-4.32707681,-20.2652584,33.4446565,67.9049279,8.68132753,-1.31177337,18.0149962,-10.8385343,0.10608982,-2.59291142,18.1529575,-7.43228571,-0.210462087,-8.40129575,-3.90753116,-7.17763065,18.8628481,-9.37876241,3.04679158
391,0.707729906,2.56456733,105.674136,-0.191786031,-0.0352269759,1.36270977,0.650770552,0.720632075,2.55788044,0,0,-1.64725092,14.9797182,-23.2372086,72.6494574,-9.80490645,-7.20439133,-19.679042,-4.31806352,-20.2114382,33.599473,67.8205273,8.87587352,-1.22492452,17.8181604,-10.8500466,0.0758554006,-2.59831026,18.2354388,-7.49227612,-0.140867702,-8.38904922,-3.93709051,-7.15540479,18.8666047,-9.35044104,3.07947851
392,0.724906288,2.64561065,105.669296,-0.20458067,-0.0407555643,1.32682934,0.666445516,0.602932174,2.54863493,0,0,-1.60421293,14.9626973,-23.1437374,72.6162217,-9.8617396,-7.19514496,-19.4672532,-4.33394243,-20.165249,33.5362903,67.8412979,8.71680951,-1.25120176,17.9893505,-10.8641006,0.0373269771,-2.58284628,18.3166651,-7.5640025,-0.0481154177,-8.38086239,-3.97606229,-7.13880444,18.8694494,-9.33467354,3.16576685
393,0.712149218,2.75732763,105.655479,-0.232114452,-0.0507536545,1.32777088,0.647195215,0.698715972,2.59183267,0,0,-1.61288162,14.7817912,-23.0812378,72.5720167,-9.92049545,-7.20808134,-19.4281299,-4.34433286,-20.2822809,33.4151979,67.8157393,8.64463405,-1.17921946,18.043601,-10.9321318,-0.0170084367,-2.63508165,18.4639923,-7.65820788,0.0579859782,-8.38591758,-4.02467531,-7.1617099,18.8845851,-9.31939868,3.23670968
394,0.725135626,2.84690466,105.655158,-0.256761658,-0.0562378606,1.32593636,0.681787455,0.641845203,2.5886942,0,0,-1.62127837,14.8576746,-23.3079249,72.5054019,-9.95474202,-7.12877729,-19.5144242,-4.288114,-20.2597737,33.5733065,67.6897292,8.74196851,-0.981155714,17.6420166,-10.9597557,-0.0514920191,-2.67474669,18.5590003,-7.70938393,0.126079449,-8.36523406,-4.05945164,-7.18347729,18.8751748,-9.2869587,3.33229113
395,0.739430264,2.91834772,105.654311,-0.280193379,-0.066726228,1.30031101,0.70626792,0.521351648,2.60028717,0,0,-1.58847895,14.8796013,-23.1492374,72.4766877,-9.75505376,-7.09867409,-19.4836986,-4.40547287,-20.2613464,33.8380105,67.7497324,8.80840149,-1.01866893,17.7355065,-10.9787001,-0.0708099051,-2.68602461,18.6520548,-7.77532001,0.191239907,-8.35285946,-4.07935524,-7.16804362,18.8783901,-9.26005543,3.37923801
396,0.747286249,3.01697459,105.652142,-0.325985282,-0.0756691569,1.29373823,0.720185338,0.539124387,2.61312579,0,0,-1.61268813,14.8497567,-23.2209578,72.442004,-9.78906725,-7.04572219,-19.5133467,-4.34968474,-20.2386326,33.4430275,67.8198648,8.16485338,-1.13031328,17.9625523,-11.0020952,-0.0873686716,-2.70623279,18.7379324,-7.84396768,0.278793274,-8.35292691,-4.09439489,-7.15857741,18.9042766,-9.21496423,3.46113625
397,0.752586592,3.12507637,105.64239,-0.347698847,-0.0884373801,1.25978092,0.678059826,0.585871322,2.64354148,0,0,-1.57779013,14.7109229,-22.8546377,72.4467237,-9.41787891,-7.13717416,-19.7899472,-4.37758862,-20.2863602,33.4754333,67.8300144,8.12467138,-1.19270225,17.9765934,-11.0257353,-0.135292014,-2.70680034,18.8403375,-7.91030589,0.379418823,-8.34994212,-4.14518717,-7.14999656,18.9213281,-9.1988817,3.56235965
398,0.762472954,3.20644118,105.635989,-0.350960576,-0.0902399946,1.22311457,0.73806704,0.42980142,2.62720067,0,0,-1.55877499,14.7589374,-22.8247095,72.4203045,-9.34952835,-7.16886581,-19.8314338,-4.3981731,-20.1936848,33.8057549,67.8455941,8.82581847,-1.13353969,17.640485,-11.0482989,-0.186872455,-2.69585816,18.9199843,-7.95620818,0.470028486,-8.33281457,-4.19400637,-7.14563676,18.8870218,-9.17697472,3.65513689
399,0.778321363,3.29865739,105.634248,-0.382983491,-0.0911972537,1.2149491,0.759596116,0.403747556,2.63413417,0,0,-1.58793243,14.6977799,-22.8045434,72.4448932,-9.28356836,-7.1816024,-19.8190182,-4.40121339,-20.1117669,33.5153694,67.9478967,8.28677824,-1.21276967,17.7114711,-11.0541096,-0.21420211,-2.72505573,18.9624612,-8.01174103,0.558824573,-8.32992198,-4.22134548,-7.1256559,18.8978664,-9.13764564,3.74392166
400,0.77013066,3.40609774,105.635726,-0.41513134,-0.104652411,1.20954953,0.724082441,0.482430455,2.69346482,0,0,-1.58489695,14.6262934,-23.0639335,72.2840832,-9.56874242,-7.08445662,-19.5879887,-4.45352111,-20.2443819,33.5423418,67.9190391,8.01922948,-1.25026431,17.7616815,-11.090681,-0.251774967,-2.76421235,19.063449,-8.0323793,0.62875808,-8.34070514,-4.26176398,-7.11862635,18.9277127,-9.08937498,3.83718747
401,0.772256358,3.49566452,105.627692,-0.420751431,-0.119838086,1.20167106,0.739503354,0.370008503,2.71954398,0,0,-1.62559826,14.6166885,-23.0720853,72.3388477,-9.59989662,-7.18954933,-19.5190721,-4.50657802,-20.1802464,33.6977594,67.9542487,8.50604695,-1.27709234,17.7844175,-11.1149871,-0.312434731,-2.79485813,19.153698,-8.08288001,0.701675098,-8.32641212,-4.31993926,-7.12216097,18.9338188,-9.08066308,3.91583454
402,0.790903717,3.58831845,105.624473,-0.430966619,-0.118825186,1.18205497,0.843643995,0.277299197,2.72159304,0,0,-1.64116906,14.547485,-22.9857176,72.3712706,-9.39157329,-7.23390116,-19.3815599,-4.45833683,-20.0869614,33.4556155,68.0182271,8.28518339,-1.42557766,17.8169105,-11.147439,-0.364794534,-2.79112927,19.2495819,-8.10554344,0.796756721,-8.30967901,-4.37134241,-7.1292648,18.9115268,-9.06389155,3.99498874
403,0.80284765,3.69245186,105.61837,-0.460392183,-0.122168622,1.17430647,0.753395639,0.290695519,2.70218142,0,0,-1.56419315,14.480293,-22.8658017,72.2740224,-9.23427147,-7.1173299,-19.2373012,-4.48282732,-20.126404,33.6751446,68.0127698,8.28360903,-1.30088381,17.5987098,-11.1771666,-0.403349137,-2.79058862,19.3370152,-8.16710052,0.872289275,-8.29930395,-4.40851188,-7.13150809,18.910656,-9.04217155,4.08089118
404,0.806558412,3.78148295,105.611086,-0.468353371,-0.129003681,1.18549078,0.756566074,0.228404541,2.73012778,0,0,-1.63168588,14.4828748,-22.9737477,72.2880038,-9.26067869,-7.12675598,-19.2364765,-4.50458873,-20.1601469,33.8184318,67.9459979,8.62137811,-1.26351371,17.7850715,-11.2073347,-0.462564263,-2.80926769,19.4191106,-8.20138977,0.942452447,-8.28424253,-4.46713582,-7.15270942,18.9094778,-9.03534306,4.14606442
405,0.813788641,3.87468934,105.607641,-0.475716295,-0.139462853,1.13078935,0.889258187,0.145315223,2.74870376,0,0,-1.63758182,14.4572377,-22.9330363,72.2862894,-9.06314876,-7.17702105,-19.2347416,-4.47616447,-20.0534661,33.4506705,68.0641465,8.11694388,-1.32617664,17.7491601,-11.2044848,-0.509115044,-2.74994558,19.4720395,-8.22988788,1.01214652,-8.28431168,-4.51928218,-7.09628736,18.9142845,-9.02353367,4.22362207
406,0.827062409,3.97799686,105.601811,-0.496030063,-0.139722662,1.12741891,0.834459312,0.0904220863,2.74246588,0,0,-1.61028444,14.4154455,-22.7376417,72.2953462,-8.8379395,-7.15561054,-19.2216874,-4.59053855,-20.0963034,33.7740458,68.0899441,8.10008868,-1.20670286,17.6932806,-11.2241728,-0.559537421,-2.76412804,19.5359034,-8.29360501,1.09456268,-8.27940334,-4.57124455,-7.09405176,18.9190007,-9.01017638,4.31442602
407,0.820180401,4.077648,105.590701,-0.504838242,-0.152247862,1.13079214,0.884028876,0.0646595066,2.80658321,0,0,-1.68222052,14.4203154,-22.8645722,72.2231716,-8.86028446,-7.07866932,-19.1814525,-4.53132551,-20.1031421,33.6407683,68.0102904,8.10090488,-1.17738459,17.6043567,-11.2579191,-0.624448231,-2.77372445,19.6297212,-8.33024898,1.17100723,-8.28263829,-4.63530361,-7.10750339,18.9446925,-9.0009394,4.37249543
408,0.834672712,4.16090824,105.581605,-0.496386671,-0.16529753,1.10716765,0.908413239,-0.0762885973,2.78981318,0,0,-1.6236477,14.4697097,-22.7774856,72.2004339,-8.54110887,-7.22327595,-19.1807097,-4.52370472,-19.9357871,33.6103432,68.1254884,8.24543425,-1.25849949,17.359018,-11.2462488,-0.689466509,-2.72405126,19.6737315,-8.37171932,1.24758197,-8.27261242,-4.70684173,-7.10084225,18.9610628,-9.01714146,4.44149315
409,0.851856731,4.28082682,105.571699,-0.512914751,-0.171602555,1.06466721,0.953973375,-0.105242269,2.78141888,0,0,-1.66999438,14.4724298,-23.0188645,72.1591864,-8.77255837,-7.1670191,-18.9553783,-4.52105546,-20.0593503,33.8510459,68.0502675,8.20217951,-1.14298125,17.4525386,-11.2457536,-0.746784122,-2.67254673,19.7339072,-8.44105343,1.32447891,-8.27017575,-4.76987797,-7.0773195,18.9735091,-9.01502069,4.52177221
410,0.848807674,4.38924469,105.558407,-0.522457004,-0.18332237,1.05762541,0.873520417,-0.0954832298,2.82259958,0,0,-1.61779967,14.3311678,-22.8016833,72.1215589,-8.73122206,-7.21093721,-18.8261853,-4.53590984,-19.9708448,33.5820218,68.1212742,7.61874646,-1.12750703,17.2573609,-11.2688644,-0.813999907,-2.65958965,19.81638,-8.50171661,1.39468877,-8.26599312,-4.83887697,-7.09527095,18.9846662,-9.01177806,4.60190356
411,0.855930988,4.48449515,105.555201,-0.526204652,-0.188013323,1.02067548,0.972069534,-0.20276361,2.81807693,0,0,-1.67329528,14.5192302,-23.2997372,72.0280126,-9.05649872,-7.12052685,-18.9462378,-4.50830094,-19.882334,33.5207584,68.201324,7.57908953,-1.15982076,17.0904396,-11.2411407,-0.871248152,-2.62788263,19.8048951,-8.53287337,1.47619086,-8.28366794,-4.90320882,-7.04461271,19.0217712,-9.00015393,4.70656596
412,0.856099837,4.58077416,105.544674,-0.529275649,-0.193661105,1.01722164,0.982458252,-0.347090764,2.84860659,0,0,-1.71239406,14.6555215,-23.4025811,71.9889849,-9.0775118,-7.07459554,-19.0448999,-4.53764429,-19.8188901,33.6268381,68.1683957,7.94790011,-1.2075624,17.2794275,-11.2687364,-0.939602444,-2.6299812,19.884728,-8.58568524,1.54319811,-8.27285233,-4.96909666,-7.0602547,19.0140753,-8.99698301,4.76940968
413,0.860320218,4.71613854,105.533791,-0.557031008,-0.207237824,0.997958852,0.878475612,-0.242071189,2.86715013,0,0,-1.67004091,14.610123,-23.5428834,71.8470331,-9.29799287,-6.96349611,-19.0357133,-4.58495743,-19.8881346,33.7360221,68.2041654,7.80761827,-1.13975996,17.0652089,-11.2741681,-0.999447601,-2.61669093,19.9510867,-8.63819062,1.64472908,-8.27413556,-5.03168724,-7.04792962,19.0443706,-8.97586919,4.88684838
414,0.855107699,4.8086267,105.519331,-0.534365258,-0.220040757,0.996885956,0.985862781,-0.410815041,2.88638223,0,0,-1.71643433,14.6506772,-23.6528068,71.863084,-9.1989611,-7.06001821,-18.9161218,-4.49321177,-19.7675749,33.4754197,68.2209335,7.36134566,-1.14338679,17.0198001,-11.2833504,-1.09508818,-2.61527773,20.0043964,-8.66115798,1.70672468,-8.30142729,-5.13463654,-7.04111608,19.1138319,-9.00555063,4.96233606
415,0.867784768,4.91904393,105.508542,-0.54738099,-0.219299565,1.00455533,0.909628692,-0.431657123,2.87183713,0,0,-1.63565283,14.5844278,-23.5192868,71.8350871,-9.15783226,-7.17305015,-18.7069353,-4.58478198,-19.7978036,33.7832597,68.3024518,7.71019501,-1.2076895,16.9292198,-11.2865333,-1.16219383,-2.63404452,20.0339762,-8.70511879,1.78129551,-8.30260976,-5.20132181,-7.03935219,19.1339895,-9.00376795,5.04527504
416,0.876881555,5.03623411,105.499673,-0.55157788,-0.22431524,0.967556039,0.919377933,-0.512994591,2.86932298,0,0,-1.63529029,14.6555676,-23.555702,71.8119191,-9.19053179,-7.18831562,-18.9551444,-4.562297,-19.712708,33.8167891,68.3607406,7.77306946,-1.18625818,16.7910263,-11.2821039,-1.2328151,-2.57817635,20.0693327,-8.7360271,1.85596026,-8.31388384,-5.27683639,-7.02345108,19.1598708,-8.98195318,5.1580086
417,0.871726032,5.14681637,105.492079,-0.563732541,-0.232784307,0.970341145,0.913319982,-0.550430111,2.89068355,0,0,-1.69138739,14.6510512,-23.6832404,71.8176701,-9.1485193,-7.17947651,-19.0107148,-4.56805314,-19.6809186,33.8875874,68.3742029,8.32145084,-1.25658971,16.838479,-11.302603,-1.29897637,-2.57492668,20.1292727,-8.74189082,1.94330685,-8.31862485,-5.34519207,-7.02476888,19.1809983,-8.96864029,5.23965924
418,0.865819398,5.25437221,105.480313,-0.581828342,-0.245059801,0.986803326,0.824602442,-0.559585873,2.94321432,0,0,-1.65787496,14.6081251,-23.5685752,71.6917282,-9.16364988,-7.12615237,-18.9274548,-4.68362677,-19.6790352,34.0406212,68.5209222,8.09693142,-1.35151909,16.8621115,-11.3250043,-1.35607643,-2.57368166,20.1992753,-8.77657622,1.99564553,-8.31981415,-5.40488237,-7.05978982,19.2087562,-8.95492783,5.29877965
419,0.875219516,5.36592565,105.468178,-0.570540984,-0.236334554,0.963632613,0.88336352,-0.686626377,2.92313249,0,0,-1.66412159,14.5733612,-23.4764513,71.7263505,-8.93855416,-7.15580008,-18.6581627,-4.66794679,-19.5987787,34.066552,68.6082462,8.319745,-1.37399906,16.9036817,-11.3357397,-1.44595083,-2.53766522,20.2270844,-8.81254998,2.0615227,-8.36295704,-5.49942542,-7.01909812,19.2618267,-8.96410248,5.38582913
420,0.864916015,5.48132546,105.456495,-0.562550148,-0.253130409,0.938038135,0.92430378,-0.715240921,2.97560734,0,0,-1.72313688,14.6250828,-23.9225617,71.6689222,-9.27877784,-7.17992901,-18.3673622,-4.72611525,-19.606432,34.1302914,68.7039576,8.66105041,-1.41655146,16.9598412,-11.3160619,-1.53203128,-2.47571327,20.2319543,-8.83303969,2.14066069,-8.40148443,-5.59682861,-6.97148188,19.3410279,-8.96412041,5.50324136
421,0.862756837,5.58572747,105.447876,-0.56342309,-0.258717773,0.956708915,0.80919012,-0.780056695,3.0038156,0,0,-1.7310281,14.6222534,-23.7039103,71.6771731,-8.92737143,-7.21214445,-18.6034187,-4.81790232,-19.5170606,34.3496087,68.8694668,8.74977371,-1.48723154,16.7824202,-11.3318849,-1.61141281,-2.46292075,20.279682,-8.85642882,2.21493643,-8.41527971,-5.67809463,-7.00000944,19.3790755,-8.95741658,5.57979796
422,0.860110018,5.6951534,105.43648,-0.571382709,-0.265111736,0.939480551,0.904292714,-0.851654473,3.0002052,0,0,-1.75045326,14.7233385,-23.8735807,71.572439,-9.11771771,-7.0781165,-18.6477637,-4.75239141,-19.4698282,34.2161024,68.9224622,8.80783885,-1.51222138,17.0549021,-11.3404056,-1.67509482,-2.40736015,20.3217782,-8.90719762,2.30009075,-8.43263607,-5.74762297,-6.98906705,19.4095637,-8.97016598,5.65475374
423,0.85077798,5.82220368,105.423093,-0.562554781,-0.279731024,0.9314034,0.792494203,-0.828726169,3.06244786,0,0,-1.73429271,14.5779647,-23.6690165,71.5309797,-9.01580787,-7.14371961,-18.5065256,-4.86728501,-19.4915431,34.2802482,69.073184,8.38033902,-1.44046416,16.8624444,-11.3416102,-1.77342585,-2.37318871,20.3617706,-8.93431603,2.33950158,-8.46452025,-5.85435535,-6.98313205,19.4780791,-8.97646854,5.76416825
424,0.856021419,5.92126399,105.415034,-0.554372609,-0.279662619,0.921915576,0.880849637,-1.01480934,3.04365438,0,0,-1.77022218,14.7363261,-24.07815,71.4901899,-9.29828742,-7.18275073,-18.3275832,-4.79030451,-19.3444191,34.2533133,69.1439994,8.42628997,-1.36929829,16.7306747,-11.3324151,-1.85152896,-2.32388286,20.3606454,-8.95419956,2.41462021,-8.49583069,-5.94140568,-6.99413932,19.531165,-8.98129834,5.83249405
425,0.853616837,6.02836683,105.403495,-0.553864427,-0.287143303,0.926079441,0.819365234,-1.04952708,3.08367588,0,0,-1.79969615,14.6736984,-23.8313018,71.5404191,-8.97624998,-7.27309193,-18.2993165,-4.86793687,-19.3400887,34.4181019,69.2177723,8.69981002,-1.33818347,16.9366527,-11.3264216,-1.92707448,-2.27689713,20.3728253,-8.98819512,2.46116198,-8.5375068,-6.02688593,-6.94703535,19.6129667,-8.98935711,5.90370987
426,0.851167273,6.13969676,105.395019,-0.548513205,-0.285952781,0.949674156,0.748520805,-1.12388073,3.08769246,0,0,-1.80350996,14.7571035,-23.8999913,71.4481432,-9.03813149,-7.14240822,-18.5013586,-4.84525509,-19.2511528,34.2646787,69.3344387,8.0761796,-1.33632053,16.7760135,-11.3380799,-2.01643619,-2.25832841,20.39314,-9.00618157,2.54329628,-8.55298827,-6.12214615,-7.01511398,19.6387593,-8.98542719,6.00799448
427,0.84046796,6.2476974,105.38255,-0.553549613,-0.292131988,0.928578658,0.815064189,-1.19626708,3.13099927,0,0,-1.82527265,14.7539548,-23.8867493,71.3529372,-8.9247623,-7.06009761,-18.3313432,-4.93915141,-19.2918232,34.5767637,69.4294398,8.4333208,-1.30002427,16.9261121,-11.3428533,-2.0836062,-2.2328708,20.4191715,-9.04725491,2.5974313,-8.59473183,-6.19614698,-6.98370664,19.6991757,-8.98957567,6.068063
428,0.835547317,6.3604556,105.376053,-0.553689207,-0.290577561,0.946087944,0.708010259,-1.22894217,3.153385,0,0,-1.81356976,14.6685279,-23.6650021,71.3641524,-8.52101445,-7.14016493,-18.1903186,-4.87096307,-19.1843895,34.2336629,69.4916697,7.82984029,-1.21158901,16.7828215,-11.342797,-2.16892358,-2.24610814,20.4160723,-9.062511,2.66971924,-8.61040882,-6.28401864,-7.01885991,19.7200658,-8.97092414,6.15470224
429,0.813981704,6.48257807,105.365276,-0.567697297,-0.302294662,0.959683204,0.632688534,-1.17680691,3.20131137,0,0,-1.87672745,14.7198739,-24.0367163,71.2328283,-8.91309975,-7.02410422,-18.2748285,-4.96218707,-19.31543,34.4256526,69.5832488,7.80128412,-1.16622342,16.7985583,-11.3555131,-2.24320659,-2.24212678,20.4468748,-9.08062124,2.7597104,-8.63926808,-6.3617765,-7.01950323,19.7696718,-8.95042418,6.21291509
430,0.829329062,6.57120869,105.35568,-0.553402572,-0.297647474,0.951012241,0.741367462,-1.39072022,3.16601914,0,0,-1.84220255,14.8317848,-23.8861961,71.1947227,-8.47537001,-7.14824162,-18.5084466,-4.82937618,-19.1071639,34.2204259,69.6616184,7.35103378,-1.11731063,16.6570265,-11.3506397,-2.32265428,-2.20150465,20.4549378,-9.08543994,2.80209855,-8.67252256,-6.45043748,-7.00250289,19.8273954,-8.96122271,6.29782843
431,0.806273427,6.69506118,105.344713,-0.546795953,-0.314713422,0.961439096,0.538184169,-1.31523916,3.22827098,0,0,-1.83153038,14.6712685,-23.7534599,71.1247884,-8.42993473,-7.39294297,-18.23681,-5.01567215,-19.2689796,34.67588,69.7678689,7.76034397,-1.14256354,16.6865432,-11.3548437,-2.42248646,-2.17984932,20.4788059,-9.06690878,2.91777378,-8.72282178,-6.55829471,-6.93627183,19.9205387,-8.93364155,6.4266633
432,0.750202686,6.84951916,105.32552,-0.574332696,-0.334901138,0.975369963,0.259664582,-1.01114889,3.3814939,0,0,-1.96608681,14.3470019,-23.5981123,71.096327,-8.37077932,-7.45869037,-18.2531171,-5.12926118,-19.5843858,34.8095264,69.7637776,7.40677325,-1.07686694,16.5934426,-11.3909028,-2.50491553,-2.20927357,20.5286697,-9.08620321,3.00757242,-8.79162996,-6.64453097,-6.87627374,20.0127924,-8.8758257,6.57874259
433,0.757295918,6.95062354,105.317879,-0.593412649,-0.347473535,0.97756781,0.317423437,-1.1850804,3.34769705,0,0,-1.87991886,14.4912026,-23.4697543,70.976785,-7.85865173,-7.52036527,-18.2014467,-5.04233507,-19.4122207,34.6963638,69.8569072,7.62265162,-1.13605523,16.8797948,-11.3678271,-2.55454262,-2.19465675,20.5316716,-9.09826533,3.06966993,-8.79268181,-6.69887537,-6.85225538,20.0485382,-8.83275368,6.68215507
434,0.743588246,7.0853509,105.309474,-0.608812926,-0.361236887,0.982750492,0.190583729,-0.997959473,3.37837378,0,0,-1.92130959,14.3471675,-23.6656185,70.8682055,-8.07878276,-7.43844142,-18.0951911,-5.08108829,-19.5750899,34.8364066,69.9896383,7.37724207,-1.08726953,16.7121837,-11.3456725,-2.63302768,-2.1720279,20.5116284,-9.08848023,3.17245169,-8.85245365,-6.78438123,-6.79000759,20.1601042,-8.76767649,6.81944101
435,0.727839721,7.15262294,105.300188,-0.582203467,-0.364408674,1.02493308,0.278240029,-1.33978088,3.40590243,0,0,-1.97217529,14.6036838,-23.7885773,70.8299428,-7.93828064,-7.59616073,-18.1053066,-5.04883912,-19.3466013,34.7496358,70.1265562,7.35211637,-1.11016048,16.6320878,-11.3474859,-2.7262111,-2.19703173,20.5023837,-9.06179126,3.22707186,-8.94612628,-6.88846178,-6.75672237,20.3318766,-8.76582978,6.93577151
436,0.731719797,7.24802017,105.292439,-0.578195404,-0.375282899,1.04322313,0.278899169,-1.45163238,3.40492187,0,0,-1.98085518,14.8248522,-24.1802357,70.6036313,-8.25246251,-7.45763767,-17.9776931,-4.93652691,-19.2319498,34.5846629,70.1813344,7.44487546,-1.15645967,16.7113129,-11.3142698,-2.80211371,-2.17869524,20.4758382,-9.05815333,3.30616353,-8.97795411,-6.97048552,-6.70968201,20.4120186,-8.73134927,7.04833261
437,0.707429927,7.35823512,105.27916,-0.575885847,-0.386936391,1.0476798,0.176762361,-1.44073887,3.4584204,0,0,-1.98447283,14.7521738,-23.893337,70.5029202,-7.87478464,-7.56936334,-18.0407648,-4.9811972,-19.3101367,34.6624792,70.313157,7.37371599,-1.13295176,16.6801125,-11.3050602,-2.88775425,-2.16080804,20.4640817,-9.06609684,3.40856578,-9.03467285,-7.06368089,-6.65598093,20.4966054,-8.69721199,7.16445948
438,0.689573213,7.44228363,105.270028,-0.574670992,-0.396906115,1.09275093,0.215358052,-1.62496476,3.49250069,0,0,-2.06543875,15.0715415,-24.538935,70.2935544,-8.28259987,-7.44188384,-18.1207941,-4.93230414,-19.1279909,34.5967489,70.447138,7.62960817,-1.17221094,16.6511577,-11.2928145,-2.9610695,-2.18493141,20.4403007,-9.06036888,3.48783909,-9.08401414,-7.14406753,-6.65576364,20.599702,-8.6752,7.2652799
439,0.681310566,7.53339157,105.255651,-0.565018463,-0.4060986,1.10781476,0.155900909,-1.69989343,3.52638291,0,0,-2.07123245,14.9718754,-24.1933411,70.258215,-8.11294395,-7.48992653,-17.9179426,-4.87334979,-19.1201532,34.3314473,70.4938292,7.21042409,-1.0360794,16.7027119,-11.2783806,-3.04192272,-2.18514848,20.4339931,-9.08153563,3.53528009,-9.16177157,-7.23477116,-6.60407106,20.7488648,-8.67604011,7.36073692
440,0.659047579,7.6345332,105.245054,-0.558873051,-0.415091073,1.15147258,0.0837966027,-1.76777868,3.57898156,0,0,-2.12936355,15.1826397,-24.5584882,70.0365344,-8.311997,-7.43850716,-17.9503075,-4.88438097,-19.0852151,34.2239503,70.6562169,6.94421107,-1.08886982,16.6393602,-11.2809266,-3.13199178,-2.20200262,20.4325587,-9.06785647,3.62388023,-9.25371446,-7.3358571,-6.58443726,20.9183286,-8.65677385,7.48418917
441,0.638090214,7.72730112,105.241048,-0.581787656,-0.436409065,1.16271455,0.0909322294,-1.91043763,3.63712995,0,0,-2.1953991,15.3611142,-24.6845188,69.9500505,-8.21641363,-7.53442095,-18.0107973,-4.86801029,-18.9897683,34.249806,70.7134676,6.90212814,-0.933618024,16.4768649,-11.2552544,-3.17080668,-2.18463878,20.4098022,-9.09125926,3.69041652,-9.3083278,-7.38393651,-6.57359945,21.0325037,-8.59397453,7.55888668
442,0.62600309,7.8352727,105.235422,-0.600777312,-0.440278389,1.20218204,-0.00152305048,-1.84364223,3.66909779,0,0,-2.2463378,15.311732,-24.8751152,69.8561286,-8.56560022,-7.54044603,-18.0387704,-4.8107716,-19.1318602,34.3211029,70.6975942,7.03877546,-0.903518234,16.6229678,-11.2468149,-3.23351763,-2.21130192,20.3908348,-9.10097691,3.75222461,-9.41863364,-7.4590242,-6.55216248,21.2263599,-8.52926874,7.68474317
443,0.597999757,7.92272314,105.228567,-0.623736257,-0.4670533,1.25677572,-0.0557340501,-1.93129597,3.7475391,0,0,-2.25949509,15.4130681,-24.841147,69.708897,-8.48962376,-7.52445997,-18.183695,-4.80648053,-19.0797031,34.2196268,70.7873087,6.9829741,-0.87135418,16.5882431,-11.2204495,-3.27854779,-2.22459944,20.3645215,-9.11428639,3.84225248,-9.47526274,-7.51409772,-6.55760486,21.373407,-8.46921515,7.77523634
444,0.583656225,7.99988285,105.229437,-0.634184213,-0.481586251,1.27033872,-0.0470399731,-2.0813072,3.81897135,0,0,-2.34106313,15.6155985,-25.2319158,69.5443304,-8.83236521,-7.54891205,-17.9992799,-4.73470122,-18.9221034,33.8740602,70.8567308,6.42058059,-0.863337619,16.4331773,-11.1932457,-3.32241169,-2.19907951,20.3316546,-9.09394096,3.90515297,-9.55842115,-7.57298249,-6.50658932,21.5300267,-8.4073029,7.84467802
445,0.572257256,8.10844898,105.230725,-0.656163468,-0.489813387,1.28905593,-0.0957120545,-2.07008242,3.81644333,0,0,-2.33580026,15.537678,-25.1469516,69.4824831,-8.69072758,-7.50143796,-17.9688241,-4.73762668,-19.0218122,34.1686053,70.9502839,6.6644081,-0.766802873,16.3240531,-11.1771418,-3.37605536,-2.19893949,20.3116456,-9.08654558,3.95394358,-9.63819264,-7.63868208,-6.44090723,21.6692601,-8.32052876,7.955602
446,0.552494777,8.18988755,105.221307,-0.666661208,-0.509858431,1.34585013,-0.171821066,-2.22907556,3.87433175,0,0,-2.42351995,15.8298069,-25.5350379,69.3195899,-8.99277391,-7.50235492,-17.9700228,-4.72699591,-18.9192791,34.2878092,71.0147745,6.72218638,-0.750592967,16.1656712,-11.1670161,-3.43103646,-2.20412446,20.3087376,-9.09932059,4.01809698,-9.72636611,-7.70885629,-6.40041787,21.8674602,-8.27928723,8.0991205
447,0.527288113,8.26852024,105.217803,-0.665218591,-0.502158875,1.3671872,-0.155707102,-2.30764323,3.94831721,0,0,-2.48419444,15.7088101,-25.2501541,69.3077873,-8.55544287,-7.62403218,-17.885448,-4.6659114,-18.8978989,34.002198,71.0461114,6.28741111,-0.617183898,16.2067702,-11.1958702,-3.49377281,-2.19706887,20.3108772,-9.07085749,4.06349085,-9.89368525,-7.78724894,-6.31651284,22.1137295,-8.2049705,8.23659171
448,0.525957718,8.35175142,105.207062,-0.69057571,-0.512075004,1.42824794,-0.206910216,-2.37904646,3.91872413,0,0,-2.45361611,15.806866,-25.4870438,69.1732189,-8.73531591,-7.65166371,-17.5573616,-4.59794675,-18.8668198,34.2396154,71.1387425,6.77159682,-0.724434089,16.3192241,-11.1822073,-3.53504188,-2.2349158,20.3037738,-9.09143685,4.11817462,-9.98111167,-7.84115877,-6.29012782,22.3126178,-8.15710027,8.34387776
449,0.494457269,8.4314324,105.187178,-0.675517485,-0.542529563,1.42683224,-0.210191655,-2.5116089,4.02026044,0,0,-2.52543662,15.9275691,-25.5445472,69.0700148,-8.57488672,-7.68652328,-17.578472,-4.5880656,-18.8453013,34.3186987,71.1110597,6.92689953,-0.607928671,16.3032927,-11.1728337,-3.61056563,-2.19741465,20.3273396,-9.10779088,4.19948333,-10.1119038,-7.94647601,-6.08436666,22.5339347,-8.20967735,8.13804233
450,0.464622118,8.50946307,105.173516,-0.674782504,-0.568372018,1.47225933,-0.214976069,-2.58528572,4.12408359,0,0,-2.63223004,15.8481596,-25.2656928,69.0912362,-7.99358127,-7.83209084,-17.5145926,-4.54850941,-18.7634739,34.1256981,71.2393443,6.93517985,-0.750963238,16.2449988,-11.1905512,-3.6791625,-2.23447376,20.3827564,-9.12332785,4.24381809,-10.2181688,-8.02769379,-6.02876935,22.7529447,-8.18819641,8.26727378
451,0.441588322,8.60522166,105.162203,-0.69409536,-0.59030822,1.53100279,-0.364739492,-2.5745032,4.17744956,0,0,-2.67546365,15.9957242,-25.7081712,68.8680256,-8.51936923,-7.69389135,-17.2354564,-4.5773422,-18.820687,33.9141569,71.3699034,6.21942042,-0.79026516,16.7855673,-11.1807012,-3.73522043,-2.28135255,20.3793328,-9.1278981,4.30968203,-10.3382213,-8.09794058,-5.94806085,23.0050982,-8.13033532,8.43876702
452,0.41966578,8.69496539,105.15902,-0.733567867,-0.62524501,1.50714536,-0.364463537,-2.53655467,4.23480693,0,0,-2.7151701,15.8842435,-25.6095296,68.8681349,-8.36265139,-7.75219128,-17.180733,-4.51821197,-18.8951463,34.0744068,71.3683666,6.64495145,-0.62727801,16.3782353,-11.1444483,-3.74190163,-2.21978437,20.3734503,-9.14865761,4.34551235,-10.4835703,-8.12442293,-5.79370455,23.283688,-8.03505588,8.55085213
453,0.397580303,8.78183246,105.158961,-0.784587138,-0.667325841,1.53877266,-0.323165465,-2.59990382,4.33479279,0,0,-2.8439706,15.9798064,-25.710753,68.850793,-8.20447275,-7.82603246,-17.2083799,-4.49557459,-18.8858658,34.0889311,71.4204263,6.63829543,-0.683872584,16.3709696,-11.1268093,-3.74216673,-2.19502664,20.4057844,-9.12704604,4.37330908,-10.6028228,-8.14697109,-5.68275965,23.5600084,-7.89855797,8.68907467
454,0.378186186,8.85851905,105.157626,-0.821395479,-0.687248207,1.55014664,-0.345506747,-2.69792045,4.36759904,0,0,-2.87989014,16.1598963,-25.9360007,68.7586401,-8.31181173,-7.84941988,-16.9428443,-4.41357603,-18.7969197,33.9832579,71.4395303,6.49992092,-0.59294537,16.3287591,-11.1052797,-3.75003255,-2.14426895,20.388656,-9.1357477,4.43517437,-10.7896421,-8.18005312,-5.53852783,23.8957839,-7.77812295,8.80100525
455,0.35863535,8.92741457,105.147183,-0.826919447,-0.716803978,1.54028222,-0.378454299,-2.75727458,4.43382157,0,0,-2.99575469,16.2650505,-26.1003556,68.7517894,-8.37589769,-7.89279414,-16.9474735,-4.36779968,-18.7949833,33.9462348,71.4744804,6.5157708,-0.673978201,16.4806522,-11.0959266,-3.78710425,-2.06690425,20.4218319,-9.13872822,4.46783292,-10.9618859,-8.24377366,-5.35056017,24.2068973,-7.7120477,8.99239825
456,0.340025127,9.01682004,105.155814,-0.894636806,-0.746433156,1.54960114,-0.365302583,-2.67297404,4.52971273,0,0,-3.10535148,16.1987174,-26.1528387,68.7275559,-8.3233761,-7.87422969,-17.1335927,-4.40583615,-18.8850667,33.9018147,71.5611214,6.45925056,-0.725557335,16.9277974,-11.0856292,-3.76493175,-2.05166204,20.4480871,-9.12884665,4.50324575,-11.1407352,-8.24197134,-5.20370512,24.5489447,-7.53302417,9.1294588
457,0.312054972,9.08834934,105.154777,-0.928312232,-0.787657183,1.56279521,-0.380224438,-2.83974762,4.60084189,0,0,-3.2043126,16.4318608,-26.3549526,68.6851541,-8.48003588,-7.81972563,-16.8475034,-4.35883719,-18.7606018,33.889896,71.5935238,6.40254505,-0.745333294,16.9369089,-11.0775201,-3.77710101,-2.03511527,20.4921828,-9.12358569,4.55622838,-11.3296531,-8.28000013,-5.05946348,24.9224006,-7.37094549,9.33226334
458,0.284938677,9.14635211,105.144477,-0.93811273,-0.829471498,1.56025391,-0.393475272,-2.99273959,4.70004826,0,0,-3.26477002,16.5247206,-26.3561564,68.6596775,-8.59452436,-7.86361387,-16.7978838,-4.35516981,-18.6213633,33.6575466,71.6631507,6.24316643,-0.677365388,16.898081,-11.0709853,-3.80793676,-2.01232933,20.5480879,-9.12250652,4.62067676,-11.5258025,-8.33362907,-4.94199447,25.305897,-7.27157136,9.46093898
459,0.268466631,9.24493596,105.148661,-1.00085565,-0.881337714,1.5574084,-0.543506487,-2.75377326,4.77943042,0,0,-3.31278475,16.3251408,-26.4101627,68.6436061,-8.70146805,-7.87469243,-16.7245634,-4.40024948,-18.8339854,33.8917675,71.7793391,6.45375653,-0.803176779,16.9050375,-11.0402264,-3.79779222,-1.98010898,20.5885619,-9.11462107,4.68582951,-11.7259544,-8.34505853,-4.81769186,25.7205117,-7.04632709,9.60238281
460,0.251850486,9.30559635,105.158651,-1.0576712,-0.933459459,1.59548515,-0.539226359,-2.86627224,4.8313595,0,0,-3.32332993,16.5144788,-26.3981347,68.5637885,-8.24462999,-7.85526225,-16.7420282,-4.29473202,-18.7129237,33.9538846,71.8359477,6.91405664,-0.819272066,16.5569062,-11.0165897,-3.77759578,-1.99766876,20.6389585,-9.08766317,4.75234616,-11.9147434,-8.34097152,-4.68901323,26.1332258,-6.8513333,9.63398182
461,0.226822379,9.37353149,105.156398,-1.104428,-0.971496603,1.62520872,-0.585718177,-2.91246139,4.8897145,0,0,-3.34756152,16.5847204,-26.3622028,68.5219126,-8.26508129,-7.81202972,-16.8063464,-4.24504667,-18.6821759,33.7752103,71.7689845,6.63147207,-0.743439998,16.8556296,-11.0158819,-3.77868178,-2.03853634,20.6910711,-9.09140611,4.81316216,-12.1543148,-8.35945999,-4.54449198,26.5801524,-6.63106824,9.7912512
462,0.202847505,9.47281495,105.165732,-1.19676543,-1.01951819,1.63390035,-0.709744113,-2.7449431,4.95736752,0,0,-3.3595263,16.4710644,-26.5027066,68.5100485,-8.62417763,-7.84358946,-16.5623379,-4.31060752,-18.7737824,33.9420923,71.9429563,6.67507685,-0.911800692,16.8315276,-10.9879029,-3.73791366,-2.06385094,20.7185165,-9.09635714,4.87899195,-12.3998618,-8.3402424,-4.37307942,27.0524925,-6.32453404,9.92063974
463,0.178522523,9.54843163,105.178249,-1.28090834,-1.08247808,1.63603036,-0.760660452,-2.70700034,5.06627446,0,0,-3.41080395,16.4313622,-26.4857848,68.5400536,-8.63152947,-7.91659138,-16.3432852,-4.36343519,-18.8117104,34.1024549,71.9983354,7.15107487,-0.993089442,16.9668149,-10.9533054,-3.68561789,-2.06994838,20.7654553,-9.0777833,4.92477258,-12.6697533,-8.31182966,-4.20435838,27.5895639,-6.03577115,10.0411934
464,0.156813976,9.59609747,105.169761,-1.31352986,-1.13442401,1.66663413,-0.797712361,-2.80765961,5.13010514,0,0,-3.4507883,16.5642179,-26.6213982,68.5200001,-8.6023381,-7.85504454,-16.398538,-4.28716673,-18.741952,33.9481029,71.989784,6.99568721,-0.922795803,17.0949731,-10.9486071,-3.685518,-2.09690906,20.8439854,-9.09840193,4.95962831,-12.8990556,-8.33070916,-4.09124959,28.0563476,-5.89615781,10.1632839
465,0.129300426,9.66879353,105.165672,-1.4097769,-1.21470472,1.72300143,-0.877946593,-2.7512653,5.25267374,0,0,-3.49482253,16.5762954,-26.6091773,68.4927272,-8.54704772,-7.8241755,-16.4372481,-4.29145652,-18.7599017,33.9318368,72.0232588,6.97868944,-1.01517443,17.1076073,-10.8983181,-3.62681252,-2.14947569,20.8874083,-9.13636754,4.99950509,-13.1160797,-8.28780703,-4.03042974,28.5832488,-5.71934727,10.2073053
466,0.109818531,9.7459726,105.18707,-1.54948243,-1.28592799,1.73364662,-0.898379797,-2.70576557,5.34962059,0,0,-3.56904491,16.7116253,-26.6161766,68.4859516,-8.5863307,-7.75970961,-16.7365777,-4.33588861,-18.7002639,34.0103532,72.1219619,7.22041154,-1.07331065,17.2290907,-10.8426777,-3.50389793,-2.17338476,20.9129105,-9.13808192,5.00187303,-13.4139579,-8.16188311,-3.83836909,29.208638,-5.48353456,10.1162572
467,0.0905482855,9.81266797,105.199122,-1.66197377,-1.3563093,1.72978591,-0.890921124,-2.67462375,5.45205806,0,0,-3.61534378,16.753368,-26.7004355,68.4761367,-8.59184949,-7.73626926,-16.5613509,-4.24927071,-18.650448,33.8280794,72.1223034,7.29109887,-1.05421195,17.1928258,-10.7793337,-3.40657414,-2.16759127,20.9252732,-9.1715507,5.02571808,-13.7475068,-8.03204462,-3.5341467,29.8927225,-5.40407683,10.0126757
468,0.0714459398,9.87031609,105.214059,-1.76223238,-1.39616833,1.73137553,-0.894500197,-2.6738895,5.51195071,0,0,-3.64895002,16.7629644,-26.6991634,68.5194742,-8.46721647,-7.75783985,-16.4298783,-4.18577428,-18.5560513,33.6287642,72.1458129,7.25452833,-1.08848883,17.1469696,-10.7626014,-3.32191437,-2.18566438,20.9567177,-9.18032749,5.03769866,-14.0811547,-7.90321957,-3.31018544,30.5176711,-5.46270334,9.79099251
469,0.0498613925,9.92310196,105.216014,-1.83529504,-1.45572455,1.72832192,-0.912492569,-2.64795591,5.60424407,0,0,-3.74476178,16.8318486,-26.9372279,68.5647789,-8.66106065,-7.80927117,-16.4142355,-4.19449686,-18.5374459,33.6756706,72.1905575,7.37131859,-1.1439236,17.0734017,-10.714884,-3.26398818,-2.17012975,20.973257,-9.19350463,5.0791229,-14.4347971,-7.79465372,-3.03984143,31.2189608,-5.64394667,9.71135165
470,0.0333153468,9.96904746,105.231833,-1.9221111,-1.5074646,1.74183133,-0.957269582,-2.67601027,5.67295876,0,0,-3.79177141,16.8689007,-26.8388544,68.6486946,-8.40938184,-7.89369658,-16.4476488,-4.2026726,-18.4781291,33.6317217,72.2537572,7.33744854,-1.14978807,17.2271048,-10.6749897,-3.18820979,-2.1757939,20.9905032,-9.18239191,5.08965036,-14.782604,-7.65437273,-2.7869287,31.9200592,-5.79201792,9.65484549
471,0.0116304698,10.0116752,105.244696,-1.98892315,-1.5510442,1.73476409,-1.00042773,-2.71235414,5.73006511,0,0,-3.83018098,16.9710906,-26.9192047,68.6519935,-8.39644802,-7.84693711,-16.467528,-4.18406503,-18.4073205,33.5923013,72.272226,7.39048752,-1.22627754,17.1986127,-10.6426932,-3.1298089,-2.15797906,20.9991622,-9.16272609,5.09818852,-15.1826499,-7.5189907,-2.52765899,32.6752698,-5.93569436,9.56622635
472,-0.00611900323,10.0637741,105.268264,-2.07209385,-1.61008481,1.73535164,-1.04245346,-2.62483508,5.81657458,0,0,-3.88585641,17.0085781,-26.8314453,68.6446716,-8.21090764,-7.69862638,-16.5934033,-4.15393536,-18.441813,33.5908738,72.2850326,7.64509989,-1.21322569,16.9122109,-10.5917118,-3.0594699,-2.13513186,21.0095628,-9.15300076,5.10921799,-15.5842633,-7.37906232,-2.27575201,33.4812321,-6.05391298,9.67041576
473,-0.0173329172,10.095308,105.274224,-2.08337734,-1.66086034,1.76074557,-1.10352271,-2.69652304,5.88671764,0,0,-3.92916109,17.1197701,-26.937805,68.6339618,-8.3047903,-7.6901928,-16.5677201,-4.16936646,-18.3561846,33.4849819,72.4036798,7.6629856,-1.21943231,16.8911722,-10.538292,-3.06834338,-2.12318501,21.006059,-9.12306745,5.12305638,-15.950271,-7.32594906,-2.09375671,34.2589755,-6.30006916,9.81283972
474,-0.0350521994,10.1472482,105.294645,-2.14730831,-1.70286482,1.76003515,-1.12644462,-2.61783456,5.9386147,0,0,-3.89362404,16.9809414,-26.6734477,68.6824767,-8.06100975,-7.7343218,-16.4704104,-4.20213515,-18.3826806,33.3681891,72.5091175,7.5362762,-1.30021498,17.130082,-10.4996511,-3.02054529,-2.09248672,21.0018208,-9.09485792,5.13590354,-16.4030374,-7.21318434,-1.92256848,35.1439768,-6.34902582,9.85636254
475,-0.0464873388,10.1946115,105.302656,-2.19259433,-1.73526218,1.74966201,-1.19320566,-2.58437112,5.97365399,0,0,-3.90428981,16.9505385,-26.6612848,68.7248307,-8.08200917,-7.71563013,-16.4422085,-4.22604038,-18.3748618,33.4266623,72.5631101,7.47179153,-1.29802847,17.0298968,-10.454571,-2.99242903,-2.0548575,20.9757415,-9.07978796,5.1591629,-16.8512566,-7.14607048,-1.77179536,36.0149728,-6.42999174,10.1291594
476,-0.0545677438,10.2244914,105.31137,-2.21731261,-1.75328525,1.73231444,-1.20239397,-2.65767975,5.98508816,0,0,-3.89478859,17.0392917,-26.7051927,68.7352535,-8.1250035,-7.71754003,-16.4196877,-4.1968537,-18.2982749,33.513877,72.5980192,7.77234803,-1.26502425,16.6202545,-10.4152795,-2.977993,-2.01096222,20.9297248,-9.06038766,5.17677668,-17.3212897,-7.11292442,-1.69086786,36.9276534,-6.57446603,10.2551816
477,-0.0723714242,10.2647893,105.322134,-2.26236569,-1.79507684,1.72202145,-1.21575905,-2.67845954,6.0537401,0,0,-3.89240272,17.0619935,-26.6270793,68.7481831,-8.03943147,-7.75382626,-16.2199559,-4.20986137,-18.2753989,33.5849451,72.5945631,7.95033166,-1.30340617,16.5539709,-10.3575985,-2.94807528,-1.99345474,20.8935248,-9.04369382,5.23887633,-17.808733,-7.0931506,-1.65932103,37.890874,-6.64989992,10.415084
478,-0.0944890839,10.3250988,105.357933,-2.39053112,-1.84928326,1.70160043,-1.28557255,-2.52269302,6.13132421,0,0,-3.9144971,17.0111991,-26.5945573,68.7951133,-8.04809301,-7.75110016,-16.1976519,-4.27610866,-18.3350247,33.5692733,72.6561783,7.95077647,-1.35929516,16.6983577,-10.2770066,-2.82070933,-1.96885902,20.8376863,-9.01093794,5.28136992,-18.3107587,-6.99636127,-1.6631422,38.9245172,-6.53837275,10.4288929
479,-0.11332694,10.3506714,105.365598,-2.40939823,-1.90790596,1.69746627,-1.28590061,-2.5993414,6.19941864,0,0,-3.93670076,17.0502354,-26.5893886,68.8651364,-8.1143595,-7.78880964,-16.1130463,-4.28116471,-18.2545446,33.4477403,72.7104783,7.96497046,-1.43949524,16.7319366,-10.201965,-2.81146104,-1.94248296,20.8060061,-8.9848748,5.30377892,-18.7634722,-7.03611382,-1.70172285,39.9126885,-6.66658821,10.4308907
480,-0.133577501,10.388115,105.38379,-2.45694242,-1.95895637,1.69165051,-1.30989368,-2.54885776,6.27290464,0,0,-3.96160022,17.0177647,-26.5770259,68.9252216,-8.17149318,-7.81436223,-16.1266316,-4.29927111,-18.2906609,33.1957268,72.720546,7.6360294,-1.41224033,16.9950048,-10.1489824,-2.77311507,-1.9155432,20.792636,-8.95181497,5.3076828,-19.2487367,-7.07635858,-1.7838262,40.9263398,-6.66147539,10.4271666
481,-0.153111049,10.4266673,105.408919,-2.51088058,-2.01870648,1.6842893,-1.32763947,-2.55054354,6.35047937,0,0,-3.9855443,17.0640511,-26.5701104,68.9809491,-8.154959,-7.84530554,-16.2995054,-4.33614133,-18.2554615,33.1686827,72.7787665,7.74839967,-1.50272764,17.030672,-10.0776854,-2.72714811,-1.88049985,20.7645435,-8.90341198,5.3054361,-19.7352101,-7.12120731,-1.85115458,41.9716251,-6.6219922,10.439682
482,-0.172030285,10.4446091,105.424476,-2.51608906,-2.08479625,1.70703777,-1.37655344,-2.60267368,6.43735212,0,0,-4.00510639,17.0911841,-26.536277,69.0357819,-8.09832478,-7.82168931,-16.3026541,-4.38524612,-18.2080668,33.3323033,72.840607,8.23911974,-1.56238998,16.7648752,-10.0114539,-2.73373028,-1.89317732,20.7580258,-8.8685063,5.29070423,-20.1957031,-7.24085686,-1.9416183,43.0108658,-6.74753406,10.3367093
483,-0.193286955,10.4812875,105.447686,-2.5819248,-2.1607225,1.7179425,-1.40389768,-2.59345826,6.51839573,0,0,-3.99982366,17.1856319,-26.6569425,69.019888,-8.18862671,-7.79548358,-16.3641378,-4.38612636,-18.2017831,33.3660205,72.7995713,8.35332562,-1.50965601,16.7135754,-9.92420254,-2.67670482,-1.88828947,20.735925,-8.82309835,5.30223231,-20.6589914,-7.32603614,-2.11332862,44.0688723,-6.79227991,10.2806163
484,-0.213244278,10.5141193,105.471325,-2.65985577,-2.24494365,1.73912191,-1.46728322,-2.58413078,6.60507425,0,0,-3.99208591,17.2257695,-26.6511266,69.0573311,-8.15996382,-7.78296043,-16.3418167,-4.41226037,-18.1646832,33.2956866,72.8249454,8.17520966,-1.43292364,16.7374144,-9.82891286,-2.60285809,-1.89946856,20.723214,-8.79003682,5.3118347,-21.106181,-7.39533524,-2.24733458,45.1257928,-6.85332089,10.1277695
485,-0.240919041,10.5451047,105.48842,-2.7370547,-2.3196361,1.75929007,-1.55465447,-2.54082973,6.70610811,0,0,-3.98044941,17.1780829,-26.5165019,69.0976634,-8.05315503,-7.75342584,-16.2235861,-4.45955516,-18.1622448,33.3920572,72.837834,8.34552299,-1.49353666,16.7929234,-9.73838468,-2.52886409,-1.91328881,20.686915,-8.77417541,5.31765744,-21.5754628,-7.4786849,-2.36999026,46.2118851,-7.05425694,10.0377988
486,-0.261681643,10.5752498,105.505168,-2.81092144,-2.40188995,1.78949293,-1.62168744,-2.50969389,6.79410272,0,0,-3.99130813,17.2086565,-26.5727707,69.1350109,-8.08289794,-7.71540645,-16.1617439,-4.42315922,-18.1282066,33.3333312,72.7956712,8.37985493,-1.56397917,16.7759008,-9.66815326,-2.46163326,-1.92706103,20.7136773,-8.77544412,5.32826643,-22.0184706,-7.56071205,-2.52269494,47.2785011,-7.21350622,9.91103223
487,-0.285195373,10.6183685,105.526543,-2.92367988,-2.45649222,1.80875642,-1.74030958,-2.37216333,6.86519816,0,0,-4.01028581,17.1958328,-26.6138167,69.1974729,-8.19037695,-7.71517166,-16.1927546,-4.45349123,-18.1887289,33.2485925,72.7853781,8.17213437,-1.56306841,16.7602136,-9.63161004,-2.35435767,-1.95690661,20.7379126,-8.77471927,5.34543283,-22.5273658,-7.5966064,-2.64220916,48.3867676,-7.40342304,9.69515044
488,-0.307351863,10.654299,105.539179,-2.99286317,-2.52066841,1.82801528,-1.83365158,-2.30924726,6.9590091,0,0,-4.05544403,17.1778694,-26.6436612,69.2765665,-8.25733756,-7.74562833,-16.1698018,-4.52820795,-18.1986292,33.3350729,72.8158954,8.32810344,-1.61159167,16.8410472,-9.5711936,-2.29400676,-1.9663073,20.7416453,-8.77937404,5.38555635,-23.0165012,-7.66233758,-2.68323064,49.5055902,-7.66821496,9.67334164
489,-0.328827649,10.6836826,105.548394,-3.06051637,-2.56830806,1.84476498,-1.90256477,-2.26138577,7.02397957,0,0,-4.08227301,17.1680715,-26.5999275,69.3505511,-8.22878737,-7.77994234,-16.2607321,-4.56169082,-18.2061646,33.3568578,72.8298563,8.32846544,-1.68753612,16.8372957,-9.54341778,-2.23293377,-1.98636671,20.7721404,-8.78860846,5.40737155,-23.5180864,-7.71721218,-2.72424934,50.6196623,-7.94846958,9.5702425
490,-0.350254076,10.7084662,105.570376,-3.15201323,-2.64196677,1.86547439,-1.90081646,-2.23663765,7.11473528,0,0,-4.12792386,17.2525763,-26.8207817,69.3727971,-8.40399453,-7.75706292,-16.2085136,-4.56134035,-18.2245361,33.5148025,72.7335848,8.64667371,-1.69077416,16.866312,-9.4665201,-2.1371504,-1.99177686,20.769591,-8.75941879,5.44853155,-24.0433058,-7.72079376,-2.69024631,51.8018246,-8.0564856,9.54422802
491,-0.367210805,10.7306205,105.583525,-3.20356136,-2.71259807,1.9001559,-1.9582067,-2.1935605,7.19133542,0,0,-4.11478044,17.2228838,-26.7846534,69.39673,-8.35737251,-7.72958848,-16.2320556,-4.55593382,-18.241767,33.574191,72.6947962,8.88282153,-1.74685268,16.8347019,-9.40264844,-2.09350463,-2.01008092,20.7842332,-8.74609224,5.46075844,-24.4943356,-7.76049935,-2.69052357,52.8832997,-8.26890534,9.45260103
492,-0.394255854,10.7476078,105.609012,-3.28106576,-2.77850934,1.92612133,-1.97774061,-2.1769164,7.28494658,0,0,-4.14092299,17.2561366,-26.7887942,69.435225,-8.2945177,-7.7258703,-16.2502495,-4.58161619,-18.1927945,33.6101622,72.6838201,9.10713348,-1.80936407,16.7867608,-9.36204297,-2.00906002,-2.01762956,20.8180922,-8.72016228,5.46782811,-24.9959498,-7.74377308,-2.63098182,54.0131462,-8.38449775,9.49770162
493,-0.416120654,10.7618585,105.636895,-3.33720666,-2.84421248,1.96119627,-2.03698098,-2.17256578,7.3747021,0,0,-4.15853336,17.2949235,-26.8004499,69.4689798,-8.33252172,-7.74460124,-16.2757056,-4.60224635,-18.1812942,33.6097797,72.6406328,9.16406139,-1.82872595,16.8573782,-9.31094717,-1.95199976,-2.02376179,20.8359087,-8.68618294,5.47096744,-25.4957575,-7.7187336,-2.50741026,55.1481461,-8.4465893,9.59999566
494,-0.434574159,10.7745662,105.661702,-3.39354215,-2.90229644,1.99043726,-2.06716401,-2.16750141,7.45188665,0,0,-4.17182576,17.3356792,-26.8481878,69.4874964,-8.37939646,-7.74173939,-16.2584764,-4.59730257,-18.1648403,33.524918,72.5758826,9.15348058,-1.74586551,16.8769671,-9.25169272,-1.8924958,-2.02406338,20.8260579,-8.65321789,5.483132,-25.9979932,-7.68832048,-2.39015597,56.2721322,-8.50643029,9.66406198
495,-0.450997939,10.7854933,105.679953,-3.43917736,-2.96109939,2.03010726,-2.12751172,-2.16546495,7.51786115,0,0,-4.16320478,17.366135,-26.892234,69.4932543,-8.43314236,-7.71999548,-16.2423521,-4.60668384,-18.1437026,33.4511315,72.5688133,9.03968536,-1.67529343,16.8916862,-9.20246926,-1.84847395,-2.03370611,20.8394519,-8.63893681,5.47846869,-26.4921489,-7.66035256,-2.2549765,57.386061,-8.55851987,9.80105337
496,-0.471695187,10.7923836,105.695844,-3.47243339,-3.01002852,2.07177544,-2.20411464,-2.13701337,7.58457844,0,0,-4.16722221,17.3215698,-26.8410093,69.5346042,-8.40282571,-7.72548097,-16.2074652,-4.65745989,-18.1618965,33.5204579,72.614719,9.10822033,-1.7043355,16.9445706,-9.1635978,-1.81741772,-2.05250792,20.8425101,-8.60333104,5.46031277,-26.9063042,-7.63699246,-2.16048873,58.368167,-8.74670183,9.84470682
497,-0.488777691,10.8085155,105.719721,-3.52443981,-3.06565113,2.11787755,-2.30687782,-2.08861507,7.63956488,0,0,-4.14090933,17.2619712,-26.7379452,69.5793352,-8.36020021,-7.73552818,-16.184123,-4.70833199,-18.1982894,33.7019907,72.6518684,9.30479915,-1.76206608,16.9914616,-9.1225569,-1.77156964,-2.10184045,20.8748032,-8.55827655,5.44463108,-27.3520458,-7.61990845,-2.08794273,59.4123322,-8.79469074,9.95801112
498,-0.499680638,10.8144984,105.754054,-3.58719006,-3.11359619,2.16401681,-2.37999158,-2.06479607,7.68880115,0,0,-4.1334529,17.2481589,-26.7042553,69.6224063,-8.34198495,-7.73460782,-16.1704814,-4.71914333,-18.1470408,33.6421582,72.6977878,9.26554776,-1.79176395,17.0804504,-9.10451324,-1.70417243,-2.14964004,20.9354109,-8.49501961,5.41325789,-27.8076109,-7.57968034,-2.00409874,60.4368606,-8.77075861,10.1476804
499,-0.518251583,10.8181261,105.777752,-3.64856817,-3.15182849,2.19417571,-2.40588398,-2.05418409,7.73287722,0,0,-4.14554148,17.2710093,-26.7386658,69.6568305,-8.35789161,-7.74077804,-16.1226154,-4.74193482,-18.1216291,33.7125399,72.7001032,9.45238588,-1.76550444,17.0909621,-9.09702223,-1.6340758,-2.20121309,20.9813712,-8.44635963,5.37627071,-28.2290045,-7.53432191,-1.96170845,61.3805058,-8.82652028,10.2181892
500,-0.535701215,10.8284049,105.795789,-3.70778106,-3.1846499,2.23861457,-2.48601618,-1.99053398,7.77969902,0,0,-4.14784326,17.2394504,-26.7242216,69.6752515,-8.34790075,-7.76000246,-16.1261022,-4.76501701,-18.1496124,33.7502733,72.6914904,9.56566286,-1.76128317,17.1190598,-9.07615686,-1.5758986,-2.25409775,20.9885822,-8.41534801,5.37143536,-28.6611232,-7.50073958,-1.89368489,62.3467454,-8.94848782,10.3370806
501,-0.548357563,10.8360291,105.820799,-3.78136779,-3.19934508,2.2707603,-2.58208898,-1.91097423,7.79083222,0,0,-4.13490218,17.2033016,-26.6705671,69.69816,-8.33607342,-7.74535939,-16.0896581,-4.78097404,-18.1662234,33.7309029,72.6951445,9.55177025,-1.77683743,17.1913949,-9.05548785,-1.49589809,-2.29177756,20.9575527,-8.38090337,5.37920427,-29.1027121,-7.43696354,-1.81316486,63.2702211,-9.11265654,10.3685029
502,-0.565136271,10.8461216,105.842471,-3.84449287,-3.22824917,2.30625771,-2.6620276,-1.8376513,7.83056685,0,0,-4.14792522,17.1877954,-26.6864455,69.701616,-8.37931705,-7.70020159,-16.0940396,-4.79543697,-18.1555307,33.5969868,72.7311669,9.45366825,-1.8218646,17.2143495,-9.01732417,-1.43180605,-2.33954363,20.9241547,-8.35094957,5.38888137,-29.513145,-7.40527146,-1.7539151,64.1732199,-9.2220036,10.463125
503,-0.577862328,10.8429007,105.860043,-3.91226111,-3.25162967,2.34346378,-2.70209156,-1.81223104,7.85921949,0,0,-4.15919161,17.1953393,-26.6848746,69.7232882,-8.334984,-7.6845596,-16.0704089,-4.7910093,-18.1180723,33.5318541,72.7224516,9.43461031,-1.81550548,17.2592409,-8.97699361,-1.35189091,-2.38693084,20.879516,-8.32051852,5.37915475,-29.9116148,-7.35963811,-1.70743491,65.0571147,-9.44749205,10.3912927
504,-0.591717986,10.8491205,105.888021,-4.00090056,-3.27588827,2.38976087,-2.75379951,-1.74890014,7.90292246,0,0,-4.16362782,17.2059159,-26.67222,69.7029343,-8.29623036,-7.66033719,-16.0773193,-4.78257572,-18.0941017,33.4221066,72.7333526,9.41704989,-1.86882855,17.2741683,-8.93327186,-1.2522852,-2.42073537,20.8235017,-8.27657052,5.38024758,-30.3229663,-7.30666402,-1.6726129,65.9221377,-9.44871977,10.3587665
505,-0.600208808,10.845004,105.917704,-4.07884839,-3.29943167,2.42897574,-2.79377768,-1.70240235,7.93548282,0,0,-4.18506138,17.2467689,-26.7401325,69.7060283,-8.38384547,-7.66497745,-16.1265957,-4.77276416,-18.0698272,33.4318191,72.7175065,9.52009269,-1.88235104,17.2636054,-8.89110313,-1.15674867,-2.45043773,20.7797321,-8.23421652,5.38393503,-30.6980564,-7.25134546,-1.61720225,66.7293841,-9.53035163,10.4390946
506,-0.607049325,10.8450733,105.943596,-4.16045542,-3.31822059,2.47513902,-2.87479717,-1.63366684,7.94972889,0,0,-4.16960723,17.2380622,-26.6551787,69.7158843,-8.30356172,-7.67278948,-16.1905963,-4.72806313,-18.0535475,33.3216618,72.6762181,9.4449367,-1.85350353,17.2586859,-8.84597351,-1.06103221,-2.48720079,20.7216823,-8.18974174,5.37884099,-31.0181191,-7.21166377,-1.62220877,67.4582541,-9.6273352,10.504539
507,-0.6281571,10.8375229,105.960596,-4.22150598,-3.3349369,2.51242312,-2.9297328,-1.58059339,7.98829982,0,0,-4.16286284,17.2408164,-26.6565293,69.6709212,-8.27142739,-7.66937865,-16.1373738,-4.75001066,-18.0376366,33.32576,72.6763683,9.46464351,-1.86531869,17.2053097,-8.83680569,-0.985145611,-2.5151034,20.7079075,-8.16273432,5.37664808,-31.3221137,-7.20420777,-1.65422102,68.1330016,-9.83498917,10.422207
508,-0.642759632,10.8377956,105.985796,-4.29152617,-3.34794893,2.5496397,-2.96143385,-1.54048855,8.00448481,0,0,-4.15331509,17.3163515,-26.7758032,69.595311,-8.37022778,-7.61626796,-16.1119638,-4.74817846,-17.9931362,33.3344001,72.6911557,9.55817868,-1.86660191,17.1492356,-8.81835478,-0.904348742,-2.55159069,20.6757032,-8.11187588,5.38564898,-31.6575853,-7.17703386,-1.61961352,68.8138075,-9.81688575,10.5093022
509,-0.655298261,10.8404048,106.009161,-4.36867664,-3.3615199,2.58868157,-3.03675717,-1.45754166,8.01956928,0,0,-4.13862463,17.3362581,-26.8526053,69.5549787,-8.47603595,-7.61659666,-16.1024783,-4.7807209,-18.0024508,33.4354699,72.7196922,9.65612274,-1.87008552,17.1396101,-8.79657673,-0.816847616,-2.58900498,20.6416479,-8.06079545,5.391003,-31.9377836,-7.1796097,-1.66252023,69.421749,-9.87164936,10.4558115
510,-0.672322931,10.8365163,106.029212,-4.4416202,-3.37141944,2.62921546,-3.06754873,-1.40165364,8.03933756,0,0,-4.11664124,17.3760559,-26.8624834,69.4755982,-8.49024957,-7.58050936,-16.1921092,-4.79776521,-17.965479,33.4834144,72.7619506,9.62601185,-1.88518579,17.1407712,-8.78289415,-0.729381067,-2.63039165,20.6070888,-8.0375822,5.37591127,-32.1719156,-7.15392861,-1.70394234,69.9338015,-9.9861182,10.3569514
511,-0.682342798,10.838367,106.055641,-4.52907448,-3.38977417,2.68708451,-3.14012931,-1.30245731,8.05100267,0,0,-4.07179465,17.36105,-26.8590786,69.4224525,-8.56217317,-7.5630198,-16.17063,-4.81181918,-17.9684177,33.5753214,72.7913409,9.66688797,-1.88542612,17.1420673,-8.758606,-0.63039375,-2.67938375,20.5807516,-8.00537274,5.36700641,-32.4078816,-7.13537141,-1.73958365,70.4542687,-9.91593203,10.4490949
512,-0.693935389,10.8436465,106.077814,-4.60957444,-3.39303578,2.73675528,-3.20946021,-1.20333718,8.04650413,0,0,-4.07221513,17.3485644,-26.9238783,69.4105134,-8.70276066,-7.58489263,-16.1655466,-4.82397307,-17.9870044,33.7181919,72.8070845,9.68213807,-1.88288273,17.137351,-8.75106035,-0.541651343,-2.72677331,20.5501216,-7.96792452,5.37123728,-32.6277283,-7.11241942,-1.77430279,70.9063658,-9.78661692,10.516473
513,-0.703274598,10.8308002,106.093287,-4.67817552,-3.39683275,2.78705665,-3.22770642,-1.16544073,8.04616263,0,0,-4.07962076,17.4302551,-27.0877277,69.3510634,-8.85337146,-7.55785106,-16.160552,-4.81168556,-17.9708356,33.9328579,72.755899,9.79166528,-1.81850969,17.0312594,-8.74835047,-0.455282214,-2.76967885,20.5325578,-7.96027812,5.35089271,-32.8000232,-7.09207655,-1.82254697,71.2803528,-9.79551921,10.5462159
514,-0.71206037,10.8234525,106.110716,-4.7481442,-3.40661991,2.82755134,-3.27297115,-1.08034692,8.05466194,0,0,-4.07897104,17.4456453,-27.1126289,69.3215092,-8.88820457,-7.54977863,-16.2300219,-4.81776358,-17.9834544,33.9991756,72.7592253,9.82467131,-1.81071517,17.0856943,-8.73702431,-0.368603218,-2.7982745,20.5117496,-7.93524889,5.33810916,-32.9336764,-7.05547015,-1.85343031,71.5945005,-9.7181861,10.5532672
515,-0.720968843,10.8125143,106.121683,-4.79794484,-3.41220725,2.86108724,-3.27287297,-1.04488554,8.06706642,0,0,-4.07616384,17.4273301,-27.0016178,69.2978835,-8.75273289,-7.56476492,-16.2673113,-4.79917394,-17.9463972,33.9991483,72.7553458,9.75342134,-1.79600166,17.0659226,-8.73275202,-0.305194944,-2.84021613,20.4980175,-7.93412191,5.31914471,-33.1030753,-7.01100562,-1.81526599,71.9055883,-9.59349076,10.629201
516,-0.729695475,10.798692,106.130099,-4.83227263,-3.41217585,2.88097121,-3.27094024,-1.0069782,8.06882092,0,0,-4.07482896,17.3929965,-26.8637743,69.2919618,-8.61008012,-7.56753712,-16.3068888,-4.78276483,-17.927901,33.9637338,72.7482424,9.65040843,-1.77900174,17.0848883,-8.7400663,-0.256748038,-2.86654779,20.491423,-7.93754981,5.3034801,-33.2250283,-6.98679217,-1.81767278,72.131046,-9.67984825,10.6083356
517,-0.734850671,10.7889712,106.137598,-4.85569434,-3.41507747,2.8930458,-3.27990102,-0.951210777,8.05833317,0,0,-4.04929686,17.3255586,-26.7222938,69.2825976,-8.51739616,-7.55888242,-16.3290528,-4.76198654,-17.9501367,33.998759,72.727704,9.67647328,-1.7567556,17.0579091,-8.73733764,-0.222067953,-2.89005773,20.4826155,-7.93720659,5.27842867,-33.3179018,-6.97895411,-1.80816793,72.2860776,-9.63395877,10.6390168
518,-0.740625383,10.775847,106.145608,-4.87596937,-3.41802008,2.91036375,-3.29937048,-0.892971035,8.04426127,0,0,-4.05877119,17.2830458,-26.6961905,69.3098091,-8.54140854,-7.61712088,-16.3093921,-4.74555396,-17.9592413,33.9694506,72.7428192,9.63517369,-1.73761688,17.0423585,-8.73096849,-0.189307311,-2.91474886,20.4656749,-7.91067216,5.25735327,-33.3774201,-6.9755087,-1.81625295,72.3698226,-9.59740189,10.634129
519,-0.741584878,10.7582599,106.151152,-4.90439972,-3.42421107,2.93406884,-3.3051375,-0.848375662,8.04087094,0,0,-4.07428938,17.2763727,-26.7188241,69.3028832,-8.51706148,-7.67018291,-16.2521995,-4.73530655,-17.9628972,33.9499368,72.736795,9.59105494,-1.69509447,17.1433872,-8.72005982,-0.146665813,-2.9441571,20.4533942,-7.91736233,5.25324619,-33.3943863,-6.96142699,-1.84075882,72.3846851,-9.55884035,10.5911919
520,-0.742140226,10.7421599,106.151855,-4.91305399,-3.42397595,2.95626707,-3.33275687,-0.803837493,8.02541336,0,0,-4.09673551,17.2783466,-26.7732931,69.296941,-8.54822336,-7.69140431,-16.2464041,-4.71473231,-17.9670414,33.976397,72.7329018,9.67694457,-1.76840033,17.2103026,-8.72582707,-0.128398152,-2.97441868,20.4594218,-7.93418338,5.23151851,-33.3917089,-6.97165519,-1.85668255,72.3307198,-9.53055654,10.5750368
521,-0.743039884,10.7207783,106.154609,-4.91024862,-3.41895055,2.97529698,-3.32730937,-0.820212018,8.01287399,0,0,-4.08227643,17.3088759,-26.7438857,69.2481734,-8.51460432,-7.68420529,-16.2421386,-4.69305414,-17.9169471,33.9363311,72.7246509,9.76474665,-1.79351931,17.2667233,-8.72592354,-0.119773464,-2.99072554,20.4416514,-7.94254097,5.20972081,-33.3785539,-7.01010916,-1.89155003,72.2220719,-9.49478342,10.6143334
522,-0.742519461,10.7022606,106.152701,-4.88942813,-3.41149413,2.99141529,-3.34623731,-0.810623499,7.98649836,0,0,-4.07623128,17.3151699,-26.7332545,69.214405,-8.5378466,-7.66483573,-16.299934,-4.69986512,-17.8973991,33.9187365,72.7613427,9.85120233,-1.84223628,17.3405252,-8.73425893,-0.138222858,-3.01721728,20.4404886,-7.93792633,5.20645299,-33.274093,-7.09596208,-1.95868972,71.9655437,-9.58328218,10.6058324
523,-0.732742809,10.6804192,106.153619,-4.87847704,-3.40036009,3.01928033,-3.39274514,-0.77898713,7.94480347,0,0,-4.06004245,17.2835615,-26.6705227,69.2180933,-8.52805467,-7.64433235,-16.3122078,-4.69463576,-17.8841229,33.9339439,72.7924064,9.91286357,-1.88112887,17.4069523,-8.73616797,-0.142103153,-3.0425543,20.4249789,-7.92197783,5.20319201,-33.1723846,-7.14145839,-1.9939002,71.7048081,-9.52133322,10.6098314
524,-0.719726039,10.6477402,106.152225,-4.85956224,-3.38898,3.04323014,-3.36236062,-0.797752275,7.89161167,0,0,-4.05787088,17.3454344,-26.7371563,69.1876101,-8.55504587,-7.62412011,-16.3430598,-4.65283628,-17.8474055,33.8962583,72.8010739,9.92052277,-1.89750894,17.4778855,-8.74385962,-0.14763722,-3.06245896,20.4286928,-7.91367745,5.18028782,-33.0479864,-7.19721451,-2.05175532,71.3710304,-9.42879526,10.628845
525,-0.712698139,10.6222712,106.147718,-4.83320409,-3.37805878,3.05113746,-3.30392685,-0.791456548,7.85466973,0,0,-4.07642125,17.3425897,-26.7651174,69.1920976,-8.52733067,-7.62450773,-16.2948199,-4.63134082,-17.8609105,33.8710276,72.7846815,9.91865813,-1.86707212,17.4678417,-8.75867345,-0.164742535,-3.06121822,20.4372972,-7.93309482,5.17421322,-32.9018101,-7.26234463,-2.08631671,70.9785404,-9.35517692,10.7100517
526,-0.700696232,10.5900548,106.142533,-4.7987563,-3.35599319,3.0593401,-3.30584976,-0.801529743,7.78025482,0,0,-4.05266884,17.3788153,-26.7800738,69.1441565,-8.51409462,-7.58174391,-16.2778468,-4.59205571,-17.8612862,33.9135148,72.747696,9.95691146,-1.80182098,17.5902267,-8.78707081,-0.188759668,-3.07011966,20.4527539,-7.93553064,5.1584167,-32.6620773,-7.32492453,-2.16274717,70.4358204,-9.3341536,10.5550755
527,-0.69078044,10.5550848,106.136453,-4.76298712,-3.33729374,3.07463994,-3.27900243,-0.80919695,7.72881496,0,0,-4.09614683,17.4074765,-26.8304106,69.1519634,-8.50430269,-7.56429022,-16.3303812,-4.56988406,-17.8492207,33.8473815,72.7507013,9.95030069,-1.79976552,17.5637512,-8.80766042,-0.213907678,-3.08092822,20.4595738,-7.94264684,5.15780497,-32.4416569,-7.38236386,-2.1902882,69.8864068,-9.21567713,10.498799
528,-0.678712269,10.5152123,106.128418,-4.71739011,-3.31641994,3.0784508,-3.25465408,-0.842188898,7.66919424,0,0,-4.1279832,17.4536656,-26.9487948,69.1575641,-8.62948469,-7.5465138,-16.3057857,-4.56246605,-17.8426808,33.902747,72.717971,10.0807744,-1.73435835,17.5981839,-8.83042202,-0.245555733,-3.07950263,20.4685538,-7.93408264,5.15271904,-32.1911358,-7.45706222,-2.26787275,69.2789776,-9.11297414,10.4483641
529,-0.668880576,10.4840986,106.117475,-4.66250701,-3.29658654,3.08581234,-3.27824513,-0.829525407,7.62688207,0,0,-4.1150481,17.4160706,-26.8605693,69.1559795,-8.53970697,-7.55848114,-16.3210888,-4.56179327,-17.84599,33.9684056,72.7315426,10.3248162,-1.779325,17.6350311,-8.85740639,-0.295375906,-3.07960402,20.4866043,-7.94447904,5.1402881,-31.926425,-7.56545989,-2.32848513,68.6247069,-8.98135896,10.5312843
530,-0.658246595,10.447596,106.100535,-4.59127931,-3.26594584,3.07749935,-3.31783909,-0.856028516,7.54649758,0,0,-4.03782897,17.380113,-26.7247988,69.1294989,-8.47578067,-7.5612781,-16.2476147,-4.55949918,-17.8127782,33.9395856,72.7557761,10.2125373,-1.78607814,17.6587967,-8.88816615,-0.360965012,-3.07488201,20.4875776,-7.96151182,5.1347057,-31.6009596,-7.64027522,-2.36719757,67.8550744,-8.92585342,10.479257
531,-0.639655208,10.408961,106.087363,-4.53436393,-3.2378947,3.07136407,-3.24120352,-0.915032012,7.47096764,0,0,-4.02896936,17.4062334,-26.6841216,69.1350587,-8.37833522,-7.55610424,-16.2449236,-4.53651944,-17.7641558,33.8708978,72.7841009,10.1763031,-1.82941259,17.7078579,-8.91466045,-0.404257072,-3.05994524,20.4960744,-7.99155953,5.11356498,-31.2775638,-7.75519059,-2.4832109,67.0624241,-8.74771355,10.4391971
532,-0.622724881,10.3689492,106.068718,-4.47319163,-3.19930863,3.05656222,-3.10205976,-1.01771131,7.38345754,0,0,-4.08014669,17.5760011,-26.9550086,69.1198273,-8.57475438,-7.51144761,-16.2906091,-4.49223121,-17.645039,33.7725602,72.8136824,10.2421888,-1.88116537,17.6809538,-8.93536959,-0.452338829,-3.05371205,20.4704014,-7.99555519,5.10746477,-30.966237,-7.82812591,-2.55094289,66.2724786,-8.49927908,10.4622686
533,-0.606281031,10.330157,106.044924,-4.37656434,-3.15833236,3.04799295,-3.07339303,-1.03397858,7.30707383,0,0,-4.10198963,17.5452397,-26.9140377,69.1413219,-8.53375446,-7.50059187,-16.3597545,-4.4699537,-17.6727491,33.7327914,72.7869286,10.2273648,-1.87233777,17.7001125,-8.97080034,-0.547564473,-3.05220365,20.469411,-8.01477705,5.09997461,-30.5925129,-7.95707647,-2.63088642,65.3652587,-8.38823131,10.3751726
534,-0.583404815,10.2889843,106.02864,-4.29159767,-3.12596327,3.05133894,-3.06654619,-1.01428907,7.22216519,0,0,-4.08601041,17.4589915,-26.8121296,69.1734512,-8.39629434,-7.50505711,-16.4194845,-4.41257285,-17.7599569,33.6872443,72.7255867,10.260492,-1.88821967,17.7758371,-8.99086658,-0.62914532,-3.0604876,20.4641944,-8.02603918,5.09820517,-30.1858674,-8.05139711,-2.71722513,64.4288329,-8.18149343,10.3723552
535,-0.558063388,10.2346465,106.016934,-4.18925811,-3.08481101,3.02759548,-3.01689434,-1.09269206,7.12813227,0,0,-4.04449908,17.4365509,-26.7546143,69.1738678,-8.39264788,-7.50913559,-16.3054032,-4.37623283,-17.7609849,33.6392452,72.6811973,10.2835806,-1.895122,17.9215131,-9.00408385,-0.717550059,-3.04657728,20.42565,-8.01703358,5.09736932,-29.7591001,-8.14304459,-2.79900362,63.4027746,-8.00097922,10.3706664
536,-0.531773502,10.1808079,106.00034,-4.06988477,-3.05365305,3.01017691,-3.05628554,-1.19026153,7.02202101,0,0,-3.92858436,17.4898759,-26.7329711,69.0708959,-8.5515121,-7.44258905,-16.2673164,-4.40863909,-17.7284049,33.7329212,72.7290086,10.4428316,-1.89156774,17.9747766,-9.00453379,-0.825149871,-3.02862242,20.3900391,-8.01183666,5.07574068,-29.2842551,-8.22651121,-2.85689524,62.3176488,-7.81546786,10.425144
537,-0.511501683,10.128697,105.975223,-3.97094687,-3.00925083,2.96145276,-2.96245133,-1.2517391,6.94045062,0,0,-3.98350122,17.5267674,-26.8232577,69.1026562,-8.68271235,-7.46003421,-16.3798438,-4.46443746,-17.723202,33.7031211,72.7839028,10.6132926,-1.85840141,18.1193427,-8.98974984,-0.902734897,-2.9644037,20.2842856,-8.03643814,5.11294728,-28.8352043,-8.24839087,-2.87706415,61.2109191,-7.59864948,10.4285864
538,-0.500133308,10.070762,105.946314,-3.83203436,-3.02280188,2.94720606,-2.90433517,-1.34123518,6.90856132,0,0,-4.00448655,17.5137013,-26.798628,69.1377498,-8.62097512,-7.49439945,-16.3868157,-4.45701177,-17.7283536,33.6183618,72.777018,10.6157618,-1.86893975,18.1895365,-8.92980725,-1.03079838,-2.92755333,20.2264543,-8.04155566,5.08882348,-28.3327073,-8.29841176,-2.85931014,60.1185328,-7.34945259,10.6157387
539,-0.477258163,9.99416411,105.92128,-3.69689864,-2.98807326,2.92261058,-2.81565563,-1.4899714,6.81816548,0,0,-3.94414866,17.5195138,-26.6107841,69.1551872,-8.36760584,-7.5316846,-16.419937,-4.40347803,-17.6519528,33.5566067,72.7459748,10.6424388,-1.94485176,18.3183454,-8.93298756,-1.14269609,-2.89427196,20.1888866,-8.07067447,5.07678356,-27.7857184,-8.32410437,-2.92572263,58.8747143,-7.24120946,10.6107757
540,-0.448808027,9.92614701,105.899119,-3.55026054,-3.02383927,2.9277829,-2.81387295,-1.59962934,6.79662562,0,0,-3.90552949,17.5325833,-26.5129314,69.1864558,-8.32466786,-7.60327352,-16.6586418,-4.45142254,-17.6533291,33.6568636,72.7690472,10.5927833,-1.86824201,18.2198165,-8.83613633,-1.27536825,-2.87177673,20.1345473,-8.0775943,5.05345633,-27.1661588,-8.37878942,-2.95788855,57.668619,-7.01750455,10.8420826
541,-0.417031115,9.8578319,105.878282,-3.44298055,-2.97334484,2.88692548,-2.77529134,-1.65995187,6.64447974,0,0,-3.84126082,17.5671202,-26.6222349,69.1721739,-8.45748089,-7.54353242,-16.6885547,-4.32446597,-17.6058457,33.8254224,72.6860467,11.0233772,-1.81042915,17.720574,-8.86801709,-1.35445554,-2.8278569,20.122965,-8.1133529,5.01809644,-26.6664655,-8.3550067,-2.96849093,56.4492254,-6.73644013,10.8317178
542,-0.386965764,9.78554562,105.855167,-3.29405691,-2.93685683,2.83503785,-2.71463841,-1.73611957,6.56376483,0,0,-3.83497193,17.620119,-26.7425402,69.115176,-8.6146905,-7.47445872,-16.7062807,-4.32731288,-17.6693954,33.906507,72.638413,11.3236733,-1.88371132,17.824953,-8.8692175,-1.47920372,-2.77064233,20.0846255,-8.11793511,4.99410327,-26.1058163,-8.35666132,-2.9774929,55.1811803,-6.64782525,10.8414269
543,-0.367291784,9.69924331,105.829692,-3.12021931,-2.94944588,2.83769776,-2.68161146,-1.88254592,6.52417791,0,0,-3.8099666,17.6594063,-26.7337941,69.0802669,-8.65603107,-7.43045095,-16.74273,-4.32136122,-17.630769,33.8098189,72.6694357,11.3277449,-2.0155519,18.0168335,-8.81510191,-1.63628057,-2.74841604,20.0396248,-8.09645416,4.98064523,-25.5117333,-8.40929646,-3.0210535,53.950469,-6.45534625,10.8457086
544,-0.346515072,9.59406421,105.794322,-2.92050651,-2.90441085,2.82467953,-2.57501013,-2.11183964,6.43494747,0,0,-3.81101931,17.670169,-26.6466836,69.1513692,-8.46683227,-7.4425421,-16.8075195,-4.31122992,-17.5612684,33.7088892,72.6456666,11.3944127,-2.00756207,18.1497012,-8.85636991,-1.8165791,-2.72060116,20.0439261,-8.10118236,4.97137795,-24.9249124,-8.48627355,-3.1211273,52.6374812,-6.43594937,10.7780718
545,-0.320516969,9.51356292,105.780208,-2.77605159,-2.88501063,2.82912187,-2.5875653,-2.13567486,6.36236732,0,0,-3.77434845,17.5812792,-26.5729295,69.172973,-8.4024731,-7.41901722,-16.8201365,-4.25805561,-17.6116701,33.6044863,72.5630555,11.4013479,-2.04756265,18.1135541,-8.85678058,-1.94147401,-2.71278124,20.0292719,-8.08610301,4.92679047,-24.3517076,-8.49111871,-3.13481777,51.4009267,-6.24493929,10.6576078
546,-0.291342638,9.42160636,105.748498,-2.60100645,-2.88496117,2.83663991,-2.57348551,-2.29595891,6.29036432,0,0,-3.72311221,17.6186967,-26.6809814,69.1549277,-8.51817822,-7.36893315,-16.6757395,-4.2818473,-17.5954586,33.8432971,72.5565531,11.7924095,-2.02845733,18.2216094,-8.81956373,-2.09669092,-2.69461934,19.9978974,-8.09523753,4.90200158,-23.7105629,-8.54272506,-3.22127665,50.1008002,-6.22829753,10.6187056
547,-0.253323582,9.33490172,105.718601,-2.41618273,-2.88682182,2.81531559,-2.58917104,-2.41479929,6.2268316,0,0,-3.70966015,17.6144739,-26.7199101,69.192521,-8.70803015,-7.38901646,-16.7018086,-4.30596897,-17.597103,33.7694183,72.5827811,11.8311418,-2.00728865,18.3156799,-8.76168214,-2.2618545,-2.64428042,19.9496609,-8.10557503,4.8790816,-23.0204849,-8.61355327,-3.34458057,48.74093,-6.17057646,10.6958235
548,-0.23239681,9.22852755,105.686164,-2.22991085,-2.84991839,2.76176049,-2.40911316,-2.59022246,6.13230178,0,0,-3.72989843,17.6190569,-26.6645889,69.2754395,-8.49620635,-7.43441076,-16.8603322,-4.29178693,-17.5525036,33.7235707,72.6270475,12.1219081,-2.1665486,18.4541978,-8.77457498,-2.41139274,-2.58245013,19.9195535,-8.11604229,4.84442736,-22.4538388,-8.63986913,-3.39143929,47.4556284,-6.11494286,10.5285445
549,-0.215554936,9.12546739,105.649137,-2.02940655,-2.85987308,2.7407569,-2.35334701,-2.73780235,6.09662813,0,0,-3.68800077,17.631756,-26.63992,69.2421629,-8.50461944,-7.41588984,-16.956141,-4.32312811,-17.6231021,33.7877676,72.573574,12.0302905,-2.10168805,18.4688264,-8.75237772,-2.58635977,-2.52881436,19.9268174,-8.13746347,4.807882,-21.7792637,-8.71441894,-3.52596179,46.1044907,-6.04172494,10.607072
550,-0.18525261,9.02272016,105.604625,-1.81511027,-2.85796439,2.72488903,-2.38527132,-2.90134462,6.03470094,0,0,-3.68009184,17.6738641,-26.6196958,69.3008,-8.60972836,-7.51577282,-17.1252052,-4.38561665,-17.6656866,34.0314449,72.5628096,11.9433388,-2.00300783,18.2707987,-8.70646433,-2.77717071,-2.47682595,19.8816818,-8.15947119,4.78075206,-21.0879939,-8.81197539,-3.70592489,44.7631713,-6.11914343,10.5513343
551,-0.15650331,8.92758742,105.567896,-1.64564098,-2.77814553,2.70334555,-2.35282557,-2.94069206,5.88842988,0,0,-3.60754328,17.4647869,-26.3654864,69.338571,-8.35609868,-7.51339336,-16.9086575,-4.31279745,-17.7351753,34.0702164,72.4926431,12.1961019,-1.96790877,18.2148424,-8.78106878,-2.91963373,-2.44299026,19.8772831,-8.18500073,4.72729986,-20.5395553,-8.8491948,-3.86044085,43.4587213,-6.06716312,10.6083527
552,-0.130239117,8.8195242,105.529606,-1.45820184,-2.75849142,2.65976177,-2.21191237,-3.17535921,5.82813169,0,0,-3.5988382,17.5254236,-26.3886373,69.3716974,-8.44970813,-7.54101293,-16.7984183,-4.33127055,-17.6043481,33.7957828,72.603258,12.1380982,-2.17223302,18.4980459,-8.74006545,-3.07003321,-2.38964456,19.7962036,-8.19119401,4.70624153,-19.9285095,-8.876005,-3.86941742,42.1894911,-5.98936855,10.7993376
553,-0.0928493333,8.70674103,105.475426,-1.18356805,-2.71207158,2.60499394,-2.14739269,-3.38873198,5.67373783,0,0,-3.49661545,17.5557428,-26.5149805,69.3288243,-8.60420701,-7.47434004,-16.7571844,-4.3384606,-17.6895547,33.9059538,72.5951779,12.2195798,-2.13212231,18.6009974,-8.71603172,-3.32309791,-2.32041142,19.703296,-8.18325306,4.6939331,-19.3146412,-9.00718732,-3.92796068,40.8784056,-6.10880167,10.9274728
554,-0.0784349977,8.60618129,105.439568,-0.951834947,-2.6882555,2.56958541,-2.10854599,-3.52580875,5.63410096,0,0,-3.4465824,17.4127511,-26.0563623,69.3370478,-8.1377307,-7.43897076,-17.0103471,-4.32675665,-17.7493906,33.8981879,72.4815645,12.0701131,-2.04068379,18.4829632,-8.67106517,-3.53400327,-2.26930687,19.5864554,-8.1626276,4.65793672,-18.7749469,-9.11218269,-3.95192526,39.7269757,-6.03851987,11.156273
555,-0.0552237325,8.49612132,105.383003,-0.757709447,-2.63427529,2.55474829,-2.04218772,-3.65537594,5.54383403,0,0,-3.49529445,17.4892731,-26.3370216,69.3398892,-8.33562433,-7.4610502,-17.1032547,-4.34075512,-17.7756356,33.8624523,72.5046232,12.265681,-2.21644612,18.4248827,-8.68617099,-3.69887272,-2.27342057,19.5347321,-8.21069164,4.62499728,-18.2374947,-9.17296028,-4.04838844,38.5736368,-6.04083915,11.1530091
556,-0.0194016582,8.37936401,105.334747,-0.5628727,-2.55554396,2.4957856,-1.94012655,-3.89652431,5.35759355,0,0,-3.44464689,17.6354818,-26.434514,69.35273,-8.53823507,-7.51008498,-17.2725768,-4.30941181,-17.6478257,33.9143447,72.5557813,12.6994356,-2.21017259,18.5548543,-8.73264274,-3.84689018,-2.21381137,19.5044248,-8.23973872,4.56657483,-17.7296923,-9.22746946,-4.11539772,37.4453544,-5.95313482,11.3790747
557,-0.00371138958,8.29332247,105.298746,-0.41419491,-2.50015478,2.40772234,-1.88295893,-3.9169517,5.28215881,0,0,-3.36507348,17.4399574,-26.0919049,69.3585288,-8.41472049,-7.46572205,-17.0880336,-4.38405083,-17.7575476,34.2074896,72.511911,12.6364143,-2.074677,18.2748541,-8.75989093,-3.95444133,-2.1419469,19.4680318,-8.26730537,4.51835754,-17.2590787,-9.24650092,-4.17799854,36.4022445,-5.77056942,11.4201975
558,0.0207317018,8.19481686,105.241537,-0.208103597,-2.44160849,2.3360379,-1.78879357,-4.04251107,5.175137,0,0,-3.33991213,17.4802675,-26.4031447,69.2960735,-8.71458457,-7.41134179,-16.9721902,-4.31641318,-17.746107,34.0485237,72.477603,12.6133146,-2.09579808,18.2516349,-8.79346045,-4.1286056,-2.07110396,19.4499916,-8.31658518,4.47558775,-16.7226134,-9.35182244,-4.37419018,35.2868268,-5.68349091,11.6259279
559,0.037541677,8.07893425,105.195737,-0.0374253426,-2.3726125,2.24120578,-1.6538731,-4.23788777,5.05567443,0,0,-3.25435932,17.5487453,-26.159785,69.2581045,-8.3648823,-7.44815822,-17.2618346,-4.40656015,-17.7152516,34.2871193,72.5203326,13.0780125,-2.18201599,18.4992395,-8.84919394,-4.2379834,-1.98591251,19.4401117,-8.35522698,4.39553793,-16.2383735,-9.40095114,-4.55874146,34.2326247,-5.55178949,11.7573493
560,0.0690784131,7.97469765,105.140066,0.120706535,-2.31665958,2.17452776,-1.59522942,-4.31782703,4.9332561,0,0,-3.23685482,17.5918574,-26.2591079,69.2732812,-8.51772486,-7.48844097,-17.3309083,-4.32667255,-17.6903317,34.1437605,72.5162823,13.0565427,-2.22658895,18.6677727,-8.86936605,-4.34930908,-1.92722581,19.4144729,-8.4447793,4.32205748,-15.7162738,-9.45811555,-4.81128045,33.2016623,-5.50092593,11.9528379
561,0.0818673172,7.89130554,105.131745,0.148050462,-2.24001152,2.09290784,-1.54851808,-4.15612529,4.83076185,0,0,-3.23216611,17.4623263,-26.4761765,69.2717512,-8.92606431,-7.50215257,-16.9480557,-4.41095623,-17.8775113,34.361384,72.5121023,13.5471483,-2.24331395,18.9011825,-8.93655633,-4.30199934,-1.87068401,19.3995575,-8.47437707,4.21807894,-15.338047,-9.3654905,-5.05237588,32.3592096,-5.37308869,11.7372848
562,0.0946245156,7.72745758,105.097377,0.292239122,-2.16499102,2.01952107,-1.36302391,-4.40891315,4.74221485,0,0,-3.20617788,17.5691556,-26.4386138,69.2362001,-8.60544157,-7.476559,-16.8311366,-4.38385233,-17.6752165,34.1606345,72.5165556,13.4572775,-2.1679697,18.9120015,-9.04031544,-4.3544663,-1.81125027,19.4473927,-8.5056858,4.11977374,-14.9659827,-9.35979583,-5.34659183,31.6791994,-6.4238578,11.003515
563,0.118332379,7.62092695,105.082774,0.373823339,-2.07288337,1.93178456,-1.31416041,-4.30770639,4.57976436,0,0,-3.15366547,17.4706762,-26.3242304,69.268623,-8.53755205,-7.48729264,-17.0837819,-4.38293324,-17.8302191,34.2341478,72.484358,13.1137233,-2.15819293,18.7659106,-9.14689969,-4.36507187,-1.74618236,19.4757056,-8.51882879,4.04305705,-14.5920844,-9.27862928,-5.47777671,30.8920372,-7.04348531,10.1234938
564,0.135954143,7.52602965,105.115914,0.35949164,-1.99342879,1.83375334,-1.24313786,-4.24899366,4.47171845,0,0,-3.09366695,17.5414745,-26.2366844,69.2113587,-8.43113514,-7.49312818,-16.95227,-4.41185611,-17.8198935,34.4280944,72.4409727,13.8507349,-2.19639866,18.8914785,-9.22156049,-4.2585397,-1.68969371,19.4551757,-8.48883572,3.91905241,-14.2534676,-9.07840143,-5.55857614,30.1320386,-7.13175824,9.64870942
565,0.140777614,7.3723793,105.076921,0.496526197,-1.91017502,1.76164668,-1.08186269,-4.3919508,4.40113826,0,0,-3.08327098,17.5451987,-26.2482274,69.1705142,-8.41667563,-7.4493757,-16.714383,-4.42527786,-17.7666966,34.2193639,72.4856558,13.6036451,-2.30691624,18.8838799,-9.35498567,-4.31137677,-1.66685206,19.53061,-8.54199252,3.83048833,-13.865436,-9.0337781,-5.72055408,29.3811379,-7.93947678,8.98529998
566,0.15257987,7.27814659,105.093992,0.516334954,-1.82876448,1.65818571,-1.07998279,-4.24564858,4.29119697,0,0,-3.0335615,17.4778889,-26.0737861,69.2068713,-8.50720125,-7.52740378,-16.8737211,-4.48536943,-17.9004146,34.5364247,72.4214998,13.8804829,-2.18160981,18.7786933,-9.42474069,-4.24881693,-1.62545984,19.4977415,-8.50417035,3.744778,-13.5840365,-8.89516197,-5.77626622,28.7402373,-8.27610521,8.67582496
567,0.161050039,7.15167075,105.103254,0.565856036,-1.7691199,1.5651351,-0.934216413,-4.31472228,4.25237332,0,0,-3.06118833,17.5093146,-25.9007108,69.2615333,-8.12815734,-7.44278713,-17.0436391,-4.46485581,-17.7898544,34.3345208,72.4190273,13.8107586,-2.25857003,18.8116694,-9.51132273,-4.2034585,-1.58765495,19.5476582,-8.49431439,3.63253793,-13.1813524,-8.77978385,-5.9594933,27.9659381,-8.75171946,8.30659603
568,0.166008458,7.05192834,105.119479,0.599421451,-1.70658033,1.46638998,-0.844059303,-4.12555123,4.14435388,0,0,-3.07046373,17.3667293,-26.2510756,69.3458588,-8.80335057,-7.50672197,-16.8762551,-4.49696368,-17.9379482,34.2731243,72.5159477,13.5888176,-2.26846484,18.8296243,-9.57831151,-4.15654662,-1.56704529,19.553457,-8.46361183,3.56038616,-12.8002637,-8.65710256,-6.13953154,27.1882408,-8.98248252,8.27104063
569,0.186854461,6.92365542,105.130768,0.655815067,-1.63414667,1.38647991,-0.809693206,-4.18228022,4.0235543,0,0,-3.02065415,17.3081655,-26.043542,69.4278552,-8.59189303,-7.49725789,-16.6877197,-4.54140985,-17.967248,34.5087077,72.4315265,13.5105974,-2.06182963,18.5831843,-9.63847609,-4.12433204,-1.56201197,19.5380686,-8.43682213,3.47691463,-12.4864447,-8.55334771,-6.25261941,26.512537,-9.28461167,7.9679783
570,0.18814397,6.81482479,105.161524,0.621189024,-1.57736109,1.28349806,-0.69601586,-4.01264137,3.97764476,0,0,-3.03195043,17.2491988,-25.9066651,69.4961025,-8.4640669,-7.59291896,-17.1505265,-4.61170488,-18.0270839,34.5729047,72.5073758,13.7766461,-2.28328229,18.931278,-9.6958198,-3.98300091,-1.50874653,19.5241794,-8.42570087,3.38021003,-12.2441728,-8.36104288,-6.3604062,25.9349574,-9.30502455,7.7274899
571,0.193902256,6.71986118,105.192006,0.556965504,-1.52046698,1.16592653,-0.62924916,-3.905544,3.91323736,0,0,-2.96655158,17.1189334,-25.6241001,69.5420218,-8.27872459,-7.49094338,-16.9393507,-4.59024656,-18.0196424,34.7006975,72.4265063,13.9315445,-2.26760914,18.6635039,-9.7371211,-3.8105587,-1.4684864,19.4840042,-8.40385195,3.28179362,-12.0336672,-8.13861094,-6.44959908,25.4101137,-9.26224622,7.46786673
572,0.194386265,6.60482645,105.22083,0.517535817,-1.4445547,1.04362296,-0.470758462,-3.77813621,3.85667315,0,0,-2.97770443,17.0487891,-25.5970714,69.6034935,-8.30007235,-7.56751321,-16.8854263,-4.66658076,-18.0576131,34.6486549,72.4825958,13.9927106,-2.26799654,18.7681816,-9.78996968,-3.65742415,-1.44418171,19.418723,-8.36604258,3.20357921,-11.8541843,-7.93108845,-6.53708484,24.8721953,-9.21202213,7.17695702
573,0.186976255,6.4986296,105.245686,0.483220578,-1.39612001,0.938894432,-0.454412966,-3.63145193,3.7955088,0,0,-2.91353373,16.992037,-25.4357133,69.5872582,-7.89925209,-7.49474779,-17.0158624,-4.63494076,-18.1064388,34.7536554,72.3578834,14.2321856,-2.35025187,18.8681141,-9.81181604,-3.51821806,-1.42572931,19.3425186,-8.33154415,3.1055391,-11.6518434,-7.7473427,-6.65147855,24.3587137,-9.17947713,6.90857071
574,0.183360663,6.38032407,105.270851,0.457686292,-1.35000073,0.848491905,-0.327835393,-3.5342863,3.76235506,0,0,-2.97480266,16.9140158,-25.6725876,69.7028386,-8.31805026,-7.5429177,-16.6956017,-4.64587674,-18.1781199,34.7657414,72.2744527,14.8214063,-2.29678579,19.178326,-9.83990178,-3.38492799,-1.42095255,19.2888094,-8.29546624,2.9893087,-11.4781098,-7.57553783,-6.74269701,23.9209959,-9.16115771,6.72078405
575,0.186172605,6.2619552,105.293584,0.420653986,-1.29034377,0.734553873,-0.271349622,-3.40729195,3.67929825,0,0,-2.92456747,16.8451794,-25.4726287,69.7093273,-7.98447577,-7.44980088,-16.8217775,-4.61299664,-18.2797275,34.6718229,72.1511746,13.8322933,-2.02868464,18.5886501,-9.88067118,-3.23184509,-1.37505454,19.2392154,-8.30147766,2.89217253,-11.2868987,-7.37671956,-6.82876593,23.4120324,-9.15193012,6.49301902
576,0.181372068,6.12239391,105.312121,0.404433223,-1.25359182,0.665706333,-0.214445809,-3.37201445,3.66643829,0,0,-2.97291283,16.9188089,-25.5761078,69.69816,-7.97394874,-7.36924819,-16.962727,-4.62990392,-18.2076451,34.5320704,72.1852299,13.9636575,-2.25962721,18.9390166,-9.92689705,-3.0970289,-1.35055924,19.2381567,-8.28999867,2.76677901,-11.0752918,-7.20635415,-6.92645471,22.9326521,-9.15611874,6.35533905
577,0.180148764,5.99702969,105.330539,0.400959104,-1.20112027,0.54847892,-0.149507225,-3.31673132,3.63468858,0,0,-2.96220715,16.8246257,-25.5445011,69.7304189,-8.08539438,-7.40537733,-16.873243,-4.64025507,-18.242532,34.6131243,72.0642058,14.0813656,-2.22312583,18.8455472,-9.9411047,-2.98030758,-1.29409801,19.1538431,-8.25267083,2.66307197,-10.9386154,-7.05868803,-6.98414163,22.5315151,-9.14418981,6.2239578
578,0.157379638,5.86956777,105.346644,0.391237549,-1.16101838,0.472051361,-0.134700562,-3.17594661,3.62693376,0,0,-2.96742883,16.6812566,-25.1892271,69.7755528,-7.54400114,-7.4093192,-17.0673262,-4.64494656,-18.2826662,34.4244369,72.0440704,13.99801,-2.22206715,18.7261555,-9.97916251,-2.86203432,-1.29442885,19.1091959,-8.20487146,2.56541628,-10.8374535,-6.91150129,-7.07843624,22.2109351,-9.12537093,6.04828235
579,0.159171759,5.73723949,105.37653,0.357378415,-1.12238823,0.387337816,-0.0493294771,-3.08203685,3.58648964,0,0,-2.9419597,16.7300173,-25.6102775,69.6285945,-8.19624323,-7.32985251,-16.8179014,-4.69134702,-18.4291242,34.6478455,71.9637474,14.1848592,-2.29454997,18.9708607,-9.96752728,-2.70724387,-1.24961747,19.0024674,-8.15579911,2.45682545,-10.7371035,-6.73184811,-7.11749339,21.9158453,-9.02081867,5.85974522
580,0.146338053,5.60287237,105.394459,0.351157414,-1.07702603,0.298384148,-0.05916586,-3.04824384,3.55689102,0,0,-2.93024379,16.6680778,-25.3204931,69.7443662,-7.94385151,-7.48780149,-17.0351646,-4.75450023,-18.3742317,34.7122337,71.9679138,14.1686878,-2.27913317,18.8281422,-9.98077187,-2.58913518,-1.21484103,18.917271,-8.14231376,2.36492717,-10.669266,-6.58589764,-7.16023074,21.6453459,-8.96210807,5.6998347
581,0.144923711,5.47652133,105.424428,0.343182856,-1.03611392,0.229054149,-0.0327673523,-2.91593497,3.51037786,0,0,-2.8624008,16.5314928,-25.1514732,69.6423983,-7.81687488,-7.43735115,-16.9446338,-4.81950058,-18.5719691,34.9121124,71.943489,14.1630581,-2.23506116,18.9509387,-9.95158306,-2.47634997,-1.20588996,18.7693189,-8.0833735,2.27550591,-10.6385515,-6.45581839,-7.15482465,21.4638114,-8.83968461,5.55492199
582,0.126473198,5.33870794,105.444062,0.340265326,-0.999147189,0.180706395,-0.0352019746,-2.88807698,3.50656555,0,0,-2.83664565,16.5948564,-25.2861099,69.5407104,-8.24260228,-7.40074902,-16.9174599,-4.77929851,-18.4973783,34.6861458,71.8340147,14.0612131,-2.25870599,18.7416276,-9.94632979,-2.3678554,-1.2191464,18.6523263,-8.04426639,2.19348601,-10.5902408,-6.32428047,-7.19794619,21.2540785,-8.76563853,5.4044192
583,0.128629932,5.20548224,105.46509,0.346888424,-0.959703642,0.0993439935,0.0413736008,-2.85986274,3.46940825,0,0,-2.85608437,16.5824818,-25.2563901,69.5491935,-8.20493976,-7.45104312,-16.9859923,-4.8019756,-18.5713885,34.7320652,71.8011137,13.9776321,-2.19295987,18.8936454,-9.91401104,-2.26771971,-1.20655857,18.5127582,-7.99938864,2.12300913,-10.5687632,-6.20450884,-7.15345519,21.0928451,-8.69300032,5.23855531
584,0.102974568,5.06290719,105.485642,0.355464492,-0.938191122,0.0320561883,0.0563487672,-2.84201461,3.48516848,0,0,-2.86041172,16.5157389,-25.1275351,69.5715146,-8.19523919,-7.52825756,-16.9562366,-4.83825116,-18.5256826,34.5673108,71.7822556,13.86609,-2.23033936,18.8738891,-9.88497932,-2.162519,-1.18356773,18.3798546,-7.93453343,2.02277824,-10.5659321,-6.08534808,-7.12329521,20.9787365,-8.6131981,5.08894002
585,0.0972514914,4.9293641,105.506921,0.359591004,-0.901762031,-0.0213492481,0.040108595,-2.72751737,3.4431562,0,0,-2.81356388,16.46385,-25.1078864,69.4719782,-8.38095459,-7.44651214,-17.0050622,-4.8615707,-18.5500015,34.6130799,71.8079849,14.3862003,-2.36286147,19.0252614,-9.86727035,-2.06648697,-1.17489125,18.258197,-7.8865744,1.96720056,-10.5380573,-5.96477048,-7.09809139,20.8153567,-8.54183799,4.93271822
586,0.0867925293,4.79571298,105.527472,0.375398131,-0.866689304,-0.0748091669,0.029082622,-2.6629486,3.39981118,0,0,-2.74853706,16.3693577,-25.1716274,69.4354914,-8.57378962,-7.47287326,-16.7936747,-4.7952406,-18.694431,34.4038063,71.6182764,13.4057267,-2.14646528,18.5885255,-9.83304,-1.9820178,-1.18154076,18.1018984,-7.82299302,1.87777759,-10.543337,-5.86512314,-7.04936311,20.7054418,-8.47420204,4.79408758
587,0.0876420003,4.65023108,105.550861,0.391956496,-0.835562741,-0.140272042,0.042630539,-2.70282901,3.37061639,0,0,-2.7438554,16.3493743,-24.8068902,69.5447539,-8.07340483,-7.6547629,-17.1069755,-4.82127301,-18.5919269,34.5327363,71.61773,13.960741,-2.1881384,18.5893161,-9.77957841,-1.88689675,-1.1560346,17.937745,-7.75550563,1.77933002,-10.5312407,-5.7543887,-7.00935869,20.586057,-8.41142492,4.6422973
588,0.0678863144,4.52146009,105.570233,0.398064606,-0.813774164,-0.165527099,-0.000749926287,-2.52756508,3.37666175,0,0,-2.79100803,16.2024877,-25.0862552,69.499258,-8.53230817,-7.52674211,-16.723988,-4.78102057,-18.7593826,34.440119,71.4807915,14.256145,-2.31580189,18.9609671,-9.7779366,-1.79679204,-1.17485294,17.8543501,-7.69169886,1.68458281,-10.5151368,-5.65352431,-7.02358043,20.4735074,-8.35304985,4.5109835
589,0.0465037709,4.38492931,105.58064,0.402466845,-0.791418131,-0.222142038,0.0573034729,-2.54895083,3.38131823,0,0,-2.82101818,16.2541393,-25.0564653,69.4785489,-8.57983604,-7.54005671,-16.9723251,-4.81824126,-18.7625143,34.3776911,71.3973949,13.4002139,-2.00616807,18.4397093,-9.74295664,-1.69335725,-1.14501974,17.7096833,-7.65303657,1.57502551,-10.5422314,-5.54098413,-7.00527595,20.4246135,-8.31172977,4.37479721
590,0.041786785,4.25378159,105.598271,0.430250278,-0.765704906,-0.244179033,0.0160974435,-2.46297902,3.35174394,0,0,-2.78500729,16.0140871,-24.7493032,69.5517617,-8.17485876,-7.54298857,-16.8190164,-4.76727866,-18.8260077,34.1848168,71.3691452,13.5084229,-2.16249723,18.8184791,-9.72282893,-1.62647636,-1.1382983,17.6031716,-7.57238058,1.44667942,-10.5562939,-5.47145409,-7.0178213,20.3794028,-8.28740405,4.27553407
591,0.023413093,4.11185101,105.618954,0.453059722,-0.738220774,-0.271735597,0.0524958868,-2.43527834,3.367892,0,0,-2.86468379,16.0866869,-25.0937752,69.503322,-8.43357779,-7.54155423,-16.8223734,-4.78014204,-18.8564465,34.3490896,71.239399,14.0755838,-2.15162762,18.8716248,-9.70798095,-1.5451017,-1.12667065,17.4830098,-7.48195826,1.33385473,-10.5504873,-5.38158246,-6.98795672,20.2707447,-8.23544766,4.17553711
592,0.0352124829,3.96954305,105.633569,0.46564183,-0.713517194,-0.2757407,-0.00946683479,-2.40840645,3.29583906,0,0,-2.82533635,15.9740486,-24.9970683,69.6212725,-8.54448896,-7.66836523,-16.8161699,-4.73991223,-18.9815141,34.3214888,71.1161482,13.3234878,-1.91255841,18.5016711,-9.68474038,-1.45633251,-1.10921931,17.3906435,-7.4342844,1.23023468,-10.4836147,-5.28488576,-7.02838461,20.115807,-8.22200328,4.07133745
593,0.00398742231,3.83634381,105.646718,0.468440215,-0.706746951,-0.272287279,-0.0692406225,-2.30936401,3.32147788,0,0,-2.88853332,15.8932133,-24.9737005,69.6650199,-8.39291255,-7.64005324,-16.9491947,-4.77080517,-19.0471061,34.4409352,71.0590478,13.6246266,-2.02235199,18.7264987,-9.69782958,-1.36356168,-1.11078043,17.3479223,-7.37416507,1.12087961,-10.4826764,-5.18818693,-7.07606147,20.0688119,-8.20260725,3.93697739
594,-0.00502686562,3.70487161,105.658257,0.48427065,-0.699401208,-0.239992945,-0.13742466,-2.23315255,3.32896377,0,0,-2.84044153,15.786594,-24.9595022,69.5526291,-8.36108899,-7.53494943,-16.7169153,-4.73305472,-19.1145439,34.5325656,70.8744961,13.9119018,-1.84680012,18.5514341,-9.68936612,-1.29477175,-1.14822502,17.2890393,-7.32295914,1.01789925,-10.4395676,-5.11430478,-7.13447111,19.9841551,-8.20399464,3.8609719
595,-0.0187977246,3.55901383,105.676484,0.491266852,-0.681388761,-0.213869922,-0.204397266,-2.22429208,3.31217623,0,0,-2.85668543,15.7255595,-24.8519899,69.6279524,-8.40899764,-7.56331521,-16.8369661,-4.75267145,-19.0902319,34.5251548,70.9439386,13.9570109,-2.09398424,18.8366867,-9.68531155,-1.20196815,-1.1785532,17.2009503,-7.24862449,0.908287627,-10.4116202,-5.015384,-7.18681042,19.8915599,-8.17048658,3.71462997
596,-0.0480112765,3.41852009,105.679238,0.50728821,-0.682933393,-0.179344341,-0.180691601,-2.20455924,3.37401164,0,0,-2.96615095,15.722298,-25.0909782,69.6521996,-8.47569188,-7.5889583,-16.9589909,-4.63405582,-19.0752584,34.3352278,70.6993769,13.715918,-1.93815625,18.5086362,-9.69596835,-1.12809891,-1.22071361,17.1672058,-7.19460538,0.830548015,-10.3930173,-4.93641293,-7.23232253,19.8458284,-8.17016983,3.6158569
597,-0.0340716157,3.28385234,105.68794,0.535634802,-0.663098155,-0.133672392,-0.292274814,-2.17892063,3.33379591,0,0,-2.90811291,15.6567112,-25.0389185,69.607899,-8.41915072,-7.52147859,-16.7733941,-4.65622235,-19.1664261,34.5772931,70.7001692,14.0492099,-2.10922922,18.9009895,-9.67211733,-1.07557764,-1.26725676,17.0752817,-7.14246371,0.744752835,-10.3616121,-4.87663426,-7.31445129,19.784104,-8.18626859,3.49320655
598,-0.0806555967,3.16013619,105.692053,0.544869702,-0.670894613,-0.106421835,-0.375104998,-2.07772946,3.4048017,0,0,-2.97831509,15.5999779,-25.1744244,69.5861653,-8.71512331,-7.55894303,-16.8367783,-4.60804988,-19.1232473,34.4359628,70.5851898,14.0549959,-2.11355145,18.7309264,-9.69200855,-1.00393002,-1.3021253,17.0563091,-7.10001793,0.675334474,-10.3828472,-4.8032426,-7.30809494,19.798782,-8.17832081,3.38173808
599,-0.0915907789,3.02256122,105.700469,0.560642627,-0.666026793,-0.0671095875,-0.36338514,-2.03671908,3.41079114,0,0,-2.99853736,15.4969906,-25.1582317,69.5925106,-8.65976291,-7.56531645,-16.8039353,-4.62661518,-19.1715128,34.4898325,70.6425839,14.1383703,-2.22433157,18.8727433,-9.70354901,-0.934093469,-1.33161304,17.0312184,-7.06239511,0.593723105,-10.3576122,-4.72745823,-7.3671573,19.7474566,-8.18473777,3.23729409
600,-0.110802986,2.88574398,105.702305,0.573086614,-0.669344329,-0.0347664798,-0.432624982,-2.01935439,3.4161125,0,0,-3.02309125,15.4391901,-24.8923,69.6639817,-8.26243544,-7.60522354,-17.1298805,-4.56284768,-19.1078043,34.4556747,70.5581286,14.2432513,-2.24347616,19.0101633,-9.70678993,-0.859478348,-1.35701024,17.0030422,-7.03737698,0.521139218,-10.3255001,-4.64545626,-7.42573044,19.6901052,-8.19005678,3.09914583
601,-0.120882888,2.75336374,105.708015,0.591354375,-0.668084737,-0.0117828026,-0.379194734,-2.04835815,3.4265915,0,0,-3.02673899,15.4800739,-25.2959898,69.5668974,-8.6008346,-7.59361649,-16.8293146,-4.59550879,-19.1126639,34.6189265,70.5733599,14.5948404,-2.26882897,19.2648593,-9.69433594,-0.791295932,-1.39284974,16.9485578,-6.98984996,0.429551958,-10.3101014,-4.5760752,-7.45580974,19.6591883,-8.19847414,2.96117836
602,-0.136350677,2.6353918,105.704832,0.599945112,-0.674178998,0.00684114925,-0.496916112,-1.91679675,3.42555139,0,0,-3.05218913,15.3324121,-25.1739138,69.6367019,-8.60954395,-7.66708457,-17.0066075,-4.53809593,-19.1751977,34.5878491,70.5162527,14.3811084,-2.34063134,19.2381789,-9.70254241,-0.719581507,-1.41975994,16.9483068,-6.97474372,0.34507359,-10.3197422,-4.5055044,-7.4592291,19.6894119,-8.2203777,2.9188378
603,-0.140800083,2.50339136,105.705357,0.591613205,-0.670509147,0.0348094357,-0.469110786,-1.9196712,3.41630097,0,0,-2.9969218,15.3451333,-25.221954,69.5007128,-8.40139906,-7.53649476,-16.9422535,-4.52371881,-19.1585526,34.6775842,70.493877,14.4795946,-2.22919659,19.333764,-9.70041139,-0.621076999,-1.46310421,16.9099143,-6.96050363,0.252545684,-10.3119857,-4.40560478,-7.47535603,19.681897,-8.23824291,2.78834874
604,-0.157061475,2.38795299,105.708551,0.61947202,-0.678428177,0.0575188495,-0.534779319,-1.86449437,3.43461847,0,0,-3.03434697,15.3196259,-25.3107157,69.4943676,-8.62615582,-7.5316624,-16.9895543,-4.51637123,-19.1463965,34.8309731,70.450758,15.1655591,-2.25304526,19.6307287,-9.71149935,-0.579244278,-1.5182312,16.9118899,-6.92274079,0.184417255,-10.2905875,-4.36013365,-7.52029868,19.6533332,-8.25822292,2.64372504
605,-0.167447072,2.2783244,105.704606,0.6207719,-0.679908681,0.0684010942,-0.537302007,-1.7454875,3.46377825,0,0,-3.058503,15.1425226,-25.1666397,69.5150426,-8.28447561,-7.56098099,-16.9367347,-4.46808222,-19.2235145,34.608449,70.4458334,14.8144805,-2.23308232,19.6706631,-9.71139092,-0.502974223,-1.54913407,16.8914318,-6.91316957,0.082914241,-10.2565416,-4.27997412,-7.53593469,19.5944979,-8.2726517,2.57634565
606,-0.170590542,2.13679001,105.711257,0.620416859,-0.680419079,0.133770423,-0.509123261,-1.81533237,3.42048702,0,0,-3.02751998,15.2353943,-25.3659497,69.4569245,-8.27037042,-7.53769688,-16.8710624,-4.44915577,-19.1233463,34.7195932,70.5107954,14.9728982,-2.30685392,19.7254446,-9.72411983,-0.413496104,-1.62368879,16.8823305,-6.86752085,-0.0120828106,-10.2138043,-4.18745494,-7.61415572,19.5466337,-8.28310103,2.45424897
607,-0.191862148,2.03655027,105.710006,0.601879565,-0.700498308,0.136582791,-0.612815565,-1.64257224,3.4826998,0,0,-3.02402399,15.0504072,-25.2673542,69.4281011,-8.20492781,-7.63715638,-16.7235372,-4.38858736,-19.2069222,34.7268025,70.3698134,14.9254984,-2.37376074,19.6493734,-9.72089769,-0.318136631,-1.64065413,16.8868675,-6.85637953,-0.0849744368,-10.2017063,-4.09187797,-7.6055531,19.5558476,-8.27777263,2.41134791
608,-0.195743539,1.9360302,105.712998,0.622548778,-0.704200938,0.147632098,-0.583076547,-1.57909299,3.47634367,0,0,-3.01174716,14.9617087,-25.1023181,69.3897223,-7.88554817,-7.57417265,-16.9199905,-4.37582472,-19.2572385,34.7839814,70.3828113,15.2137683,-2.43881979,19.9014876,-9.7184115,-0.274337536,-1.67210597,16.8748105,-6.8232053,-0.143733407,-10.2066684,-4.05001915,-7.61860303,19.5789575,-8.30330388,2.32818524
609,-0.219170563,1.79611146,105.714846,0.635230114,-0.721311725,0.188774387,-0.500048074,-1.67744825,3.5160085,0,0,-3.07684313,15.1132962,-25.552197,69.3333595,-8.39908704,-7.60817162,-16.8372854,-4.32466618,-19.10686,34.7335234,70.3654831,15.4023617,-2.36063739,19.8289237,-9.7257087,-0.198546409,-1.7180216,16.8725207,-6.76800798,-0.250516104,-10.1885496,-3.974651,-7.66493732,19.5787868,-8.32174368,2.21802645
610,-0.200899225,1.70632247,105.718446,0.618427145,-0.711313755,0.185988174,-0.635510789,-1.43931072,3.43767178,0,0,-2.95987165,14.8805011,-25.2917107,69.2669018,-8.05029745,-7.49386585,-16.7402848,-4.25118103,-19.2489518,34.6857497,70.3477519,15.0688112,-2.24296753,19.7045545,-9.72015064,-0.110108026,-1.71660797,16.8583088,-6.77398141,-0.326694485,-10.1508077,-3.88133952,-7.64613296,19.5169787,-8.32173088,2.14750368
611,-0.201154104,1.60371345,105.721843,0.628336278,-0.702530394,0.209679675,-0.643994951,-1.4103917,3.42735819,0,0,-2.96553196,15.0222224,-25.5499448,69.1220676,-8.48965961,-7.52875189,-17.0482171,-4.26806611,-19.2637204,34.7863481,70.3850448,15.4105238,-2.36181026,19.9859002,-9.71133799,-0.0528097453,-1.75059136,16.8075656,-6.74403103,-0.39647682,-10.1434823,-3.82214995,-7.66571853,19.4965308,-8.3362271,2.07567101
612,-0.222378643,1.4860766,105.720448,0.636554439,-0.702404786,0.218702169,-0.5195536,-1.45784593,3.48220418,0,0,-2.98556362,14.9970617,-25.57961,69.056211,-8.28410507,-7.50496832,-16.7128889,-4.27616586,-19.2131275,34.8428611,70.3463108,15.4194833,-2.2555323,19.9045185,-9.7155599,0.0210712036,-1.75846753,16.777552,-6.70509938,-0.485659,-10.1475839,-3.74671308,-7.69019451,19.487515,-8.35060892,1.96386145
613,-0.215246715,1.37937944,105.725622,0.649898088,-0.692293884,0.223017391,-0.618960867,-1.43221276,3.40363395,0,0,-2.88997022,14.9562326,-25.5326695,69.0237266,-8.5257435,-7.50352544,-16.7705801,-4.20763345,-19.1166459,34.8773467,70.3530453,15.5525388,-2.32925395,19.9008473,-9.70927954,0.0791732383,-1.76629514,16.7400065,-6.67759506,-0.547759987,-10.1444411,-3.68513422,-7.67824339,19.4748825,-8.36617492,1.84760416
614,-0.219051144,1.28852623,105.728781,0.660710538,-0.695318159,0.261000884,-0.63704326,-1.32317157,3.41689818,0,0,-2.83523223,14.9476163,-25.5440144,68.862459,-8.34588584,-7.510009,-16.8925314,-4.17842714,-19.1939637,34.8615109,70.3057326,15.6176254,-2.31081116,20.0230206,-9.71923539,0.124695015,-1.81128506,16.7411113,-6.64634396,-0.625733587,-10.1161394,-3.63576818,-7.72648245,19.4415153,-8.38258872,1.76999998
615,-0.236959034,1.18818143,105.729187,0.662981174,-0.699720073,0.252524683,-0.561599498,-1.34668866,3.44303646,0,0,-2.83752141,14.7993739,-25.2141692,68.9376799,-8.1076403,-7.59304531,-16.9463226,-4.14465996,-19.1055127,34.7710007,70.3073104,15.6155319,-2.39704272,20.128506,-9.7130387,0.196883271,-1.79647422,16.7113692,-6.63076216,-0.697837973,-10.1391401,-3.5643387,-7.71126564,19.4789414,-8.39879675,1.70723534
616,-0.236575818,1.09319827,105.734038,0.674706325,-0.698411458,0.273046348,-0.591430402,-1.28069526,3.38255471,0,0,-2.74408463,14.7899841,-25.3086103,68.8347762,-8.38332211,-7.52461792,-16.8483435,-4.1284643,-19.1174416,34.9376778,70.3614943,15.7011347,-2.40777146,20.0911449,-9.70483138,0.250878238,-1.80925799,16.6804558,-6.59058144,-0.784513767,-10.1279607,-3.51409369,-7.74359976,19.4718363,-8.41130027,1.61540036
617,-0.219715037,1.00211278,105.732024,0.68442149,-0.690147068,0.303925289,-0.610166625,-1.24658295,3.35943473,0,0,-2.65368836,14.751986,-25.2390875,68.7250219,-8.43245337,-7.50270667,-16.9451427,-4.06266738,-19.072651,34.7470677,70.32804,15.6059663,-2.37594534,20.0720443,-9.68745452,0.300314693,-1.83785087,16.630884,-6.57125115,-0.858379969,-10.1344042,-3.46757883,-7.80214473,19.5016739,-8.45058837,1.5568968
618,-0.239810697,0.898267329,105.737484,0.693413704,-0.694841148,0.316750038,-0.59251128,-1.2935659,3.39768721,0,0,-2.65871837,14.7975912,-25.1820144,68.7197558,-8.14031764,-7.58295542,-16.9841704,-4.07115261,-18.9801583,34.7362453,70.31022,15.5666978,-2.28502378,20.0049991,-9.69936466,0.359755002,-1.85349477,16.6226058,-6.52132588,-0.919068654,-10.1187494,-3.40362542,-7.78960877,19.4655183,-8.44616155,1.45983714
619,-0.241396693,0.812773407,105.741453,0.705766528,-0.689673699,0.29615115,-0.570618229,-1.21888152,3.38865535,0,0,-2.59171741,14.7173125,-25.0330224,68.6543841,-8.04436116,-7.59791268,-17.0149967,-4.11075149,-18.9880505,34.8752533,70.3543226,15.7766612,-2.33873532,20.0529453,-9.70097573,0.409108054,-1.83544152,16.6112096,-6.50063724,-0.979719773,-10.1307372,-3.35230828,-7.76451636,19.4685578,-8.45904927,1.37883462
620,-0.23744069,0.71772607,105.741978,0.719191543,-0.689921091,0.326493347,-0.564451102,-1.20478294,3.36402056,0,0,-2.53246574,14.6664942,-25.0005243,68.5981443,-7.99957476,-7.55958849,-16.9745791,-4.1040737,-18.9383148,34.967232,70.3950442,16.0036489,-2.40076816,20.0678283,-9.69297075,0.457531374,-1.85303182,16.584507,-6.47245374,-1.07219072,-10.1046843,-3.30194738,-7.80277396,19.4419764,-8.49169245,1.29782516
621,-0.229156599,0.624467945,105.744207,0.721736674,-0.686157417,0.365188409,-0.586155469,-1.21610141,3.31186652,0,0,-2.46947752,14.8472808,-25.3635609,68.4868737,-8.47132909,-7.51386549,-16.9339377,-4.07042093,-18.8778796,35.0318456,70.4222488,15.9990983,-2.37122546,20.1578366,-9.67398624,0.515473523,-1.88418708,16.5306407,-6.45571679,-1.13442121,-10.0723741,-3.24083576,-7.85987092,19.4059198,-8.51376506,1.19413361
622,-0.227984181,0.552424137,105.749702,0.717934226,-0.677837135,0.38483753,-0.624747265,-1.09454379,3.28665672,0,0,-2.44033246,14.6880793,-25.1458998,68.5652296,-8.26403627,-7.60189041,-17.0734614,-4.05100398,-18.9116942,34.9811895,70.4281911,15.7327773,-2.34717231,20.0021304,-9.6675522,0.571488064,-1.90568702,16.4845591,-6.41014235,-1.21203724,-10.0773601,-3.18646382,-7.85787309,19.412943,-8.51986783,1.12635145
623,-0.244489475,0.464760093,105.745161,0.716337775,-0.685054395,0.41494847,-0.613570674,-1.09231053,3.33965066,0,0,-2.48020625,14.6510751,-25.0759996,68.6040729,-8.1557496,-7.6364358,-17.196246,-4.05603783,-18.811637,34.7933866,70.450116,15.5303287,-2.40686838,20.079916,-9.70138811,0.629342381,-1.93910287,16.5249221,-6.38954293,-1.28901945,-10.0616285,-3.12567279,-7.87950601,19.3927102,-8.53816933,1.06066808
624,-0.240274542,0.387141434,105.749249,0.708155134,-0.693703886,0.448484606,-0.674385344,-0.967615718,3.30312559,0,0,-2.39110238,14.6431965,-25.1765981,68.4961013,-8.37258078,-7.51022415,-17.0564628,-4.03650989,-18.8714968,34.8087375,70.4458608,15.5365374,-2.39186587,20.2352909,-9.69759394,0.691652756,-1.96502109,16.5217717,-6.37035992,-1.34968199,-10.0079475,-3.0602114,-7.93163657,19.3362331,-8.54517283,0.972139757
625,-0.241938373,0.304510747,105.754948,0.70768716,-0.698884169,0.465108588,-0.609499721,-0.935664519,3.28673954,0,0,-2.30836766,14.6007742,-25.1857966,68.4527296,-8.32111445,-7.48091581,-16.9317231,-4.00423938,-18.8593049,34.8189657,70.4235124,15.608893,-2.32557803,20.2574634,-9.68585796,0.748709702,-1.96527488,16.4985815,-6.32811136,-1.41285707,-9.97838899,-2.99945644,-7.95739834,19.3022649,-8.53758791,0.893337891
626,-0.258414866,0.225335034,105.750036,0.717054267,-0.695590514,0.481706411,-0.614327224,-0.891066906,3.30530079,0,0,-2.38210019,14.5419679,-25.0452262,68.5938345,-7.98194519,-7.595441,-17.1844657,-4.00836097,-18.8205692,34.8359148,70.4224332,15.6267778,-2.3635257,20.1628192,-9.69646952,0.789295593,-1.97755726,16.4779509,-6.313432,-1.45671265,-10.0096892,-2.96020612,-7.97057548,19.3421327,-8.57057857,0.818977621
627,-0.236343173,0.140550744,105.74975,0.738274894,-0.687127838,0.50336598,-0.662919004,-0.899681269,3.21771428,0,0,-2.23521164,14.5820902,-25.0425146,68.5210998,-8.04485208,-7.60147462,-17.1597523,-3.93699233,-18.7531638,34.8745156,70.3951261,15.6327252,-2.31020903,20.1384696,-9.68008389,0.821068193,-1.98087097,16.4434687,-6.27565806,-1.51225255,-9.98863001,-2.92913388,-7.99667449,19.3218658,-8.60721998,0.721219258
628,-0.240189396,0.0867844094,105.755794,0.718549482,-0.685853714,0.516035083,-0.711368844,-0.705263296,3.2026915,0,0,-2.17437023,14.4010133,-24.8988467,68.5609539,-8.05303721,-7.57275795,-17.1016274,-3.96898066,-18.8514297,34.9306973,70.4414416,15.5985948,-2.32260348,20.17949,-9.6910011,0.882324584,-1.99390404,16.4423964,-6.23691083,-1.56374353,-9.97577559,-2.86431389,-7.98460384,19.2973949,-8.57128123,0.656325791
629,-0.259738206,-0.00243745217,105.742323,0.736548774,-0.692442773,0.544640134,-0.61464867,-0.740829852,3.25759448,0,0,-2.23635569,14.4550179,-24.9045243,68.5652979,-7.95144754,-7.48186008,-17.290279,-3.96283478,-18.7682636,34.7607998,70.4177204,15.601262,-2.27066523,20.2651115,-9.69899498,0.919022123,-1.99691594,16.4347056,-6.23463381,-1.6126829,-10.0011378,-2.8319198,-7.96858192,19.3454265,-8.61718864,0.644166133
630,-0.260851346,-0.0850189012,105.739689,0.743763652,-0.688344272,0.552017422,-0.595784381,-0.753539073,3.24527965,0,0,-2.20638824,14.4187155,-24.7925161,68.6153359,-7.8216876,-7.44324219,-17.2459835,-3.96165016,-18.7188318,34.827278,70.3827566,15.6500176,-2.21023321,20.2740095,-9.68623875,0.968341959,-1.97435497,16.3915866,-6.21493982,-1.67391427,-10.0071876,-2.78165174,-7.96358564,19.352757,-8.63731891,0.563740976
631,-0.250023208,-0.154276087,105.742538,0.749381906,-0.681497853,0.572409204,-0.612971592,-0.698886567,3.17790026,0,0,-2.15616479,14.4467175,-25.0012825,68.6160326,-8.10972863,-7.42668752,-17.1697227,-3.92354795,-18.7235071,34.8841496,70.3908163,15.6195037,-2.24780565,20.1604098,-9.67460352,1.00814147,-1.97370973,16.3568141,-6.18741757,-1.71596443,-9.99031535,-2.73921941,-7.99026777,19.3296881,-8.65164267,0.50476432
632,-0.261695916,-0.209379639,105.740535,0.743530135,-0.68813132,0.614268442,-0.680617412,-0.52964766,3.19066268,0,0,-2.14516114,14.3576023,-25.0396306,68.5788695,-8.28993805,-7.3604603,-17.2780273,-3.96985322,-18.8202072,34.8627164,70.4714466,15.5490605,-2.36478673,20.3109523,-9.68281938,1.04888216,-2.01142582,16.3519698,-6.1633467,-1.77457215,-9.98516539,-2.69922609,-8.01498452,19.3392196,-8.66540977,0.450141109
633,-0.268960837,-0.274927937,105.737627,0.744914128,-0.693548512,0.645877818,-0.704145866,-0.480580915,3.19544573,0,0,-2.07337799,14.2401914,-24.6511807,68.6112036,-7.91366891,-7.3854605,-17.4328899,-4.01233145,-18.8011578,34.9093837,70.5102763,15.5803804,-2.36016675,20.2501278,-9.68654781,1.08703336,-2.03719613,16.3448698,-6.13968735,-1.8253433,-9.99232855,-2.66203144,-8.02532201,19.3700545,-8.68833701,0.3686454
634,-0.273079402,-0.356568885,105.737519,0.753580434,-0.689625804,0.640158384,-0.629857687,-0.527700896,3.19186565,0,0,-2.10162167,14.4230424,-24.8743981,68.5940599,-8.04174179,-7.37000976,-17.5028344,-4.01336025,-18.6994597,34.8272541,70.5048804,15.5459989,-2.32277466,20.2241679,-9.68237542,1.13571574,-2.00867774,16.3144601,-6.09796344,-1.87934427,-10.0075906,-2.61191983,-7.98417866,19.3851014,-8.69720004,0.310749115
635,-0.278135226,-0.432492979,105.730724,0.773698643,-0.691445997,0.665475525,-0.599651869,-0.537892338,3.18305641,0,0,-2.14091362,14.3961366,-24.9690577,68.6992721,-8.07594481,-7.42152134,-17.3284683,-3.99896904,-18.6536889,34.7910268,70.5134045,15.4376926,-2.28164902,20.2134155,-9.68268022,1.16236853,-2.02969722,16.298486,-6.06765746,-1.93980019,-10.0049277,-2.58556085,-7.96725601,19.3907602,-8.74197022,0.265990458
636,-0.275510433,-0.479116524,105.732477,0.78457049,-0.687220837,0.688421673,-0.6732788,-0.334618011,3.15226933,0,0,-2.07321492,14.2436867,-25.0749529,68.659978,-8.39657694,-7.36784373,-17.2728688,-3.97510692,-18.8290386,34.9175321,70.4292702,15.3121776,-2.20543905,20.0471141,-9.6801761,1.1796075,-2.04429568,16.2723332,-6.03222756,-1.96367554,-10.0183336,-2.56920404,-7.96872621,19.4183234,-8.77020878,0.212775067
637,-0.270340638,-0.553542795,105.731273,0.796392649,-0.688286256,0.734728853,-0.712773729,-0.318083964,3.14722737,0,0,-2.07055563,14.2145338,-24.9858958,68.708971,-8.36923484,-7.37674005,-17.3556046,-3.9482297,-18.7925927,34.8871719,70.3885418,15.3286879,-2.19762425,19.9586102,-9.67457022,1.21171344,-2.08251891,16.2468361,-6.00114849,-2.02883128,-10.0085392,-2.53704687,-8.01650082,19.4298887,-8.81070924,0.133305002
638,-0.286572706,-0.637915637,105.729508,0.812024964,-0.689028075,0.762363519,-0.722999483,-0.415221927,3.16744431,0,0,-2.01918022,14.1887438,-24.5697307,68.7591455,-7.91773885,-7.42985758,-17.3609543,-3.99166628,-18.6295083,34.9209165,70.4270914,15.3177067,-2.27218751,19.9801458,-9.68551987,1.24605873,-2.09971007,16.2282597,-5.96020194,-2.08145469,-10.0278541,-2.50283979,-8.00560667,19.4578856,-8.84369991,0.0573935393
639,-0.297447294,-0.705005461,105.73045,0.829678149,-0.687066079,0.752335617,-0.638650542,-0.449891007,3.18593918,0,0,-2.02441343,14.2804528,-24.7642322,68.7342768,-7.74497092,-7.45121217,-17.1757486,-3.99059693,-18.5683901,34.8400471,70.3861308,15.3293521,-2.25605801,20.0612269,-9.68732902,1.27530742,-2.08160047,16.2091744,-5.92408944,-2.14851263,-10.0767736,-2.475401,-7.96375725,19.5288666,-8.87573093,-0.0180311308
640,-0.30280319,-0.760302739,105.721438,0.855544508,-0.688425979,0.77406145,-0.592183964,-0.358477223,3.16877192,0,0,-1.97270612,14.1999445,-24.7411069,68.6680103,-7.76008784,-7.31950648,-17.2649441,-3.97574511,-18.6451511,34.7985502,70.3817458,15.3519345,-2.23538495,20.122796,-9.68993559,1.28144882,-2.09604205,16.1980634,-5.9088927,-2.19202947,-10.1270131,-2.47699179,-7.98049206,19.6251552,-8.94371693,-0.0609299365
641,-0.305269565,-0.811202358,105.721974,0.84430731,-0.697844011,0.806526017,-0.71099169,-0.153070449,3.16055371,0,0,-1.97542091,14.0675285,-24.7675961,68.7319136,-7.9275009,-7.33987069,-17.3351038,-4.0680897,-18.8057733,35.0803263,70.4436683,15.528459,-2.26981401,20.2052022,-9.68343239,1.32963004,-2.11931827,16.1845328,-5.89433458,-2.24934287,-10.1298758,-2.43057169,-7.9910763,19.6632096,-8.96275181,-0.131451886
642,-0.308041577,-0.882098172,105.720007,0.858733375,-0.703085514,0.848974822,-0.798966714,-0.162072892,3.16597774,0,0,-2.00738662,14.1686546,-25.0047915,68.7528549,-8.26305614,-7.32445239,-17.3593732,-4.09487983,-18.7224706,35.040619,70.4625128,15.3407125,-2.18460335,20.2372085,-9.67944015,1.35587206,-2.1510588,16.1645596,-5.87241778,-2.29729528,-10.1361621,-2.40520096,-8.01736826,19.6976696,-9.00706352,-0.202537067
643,-0.298883067,-0.957862101,105.71909,0.876526,-0.701207733,0.900486683,-0.817854802,-0.189602783,3.14310151,0,0,-1.93403957,14.1065476,-24.7797692,68.7601223,-8.00703674,-7.30646851,-17.3329915,-4.03834124,-18.6341033,34.905873,70.4188883,15.262307,-2.19910704,20.1261035,-9.66845379,1.37899993,-2.20107008,16.128585,-5.84286142,-2.35835376,-10.1398103,-2.38243081,-8.05599298,19.729932,-9.05136754,-0.293281279
644,-0.312813302,-1.02326479,105.716801,0.880864257,-0.70432558,0.916362963,-0.784207476,-0.125353088,3.16565138,0,0,-1.92204725,14.0302596,-24.7837802,68.7485588,-7.95152352,-7.32013571,-17.1361882,-4.03646293,-18.6097554,34.8776916,70.4176452,15.5074118,-2.26439212,20.1229138,-9.67466499,1.41795111,-2.20812567,16.1160397,-5.8252771,-2.42015309,-10.1770621,-2.34587031,-8.04752354,19.7961951,-9.07627297,-0.369642181
645,-0.312664849,-1.09271603,105.715299,0.904107798,-0.695891015,0.935820905,-0.825282473,-0.103740768,3.14724189,0,0,-1.90835144,14.0300828,-24.7853751,68.7190865,-7.92213664,-7.27576766,-17.1496539,-4.08985111,-18.6002939,34.9340339,70.4624786,15.4445672,-2.25306362,20.1689168,-9.67296684,1.43673349,-2.2038521,16.0806098,-5.78906215,-2.45724273,-10.1925487,-2.3257697,-8.03559547,19.8163408,-9.11696126,-0.443937457
646,-0.316068134,-1.15898577,105.713689,0.90615884,-0.70255023,0.973464958,-0.860318675,-0.0620714051,3.14169129,0,0,-1.89815589,14.030508,-24.7073026,68.7013963,-7.86048564,-7.24723967,-17.2503292,-4.15439298,-18.6308265,35.1119364,70.5065265,15.488931,-2.23779302,20.0936994,-9.67229321,1.47610153,-2.23128684,16.0702193,-5.77702053,-2.51968944,-10.1910247,-2.28710912,-8.06230834,19.8360254,-9.1385865,-0.516511178
647,-0.318204029,-1.22868977,105.710185,0.921579134,-0.705094157,1.03120421,-0.89013165,-0.0167246787,3.14172992,0,0,-1.93774708,14.1511582,-24.9488386,68.6495142,-8.05264447,-7.23111444,-17.4398413,-4.16175891,-18.6301213,35.0923986,70.5622608,15.4085772,-2.36016973,20.1209843,-9.67716399,1.49549767,-2.27635435,16.0561782,-5.7411091,-2.56557166,-10.1903443,-2.26747105,-8.11457807,19.8594102,-9.17706949,-0.591238517
648,-0.327937119,-1.30853131,105.703795,0.939789575,-0.709482939,1.07710189,-0.92413452,-0.0490800985,3.16359165,0,0,-1.92202164,14.0605088,-24.6345457,68.7194348,-7.73248107,-7.28168431,-17.356974,-4.17934878,-18.5698534,35.0536032,70.5423918,15.4525773,-2.4042332,20.1384234,-9.67552901,1.52081099,-2.29606179,16.0273565,-5.70025134,-2.60904432,-10.1998519,-2.24339292,-8.15518952,19.8939693,-9.22639114,-0.663168947
649,-0.314325932,-1.3752263,105.703127,0.946717864,-0.704424678,1.11581473,-1.06162868,0.0133894895,3.10110118,0,0,-1.86174052,14.1000026,-24.7052382,68.6899284,-7.94195443,-7.25209166,-17.4247278,-4.13364713,-18.5798375,35.1346365,70.4339694,15.4742222,-2.22881538,20.0481591,-9.66537337,1.55503621,-2.31413063,15.9931065,-5.68361428,-2.65896852,-10.190702,-2.20907293,-8.20876125,19.9002069,-9.25552787,-0.749357076
650,-0.330428174,-1.45559674,105.693853,0.967234617,-0.717180341,1.15613623,-0.959435926,-0.0264178327,3.15533715,0,0,-1.9388461,14.1727714,-24.8715191,68.6747722,-7.99020203,-7.22272014,-17.430612,-4.14126151,-18.5328065,35.0486547,70.4096539,15.5715626,-2.19503198,20.0881242,-9.66779126,1.58063171,-2.34707349,15.9862046,-5.65646598,-2.71878903,-10.2038032,-2.18650513,-8.23702629,19.9485476,-9.31098559,-0.799889057
651,-0.340885692,-1.5260133,105.687308,0.976235698,-0.721810347,1.19414576,-0.998976745,0.0484008982,3.15709123,0,0,-1.92758354,14.1262801,-24.840797,68.6427181,-7.99637994,-7.22187234,-17.469568,-4.15278148,-18.5590839,35.1112397,70.4260259,15.4806494,-2.25060496,19.9961182,-9.6783439,1.61216445,-2.38104002,15.9822055,-5.63091937,-2.774419,-10.2134201,-2.15583993,-8.26084486,19.9794098,-9.35324056,-0.884584256
652,-0.3464635,-1.6064439,105.677056,0.991713398,-0.730797344,1.24039338,-1.02989103,0.0436468031,3.15955181,0,0,-1.96019129,14.2461593,-25.0978221,68.6000226,-8.30585752,-7.14699085,-17.2675413,-4.15642283,-18.4845392,35.0081858,70.4644935,15.4083808,-2.31934206,19.9973732,-9.68232761,1.63961423,-2.42308239,15.9795008,-5.62616855,-2.83511121,-10.2085484,-2.12624557,-8.3109093,20.0039285,-9.40274577,-0.956213677
653,-0.345301721,-1.6892232,105.667913,1.01617451,-0.740267629,1.28520764,-1.01507422,0.0749645078,3.16567401,0,0,-2.00049261,14.227395,-25.1612045,68.6198233,-8.37704772,-7.24327047,-17.2621557,-4.13655381,-18.5032727,34.9557983,70.4645003,15.5592034,-2.40345029,20.1212011,-9.68811022,1.65971132,-2.44419536,15.992666,-5.60509485,-2.89414026,-10.2054603,-2.10852166,-8.31530879,20.0404939,-9.4697448,-1.03434186
654,-0.331662339,-1.76875181,105.667078,1.01588479,-0.73943086,1.31021906,-1.00355116,0.11546839,3.12246964,0,0,-1.91927974,14.1353975,-24.8059937,68.6245635,-7.98322499,-7.30602027,-17.4378537,-4.0466937,-18.5061431,34.8750108,70.3846418,15.5589233,-2.3590118,20.0941621,-9.6716358,1.71299992,-2.44121996,15.9598401,-5.59376271,-2.93228858,-10.2071039,-2.05324238,-8.32464481,20.0713151,-9.50107147,-1.11197198
655,-0.350074144,-1.83501225,105.65182,1.02202242,-0.755026699,1.32677824,-1.0168156,0.196632795,3.16380787,0,0,-1.91368582,13.990279,-24.4881748,68.6382444,-7.72374781,-7.31341225,-17.5258419,-4.10304959,-18.4996254,34.9043908,70.466809,15.5191136,-2.41346826,20.049993,-9.68152592,1.75056969,-2.45977438,15.9775422,-5.59466259,-2.98945022,-10.2262702,-2.0175683,-8.30656188,20.1306131,-9.55875327,-1.19962294
656,-0.356530282,-1.91999897,105.645144,1.03426004,-0.765960222,1.35590544,-1.01630045,0.150364107,3.155973,0,0,-1.95710298,14.1960095,-24.8544539,68.5761716,-8.12862862,-7.21485945,-17.382075,-4.14427021,-18.4361252,35.002486,70.5259925,15.5783262,-2.47362366,20.123018,-9.6852202,1.79037337,-2.49909109,15.9799721,-5.56053939,-3.07373688,-10.2239121,-1.97859417,-8.30670702,20.1541926,-9.58201006,-1.26607375
657,-0.361678749,-1.99174732,105.642498,1.05391289,-0.775852657,1.38596493,-1.01033353,0.197091685,3.17970983,0,0,-2.05981857,14.2525762,-24.9962384,68.6325616,-8.22822644,-7.2655053,-17.4289147,-4.15385297,-18.4613098,34.9379749,70.5081316,15.6169526,-2.34621374,20.0934091,-9.69213235,1.811643,-2.52811683,15.9905452,-5.52591844,-3.11097977,-10.2349078,-1.95869313,-8.28497934,20.2017598,-9.62205973,-1.33646237
658,-0.381943421,-2.0665206,105.637825,1.05140106,-0.840907134,1.36684808,-0.958942444,0.277225132,3.25772062,0,0,-2.08981633,14.2224397,-25.0604456,68.5982263,-8.30653285,-7.2099622,-17.4214818,-4.1522705,-18.5150224,34.9730206,70.4743973,15.6585263,-2.2654777,20.0568898,-9.63372825,1.87335163,-2.48741722,16.0085171,-5.54125948,-3.17277804,-10.1802663,-1.89946792,-8.26979156,20.2271937,-9.64775319,-1.39025993
659,-0.38400467,-2.14111507,105.639148,1.04377167,-0.843100473,1.37165614,-1.03681493,0.379652356,3.27495853,0,0,-2.06748908,14.1068448,-24.832722,68.553953,-8.17524722,-7.17572076,-17.3625782,-4.1722377,-18.5792244,35.0222526,70.4624854,15.3494107,-2.28999082,20.040639,-9.63590879,1.93705125,-2.48726162,16.0032169,-5.52159451,-3.22886841,-10.187041,-1.83716166,-8.25807949,20.249735,-9.66934257,-1.46324669
660,-0.379411271,-2.23938879,105.63215,1.0653718,-0.853668758,1.40355302,-0.987725822,0.296514894,3.26839365,0,0,-2.07848846,14.2166204,-24.7775033,68.5521293,-8.1794162,-7.16242921,-17.5163292,-4.15507216,-18.4143795,34.9358268,70.5280894,15.3733095,-2.3705132,20.0463627,-9.63766586,1.97418422,-2.5100514,16.0180845,-5.51988098,-3.3066807,-10.160335,-1.79588405,-8.29655309,20.244317,-9.73440439,-1.5261269
661,-0.384043367,-2.31259149,105.628419,1.07389407,-0.865668366,1.42478423,-0.920692745,0.305178668,3.26734265,0,0,-2.14118448,14.3205827,-24.9875043,68.5639114,-8.23840257,-7.22436792,-17.6736489,-4.11240909,-18.4657835,34.8686451,70.448545,15.3780463,-2.28141466,20.151312,-9.64527213,2.01219699,-2.5208066,16.0362801,-5.50164566,-3.34721723,-10.1587922,-1.7597515,-8.3000843,20.2740266,-9.76560384,-1.57067788
662,-0.389252487,-2.37212647,105.621433,1.08881641,-0.878506852,1.43167735,-0.973587971,0.434196299,3.27948972,0,0,-2.15451829,14.3417922,-25.1446635,68.4669774,-8.43733097,-7.16434593,-17.6624235,-4.19047004,-18.5785722,35.0223585,70.5259379,15.3389605,-2.32334584,20.0975892,-9.65748877,2.03573532,-2.53780374,16.0744626,-5.4926328,-3.40618354,-10.1669637,-1.73919337,-8.30229387,20.3172993,-9.80970125,-1.63021119
663,-0.390329049,-2.43914295,105.614591,1.09960696,-0.88870247,1.45048303,-1.04982409,0.549058417,3.27689851,0,0,-2.17760731,14.2686827,-25.0598497,68.4784931,-8.36421978,-7.12142972,-17.5939458,-4.20108543,-18.6793311,35.1310643,70.5154467,15.3491272,-2.37028909,20.1767596,-9.66726192,2.06797744,-2.5684032,16.0982385,-5.49370215,-3.4427227,-10.1721666,-1.70815817,-8.30944422,20.3584921,-9.86896253,-1.69243262
664,-0.403026491,-2.54419614,105.606687,1.11148158,-0.917364611,1.47134241,-0.941757902,0.413062414,3.32237093,0,0,-2.22251474,14.3175817,-25.0025256,68.5218579,-8.35351943,-7.16257435,-17.3855994,-4.11757783,-18.4951243,34.8649568,70.4423022,15.3670975,-2.23285351,20.1269112,-9.6665678,2.12563512,-2.6016848,16.1297974,-5.4961751,-3.53926486,-10.1694823,-1.65515259,-8.31681826,20.4152374,-9.92953094,-1.76475888
665,-0.393956946,-2.63080262,105.603659,1.1199327,-0.924450117,1.49375881,-0.915023901,0.42761061,3.28105895,0,0,-2.15891159,14.3424257,-24.9128247,68.4965384,-8.21257592,-7.17658734,-17.5747358,-4.16482353,-18.5224707,35.1659188,70.5077696,15.6460475,-2.32012583,20.0742572,-9.67285926,2.17238137,-2.63724297,16.1508361,-5.49224518,-3.59931973,-10.1585284,-1.6078515,-8.32962487,20.4312729,-9.96218778,-1.79496005
666,-0.406518485,-2.68722847,105.59417,1.11975949,-0.939862275,1.49953062,-1.03821351,0.604972,3.32657811,0,0,-2.14014714,14.2171054,-24.7999456,68.3964283,-8.15476861,-7.103474,-17.5814311,-4.24349579,-18.6098066,35.2614151,70.5812693,15.7928676,-2.40407483,20.1691695,-9.69947309,2.21169081,-2.65418355,16.2131308,-5.50943933,-3.64116872,-10.1742617,-1.57161308,-8.33310997,20.4885014,-10.0149177,-1.86218875
667,-0.41385009,-2.75693778,105.58579,1.11848932,-0.947343059,1.47952309,-1.02402518,0.670611291,3.35171299,0,0,-2.1949592,14.2258198,-24.6880551,68.4056764,-8.07868457,-7.08265174,-17.6496084,-4.26577416,-18.603417,35.1358455,70.6386975,15.7713405,-2.49177659,20.3007207,-9.72556868,2.26616541,-2.6396773,16.26705,-5.51718562,-3.69911007,-10.187625,-1.51379852,-8.31080684,20.5189913,-10.0466969,-1.93025927
668,-0.422078511,-2.84716506,105.57915,1.15112434,-0.969058106,1.48302727,-0.810472488,0.613412086,3.37150645,0,0,-2.27687003,14.3546841,-24.9722081,68.3767847,-8.19651558,-7.09530382,-17.7715187,-4.18565006,-18.5697766,34.889624,70.6129545,15.7716581,-2.51361079,20.2355914,-9.72890011,2.2904621,-2.63849503,16.299251,-5.47897925,-3.78063991,-10.1928501,-1.4926498,-8.31117994,20.5741298,-10.1079073,-1.98672402
669,-0.42285677,-2.92659029,105.572069,1.15567358,-0.98662674,1.49492565,-0.873907603,0.651608851,3.37588738,0,0,-2.21483761,14.2601347,-24.6278197,68.3934572,-7.86115585,-7.09348058,-17.9324875,-4.21457378,-18.5900196,35.0215115,70.6210893,15.8048887,-2.45208359,20.2975498,-9.74624537,2.34051181,-2.67546236,16.3574903,-5.48630079,-3.85086279,-10.1989503,-1.44720641,-8.32575386,20.6321659,-10.1518852,-2.07795549
670,-0.42802915,-2.99099926,105.563176,1.15149225,-1.001668,1.49078112,-0.927969244,0.827735684,3.40879864,0,0,-2.24101687,14.1020918,-24.557368,68.4022818,-7.87391208,-7.02118346,-17.6963269,-4.26945648,-18.7077396,35.1447862,70.6591676,15.8103119,-2.42429112,20.184838,-9.77004432,2.39344449,-2.70264566,16.4213782,-5.4947826,-3.92548602,-10.2005102,-1.39460595,-8.31616171,20.6667249,-10.1836712,-2.12615827
671,-0.444058655,-3.07385493,105.553496,1.14186041,-1.03315157,1.47146351,-0.773407453,0.833309706,3.44287126,0,0,-2.34342232,14.2885927,-25.020419,68.3276142,-8.1389294,-6.90111385,-17.6757629,-4.17365454,-18.6778012,34.9235222,70.6136375,15.942488,-2.55266197,20.2508979,-9.77933935,2.46505583,-2.70797599,16.4895656,-5.5062142,-3.97021821,-10.1857399,-1.32076894,-8.28742796,20.6907621,-10.1904843,-2.18858151
672,-0.455876486,-3.16261016,105.540597,1.15841835,-1.05776729,1.47583965,-0.819125004,0.836752601,3.46764691,0,0,-2.32519554,14.3205178,-24.9277828,68.337156,-8.16892759,-6.96495563,-17.7754256,-4.25087452,-18.6447055,35.1076607,70.6539015,16.2317158,-2.60104767,20.3682269,-9.81701723,2.5049151,-2.73545576,16.5897218,-5.53087802,-4.04937285,-10.1938533,-1.28564992,-8.28718976,20.7520818,-10.236618,-2.23654267
673,-0.454543019,-3.23944688,105.530202,1.16108475,-1.07652862,1.50009583,-0.823136352,0.929648617,3.46921316,0,0,-2.38802559,14.2073279,-24.8478867,68.4752624,-8.08545585,-7.04557492,-17.8656712,-4.24689252,-18.6975062,34.9929955,70.7415601,16.2062801,-2.68137774,20.3633006,-9.84977994,2.55155142,-2.78503781,16.6779047,-5.55061342,-4.10130064,-10.1843081,-1.24121751,-8.29659834,20.7878686,-10.285593,-2.31248925
674,-0.464894436,-3.31821591,105.517936,1.15086955,-1.10752507,1.51852131,-0.837322389,1.02950129,3.49885127,0,0,-2.35801801,14.1298138,-24.6916632,68.4551475,-7.79459481,-7.12339767,-17.8197723,-4.21487132,-18.7745047,34.9501053,70.6645156,16.0888897,-2.5116153,20.2860563,-9.8922475,2.61477677,-2.83481815,16.7966936,-5.57186641,-4.16229764,-10.1531496,-1.17588825,-8.30747713,20.7985766,-10.3150891,-2.34148084
675,-0.477122283,-3.41546983,105.498099,1.15603857,-1.13866743,1.52643946,-0.787127275,0.999864029,3.52752249,0,0,-2.37906097,14.2510992,-24.9244224,68.4049251,-8.08552244,-7.06118745,-17.6403893,-4.23865959,-18.7649014,35.1054477,70.6628285,16.2997069,-2.57933172,20.3568444,-9.92205359,2.67439792,-2.87677707,16.8956972,-5.60948794,-4.2374357,-10.141715,-1.11694051,-8.32925689,20.840893,-10.3819055,-2.43707211
676,-0.487314444,-3.49967405,105.481982,1.14940704,-1.17062966,1.56187833,-0.774475203,1.06930464,3.58459939,0,0,-2.4551179,14.2185995,-25.0003433,68.4439596,-8.27393492,-7.02554624,-17.4762872,-4.23040872,-18.7685863,34.8010979,70.7100252,15.8810231,-2.61039329,20.3666884,-9.97907542,2.73317554,-2.9374125,17.0403948,-5.64965714,-4.31519356,-10.1079116,-1.05665481,-8.36427442,20.855175,-10.4199693,-2.48948997
677,-0.488456944,-3.58043835,105.479157,1.11838898,-1.19501124,1.60239047,-0.839998595,1.19383446,3.57550841,0,0,-2.39044369,14.0949594,-24.6637653,68.4785682,-7.76109358,-7.05887799,-17.7557239,-4.268023,-18.8556063,35.0666181,70.7441351,16.4261917,-2.57160507,20.3489811,-10.0319112,2.82084038,-3.0124449,17.1627508,-5.65812316,-4.40207271,-10.07283,-0.968354232,-8.39913826,20.8613392,-10.4312408,-2.58638923
678,-0.503746467,-3.67192216,105.465126,1.11188287,-1.2219184,1.60338391,-0.81412744,1.18668539,3.61784875,0,0,-2.5051898,14.4024118,-25.3270398,68.3830343,-8.47952276,-6.95356587,-17.7409212,-4.29006231,-18.8295833,34.9384769,70.7566822,15.8635361,-2.46177712,20.1242628,-10.0653578,2.891672,-3.0374229,17.2554843,-5.67575572,-4.44480921,-10.0581272,-0.89508754,-8.40547497,20.8793333,-10.463504,-2.63380952
679,-0.519241765,-3.76535058,105.445266,1.1020259,-1.24981539,1.599182,-0.736707032,1.24596364,3.66456426,0,0,-2.57002217,14.3081031,-25.0934849,68.5068452,-8.18290472,-6.9554732,-17.7207687,-4.25013174,-18.8541823,34.8250548,70.7603363,16.0305377,-2.61205345,20.4450255,-10.123837,2.96748604,-3.06282608,17.4005302,-5.72665258,-4.53858771,-10.0244876,-0.812781199,-8.41850868,20.8661511,-10.5031575,-2.72085666
680,-0.526694395,-3.83143015,105.434251,1.06479683,-1.27717149,1.64591616,-0.806576826,1.46575721,3.66959256,0,0,-2.52836997,14.1662093,-25.1280115,68.4875567,-8.20693162,-6.88966646,-17.7161395,-4.26672441,-18.9781621,35.0378391,70.7946444,16.348874,-2.64288279,20.358265,-10.1799496,3.04903166,-3.13821494,17.529076,-5.76594282,-4.59327916,-9.96920922,-0.726652193,-8.47930334,20.8354238,-10.5206992,-2.76346615
681,-0.531237479,-3.91772576,105.419827,1.04592691,-1.29839686,1.66398254,-0.844313087,1.46749122,3.68129779,0,0,-2.55590865,14.3321548,-25.5141734,68.4263787,-8.80823074,-6.8070916,-17.6357977,-4.24406269,-18.9802027,35.0021104,70.7372161,16.4581809,-2.59395494,20.4574718,-10.2311316,3.12857989,-3.1871462,17.6469702,-5.81203251,-4.66361133,-9.94611037,-0.644706198,-8.49614744,20.8465365,-10.5573534,-2.84033139
682,-0.556866592,-4.02327999,105.403519,1.04461519,-1.32937061,1.6471411,-0.712228861,1.42749588,3.75284274,0,0,-2.65697368,14.381298,-25.484713,68.5297468,-8.64084414,-6.91118326,-17.5770666,-4.25450562,-18.8963518,34.8260349,70.8327773,16.2049397,-2.64827864,20.40581,-10.289978,3.20723379,-3.1962692,17.7895163,-5.84559221,-4.7482886,-9.94636992,-0.565656684,-8.48119786,20.8878284,-10.6019332,-2.92335576
683,-0.565036805,-4.09869365,105.386853,1.0178393,-1.34800864,1.65931349,-0.726062769,1.63498187,3.74471439,0,0,-2.66177531,14.2921503,-25.4986005,68.5471023,-8.57398598,-6.93794522,-17.6148137,-4.25138978,-19.0021241,34.9085675,70.8410965,16.4632728,-2.69162707,20.4431438,-10.3474642,3.29038664,-3.24692295,17.9106838,-5.89416809,-4.82787226,-9.91957765,-0.478298191,-8.49473445,20.8749262,-10.633481,-3.00240815
684,-0.595941907,-4.17192727,105.365038,1.00904724,-1.39428832,1.65630497,-0.791762252,1.65489262,3.84047236,0,0,-2.65415986,14.2441256,-25.2658857,68.5290979,-8.55276202,-6.83934888,-17.7315245,-4.29604769,-19.0453131,34.9685571,70.7666133,16.7528558,-2.68368463,20.6930433,-10.4070098,3.35106583,-3.29611461,18.079591,-5.94878869,-4.88855422,-9.91459332,-0.42152259,-8.52162832,20.9381925,-10.6742009,-3.05490563
685,-0.614240114,-4.2720858,105.347776,0.982425649,-1.41935054,1.64983044,-0.668784216,1.6596492,3.87113137,0,0,-2.75723766,14.2421158,-25.2647468,68.6857142,-8.24597298,-6.98216045,-17.8371517,-4.29956524,-18.993361,34.9794751,70.7904301,16.8440234,-2.62454565,20.4940799,-10.4980588,3.45178444,-3.34264933,18.2712102,-5.9953471,-4.97638234,-9.89712767,-0.315401514,-8.51348758,20.9454957,-10.692802,-3.09522658
686,-0.617170054,-4.35169153,105.333722,0.949581515,-1.44384446,1.6645055,-0.710458668,1.80853356,3.87565339,0,0,-2.73076939,14.2430985,-25.5606699,68.6124194,-8.7130973,-6.85706298,-17.5827818,-4.34919979,-19.120464,35.1408827,70.8316162,16.9733394,-2.70013023,20.704851,-10.5659167,3.54498899,-3.39771858,18.4265031,-6.04834723,-5.04968777,-9.86200769,-0.219081132,-8.54339954,20.9363022,-10.7151709,-3.2111985
687,-0.636775093,-4.42767888,105.317688,0.918090139,-1.47979952,1.66513268,-0.787399575,1.94014448,3.93535394,0,0,-2.71657626,14.091908,-25.1957619,68.7154323,-8.62241459,-6.9410124,-17.564827,-4.37749556,-19.1575024,35.0320949,70.8692232,16.4715715,-2.69671258,20.5121851,-10.6319331,3.63654725,-3.46302544,18.5890907,-6.10510995,-5.13859677,-9.84728522,-0.127339526,-8.5629706,20.9674189,-10.7394727,-3.28382369
688,-0.660281442,-4.5257438,105.298734,0.892303704,-1.52261909,1.66628148,-0.647095217,1.88685641,3.99823052,0,0,-2.75077758,14.1860502,-25.1121177,68.7117577,-8.22645144,-6.95443714,-17.821905,-4.42466058,-19.1066773,35.1286055,70.911987,16.8909076,-2.8375133,20.7674634,-10.7025145,3.73405887,-3.49602763,18.7713252,-6.1536743,-5.20374867,-9.81334003,-0.027700059,-8.59685602,20.9761923,-10.7647897,-3.36336999
689,-0.680789817,-4.59907651,105.281353,0.859378344,-1.55612317,1.66201306,-0.641821937,2.07162839,4.05651082,0,0,-2.76835443,14.0725939,-25.1541011,68.7077484,-8.24337836,-6.97711593,-17.6866826,-4.47261534,-19.2611676,35.363301,70.8841267,17.0550592,-2.69812856,20.3579987,-10.7759553,3.82585405,-3.53810885,18.9435826,-6.20140494,-5.2676024,-9.79714053,0.0626616429,-8.65589788,21.0001167,-10.7766195,-3.41560343
690,-0.694091013,-4.66881096,105.272567,0.843947857,-1.58370258,1.66372088,-0.73251559,2.2373672,4.07275941,0,0,-2.74630402,13.9706832,-24.9387282,68.7418105,-8.2262713,-6.96325705,-17.9831777,-4.46006401,-19.3992996,35.2457296,70.8498869,16.6459206,-2.76749425,20.6262338,-10.8424549,3.89198522,-3.56666886,19.0948593,-6.22030877,-5.33149369,-9.78918507,0.127402852,-8.67547747,21.0345835,-10.7931512,-3.46694084
691,-0.718508242,-4.77101356,105.257213,0.831127887,-1.62390324,1.66942949,-0.603436861,2.18744279,4.13741825,0,0,-2.74097284,13.9784543,-24.9609707,68.7336006,-8.31929079,-6.88041838,-17.7096082,-4.50532639,-19.3152764,35.120399,70.9020423,16.4701577,-2.72338276,20.5539397,-10.9251838,3.97737241,-3.61093873,19.2859561,-6.24685046,-5.4503757,-9.75586143,0.214668283,-8.71584816,21.0344657,-10.816606,-3.55371029
692,-0.733391987,-4.85466197,105.241275,0.802469594,-1.65600738,1.66597653,-0.645368993,2.32455926,4.15289461,0,0,-2.69537984,13.8757718,-24.7422612,68.7488388,-8.06579942,-6.95192534,-17.6586874,-4.5111423,-19.4001603,35.1617285,70.8930811,16.626919,-2.71977813,20.4785395,-11.0070565,4.07113596,-3.65135552,19.4758575,-6.28142189,-5.56330946,-9.71573577,0.313571077,-8.74053673,21.0136422,-10.8285196,-3.59362847
693,-0.762727438,-4.93635647,105.222964,0.794647819,-1.69998642,1.64269229,-0.612064938,2.41039958,4.23415678,0,0,-2.74454247,13.8810165,-24.7252558,68.7862887,-8.07795801,-6.99676212,-17.977729,-4.53724728,-19.4749542,35.2606638,70.8265004,16.7669977,-2.67887661,20.351066,-11.1002578,4.14078724,-3.71193973,19.6972513,-6.29564192,-5.71252391,-9.70222566,0.380550179,-8.72887931,21.0534041,-10.8572081,-3.66008707
694,-0.780323194,-5.0278984,105.210209,0.799162031,-1.73836407,1.61531215,-0.537370362,2.4355398,4.27733169,0,0,-2.77062269,13.9409574,-24.909869,68.7805923,-8.34940424,-6.90309888,-18.0209231,-4.53567634,-19.4569943,35.2244091,70.8480428,16.9566959,-2.83166879,20.4786762,-11.1576348,4.20566678,-3.7439985,19.8583191,-6.27919482,-5.82128314,-9.67926854,0.444467677,-8.72257846,21.0722998,-10.8808457,-3.69288435
695,-0.794739369,-5.12436815,105.191076,0.778722702,-1.77371261,1.62701369,-0.502849466,2.46172654,4.31701722,0,0,-2.72973633,13.9212181,-24.7165746,68.7665495,-8.11850543,-6.84519851,-17.8318942,-4.6027441,-19.4837396,35.3443643,70.8810121,17.1982217,-2.92175088,20.4775884,-11.2575955,4.29370707,-3.83275254,20.0745082,-6.30574547,-5.97122501,-9.63318013,0.537470574,-8.76818278,21.0546865,-10.9135128,-3.77461696
696,-0.819774345,-5.20684347,105.179513,0.771014291,-1.82082051,1.61552381,-0.506662045,2.56127996,4.3575164,0,0,-2.68738275,13.7966918,-24.645725,68.8199274,-7.96183796,-6.9282122,-17.5399429,-4.61267263,-19.5332892,35.3324866,70.9198964,17.0095223,-2.9107007,20.384341,-11.3387603,4.36303093,-3.87629756,20.2832354,-6.28578809,-6.08034283,-9.59626979,0.607619979,-8.78363266,21.0639653,-10.9297729,-3.84437539
697,-0.840448588,-5.29150814,105.166054,0.742161823,-1.86035235,1.60434102,-0.474966659,2.64711665,4.39675541,0,0,-2.7845661,13.9470764,-25.0712578,68.8330687,-8.44265681,-6.9555526,-17.7009851,-4.61933932,-19.5547701,35.3409458,70.8752338,17.281246,-2.94408623,20.4636566,-11.446434,4.45539728,-3.95436534,20.5281336,-6.30127127,-6.20958025,-9.5495863,0.70718546,-8.78175436,21.0420609,-10.9437099,-3.92508347
698,-0.859544426,-5.39061315,105.154717,0.746662251,-1.88729335,1.54232388,-0.402748054,2.71277249,4.44414967,0,0,-2.76907566,14.019181,-25.1331034,68.7409499,-8.53968307,-6.88108475,-17.8613801,-4.67152496,-19.5830386,35.3966801,70.8927259,17.4606102,-3.1054311,20.6149487,-11.5434013,4.53158505,-3.99819851,20.7488101,-6.27881873,-6.35450321,-9.53310932,0.786764421,-8.71757364,21.0389497,-10.9547176,-3.97500404
699,-0.886935648,-5.47490716,105.136335,0.748127637,-1.94075183,1.52282019,-0.346039581,2.74519006,4.50257639,0,0,-2.70276989,13.9479711,-24.9506179,68.7116484,-8.34123107,-6.84436864,-17.725082,-4.67944499,-19.6313417,35.3914209,70.8070685,17.419974,-2.93577944,20.4609877,-11.6226512,4.58996567,-4.06358946,20.9756117,-6.27361242,-6.50113499,-9.49691615,0.845997529,-8.71589426,21.0618906,-10.9881864,-4.05806383
700,-0.912020355,-5.55199683,105.122602,0.741880761,-1.97641771,1.53980071,-0.378320576,2.8363432,4.56346923,0,0,-2.76915719,13.9815987,-25.0955459,68.7569121,-8.33667618,-6.79567964,-17.6673942,-4.73005584,-19.6861249,35.4222251,70.7921855,17.5395501,-2.99841911,20.5413158,-11.7307355,4.64207788,-4.18123306,21.1968774,-6.24056882,-6.61446533,-9.4617125,0.905405928,-8.76517664,21.0538549,-10.9975676,-4.07221599
701,-0.929956883,-5.65031879,105.113006,0.740733648,-2.0108735,1.53229438,-0.288689124,2.82349156,4.58307273,0,0,-2.72758695,14.0221538,-25.1808721,68.7348164,-8.52514416,-6.80993083,-17.723511,-4.67674152,-19.6018028,35.0664951,70.8426606,16.9792731,-3.03261744,20.5355119,-11.8386533,4.71021969,-4.27490697,21.4221404,-6.17816266,-6.77427127,-9.42350869,0.977860574,-8.80288611,21.0396242,-11.0091089,-4.17840451
702,-0.953837391,-5.74633479,105.100131,0.779698557,-2.06559278,1.44996133,-0.223591338,2.82867802,4.65847546,0,0,-2.73058989,14.0865779,-25.1923809,68.6900035,-8.56700382,-6.70036264,-17.8717039,-4.74540327,-19.63865,35.3512116,70.7659781,17.4838977,-3.0101252,20.5685034,-11.8840545,4.74623186,-4.25891408,21.6165976,-6.12962307,-6.93403323,-9.42265833,1.00267273,-8.75312648,21.1238524,-11.0368404,-4.20390075
703,-0.970318355,-5.82652949,105.087614,0.759036959,-2.09478989,1.47178512,-0.23310219,2.9105039,4.68504489,0,0,-2.69989182,14.0145518,-24.951096,68.7673145,-8.19172506,-6.86749097,-18.0125083,-4.77423521,-19.6764465,35.4481832,70.7491348,17.4263227,-3.04517581,20.4429526,-11.9965647,4.8162477,-4.3547839,21.8315112,-6.09837325,-7.039146,-9.38180783,1.07790289,-8.81425326,21.1039048,-11.0386538,-4.23343919
704,-0.989964046,-5.9176553,105.074704,0.782455185,-2.14169031,1.46460903,-0.204423533,2.92681439,4.71959199,0,0,-2.66308222,13.9941987,-24.9029858,68.7781471,-8.1719491,-6.69935348,-17.9105114,-4.78004471,-19.6576567,35.2121489,70.8236658,17.0563023,-3.12541367,20.4514391,-12.0848321,4.84750009,-4.4205488,22.0656467,-6.05723886,-7.20809073,-9.33309833,1.11353876,-8.85096552,21.0957513,-11.0578705,-4.27098815
705,-1.02093089,-6.00394495,105.06146,0.798905123,-2.19324051,1.38560114,-0.110076096,2.8966478,4.81191992,0,0,-2.6847288,14.017937,-24.7407671,68.8115194,-8.04024512,-6.77530134,-17.9967732,-4.78652272,-19.6756986,35.10262,70.6394352,16.9533884,-2.95137063,20.4642201,-12.1694599,4.90424957,-4.44645059,22.3149845,-6.03607637,-7.36312236,-9.3132498,1.16732917,-8.7854401,21.1223088,-11.0699454,-4.35958595
706,-1.03368666,-6.0783878,105.04539,0.790077351,-2.23484886,1.34521696,-0.0516768611,3.02324727,4.82380531,0,0,-2.64282623,13.9658295,-24.925341,68.8193742,-8.14328109,-6.80387672,-17.9989538,-4.84480643,-19.7714271,35.4306296,70.6594408,17.223618,-2.96598019,20.4060064,-12.2543651,4.97604297,-4.51225903,22.5372491,-6.03261432,-7.55504214,-9.27544812,1.23721097,-8.78476818,21.1278481,-11.0849138,-4.41315299
707,-1.06447618,-6.15160875,105.028856,0.782366999,-2.2705998,1.28924485,-0.0251577628,3.11272617,4.88956253,0,0,-2.59551094,13.8437425,-24.691974,68.8454313,-8.08594677,-6.82700331,-17.853189,-4.86698448,-19.7853727,35.3623789,70.6291352,17.2808209,-3.05077251,20.4566812,-12.3495976,5.04601014,-4.53628679,22.7529003,-6.01992682,-7.66731508,-9.26602758,1.30913692,-8.74623482,21.1434721,-11.0867067,-4.46891721
708,-1.08370008,-6.2426161,105.012548,0.773223576,-2.31543785,1.22534501,0.137821091,3.04512501,4.96472065,0,0,-2.64271011,13.9259122,-24.6077765,68.8905447,-7.98066282,-6.74558703,-17.8718952,-4.83990919,-19.686323,35.1436797,70.5154126,17.1618424,-3.07645359,20.3941457,-12.4412015,5.1340325,-4.57524064,22.9983825,-6.02621443,-7.84103924,-9.23215582,1.39568875,-8.73531676,21.1482293,-11.0972013,-4.5623367
709,-1.09449718,-6.31096661,105.008614,0.777663979,-2.3609575,1.19406627,0.131020504,3.17383715,4.96872143,0,0,-2.58007771,13.9784526,-24.802565,68.8203509,-8.1644154,-6.75953769,-18.0261533,-4.90005925,-19.8306995,35.4696232,70.5193468,17.450756,-3.17346576,20.4423122,-12.5132276,5.18032709,-4.61362673,23.217594,-5.99518702,-7.97861803,-9.19660981,1.44049746,-8.7396471,21.1697649,-11.1058347,-4.58481784
710,-1.11340284,-6.3705653,104.997718,0.751269714,-2.38822361,1.15651945,0.121798895,3.27434253,4.99592437,0,0,-2.56587134,13.9514887,-24.831723,68.8702249,-8.28891352,-6.76587654,-17.9843116,-4.92817316,-19.8733404,35.4604639,70.4776621,17.3158819,-3.14169278,20.4371469,-12.6476397,5.25886402,-4.69536061,23.4902056,-5.99659404,-8.12788072,-9.18365721,1.52465126,-8.71874331,21.1779253,-11.1023231,-4.64273059
711,-1.14827678,-6.46193102,104.988348,0.772705423,-2.43546016,1.08076178,0.222402365,3.28732522,5.10347466,0,0,-2.58038037,13.9412417,-24.6783955,68.8390451,-8.32433574,-6.66977407,-17.9829421,-5.01589883,-19.9630344,35.5795277,70.3131775,17.4138303,-3.02462654,20.3218311,-12.7297898,5.31231068,-4.69601887,23.7041561,-5.93351425,-8.20472974,-9.18290332,1.57659698,-8.65744407,21.2249904,-11.1139916,-4.7011778
712,-1.16278157,-6.53859228,104.98507,0.790426086,-2.48756736,1.04579254,0.297009549,3.35596201,5.12295521,0,0,-2.50419025,13.8853093,-24.6600736,68.8296126,-8.24603616,-6.59693608,-18.0093954,-4.99187406,-20.0082127,35.6139314,70.2452513,17.5658976,-3.04400785,20.3498263,-12.8331152,5.34780888,-4.75771255,23.9704925,-5.82165155,-8.31503388,-9.14082851,1.61425,-8.64093294,21.2435054,-11.1300921,-4.76048049
713,-1.18902596,-6.61162883,104.971337,0.781873884,-2.52823755,1.04778899,0.266973338,3.40009421,5.19395161,0,0,-2.48160772,13.8558771,-24.6253557,68.8474052,-8.34342526,-6.6030683,-17.8651982,-5.06603711,-20.0389947,35.606326,70.2169128,17.4702135,-3.04261022,20.3524457,-13.0050584,5.39861482,-4.90338597,24.3008056,-5.73464134,-8.51258429,-9.1163141,1.67766489,-8.66529281,21.2607362,-11.1512751,-4.84268822
714,-1.2065094,-6.67549372,104.955196,0.774907721,-2.58748354,1.04855231,0.235065549,3.55027961,5.24736113,0,0,-2.42876468,13.7089453,-24.3874073,68.8597406,-8.11152497,-6.60933458,-17.7603616,-5.06577415,-20.1919602,35.568678,70.087672,17.2512598,-2.96610356,20.2808602,-13.1441296,5.44357795,-5.02285623,24.6329663,-5.67432095,-8.69022385,-9.05996333,1.7291467,-8.70735567,21.2742224,-11.1838781,-4.88602918
715,-1.22286296,-6.75791204,104.950404,0.782166032,-2.64983852,1.04743286,0.232552333,3.59325367,5.2820316,0,0,-2.41025764,13.7412828,-24.3226844,68.9101883,-8.1435099,-6.67253346,-17.9160114,-5.10163947,-20.1928976,35.6150618,70.1020222,17.0624819,-3.07325258,20.3554049,-13.2812917,5.4841322,-5.14388334,24.9730226,-5.57853011,-8.88310412,-9.00929699,1.77459115,-8.73589135,21.301941,-11.1920666,-4.95650179
716,-1.24851251,-6.82918876,104.92748,0.754437312,-2.70272042,1.01537196,0.32115883,3.6732386,5.36848856,0,0,-2.39958825,13.672618,-24.1684673,68.9697544,-8.01194423,-6.71558372,-17.9813302,-5.15600607,-20.2625656,35.6909725,70.0197048,17.3244999,-3.16139788,20.1529154,-13.4257041,5.56693117,-5.21268896,25.2986945,-5.56832538,-9.02201224,-8.98029003,1.86537824,-8.71918471,21.334019,-11.2218779,-5.02711827
717,-1.27357002,-6.89362884,104.920506,0.730735506,-2.76411565,1.03677761,0.26891482,3.7592025,5.43816332,0,0,-2.41592478,13.661916,-24.1835057,69.031192,-8.1776617,-6.79146285,-18.0757644,-5.12331977,-20.2705398,35.5412069,69.8766669,17.2755036,-3.11029825,20.0600419,-13.5801928,5.62454339,-5.34489239,25.6336368,-5.50727245,-9.13306429,-8.91908812,1.93387201,-8.76725643,21.3344169,-11.2081125,-5.06432828
718,-1.29574342,-6.98089004,104.916084,0.725221216,-2.82354218,1.0661604,0.299288217,3.75172089,5.48209424,0,0,-2.43277528,13.7051716,-24.1671217,69.1065495,-8.03323137,-6.80394374,-18.1401372,-5.15148192,-20.2332879,35.6105675,69.8463204,17.2540533,-3.11837857,19.9981467,-13.7745006,5.67080127,-5.46741062,26.0288315,-5.3770216,-9.26777952,-8.8459718,1.99855241,-8.80733427,21.3136975,-11.191393,-5.10794288
719,-1.3068568,-7.0517607,104.907286,0.714117219,-2.88608294,1.08230598,0.308790398,3.86683476,5.51607315,0,0,-2.36076481,13.5471244,-23.9823634,69.1474691,-7.88753917,-6.79428799,-18.0945167,-5.16284394,-20.3277068,35.5961831,69.7986798,17.1530588,-3.09016242,19.8999559,-13.9378266,5.71794622,-5.57591116,26.4032181,-5.25237534,-9.40837811,-8.75845829,2.06374123,-8.83731966,21.2841177,-11.1979184,-5.17457565
720,-1.33087793,-7.1151197,104.889739,0.686406703,-2.94328859,1.12048925,0.258575167,3.98325918,5.5790761,0,0,-2.33121742,13.5067537,-24.0391974,69.0982439,-7.9858956,-6.65767609,-17.8298041,-5.18453534,-20.4076524,35.5182097,69.7013223,16.9757317,-3.00427557,19.8560378,-14.1307683,5.76812207,-5.79239059,26.7861253,-5.14724123,-9.60231963,-8.69958292,2.13537284,-8.90478997,21.2845292,-11.2123378,-5.23333107
721,-1.35070309,-7.19160289,104.884052,0.676057997,-3.01026529,1.12401976,0.227486361,4.02338782,5.64522691,0,0,-2.33968877,13.5842525,-24.133051,69.0946376,-8.18830569,-6.64757168,-17.747386,-5.20012141,-20.4536469,35.6235585,69.5757903,17.0323369,-2.98697299,19.7431433,-14.3173478,5.81609177,-5.93046329,27.1933515,-4.98007363,-9.76456906,-8.61206856,2.20275949,-8.94055199,21.2518467,-11.1965635,-5.29550244
722,-1.37728956,-7.27256685,104.864609,0.664995225,-3.08363699,1.13910383,0.312553378,4.0664163,5.72010883,0,0,-2.3809858,13.5728904,-24.1185932,69.1663341,-7.96629808,-6.70807947,-17.8171632,-5.23884559,-20.482303,35.6823972,69.5638511,17.196287,-3.11581427,19.8099801,-14.5111501,5.8571156,-6.11168016,27.6190447,-4.87397347,-10.0132913,-8.52447138,2.27131153,-8.97398662,21.2294113,-11.2148641,-5.34132404
723,-1.39074791,-7.35248551,104.859257,0.663990392,-3.141596,1.14889372,0.358319141,4.0661495,5.75004726,0,0,-2.39658553,13.5448739,-23.9302115,69.3078898,-7.71465,-6.80354076,-17.9354057,-5.27093382,-20.4260478,35.7335041,69.5772519,17.4062436,-3.19779126,19.7558782,-14.7057968,5.88996582,-6.27759314,28.0159009,-4.7123268,-10.1539342,-8.44959202,2.32676712,-9.00563686,21.2114667,-11.2132326,-5.39101196
724,-1.40547212,-7.43130967,104.84792,0.658305023,-3.20225931,1.20149651,0.28916513,4.02836617,5.79265441,0,0,-2.39578469,13.7286196,-24.1682043,69.2732266,-8.12081318,-6.73969642,-17.8960877,-5.29976789,-20.417937,35.8820061,69.4696491,17.4398533,-3.13304982,19.8605953,-14.939893,5.8979772,-6.5121666,28.4892074,-4.5928352,-10.2398469,-8.36876954,2.3785184,-9.08560557,21.1925522,-11.2362349,-5.44163135
725,-1.43067716,-7.49865472,104.833519,0.649788442,-3.27505819,1.23762997,0.250124035,4.17768691,5.87895641,0,0,-2.45418003,13.7035409,-24.2613493,69.2838202,-8.33229547,-6.65343028,-18.1036264,-5.29152642,-20.5747342,35.7901981,69.2891136,17.0703878,-3.00535879,19.6785144,-15.1694318,5.9125746,-6.69535526,28.9619555,-4.42749681,-10.3370115,-8.28921064,2.42613314,-9.15208807,21.1865604,-11.2554807,-5.49822587
726,-1.44244041,-7.58800656,104.819882,0.671607244,-3.33564264,1.22633344,0.386351251,4.14076974,5.93366195,0,0,-2.46698514,13.728658,-24.1550665,69.3011894,-8.06617508,-6.64797381,-18.1964009,-5.28799009,-20.5214673,35.6592326,69.24803,16.8531998,-2.99374598,19.6681786,-15.3893929,5.92328092,-6.89568215,29.4159992,-4.22326434,-10.5731098,-8.21819375,2.46194574,-9.18961399,21.1783915,-11.2810521,-5.53443911
727,-1.46098295,-7.66691864,104.805529,0.661692138,-3.38756704,1.25430443,0.408959097,4.10357552,5.96726392,0,0,-2.46362405,13.8127317,-24.2878761,69.3147268,-8.13893708,-6.73505018,-18.0133501,-5.29761169,-20.5101223,35.717641,69.1556312,16.9342844,-3.00380855,19.6015228,-15.6667123,5.93801748,-7.20058777,29.9220411,-4.0197025,-10.9074723,-8.15382263,2.52290198,-9.25284873,21.1568115,-11.2879309,-5.59043897
728,-1.48426984,-7.73457512,104.809153,0.683948813,-3.45351714,1.27962727,0.287577458,4.18331115,6.04195845,0,0,-2.43445722,13.7148098,-24.0692605,69.3429901,-7.95730869,-6.76987732,-18.0874662,-5.37371152,-20.5674345,35.8903731,69.1222794,17.1744697,-3.10761889,19.6026497,-15.9781825,5.90935246,-7.44344453,30.5070502,-3.75284104,-11.0417188,-8.08185719,2.53571947,-9.29813032,21.1436292,-11.2732178,-5.61707842
729,-1.50137786,-7.81635493,104.802704,0.68589394,-3.52381232,1.3295927,0.333369954,4.18486459,6.08681529,0,0,-2.45846939,13.7297978,-24.0752847,69.3705568,-7.90816975,-6.75813964,-18.064136,-5.32062473,-20.5575204,35.6949443,69.0215546,17.0332743,-3.02487905,19.6939028,-16.267955,5.90439758,-7.72846833,31.05589,-3.53268141,-11.2235922,-7.99506342,2.57715652,-9.37401543,21.1291765,-11.2833069,-5.65318066
730,-1.520037,-7.90254325,104.801536,0.722283165,-3.60860172,1.33612494,0.458038676,4.15027993,6.15242864,0,0,-2.52683382,13.8040966,-24.128427,69.427903,-7.81281092,-6.76165334,-18.1687181,-5.27629339,-20.5467492,35.541668,68.9370925,16.7329765,-2.94753548,19.5378978,-16.5222566,5.86661767,-8.04447898,31.5941294,-3.21849229,-11.5682385,-7.91622938,2.58352588,-9.42212643,21.1559799,-11.296566,-5.68640825
731,-1.54246744,-7.97097087,104.801643,0.761985194,-3.6865714,1.33650012,0.426728822,4.17418047,6.22883498,0,0,-2.53671668,13.8733112,-24.2856733,69.3445542,-8.05975214,-6.64153849,-18.1633581,-5.34217782,-20.6013429,35.657689,68.9139859,16.6900573,-2.95316163,19.5100717,-16.7982953,5.81076892,-8.28135165,32.1560081,-2.89006819,-11.7575022,-7.85235601,2.5767593,-9.46809702,21.1809818,-11.3068838,-5.70693724
732,-1.5653586,-8.03290755,104.796374,0.79940439,-3.76796013,1.34190471,0.391125073,4.20010231,6.33301543,0,0,-2.54129269,13.7782444,-24.014146,69.3911361,-7.91578114,-6.69084947,-18.2488789,-5.46724285,-20.664459,35.8540638,68.9142113,16.640564,-2.96687196,19.4098318,-17.1280124,5.7376923,-8.5863307,32.8147423,-2.59824473,-11.9215812,-7.80695489,2.56133908,-9.5270074,21.2499496,-11.3341815,-5.75112771
733,-1.59001257,-8.09796005,104.806697,0.849223246,-3.84263642,1.31710966,0.455192888,4.21568283,6.41876419,0,0,-2.53160321,13.7033496,-23.8055964,69.4077881,-7.74291845,-6.7755468,-18.3084245,-5.46295947,-20.6862012,35.7864756,68.8355002,16.5881611,-2.98564858,19.4561354,-17.4257626,5.66847431,-8.82911831,33.4158536,-2.20399596,-12.1821248,-7.76592594,2.53811537,-9.53447109,21.3055798,-11.3149622,-5.76180586
734,-1.60231125,-8.16582069,104.814601,0.908652609,-3.90664734,1.3263599,0.526448943,4.15388584,6.44613532,0,0,-2.53373573,13.7662693,-23.866701,69.4026382,-7.75494983,-6.7485889,-18.3256451,-5.40175329,-20.6321966,35.5736879,68.7883446,16.3627102,-2.99714058,19.4855496,-17.7876738,5.5549745,-9.14148079,34.0980802,-1.82375314,-12.1426762,-7.71454243,2.50252582,-9.581228,21.3370602,-11.3220631,-5.77674647
735,-1.62281059,-8.22479501,104.818583,0.942223375,-3.98305125,1.29677542,0.639579181,4.0842495,6.50047588,0,0,-2.55528839,13.8995246,-23.9519964,69.387359,-7.80338526,-6.74133353,-18.4271622,-5.36633662,-20.5739846,35.5377099,68.6953243,16.4008364,-2.96266606,19.4491891,-18.0958263,5.47694513,-9.37369868,34.7591913,-1.59128435,-12.0644978,-7.65845291,2.50055189,-9.59447772,21.3727428,-11.3008255,-5.81091321
736,-1.65146943,-8.27338621,104.828882,1.02538853,-4.03521695,1.25849261,0.655302383,4.05408482,6.59299463,0,0,-2.60093732,13.8623948,-23.7832993,69.4075559,-7.70510823,-6.77793011,-18.5130826,-5.49337985,-20.5670093,35.5905687,68.7593163,16.4573374,-3.02815647,19.4929484,-18.4613747,5.3113075,-9.65308159,35.4572571,-1.3439489,-11.771656,-7.65707834,2.4273884,-9.6038846,21.4468725,-11.3063263,-5.83777933
737,-1.66707337,-8.2998991,104.83911,1.0482057,-4.09863469,1.20909315,0.673089956,4.15707383,6.64183859,0,0,-2.61425768,13.8310665,-23.8523542,69.3981029,-7.85007472,-6.79194481,-18.5220319,-5.55484131,-20.685665,35.8308445,68.7293523,16.6743445,-3.05559313,19.5547138,-18.7826292,5.21722207,-9.87801851,36.1351431,-1.28648737,-11.4743729,-7.60658019,2.42435238,-9.58669984,21.4665964,-11.2710194,-5.87441092
738,-1.67824384,-8.34020674,104.850352,1.10590887,-4.14446563,1.16661743,0.728416516,4.13853712,6.66508343,0,0,-2.59547466,13.8157506,-23.8408743,69.3834522,-7.91161558,-6.79735346,-18.4686591,-5.5827469,-20.6815054,35.9454893,68.7150157,16.7852718,-3.15488444,19.5765584,-19.1896675,5.06862703,-10.1268628,36.9483147,-1.29538294,-11.1409452,-7.57075841,2.38798312,-9.55592215,21.4803729,-11.2615314,-5.89655781
739,-1.68184284,-8.36813301,104.863822,1.15552773,-4.202296,1.10924522,0.764580607,4.16369826,6.68897842,0,0,-2.56230278,13.767474,-23.8403074,69.3770796,-8.02569938,-6.78361539,-18.4512062,-5.64382587,-20.7523396,36.0848695,68.7236422,16.8005339,-3.14255125,19.4834971,-19.5107103,4.94884729,-10.2774446,37.6661676,-1.52948906,-10.8248757,-7.51659842,2.35300913,-9.52086877,21.4946241,-11.2407377,-5.92328135
740,-1.68317165,-8.43028128,104.876518,1.21998383,-4.24848458,1.07033636,0.893330954,4.01032636,6.70694652,0,0,-2.55059882,13.8408635,-23.6788571,69.4017161,-7.73461635,-6.81175449,-18.5065547,-5.65039907,-20.6718544,36.0658099,68.6926673,16.7122435,-3.08401952,19.5266178,-19.9278521,4.82312912,-10.4835165,38.5403464,-1.76721284,-10.9613668,-7.4581098,2.32397208,-9.50035856,21.4863391,-11.2308801,-5.93242228
741,-1.68769602,-8.46102387,104.881489,1.21804314,-4.28755468,1.0453621,0.928535083,4.02899796,6.73098921,0,0,-2.53144676,13.8995553,-23.7767935,69.3508039,-7.85025914,-6.79899954,-18.4786397,-5.67931809,-20.6587387,36.0649698,68.6739321,16.6586726,-3.1140508,19.2510828,-20.316174,4.74725255,-10.6846271,39.365768,-2.21613748,-10.9554826,-7.41964559,2.35149134,-9.50418859,21.4925972,-11.2025723,-5.95417002
742,-1.6951751,-8.50462168,104.892814,1.25358196,-4.32305557,1.03683769,0.978693004,4.02659416,6.74416721,0,0,-2.51475612,13.8287741,-23.7320353,69.3758433,-7.81209375,-6.80976477,-18.3386054,-5.719778,-20.6529365,36.1000155,68.6963624,16.8212225,-3.16386208,19.2840026,-20.7414677,4.65364395,-10.801402,40.2339909,-2.52704363,-10.9666209,-7.3637422,2.34191264,-9.52194025,21.4550858,-11.1698574,-5.98638675
743,-1.7046459,-8.53532776,104.898155,1.26859545,-4.36184335,1.04171994,0.939822077,4.12297667,6.77875315,0,0,-2.52967155,13.7206701,-23.6965337,69.4125078,-7.84372692,-6.80536954,-18.332267,-5.7571498,-20.7084591,36.0648366,68.7007679,16.7497327,-3.11012429,19.2660819,-21.1982485,4.5686606,-10.9437287,41.1668684,-2.75431711,-11.1231167,-7.29938304,2.34601353,-9.55559772,21.4118951,-11.1448359,-5.98931903
744,-1.71466842,-8.57008994,104.917455,1.28727428,-4.39994622,1.03575454,0.964524843,4.14454854,6.80982923,0,0,-2.49283207,13.6613431,-23.4868759,69.4125009,-7.68419248,-6.82275536,-18.4785748,-5.79235985,-20.7390156,35.9736945,68.6792528,16.5584618,-3.06101416,19.3237509,-21.6367655,4.50282953,-10.9885654,42.0897943,-2.91824037,-11.0557736,-7.23076696,2.35174534,-9.56710915,21.3509579,-11.0823217,-6.03735063
745,-1.72677916,-8.60518739,104.933631,1.31880405,-4.42815036,1.04526888,0.967419456,4.14559868,6.82878087,0,0,-2.51083624,13.6475547,-23.5151785,69.4324588,-7.78351538,-6.81789824,-18.5233979,-5.83395955,-20.7995653,36.0238657,68.6388454,16.3458294,-2.99810022,19.2912665,-22.1466801,4.4117481,-11.0562278,43.0988898,-2.97990994,-10.8764282,-7.16689359,2.34149066,-9.59488497,21.2758292,-11.0280712,-6.07160702
746,-1.73675641,-8.64675641,104.959297,1.36387387,-4.46214606,1.06857468,0.965696328,4.12523704,6.8469893,0,0,-2.54913951,13.6764293,-23.6849155,69.4505451,-7.95247804,-6.7887073,-18.539343,-5.86002184,-20.8427321,36.0579073,68.6010813,16.4030306,-2.97192822,19.3416802,-22.6494708,4.30173724,-11.1209362,44.1172983,-2.93895356,-10.7883794,-7.09433991,2.31174006,-9.64820057,21.2010301,-10.9612933,-6.08076032
747,-1.74570568,-8.68073255,104.980123,1.38722162,-4.49184428,1.07216123,1.01169103,4.09254434,6.85612809,0,0,-2.59300512,13.7624171,-23.9229647,69.4755368,-8.17221462,-6.78461943,-18.536657,-5.86815916,-20.8008801,36.0703656,68.5906789,16.5133245,-2.9892658,19.2561321,-23.1304117,4.26029165,-11.0864318,45.1213498,-3.04878471,-10.5415176,-7.03283021,2.30893478,-9.68243689,21.1351666,-10.8948544,-6.0754332
748,-1.76090933,-8.71174857,104.998827,1.39539468,-4.52795591,1.07132302,0.972700046,4.150767,6.8933411,0,0,-2.62247867,13.6843071,-23.8264848,69.5516456,-8.09032663,-6.76957466,-18.5832235,-5.91760888,-20.8671005,36.1845117,68.552867,16.6556297,-2.97389595,19.1913136,-23.6019885,4.20994248,-11.1384428,46.1195615,-3.17730005,-10.447559,-6.96805056,2.32142613,-9.70251765,21.0705547,-10.8269649,-6.06601096
749,-1.7745981,-8.76624063,105.029607,1.45615006,-4.5578265,1.06052554,1.06499212,4.05198283,6.90941253,0,0,-2.64661869,13.7518081,-23.9036267,69.5580045,-8.06881239,-6.71685798,-18.5752339,-5.89042302,-20.8272719,36.1131192,68.5037784,16.6006006,-2.9767721,19.1854737,-24.1008074,4.14900396,-11.0939809,47.1375807,-3.17665524,-10.3874166,-6.90369609,2.28691425,-9.7079579,20.9925352,-10.7475631,-6.0601054
750,-1.79004651,-8.78795385,105.04998,1.48606435,-4.60565116,1.04313634,1.05947803,4.10796648,6.96223081,0,0,-2.66370185,13.672963,-23.9133614,69.5715146,-8.08923209,-6.71554487,-18.561051,-5.93737075,-20.9037035,36.2056717,68.4825502,16.7209417,-2.95393259,19.1272259,-24.5512806,4.10266454,-11.0354128,48.1504363,-3.34030145,-10.265192,-6.82679457,2.26745461,-9.71969131,20.934161,-10.6954342,-6.04993995
751,-1.80578269,-8.83086771,105.072451,1.53970103,-4.62164263,1.03119712,1.16814911,4.02449089,6.97634796,0,0,-2.67217854,13.7123996,-23.9340586,69.5384291,-7.96221619,-6.70807905,-18.5764377,-5.95206931,-20.8629528,36.1993093,68.4931711,16.7443129,-3.03581119,19.1082909,-25.037322,4.02207215,-11.0333996,49.1456904,-3.49688674,-10.1268875,-6.78768704,2.23669272,-9.72823331,20.8663645,-10.6493577,-6.05022383
752,-1.81784313,-8.86700749,105.088687,1.57567666,-4.6605632,0.99111665,1.25207036,3.99341353,7.01912202,0,0,-2.70110738,13.7359629,-23.999806,69.534372,-7.9898998,-6.73016959,-18.5436238,-5.98734639,-20.8583766,36.2663545,68.5070296,16.8496891,-3.09218501,19.1037471,-25.4970774,3.99408972,-10.9835811,50.1827795,-3.57281219,-10.1458712,-6.72118618,2.22581223,-9.70350461,20.8067506,-10.6072795,-6.04675537
753,-1.8295886,-8.88617784,105.100834,1.61817528,-4.6793801,0.962699257,1.27790331,4.00437214,7.03849158,0,0,-2.67301267,13.6950766,-23.9202019,69.4738634,-7.91312164,-6.73394497,-18.5394284,-6.01244861,-20.8924354,36.2834743,68.5096182,16.8268984,-3.13843542,19.1305795,-25.9547513,3.92146773,-10.928937,51.1724227,-3.88653644,-9.90307762,-6.68307373,2.19209009,-9.68997315,20.7587651,-10.5786875,-6.05595478
754,-1.84716471,-8.91565159,105.11831,1.67268427,-4.70957031,0.936861486,1.34621353,3.93090279,7.07772846,0,0,-2.68846171,13.7171398,-23.8713677,69.4650046,-7.8062898,-6.82452139,-18.5545162,-5.9978192,-20.8517103,36.1730302,68.4704061,16.7509604,-3.12317998,19.1578781,-26.4318895,3.81057406,-10.9708513,52.2174997,-3.95480845,-9.79136817,-6.63503274,2.14795191,-9.68236432,20.7134639,-10.5474172,-6.05952569
755,-1.8617481,-8.93987119,105.13624,1.72075026,-4.7300069,0.909959776,1.38636277,3.9066919,7.10142495,0,0,-2.66043275,13.7001941,-23.8160654,69.3882538,-7.78141596,-6.80377427,-18.5455755,-6.04764927,-20.8720814,36.2083491,68.5054518,16.7025736,-3.1082334,19.2312019,-26.8872616,3.70253285,-10.993601,53.2197002,-4.08555919,-9.75005491,-6.60344055,2.11060914,-9.67670722,20.6721498,-10.5175368,-6.0634522
756,-1.87506787,-8.95691887,105.156422,1.76228615,-4.74264769,0.874909095,1.44112274,3.87657888,7.11707718,0,0,-2.65137122,13.6590678,-23.6937879,69.369983,-7.65762902,-6.81497236,-18.5569905,-6.11201484,-20.886978,36.2952086,68.5361945,16.7059512,-3.09839558,19.2853823,-27.3632268,3.58847168,-11.0390098,54.2514891,-4.18597449,-9.64074115,-6.57953489,2.07811323,-9.66060676,20.6306701,-10.4678369,-6.06919681
757,-1.89102031,-8.97752717,105.168116,1.8295684,-4.74445114,0.83736145,1.49610694,3.8238225,7.12735832,0,0,-2.66889471,13.6665451,-23.7473246,69.3481059,-7.73543768,-6.80864078,-18.5724831,-6.1477346,-20.8572069,36.3442425,68.5798531,16.6498565,-3.18282397,19.224469,-27.8274133,3.47552618,-11.0428176,55.227991,-4.21772634,-9.54776947,-6.57168401,2.0164411,-9.62943975,20.5940278,-10.4659979,-6.07834542
758,-1.89861879,-8.99184421,105.181777,1.88746175,-4.77079049,0.801699423,1.55398287,3.77401249,7.15165373,0,0,-2.65901634,13.6490564,-23.7402554,69.3275675,-7.72147251,-6.81523575,-18.5411274,-6.18263345,-20.8490415,36.3722839,68.6182729,16.6966143,-3.27204054,19.2761701,-28.2527257,3.338643,-11.091557,56.2146869,-4.27442075,-9.64242052,-6.55875404,1.95449001,-9.63016375,20.6163147,-10.4551567,-6.07211501
759,-1.9125849,-8.99725631,105.194414,1.9188002,-4.80887301,0.780364323,1.56665458,3.7705133,7.20871142,0,0,-2.66059923,13.5999841,-23.6701623,69.3136203,-7.67147296,-6.81248233,-18.5523869,-6.23227398,-20.8962176,36.3812383,68.591519,16.4959928,-3.23526936,19.2521876,-28.6391898,3.24250872,-11.1133453,57.1459149,-4.42760652,-9.61351602,-6.521115,1.92012818,-9.64750987,20.6134751,-10.4371275,-6.07619818
760,-1.92264766,-9.0045929,105.217445,1.96118701,-4.8121881,0.735920051,1.6328421,3.73131441,7.22337925,0,0,-2.66865971,13.5803456,-23.6838193,69.3001853,-7.66833364,-6.81596402,-18.5453006,-6.25305825,-20.9047792,36.3830039,68.5559474,16.35922,-3.18096402,19.0430694,-29.0746912,3.13474819,-11.1520656,58.082549,-4.47270968,-9.58268283,-6.54658435,1.8754359,-9.59529734,20.646972,-10.3840194,-6.05044837
761,-1.93350222,-9.00079831,105.238247,1.9919767,-4.82079411,0.694626792,1.66128888,3.74037637,7.23691157,0,0,-2.6389136,13.4683032,-23.5149258,69.3142009,-7.53145408,-6.86315465,-18.5460775,-6.31138166,-20.9479221,36.4633747,68.5906653,16.3764321,-3.15459651,19.0722736,-29.4667236,3.0278997,-11.1697746,58.965228,-4.52179697,-9.58289372,-6.57993232,1.83635228,-9.550061,20.716418,-10.3392236,-6.00219522
762,-1.94410235,-8.99853632,105.266118,2.00376646,-4.83333676,0.653213215,1.71280398,3.73779925,7.264532,0,0,-2.65879201,13.4885615,-23.6724111,69.2769012,-7.7349203,-6.84700211,-18.5079736,-6.34603164,-20.9649054,36.4984648,68.5811986,16.2823479,-3.0578838,18.9916022,-29.8499621,2.96174782,-11.2109974,59.827273,-4.62810459,-9.65075335,-6.62313199,1.81545959,-9.49402869,20.818198,-10.2595768,-5.93244917
763,-1.95856355,-9.00521427,105.282068,2.0460952,-4.84726815,0.630438445,1.76792606,3.69443097,7.29049952,0,0,-2.67034143,13.4883634,-23.7310756,69.2548875,-7.76591399,-6.85349548,-18.4892811,-6.38645867,-20.9525991,36.5642737,68.6367895,16.2527544,-3.083519,18.8638436,-30.2391292,2.83832652,-11.286541,60.702473,-4.62971097,-9.74483836,-6.62011731,1.77029699,-9.46294193,20.8198236,-10.2202118,-5.91220321
764,-1.96983404,-9.00077894,105.293012,2.06527699,-4.8752011,0.609314959,1.77894828,3.70776648,7.33258203,0,0,-2.67291449,13.4369697,-23.726011,69.2462951,-7.73352096,-6.85608626,-18.4399774,-6.44818565,-20.9814959,36.6241061,68.682183,16.2624977,-3.07950647,18.8493687,-30.5903648,2.76171527,-11.3257548,61.5367737,-4.72158043,-9.81478974,-6.59941586,1.74652836,-9.45872344,20.8238654,-10.1985712,-5.91533613
765,-1.9784078,-9.00467932,105.303192,2.10022267,-4.89669514,0.586422147,1.81757801,3.68082523,7.3590362,0,0,-2.68921367,13.4513916,-23.841933,69.2287962,-7.82421221,-6.84530352,-18.4269915,-6.4729293,-20.9965735,36.6220878,68.6805506,16.1694142,-3.03627735,18.7824397,-30.9335408,2.66493576,-11.3804902,62.3442729,-4.74114422,-9.97173724,-6.56779934,1.71326075,-9.43293947,20.7949754,-10.1801075,-5.90562189
766,-1.98778417,-9.00679156,105.318761,2.13650662,-4.92257382,0.57044333,1.83711897,3.64522842,7.39420314,0,0,-2.70533911,13.4768033,-23.9546209,69.2109421,-7.89959786,-6.84583543,-18.4159744,-6.5126938,-21.0286327,36.6873059,68.6599234,16.1875722,-3.04416964,18.7914248,-31.2712254,2.54917772,-11.4513372,63.1349834,-4.772152,-9.98699247,-6.53842825,1.66982341,-9.41467128,20.781496,-10.1509409,-5.9219802
767,-1.99842416,-9.00406539,105.325019,2.16762776,-4.94254661,0.555400965,1.86389587,3.62359849,7.42505254,0,0,-2.71237826,13.4526228,-24.0034448,69.205191,-7.92539122,-6.83190696,-18.3865175,-6.53106402,-21.0335078,36.5943197,68.6671702,16.0569551,-3.03258926,18.7660779,-31.5725529,2.47987563,-11.4675521,63.8539974,-4.84625614,-9.97911043,-6.51326967,1.63327144,-9.39627758,20.7617585,-10.1403183,-5.91972026
768,-2.00601965,-9.00064483,105.342567,2.19498114,-4.96690628,0.548925273,1.87607068,3.59812444,7.46075053,0,0,-2.72313004,13.4771491,-24.0793538,69.1851649,-7.97206361,-6.8069486,-18.4168913,-6.55954378,-21.0617677,36.6358336,68.6437905,16.1100974,-3.02221762,18.76512,-31.8766363,2.38649947,-11.5164306,64.578619,-4.90439215,-10.0570967,-6.47831874,1.59894931,-9.37010686,20.7418228,-10.1093083,-5.91878111
769,-2.00998597,-8.99471417,105.365431,2.22077988,-4.9867609,0.543854653,1.88290621,3.56018018,7.48030877,0,0,-2.74720795,13.4803064,-24.1282904,69.2273209,-7.97614892,-6.80809607,-18.3829282,-6.55414665,-21.0738161,36.6180443,68.6006852,16.0788322,-2.96130045,18.7671793,-32.1702695,2.31362648,-11.5617728,65.2675392,-4.88558394,-10.0296146,-6.45573557,1.56284162,-9.35612888,20.7315298,-10.0683358,-5.85541787
770,-2.01562438,-8.98898244,105.369616,2.24788712,-4.9939445,0.54567244,1.87851418,3.52053157,7.49261507,0,0,-2.75171673,13.4673828,-24.0852295,69.2585075,-7.88367584,-6.80557744,-18.3729801,-6.58470961,-21.0987412,36.6386066,68.5891763,16.1057158,-2.90505,18.8177415,-32.4528379,2.21170703,-11.6306075,65.9265295,-4.93621016,-10.1517076,-6.43741445,1.52531859,-9.35013112,20.7126887,-10.0736479,-5.85900927
771,-2.0183662,-8.98406506,105.378842,2.2857829,-4.99625802,0.551047451,1.84507742,3.46267624,7.49597125,0,0,-2.73906188,13.4511671,-24.0131932,69.2887926,-7.82871587,-6.80565385,-18.3579485,-6.57608265,-21.0994635,36.6170574,68.5524025,15.8938041,-2.82595342,18.7543505,-32.746355,2.12497174,-11.6546711,66.5602618,-4.95631823,-10.087812,-6.40882968,1.47521329,-9.35490029,20.6631408,-10.0684032,-5.83745959
772,-2.02193931,-8.97683427,105.377316,2.30435571,-5.00496999,0.557281668,1.83607502,3.42073888,7.50955223,0,0,-2.76135754,13.5004187,-24.1108085,69.3106423,-7.88657867,-6.83819244,-18.3480738,-6.58952062,-21.092594,36.5961809,68.5339132,15.8009528,-2.74389232,18.6993777,-32.9730353,2.06047363,-11.6910615,67.1007141,-5.0719956,-10.1936603,-6.38592506,1.44878387,-9.34190671,20.6374337,-10.0756919,-5.84606521
773,-2.02741064,-8.96074772,105.378604,2.33811,-5.00742298,0.559860942,1.807699,3.4012468,7.52920695,0,0,-2.76917726,13.4741242,-24.1325593,69.3154098,-7.93438999,-6.81916524,-18.3017258,-6.62005968,-21.122792,36.5145055,68.5376903,15.8071683,-2.70664944,18.8363486,-33.2245263,1.97459125,-11.7205201,67.6542873,-5.08526196,-9.97277884,-6.36933624,1.39191102,-9.33056945,20.6124727,-10.1023219,-5.81066476
774,-2.02428885,-8.94816518,105.387998,2.37324268,-4.99868277,0.570998917,1.77679645,3.3617698,7.51547827,0,0,-2.75067619,13.4609547,-24.1069119,69.3318979,-7.88379964,-6.81815352,-18.3230155,-6.64997762,-21.1464091,36.5314444,68.5468155,15.8373782,-2.67551893,18.9051457,-33.4445267,1.88368016,-11.7660783,68.1416828,-5.15882054,-9.96999554,-6.35658513,1.33847386,-9.34666479,20.5700026,-10.1039543,-5.80625289
775,-2.01691017,-8.92867446,105.396831,2.40169646,-4.98576159,0.57832744,1.75964285,3.35666424,7.50328041,0,0,-2.73189211,13.3924889,-24.0216097,69.3353198,-7.72130175,-6.79726382,-18.3306124,-6.63007188,-21.1450789,36.4196034,68.558741,15.6828383,-2.66371166,18.8686418,-33.6628366,1.80980163,-11.7780226,68.5906858,-5.13219262,-9.87209332,-6.34680174,1.28813825,-9.35294857,20.5301792,-10.103723,-5.78345841
776,-2.00670399,-8.90981704,105.406296,2.42795147,-4.98023775,0.577547335,1.76045031,3.33481766,7.49513199,0,0,-2.74245692,13.3986745,-24.1121182,69.346856,-7.72701606,-6.79431104,-18.3277727,-6.63238518,-21.1829182,36.4241284,68.53698,15.7645974,-2.63431389,18.8960889,-33.8423101,1.74937654,-11.7892062,68.9999165,-5.15903953,-9.89037859,-6.32680807,1.24209434,-9.34191013,20.4944949,-10.094731,-5.75917495
777,-1.99653525,-8.8745445,105.413067,2.43087834,-4.96685669,0.577835741,1.65146237,3.41556523,7.4696699,0,0,-2.7041784,13.3165628,-24.1232344,69.3478054,-7.75282051,-6.79453003,-18.3091844,-6.66384973,-21.3018198,36.4884415,68.5250203,15.9433793,-2.59597177,19.0130063,-33.9918673,1.70870522,-11.7932172,69.3238314,-5.20994706,-9.79366823,-6.32286449,1.21391127,-9.34472246,20.4686016,-10.0828764,-5.72577191
778,-1.98836252,-8.85442272,105.420351,2.45269553,-4.95615043,0.577430988,1.63436939,3.37082343,7.45462043,0,0,-2.66276355,13.3588511,-24.225332,69.2988398,-7.84408721,-6.77375857,-18.2986403,-6.65316774,-21.276082,36.4167587,68.5197611,15.8452944,-2.54434493,19.015093,-34.1244413,1.65531075,-11.8026079,69.5972985,-5.22419612,-9.77755069,-6.30673116,1.17543746,-9.34231994,20.4232645,-10.0783121,-5.72681394
779,-1.97426565,-8.82457569,105.434167,2.47086291,-4.94505585,0.568000278,1.63557567,3.35332129,7.44447419,0,0,-2.60645867,13.3346236,-24.1698077,69.2593613,-7.79038229,-6.74799852,-18.2717942,-6.66283587,-21.3063875,36.4428466,68.4894214,15.8958292,-2.44925781,18.996076,-34.2249305,1.61262154,-11.7661287,69.8127364,-5.26699878,-9.63355067,-6.29454268,1.13637294,-9.3234985,20.3834292,-10.0596896,-5.71325517
780,-1.96221396,-8.79956111,105.446076,2.47915681,-4.93193616,0.557390168,1.67827652,3.31273203,7.43297812,0,0,-2.57532304,13.3061733,-24.0326148,69.2771334,-7.63654594,-6.75188447,-18.2711078,-6.65214535,-21.288045,36.3754975,68.4824409,15.7256261,-2.36278143,18.9731744,-34.3022516,1.58852399,-11.7474635,69.9674197,-5.27524709,-9.70271146,-6.2870474,1.11201136,-9.31078496,20.3485884,-10.0303189,-5.70304873
781,-1.94861405,-8.76141638,105.456936,2.48357423,-4.92538406,0.531028184,1.69848107,3.30192475,7.43313693,0,0,-2.56273372,13.2739869,-24.0258461,69.2802343,-7.63881697,-6.67634129,-18.1845812,-6.66098062,-21.3060187,36.3835913,68.4748594,15.5904839,-2.30055648,18.9432411,-34.3330489,1.56977725,-11.7045392,70.0514515,-5.30226305,-9.70202929,-6.2778719,1.08684884,-9.28032573,20.3256594,-10.0056278,-5.67064802
782,-1.92758068,-8.72555524,105.468941,2.4891732,-4.91152336,0.498473713,1.75064088,3.23793698,7.40034433,0,0,-2.57235895,13.3868463,-24.2764782,69.2884032,-7.89022172,-6.63296959,-18.0849578,-6.63746855,-21.266728,36.3415856,68.4813413,15.4679042,-2.32063148,18.9508482,-34.3248971,1.5549773,-11.6602386,70.0501469,-5.33696425,-9.71457293,-6.27667448,1.06350432,-9.22887647,20.3177706,-9.98656985,-5.61076519
783,-1.90099217,-8.68539736,105.486894,2.48556473,-4.89295295,0.475188301,1.77430289,3.23111362,7.34392441,0,0,-2.52843678,13.4218886,-24.3825835,69.2706789,-7.99387155,-6.59584154,-18.0462426,-6.55847058,-21.2633197,36.2631614,68.4532965,15.3078558,-2.31573765,18.8954229,-34.2965621,1.54203719,-11.625922,69.980438,-5.33938512,-9.76246793,-6.27205429,1.04515587,-9.1931358,20.2927926,-9.95194762,-5.59360348
784,-1.87404361,-8.65004659,105.494058,2.49935401,-4.8642764,0.471161895,1.76864227,3.2192626,7.28924618,0,0,-2.50370338,13.3854974,-24.3290109,69.3144126,-7.92776215,-6.6047575,-17.9722802,-6.5226774,-21.2689786,36.2640595,68.4640336,15.2766828,-2.31651714,18.8901893,-34.2884854,1.50506164,-11.5895299,69.8933463,-5.28614423,-9.76540491,-6.2485627,1.01514818,-9.19221543,20.2007165,-9.94840446,-5.64030576
785,-1.85438152,-8.59645382,105.497611,2.47992641,-4.84284722,0.47071845,1.70894908,3.28323501,7.26651531,0,0,-2.48481087,13.315692,-24.2492411,69.3451621,-7.85369216,-6.64832087,-17.9421676,-6.51970286,-21.337137,36.3175911,68.4697436,15.264981,-2.34865446,18.9863037,-34.2250295,1.49920176,-11.5651487,69.7000178,-5.29049079,-9.82212365,-6.24450045,1.00489852,-9.17440742,20.1612499,-9.93388092,-5.6354576
786,-1.83187798,-8.53907987,105.502355,2.44807079,-4.8274674,0.483870432,1.65847121,3.34752715,7.24853996,0,0,-2.47074388,13.2539215,-24.210169,69.3750442,-7.82024131,-6.67532573,-17.8525897,-6.50568774,-21.3858226,36.4117794,68.437389,15.2480695,-2.30369325,18.8175741,-34.1148483,1.50307309,-11.531983,69.4468022,-5.35532337,-9.87862212,-6.24801629,1.00279343,-9.17421789,20.1577836,-9.91886901,-5.62055157
787,-1.80222187,-8.48204568,105.504465,2.41585034,-4.80522895,0.490838596,1.64135454,3.39360254,7.21451111,0,0,-2.44867511,13.25146,-24.2824768,69.3440761,-8.02538348,-6.65312036,-17.8593345,-6.4873141,-21.4140159,36.4341244,68.4436454,15.262266,-2.31371356,18.8726357,-33.9754271,1.54377995,-11.4596726,69.1100875,-5.46189951,-9.83117792,-6.24649999,1.00777008,-9.17001305,20.1381024,-9.89337533,-5.58097446
788,-1.7715754,-8.43382627,105.518508,2.39497919,-4.7859483,0.481434826,1.68049729,3.38877808,7.1720205,0,0,-2.40911466,13.250777,-24.1794092,69.3645735,-7.94864289,-6.65691922,-17.8956181,-6.44055121,-21.4086662,36.4281036,68.4341925,15.2292199,-2.28503466,18.8726374,-33.8696377,1.55973101,-11.4397097,68.7942459,-5.32559924,-9.87321347,-6.24640607,1.00407313,-9.15074679,20.1264877,-9.85631302,-5.56864469
789,-1.73774902,-8.38196352,105.51796,2.35707508,-4.76132548,0.449932705,1.7104736,3.40178212,7.12214561,0,0,-2.35734737,13.2371072,-24.0742363,69.3795999,-7.76887317,-6.67046434,-17.8655346,-6.43752629,-21.4017899,36.4626336,68.4878914,15.2518192,-2.25646718,18.8401274,-33.6669074,1.65475431,-11.369725,68.3243425,-5.41741406,-9.98865476,-6.24889866,1.02371174,-9.11758452,20.117786,-9.84263386,-5.55789269
790,-1.70056932,-8.32277462,105.536914,2.32150424,-4.73954949,0.44997958,1.68896555,3.43096474,7.08662606,0,0,-2.34376106,13.2104755,-24.094773,69.4178012,-7.70337678,-6.69787346,-17.6982923,-6.39855366,-21.3582747,36.3953528,68.5604963,15.0275005,-2.32476801,18.7556875,-33.4540275,1.74384217,-11.267022,67.8146533,-5.40221518,-9.90670786,-6.24950954,1.02721296,-9.11065785,20.1122792,-9.80051037,-5.53698292
791,-1.67176966,-8.26225802,105.544543,2.27685787,-4.71032665,0.460129729,1.65685704,3.48293885,7.06296031,0,0,-2.34560926,13.161515,-24.1055066,69.4377385,-7.77121678,-6.67750584,-17.5336608,-6.39109125,-21.3653098,36.436737,68.586895,15.0905021,-2.33929305,18.7557643,-33.2447744,1.83249536,-11.2136364,67.254127,-5.3365237,-9.86632864,-6.2508696,1.04367446,-9.1280902,20.0908102,-9.76639016,-5.50348554
792,-1.63809806,-8.19518417,105.546355,2.21770275,-4.67375934,0.48329382,1.61533953,3.59174761,6.99437198,0,0,-2.33553986,13.0849793,-24.0764185,69.4887054,-7.92320214,-6.6719926,-17.4946912,-6.3103678,-21.4151344,36.4407941,68.5735283,15.0499411,-2.40099121,18.5893297,-33.0340187,1.91327921,-11.2082926,66.6757466,-5.25665617,-10.0240386,-6.25766265,1.07063354,-9.16498262,20.0664879,-9.74853263,-5.46219748
793,-1.59615353,-8.12468231,105.546999,2.17764668,-4.63043582,0.499713944,1.57720882,3.65222082,6.90181822,0,0,-2.26232557,13.0114779,-23.8925891,69.4810692,-7.81453127,-6.64563276,-17.510054,-6.26665716,-21.4448303,36.4629171,68.6253831,15.1008208,-2.51655438,18.5609998,-32.7573072,1.98670609,-11.1563106,65.9819701,-5.26973555,-9.88359706,-6.26156781,1.07373658,-9.18283417,20.0284608,-9.74708976,-5.44391349
794,-1.55320484,-8.06549862,105.547118,2.14046636,-4.58554901,0.512192512,1.59797121,3.66277261,6.82063544,0,0,-2.23578494,13.0031536,-23.8285493,69.5239696,-7.6742537,-6.71261984,-17.4747965,-6.2212936,-21.4505421,36.5481237,68.6211621,15.1271649,-2.50695306,18.3728383,-32.510372,2.04683203,-11.1412569,65.318629,-5.09761222,-9.99734874,-6.26303459,1.07822956,-9.19385126,19.9856731,-9.75091466,-5.42687601
795,-1.50779262,-8.00231546,105.550194,2.11280375,-4.54770794,0.523647041,1.59754539,3.64191919,6.75426095,0,0,-2.22536784,13.0968015,-24.0326404,69.5023521,-7.94849263,-6.69527287,-17.3815337,-6.18213314,-21.4437033,36.5566443,68.6232521,15.1670976,-2.50728347,18.3899599,-32.2505618,2.09561367,-11.1304225,64.6152356,-4.92081064,-9.93735236,-6.26200836,1.06735163,-9.18802426,19.9572493,-9.75155072,-5.36847703
796,-1.48105416,-7.92590827,105.537593,2.0476146,-4.52169021,0.549900016,1.57073476,3.7253841,6.75177262,0,0,-2.25558438,13.1350395,-24.40381,69.3978912,-8.49625075,-6.52930013,-17.0739447,-6.18154019,-21.5178553,36.5912324,68.6084169,15.0385039,-2.49468711,18.5772403,-31.9009176,2.19433445,-11.1190664,63.795811,-4.90953784,-9.78197922,-6.25901631,1.09332065,-9.20685424,19.9324506,-9.75854569,-5.30973997
797,-1.44672338,-7.87001774,105.525756,1.98515113,-4.47610242,0.594099482,1.57133742,3.74495259,6.68014742,0,0,-2.2353952,13.1280607,-24.4104763,69.4001929,-8.46672384,-6.51661134,-16.9583335,-6.14435493,-21.476297,36.5483559,68.6481686,15.1353645,-2.49604503,18.7919626,-31.571682,2.28073741,-11.1808967,62.9359243,-4.76767951,-10.0232053,-6.26514768,1.13087058,-9.2107705,19.890672,-9.77305045,-5.29317036
798,-1.40029583,-7.79645219,105.51784,1.90244639,-4.42004248,0.634621928,1.57216835,3.81132752,6.5645089,0,0,-2.21783393,13.1046998,-24.4048516,69.448537,-8.43532887,-6.60040709,-16.9268002,-6.04531634,-21.4378396,36.4632757,68.7000917,15.1801484,-2.58044163,18.7925842,-31.2247665,2.40085674,-11.2274411,62.0343257,-4.68568394,-10.0441637,-6.27472446,1.18039543,-9.22544772,19.8464909,-9.77291726,-5.25892592
799,-1.35827065,-7.70759583,105.510318,1.8365344,-4.36689805,0.646478379,1.44953167,3.98119048,6.48348663,0,0,-2.15069338,12.9808804,-24.1937714,69.4479018,-8.41932574,-6.59735699,-17.0313926,-6.00453499,-21.5541236,36.4204572,68.7063345,14.9574142,-2.58209923,18.69613,-30.8787627,2.50928621,-11.2006531,61.1384576,-4.5361139,-10.0188101,-6.29235147,1.20289855,-9.22659348,19.8119302,-9.77667814,-5.21375489
800,-1.3155357,-7.6354526,105.506623,1.78478902,-4.31998051,0.645696018,1.51134776,3.9932654,6.43201774,0,0,-2.1956896,13.0144345,-24.1604145,69.4991624,-8.29301164,-6.65917831,-17.2101438,-5.94056301,-21.5423227,36.2895805,68.6993609,14.7118228,-2.56526601,18.5099663,-30.4871777,2.61803883,-11.1746684,60.1863566,-4.40637104,-9.99714384,-6.31595063,1.21804162,-9.2049691,19.803722,-9.78422208,-5.18907443
801,-1.26973335,-7.564722,105.496252,1.71889499,-4.26322974,0.683481242,1.54737007,3.96865837,6.32913033,0,0,-2.16300031,13.0958282,-24.2072201,69.4335721,-8.16254649,-6.52963225,-17.1318613,-5.86717433,-21.5346388,36.2882896,68.6264008,14.7956343,-2.44683224,18.485784,-30.0656185,2.75241661,-11.1494505,59.1571973,-4.34644424,-10.0598783,-6.32716836,1.24974095,-9.23006407,19.7605227,-9.80066576,-5.13454135
802,-1.22675216,-7.47598037,105.486405,1.64759904,-4.19988399,0.734834749,1.44158464,4.05441481,6.2417355,0,0,-2.13959902,13.0025577,-24.069532,69.4530518,-7.96707757,-6.54248197,-17.0909177,-5.88451319,-21.5606737,36.4692931,68.6706741,14.9997955,-2.40274145,18.3376424,-29.6537546,2.85607711,-11.1656757,58.112916,-4.26012175,-10.0186726,-6.34168166,1.27589172,-9.25167052,19.7029272,-9.80919667,-5.09359436
803,-1.18172104,-7.39671066,105.477285,1.57408317,-4.14664396,0.707536617,1.5521686,4.09562518,6.17447735,0,0,-2.17546498,13.0311335,-24.258817,69.4485439,-8.22888128,-6.59373058,-16.9317367,-5.81863815,-21.5343075,36.3031624,68.6853385,14.9615294,-2.39706023,18.3342768,-29.2036725,3.04048582,-11.0614743,57.0416418,-4.17981238,-10.1327991,-6.36492394,1.32176615,-9.19231959,19.6778382,-9.80993177,-5.07502564
804,-1.13205565,-7.27684125,105.46335,1.45137314,-4.09234383,0.702897641,1.40275341,4.39787599,6.0815475,0,0,-2.11131478,12.8022385,-24.0451926,69.5087656,-8.17084858,-6.66473339,-17.0192963,-5.79861289,-21.7872601,36.3921153,68.6573143,14.7650948,-2.28664595,18.3314713,-28.7169737,3.2216886,-11.0330291,55.9258895,-4.15423461,-10.1333207,-6.37104806,1.39743376,-9.1746055,19.6272555,-9.80269347,-5.02893809
805,-1.08244177,-7.19245821,105.461431,1.38310959,-4.01486905,0.705204637,1.46031792,4.34905038,5.96816764,0,0,-2.09227733,13.0232352,-24.1791651,69.3786164,-8.13582337,-6.56916495,-17.1442085,-5.82003578,-21.7538366,36.4808839,68.7746637,14.8507574,-2.3281545,18.4625614,-28.261885,3.37897719,-10.930286,54.7995264,-3.96447189,-10.173968,-6.39241118,1.4297159,-9.16619497,19.552803,-9.78254612,-4.96497379
806,-1.03872688,-7.10507408,105.445826,1.29039579,-3.93712707,0.716972182,1.50551809,4.40256363,5.87895854,0,0,-2.0923514,12.9953433,-23.8898126,69.3712534,-7.67318819,-6.52378518,-17.3424121,-5.75562838,-21.6580961,36.385852,68.8135275,14.6456724,-2.17056944,18.0816127,-27.7672615,3.55444645,-10.852964,53.6126786,-3.77554074,-10.279071,-6.44885672,1.48640732,-9.15542035,19.5386287,-9.79427953,-4.93216028
807,-0.976068527,-7.01863095,105.450082,1.22935287,-3.88576674,0.695238066,1.56172734,4.43217677,5.77007679,0,0,-2.01075156,12.9259708,-23.8551204,69.3648194,-7.57902635,-6.58593179,-17.0942986,-5.62605756,-21.5894169,36.1678734,68.8127899,14.5804509,-2.13283222,17.9971455,-27.2532795,3.70582244,-10.7576436,52.4612999,-3.46027586,-10.4886041,-6.4471146,1.51141542,-9.1287237,19.4924207,-9.7740451,-4.90471829
808,-0.932738092,-6.89394623,105.431378,1.13223279,-3.83063712,0.653826875,1.53011445,4.57453883,5.71025671,0,0,-2.02097699,12.9828739,-24.2061614,69.2680356,-8.03849147,-6.56016661,-16.8484562,-5.65809328,-21.6775366,36.341005,68.866079,14.7161975,-2.21222485,18.0284995,-26.6838928,3.90261769,-10.5553137,51.2279112,-3.2647777,-10.5584949,-6.49620914,1.55505638,-9.08884137,19.507676,-9.7876773,-4.84746764
809,-0.884135347,-6.79734126,105.424118,1.04263953,-3.76143329,0.624627265,1.61656192,4.55514579,5.62828676,0,0,-2.08654062,13.1432007,-24.4900053,69.2739711,-8.41338945,-6.56683202,-16.9599147,-5.69610798,-21.653928,36.6285867,68.9215743,15.4428187,-2.33786468,18.1866918,-26.1362704,4.09005345,-10.4248503,49.9760775,-2.99909231,-10.6824107,-6.5330277,1.60804659,-9.04213483,19.472188,-9.77096639,-4.81143028
810,-0.829331111,-6.69038221,105.414474,0.956791729,-3.69643638,0.618828836,1.63160679,4.59359933,5.52891604,0,0,-2.02072875,13.0110527,-24.0395082,69.3612882,-7.76624525,-6.71387788,-16.9640077,-5.60408142,-21.5025966,36.3246331,69.0302904,14.8635589,-2.31954163,17.8526101,-25.5817615,4.23041811,-10.3266424,48.7519027,-2.80166099,-10.7129477,-6.5652551,1.64498863,-9.01079963,19.454059,-9.78091627,-4.76739179
811,-0.782584399,-6.56481534,105.403376,0.854377899,-3.67974256,0.612612194,1.56203278,4.7342611,5.49996842,0,0,-2.03023745,13.0415752,-24.0184166,69.2799816,-7.82266518,-6.61565762,-17.1057016,-5.64841831,-21.5964042,36.3746779,69.0897677,14.4181417,-2.32292919,18.0831359,-24.9723771,4.39830501,-10.1761861,47.5326559,-2.63777722,-10.6643722,-6.55431996,1.68688981,-8.99164949,19.4578088,-9.79444175,-4.70854117
812,-0.725681055,-6.44561276,105.387449,0.755956515,-3.60525849,0.56912166,1.58537058,4.75942181,5.40684989,0,0,-2.04504572,13.0920801,-24.3054177,69.3226771,-8.16137084,-6.67827381,-16.9921532,-5.66477064,-21.644948,36.5789449,69.0396751,14.4515755,-2.11861775,17.9733918,-24.3857032,4.55334561,-10.0317874,46.2599219,-2.54118341,-10.7424643,-6.60326809,1.74084671,-8.93915266,19.4438957,-9.79917593,-4.63255019
813,-0.676528551,-6.31624609,105.377805,0.657685071,-3.58173801,0.56594211,1.62336809,4.81289963,5.36537314,0,0,-1.98713895,13.0816214,-24.1924498,69.2347111,-8.02506759,-6.68034677,-16.9853503,-5.6087759,-21.5838622,36.3495223,69.0763942,14.4489117,-2.17617468,18.0587401,-23.7442015,4.68704486,-9.89758273,44.9954933,-2.46344945,-10.6721766,-6.58588184,1.77488111,-8.92526603,19.4219554,-9.81014094,-4.58240422
814,-0.615308527,-6.18155263,105.355525,0.559475367,-3.5105546,0.565491115,1.49299259,4.99914736,5.27215429,0,0,-1.98248204,12.9294243,-23.9323152,69.3209423,-7.77915858,-6.75311689,-17.0893929,-5.61119805,-21.6807109,36.5477992,69.0771182,14.7233982,-2.21223488,17.8871709,-23.1754193,4.83258509,-9.71740575,43.7593486,-2.43130765,-10.6710931,-6.63426989,1.805654,-8.90343589,19.4286882,-9.85225759,-4.5031053
815,-0.548147038,-6.06940836,105.326581,0.43115947,-3.43179165,0.563479451,1.55150287,4.94431759,5.14038201,0,0,-1.97495112,13.0560133,-24.3036999,69.3414465,-8.3977893,-6.76201449,-16.8320108,-5.5698054,-21.601631,36.6249462,69.0497428,14.9111499,-2.13906498,17.9207208,-22.5856068,5.02579022,-9.55736503,42.5174324,-2.47416388,-10.6865362,-6.66952391,1.8924213,-8.88936655,19.4028428,-9.89212199,-4.47596597
816,-0.507777883,-5.95067367,105.313039,0.336076172,-3.4120217,0.60563911,1.58923892,4.98026189,5.11378056,0,0,-1.94629634,12.9998487,-24.2382701,69.3514459,-8.23834366,-6.85373838,-16.7386165,-5.49005355,-21.5655829,36.2219651,69.0422159,14.1963228,-2.12503108,18.0824101,-21.9928915,5.1622002,-9.37437146,41.3635266,-2.36404672,-10.8326928,-6.63385752,1.92687449,-8.93597491,19.3542289,-9.9102792,-4.41452927
817,-0.453833491,-5.80236576,105.293489,0.225407833,-3.30909093,0.624593708,1.40725023,5.12488901,5.00438398,0,0,-1.94103902,13.0621161,-24.7083271,69.2565404,-8.99680628,-6.70791043,-16.4539821,-5.53108548,-21.6425455,36.4354495,69.0045952,14.4886071,-2.15605166,18.1144318,-21.4816006,5.28956103,-9.16223261,40.2266792,-2.18004911,-10.9524764,-6.74038926,1.95651623,-8.9277377,19.3884431,-9.93250293,-4.34521395
818,-0.403580675,-5.67402765,105.26154,0.102558314,-3.2452321,0.639598406,1.44710642,5.14681221,4.93228835,0,0,-1.93428524,13.0937809,-24.55056,69.2292538,-8.70125973,-6.72080454,-16.5581305,-5.45763704,-21.611574,36.3423062,68.9401182,14.5077675,-2.22155254,18.0506839,-20.9201198,5.45497882,-8.9458821,39.1243618,-2.0594079,-11.098552,-6.77461747,2.01870488,-8.9261087,19.3791967,-9.97958,-4.24129775
819,-0.350371632,-5.53590842,105.229592,-0.0460517406,-3.16031187,0.697352411,1.32860904,5.32860879,4.81111738,0,0,-1.90867246,12.9885379,-24.6039994,69.3276017,-9.0324778,-6.88793799,-16.6066317,-5.44658067,-21.6831766,36.4469242,68.9355215,14.4968084,-2.05845765,17.7327762,-20.4459322,5.60562291,-8.77628338,38.1206996,-1.7420024,-11.3327566,-6.84482755,2.09559296,-8.94356581,19.4035566,-10.0083274,-4.16190235
820,-0.303020515,-5.40800728,105.195284,-0.197824917,-3.09892445,0.750234134,1.26259248,5.38155044,4.77035865,0,0,-1.95761034,13.0698274,-24.455547,69.3183195,-8.51712637,-6.78351593,-16.7066598,-5.43117049,-21.6827036,36.2398226,68.8358076,14.3781527,-1.93886766,17.9825408,-19.9211381,5.78604876,-8.54597282,37.1230822,-1.47834002,-11.5162505,-6.88246146,2.18880989,-8.94586246,19.4108734,-10.037471,-4.08550881
821,-0.254322193,-5.26525602,105.186999,-0.315035405,-3.02217067,0.7746029,1.25257174,5.55269577,4.64324627,0,0,-1.94664938,12.9839173,-24.6620219,69.3054172,-8.87232352,-6.73331446,-16.6119626,-5.44228363,-21.7859727,36.4694911,68.8961113,14.5417921,-2.15008016,18.1221704,-19.491041,5.91559696,-8.28766872,36.2785873,-1.18308759,-11.7086296,-6.94581104,2.2328343,-8.90910665,19.4204954,-10.0189697,-4.00961688
822,-0.186996174,-5.06919175,105.11651,-0.58627206,-2.95447362,0.821236496,1.11368123,5.73523087,4.56949773,0,0,-1.9243296,13.0632217,-24.6628313,69.2766963,-8.91472705,-6.79837799,-16.6897619,-5.46274816,-21.7881259,36.4614588,68.8600274,14.5020557,-2.03944945,18.0876148,-18.9159733,6.24959577,-7.77302507,35.4346765,-2.83751116,-11.595012,-6.98341379,2.4295572,-8.97310723,19.4469214,-10.0931191,-3.98876175
823,-0.142317743,-4.95011136,105.171025,-0.533834554,-2.94997293,0.849863305,1.18835206,5.66975881,4.56304405,0,0,-1.97781276,12.9589025,-24.6411027,69.3555508,-8.68350294,-6.87703146,-16.6078013,-5.42780235,-21.8639341,36.4379596,68.8265595,14.5017484,-2.00994751,18.0760888,-18.466429,6.15621001,-7.36135591,34.7508755,-2.82442324,-10.9233132,-6.91408737,2.2778143,-8.95612995,19.3689719,-10.001037,-3.82344726
824,-0.0773455191,-4.75770123,105.111063,-0.729345424,-2.86334885,0.878402596,1.11389671,5.74201624,4.44344957,0,0,-2.00657916,13.1440519,-24.8858489,69.2818668,-8.8381777,-6.71962335,-16.6447919,-5.3882833,-21.7855577,36.4707069,68.8306576,14.2642678,-2.05917311,17.7590878,-17.92605,6.34034721,-7.04647181,33.8766659,-3.90498649,-10.5018769,-7.00740099,2.37768362,-8.93705835,19.4497645,-10.0744078,-3.72985275
825,-0.0303570705,-4.59451936,105.108285,-0.821103688,-2.79874622,0.902303948,1.01392387,5.90775249,4.3886578,0,0,-1.9939224,12.9644649,-24.621956,69.3640886,-8.70791233,-6.84535006,-16.719241,-5.41651461,-21.9398414,36.5464059,68.7996827,14.1506519,-1.99438877,17.8354715,-17.5576177,6.39186989,-6.69146675,33.3292502,-4.44152431,-10.5627194,-7.03444128,2.37802449,-8.90080371,19.4235417,-10.0756987,-3.64382994
826,0.0284362293,-4.4348143,105.103815,-0.902297717,-2.73721341,0.960511769,1.03795034,5.90429257,4.30181237,0,0,-2.04920552,13.0524155,-25.0685155,69.3263586,-8.84693059,-6.85805634,-16.5233307,-5.36087418,-21.9045618,36.3544742,68.8440448,14.0100089,-1.97872053,17.8838531,-17.1296432,6.41975969,-6.38274775,32.6336569,-5.06476414,-10.1257324,-7.0707066,2.35594419,-8.92729886,19.4408733,-10.0841937,-3.51411675
827,0.0782462303,-4.27398719,105.118299,-0.950532518,-2.67429725,1.03981824,0.903052928,5.94910843,4.23847474,0,0,-2.00256728,12.9597128,-24.7376935,69.3337898,-8.71721334,-6.89827378,-16.7164731,-5.34751945,-21.9569272,36.4337897,68.8022918,14.1806953,-2.04309314,17.8381131,-16.7583814,6.38892053,-6.10629584,31.9940575,-5.42216787,-9.86842721,-7.08960573,2.28896138,-8.95399039,19.4142629,-10.0556811,-3.41088249
828,0.133399107,-4.13092487,105.1085,-0.99982327,-2.57205247,1.09926447,0.966473368,5.81817455,4.10794983,0,0,-2.09673617,13.2266835,-25.4822542,69.2679195,-9.12833267,-6.82998042,-16.4603444,-5.2820427,-21.8094958,36.2902396,68.861776,14.0595867,-2.01729338,17.7183577,-16.4575269,6.37605544,-5.84883101,31.3789648,-5.90587888,-9.49393989,-7.13651206,2.24397007,-8.9715619,19.355735,-10.0840093,-3.29019454
829,0.177554123,-3.97677608,105.123317,-1.05096891,-2.47671085,1.17573235,0.784613819,5.90072294,4.04974893,0,0,-2.09302908,13.0490218,-25.0696749,69.3245964,-8.88396302,-6.92738917,-16.5257639,-5.29549433,-21.9141804,36.2357621,68.7665905,13.8198163,-1.90570303,17.6811621,-16.1838208,6.3542411,-5.62478244,30.7697529,-6.17589419,-9.24734531,-7.17069118,2.19151806,-8.94898301,19.2749936,-10.0344008,-3.19338771
830,0.229421118,-3.86448838,105.158436,-1.01610445,-2.35420264,1.29963412,0.743836095,5.62822486,3.91957919,0,0,-2.07496473,13.1886872,-24.9277623,69.2809515,-8.50879268,-6.85095081,-16.8575199,-5.3171281,-21.7196874,36.3029984,68.9285342,13.9323701,-2.08879735,17.7734995,-16.0027576,6.21739228,-5.40125426,30.2505732,-6.29782758,-8.90349309,-7.22322472,2.05690869,-8.99356024,19.1765552,-9.98842937,-3.09410067
831,0.274935458,-3.69753353,105.180764,-1.02355203,-2.2804438,1.36479331,0.565611007,5.74091359,3.87033608,0,0,-2.03553746,12.9074712,-24.5651083,69.3000351,-8.24626155,-6.86800024,-16.5692535,-5.35320772,-21.9591145,36.4279397,68.8216964,13.8828624,-1.90040579,18.0271966,-15.6867042,6.11888388,-5.20321036,29.6217484,-6.5091976,-8.54018167,-7.23891794,1.94185224,-9.00169584,19.1072391,-9.95527648,-2.97113122
832,0.308786007,-3.56550813,105.190361,-1.0278307,-2.191333,1.47924334,0.609619356,5.55853857,3.81267563,0,0,-2.11833472,13.0643453,-24.8045355,69.2670384,-8.23135211,-6.95588685,-16.6036076,-5.3927003,-21.7659687,36.3647912,68.9974987,13.7474436,-1.92440857,17.7680456,-15.4628277,6.01577022,-5.09108726,29.095093,-6.70559926,-8.28658614,-7.30394134,1.8370067,-9.04125801,19.0965703,-9.96010287,-2.88791753
833,0.360943377,-3.42141017,105.225718,-0.965155177,-2.06942556,1.55154691,0.453767566,5.5029784,3.6596034,0,0,-2.07031145,12.9313752,-24.4742463,69.329439,-7.75308006,-7.04737894,-16.5711847,-5.3902965,-21.8241397,36.6484831,69.0279818,14.1599845,-1.99700132,17.7575629,-15.1893845,5.84262066,-4.84165771,28.4314803,-6.77427895,-7.96849313,-7.38704339,1.64903562,-9.02015955,19.0455573,-9.92788828,-2.76415088
834,0.374086527,-3.27520482,105.246997,-0.95801506,-1.99473942,1.63478717,0.491501853,5.41586659,3.65313564,0,0,-2.18237927,12.9466757,-24.5436069,69.3266113,-7.85763147,-6.92809694,-16.6778791,-5.36194481,-21.7489803,36.311082,69.0275583,13.7321944,-2.00943376,17.8180648,-14.9520576,5.73129241,-4.63813601,27.8861666,-6.88436623,-7.71758613,-7.45907286,1.52491935,-9.00430754,19.0399429,-9.89106502,-2.68155447
835,0.435210671,-3.13003473,105.285013,-0.922232951,-1.89516778,1.73268009,0.378802211,5.33174129,3.55050586,0,0,-2.1708529,12.9778742,-24.6785424,69.229247,-7.69979605,-6.85059393,-16.4522079,-5.38931808,-21.8279612,36.5190749,69.0220395,13.6636799,-1.93067271,17.6888188,-14.7670483,5.5734587,-4.5371555,27.4245995,-6.91386069,-7.50425798,-7.48466814,1.37192471,-9.029423,18.9512222,-9.85041088,-2.57049516
836,0.455907825,-3.01323216,105.319607,-0.879126852,-1.81498415,1.84496647,0.35796253,5.12708107,3.53010921,0,0,-2.29187382,13.1167431,-24.693311,69.3002605,-7.76079988,-6.9794288,-16.7912824,-5.3161898,-21.672624,36.1948526,68.9941382,13.5196312,-1.92196742,17.9222627,-14.5437045,5.42694943,-4.4368149,26.8609005,-6.89654275,-7.29474961,-7.53451315,1.22420426,-9.02949301,18.9063598,-9.79921008,-2.51381292
837,0.492262561,-2.86607035,105.359185,-0.826615646,-1.753875,1.90166442,0.211179457,5.05181154,3.50728378,0,0,-2.27855623,13.1373583,-24.9063394,69.1472779,-8.2506602,-6.89856107,-16.5592985,-5.42547582,-21.6975132,36.6302601,69.0458222,13.8099509,-2.02477372,17.887386,-14.2957499,5.26108939,-4.28799447,26.3495857,-6.87178075,-7.0317647,-7.56498348,1.04989196,-8.99272012,18.8749272,-9.73693583,-2.40613904
838,0.520152133,-2.73827612,105.379915,-0.774659288,-1.67336135,1.98092652,0.331892579,4.88034604,3.46391934,0,0,-2.43300879,13.3099102,-25.1262937,69.1810668,-8.09949616,-6.88450625,-16.7612296,-5.39999537,-21.6600888,36.4975666,69.0420383,13.7033855,-1.94108235,17.9404874,-14.1102214,5.09837635,-4.18533715,25.8888417,-6.9066779,-6.81110349,-7.61986149,0.884798233,-8.95222052,18.8500158,-9.74046789,-2.29407271
839,0.542176608,-2.59095561,105.39192,-0.781265391,-1.62047199,2.06150113,0.24562865,4.87353805,3.47465021,0,0,-2.43474345,13.2425799,-25.1558992,69.0735528,-8.21991325,-6.80374481,-16.5215992,-5.43726942,-21.7068381,36.5673575,69.0239725,13.657572,-2.05636527,17.9268645,-13.8900144,4.99623642,-4.09745994,25.4155096,-7.01619144,-6.62888343,-7.63681744,0.78134616,-8.96873933,18.8104998,-9.71316591,-2.18728847
840,0.570219522,-2.46632528,105.413187,-0.726404665,-1.54625404,2.13081655,0.252298704,4.60207645,3.42581756,0,0,-2.50586194,13.574084,-25.550749,68.9467162,-8.46358793,-6.72343289,-16.461847,-5.36331981,-21.5170818,36.4197913,68.9433284,13.7047985,-1.98957733,18.0215241,-13.6827575,4.83419957,-3.96659095,24.9351868,-7.03300438,-6.42142412,-7.68497625,0.615845981,-8.97936796,18.7840601,-9.71673127,-2.11218285
841,0.618735654,-2.30860673,105.441773,-0.707233959,-1.45202415,2.22268185,0.0496876919,4.67329312,3.31338602,0,0,-2.42360063,13.3662337,-25.2836391,68.9958116,-8.33354625,-7.02394968,-16.6089437,-5.38355041,-21.6412017,36.4835681,68.9724114,13.4374265,-1.85947567,17.9699374,-13.5304058,4.68437511,-3.93169338,24.515137,-7.03568011,-6.23617957,-7.68629959,0.478777371,-8.99955287,18.6535079,-9.66034209,-1.97670925
842,0.635927264,-2.1841187,105.463791,-0.654272027,-1.39522695,2.29337096,0.0667077229,4.47584388,3.32239547,0,0,-2.43307859,13.5259602,-25.4398114,68.7829351,-8.42466524,-6.8124183,-16.3814403,-5.4565139,-21.6294298,36.6609687,68.9221412,13.6234065,-1.86127585,18.1547914,-13.3696215,4.52023499,-3.87425576,24.1312206,-7.00799735,-6.03483797,-7.71053652,0.312866553,-9.02558785,18.6126668,-9.6519512,-1.86341541
843,0.664641522,-2.02390477,105.475652,-0.656447975,-1.32493079,2.3443602,-0.0313393125,4.45565341,3.28683772,0,0,-2.49330613,13.5652628,-25.4909575,68.8127284,-8.51990028,-6.84163486,-16.4777153,-5.53468371,-21.6005979,36.7592926,69.0229001,13.771392,-2.03151811,18.1939164,-13.2022707,4.40372989,-3.80036165,23.7184722,-7.05477177,-5.86569688,-7.73399224,0.197321964,-9.04352905,18.5497146,-9.62567205,-1.70985067
844,0.686236098,-1.8906476,105.496705,-0.616843095,-1.2676436,2.44497262,-0.0401362526,4.29113294,3.27407765,0,0,-2.52019658,13.5899215,-25.254802,68.7535926,-8.18153612,-6.80982325,-16.7774752,-5.52824583,-21.6071088,36.6855232,68.9318742,13.3450396,-2.0209629,18.0958281,-13.0594472,4.24197735,-3.76582821,23.3514179,-7.02013801,-5.63740591,-7.75073389,0.039353589,-9.126369,18.5087232,-9.61495377,-1.5922283
845,0.704475492,-1.74156036,105.50983,-0.590414234,-1.20183273,2.48752702,-0.128270219,4.27653256,3.24289442,0,0,-2.53691219,13.6333325,-25.4808984,68.7110678,-8.38874955,-6.88323199,-16.6026975,-5.57993542,-21.6531323,36.6794682,68.9538606,13.0077495,-1.84886519,17.8986268,-12.9357576,4.09528965,-3.70629757,23.0203722,-7.02740448,-5.44526757,-7.78416425,-0.104227199,-9.13286365,18.4600257,-9.60718187,-1.48115939
846,0.740638655,-1.62201915,105.526567,-0.569716432,-1.14066113,2.48902431,-0.0659212439,4.04115698,3.19533026,0,0,-2.52637748,13.8257415,-25.5043976,68.5801878,-8.23806021,-6.83909787,-16.5137701,-5.59176104,-21.5182907,36.6518674,68.9480822,13.2208412,-1.78789796,17.995303,-12.7670835,3.98662432,-3.61732155,22.6558775,-7.03001233,-5.26956949,-7.78823761,-0.207374909,-9.11196498,18.373453,-9.57320168,-1.3868253
847,0.748992898,-1.46087361,105.540645,-0.57934045,-1.08631016,2.54417375,-0.164134488,4.12705088,3.22162499,0,0,-2.56898206,13.7758273,-25.6361605,68.5453811,-8.4610932,-6.97754324,-16.4765234,-5.67223945,-21.6180046,36.5610054,68.9614489,12.8085368,-1.89872941,18.0250041,-12.6467407,3.87504849,-3.58528582,22.3389857,-7.03476145,-5.0900845,-7.80602427,-0.315398152,-9.12909509,18.3127241,-9.52598458,-1.26868789
848,0.777890766,-1.32141607,105.556881,-0.584501577,-1.02881017,2.52949736,-0.073232021,3.96045659,3.16267235,0,0,-2.65702021,13.979618,-25.7757064,68.5953918,-8.45991926,-6.96237425,-16.6597603,-5.69731564,-21.5255205,36.7808829,68.9548441,13.326739,-1.95089199,17.8946346,-12.4771898,3.7881672,-3.471246,21.9811504,-7.08093993,-4.91629759,-7.82554325,-0.400355487,-9.09501587,18.2464508,-9.48022829,-1.16492142
849,0.792469271,-1.1764979,105.562818,-0.597938976,-0.98119716,2.49694641,-0.0561650324,3.95327678,3.17306278,0,0,-2.69547354,14.0580038,-26.096809,68.4726601,-8.59237798,-6.84161053,-16.3416118,-5.72981453,-21.5214172,36.4903813,68.9481369,12.7889572,-1.6983514,17.7817828,-12.3508552,3.71499923,-3.36058562,21.7075552,-7.14522866,-4.77018064,-7.85972834,-0.475477589,-9.03510145,18.2089018,-9.44542933,-1.0767186
850,0.811159052,-1.04642408,105.576539,-0.577362561,-0.926332754,2.51907881,-0.0304772712,3.79519931,3.1541026,0,0,-2.73851163,14.1195122,-25.8675076,68.5796823,-8.21736388,-6.94749767,-16.727205,-5.78393268,-21.4748968,36.5704413,68.9502747,12.9683256,-1.82243492,17.9910427,-12.2537555,3.5914522,-3.28766716,21.4509758,-7.13350891,-4.53541423,-7.87715386,-0.591948803,-9.02872034,18.1432945,-9.41097273,-0.985656275
851,0.824918225,-0.903675705,105.594885,-0.57389068,-0.882048221,2.47126442,-0.00428765584,3.76200502,3.13751805,0,0,-2.80446308,14.2778582,-26.2084262,68.4743881,-8.6807205,-6.75229129,-16.6460914,-5.87666659,-21.516199,36.7300082,68.9459444,13.0509206,-1.73407265,17.8533939,-12.1244643,3.49829824,-3.13571701,21.1739928,-7.1161773,-4.34252499,-7.90816378,-0.686351409,-8.94100278,18.0994002,-9.3480462,-0.893900421
852,0.821383949,-0.765033206,105.610442,-0.56241757,-0.834822625,2.46880641,-0.0155365559,3.70442396,3.19481181,0,0,-2.83636839,14.212594,-25.9747398,68.4941342,-8.28189038,-6.86445324,-16.6427173,-5.94191837,-21.4624266,36.5726646,68.9606908,13.1425552,-1.77774467,17.7380935,-12.0532741,3.38260487,-3.07679574,20.9532633,-7.06405485,-4.13786179,-7.9354999,-0.792933363,-8.91230489,18.028759,-9.28470046,-0.806568661
853,0.848377123,-0.633587083,105.634189,-0.549970718,-0.780866252,2.42148298,-0.0256416941,3.62932432,3.11507319,0,0,-2.82931686,14.2995816,-25.9918256,68.5399033,-8.3722,-6.94448257,-16.6507513,-6.06999893,-21.5253395,36.8723357,68.983688,12.966893,-1.77015025,17.8575911,-11.9337612,3.28894227,-2.9749207,20.6800199,-7.01759334,-4.00694713,-7.94278857,-0.884468356,-8.84687339,17.9310327,-9.20390957,-0.694532001
854,0.8619125,-0.498460559,105.651462,-0.539918732,-0.736219064,2.41652528,-0.0135480162,3.52962042,3.12978008,0,0,-2.85927983,14.3376667,-25.9121787,68.5533929,-8.11606364,-6.93247894,-16.777161,-6.10952908,-21.4334598,36.6783071,69.0385618,12.9036864,-1.83835651,18.0630346,-11.8573049,3.18669306,-2.93315409,20.4690166,-6.95465912,-3.89156773,-7.94546088,-0.984979126,-8.83893756,17.8402253,-9.14051773,-0.595951774
855,0.862423982,-0.375773245,105.674481,-0.485962601,-0.686960433,2.39142199,-0.00950535382,3.41879655,3.15360015,0,0,-2.95531464,14.5085495,-26.2096352,68.5101305,-8.35687561,-6.82981138,-16.6845488,-6.19870659,-21.4551593,36.7372858,68.9759836,12.9402126,-1.70969325,17.8734986,-11.7527116,3.03977441,-2.84618849,20.1908691,-6.85230959,-3.75351296,-8.00662522,-1.13651114,-8.78904388,17.8225693,-9.08890541,-0.514075895
856,0.887056626,-0.236178283,105.697,-0.485866986,-0.633633625,2.40088448,-0.153200623,3.38898149,3.10319848,0,0,-2.83619763,14.4101624,-25.9100819,68.5042634,-8.22190852,-6.76963655,-16.5474532,-6.23212799,-21.3954412,36.6948191,69.02025,12.6147165,-1.76366551,17.824019,-11.6802092,2.94453895,-2.78452106,19.9753561,-6.79865419,-3.64397807,-7.99499512,-1.23023713,-8.79844649,17.7058943,-8.98573199,-0.373432082
857,0.898928847,-0.12647087,105.719614,-0.432168541,-0.595459156,2.33400082,-0.00669103741,3.1697004,3.12018601,0,0,-2.88542942,14.5260673,-25.8664711,68.5524845,-7.8918345,-6.86176556,-16.5627153,-6.32444056,-21.2737648,36.7442048,69.0534721,12.8532651,-1.79617775,17.8863018,-11.5489756,2.81740757,-2.67812913,19.7020102,-6.70357966,-3.55667395,-8.03166982,-1.36509047,-8.73474473,17.6705873,-8.93146272,-0.288550039
858,0.919212401,0.0066565568,105.74367,-0.416930675,-0.557143812,2.32869622,-0.164519954,3.18481284,3.11455964,0,0,-2.83471335,14.3912137,-25.5183244,68.6173576,-7.60633601,-6.92334014,-16.5913218,-6.3429286,-21.2022527,36.6647799,69.112198,12.8910796,-1.91631565,17.7920793,-11.4488143,2.7116566,-2.57135683,19.4722683,-6.63161295,-3.45400511,-8.0167117,-1.47264097,-8.76820839,17.5708853,-8.8508366,-0.178213256
859,0.929669105,0.115269679,105.763113,-0.389174611,-0.515267624,2.29246199,-0.11293563,2.9830467,3.08496892,0,0,-2.80251584,14.520306,-25.4993211,68.6504089,-7.61117349,-6.90425361,-16.6303785,-6.41120957,-21.082762,36.6832453,69.1767775,12.7849829,-2.06551601,18.0105087,-11.3709698,2.60716111,-2.52741609,19.2723128,-6.56282995,-3.35169762,-8.02514186,-1.5741235,-8.7662541,17.4802709,-8.77228516,-0.0865552521
860,0.944506377,0.23727112,105.785894,-0.356148073,-0.474593964,2.22962779,-0.0798462521,2.86246184,3.06983493,0,0,-2.73519002,14.5150775,-25.3255628,68.6266809,-7.29295156,-6.9364366,-16.4691417,-6.37700356,-20.9291818,36.492987,69.1642919,12.6742186,-1.88781498,17.5961553,-11.2623373,2.49837626,-2.37134584,19.0292366,-6.48960093,-3.25568245,-8.031406,-1.68640305,-8.72746204,17.3846005,-8.69241463,0.0363217254
861,0.934655592,0.357314525,105.803823,-0.319438666,-0.441199828,2.17487271,-0.151837226,2.83721106,3.1195619,0,0,-2.78364253,14.5509923,-25.3515465,68.6875993,-7.4338447,-6.94718348,-16.731841,-6.59060534,-20.9390463,36.6192874,69.3092148,12.7128433,-1.92818225,17.8462495,-11.1703953,2.38226945,-2.26821981,18.798926,-6.42335407,-3.1621889,-8.05343934,-1.80298296,-8.65840371,17.3078189,-8.61932051,0.112800121
862,0.948391296,0.467905449,105.819881,-0.298326914,-0.415717954,2.1083986,0.00377481594,2.60709196,3.11611842,0,0,-2.79527882,14.7483916,-25.573584,68.6232931,-7.43255807,-6.89845776,-16.4383136,-6.61215416,-20.8064467,36.6514371,69.2628447,12.8076736,-1.90311418,17.9292449,-11.053769,2.29482446,-2.14069761,18.5843266,-6.36029521,-3.08142256,-8.04777113,-1.89075986,-8.60981801,17.22579,-8.55857537,0.197645197
863,0.967723131,0.575387757,105.844486,-0.257066064,-0.368041981,2.0381669,-0.19381721,2.43615303,3.04946111,0,0,-2.63960729,14.8264607,-25.0313695,68.6750659,-7.09328208,-6.99812047,-16.7624027,-6.64932021,-20.6913597,36.8686474,69.2685206,12.7547021,-2.03349075,18.0540768,-10.9512999,2.18192592,-1.99610934,18.3471005,-6.27677352,-2.95817926,-8.05042296,-1.9995302,-8.54401597,17.1104896,-8.4786152,0.270210688
864,0.968621112,0.681354897,105.85804,-0.225776284,-0.329335974,1.98487284,-0.0826394393,2.2482129,3.07448138,0,0,-2.70929934,15.0378397,-25.5845704,68.6143455,-7.52696238,-6.92545537,-16.4205841,-6.6349956,-20.5721661,36.7530259,69.138023,12.9047178,-1.97606743,17.9393467,-10.8633194,2.07881055,-1.91123677,18.1273562,-6.2104844,-2.86754244,-8.10398274,-2.10628755,-8.47649016,17.0958371,-8.4294182,0.378466785
865,0.961161032,0.803031586,105.875075,-0.194820499,-0.313303471,1.90731097,-0.110070673,2.18800051,3.11772202,0,0,-2.67426388,14.9953815,-25.3978177,68.6408945,-7.29048245,-6.98418646,-16.4384041,-6.72025087,-20.5357168,36.8723493,69.1187004,13.0796108,-2.0949759,18.1178862,-10.7475767,1.96869573,-1.75466418,17.9121045,-6.15127135,-2.74411558,-8.12402166,-2.21916859,-8.44478186,17.0566318,-8.36381338,0.477797826
866,0.983730424,0.927960221,105.892074,-0.185285794,-0.285317254,1.82043442,-0.0882766132,2.18076927,3.06831969,0,0,-2.59628041,15.0986215,-25.6719063,68.5682691,-7.52544779,-7.02835942,-16.5511893,-6.60618501,-20.492135,36.682576,69.0333776,12.9838618,-2.06603191,17.9569857,-10.6337081,1.88723015,-1.60287614,17.7129259,-6.1342454,-2.63231542,-8.11940701,-2.30015713,-8.38446702,16.9774546,-8.2941574,0.557690655
867,0.979880616,1.03525994,105.904496,-0.183449795,-0.254064118,1.75909634,-0.0900711186,2.04561412,3.08886234,0,0,-2.62744592,15.2815186,-25.8319616,68.5273836,-7.66609419,-6.92452988,-16.4610052,-6.66962508,-20.4135657,36.7773926,68.9476451,12.981817,-2.06403536,18.2505233,-10.5603356,1.8185114,-1.50993391,17.530635,-6.09610691,-2.53790854,-8.12983927,-2.36352442,-8.32228924,16.889813,-8.20796639,0.641583254
868,0.973632559,1.14402762,105.911982,-0.181331245,-0.236896728,1.69707464,0.012153502,1.98807682,3.10205186,0,0,-2.56984907,15.3288638,-25.9357668,68.423148,-7.61364431,-6.92449274,-16.5250246,-6.60619354,-20.3209295,36.665439,68.9086994,12.9109111,-2.1212066,18.0384391,-10.4783879,1.75172421,-1.39546389,17.3672057,-6.05791676,-2.40579817,-8.14018359,-2.43108908,-8.27704436,16.8367373,-8.13771277,0.752656591
869,0.985102821,1.26786921,105.91737,-0.192263026,-0.213068765,1.63388583,-0.100136009,2.04887746,3.09260016,0,0,-2.50135892,15.2430834,-25.7762306,68.4647712,-7.53554964,-6.99583449,-16.4786476,-6.70821992,-20.4257798,36.8716527,68.8684013,12.9066328,-2.12340421,18.2598943,-10.3844531,1.68551684,-1.28637424,17.1892605,-6.04814019,-2.27100972,-8.15703794,-2.49585571,-8.23622886,16.8023849,-8.08579138,0.815618822
870,0.983668119,1.36882998,105.918944,-0.190627464,-0.194037217,1.56625286,0.00453755889,1.85687764,3.11459806,0,0,-2.55205493,15.5608529,-26.1903262,68.3458166,-7.93806805,-6.89334665,-16.5402286,-6.6415577,-20.354476,36.8323176,68.648435,12.6876996,-1.97762386,17.9870078,-10.3028913,1.62420468,-1.19457042,17.0268778,-6.04820978,-2.14884283,-8.19285118,-2.56144943,-8.19363239,16.7983926,-8.05010706,0.8853796
871,1.00014675,1.48029234,105.933011,-0.180329722,-0.163243907,1.52383934,-0.0562141844,1.90916082,3.07038027,0,0,-2.47824236,15.439991,-26.0445512,68.3933889,-7.83824825,-6.87388488,-16.6137607,-6.64467056,-20.4926251,36.9504594,68.5641095,12.4969026,-1.92774683,18.1764021,-10.2356421,1.54029709,-1.12163051,16.8747729,-6.00911164,-2.04512043,-8.20096374,-2.64244651,-8.15984002,16.7428188,-7.98748789,1.00209003
872,1.00029167,1.57372057,105.942845,-0.170395245,-0.14729331,1.45398606,-0.0585476812,1.81347904,3.07216445,0,0,-2.44265985,15.5649749,-26.098216,68.3741961,-7.85531092,-6.93104716,-16.6727752,-6.66683837,-20.3679724,36.8719908,68.6136693,12.3082826,-1.96730259,18.1357625,-10.1605254,1.47516291,-1.01017772,16.7291482,-5.97795445,-1.91794295,-8.2312821,-2.7106229,-8.10229654,16.7332104,-7.93739784,1.07809894
873,0.998857338,1.66219808,105.939984,-0.176617207,-0.129285964,1.42404738,0.0104888043,1.63380249,3.09646754,0,0,-2.49273709,15.718357,-26.2398229,68.4076913,-8.07627266,-6.91453432,-16.6714023,-6.64191074,-20.2928369,37.0180339,68.4035113,12.7553245,-1.85795425,18.0582569,-10.0960322,1.42155543,-0.975420809,16.585762,-5.96365033,-1.79466828,-8.25159593,-2.76132382,-8.10291296,16.7130477,-7.9002177,1.13789543
874,0.987604819,1.76518764,105.945969,-0.159216663,-0.11608266,1.39609701,-0.0261700883,1.66809174,3.11207025,0,0,-2.49672933,15.6157198,-26.1586376,68.4851525,-7.96741225,-6.94824216,-16.631987,-6.65790021,-20.358598,36.7811117,68.4487134,12.1032557,-1.86734384,18.2206566,-10.0607611,1.33255582,-0.954662584,16.4907575,-5.92947334,-1.70245432,-8.29267611,-2.85623229,-8.07251862,16.7266449,-7.85672818,1.24565991
875,0.999862701,1.85522586,105.949962,-0.159289248,-0.104496939,1.34501047,-0.0437427693,1.67578873,3.07442012,0,0,-2.39923628,15.5934738,-26.0495458,68.453399,-7.89428739,-6.87070244,-16.6332814,-6.6395317,-20.4030864,36.9174457,68.4190909,12.0209007,-1.95252398,17.9963532,-9.99161907,1.27664699,-0.887337783,16.3776376,-5.90352289,-1.60132291,-8.29026932,-2.9088273,-8.01561887,16.6862017,-7.82054184,1.310537
876,1.0003306,1.94987878,105.947518,-0.186930726,-0.0970406773,1.28845759,0.00345982036,1.60072698,3.10279336,0,0,-2.40223281,15.547703,-25.7600721,68.5483932,-7.51468341,-6.92147465,-16.7436999,-6.64478155,-20.3622522,36.9690819,68.360966,12.322188,-1.80125301,17.954508,-9.90683934,1.25342904,-0.805960775,16.2234307,-5.93005647,-1.49999535,-8.29889072,-2.93168218,-7.95731382,16.6614217,-7.78432562,1.37631343
877,0.996263511,2.01678667,105.958045,-0.165772944,-0.0873063997,1.25068356,0.0849929864,1.4074973,3.10811557,0,0,-2.40942415,15.771735,-25.9937892,68.5170973,-7.72323128,-6.81296514,-16.7548382,-6.60189223,-20.1897182,36.7616525,68.3820508,12.1076057,-1.8614385,18.0514472,-9.84488441,1.18982269,-0.746784282,16.0911095,-5.87255695,-1.43231425,-8.31455405,-3.00023274,-7.91261279,16.6412607,-7.72902499,1.43096849
878,0.993874203,2.11250503,105.960512,-0.171876255,-0.0732926227,1.22038946,0.0492831866,1.45009494,3.11170313,0,0,-2.44058326,15.7088135,-26.029033,68.6198302,-7.8868109,-6.83023698,-16.6987043,-6.62452236,-20.18186,36.6631372,68.4768402,11.8153889,-1.83354038,17.8465057,-9.80157332,1.13150643,-0.721468667,15.9932875,-5.86460661,-1.32969408,-8.32883086,-3.05304419,-7.89147933,16.6122614,-7.67571878,1.50494243
879,0.998693611,2.19425503,105.970609,-0.156224894,-0.0462722902,1.18921749,0.00150446975,1.4259863,3.11038064,0,0,-2.42975485,15.6273533,-25.9595256,68.69445,-7.93846335,-6.88542875,-16.5992516,-6.64509232,-20.277066,36.9029383,68.4145147,11.9256324,-1.74244945,17.704395,-9.75508535,1.05773526,-0.707654449,15.8692581,-5.80806758,-1.26604888,-8.37273873,-3.13069426,-7.8523432,16.6200086,-7.63041157,1.59489869
880,0.998611655,2.26251911,105.976319,-0.136380179,-0.0319831807,1.14346925,0.104775729,1.29111984,3.07568669,0,0,-2.39238283,15.5969248,-25.7911819,68.7758932,-7.67702164,-6.92510959,-16.5223454,-6.55899864,-20.173715,36.5780672,68.467879,11.5225573,-1.73256542,17.7990324,-9.70263632,0.988123467,-0.621184307,15.7581138,-5.79555681,-1.14211168,-8.38103912,-3.1953674,-7.8046386,16.5771645,-7.60218496,1.64804599
881,0.986220688,2.32994147,105.986023,-0.114344634,-0.0283779784,1.11266331,0.150948141,1.20749314,3.11571224,0,0,-2.38886549,15.6610688,-25.9048329,68.7261557,-7.80397692,-6.82698624,-16.5546573,-6.59634014,-20.1093422,36.637425,68.53183,11.7420941,-1.70703279,17.7672464,-9.63444542,0.918412209,-0.56111162,15.6237692,-5.74000902,-1.04905548,-8.39069103,-3.26633413,-7.77306093,16.5532742,-7.57711475,1.71014821
882,0.981071405,2.41284966,105.991793,-0.116925327,-0.017336278,1.08899527,0.038695553,1.2227013,3.12976514,0,0,-2.33358856,15.5633852,-25.7040697,68.7523085,-7.65756414,-6.90244105,-16.5241452,-6.59959302,-20.1545068,36.8760308,68.4817101,11.8180689,-1.72863742,17.7866083,-9.56359075,0.864168714,-0.515713807,15.4693352,-5.70678185,-0.978557574,-8.40428737,-3.31666814,-7.75776557,16.5321536,-7.52201476,1.80619145
883,0.985645503,2.47610938,105.999196,-0.109489659,-0.00758412013,1.07272779,0.0328145466,1.15041175,3.12884989,0,0,-2.34786451,15.5507749,-25.6930594,68.8054952,-7.64523735,-6.89847569,-16.5464679,-6.5477267,-20.1035656,36.7897758,68.4935127,11.7405539,-1.89118504,17.9097208,-9.5196769,0.815470426,-0.458451689,15.3765795,-5.68288772,-0.903413327,-8.40088252,-3.36811953,-7.74447232,16.4969969,-7.48873979,1.82909755
884,0.993073452,2.54332051,106.003082,-0.109577765,0.00907229057,1.06550825,0.0698792785,1.14121906,3.07808366,0,0,-2.31333918,15.530059,-25.7512048,68.8251866,-7.69157933,-6.91912976,-16.6063021,-6.45408566,-20.0514632,36.6206432,68.5708167,11.5728992,-1.86362352,17.7917873,-9.49924097,0.763248347,-0.425701892,15.3194398,-5.66590274,-0.822390208,-8.40318259,-3.41303656,-7.76764203,16.4654892,-7.45201728,1.88287611
885,0.990857556,2.60705408,106.008232,-0.103927103,0.0106772693,1.03205522,0.0868235705,1.03777403,3.08022428,0,0,-2.24186125,15.6844161,-25.8872417,68.678399,-7.79515061,-6.86919425,-16.7077133,-6.38592848,-19.9559618,36.4087024,68.5822095,11.381478,-1.91302329,18.1222865,-9.47479744,0.716487057,-0.365208267,15.2807844,-5.65701112,-0.759890508,-8.40980531,-3.46054651,-7.74608595,16.4553327,-7.42230168,1.92783007
886,0.976396911,2.68567726,106.012368,-0.115810838,0.0105903278,1.01133817,0.0632110929,1.035973,3.14546305,0,0,-2.2596857,15.5945257,-25.7093648,68.663236,-7.65179946,-6.87008772,-16.7202638,-6.36686457,-19.9700525,36.4151638,68.4973922,11.3170796,-1.92622797,17.9525973,-9.46316648,0.675095898,-0.328979023,15.2569982,-5.65634261,-0.6723476,-8.41995583,-3.49945105,-7.74088561,16.443578,-7.37571638,2.00327335
887,0.978985615,2.7445145,106.01176,-0.115778436,0.0152409971,1.00234463,0.0785482293,0.986966924,3.1475851,0,0,-2.23047426,15.5995954,-25.7034669,68.6297066,-7.61488058,-6.8656212,-16.7791025,-6.37975057,-19.9932375,36.6608184,68.5199455,11.5480151,-2.02014883,17.9595914,-9.44792491,0.635864625,-0.322040671,15.2259345,-5.66081468,-0.620408067,-8.4172468,-3.54018672,-7.75033006,16.4246037,-7.36466599,2.0514868
888,0.981072895,2.80852113,106.00723,-0.131911712,0.033044549,0.989580658,0.114771124,0.947405294,3.11036505,0,0,-2.19753268,15.6306557,-25.8524316,68.5819978,-7.69217526,-6.81984357,-16.6516443,-6.32476926,-19.9652406,36.7982145,68.5018182,11.8111857,-1.99067315,17.9550357,-9.44535249,0.608283948,-0.333292981,15.1937558,-5.66508013,-0.571329209,-8.44020648,-3.56393188,-7.75724306,16.4218836,-7.32946661,2.09918223
889,0.972227938,2.85998117,106.010485,-0.120885337,0.0456429635,0.999471678,0.0945507022,0.867752375,3.10836616,0,0,-2.18476791,15.7111034,-26.0688445,68.5015928,-7.92755298,-6.76751621,-16.5709644,-6.26697519,-19.9111848,36.6683589,68.4602701,11.666565,-1.92986803,18.2016755,-9.47328796,0.552572442,-0.344041351,15.2010966,-5.65344918,-0.523200815,-8.45390784,-3.61537793,-7.75970705,16.4019907,-7.29258529,2.14995828
890,0.963148754,2.90736258,106.003642,-0.126971188,0.0444621868,0.990065941,0.167996267,0.790277806,3.16185444,0,0,-2.20459553,15.7171139,-25.9895306,68.475761,-7.77393178,-6.80390618,-16.6038569,-6.22362824,-19.8493869,36.4221374,68.4495262,11.1767295,-1.82333629,18.0375102,-9.46778283,0.526517138,-0.32606496,15.1943791,-5.65230597,-0.469105716,-8.45529181,-3.63776131,-7.75817453,16.3918222,-7.27999042,2.20206644
891,0.963768549,2.96812877,106.008935,-0.129057669,0.0500685803,0.997335428,0.130690921,0.762342333,3.1630986,0,0,-2.21142849,15.6842863,-25.8717252,68.5254028,-7.67539178,-6.85784589,-16.7020682,-6.21830027,-19.8315926,36.4434203,68.5332234,11.0595618,-1.99313266,18.1392664,-9.487651,0.48323535,-0.338651878,15.2190326,-5.65713364,-0.376831595,-8.45889474,-3.67918513,-7.78612964,16.3838121,-7.24620233,2.23030094
892,0.958788395,3.02803833,106.005991,-0.146227531,0.047392063,0.973589516,0.116714273,0.751635584,3.16761762,0,0,-2.18683426,15.7041093,-25.8312068,68.5042224,-7.67495209,-6.86354013,-16.8339984,-6.20116418,-19.7978566,36.5564155,68.5674904,11.2575212,-2.0453328,18.0313255,-9.48047076,0.461315405,-0.314138036,15.2188448,-5.67039359,-0.319008361,-8.46139715,-3.69866526,-7.75585739,16.3779757,-7.2089095,2.28984333
893,0.951890834,3.0805707,106.004989,-0.148715354,0.0531083825,0.970015816,0.168860406,0.6820414,3.17361325,0,0,-2.23429532,15.7275266,-25.9149996,68.5277182,-7.7219233,-6.92215895,-16.8825918,-6.16199817,-19.7987069,36.6109,68.519843,11.5155128,-1.98767512,18.1413137,-9.49074507,0.42627923,-0.337198302,15.219953,-5.67472948,-0.273312448,-8.46470125,-3.73114494,-7.75334132,16.356768,-7.17633035,2.33332837
894,0.946651865,3.13665383,106.001556,-0.159392542,0.0577526986,0.980011048,0.172743862,0.677126972,3.191106,0,0,-2.2361621,15.6929334,-25.9022442,68.5056909,-7.71336422,-6.91088273,-16.844925,-6.11645959,-19.8382332,36.5238833,68.4876387,11.4380892,-2.01177032,18.3331105,-9.5039982,0.395606878,-0.350890963,15.2295426,-5.68697644,-0.21422831,-8.48325631,-3.76158112,-7.75515473,16.3770058,-7.15431665,2.37104489
895,0.939530879,3.18230912,106.001163,-0.163176676,0.0622030997,0.991397419,0.212731938,0.632000926,3.19765957,0,0,-2.22087251,15.6352592,-25.8399017,68.5011693,-7.58497203,-6.91788538,-16.7254206,-6.1200322,-19.8479714,36.5831045,68.5023782,11.4096637,-1.96361642,18.1856485,-9.52217248,0.364497074,-0.373543259,15.2421238,-5.69602132,-0.185239066,-8.48593375,-3.78963911,-7.75519913,16.3625941,-7.12632355,2.39880833
896,0.934034958,3.22432481,106.000495,-0.170555027,0.0668623152,1.01296852,0.202951827,0.575211104,3.19475418,0,0,-2.19045917,15.5921607,-25.682097,68.511319,-7.43881964,-6.96382609,-16.7365367,-6.13969675,-19.7783837,36.5249454,68.634235,11.1463599,-1.96549494,18.2004939,-9.53525742,0.338186411,-0.397470106,15.2484912,-5.69858861,-0.122099503,-8.49251976,-3.81313069,-7.78923055,16.3611922,-7.10040127,2.45596442
897,0.92365453,3.2659106,106.003869,-0.182007079,0.0641777244,1.01610002,0.178576323,0.535565058,3.22040517,0,0,-2.17869886,15.5899426,-25.6261509,68.4760342,-7.423707,-6.94922101,-16.7486996,-6.15022292,-19.7318052,36.5584168,68.680933,11.1421465,-2.02589366,18.0844302,-9.5488956,0.318697107,-0.396118955,15.2668218,-5.70315545,-0.0786564451,-8.50009529,-3.83154872,-7.78428805,16.3667742,-7.05673075,2.47179295
898,0.921276771,3.30195352,106.003773,-0.178330147,0.0651356926,1.01235481,0.188344601,0.470157779,3.22129522,0,0,-2.16674625,15.5900075,-25.6298426,68.4799001,-7.4996015,-6.97545491,-16.6833552,-6.06005418,-19.67847,36.5464025,68.6544592,11.3669622,-2.11229235,18.0051966,-9.55094465,0.288732667,-0.392939022,15.2713451,-5.70017663,-0.0189586408,-8.49760995,-3.86294924,-7.79528124,16.3536602,-7.02596886,2.52243347
899,0.903481245,3.35392207,106.007183,-0.182591789,0.0588668851,1.01434548,0.221386815,0.507470942,3.27583322,0,0,-2.22357705,15.4546912,-25.5431094,68.5230601,-7.35050957,-7.01492017,-16.7152317,-6.05252091,-19.7491966,36.5522559,68.646666,11.535953,-2.18219144,18.1739569,-9.56353781,0.253631658,-0.39723361,15.2884154,-5.70449459,0.0549895395,-8.50834189,-3.89656145,-7.80356455,16.3615935,-6.9868434,2.58511284
900,0.901278108,3.40062939,106.00692,-0.184993678,0.0573373481,0.993454199,0.285815749,0.493710673,3.26929075,0,0,-2.24423154,15.4422808,-25.5771033,68.5594991,-7.34371267,-7.05645498,-16.826685,-5.99316357,-19.7764644,36.4739649,68.6132527,11.3747716,-2.05791572,18.126388,-9.56140594,0.224306881,-0.381764005,15.2985702,-5.71472451,0.110092031,-8.50654299,-3.92420835,-7.77859594,16.3461761,-6.9597839,2.60835981
901,0.898991805,3.44008654,106.007016,-0.18454333,0.0584364373,0.999779469,0.247082467,0.413107077,3.28808828,0,0,-2.26678098,15.5102958,-25.6357729,68.5612886,-7.41681277,-7.07350057,-16.825599,-6.00835648,-19.6915259,36.5094307,68.6594794,11.4866279,-2.11923118,18.2740038,-9.56322021,0.193784673,-0.401036878,15.2978137,-5.72769675,0.13843302,-8.51008359,-3.95660948,-7.80507402,16.346953,-6.93402683,2.65835189
902,0.892157666,3.48222181,106.007087,-0.185260481,0.05648313,1.0293985,0.206703389,0.391514928,3.31911975,0,0,-2.29528934,15.4791689,-25.6062733,68.5788764,-7.39121322,-7.03930864,-16.8019085,-6.04254157,-19.6936552,36.5073338,68.7044699,11.3881938,-2.09448498,18.2645457,-9.57389921,0.157065936,-0.441129155,15.3081085,-5.72847795,0.21298815,-8.50924262,-3.9942259,-7.85895056,16.3475336,-6.89857089,2.72663201
903,0.883309543,3.52038965,106.007683,-0.190172027,0.0583544905,1.04998708,0.218447326,0.37802325,3.33415428,0,0,-2.27698208,15.4227157,-25.5378604,68.5331824,-7.29299425,-6.98685749,-16.7465378,-6.03894719,-19.705369,36.4016981,68.7608872,11.042716,-2.07415044,18.2380019,-9.59526404,0.130450677,-0.495327827,15.3316727,-5.73852516,0.23967526,-8.50655067,-4.01975714,-7.88370999,16.3316482,-6.86340481,2.78873123
904,0.873647816,3.55674624,106.010818,-0.180349156,0.05411208,1.06257276,0.21821019,0.330914448,3.36073247,0,0,-2.32108334,15.3390681,-25.4491192,68.6090316,-7.2104036,-6.97879018,-16.7250876,-6.06741243,-19.7553557,36.5533419,68.7566662,11.0420561,-2.00196623,18.2274321,-9.61406158,0.0918268441,-0.51919635,15.3620431,-5.73290861,0.298558241,-8.52725554,-4.06562912,-7.91228067,16.3668237,-6.84636263,2.81992172
905,0.872049667,3.59201916,106.016922,-0.178279058,0.053467835,1.07334478,0.260028824,0.260257928,3.36714367,0,0,-2.3106515,15.3152171,-25.3633628,68.6015867,-7.07359705,-6.96658506,-16.7463107,-6.05028872,-19.6851618,36.5153046,68.8277753,11.0360344,-2.07035435,18.2057702,-9.61965892,0.0608743678,-0.548997052,15.3677173,-5.73336623,0.350563515,-8.53490535,-4.09969811,-7.92908977,16.3791727,-6.80412688,2.87356624
906,0.868587941,3.62735204,106.013358,-0.170337914,0.0512597677,1.08190643,0.20421636,0.192544967,3.37852639,0,0,-2.27796563,15.3129477,-25.2761976,68.5648062,-7.04155407,-6.97492088,-16.7546384,-6.08734676,-19.65334,36.5387527,68.850151,10.8259924,-2.10145583,18.434281,-9.62148258,0.0236468436,-0.589316459,15.3741223,-5.74142628,0.395392047,-8.54513014,-4.13922185,-7.95370235,16.3974349,-6.79192175,2.91062001
907,0.863371976,3.66634987,106.012344,-0.163179321,0.0488529795,1.09687634,0.136282164,0.175845835,3.38889526,0,0,-2.25030998,15.3186134,-25.2984982,68.4908557,-7.06474085,-6.90414304,-16.77691,-6.08346593,-19.6643486,36.5113329,68.8438877,10.7049324,-2.06320335,18.4799869,-9.6333876,-0.0192143343,-0.624978584,15.3965578,-5.74523838,0.441873272,-8.54398011,-4.18178972,-7.978011,16.3977081,-6.77941226,2.96781495
908,0.852834154,3.70949879,106.012785,-0.169950488,0.0434729993,1.12221173,0.111541505,0.211525249,3.40835575,0,0,-2.2826774,15.3110626,-25.4511802,68.4737598,-7.22024164,-6.88011913,-16.8148056,-6.11232946,-19.7306475,36.5439812,68.8606353,10.7808338,-2.03330868,18.5491016,-9.65391573,-0.0452308134,-0.676668122,15.4296654,-5.75886503,0.493015327,-8.5428685,-4.20981826,-7.98773121,16.3995574,-6.75144648,2.99683194
909,0.85095698,3.7485674,106.016266,-0.176244662,0.0381799262,1.13754809,0.143323822,0.191343667,3.40827763,0,0,-2.28349254,15.2829615,-25.5122575,68.4522242,-7.21868862,-6.8520684,-16.7717498,-6.08621252,-19.6936347,36.4521185,68.9162604,10.7147363,-2.04368417,18.5296219,-9.66219648,-0.0687480151,-0.7036034,15.453204,-5.76594282,0.540485729,-8.54601551,-4.23500415,-8.0209413,16.4155674,-6.72608855,3.03419222
910,0.851962902,3.78867015,106.014323,-0.176995121,0.0362069738,1.13744709,0.183465591,0.165753043,3.4255563,0,0,-2.30818452,15.2600906,-25.5527571,68.4328333,-7.23271612,-6.82749637,-16.7697178,-6.08036247,-19.6991586,36.4889845,68.937632,10.9636498,-2.00096155,18.3150737,-9.66666172,-0.097318583,-0.718204637,15.4704246,-5.79345823,0.602844929,-8.54335771,-4.26310483,-8.00329892,16.4133305,-6.71235261,3.07866615
911,0.851873029,3.82634625,106.006908,-0.173454616,0.0322303445,1.14633343,0.209410385,0.0679061209,3.43896161,0,0,-2.28323811,15.2406433,-25.3378093,68.4273759,-7.0176403,-6.85771184,-16.7983021,-6.04131257,-19.6402738,36.3996593,68.9019443,10.8758443,-2.02740356,18.3228653,-9.66782883,-0.132843311,-0.714381011,15.483699,-5.81237402,0.630616745,-8.55219683,-4.30035583,-8.03744218,16.4396182,-6.70334786,3.10631112
912,0.846931338,3.85591537,106.001949,-0.161500358,0.0266833329,1.13716708,0.239940757,-0.0429038099,3.45376498,0,0,-2.27095209,15.2441968,-25.1938836,68.4330518,-6.85027249,-6.89249501,-16.820461,-6.036496,-19.5890355,36.3739709,68.8897388,10.7657792,-2.03537076,18.2921601,-9.67253653,-0.169984465,-0.707242717,15.5089485,-5.83206289,0.670428637,-8.56446555,-4.34126738,-8.0205921,16.4616114,-6.69240206,3.16826905
913,0.840890687,3.89926583,105.999267,-0.155937612,0.0192509372,1.13868849,0.196420539,-0.0571836778,3.46768192,0,0,-2.25755596,15.1534679,-25.0050715,68.4627017,-6.76329259,-6.93110778,-16.9090912,-6.11615052,-19.6724423,36.5807447,68.9045261,10.8571014,-1.999997,18.3046577,-9.67259715,-0.208838597,-0.702998127,15.5202303,-5.85953647,0.732530478,-8.58052162,-4.3839249,-8.0249805,16.4973162,-6.67933975,3.21709338
914,0.835407339,3.94960493,105.995309,-0.16928577,0.0089835249,1.16693093,0.105982651,0.00600519912,3.48332732,0,0,-2.22306905,15.030738,-24.8604713,68.452873,-6.72325402,-6.9398359,-16.900492,-6.16175996,-19.7409303,36.6656747,68.9372154,10.7653745,-2.01794246,18.328314,-9.68337007,-0.234823771,-0.743267802,15.560537,-5.90544943,0.794501585,-8.58267142,-4.41187574,-8.05971031,16.5324234,-6.67203529,3.27612499
915,0.834092591,3.99487615,105.989242,-0.167018486,0.00158291655,1.19117689,0.12440161,0.00366268311,3.49059101,0,0,-2.25684626,15.0987393,-25.2167425,68.3832188,-7.07095334,-6.91922453,-16.8879467,-6.13752432,-19.7832809,36.6395116,68.9172917,10.7285845,-2.01851492,18.2353944,-9.69551585,-0.276340222,-0.768395961,15.6048444,-5.9466295,0.83292919,-8.58144711,-4.45530465,-8.11962302,16.553667,-6.6649844,3.33601487
916,0.828353222,4.02790941,105.979621,-0.158336526,-0.00624571436,1.1947012,0.181056522,-0.0856838227,3.53162167,0,0,-2.30396133,15.1833551,-25.4452704,68.3290554,-7.26114337,-6.93253529,-16.8065991,-6.18104885,-19.7519935,36.5776916,68.9216494,10.525984,-2.06864936,18.4996801,-9.70767359,-0.314150762,-0.776701845,15.6456531,-5.98229034,0.84087302,-8.58939831,-4.49348754,-8.12945507,16.5803508,-6.67608431,3.36809861
917,0.824926328,4.06846218,105.973423,-0.156944347,-0.0188668936,1.21829251,0.191422415,-0.169181558,3.54090069,0,0,-2.30066705,15.2285607,-25.4476217,68.3144251,-7.23232083,-7.00045469,-16.8484767,-6.1578531,-19.7085382,36.5214757,68.9034948,10.5628064,-2.0743165,18.3632607,-9.72860214,-0.349906296,-0.798623177,15.7102428,-6.01603916,0.867342244,-8.59558133,-4.53443495,-8.18220377,16.6280768,-6.6762461,3.43619966
918,0.814401265,4.120766,105.966628,-0.163110781,-0.032191765,1.24779376,0.135143857,-0.155868972,3.56011103,0,0,-2.29720905,15.2316053,-25.4810111,68.2725697,-7.28767866,-7.028105,-16.861396,-6.17382507,-19.7669858,36.5825615,68.8752997,10.581528,-2.06072912,18.3090597,-9.76011237,-0.38550767,-0.828329431,15.7848353,-6.05493922,0.929385868,-8.60234834,-4.57481332,-8.23381097,16.6719795,-6.67770562,3.46271915
919,0.811454002,4.15495299,105.958867,-0.150812911,-0.0466851252,1.26914362,0.120040922,-0.255647951,3.59624187,0,0,-2.28485772,15.2386677,-25.340217,68.2614297,-7.14487349,-7.07171192,-16.8255495,-6.18368701,-19.7213397,36.6450236,68.8477331,10.8377344,-1.97338316,17.9312188,-9.78445431,-0.429857155,-0.864796077,15.8638862,-6.09605354,0.961357237,-8.60228943,-4.62447221,-8.26969337,16.712293,-6.70111396,3.5391607
920,0.802720524,4.20270376,105.94908,-0.15549449,-0.0650335501,1.3134067,0.0747113239,-0.288619915,3.63088929,0,0,-2.27290254,15.2441199,-25.3708965,68.2028266,-7.18299491,-7.03002172,-16.7322235,-6.20279403,-19.6943689,36.5810384,68.8695624,10.7314464,-2.01840969,17.9162829,-9.815302,-0.469607522,-0.890669688,15.953838,-6.15060712,0.999891776,-8.59279206,-4.66590457,-8.33291787,16.7471765,-6.71926562,3.60726281
921,0.797369331,4.25212979,105.936229,-0.154610007,-0.0777997979,1.31942828,0.145653744,-0.33320699,3.67321853,0,0,-2.3613473,15.2913165,-25.6556556,68.2027788,-7.3655744,-7.04355275,-16.7261122,-6.20810365,-19.6861813,36.3777958,68.8767682,10.6453126,-2.15783136,18.2343016,-9.82448263,-0.507439886,-0.897420689,16.0031657,-6.21067266,1.03973931,-8.59996205,-4.70860392,-8.36030522,16.7870204,-6.74027912,3.6702252
922,0.801374484,4.30652164,105.931854,-0.149374042,-0.0888304643,1.33403388,0.116896567,-0.308940182,3.65337811,0,0,-2.31318123,15.1830956,-25.6173177,68.2181126,-7.30613041,-7.08014037,-16.7523162,-6.22164066,-19.7675391,36.4476448,68.8831749,10.7102224,-2.10960019,18.2825757,-9.84832597,-0.556863242,-0.919485829,16.0822336,-6.25029416,1.08850014,-8.59864724,-4.76131292,-8.38089312,16.8191052,-6.74709223,3.72061876
923,0.799426343,4.36119735,105.921686,-0.151990501,-0.108258021,1.34969733,0.0868019727,-0.377923358,3.68115308,0,0,-2.32787831,15.2184025,-25.6530704,68.2522157,-7.3619322,-7.09967471,-16.6989041,-6.20721615,-19.7149927,36.4199279,68.8940145,10.9173667,-2.11041405,18.0402679,-9.87000926,-0.595561546,-0.951232975,16.1680806,-6.30695826,1.13696514,-8.60587272,-4.80821668,-8.40755562,16.879216,-6.77630111,3.74684541
924,0.798369851,4.4210773,105.90924,-0.152145677,-0.127312981,1.36724485,0.018260289,-0.405507264,3.67463324,0,0,-2.32843582,15.2615967,-25.8419678,68.2340748,-7.58069036,-6.9983147,-16.5816554,-6.20262712,-19.7118952,36.4675343,68.8892265,10.9508363,-2.16349977,18.0108451,-9.89624657,-0.643238081,-0.983768368,16.2664575,-6.37772073,1.17393033,-8.59478049,-4.85676396,-8.44499872,16.9079967,-6.79301202,3.81354989
925,0.793144852,4.47525084,105.899882,-0.156701912,-0.147259174,1.3958287,0.0222301747,-0.451822777,3.69172536,0,0,-2.28177282,15.1843523,-25.6112218,68.2363082,-7.35309906,-7.00720889,-16.6271718,-6.19715528,-19.6822607,36.2642576,68.8702181,10.4229967,-2.12430516,18.2752981,-9.92693718,-0.681349896,-1.02621244,16.361696,-6.43678778,1.22069109,-8.60037698,-4.90179198,-8.47558772,16.9687085,-6.81338947,3.86708577
926,0.7921285,4.54405695,105.888045,-0.163717157,-0.169200372,1.38529914,0.0585560388,-0.447014403,3.72844104,0,0,-2.29558048,15.0958792,-25.4530807,68.2643735,-7.13007289,-6.98936289,-16.7521164,-6.19963294,-19.7378021,36.3391506,68.8205968,10.5142267,-2.08253663,18.1475548,-9.94346538,-0.720997117,-1.0261609,16.4601326,-6.51170044,1.27436624,-8.62507665,-4.95083615,-8.45578615,17.0592973,-6.84007117,3.91355496
927,0.790131744,4.59890403,105.875838,-0.160097657,-0.190493374,1.36830614,0.076419925,-0.508518789,3.74703452,0,0,-2.33347735,15.1413256,-25.543772,68.2935589,-7.20334033,-6.96652145,-16.8946846,-6.20537328,-19.7197192,36.4543144,68.8371941,10.857676,-2.1195633,17.8996582,-9.95903309,-0.762902088,-1.01265452,16.5469239,-6.58229172,1.34943781,-8.6392271,-4.99929165,-8.42770553,17.1205522,-6.86176471,3.99693321
928,0.789529365,4.66949195,105.863941,-0.161925878,-0.216497628,1.35236523,0.0316030152,-0.545371129,3.75332513,0,0,-2.32194116,15.1131903,-25.3943701,68.3590604,-6.98616252,-6.99333507,-16.9784467,-6.19839198,-19.7040473,36.4954219,68.8353773,10.840072,-2.1110785,17.8966324,-9.9745897,-0.809207249,-1.00817061,16.6469913,-6.65326849,1.41161088,-8.63795583,-5.0511823,-8.42476343,17.1681501,-6.87169239,4.04139092
929,0.779369147,4.74961065,105.850124,-0.166131973,-0.250144172,1.36700045,0.0527549404,-0.500564927,3.81158066,0,0,-2.34966255,15.0153376,-25.4232738,68.342183,-7.00728018,-6.95830004,-16.7957545,-6.269268,-19.826639,36.4688832,68.8376449,10.4219312,-2.13797834,18.2265084,-10.0016116,-0.864268712,-1.04677729,16.7694924,-6.72935594,1.47381,-8.67015676,-5.11977021,-8.44923941,17.2959924,-6.89732523,4.08282412
930,0.773726217,4.80137989,105.832934,-0.156922616,-0.281980435,1.37561653,0.195339382,-0.621313174,3.85971343,0,0,-2.42990383,15.1385696,-25.6348013,68.3412404,-7.1466869,-6.97663312,-16.8974662,-6.22499983,-19.7436863,36.2129663,68.8663727,10.2870179,-2.13782594,18.2016721,-10.0201377,-0.916434869,-1.06846229,16.8777765,-6.80081509,1.53087399,-8.69107762,-5.18375542,-8.45732465,17.4032964,-6.94997788,4.148741
931,0.770730944,4.8679214,105.824602,-0.161983697,-0.313122456,1.38060077,0.135011135,-0.708415428,3.89933152,0,0,-2.41971724,15.1091622,-25.4995328,68.3837583,-7.15279565,-7.00328153,-16.8584778,-6.22826808,-19.6891507,36.3030497,68.8416611,10.3515359,-2.0383246,18.0314894,-10.0326873,-0.959694512,-1.08634714,16.9780983,-6.87019444,1.59811091,-8.71681634,-5.2404588,-8.45215931,17.5187402,-6.95697157,4.21372939
932,0.772104552,4.94416356,105.810499,-0.154168199,-0.344446856,1.38706239,0.0754087569,-0.737657762,3.92357826,0,0,-2.32889174,14.9176027,-25.0891495,68.4310711,-6.75225671,-7.07036381,-16.7199223,-6.28720834,-19.7830743,36.5753113,68.7889935,10.789018,-1.81755496,17.7756937,-10.0543313,-1.02632333,-1.11414889,17.1012193,-6.96123574,1.6843779,-8.70218607,-5.31333948,-8.47048642,17.5625064,-6.98367419,4.31095586
933,0.771685643,5.03792018,105.791152,-0.172636156,-0.374724791,1.40507255,0.0336447348,-0.63941643,3.91210269,0,0,-2.2690183,14.8832691,-25.233263,68.3377434,-6.96581111,-6.94900458,-16.7900974,-6.30738942,-19.8826756,36.5690753,68.8845068,10.4702958,-1.91997856,17.8917847,-10.093908,-1.07631882,-1.15466771,17.2551137,-7.05066469,1.77541803,-8.70821457,-5.37255765,-8.49726076,17.6520433,-7.00797088,4.38192152
934,0.766539061,5.10873236,105.7706,-0.179204608,-0.405027131,1.42016015,0.130854485,-0.778955381,3.97785009,0,0,-2.39380436,15.0970728,-25.4710185,68.3267672,-7.06114689,-6.9069447,-16.9232161,-6.25237822,-19.7454724,36.2697662,68.8979282,10.0475984,-2.10889433,18.141411,-10.140974,-1.1237691,-1.1875365,17.4162823,-7.15954004,1.81466387,-8.73077127,-5.4297942,-8.51654665,17.7631108,-7.04785321,4.44641302
935,0.765863294,5.19442931,105.752325,-0.19260491,-0.45394941,1.44987405,0.0573853351,-0.794341556,4.02612416,0,0,-2.40597469,15.0366,-25.2593117,68.3856913,-6.83986456,-6.99347978,-17.1219507,-6.30052849,-19.7568669,36.382174,68.9419351,10.0205996,-2.04409078,17.9619154,-10.1458866,-1.1741061,-1.21241098,17.5429516,-7.24566872,1.8580885,-8.71601635,-5.49213206,-8.54796296,17.8635231,-7.08132157,4.52543959
936,0.768397097,5.28197624,105.734169,-0.193934669,-0.472038335,1.49104061,-0.101045719,-0.779954242,3.99822327,0,0,-2.31313193,15.0358572,-25.3222758,68.3186803,-7.07227071,-6.99321554,-16.9899402,-6.31469943,-19.8129171,36.5542674,68.961285,10.1471621,-2.01201813,17.9455383,-10.1807,-1.24618434,-1.25402583,17.6605503,-7.3060382,1.94672643,-8.71187897,-5.56452652,-8.60965409,17.9207396,-7.10962203,4.6418273
937,0.760494499,5.36961369,105.709362,-0.195967635,-0.504809287,1.49620017,-0.0123744335,-0.780769756,4.04414391,0,0,-2.28647669,14.8799428,-25.1308307,68.3203537,-6.86558236,-6.98376597,-16.8656256,-6.24747585,-19.840856,36.3162353,68.9475085,10.0968714,-2.06653947,17.9841989,-10.2230856,-1.3082015,-1.30123086,17.8189561,-7.39566309,1.98437465,-8.73675622,-5.63876683,-8.60759051,18.0374146,-7.16908181,4.71116823
938,0.760435034,5.45170195,105.697477,-0.189905028,-0.546075573,1.50927778,0.0282675917,-0.929048201,4.09661769,0,0,-2.36160044,15.0365146,-25.4554832,68.2932788,-7.07287561,-6.9284837,-16.6723261,-6.25746244,-19.7587418,36.3583025,68.9786132,10.2362517,-2.07941395,17.8389703,-10.221624,-1.37714063,-1.31324922,17.9223447,-7.44601439,2.05010753,-8.73129549,-5.72127551,-8.61398613,18.1267825,-7.19556246,4.7855332
939,0.752068358,5.53214699,105.676579,-0.183003809,-0.582722095,1.51347698,-0.00873556265,-1.03180765,4.11307674,0,0,-2.33651956,15.1340343,-25.5251256,68.2521133,-7.19440388,-6.93448872,-16.6808827,-6.28830587,-19.7090385,36.5406173,69.0182761,10.2954148,-2.04386666,17.7494435,-10.253614,-1.44558979,-1.30552769,18.0686251,-7.50654353,2.07382472,-8.77797812,-5.80554511,-8.58921987,18.2906797,-7.24986161,4.86544982
940,0.746192876,5.64108118,105.657649,-0.191045367,-0.615078713,1.51730123,0.0552174137,-0.936280517,4.16824887,0,0,-2.36972559,15.0126158,-25.4446881,68.2566144,-7.10542274,-6.99674419,-16.9905344,-6.31059235,-19.8893418,36.5492677,69.0333435,10.3614798,-2.07184738,17.874559,-10.2983859,-1.51492187,-1.30742072,18.2315576,-7.5741607,2.13327853,-8.7874994,-5.88222722,-8.60957895,18.3715884,-7.25960402,4.95874551
941,0.756428903,5.72963245,105.635941,-0.201731208,-0.650129975,1.53275638,0.0393153426,-1.0532617,4.17648779,0,0,-2.3271526,15.0223676,-25.1931118,68.2723716,-6.69506626,-7.02664505,-16.9314498,-6.25083075,-19.7944585,36.4133094,69.0411641,9.98189032,-2.08707935,17.8608286,-10.308568,-1.56915656,-1.32268534,18.353555,-7.65418405,2.17305457,-8.78086985,-5.94544958,-8.65460698,18.4621055,-7.30474644,5.021646
942,0.751887076,5.83580695,105.624318,-0.202174553,-0.66963595,1.53289487,0.0354158915,-1.07756821,4.18792152,0,0,-2.31169972,14.9377262,-25.0691165,68.3180109,-6.61709324,-7.05577196,-16.7523742,-6.19293252,-19.7684219,36.3319516,69.0198744,9.80963978,-1.92359856,17.6324629,-10.3279461,-1.64503313,-1.31971549,18.441632,-7.69770003,2.26300111,-8.81880131,-6.03122139,-8.63154057,18.5680161,-7.31247053,5.1096372
943,0.760027813,5.93387969,105.612385,-0.191823128,-0.700944432,1.53536807,0.0983308717,-1.13152574,4.1875083,0,0,-2.34524065,14.9784187,-25.3004841,68.3455708,-6.79650481,-7.11766756,-16.7847066,-6.11640409,-19.7840835,36.3113996,69.013693,10.0789208,-1.80936129,17.3937614,-10.301976,-1.72705122,-1.31369628,18.4875018,-7.74535256,2.33220843,-8.84861508,-6.12911636,-8.61554427,18.7039454,-7.33887263,5.20611063
944,0.753305806,6.03231303,105.594003,-0.184126731,-0.741119319,1.55569175,0.0588867027,-1.21530282,4.23307548,0,0,-2.35058057,15.0469221,-25.3117556,68.3076974,-6.68317575,-7.12725331,-16.6621628,-6.13947903,-19.7611631,36.302575,69.0335416,9.90344389,-1.73010378,17.3612429,-10.2872587,-1.81021251,-1.30900053,18.5577298,-7.7990626,2.3933446,-8.88714503,-6.22757225,-8.58272265,18.8651071,-7.37561393,5.31397084
945,0.754482299,6.14043772,105.585551,-0.198176861,-0.760266215,1.5663646,0.0331603083,-1.24184354,4.21964861,0,0,-2.34310963,15.0243381,-25.3080621,68.3975827,-6.76915375,-7.21739686,-16.6779013,-6.11431832,-19.7842235,36.2849975,69.0461501,9.5987722,-1.64276444,17.3452039,-10.2881099,-1.87507198,-1.29494453,18.6143726,-7.83332625,2.47567549,-8.89662107,-6.2971087,-8.60889081,18.928826,-7.35581406,5.38762846
946,0.754636619,6.26264438,105.570185,-0.215680964,-0.780660846,1.52032675,0.148013428,-1.22086078,4.23761329,0,0,-2.35167148,15.0823588,-25.5053351,68.2390745,-7.06517585,-6.96253646,-16.7021894,-6.10129699,-19.8363652,36.4099455,69.0734572,9.7960144,-1.73475087,17.3127281,-10.2767214,-1.93054593,-1.23295277,18.6623171,-7.9027961,2.54960759,-8.93218757,-6.36240445,-8.53205289,19.0112049,-7.33926537,5.47745014
947,0.756532187,6.3553758,105.556059,-0.225319606,-0.799616323,1.55057914,0.0858036645,-1.34307847,4.24978084,0,0,-2.3316236,15.1446843,-25.3129013,68.2963661,-6.79950711,-7.0501695,-16.7566294,-6.07707714,-19.7330568,36.4169533,69.0834019,9.83880127,-1.75516086,17.3954417,-10.2960782,-1.98937498,-1.27088754,18.7474179,-7.96354978,2.59882252,-8.93641802,-6.4286257,-8.54953476,19.0766057,-7.35188585,5.55575271
948,0.756347552,6.47234544,105.546713,-0.250741013,-0.816829225,1.56949371,0.116791179,-1.35151429,4.25979817,0,0,-2.35990143,15.1710642,-25.3486881,68.3171913,-6.76315428,-7.02141483,-16.8707465,-5.98541601,-19.7383383,36.0593553,69.0802396,9.59879184,-1.73430563,17.4958198,-10.2989426,-2.0441975,-1.2572707,18.801402,-8.00960831,2.68419476,-8.94866967,-6.49046453,-8.54478522,19.1449776,-7.34518714,5.65815091
949,0.763223413,6.5970622,105.537844,-0.265537201,-0.820326357,1.56022783,0.115059673,-1.34334464,4.25769618,0,0,-2.34085439,15.1632129,-25.436024,68.2400717,-6.91001103,-6.91952079,-16.577267,-5.95939,-19.812912,36.3520426,68.9755737,9.9473509,-1.72644835,17.4045463,-10.304364,-2.11358966,-1.20028291,18.8449854,-8.05403442,2.79277727,-8.95853588,-6.56380582,-8.5424288,19.1727406,-7.32410235,5.75970814
950,0.755253108,6.70274124,105.52578,-0.285227775,-0.833666909,1.60967235,0.0684887347,-1.4199244,4.26587874,0,0,-2.41449343,15.3494158,-25.5254022,68.2794272,-6.91550677,-6.93932663,-17.0102907,-5.94017283,-19.7538104,36.2402495,69.0385549,9.90962094,-1.78174225,17.4930024,-10.3437478,-2.17544919,-1.23020479,18.9391754,-8.08808291,2.82229927,-8.94572159,-6.62834129,-8.60369218,19.1901132,-7.31853147,5.81979929
951,0.759980921,6.81163222,105.521595,-0.321267349,-0.834421966,1.64587648,0.058327601,-1.39985805,4.25666098,0,0,-2.33497402,15.2883744,-25.5520604,68.1696661,-7.15706025,-6.83746119,-16.4723057,-5.8240673,-19.7236226,35.9404452,69.053151,9.86938344,-1.89048964,17.5751064,-10.3589953,-2.21368694,-1.23633051,18.9734988,-8.11320776,2.86483277,-8.94338737,-6.66838925,-8.61884667,19.2060463,-7.27456384,5.90904083
952,0.754457619,6.94578588,105.51728,-0.351514383,-0.842098099,1.66289973,-0.0033955322,-1.39950587,4.24416941,0,0,-2.34077776,15.2942262,-25.4302935,68.2199636,-6.98785811,-6.94166341,-16.6998911,-5.77082171,-19.7723287,36.0514289,68.9769398,9.9509692,-1.86229932,17.5506577,-10.3759188,-2.27634432,-1.2101821,19.0267128,-8.1306256,2.96346732,-8.94290072,-6.7318861,-8.64476297,19.223465,-7.24127691,6.00830269
953,0.750166504,7.05906153,105.51095,-0.389273101,-0.852424185,1.67427526,0.0230754339,-1.41708635,4.25337053,0,0,-2.32252707,15.3675841,-25.457814,68.1526657,-6.92386521,-6.79629521,-16.637709,-5.77728264,-19.8259201,36.1610637,69.0015285,9.96220913,-1.74557448,17.5881538,-10.3971752,-2.31102802,-1.21420689,19.0903275,-8.17923349,2.99612545,-8.94022243,-6.77097485,-8.64437023,19.2457416,-7.21817977,6.08474147
954,0.747269532,7.17930943,105.503774,-0.427129236,-0.85407833,1.72473799,-0.0288642494,-1.4189401,4.22936925,0,0,-2.31062269,15.3167351,-25.3407463,68.2338084,-6.94472376,-6.91029448,-16.7017403,-5.68026663,-19.7842406,35.964122,69.0107697,10.0762869,-1.7768322,17.6461557,-10.4138716,-2.35832259,-1.24339272,19.1231705,-8.19881308,3.06479531,-8.93238052,-6.8179785,-8.68388885,19.2561713,-7.18409798,6.18665173
955,0.741629116,7.30029941,105.496013,-0.458064094,-0.868243018,1.71274734,-0.0166751598,-1.41975567,4.23331539,0,0,-2.32691333,15.3397579,-25.4393538,68.253452,-7.00303266,-6.87930933,-16.6066966,-5.63229608,-19.8058069,35.9236053,69.0370386,10.0817426,-1.85309948,17.6615032,-10.4315259,-2.40240037,-1.19231592,19.1948499,-8.23357875,3.12829217,-8.94128282,-6.86659451,-8.66051253,19.2878241,-7.15653945,6.22722946
956,0.738700153,7.41778165,105.486786,-0.506711968,-0.876170729,1.72563377,-0.009460454,-1.42844399,4.26128074,0,0,-2.3009298,15.2702556,-25.1973192,68.2805542,-6.69575952,-6.95243846,-16.5441252,-5.59273178,-19.7199975,35.7906659,69.0931418,10.0464194,-1.86840486,17.544362,-10.4515922,-2.42625523,-1.1689332,19.2537159,-8.27282501,3.16696683,-8.93980835,-6.89576923,-8.69306436,19.30568,-7.12017467,6.31593484
957,0.72559719,7.54560679,105.476487,-0.541494735,-0.883631502,1.75026768,-0.0646571387,-1.39833919,4.26882469,0,0,-2.31971196,15.3205156,-25.2767491,68.2688404,-6.74128401,-6.94051081,-16.4754972,-5.58760743,-19.8225118,35.87521,69.0672827,10.2112344,-1.90507444,17.7491311,-10.4772788,-2.48019387,-1.16378227,19.305207,-8.29231496,3.27619607,-8.93979469,-6.9488223,-8.72847035,19.3099591,-7.08057195,6.37332038
958,0.718670338,7.65328929,105.466223,-0.564345197,-0.892295907,1.76651525,-0.0299443264,-1.4714221,4.2721258,0,0,-2.32211661,15.4556731,-25.3565206,68.1963994,-6.99244672,-6.87225246,-16.6913619,-5.4721687,-19.7568003,35.7398425,69.0735528,10.1141518,-1.95527719,17.6417076,-10.4965767,-2.53220427,-1.1719976,19.3584244,-8.32396179,3.3180598,-8.93035452,-6.99960177,-8.77232443,19.3072082,-7.05515127,6.45424958
959,0.706396205,7.78513327,105.458701,-0.606590228,-0.897703278,1.76234887,-0.0911725467,-1.47052127,4.24874649,0,0,-2.28322232,15.3371966,-25.018831,68.3156819,-6.6409925,-6.90787574,-16.5810475,-5.46620978,-19.7551218,35.8192844,69.1427085,10.2552405,-1.96834035,17.7392017,-10.5036451,-2.57346822,-1.1500585,19.3796868,-8.35443468,3.41484998,-8.97574881,-7.04846195,-8.74050941,19.3827825,-7.00618735,6.56599831
960,0.686272467,7.894364,105.454111,-0.636585276,-0.920828943,1.78924791,-0.0575942562,-1.49352865,4.30491071,0,0,-2.32338916,15.5110352,-25.2724598,68.1891116,-6.92437833,-6.82607313,-16.7524033,-5.38644385,-19.7406964,35.6381786,69.1363018,10.13844,-2.07431927,17.6794717,-10.5132833,-2.62099801,-1.1458368,19.4308107,-8.35766962,3.51401195,-8.98790399,-7.10276324,-8.73787637,19.4376563,-6.93834137,6.68584081
961,0.668935943,8.00789073,105.442464,-0.692499536,-0.931321055,1.80264573,-0.0570220944,-1.56924855,4.34850013,0,0,-2.38807191,15.586881,-25.2555226,68.2801512,-6.91213394,-6.87666733,-16.8560992,-5.41490567,-19.7172774,35.6208743,69.1236796,10.0692894,-1.87214888,17.7209651,-10.5371855,-2.63744382,-1.15852964,19.483842,-8.39563352,3.56322901,-9.05414999,-7.12792992,-8.71426099,19.563622,-6.88394703,6.79554175
962,0.650376361,8.14850405,105.437469,-0.748019441,-0.968720767,1.77060759,-0.0231876351,-1.46783188,4.36980904,0,0,-2.40506286,15.5898231,-25.3458263,68.3034968,-7.01577779,-6.90288714,-16.8562751,-5.33088623,-19.7396975,35.4980777,69.2225192,10.2224026,-2.03980227,17.8451191,-10.502705,-2.66092708,-1.12133446,19.4939661,-8.42610812,3.65619215,-9.14137407,-7.1690912,-8.63340095,19.7579478,-6.81745257,6.82443687
963,0.627957284,8.25571343,105.424297,-0.740617946,-0.982844091,1.76124357,0.0267167602,-1.62578577,4.39337319,0,0,-2.41250456,15.7764051,-25.5311891,68.2156059,-7.26180248,-6.8320679,-16.7162699,-5.16201151,-19.6550612,35.3157253,69.1148823,9.99583073,-2.02367321,17.6955346,-10.5015815,-2.74909821,-1.10993231,19.5076965,-8.4303343,3.74303118,-9.25006201,-7.27277262,-8.58828072,19.9408551,-6.79966164,6.96933293
964,0.596930133,8.372996,105.416393,-0.76683579,-1.02536213,1.74679583,-0.0178530956,-1.62464512,4.46500053,0,0,-2.41108965,15.6823688,-25.2199066,68.3480365,-6.77366124,-7.00383478,-16.7076399,-5.26761777,-19.7187869,35.4045417,69.2372656,9.92330351,-2.01472075,17.8272906,-10.488786,-2.79844355,-1.06573395,19.5550348,-8.44842149,3.84100256,-9.34020685,-7.34150823,-8.53031973,20.1524031,-6.75231434,7.07248544
965,0.574357901,8.50203708,105.405569,-0.800499416,-1.06839314,1.73108419,-0.0361192076,-1.60054064,4.50861342,0,0,-2.3765989,15.6977913,-25.2875426,68.2740382,-6.98925446,-7.04873729,-16.4382248,-5.22132018,-19.7662396,35.4727992,69.2465957,10.1651221,-1.95417112,17.7965343,-10.4485878,-2.84538595,-1.04958877,19.5641326,-8.46611681,3.92632229,-9.44316341,-7.41125556,-8.43549707,20.3952949,-6.69136686,7.23660506
966,0.54634246,8.60552788,105.392396,-0.794277839,-1.11080571,1.72142941,-0.0302939067,-1.75050353,4.59155881,0,0,-2.44137022,15.8890059,-25.3679988,68.2759985,-7.08665424,-7.04784382,-16.5460786,-5.26727668,-19.6734976,35.3813839,69.3390218,9.88926612,-1.99491918,17.8913066,-10.4341743,-2.92522723,-1.02379605,19.6088567,-8.47744638,3.99054485,-9.56745066,-7.51831707,-8.33358808,20.6600006,-6.65564582,7.42475543
967,0.516753504,8.72813314,105.378425,-0.816912473,-1.16536001,1.70041839,-0.122743435,-1.72030961,4.63775309,0,0,-2.38724375,15.8185405,-25.0677676,68.2970969,-6.86157645,-7.00599781,-16.5318633,-5.23826844,-19.7099247,35.4229764,69.4032051,9.90850506,-2.01858962,17.7892755,-10.3972111,-2.97946256,-0.96517734,19.6412745,-8.50177552,4.07485372,-9.67345861,-7.59901917,-8.24018525,20.9148794,-6.60131892,7.54630975
968,0.48698741,8.83501619,105.362511,-0.835307139,-1.22465612,1.68565879,0.00870818937,-1.80845138,4.73135613,0,0,-2.49653339,16.0253518,-25.6075625,68.2732117,-7.382328,-6.97598895,-16.4983937,-5.16705091,-19.7142977,35.2281042,69.3732479,9.94168014,-1.96949892,17.8377289,-10.360603,-3.02738893,-0.908081548,19.6812533,-8.54323903,4.14773397,-9.79885747,-7.67927987,-8.13331584,21.2168062,-6.57493049,7.70675943
969,0.444562919,8.94122124,105.341828,-0.834283151,-1.26675446,1.66300005,-0.0760997266,-1.8752532,4.82077185,0,0,-2.54255499,16.0348492,-25.358083,68.3983818,-6.88626246,-7.07871926,-16.6339131,-5.22201046,-19.6377638,35.1510529,69.5053574,9.64715299,-2.0601097,17.8196801,-10.3554154,-3.09970228,-0.859576746,19.7305126,-8.55560253,4.21757394,-10.0212382,-7.78967792,-8.00068125,21.6315506,-6.54816468,7.85114536
970,0.418150425,9.06172767,105.334163,-0.875255185,-1.32771554,1.6374179,-0.159157775,-1.85559356,4.86006337,0,0,-2.53364266,16.1228818,-25.5500045,68.3710474,-7.18966971,-7.02044025,-16.5720043,-5.19534796,-19.6851516,35.1918735,69.5318312,9.59489094,-1.97184445,17.7665276,-10.295793,-3.1228754,-0.798552474,19.7372933,-8.57532812,4.25532311,-10.1703241,-7.85036159,-7.87253409,21.9701538,-6.43344568,7.98937899
971,0.38701829,9.15898904,105.311191,-0.858056628,-1.38047293,1.58576118,-0.138241695,-1.96972197,4.95391486,0,0,-2.49667491,16.1396875,-25.3747897,68.3721948,-7.07962426,-7.1038693,-16.3720539,-5.29056208,-19.6942016,35.4345535,69.5770675,9.98168456,-2.00778896,17.7909472,-10.2457209,-3.20213099,-0.677708231,19.744412,-8.602,4.3266273,-10.4086149,-7.97178784,-7.64022485,22.4230176,-6.42666501,8.13016712
972,0.343996799,9.2890583,105.288339,-0.893422693,-1.43979081,1.57824563,-0.268060566,-1.79880822,5.03201423,0,0,-2.5077095,16.0481698,-25.4633943,68.3831505,-7.14194846,-7.16932087,-16.339853,-5.23494982,-19.8164961,35.2804098,69.6628957,9.78161466,-1.95683575,17.3054488,-10.2372651,-3.24645572,-0.625238505,19.8222984,-8.65249815,4.41531048,-10.6190505,-8.05804545,-7.53816901,22.8649701,-6.36862334,8.31756531
973,0.306404615,9.36070606,105.270255,-0.89036608,-1.49619817,1.60405721,-0.26528911,-2.10348589,5.13857842,0,0,-2.58547548,16.3403584,-25.5315647,68.4238857,-7.12373619,-7.13795877,-16.2685305,-5.24200114,-19.5952953,35.18769,69.6908995,9.77025434,-1.86224937,17.2548269,-10.2281246,-3.30514924,-0.615549561,19.88843,-8.67257208,4.44020139,-10.8302169,-8.15871902,-7.4361738,23.3142582,-6.36682273,8.41391282
974,0.260833045,9.46903899,105.258906,-0.935814243,-1.50726447,1.58198961,-0.325596692,-2.00263153,5.1802033,0,0,-2.60353343,16.3068188,-25.678897,68.4171102,-7.25790928,-7.10543427,-16.2113242,-5.34060261,-19.776502,35.4613689,69.7461967,9.8150527,-1.80514429,17.158499,-10.2743718,-3.32011291,-0.581521879,19.9433515,-8.68470164,4.4900178,-11.2412346,-8.2336351,-7.06040795,23.9539942,-6.29414184,8.22884543
975,0.237526745,9.57411975,105.247486,-0.993897806,-1.56644796,1.59984244,-0.454312594,-2.07745839,5.2346446,0,0,-2.53982911,16.3739664,-25.3414601,68.4474772,-6.84579615,-7.12218104,-16.3518076,-5.2717035,-19.6852814,35.1681079,69.728889,9.14455011,-1.73093322,17.3658004,-10.2171937,-3.32101172,-0.552750614,19.9366323,-8.70766645,4.53243072,-11.4818613,-8.29195125,-6.98152183,24.4697401,-6.14975078,8.42498028
976,0.190023868,9.68202874,105.241597,-1.04560177,-1.63964545,1.64200738,-0.534547947,-2.01402343,5.37703483,0,0,-2.60956747,16.4208676,-25.5293586,68.4002669,-7.07301862,-7.00781165,-16.3467139,-5.32826387,-19.77106,35.219307,69.752617,9.52104892,-1.79758093,17.5556096,-10.1655934,-3.33983551,-0.55865718,19.947045,-8.70736165,4.60036976,-11.7855734,-8.38284656,-6.95900483,25.1203566,-5.93416397,8.62205771
977,0.155859557,9.75837857,105.222452,-1.03079163,-1.6606185,1.66190592,-0.709067124,-2.1281021,5.4076392,0,0,-2.53999645,16.4069579,-25.0546502,68.4399845,-6.68166585,-7.0484056,-16.3881817,-5.31705937,-19.7386713,35.1880486,69.7814404,9.53417227,-1.73337523,17.146833,-10.1765473,-3.41599126,-0.526401452,19.9665673,-8.71171931,4.65628254,-12.128302,-8.52888283,-6.91334886,25.7306682,-5.77666792,8.81250729
978,0.109928148,9.85987857,105.217075,-1.09546857,-1.71655495,1.68710943,-0.813135782,-2.13075585,5.50658474,0,0,-2.58389386,16.4534681,-25.1670017,68.5031022,-6.62066671,-7.10575016,-16.1576748,-5.31791528,-19.6551671,35.1118408,69.8698777,9.40434916,-1.78035775,16.9300189,-10.1430811,-3.40856492,-0.511354705,19.9671513,-8.73638654,4.69779942,-12.4763428,-8.59984764,-6.92557618,26.4492758,-5.55484856,8.9532126
979,0.080844271,9.95341018,105.22207,-1.17019604,-1.73813323,1.73471087,-0.886104987,-2.17469872,5.55079698,0,0,-2.64300552,16.6503859,-25.3883015,68.5429018,-6.88483879,-7.18147178,-16.3609942,-5.41043489,-19.700499,35.3195571,69.9273333,9.5077992,-1.73457531,16.9762525,-10.125875,-3.3909155,-0.529107274,19.9357734,-8.73075675,4.74170131,-12.9132333,-8.67128288,-6.87207659,27.2733705,-5.24303762,9.11936805
980,0.0493070984,10.059616,105.231285,-1.25392393,-1.79938546,1.75484754,-1.03738311,-2.03367303,5.6390665,0,0,-2.65300022,16.5155648,-25.2079811,68.5996128,-6.65827117,-7.11341961,-16.2668776,-5.34282797,-19.7876198,34.9169174,69.9103329,8.99782227,-1.66524292,17.0412025,-10.0403115,-3.36110728,-0.502460945,19.8733728,-8.71415598,4.78751822,-13.3077212,-8.72982016,-6.83423563,28.1105246,-5.04072998,9.13868468
981,0.00304601035,10.1333,105.244076,-1.32245598,-1.84797923,1.79568091,-1.04855559,-2.09205343,5.74650837,0,0,-2.71569453,16.6469964,-25.3625039,68.6414477,-6.72624052,-7.22374211,-16.1162019,-5.35876707,-19.7313544,34.8321377,69.9274357,8.75361142,-1.60896973,16.7953737,-9.99548666,-3.33578456,-0.521428914,19.8379259,-8.67350355,4.84651526,-13.789387,-8.78965604,-6.77185039,29.1016636,-5.06481536,9.11162518
982,-0.0352096744,10.2034457,105.263197,-1.3929767,-1.92022499,1.84908383,-1.16126087,-2.14388816,5.82581071,0,0,-2.72475306,16.8291285,-25.4309133,68.6112173,-6.58422851,-7.16308405,-16.193383,-5.31910245,-19.6295385,34.7497622,69.9422573,8.90968637,-1.59325848,16.7932427,-9.90621524,-3.30595222,-0.522148485,19.7811619,-8.63138604,4.87518669,-14.2046181,-8.85121824,-6.77495172,30.0545706,-5.2925868,8.80007293
983,-0.0702101388,10.2874577,105.281901,-1.45221837,-1.95679397,1.89004946,-1.32728217,-2.1488281,5.89850996,0,0,-2.71466317,16.8498854,-25.2859204,68.637493,-6.5583788,-7.14552193,-16.1823198,-5.31300138,-19.6512329,34.7170012,69.9051966,8.8591626,-1.54775352,16.8260856,-9.8572923,-3.29804521,-0.519959516,19.7232726,-8.57516675,4.92661758,-14.7533555,-8.95832927,-6.72190292,31.1756915,-5.57731733,8.70381166
984,-0.106219051,10.3407137,105.280626,-1.48011374,-1.95868088,1.92795384,-1.37569241,-2.20484141,5.93798333,0,0,-2.7780247,16.9642126,-25.4206117,68.6789728,-6.77587465,-7.1635246,-16.1713796,-5.32438048,-19.6527304,34.7678349,69.8966589,9.30195694,-1.61263349,16.8909349,-9.87735598,-3.30979206,-0.524325448,19.7166678,-8.55061991,4.9676572,-15.2897917,-9.06800076,-6.6946129,32.2155025,-6.05006972,8.43398333
985,-0.136389816,10.4033649,105.295432,-1.53752398,-2.03454415,1.96258549,-1.44700717,-2.20405338,6.02428448,0,0,-2.83685867,17.1188839,-25.6825631,68.6908505,-6.85245089,-7.20258048,-16.2181612,-5.28466933,-19.6234135,34.6267198,69.9523181,9.08179177,-1.66555017,16.7597064,-9.76583009,-3.28391504,-0.502844076,19.6373676,-8.49020347,4.97820429,-15.7562424,-9.16755162,-6.69187229,33.3180111,-6.32884944,8.34129851
986,-0.170640729,10.4572073,105.318725,-1.56686335,-2.08447668,2.01276722,-1.49211608,-2.30849807,6.10503866,0,0,-2.85945464,17.1504223,-25.4968093,68.7449183,-6.67926803,-7.15743122,-16.2077981,-5.21340485,-19.5240923,34.3463576,69.9594898,8.82043799,-1.67970488,16.7462356,-9.70500896,-3.29274903,-0.491452761,19.5867422,-8.40330297,4.9742859,-16.2676647,-9.30326577,-6.6874856,34.4525568,-6.6213937,8.25489833
987,-0.210059551,10.5364725,105.348015,-1.6475003,-2.15644098,2.05851991,-1.597174,-2.27622223,6.2155857,0,0,-2.9380095,17.2521511,-25.5948481,68.7684073,-6.712435,-7.07078941,-16.1977492,-5.23193686,-19.5536824,34.339541,69.9238704,8.81541951,-1.6106744,16.9395948,-9.61476082,-3.25263469,-0.483823493,19.5210973,-8.3427764,5.0052147,-16.7511089,-9.40097846,-6.71715338,35.6068485,-6.77291675,8.0760669
988,-0.237267953,10.6079333,105.371225,-1.70372308,-2.2215723,2.0847387,-1.72265258,-2.24808206,6.30145953,0,0,-2.93764878,17.349215,-25.6935717,68.7253703,-6.89872158,-7.03117047,-16.2129788,-5.19896839,-19.5570121,34.3529077,69.9271557,8.8118311,-1.68541897,16.8670736,-9.51497432,-3.23343311,-0.451617818,19.4445001,-8.29641307,4.99406143,-17.2643516,-9.52447767,-6.76663042,36.7955336,-6.94437243,8.00519003
989,-0.265479577,10.6710017,105.408144,-1.76076424,-2.30752072,2.07499831,-1.72422597,-2.31775447,6.40089769,0,0,-2.91907365,17.3889086,-25.5855642,68.7537429,-6.8782609,-7.10354914,-16.1922885,-5.17845135,-19.4473569,34.2692686,69.9512731,9.06366188,-1.76017977,16.967334,-9.39648078,-3.19836308,-0.365810258,19.3773696,-8.20454874,5.02172967,-17.7997752,-9.63337138,-6.72275883,38.0383514,-7.03807921,7.83269531
990,-0.315888645,10.7413791,105.41302,-1.83831959,-2.40115839,2.08011383,-1.76663099,-2.30219466,6.55071789,0,0,-2.9950975,17.4808105,-25.6014939,68.7713579,-6.86525195,-7.11863489,-16.1568722,-5.16520676,-19.4730862,34.162605,69.8931619,9.0847979,-1.74851562,17.0761167,-9.29270288,-3.14916416,-0.357389648,19.3304838,-8.17412537,5.06957686,-18.3100279,-9.7251196,-6.70647822,39.2777678,-7.17738135,7.80878794
991,-0.351393293,10.8002916,105.426812,-1.90846048,-2.4765761,2.11946526,-1.76680505,-2.34349938,6.66218701,0,0,-3.09097863,17.6587694,-25.8527475,68.7872313,-7.00107538,-7.11324331,-16.1581956,-5.10366932,-19.348285,34.0184402,69.9531856,9.3188719,-1.88651596,17.1481905,-9.20067377,-3.11121669,-0.326729943,19.2847949,-8.13785877,5.15205694,-18.8412544,-9.84001277,-6.7595458,40.5462296,-7.38870825,7.66653644
992,-0.382299162,10.8746335,105.460048,-2.00950767,-2.5362234,2.16949493,-1.92895065,-2.27481051,6.73906548,0,0,-3.0479732,17.5958736,-25.5616056,68.8065402,-6.73628005,-7.06495344,-16.1510785,-5.10649232,-19.3850707,34.0336886,69.9331185,8.95999498,-1.71577852,17.0454901,-9.15667881,-3.04014815,-0.357690017,19.2829696,-8.0828766,5.15203304,-19.3941463,-9.91992343,-6.77875785,41.8297211,-7.53076338,7.52710923
993,-0.403805077,10.9242246,105.487299,-2.05884279,-2.59275743,2.20160445,-1.96047902,-2.37161329,6.79203445,0,0,-3.03136517,17.7044992,-25.581099,68.8206992,-6.85543953,-7.11026492,-16.2450688,-5.085361,-19.3415384,34.067498,69.8900678,9.0414262,-1.60829354,17.0684378,-9.11262153,-3.01262334,-0.352602193,19.2893473,-8.02766391,5.10289367,-19.9963145,-10.0475378,-6.72565483,43.1724783,-7.62580119,7.54537486
994,-0.438747508,10.9974891,105.51399,-2.14217195,-2.68228379,2.22672768,-2.12253571,-2.26460621,6.90513385,0,0,-3.05316692,17.7218154,-25.6666061,68.8333419,-7.09130688,-7.11027132,-16.2587155,-5.14518876,-19.4167883,34.2389563,69.924731,9.11048881,-1.52723233,17.0342425,-9.03537807,-2.95846592,-0.301105288,19.3008339,-7.9989515,5.12070637,-20.5244128,-10.1462153,-6.71793885,44.4644871,-7.73940944,7.66535567
995,-0.462917658,11.0383093,105.529618,-2.18965354,-2.7687097,2.2712045,-2.13508683,-2.26935383,7.01232129,0,0,-3.0880329,17.7924174,-25.8118108,68.8260541,-7.12351421,-7.16629083,-16.300337,-5.09122386,-19.4298562,34.1776109,69.8926974,9.23062842,-1.5523576,17.0077089,-8.99251436,-2.9313586,-0.281274607,19.3814472,-7.99001164,5.12753315,-21.0023194,-10.2311572,-6.62816925,45.6744824,-7.99207948,7.68338908
996,-0.494898995,11.1066617,105.565012,-2.28842571,-2.83764992,2.32142789,-2.23746197,-2.18615081,7.1096724,0,0,-3.10969954,17.7138583,-25.6262994,68.9086857,-7.02125517,-7.23125873,-16.2788287,-5.04910465,-19.4164981,34.0781463,69.8850066,9.12090399,-1.57897933,16.9100235,-8.96446875,-2.86072164,-0.283327026,19.4307493,-7.9521741,5.1489603,-21.5370327,-10.2859336,-6.57506239,46.936937,-8.08581102,7.67219525
997,-0.525628356,11.1542799,105.590332,-2.35946108,-2.92498757,2.38789586,-2.26527599,-2.20642794,7.22086489,0,0,-3.08739684,17.7164554,-25.5148717,68.8598499,-6.85471424,-7.16981947,-16.1937262,-5.00368517,-19.3682189,33.9483249,69.9289452,8.99377624,-1.6536111,16.9712203,-8.89189458,-2.81257372,-0.31852211,19.4401271,-7.90935479,5.13408287,-22.0163379,-10.3571512,-6.52824145,48.1407032,-8.31487678,7.65375374
998,-0.548889115,11.1942202,105.599403,-2.43100009,-3.00527339,2.44301238,-2.35597258,-2.20523351,7.31016791,0,0,-3.0430132,17.7773927,-25.5156828,68.7763371,-6.9388562,-7.14174441,-16.2170411,-5.00267643,-19.3827552,33.9186306,69.9113711,8.95957663,-1.61625061,17.1129741,-8.82281319,-2.75919472,-0.329661108,19.4623269,-7.91324288,5.15591002,-22.486885,-10.394631,-6.46452389,49.3514021,-8.61942126,7.54370744
999,-0.579142617,11.2515032,105.612004,-2.51461114,-3.08722936,2.49873202,-2.44561284,-2.10665787,7.42232132,0,0,-3.08011692,17.8091923,-25.7279958,68.7321048,-7.20067058,-7.08353668,-16.2076786,-4.98628014,-19.4517094,33.7791377,69.8830054,8.85515499,-1.48007318,17.1705987,-8.75906704,-2.70185742,-0.360144776,19.4911401,-7.89872019,5.17774827,-23.0003905,-10.4164022,-6.29872532,50.5955791,-8.82069754,7.55018673
1000,-0.604451681,11.2825014,105.623889,-2.56490765,-3.15715746,2.56801215,-2.53406443,-2.11078053,7.50140637,0,0,-3.11751477,17.8030469,-25.75699,68.8039721,-7.2023824,-7.16559244,-16.2452549,-5.01727255,-19.4429053,33.8952919,69.9556922,8.99002817,-1.4937883,17.0738815,-8.6914456,-2.67523206,-0.389540763,19.4888656,-7.8799346,5.23247602,-23.4533345,-10.4494552,-6.1750323,51.7386454,-9.17080108,7.44463384
1001,-0.634371396,11.3309942,105.647254,-2.65447021,-3.22736466,2.61634664,-2.69808011,-2.02420575,7.57243351,0,0,-3.12378211,17.7787929,-25.7738332,68.8454177,-7.27689891,-7.18552293,-16.2398983,-5.02096555,-19.5037947,34.0714868,69.9545653,9.1044586,-1.5223576,17.0114058,-8.62475649,-2.60204103,-0.406616289,19.4820525,-7.85232783,5.25241718,-23.9645281,-10.4322926,-6.00336062,52.9434498,-9.32136748,7.4339352
1002,-0.661847461,11.3723956,105.664992,-2.73855704,-3.29916484,2.67882718,-2.7994621,-1.96375921,7.66818252,0,0,-3.11241923,17.7398557,-25.6780193,68.8468315,-7.15714819,-7.23199554,-16.2532718,-4.97654627,-19.5226324,33.9384177,69.9123205,9.05990613,-1.53303052,17.0303732,-8.55581427,-2.53484478,-0.460216759,19.4743822,-7.83710676,5.24638868,-24.4693883,-10.4206369,-5.81710734,54.1466798,-9.46498587,7.56134128
1003,-0.694606593,11.4131548,105.680728,-2.82812437,-3.37350734,2.71749842,-2.85486134,-1.87240757,7.77435952,0,0,-3.12966077,17.6808206,-25.6476182,68.8543242,-7.10261852,-7.23254708,-16.2580325,-5.01127095,-19.5907772,34.0499957,69.9359393,9.13622667,-1.55327082,16.9627236,-8.49745286,-2.45568929,-0.469649677,19.4916694,-7.83917203,5.2469526,-24.9573968,-10.3727923,-5.61124629,55.3079657,-9.4943702,7.62349088
1004,-0.715961494,11.4281289,105.693913,-2.87954428,-3.43134253,2.76103874,-2.87268344,-1.96320405,7.83570145,0,0,-3.11818029,17.7530909,-25.6377537,68.8365111,-7.02033096,-7.22740565,-16.3039091,-4.99216349,-19.5449329,34.0525399,69.9280095,9.25458958,-1.52425554,17.0584282,-8.4458448,-2.40753944,-0.489083326,19.4949411,-7.81821189,5.2259105,-25.4420722,-10.3501323,-5.41111662,56.4353498,-9.68737939,7.55080999
1005,-0.742023159,11.4607893,105.704796,-2.93498476,-3.48535124,2.80421609,-2.91191177,-1.9562761,7.90105099,0,0,-3.15641056,17.7571139,-25.6868252,68.8709899,-6.97170386,-7.24540747,-16.353638,-4.96820789,-19.556896,34.0212747,69.9287813,9.33567331,-1.52194704,17.1667191,-8.40661476,-2.3673171,-0.510945748,19.5094655,-7.81049378,5.21562423,-25.9013546,-10.3414067,-5.2070088,57.5103362,-9.80067515,7.58132471
1006,-0.766234379,11.4834838,105.738711,-2.98987053,-3.53488153,2.85850435,-2.96341695,-1.96284738,7.98496413,0,0,-3.19661562,17.7451576,-25.6901873,68.9018623,-6.91833575,-7.23451076,-16.3745538,-4.97100442,-19.4904673,33.8923515,69.9947131,9.31553194,-1.60999746,17.1370249,-8.4017252,-2.32108931,-0.577752468,19.582446,-7.73421166,5.14106717,-26.3527003,-10.3322824,-5.03818531,58.5597197,-9.94108079,7.64792162
1007,-0.788023882,11.5013652,105.754614,-3.02326526,-3.56801851,2.89073134,-3.10027068,-1.95603939,8.00939145,0,0,-3.18434091,17.7052112,-25.5908747,68.9488131,-6.89771712,-7.23890769,-16.4577489,-4.98444196,-19.5111816,33.9240811,70.0106479,9.30642986,-1.58388288,17.220664,-8.406917,-2.29602337,-0.59924622,19.6469999,-7.7032581,5.0814934,-26.7397108,-10.3314705,-4.90068848,59.4878673,-10.1743454,7.6436647
1008,-0.808456261,11.5330003,105.778885,-3.11518778,-3.60451406,2.92269502,-3.20275532,-1.85446957,8.05056724,0,0,-3.14714754,17.6662245,-25.5914057,68.8944448,-6.95045599,-7.19534645,-16.5089719,-4.96176446,-19.5610454,33.9454699,69.9740518,9.35731904,-1.54426287,17.2032026,-8.36421807,-2.20668151,-0.606635044,19.6162316,-7.66853,5.05633782,-27.1921391,-10.2528251,-4.70292035,60.4949718,-10.2577898,7.67612688
1009,-0.823308527,11.5605064,105.794585,-3.17518591,-3.64276901,2.96898376,-3.31194912,-1.80448859,8.08002158,0,0,-3.11353512,17.6342387,-25.5725322,68.8739815,-7.00456219,-7.1869291,-16.5018463,-4.94120431,-19.5952458,33.9080438,69.9630962,9.31501455,-1.5589482,17.2315581,-8.32468493,-2.15787191,-0.613154459,19.6059351,-7.6372742,5.04160595,-27.6273229,-10.2340985,-4.52236814,61.5040298,-10.291747,7.77404191
1010,-0.845151208,11.5793377,105.817485,-3.24271124,-3.66479534,3.01056276,-3.38264478,-1.77986811,8.1016323,0,0,-3.09742057,17.5937716,-25.5035661,68.8833184,-6.94893542,-7.19914916,-16.4787466,-4.91508054,-19.5758669,33.7418448,70.0054707,9.16618814,-1.59749213,17.2456027,-8.31974073,-2.09117084,-0.625001423,19.6068435,-7.59270295,5.02193117,-28.0915452,-10.1936134,-4.34089258,62.4820105,-10.3253515,7.81830495
1011,-0.863017887,11.5961544,105.832779,-3.30509996,-3.67556445,3.04682579,-3.44892409,-1.76203555,8.10361476,0,0,-3.09438775,17.5810282,-25.5258103,68.8999089,-7.0177039,-7.22312227,-16.4047535,-4.89476628,-19.5648139,33.7439588,70.0388634,9.22973025,-1.65512474,17.2411136,-8.30978488,-2.03160626,-0.631781026,19.5862692,-7.57103588,5.00977386,-28.5241421,-10.1499702,-4.17881475,63.3993868,-10.4182173,7.90350217
1012,-0.884750392,11.6034389,105.853975,-3.38259192,-3.68878546,3.08248847,-3.43145908,-1.82705148,8.14838836,0,0,-3.12659252,17.6956148,-25.5850861,68.8746987,-7.06988313,-7.22617536,-16.3811688,-4.92724724,-19.4644238,33.7854932,70.0914013,9.42260967,-1.70589716,17.2725956,-8.29131092,-1.94433714,-0.641367196,19.5472398,-7.53214052,4.98848757,-28.9780611,-10.1003275,-4.04348223,64.3450265,-10.4878545,7.93330314
1013,-0.904680043,11.6079196,105.859935,-3.443118,-3.71073658,3.12161546,-3.46783538,-1.8410474,8.16825823,0,0,-3.11232532,17.7605375,-25.5922817,68.8310606,-7.04548527,-7.21319288,-16.4661825,-4.9241664,-19.4002849,33.7113378,70.1621142,9.44657509,-1.75838407,17.3834359,-8.26143738,-1.87862389,-0.653959023,19.5114565,-7.53200648,4.9676747,-29.3611801,-10.0644784,-3.92622539,65.2261209,-10.7069268,7.90085889
1014,-0.918729603,11.6152294,105.876899,-3.4974426,-3.73783655,3.16557238,-3.52965137,-1.8467395,8.19868843,0,0,-3.11063165,17.7858211,-25.5669724,68.8195586,-7.06267472,-7.21633477,-16.5311051,-4.91242018,-19.353662,33.5788526,70.1587742,9.41170356,-1.7472403,17.4791986,-8.21861807,-1.82036452,-0.654592097,19.4678491,-7.49630422,4.94702107,-29.7819539,-10.0366462,-3.77911549,66.1459835,-10.8279168,7.97507914
1015,-0.938470475,11.6246663,105.891418,-3.56890241,-3.76007554,3.21647464,-3.6110224,-1.78740928,8.23277791,0,0,-3.13019864,17.7510828,-25.5535562,68.834824,-7.06364973,-7.21477322,-16.5671617,-4.88694486,-19.3575911,33.5059062,70.1349301,9.3734989,-1.77976929,17.5180162,-8.18711639,-1.74414398,-0.674440786,19.4292995,-7.47387303,4.92408358,-30.1048852,-10.0042489,-3.71007765,66.925875,-11.0552699,7.95083026
1016,-0.950765703,11.6380677,105.912888,-3.64113465,-3.7793329,3.27266206,-3.67475106,-1.75431563,8.255706,0,0,-3.14419285,17.7543237,-25.6129994,68.8466403,-7.18261242,-7.20270171,-16.5668151,-4.86411751,-19.33304,33.4222193,70.1265972,9.31859442,-1.82090645,17.5457383,-8.14253745,-1.66949983,-0.694336967,19.3653553,-7.44479777,4.91138669,-30.4804022,-9.97345247,-3.61081408,67.7472872,-11.1307384,8.03625714
1017,-0.964943971,11.6445877,105.93009,-3.71144456,-3.81191488,3.32567005,-3.69752974,-1.73993381,8.2983093,0,0,-3.15445179,17.8151636,-25.7149758,68.7987402,-7.26665789,-7.12201412,-16.5948598,-4.85019417,-19.2758542,33.3370161,70.1400937,9.29813459,-1.83228021,17.5599058,-8.09831027,-1.59359327,-0.704365019,19.3355894,-7.42412364,4.86585323,-30.8272016,-9.95881708,-3.53768389,68.5534544,-11.2834034,8.09060581
1018,-0.973523315,11.642959,105.942309,-3.76695892,-3.82488127,3.36902013,-3.75592401,-1.71926299,8.30252097,0,0,-3.14923844,17.8108828,-25.7606254,68.8187663,-7.31425492,-7.13849068,-16.5899131,-4.86184775,-19.257341,33.3964456,70.1759522,9.42917263,-1.84612308,17.612768,-8.06380074,-1.52962855,-0.716164117,19.2837533,-7.41868681,4.84379257,-31.1458163,-9.93610756,-3.46848681,69.2899605,-11.4191901,8.02160468
1019,-0.985897612,11.6419435,105.959868,-3.82952481,-3.83738795,3.41638121,-3.82107121,-1.65393191,8.30005869,0,0,-3.11154774,17.7457074,-25.7558476,68.8193059,-7.36232409,-7.14467968,-16.480753,-4.84327732,-19.3004361,33.543322,70.1474908,9.64655706,-1.8210804,17.5083549,-8.03086471,-1.45470906,-0.741921348,19.2298563,-7.39990037,4.79863521,-31.469878,-9.90056155,-3.38351862,70.0032508,-11.5467968,7.96327657
1020,-0.99715814,11.6385095,105.983961,-3.89044534,-3.84576106,3.45925252,-3.80329692,-1.67453208,8.30436768,0,0,-3.13833361,17.7919256,-25.8199609,68.8419206,-7.38966789,-7.14229253,-16.4269465,-4.79957393,-19.2573256,33.5680643,70.1032926,9.73841883,-1.78209667,17.4874238,-7.99388606,-1.38326677,-0.735486989,19.16095,-7.35788361,4.83131211,-31.7805424,-9.84902094,-3.28299403,70.6742623,-11.5957539,7.99187372
1021,-1.00902142,11.6343841,105.995965,-3.92870662,-3.86127473,3.50287804,-3.8809613,-1.65760708,8.31280211,0,0,-3.12638718,17.7582101,-25.8090343,68.8523503,-7.45711089,-7.17429069,-16.4085596,-4.77766866,-19.262047,33.6002516,70.0661501,9.83916327,-1.77857411,17.4963014,-7.97758753,-1.33819798,-0.762273391,19.1431317,-7.33737682,4.76002244,-32.0688481,-9.84262447,-3.19652746,71.3136704,-11.6749021,8.07230176
1022,-1.01759285,11.6296507,106.010342,-3.97800579,-3.86774617,3.5339604,-3.94334611,-1.64552597,8.30906685,0,0,-3.08357129,17.7506798,-25.7198952,68.8156517,-7.34818047,-7.14346519,-16.430949,-4.77852158,-19.2629844,33.701434,70.0258383,10.0450755,-1.78240766,17.5498723,-7.95422913,-1.27912848,-0.787637938,19.0975043,-7.33997315,4.75314999,-32.3719172,-9.81408537,-3.10063481,71.9501621,-11.7399076,8.06555012
1023,-1.03409188,11.6188101,106.018674,-4.01875294,-3.88237029,3.57295077,-3.95034151,-1.66899525,8.33204958,0,0,-3.10976891,17.7973642,-25.771943,68.8187185,-7.38322276,-7.15693517,-16.4996026,-4.752169,-19.1995559,33.6123786,70.0005256,10.0580666,-1.79669001,17.6171616,-7.93479298,-1.22762544,-0.810918585,19.0702758,-7.31401416,4.7255953,-32.6346268,-9.77461115,-2.99471864,72.524219,-11.7212151,8.11865398
1024,-1.0474843,11.608205,106.02771,-4.06114773,-3.88324919,3.60302734,-3.98974914,-1.64226808,8.32984173,0,0,-3.11472165,17.796758,-25.7808034,68.8228849,-7.46501598,-7.17120942,-16.5806906,-4.7496794,-19.1890528,33.6147794,70.0109416,10.164609,-1.83155706,17.7001398,-7.94932591,-1.17229856,-0.84709212,19.0745344,-7.30544398,4.72561408,-32.8608324,-9.71518082,-2.87786093,73.0097294,-11.8027223,8.13478945
1025,-1.06031932,11.60217,106.04341,-4.12525949,-3.88543551,3.63635331,-3.99840982,-1.62284078,8.33638078,0,0,-3.11962636,17.7863693,-25.6965718,68.8459709,-7.38034298,-7.22131568,-16.6371472,-4.7520435,-19.1544971,33.6572973,70.0216924,10.3322218,-1.89675335,17.7291323,-7.94500923,-1.09089796,-0.877439611,19.046978,-7.28065039,4.68515674,-33.1319226,-9.62700479,-2.75101578,73.5303537,-11.6649804,8.29078756
1026,-1.06797405,11.5922809,106.0583,-4.17742143,-3.88322842,3.65801328,-4.01071824,-1.56668787,8.32509048,0,0,-3.12872226,17.7516975,-25.6615774,68.8690091,-7.34345142,-7.26929862,-16.6711787,-4.72913931,-19.1651864,33.6043156,70.0125877,10.2704564,-1.89931702,17.7172614,-7.94975877,-1.02324558,-0.884545676,19.0300374,-7.25854875,4.68056813,-33.3087221,-9.54092903,-2.65467063,73.8970597,-11.7081856,8.23973531
1027,-1.08009288,11.5683958,106.069028,-4.19598922,-3.89451343,3.67887007,-3.97305658,-1.60674608,8.34573984,0,0,-3.17211103,17.7928392,-25.7195384,68.8984336,-7.28238782,-7.33124758,-16.6439826,-4.72069378,-19.1236844,33.5108786,69.9865647,10.1487928,-1.82021148,17.7097243,-7.96197371,-0.988461775,-0.902780467,19.0558419,-7.23809831,4.66205704,-33.5145464,-9.48158494,-2.52647075,74.2923706,-11.7194409,8.28348694
1028,-1.08335502,11.5457624,106.073725,-4.21705324,-3.90442842,3.69510428,-3.96429003,-1.61724792,8.33321072,0,0,-3.18403932,17.8352393,-25.804494,68.9021082,-7.28757023,-7.33695335,-16.6143037,-4.68424832,-19.0925815,33.4468216,69.9830335,10.1131128,-1.8430766,17.775441,-7.95216044,-0.949494479,-0.928061452,19.0520545,-7.23713355,4.64063415,-33.6867116,-9.42503524,-2.39119032,74.6279173,-11.7286318,8.31746884
1029,-1.09012434,11.5228847,106.081975,-4.22559164,-3.91261797,3.71716423,-4.00654585,-1.59887002,8.3377195,0,0,-3.20481184,17.8575347,-25.8688019,68.8984063,-7.34213405,-7.31850757,-16.6679275,-4.68741582,-19.1018398,33.4708503,69.9777333,10.0693996,-1.82883416,17.7431837,-7.95080635,-0.92717214,-0.941767293,19.0551435,-7.22925663,4.64266912,-33.7899738,-9.3848225,-2.3085049,74.8521661,-11.866313,8.34189701
1030,-1.10083055,11.4893429,106.081367,-4.24919869,-3.92112203,3.74042118,-3.96727739,-1.63085483,8.35427331,0,0,-3.22304525,17.8919708,-25.8848802,68.8841448,-7.28020216,-7.28882954,-16.6226946,-4.68584232,-19.0366132,33.3883177,70.0010447,10.0467711,-1.86877391,17.8803356,-7.94977243,-0.878638843,-0.983383209,19.0519862,-7.24169441,4.61494452,-33.945685,-9.31727364,-2.18207767,75.1373265,-11.9295751,8.26442815
1031,-1.10210739,11.4623204,106.094646,-4.26549165,-3.92950115,3.76484941,-4.02530326,-1.6013211,8.35595098,0,0,-3.22996978,17.8617336,-25.8664677,68.8895748,-7.37228848,-7.26676889,-16.6597022,-4.6972355,-19.0493344,33.4836739,69.9969193,10.1365847,-1.85293705,17.922401,-7.93759933,-0.841895627,-0.983383209,19.0381483,-7.21841371,4.60074968,-34.0549305,-9.25407646,-2.0661969,75.2985462,-11.9091383,8.32623965
1032,-1.11087039,11.4329495,106.085193,-4.27424307,-3.93853866,3.79537589,-4.07893775,-1.59107176,8.36504794,0,0,-3.20427781,17.8091753,-25.7727489,68.8643919,-7.28511733,-7.22336559,-16.6178229,-4.71939562,-19.0572899,33.6008492,69.9823505,10.1317054,-1.76211784,17.8166031,-7.9570611,-0.818146686,-1.03609263,19.0784054,-7.24626978,4.55055761,-34.1077039,-9.24222864,-2.02620721,75.3850164,-11.9842158,8.38884602
1033,-1.10602435,11.3937497,106.092799,-4.27311612,-3.93274664,3.81561168,-4.08595363,-1.65361377,8.31867437,0,0,-3.14616208,17.8654646,-25.7367504,68.821553,-7.2963436,-7.14958248,-16.6478826,-4.71394428,-18.9689038,33.6799019,70.0276346,10.2900565,-1.80402713,17.7651957,-7.95444599,-0.79730303,-1.05303204,19.0623306,-7.22392652,4.57205734,-34.1393175,-9.23269199,-1.99052651,75.3922496,-12.0536907,8.28343571
1034,-1.10907843,11.3594115,106.094027,-4.26891298,-3.93290674,3.82804864,-4.06255981,-1.66491667,8.31560334,0,0,-3.14712108,17.8298981,-25.6373063,68.8320783,-7.14308398,-7.16195536,-16.649889,-4.72766911,-18.9906853,33.7271326,70.0126902,10.2049071,-1.75989738,17.6431965,-7.96206336,-0.7818366,-1.07194814,19.0705302,-7.22957253,4.52852129,-34.145089,-9.23128326,-1.95168451,75.3445885,-12.088716,8.22070982
1035,-1.10464338,11.3353342,106.096232,-4.27440052,-3.92861964,3.83497156,-4.07949313,-1.62786791,8.29615353,0,0,-3.16550901,17.8037658,-25.6864819,68.8618852,-7.1972461,-7.21469382,-16.6497387,-4.71392293,-19.0081279,33.6562011,70.0221431,10.0680019,-1.80664821,17.6739922,-7.95832212,-0.761045451,-1.09545274,19.0564429,-7.24103103,4.52156944,-34.1308685,-9.23619502,-1.91914613,75.2293837,-12.0687931,8.26344802
1036,-1.10174147,11.3013633,106.095421,-4.25757194,-3.92383444,3.84515211,-4.06844188,-1.65014542,8.27399981,0,0,-3.17975465,17.869479,-25.8501401,68.8317095,-7.3166267,-7.19628731,-16.6572075,-4.73416761,-18.9896403,33.6881049,70.0457005,10.219948,-1.83710638,17.8050823,-7.96675399,-0.762235238,-1.11687894,19.0600407,-7.23759032,4.51691295,-34.0659066,-9.26941023,-1.93814323,75.0028878,-12.0647497,8.23274546
1037,-1.09319352,11.2621509,106.094599,-4.24548432,-3.9131619,3.85079545,-4.04024216,-1.6771315,8.23667709,0,0,-3.21862313,17.9521858,-26.0934468,68.8406639,-7.51484136,-7.24028141,-16.643443,-4.7351264,-18.9968154,33.6368717,70.0281401,10.1116024,-1.77591247,17.8846779,-7.97336732,-0.751230149,-1.14459616,19.0527017,-7.22764129,4.48845497,-34.0067879,-9.27910825,-1.93550187,74.7701218,-11.9651664,8.16892162
1038,-1.09414896,11.2189859,106.089187,-4.20036663,-3.90741947,3.86107912,-3.97319361,-1.77211969,8.22608347,0,0,-3.28102203,18.0663934,-26.2905729,68.8385943,-7.67791127,-7.22748847,-16.7210715,-4.71308239,-18.9452099,33.5124427,70.0001363,9.98726568,-1.7374187,17.8301474,-7.99850498,-0.782600674,-1.15924681,19.0853534,-7.21912746,4.4910005,-33.8632105,-9.32808668,-1.93725317,74.3630426,-11.9269088,8.28195185
1039,-1.08233336,11.1845627,106.084394,-4.1870333,-3.89146421,3.87171396,-3.96350285,-1.76321888,8.19489768,0,0,-3.28614488,18.0297682,-26.3229121,68.8535183,-7.75613145,-7.22740736,-16.7427608,-4.69738064,-18.9512888,33.58278,69.9878693,10.2214677,-1.81516866,17.8164409,-8.00935217,-0.778184263,-1.19993276,19.0778112,-7.21902757,4.47100939,-33.7275049,-9.35272061,-1.96877172,73.9682303,-11.8631302,8.29680325
1040,-1.07069658,11.1456394,106.085682,-4.15184229,-3.88271469,3.89085965,-3.95928436,-1.78325909,8.1644948,0,0,-3.24170511,17.9902589,-26.2177904,68.7981391,-7.67544472,-7.17514617,-16.7817765,-4.66544182,-18.9447898,33.6740142,69.9250588,10.3829812,-1.83594781,17.6859074,-8.02581122,-0.800911024,-1.20692271,19.0995995,-7.21711426,4.48322006,-33.5477172,-9.38576421,-2.00391752,73.5096787,-11.7240607,8.3689087
1041,-1.05899898,11.0953458,106.075621,-4.10609886,-3.8680223,3.89846395,-3.92067714,-1.84855078,8.12905209,0,0,-3.25027977,17.9567244,-26.0452189,68.8554512,-7.4536181,-7.2061151,-16.8155535,-4.64060256,-18.8962272,33.579703,69.9256053,10.4465558,-1.89132207,17.8214286,-8.04879481,-0.828604613,-1.23124106,19.1209319,-7.2187851,4.50826039,-33.3155249,-9.41874037,-2.0485526,72.9298435,-11.6859021,8.34818932
1042,-1.04542701,11.0417552,106.067693,-4.06575884,-3.84805266,3.91987988,-3.95090798,-1.89704598,8.08031016,0,0,-3.24613833,17.9954294,-26.0097258,68.8551712,-7.4766717,-7.1429811,-16.8386993,-4.67846059,-18.8927779,33.7609181,69.9461505,10.7131705,-1.92279857,17.9241256,-8.07675248,-0.846549441,-1.27476442,19.1360027,-7.21993257,4.46373225,-33.0591162,-9.44676463,-2.12129646,72.2804291,-11.538341,8.32954376
1043,-1.02941105,10.9962679,106.052756,-4.00752006,-3.82416982,3.9168537,-3.93035552,-1.92983644,8.03046941,0,0,-3.26741373,18.0182234,-26.1361304,68.8602597,-7.60079331,-7.19430399,-16.8070789,-4.6899225,-18.9207698,33.7494571,69.9386782,10.7509918,-1.97461751,18.1145496,-8.09893864,-0.890084693,-1.27747109,19.143702,-7.22213189,4.46323877,-32.7665348,-9.49257215,-2.19455579,71.5525836,-11.4106865,8.44304955
1044,-1.01661794,10.945347,106.041181,-3.95262295,-3.80268601,3.90832194,-3.88338132,-1.97301433,7.98434514,0,0,-3.26936588,18.0438486,-26.2447577,68.817489,-7.60490082,-7.19459855,-16.6896236,-4.65461256,-18.9112912,33.6170163,69.915196,10.7186142,-1.97766441,18.1038399,-8.13202323,-0.924049249,-1.28381217,19.1694535,-7.2314107,4.474258,-32.475842,-9.49109085,-2.21288076,70.8030592,-11.2530628,8.51429184
1045,-0.999725796,10.8915962,106.03255,-3.90184203,-3.78606899,3.91939483,-3.85426849,-2.01984382,7.94755092,0,0,-3.26935521,18.0791504,-26.3309513,68.767936,-7.68782102,-7.15355893,-16.5909256,-4.63564512,-18.9282642,33.5628392,69.8616678,10.6162629,-1.93776287,18.0902512,-8.15987332,-0.955566623,-1.30153406,19.2016152,-7.25218216,4.47175473,-32.1722879,-9.5090329,-2.26232855,70.0374086,-10.968366,8.59364412
1046,-0.977075938,10.8339585,106.017649,-3.84039729,-3.76146866,3.92923966,-3.87653832,-2.02481662,7.88425043,0,0,-3.22965538,17.9932711,-26.1246932,68.7697938,-7.55405176,-7.18801339,-16.6328767,-4.63377023,-18.9259146,33.6704045,69.907997,11.0243309,-2.13564157,18.2009464,-8.19984274,-0.999213347,-1.33009226,19.2458851,-7.29719738,4.48080644,-31.7818094,-9.50894924,-2.32525167,69.1195815,-10.8291804,8.62805035
1047,-0.954981614,10.7740149,106.002402,-3.74620741,-3.72935269,3.90738472,-3.82157579,-2.1046673,7.80962037,0,0,-3.21314489,17.9724543,-26.0737622,68.7833927,-7.52418676,-7.24998626,-16.6886366,-4.69675995,-18.9529656,33.849072,69.9514712,11.0190562,-2.02836512,18.1927228,-8.23497211,-1.07425205,-1.32872985,19.266765,-7.31608114,4.49418337,-31.4240099,-9.51211503,-2.31140197,68.1962697,-10.645754,8.73369117
1048,-0.933646318,10.7047535,105.982554,-3.64892446,-3.69685436,3.8605435,-3.76425642,-2.1818606,7.74097099,0,0,-3.19918974,17.992308,-26.008551,68.7862682,-7.48398,-7.31144601,-16.7785236,-4.6918008,-18.9274053,33.8442874,69.9684647,10.8820503,-2.02602471,18.1072942,-8.26726695,-1.13986679,-1.3192362,19.2807276,-7.33252312,4.46457492,-31.0258509,-9.47402904,-2.27481286,67.1958314,-10.577686,8.74527347
1049,-0.913033914,10.6293939,105.976093,-3.56421043,-3.66959185,3.84180249,-3.62345804,-2.29320784,7.70073947,0,0,-3.24242207,18.0973051,-26.1139271,68.7532374,-7.53724352,-7.30937731,-16.7728597,-4.66306705,-18.9038463,33.6433159,69.909527,10.6041171,-1.91413021,18.043181,-8.29584787,-1.19149555,-1.31991485,19.2875919,-7.31142808,4.48239745,-30.6106641,-9.41755874,-2.23196281,66.1601015,-10.3523683,8.79369097
1050,-0.881446339,10.5543889,105.957985,-3.45801789,-3.63449472,3.79753296,-3.50017846,-2.3887163,7.63292081,0,0,-3.30996581,18.230253,-26.4058887,68.7361141,-7.82306474,-7.28210181,-16.8389332,-4.6302847,-18.8632766,33.5935478,69.9063031,10.7977854,-2.01817939,18.1620638,-8.33058878,-1.26594814,-1.29854895,19.3112209,-7.3390007,4.45815198,-30.239942,-9.35253449,-2.11810463,65.158181,-10.1622935,8.81406116
1051,-0.836379919,10.4874581,105.95001,-3.3278222,-3.59097502,3.7457522,-3.49644577,-2.44088998,7.5017069,0,0,-3.23106325,18.1449918,-26.2170818,68.7726147,-7.61901455,-7.29744156,-16.8789206,-4.63011053,-18.8970161,33.699122,69.9623995,10.6759315,-2.00233079,18.1435847,-8.34382483,-1.37566691,-1.2629405,19.2940584,-7.34638328,4.45181997,-29.8345088,-9.340568,-2.03452744,64.0756302,-9.98284569,8.85220947
1052,-0.806515198,10.4103304,105.918491,-3.20634371,-3.54001579,3.68676317,-3.416708,-2.57110967,7.40568213,0,0,-3.16644731,18.1615396,-26.0794347,68.729926,-7.49096045,-7.26532174,-16.7266671,-4.64648762,-18.8927284,33.7768769,69.9719208,10.6987537,-2.02828743,18.0452215,-8.33114544,-1.46287092,-1.18145368,19.1841402,-7.39743894,4.50462288,-29.4091417,-9.3067099,-1.94272223,62.9509644,-9.82307817,8.94432482
1053,-0.778698502,10.33687,105.888891,-3.11331256,-3.51653245,3.64892678,-3.36280074,-2.60589475,7.34990339,0,0,-3.11561662,18.1041165,-25.9125732,68.715166,-7.45849144,-7.28897981,-16.5850858,-4.6757362,-18.8886935,33.6797653,70.0412882,10.6237155,-2.01276881,18.1884898,-8.28392919,-1.52232548,-1.13930255,19.0685033,-7.43379177,4.55063829,-28.9230371,-9.27790016,-1.92403974,61.7772715,-9.66571318,9.19760531
1054,-0.75449287,10.2399431,105.870056,-2.96345548,-3.47697397,3.60915068,-3.15865833,-2.84087866,7.30749901,0,0,-3.20563083,18.2503816,-26.0774693,68.7482582,-7.55780666,-7.34360766,-16.6383476,-4.62861558,-18.6594758,33.7476061,70.111803,11.1854917,-2.1785915,17.7406702,-8.31024591,-1.63809654,-1.10182947,19.0529647,-7.40829638,4.52643125,-28.4868254,-9.29695553,-1.85691115,60.6488901,-9.48603651,9.17823233
1055,-0.709075993,10.1669773,105.850315,-2.79743658,-3.42512141,3.56227264,-3.13903221,-2.90895302,7.17106257,0,0,-3.16274642,18.1213183,-25.8785981,68.8385192,-7.43941899,-7.40377992,-16.6275184,-4.59533804,-18.817096,33.9164689,69.9927119,10.9752423,-1.98774086,17.5471641,-8.31312569,-1.78969867,-1.07723364,18.9990454,-7.37776714,4.55677266,-28.0110702,-9.35433766,-1.76866489,59.4368116,-9.30970493,9.36946909
1056,-0.678428635,10.079512,105.825591,-2.60992452,-3.38464175,3.48250583,-3.02468994,-3.07066949,7.07943302,0,0,-3.13740471,18.2025327,-25.9059308,68.808077,-7.5822946,-7.40563688,-16.7300907,-4.5672523,-18.7940015,33.827772,69.9413693,10.9531893,-1.91529048,17.5342021,-8.31733309,-1.95149091,-1.01354255,18.9596489,-7.35176034,4.56938033,-27.5502784,-9.45603064,-1.72124172,58.2598607,-9.1249671,9.45664535
1057,-0.650210958,9.99339521,105.798161,-2.43515941,-3.37191343,3.43770466,-2.96384213,-3.17742385,7.02151003,0,0,-3.09653029,18.2255607,-25.7591278,68.7722254,-7.46877258,-7.39303176,-16.9122724,-4.57440564,-18.7750289,33.734195,70.0046442,11.0146977,-2.08403863,17.6591672,-8.30371369,-2.10456911,-0.978971334,18.9426981,-7.33880945,4.56961683,-26.996712,-9.56316898,-1.73465994,57.0315332,-8.90525272,9.61850205
1058,-0.631639874,9.90718752,105.779076,-2.29903735,-3.32630461,3.38224166,-2.84523782,-3.28973372,6.95516071,0,0,-3.05842616,18.2023449,-25.6431205,68.7429717,-7.28787844,-7.31832657,-16.8531503,-4.55040607,-18.7673091,33.6357686,69.9720164,10.8894269,-2.12422704,17.6082396,-8.34428672,-2.2093598,-0.949415291,18.9410947,-7.32338603,4.56323829,-26.481796,-9.6411817,-1.8352078,55.7872264,-8.69705404,9.42655922
1059,-0.593334762,9.81545299,105.753934,-2.09255111,-3.3140229,3.30981095,-2.76304673,-3.48261869,6.87004887,0,0,-3.05796982,18.2502108,-25.768644,68.7952158,-7.41892757,-7.27629785,-16.7718813,-4.57952999,-18.7389826,33.7934298,69.9929236,10.9520359,-2.06418968,17.4697319,-8.29745809,-2.39044156,-0.880021049,18.8795666,-7.29736216,4.56227309,-25.9278608,-9.8046341,-1.86665441,54.5841876,-8.46212883,9.45323538
1060,-0.558647746,9.72723663,105.720222,-1.90050219,-3.29716527,3.25113668,-2.72273282,-3.56699031,6.79484294,0,0,-3.01957178,18.1953081,-25.7313734,68.8178442,-7.42411851,-7.26861389,-16.7090094,-4.57961494,-18.7813912,33.9262429,69.9679319,11.3211632,-2.03735984,17.4786487,-8.27351572,-2.55811993,-0.835805233,18.8489708,-7.31682905,4.53501552,-25.3646332,-9.98837217,-2.01528467,53.3645822,-8.23096962,9.48393452
1061,-0.521777337,9.63825211,105.679417,-1.73201335,-3.23386871,3.18825892,-2.6252101,-3.59646386,6.67004941,0,0,-2.94017147,18.1059931,-25.6160029,68.7965955,-7.27029924,-7.3689229,-16.7480968,-4.58340143,-18.8697175,33.8818637,70.0167131,11.4272437,-2.15556203,17.6725185,-8.31182113,-2.69953537,-0.80105291,18.8314855,-7.35694446,4.52627501,-24.7896849,-10.1104174,-2.1560903,52.0443066,-8.04243249,9.5179685
1062,-0.498294784,9.54466611,105.646598,-1.58900089,-3.20764699,3.15727142,-2.5907328,-3.68040688,6.61698055,0,0,-2.97786792,18.1001874,-25.6918197,68.8592898,-7.44413524,-7.37309444,-16.7672282,-4.66455091,-18.9053882,34.0264178,70.0483028,11.6212757,-2.26125152,17.8959767,-8.31689852,-2.80735673,-0.786026707,18.8186772,-7.38054703,4.48298186,-24.2303266,-10.2300917,-2.34466606,50.847876,-7.76763605,9.5238288
1063,-0.46495758,9.44834426,105.61651,-1.42115994,-3.14813517,3.09244941,-2.52256047,-3.82278644,6.48366507,0,0,-2.92493075,18.1540127,-25.7800846,68.8705391,-7.59325193,-7.36978094,-16.7278761,-4.6336093,-18.9004004,34.1853734,69.9424963,12.0998859,-2.2673592,17.917765,-8.35307888,-2.93838409,-0.73716919,18.8001486,-7.3992387,4.45525428,-23.6758723,-10.3494561,-2.52023991,49.5922755,-7.60509633,9.58033752
1064,-0.420393748,9.34795439,105.573595,-1.23263226,-3.09343747,3.04931864,-2.53458993,-3.87945866,6.35745641,0,0,-2.81946965,18.0872613,-25.6604009,68.8244558,-7.57101369,-7.3509356,-16.7227739,-4.59625798,-18.9752747,33.9934827,69.9319915,11.7393151,-2.21562585,17.9235878,-8.3833665,-3.09889994,-0.713588176,18.798453,-7.43256148,4.43431548,-23.0363754,-10.4842687,-2.76361257,48.2260123,-7.58327217,9.64012729
1065,-0.388082908,9.2415005,105.54142,-1.06894827,-3.04067538,2.97632568,-2.3395511,-4.00306288,6.27389844,0,0,-2.97250366,18.1550765,-25.8679874,69.011562,-7.53558123,-7.43775499,-16.9840799,-4.6051257,-18.9470797,33.9119336,70.0157501,11.9246693,-2.39208891,18.1756456,-8.42543791,-3.21774801,-0.661480929,18.8033212,-7.46183567,4.41535573,-22.4807258,-10.5427769,-2.90400476,46.9771873,-7.42062914,9.91693095
1066,-0.352521986,9.12271887,105.513084,-0.920725446,-2.99370432,2.94455846,-2.34536316,-4.20033369,6.16498936,0,0,-2.8513186,18.27865,-25.8664916,68.921185,-7.66152394,-7.28374447,-16.9630941,-4.6688202,-18.8567675,34.1796463,69.9985722,12.4533097,-2.39396658,18.2849987,-8.46035981,-3.31440607,-0.661130615,18.8065434,-7.48385706,4.36690066,-21.9066518,-10.5697732,-3.08484448,45.7370982,-7.20793876,10.0632105
1067,-0.337689649,9.03345644,105.474746,-0.778768291,-2.96556274,2.89162684,-2.33908835,-4.11080271,6.12868178,0,0,-2.75954306,18.0031475,-25.5173511,68.8815289,-7.32139332,-7.2025856,-16.932541,-4.68590251,-19.0443518,34.1155757,69.9610608,12.1180602,-2.3394431,18.1850679,-8.50045302,-3.4200437,-0.625638444,18.8473691,-7.52918475,4.33524614,-21.2873586,-10.5682544,-3.1584037,44.4368692,-7.0872856,10.3846188
1068,-0.29169831,8.88767093,105.446362,-0.594995509,-2.91449027,2.8304442,-2.17946427,-4.39473752,6.02332398,0,0,-2.89227519,18.3033753,-26.0464449,69.0066579,-7.81979479,-7.25654068,-16.9954658,-4.66145939,-18.8863422,33.9339371,69.9861685,11.9368612,-2.32222099,18.1804165,-8.51806979,-3.53499663,-0.584670756,18.8269127,-7.53599787,4.2658907,-20.6171685,-10.5507853,-3.22785413,43.0573281,-7.10040341,10.5185093
1069,-0.259041996,8.77692699,105.415344,-0.414993803,-2.86715673,2.78789556,-2.18010866,-4.43031683,5.88490892,0,0,-2.69372117,18.1751283,-25.6195529,68.9158369,-7.48747876,-7.24241841,-16.9843258,-4.60016656,-18.9850777,34.0902016,69.8668793,12.4606539,-2.31996873,18.2226561,-8.53423855,-3.67453292,-0.556169871,18.7934038,-7.53884179,4.23568077,-20.0185348,-10.5419778,-3.22017251,41.8089061,-7.08567795,10.7500433
1070,-0.232461654,8.64518806,105.367875,-0.194158683,-2.84412784,2.72441679,-2.18471135,-4.51709993,5.85192679,0,0,-2.6978752,18.0380942,-25.4591169,68.9858532,-7.41661982,-7.15606774,-17.1299966,-4.6059577,-19.0614273,33.9126645,69.8380832,12.5561092,-2.50039821,18.4876436,-8.5188877,-3.8476876,-0.498202109,18.7546698,-7.56790424,4.18667843,-19.4040825,-10.5569871,-3.13679853,40.5705997,-7.1132988,10.8893407
1071,-0.207843469,8.5134007,105.342638,-0.0258138919,-2.83708559,2.66963759,-2.02266106,-4.71213726,5.83177517,0,0,-2.72666146,18.1709106,-25.6295694,68.9712707,-7.52365657,-7.19784203,-17.2657774,-4.60939628,-18.9799875,33.9151677,69.839579,12.7598017,-2.50532555,18.4220874,-8.50713807,-3.95331648,-0.450868258,18.752549,-7.56406994,4.15219152,-18.8257226,-10.4936986,-2.98925897,39.4440044,-6.99977081,11.1030027
1072,-0.173679681,8.39539766,105.304301,0.121232767,-2.79930738,2.62670715,-2.04944842,-4.73179412,5.69616304,0,0,-2.63558495,18.0593139,-25.4999922,69.0431653,-7.43521757,-7.29239576,-17.1124208,-4.6344477,-19.1559673,34.125961,69.8106395,12.606726,-2.32492596,18.3679752,-8.56465936,-4.04349888,-0.433871092,18.8221948,-7.6120247,4.0658097,-18.1992098,-10.4197883,-2.92192078,38.2274555,-7.01708748,11.1767021
1073,-0.142426812,8.28467384,105.272043,0.271014954,-2.73205191,2.56509491,-2.04418128,-4.6748551,5.60150431,0,0,-2.58116541,17.8402253,-25.4217165,69.0548722,-7.48633983,-7.31929048,-17.0971434,-4.56712466,-19.2162625,34.0235526,69.7251733,12.819874,-2.46576638,18.3452836,-8.65503557,-4.14195478,-0.431158733,18.8832959,-7.65256785,4.01593651,-17.677759,-10.3330816,-2.76001989,37.1088242,-6.88165038,11.3210018
1074,-0.118599623,8.14099833,105.233419,0.424329465,-2.67909273,2.53111176,-1.96586355,-4.83549091,5.48839253,0,0,-2.54250825,17.8917283,-25.3429234,69.0975882,-7.4035033,-7.38758127,-17.1528556,-4.55956834,-19.2487811,34.0964785,69.6854831,13.0222278,-2.50418982,18.4840441,-8.75224368,-4.22854279,-0.437864725,18.9787273,-7.70853271,3.93334415,-17.1266669,-10.2577958,-2.65225381,36.0075245,-6.78696987,11.3141742
1075,-0.0896761194,8.00446644,105.203629,0.585385767,-2.63190754,2.41488852,-1.80311124,-4.94918069,5.41067095,0,0,-2.49577012,18.0034719,-25.5871095,68.961729,-7.60758849,-7.2762748,-17.1049742,-4.52278307,-19.2531917,34.1541116,69.6158015,12.9981505,-2.44362227,18.3037697,-8.79559062,-4.31103953,-0.364953336,19.0047504,-7.74834503,3.8755552,-16.6279658,-10.1882517,-2.48060945,34.9769206,-6.68617463,11.5167576
1076,-0.068056176,7.90485591,105.177045,0.711519697,-2.59607078,2.36631606,-1.85736472,-4.88932816,5.3489444,0,0,-2.46620351,17.812143,-25.3075687,69.0197651,-7.39789998,-7.31904032,-17.1520837,-4.59048476,-19.4262687,34.2060826,69.6379382,13.4044725,-2.57726324,18.7075347,-8.82567248,-4.38975532,-0.369382607,19.0124702,-7.76405788,3.84043992,-16.064289,-10.1271172,-2.4631502,33.9118004,-6.51243169,11.4988839
1077,-0.050351175,7.76960626,105.145442,0.793565687,-2.51247513,2.25952508,-1.6661191,-5.01422415,5.24322673,0,0,-2.43733828,17.9198363,-25.4148402,68.9869665,-7.33786945,-7.30293815,-17.1012296,-4.5190794,-19.3314229,34.0779482,69.5516387,13.3367725,-2.55394476,18.8070915,-8.92174677,-4.37481428,-0.314117732,19.0479615,-7.84413417,3.77343448,-15.652432,-9.99419234,-2.48906522,33.0066843,-6.41295682,11.5877856
1078,-0.00863654859,7.64480978,105.110049,0.896131363,-2.44205314,2.19594906,-1.69750521,-4.97211475,5.11175328,0,0,-2.37184872,17.8581494,-25.4586661,68.9523853,-7.68183777,-7.29265018,-17.0860785,-4.46402168,-19.352325,33.9994147,69.5559964,13.3775897,-2.6344712,18.7495472,-8.96126198,-4.40076516,-0.278043314,19.0332254,-7.92347706,3.71343554,-15.1461169,-9.91598753,-2.59549366,32.0291954,-6.47008495,11.536076
1079,-0.00859944485,7.48708546,105.081761,0.940660267,-2.40702366,2.08758722,-1.60334411,-5.01106135,5.07385682,0,0,-2.33515139,17.9593062,-25.3533497,68.8943013,-7.29005898,-7.28899005,-17.1761943,-4.45720643,-19.3349695,33.985727,69.4753182,13.82251,-2.63212119,18.8521059,-9.00025467,-4.32484078,-0.203995539,19.0527427,-8.01279117,3.62149693,-14.7434892,-9.78181102,-2.82622385,31.3418837,-7.24850667,10.5360176
1080,0.0289922551,7.28329048,105.091572,1.19834911,-2.33382399,1.99834717,-1.55780201,-5.19557506,4.96593855,0,0,-2.34822117,18.0021452,-25.5326593,68.8783392,-7.64506745,-7.24125984,-17.2270843,-4.44665165,-19.3403022,34.1571033,69.4447326,14.2028994,-2.71937109,18.9897649,-9.16052421,-4.48194409,-0.125144967,19.1982496,-7.93154693,3.44785388,-14.3044712,-9.86365718,-3.00174093,30.533804,-8.03982677,9.61463958
1081,0.0490073988,7.15751275,105.124366,1.21268467,-2.23162698,1.89369563,-1.4783032,-5.08065884,4.81419523,0,0,-2.26612251,17.8836995,-25.3969263,68.8630464,-7.43280822,-7.22246742,-17.2452578,-4.39053439,-19.4054007,33.869764,69.4572319,13.04042,-2.46971615,18.6070062,-9.25734897,-4.39249081,-0.0787375069,19.184258,-7.86968591,3.36969026,-13.980797,-9.70743709,-3.17089291,29.7633519,-8.15566251,9.27595355
1082,0.0751041749,6.99752271,105.099761,1.3545327,-2.13889023,1.78892681,-1.45758265,-5.13541775,4.66569539,0,0,-2.18594932,17.9268116,-25.2758117,68.8191351,-7.36005305,-7.14730333,-17.3906879,-4.45473219,-19.4763835,34.2029304,69.5020311,13.5976721,-2.54174946,18.8508952,-9.3588729,-4.43584288,-0.0219544408,19.218776,-7.86199511,3.26369,-13.5999474,-9.69905901,-3.39258975,29.0069187,-8.91554838,8.73481218
1083,0.0791382859,6.85057491,105.100977,1.41032422,-2.06813481,1.65658376,-1.31208585,-5.09477513,4.63900173,0,0,-2.25757816,17.9610957,-25.613638,68.7686941,-7.6496932,-7.15527074,-17.1799543,-4.45643846,-19.4852781,34.0959731,69.4920931,13.5959603,-2.52776977,18.7640801,-9.42180627,-4.37621319,0.0527279732,19.2018628,-7.84126122,3.18373815,-13.2916446,-9.60995578,-3.62822039,28.3575896,-9.35982401,8.3871658
1084,0.108518358,6.70146495,105.107617,1.42907686,-1.99391123,1.55933895,-1.26640288,-5.05909679,4.53109926,0,0,-2.16898655,17.908966,-25.336293,68.7749711,-7.50411369,-7.24917432,-17.1691985,-4.47966238,-19.5030775,34.2302068,69.5211214,13.4735419,-2.58835077,18.8077438,-9.477188,-4.2744946,0.0876729485,19.1836706,-7.83693686,3.07207053,-12.9419193,-9.46836767,-3.84521209,27.6350888,-9.66550742,8.01614565
1085,0.124377094,6.55746609,105.099404,1.47990074,-1.92276411,1.42555432,-1.16709246,-4.94026259,4.4492531,0,0,-2.20512551,17.8950359,-25.3931014,68.7789326,-7.45101836,-7.2345765,-17.2919933,-4.46538387,-19.5102048,34.1224025,69.6342772,13.8145716,-2.69418797,18.924161,-9.56464089,-4.21102122,0.146198879,19.2281061,-7.87759356,2.97507928,-12.5904958,-9.35863385,-4.17975603,26.9080681,-10.0345895,7.92560637
1086,0.152757822,6.41222745,105.141699,1.48556776,-1.84868435,1.26710224,-0.983173715,-4.93132913,4.31982102,0,0,-2.1505111,17.8934837,-25.3554056,68.7810773,-7.58878925,-7.2337859,-17.3555243,-4.38452809,-19.5005418,34.0258475,69.5387843,13.5908445,-2.563478,19.1930211,-9.58200494,-4.08097741,0.228934281,19.1431949,-7.81800442,2.81829293,-12.3928088,-9.18606058,-4.25762574,26.3991353,-10.1223771,7.62032167
1087,0.153252936,6.27709031,105.167758,1.50676504,-1.78225249,1.11401657,-0.951864661,-4.79816947,4.26176142,0,0,-2.14090166,17.8732219,-25.3298129,68.7635578,-7.55613924,-7.16626692,-17.304233,-4.43701895,-19.578879,34.2315182,69.5029258,13.8036791,-2.46018163,18.9313173,-9.62369214,-3.97742022,0.326987089,19.0879865,-7.76681899,2.68753878,-12.1815075,-9.04308081,-4.38103445,25.8331995,-10.162828,7.39689423
1088,0.157405937,6.1277993,105.185902,1.52644463,-1.72606799,0.968082677,-0.766900524,-4.75389917,4.23954623,0,0,-2.1415659,17.8103347,-25.187984,68.7634622,-7.46008031,-7.26037497,-17.2421569,-4.34004777,-19.529758,33.8944962,69.4281148,13.7954786,-2.58706712,19.3031699,-9.65808642,-3.86509861,0.388216426,19.0485182,-7.7342424,2.52336494,-12.0139442,-8.89901163,-4.42822807,25.3680073,-10.2200829,7.12863087
1089,0.177624077,5.99127263,105.210626,1.52093345,-1.6441977,0.823294159,-0.788792187,-4.61300902,4.09627319,0,0,-2.11973491,17.9376733,-25.4162028,68.7068263,-7.73420398,-7.19493835,-17.4059533,-4.40067509,-19.6493495,34.3050247,69.4445823,14.0152733,-2.53377415,19.3024237,-9.68013768,-3.73594656,0.467543417,18.9473836,-7.68848184,2.44614495,-11.8096711,-8.72885625,-4.53840414,24.8069773,-10.2743035,6.84809835
1090,0.171528524,5.83613813,105.229795,1.56082619,-1.5743282,0.668579133,-0.632001459,-4.58652197,4.07097076,0,0,-2.11834795,17.8928434,-25.4252118,68.7087319,-7.67144479,-7.24000564,-17.0287374,-4.36081453,-19.5978567,34.0350785,69.424085,13.7484792,-2.57202854,19.2462915,-9.69885581,-3.6470175,0.500132758,18.8362223,-7.6204967,2.34986447,-11.6545473,-8.59746647,-4.58285672,24.3095961,-10.3554974,6.64471325
1091,0.172794354,5.71651347,105.264056,1.54764009,-1.50340875,0.475768675,-0.536208163,-4.37170441,4.01907882,0,0,-2.12958639,17.726115,-25.2042586,68.7464824,-7.44792172,-7.29711883,-17.0604397,-4.46160678,-19.754157,34.360899,69.4394324,14.2108916,-2.57224711,19.3588701,-9.68622509,-3.50812795,0.574973969,18.6814143,-7.54734366,2.23135386,-11.5068957,-8.41378219,-4.50528712,23.8273062,-10.3419685,6.4909849
1092,0.16298329,5.5629611,105.289936,1.52234927,-1.42396829,0.335928308,-0.421336654,-4.33525084,3.95968691,0,0,-2.09622817,17.747748,-25.0688723,68.7575746,-7.28710321,-7.37761346,-17.1289157,-4.39139841,-19.6748209,34.1684209,69.3626064,13.9657945,-2.47542469,19.2857904,-9.73683935,-3.34195436,0.609128276,18.6019263,-7.50778406,2.102281,-11.4691375,-8.21750817,-4.53773222,23.5374568,-10.3183181,6.24583319
1093,0.159529049,5.44583872,105.323446,1.48590343,-1.40019538,0.171556288,-0.396979266,-4.02361193,3.91624221,0,0,-2.03844947,17.6433092,-25.2645094,68.6575055,-7.58090978,-7.39620524,-16.904515,-4.34529293,-19.8365854,34.1555801,69.2926038,14.1580345,-2.57936246,19.5031185,-9.70309309,-3.18094119,0.694447104,18.5057419,-7.4625315,1.99536271,-11.3677946,-8.03518395,-4.45867022,23.2284608,-10.1893488,6.12908647
1094,0.156038208,5.28927967,105.363333,1.48951439,-1.33739065,0.03453399,-0.27689827,-4.01573502,3.89981561,0,0,-2.09658035,17.6727337,-25.3097065,68.7070107,-7.8106449,-7.41041886,-17.0700071,-4.43837645,-19.9243056,34.2712016,69.239342,13.651091,-2.23529445,19.1926267,-9.68281341,-3.05153728,0.726490243,18.3337918,-7.35500212,1.86193582,-11.2820638,-7.87670819,-4.4407683,22.8658631,-10.058741,5.94399432
1095,0.144213426,5.1499974,105.398571,1.44176527,-1.29147974,-0.122344274,-0.309629204,-3.85437948,3.86755449,0,0,-2.02671734,17.5861081,-25.0757555,68.689382,-7.59876389,-7.40229265,-17.0033205,-4.39121357,-19.8836898,34.175555,69.1818455,13.7141934,-2.36482429,19.4470324,-9.67753794,-2.86151864,0.809337129,18.2252892,-7.30174628,1.73945207,-11.2575118,-7.66659877,-4.37513744,22.6384503,-9.89681177,5.75676689
1096,0.123866799,5.00279255,105.429399,1.43991128,-1.25611077,-0.257719362,-0.171158257,-3.72807861,3.88255871,0,0,-2.10996902,17.5853534,-25.1714635,68.7182464,-7.731448,-7.39461295,-17.2557233,-4.43263653,-19.8973758,34.2315045,69.1846732,14.1438652,-2.464198,19.5574458,-9.64665012,-2.72746764,0.901391804,18.0807538,-7.22251609,1.64640034,-11.2301432,-7.51386037,-4.32668194,22.427879,-9.78567862,5.6192914
1097,0.118966377,4.85952049,105.457199,1.43088172,-1.20722301,-0.346163571,-0.141104731,-3.61079274,3.83641352,0,0,-2.10653407,17.4410195,-25.1482784,68.771153,-7.72923075,-7.42453772,-17.0583992,-4.38347496,-19.9792544,34.3319322,69.0949108,14.41946,-2.46453993,19.4819654,-9.65466193,-2.59897897,0.919439725,17.9916369,-7.15783377,1.54892234,-11.1853312,-7.36685933,-4.34924035,22.2002544,-9.69523923,5.47221139
1098,0.0976517098,4.72145528,105.480969,1.41438701,-1.17398233,-0.498786661,-0.116855399,-3.37291753,3.84527185,0,0,-2.15258983,17.2965525,-24.9895414,68.7844104,-7.40044423,-7.26518855,-17.3740512,-4.47842484,-20.070294,34.3881583,69.1871115,14.3507465,-2.45447565,19.5519339,-9.64472657,-2.45053676,1.00133295,17.8952613,-7.1046949,1.4303049,-11.1967897,-7.20327459,-4.24291565,22.0550599,-9.58134583,5.34657176
1099,0.0829912489,4.56478931,105.504262,1.39537237,-1.14633115,-0.58556703,-0.140523978,-3.2939599,3.83259502,0,0,-2.14280579,17.2884331,-25.1381697,68.7936722,-7.7119461,-7.30815642,-17.316845,-4.46437044,-20.1002154,34.5210738,69.103954,14.3909849,-2.40142664,19.5260987,-9.645775,-2.30000196,1.02009142,17.8246917,-7.05806819,1.2909827,-11.158264,-7.03731423,-4.23248467,21.8760287,-9.46711262,5.18584119
1100,0.0518038112,4.4125542,105.524397,1.38041638,-1.11646339,-0.662981269,-0.102842685,-3.15836357,3.85282903,0,0,-2.21945247,17.127034,-24.9748906,68.9231657,-7.38487139,-7.38686752,-17.2879191,-4.48659844,-20.0997868,34.4470755,69.0997807,14.3019705,-2.32786891,19.3994789,-9.64104082,-2.16059033,1.0483286,17.7134365,-6.99128772,1.19476977,-11.1673661,-6.88204695,-4.19205294,21.7535583,-9.36380174,5.0420687
1101,0.0291181932,4.25535142,105.551147,1.36064259,-1.108814,-0.723679098,-0.0625745913,-3.07232923,3.91088734,0,0,-2.28406456,17.0463661,-25.0175315,68.9631838,-7.42040631,-7.44530832,-17.0591027,-4.47065422,-20.1043289,34.4380972,69.076121,14.6471392,-2.45458194,19.7238071,-9.6072681,-2.01207683,1.06713616,17.6052822,-6.92817079,1.08898028,-11.129065,-6.7186159,-4.17163622,21.622446,-9.26837375,4.90239944
1102,0.0191237559,4.10138704,105.569386,1.35740654,-1.07857786,-0.762936297,-0.133891505,-2.91687796,3.86719633,0,0,-2.32310785,16.9674449,-25.2343149,69.0411914,-7.66524554,-7.47499232,-17.1967156,-4.39014763,-20.1499391,34.2127659,69.0164934,14.1045165,-2.27355162,19.5996769,-9.58271357,-1.89323047,1.04874438,17.4753549,-6.85066992,0.973445924,-11.1107678,-6.58670573,-4.15613809,21.4992208,-9.19684203,4.78347176
1103,0.00660550431,3.94670218,105.590999,1.33494273,-1.04786425,-0.770587239,-0.285786054,-2.74474524,3.85526356,0,0,-2.23986492,16.6647651,-24.7273561,69.1030251,-7.32341335,-7.59493045,-17.1849967,-4.49518356,-20.2149745,34.5331427,69.1006618,14.3821996,-2.36164569,19.6826432,-9.59944839,-1.7559776,0.979187872,17.4098158,-6.80087229,0.868333795,-11.0711228,-6.43948784,-4.19962548,21.3488354,-9.10373716,4.64095389
1104,-0.0222273666,3.77362035,105.602407,1.35494176,-1.03127157,-0.788601002,-0.267986901,-2.67578274,3.89412265,0,0,-2.28232777,16.5769716,-24.8597473,69.0598036,-7.37502397,-7.45559032,-17.2129185,-4.51496037,-20.2979203,34.493432,69.108257,14.2487496,-2.25986905,19.6715288,-9.58472506,-1.65723772,0.948641879,17.3025409,-6.73559532,0.768721303,-11.0577382,-6.3298078,-4.18229644,21.2489371,-9.05608208,4.50563418
1105,-0.0410057837,3.61671299,105.618966,1.34176398,-1.00874818,-0.802595735,-0.400248018,-2.54786205,3.87988042,0,0,-2.28760324,16.5776187,-24.9295211,69.0243686,-7.41005516,-7.37347864,-17.3128015,-4.46082942,-20.3366321,34.5688237,68.9901562,14.1505981,-2.1705195,19.5328691,-9.57698816,-1.52818311,0.942886377,17.2043927,-6.67679934,0.689121744,-11.0457563,-6.18930057,-4.19598243,21.1590313,-9.01065364,4.37221967
1106,-0.0621383602,3.44303995,105.63271,1.33577555,-0.975481326,-0.761176283,-0.513342984,-2.50731314,3.89633307,0,0,-2.27978524,16.523749,-24.9280236,68.9646933,-7.38626475,-7.32757208,-17.0756129,-4.55897027,-20.274655,34.7573027,69.1113989,14.657171,-2.36703642,19.6580887,-9.61446285,-1.40840902,0.879975586,17.1499271,-6.6181071,0.555983962,-11.03136,-6.05579854,-4.27187522,21.0611257,-8.9948409,4.18805386
1107,-0.0769336359,3.27523947,105.64146,1.33061806,-0.951249347,-0.752771993,-0.563397385,-2.43391251,3.90344073,0,0,-2.34761947,16.4140579,-24.7236985,69.0727264,-7.18671309,-7.42169124,-17.3655886,-4.44980037,-20.3291684,34.3674014,68.9706014,14.144059,-2.18644003,19.6047808,-9.62708333,-1.28261732,0.820856457,17.0852025,-6.57586494,0.426376667,-10.9960889,-5.92180902,-4.29982649,20.9407931,-8.97010024,4.04567857
1108,-0.0998205156,3.10054328,105.656123,1.32313727,-0.930299698,-0.729626444,-0.630863753,-2.31934975,3.92293366,0,0,-2.39645447,16.4043812,-25.1444159,68.9725821,-7.72724146,-7.37027016,-17.3522612,-4.41766988,-20.3523279,34.4149702,68.9239034,14.1671272,-2.1870857,19.5363508,-9.63343882,-1.15690449,0.806884131,17.0025982,-6.51253372,0.344527415,-10.967683,-5.78641503,-4.35249408,20.8381575,-8.91517442,3.88087677
1109,-0.109673536,2.93664318,105.658782,1.32720019,-0.894185538,-0.695167345,-0.744137744,-2.23299759,3.89639966,0,0,-2.37303909,16.3431981,-25.2220854,68.892546,-7.85802592,-7.3619988,-17.4119007,-4.39594774,-20.3554168,34.3206556,68.9226193,14.2980704,-2.17672003,19.7820088,-9.67192096,-1.05353544,0.746852424,16.9608555,-6.48119468,0.229536805,-10.9651823,-5.67811128,-4.40509806,20.767226,-8.92693259,3.74602451
1110,-0.136574777,2.76498646,105.666709,1.32209988,-0.884797674,-0.66406005,-0.770952747,-2.14010339,3.92390782,0,0,-2.38857436,16.2569362,-25.313265,68.8499119,-7.94925761,-7.38945274,-17.3086146,-4.32773934,-20.3310075,34.3172405,68.8980784,14.4968357,-2.2447088,19.6978865,-9.68841502,-0.929684262,0.725163906,16.9169118,-6.41716592,0.108011824,-10.9203788,-5.54691445,-4.48152617,20.6605982,-8.91959953,3.59480327
1111,-0.137671083,2.59164162,105.67795,1.33186693,-0.862579556,-0.627604115,-0.842338576,-2.13551136,3.90747652,0,0,-2.43307816,16.2689061,-25.2787965,68.8550756,-7.67195791,-7.47394474,-17.5169849,-4.30307553,-20.2154082,34.1435624,68.9846101,14.2991581,-2.27487817,19.7580502,-9.66507711,-0.827187935,0.711050654,16.8013074,-6.35319565,-0.00738888314,-10.8603986,-5.43566945,-4.55152238,20.520815,-8.91758463,3.42146053
1112,-0.150672125,2.43588295,105.681014,1.32528552,-0.847924987,-0.614510277,-0.888778579,-1.97816344,3.90288108,0,0,-2.47146959,16.212318,-25.6680456,68.7496106,-7.99929387,-7.41903173,-17.2727664,-4.2387202,-20.3401753,34.1340309,68.8673767,14.6096841,-2.25260215,20.0596799,-9.67504407,-0.7102877,0.685640803,16.7601555,-6.31218848,-0.115543602,-10.8430295,-5.31564509,-4.5966123,20.4617236,-8.91328758,3.29726763
1113,-0.155206921,2.2605449,105.689168,1.32061314,-0.828091497,-0.563076039,-0.954296208,-1.9797775,3.91513188,0,0,-2.51831401,16.236835,-25.6424955,68.7148108,-7.80544029,-7.34249007,-17.3467885,-4.25856404,-20.2417386,34.2026026,68.9509373,14.7347551,-2.35652348,19.9689408,-9.69382538,-0.591622341,0.645675872,16.721524,-6.26845179,-0.218217407,-10.7744339,-5.18866505,-4.68324812,20.3239929,-8.89413573,3.14514929
1114,-0.170245441,2.11868919,105.699241,1.32043568,-0.809927656,-0.559326122,-0.951805004,-1.85864965,3.90774332,0,0,-2.5628398,16.0484652,-25.5740451,68.7433541,-7.73486565,-7.37016344,-17.3966814,-4.1464277,-20.2480343,33.9473072,68.8871091,14.3277169,-2.19926883,19.8781113,-9.68602616,-0.492293302,0.637515503,16.6358,-6.20196502,-0.31161228,-10.741789,-5.08217728,-4.7037182,20.2156712,-8.87691341,2.9773548
1115,-0.191774603,1.96217205,105.701053,1.30356484,-0.810418409,-0.518122422,-1.01055808,-1.78852858,3.94621991,0,0,-2.66438486,16.1258666,-25.7815172,68.7179937,-7.87048845,-7.36972033,-17.4522364,-4.17686772,-20.2019886,34.0631608,68.9396743,14.5338946,-2.27668006,19.9465651,-9.6983094,-0.367716894,0.605089393,16.6121846,-6.18590041,-0.434174208,-10.6883078,-4.94695575,-4.77203717,20.1257193,-8.89361237,2.81372845
1116,-0.194602658,1.80092324,105.708361,1.32079495,-0.787141771,-0.535533038,-0.934183649,-1.79686205,3.92240603,0,0,-2.75588934,16.1297666,-25.9256957,68.7275149,-7.80696513,-7.38541525,-17.422952,-4.07997295,-20.085206,33.9310069,68.9584163,14.8004821,-2.27678316,20.0654839,-9.6843391,-0.268947983,0.612092739,16.5258459,-6.13155858,-0.542831952,-10.722661,-4.84539639,-4.76079852,20.1359646,-8.91639532,2.68808135
1117,-0.188431598,1.66797303,105.711246,1.33122927,-0.768066653,-0.503374726,-1.04583889,-1.67274833,3.86420556,0,0,-2.66608814,16.0100249,-25.7417057,68.6484145,-7.68813521,-7.34240042,-17.3641577,-4.05599727,-20.0704596,33.9716773,69.0634715,14.8868139,-2.28710635,20.1266789,-9.67469231,-0.196166128,0.547944242,16.4535091,-6.08701464,-0.63342518,-10.6509295,-4.76215218,-4.82919902,19.9904354,-8.90584353,2.60627916
1118,-0.207213988,1.49819581,105.718958,1.32849001,-0.747694077,-0.502752429,-0.907601086,-1.66447815,3.91470969,0,0,-2.79967192,15.9937434,-25.8550715,68.5968739,-7.64165492,-7.25263296,-17.28531,-3.99752104,-20.1098767,33.7765354,68.9336296,13.8213753,-1.97924539,19.583754,-9.70477247,-0.0722592393,0.519631667,16.4219553,-6.03657156,-0.736445137,-10.640429,-4.63437172,-4.80973512,19.912199,-8.8819114,2.44263573
1119,-0.209474284,1.37132416,105.724907,1.30642744,-0.73727008,-0.478405066,-1.10636525,-1.53065297,3.90172849,0,0,-2.84975406,15.9585799,-25.7446939,68.7027418,-7.70219259,-7.42703842,-17.4277143,-4.05168316,-20.0781231,33.8919007,69.0214999,13.9653745,-1.98918993,19.7568003,-9.72043751,0.0428384596,0.496315429,16.4059112,-6.00495504,-0.826828016,-10.6149601,-4.51295956,-4.86788863,19.8586555,-8.86725126,2.32224852
1120,-0.209556753,1.22511648,105.730212,1.3190447,-0.721039628,-0.497612948,-0.911162603,-1.46780605,3.87560088,0,0,-2.82309071,15.7579533,-25.6394288,68.6416458,-7.49300268,-7.36577333,-17.2541592,-3.95584493,-20.0221907,33.7991809,69.0984147,14.5087203,-2.16343937,20.1231631,-9.71066009,0.137172837,0.501204137,16.3465381,-5.96184033,-0.967065781,-10.5783204,-4.4093951,-4.84771993,19.75797,-8.8889354,2.16150322
1121,-0.218927115,1.10663949,105.73895,1.29220965,-0.720717869,-0.44939613,-1.10349187,-1.25927685,3.89178373,0,0,-2.86236985,15.6103769,-25.4665362,68.6839725,-7.64368946,-7.38816696,-17.2191852,-3.9683382,-20.091319,33.8118167,69.1320329,14.5932029,-2.14931304,20.2496001,-9.72927492,0.248480228,0.435123711,16.3389822,-5.92804925,-1.04136202,-10.5337687,-4.29473373,-4.88731198,19.6887528,-8.84772374,2.1061027
1122,-0.209332863,0.959795434,105.741763,1.32658659,-0.699288649,-0.484229198,-0.939938083,-1.26774565,3.84815376,0,0,-2.81576341,15.5031326,-25.2533557,68.6625735,-7.16751685,-7.48071175,-17.2135725,-3.91674893,-20.1156277,33.6995284,69.1254691,13.7519089,-1.93359304,19.9792015,-9.70852053,0.316488581,0.450087535,16.2644187,-5.87661963,-1.1128217,-10.5305355,-4.22172712,-4.88019578,19.6401321,-8.86916285,2.01020279
1123,-0.224250345,0.843153335,105.743551,1.29546384,-0.691352904,-0.447599946,-1.08989457,-1.05862468,3.90856209,0,0,-2.82611307,15.2849149,-24.9578766,68.6182866,-7.18529924,-7.3990705,-17.2334586,-4.00516658,-20.2211251,33.9002779,69.1186457,13.8363027,-1.89856186,20.0728758,-9.73195491,0.431534767,0.386779312,16.2425809,-5.84528229,-1.17623147,-10.5433737,-4.10387434,-4.92323579,19.6520371,-8.86354246,1.87928856
1124,-0.223200954,0.709687453,105.749226,1.2987099,-0.669848118,-0.460885707,-0.970388241,-0.980063951,3.89486073,0,0,-2.89311018,15.1952294,-25.1140848,68.6563307,-7.37885997,-7.44558068,-17.1632016,-3.92129954,-20.2244924,33.8742617,69.0713876,14.0799791,-1.7900437,19.9875565,-9.71742795,0.529088971,0.36985477,16.1582656,-5.78796506,-1.31216237,-10.5493655,-4.00295659,-4.91142682,19.6181731,-8.87057073,1.76646226
1125,-0.215885928,0.577159552,105.755317,1.30351654,-0.675081128,-0.429641975,-1.00674427,-1.00204211,3.87820873,0,0,-2.84784503,15.2351092,-24.9146808,68.6183412,-7.14076342,-7.39268428,-17.3451595,-3.94175937,-20.1557277,34.0654114,69.1063309,14.3570252,-1.8224283,20.1225518,-9.691352,0.615467866,0.352489575,16.1119603,-5.74362944,-1.41480827,-10.4709259,-3.91162501,-4.95795364,19.5158944,-8.89208753,1.66385799
1126,-0.217893766,0.455850828,105.761063,1.29116607,-0.657476514,-0.436494326,-1.0445927,-0.797211302,3.85285165,0,0,-2.78271597,14.9842107,-24.7579587,68.5585224,-7.0295197,-7.39237692,-17.195674,-3.91383841,-20.2120495,33.9084024,69.0996305,14.152321,-1.75971382,20.3263407,-9.72104881,0.719197308,0.358636131,16.1123633,-5.71465322,-1.48980172,-10.4456013,-3.79899647,-4.97254634,19.4334267,-8.86447649,1.54671203
1127,-0.218888768,0.322104967,105.761755,1.29229413,-0.660041928,-0.396720975,-1.02811924,-0.786480328,3.86639037,0,0,-2.79659342,14.9142474,-24.7629191,68.5536798,-7.04894007,-7.45027216,-17.2376438,-3.84867201,-20.0928849,33.7379107,69.1391978,14.0749341,-1.8299573,20.1961368,-9.71633171,0.805015167,0.283918851,16.0832838,-5.66038993,-1.58576139,-10.3989015,-3.71278283,-5.02776799,19.3741594,-8.8776801,1.43513021
1128,-0.214796769,0.199394883,105.759203,1.30688411,-0.649831004,-0.407789744,-1.06474474,-0.656015978,3.85156929,0,0,-2.76166042,14.8631473,-24.6685618,68.4803645,-6.86026847,-7.45743276,-17.3391438,-3.87339345,-20.1643508,33.9359588,69.1522844,14.2362657,-1.86814852,20.2534712,-9.70444206,0.876460226,0.299200332,16.04268,-5.63553359,-1.66400398,-10.4215855,-3.64155762,-5.02460518,19.4072654,-8.91862794,1.33382762
1129,-0.214221375,0.0891517731,105.764472,1.30245867,-0.64153841,-0.34683115,-1.12825985,-0.541538699,3.8532128,0,0,-2.78258278,14.7587359,-24.7593162,68.4622782,-7.00034498,-7.52516433,-17.2339743,-3.85055543,-20.1668183,33.8164066,69.1548935,14.0812,-1.93936434,20.2871542,-9.70650819,0.948725335,0.245740228,15.9983931,-5.5971411,-1.72073041,-10.4070047,-3.56294043,-5.11179938,19.3958521,-8.9284267,1.23656082
1130,-0.212170952,-0.0477114518,105.768156,1.29137961,-0.625060044,-0.335467931,-1.03715868,-0.57104058,3.82665019,0,0,-2.76322688,14.8474396,-24.9020416,68.3760744,-6.99231609,-7.47317976,-17.2680108,-3.80516541,-20.0622156,33.8437035,69.1307898,14.361861,-2.00033872,20.464623,-9.68736231,1.05816588,0.247716821,15.913055,-5.55217497,-1.84654378,-10.389773,-3.44780692,-5.13671036,19.3453565,-8.9181097,1.11245447
1131,-0.209769234,-0.160157913,105.766618,1.30647622,-0.61167606,-0.312790453,-1.14843708,-0.459014699,3.81597077,0,0,-2.70050226,14.8296026,-24.8796283,68.2339723,-6.95491013,-7.3749753,-17.3647758,-3.86036358,-20.0786388,33.9609983,69.1493133,14.5571993,-1.99073249,20.3602373,-9.67990289,1.11426714,0.223719071,15.8547559,-5.50188045,-1.89938916,-10.3916931,-3.38853347,-5.15354592,19.3329836,-8.93375766,1.02079333
1132,-0.196023472,-0.276497356,105.763316,1.3127372,-0.608275422,-0.264230213,-1.1806808,-0.376676715,3.77643038,0,0,-2.69991423,14.7698691,-24.9651815,68.2541965,-6.97298281,-7.44804467,-17.4062829,-3.83886684,-20.1213497,33.9353748,69.1565601,14.5918864,-2.03873015,20.4350859,-9.66904545,1.17707179,0.183410523,15.8233968,-5.45953029,-1.97446852,-10.3634153,-3.32382832,-5.19544913,19.3171649,-8.94606395,0.903557294
1133,-0.210501463,-0.405247882,105.757129,1.31841056,-0.609797278,-0.237696566,-1.18350989,-0.368858496,3.80714275,0,0,-2.70433315,14.8416237,-25.2017024,68.1154549,-7.34702446,-7.24483373,-17.2679511,-3.84892686,-20.0689058,33.8363576,69.0892486,14.4827195,-1.93400904,20.3941133,-9.67537875,1.25849149,0.140884564,15.8009101,-5.41305554,-2.10513837,-10.3961865,-3.2451947,-5.21657662,19.384485,-8.97899742,0.789691317
1134,-0.191976805,-0.520159351,105.760241,1.31575488,-0.61207137,-0.200754755,-1.20153614,-0.320236327,3.75501645,0,0,-2.68145991,14.856686,-25.1720885,68.1612923,-6.97123983,-7.36188525,-17.4618379,-3.73941673,-19.9764831,33.6844269,69.0748164,14.4272925,-2.02853758,20.2777542,-9.64160602,1.33782179,0.137345446,15.7453619,-5.37625491,-2.18965769,-10.385727,-3.16490625,-5.26480458,19.4197783,-9.00993988,0.68700636
1135,-0.19739822,-0.623822212,105.759597,1.31594226,-0.608999943,-0.172384562,-1.24618381,-0.208668122,3.76855175,0,0,-2.69730083,14.7898235,-25.1137655,68.1212947,-6.95852287,-7.33576916,-17.6171906,-3.80875894,-20.053391,33.6592918,69.0531988,14.2484781,-1.95907434,20.3260966,-9.63637239,1.40672463,0.104901861,15.7026852,-5.31055233,-2.26732441,-10.4066256,-3.09404346,-5.27844276,19.4620349,-9.02770094,0.577818049
1136,-0.203740993,-0.749565754,105.751014,1.32414275,-0.619129154,-0.110799883,-1.25509262,-0.186724485,3.78403963,0,0,-2.69424859,14.7980693,-25.2723676,68.0659838,-7.10893261,-7.22189198,-17.3788153,-3.79221878,-20.0162553,33.4236502,69.046676,14.1883998,-2.02167559,20.4996209,-9.64190911,1.47240256,0.0606175754,15.6974925,-5.28204441,-2.35147554,-10.3897568,-3.02761176,-5.34675831,19.4735438,-9.06107751,0.474028522
1137,-0.185558107,-0.860740524,105.746853,1.33734561,-0.606575248,-0.085086879,-1.34810346,-0.155397649,3.71325539,0,0,-2.55011815,14.7621988,-24.9759118,68.0405618,-6.77819478,-7.23712586,-17.4724521,-3.77646837,-19.9485117,33.4515447,69.0717428,14.298721,-2.08571822,20.5646477,-9.62364433,1.53115147,0.0392073736,15.6394718,-5.24344658,-2.42681893,-10.426195,-2.97388016,-5.34584179,19.5537866,-9.08618102,0.417164769
1138,-0.188506034,-0.940874778,105.747604,1.30311017,-0.632003039,-0.049005899,-1.25995294,0.194933145,3.77159802,0,0,-2.6077135,14.5289445,-25.1947425,68.0270381,-7.02588604,-7.28449835,-17.5816702,-3.79376497,-20.1569196,33.3819451,69.0833678,14.5156461,-2.15275524,20.5770104,-9.59995724,1.62749011,0.0270125644,15.6292589,-5.20450041,-2.49915106,-10.4231385,-2.88087283,-5.36396057,19.6201743,-9.07235074,0.357343224
1139,-0.196500565,-1.0604281,105.742264,1.3073853,-0.650275903,0.0240270765,-1.26655229,0.160206809,3.81078537,0,0,-2.66714597,14.5137575,-25.126234,68.1521466,-6.95382627,-7.37604081,-17.6155087,-3.83334463,-20.0471926,33.390114,69.101379,14.5004489,-2.15533513,20.3446388,-9.61000018,1.69672198,-0.0390651135,15.640737,-5.18081332,-2.62558256,-10.4167847,-2.81167213,-5.40000818,19.6718635,-9.1279314,0.234418949
1140,-0.194182061,-1.14632901,105.747199,1.28987964,-0.653306953,0.0827233417,-1.34562283,0.336632543,3.80966736,0,0,-2.63641503,14.4083814,-25.1161646,68.1130506,-6.93194447,-7.32576379,-17.3961793,-3.89759452,-20.1362668,33.4880111,69.1386582,14.7131905,-2.2250259,20.4329293,-9.63019875,1.77315446,-0.102097381,15.6516175,-5.13877564,-2.70657067,-10.4044878,-2.73579407,-5.44499479,19.6808127,-9.12432848,0.152139462
1141,-0.185665977,-1.26035139,105.746436,1.29001538,-0.652117332,0.108780399,-1.37484558,0.332704117,3.79642277,0,0,-2.60422008,14.3914596,-25.030584,68.1551724,-6.97093333,-7.37021466,-17.4491696,-3.90844641,-20.0944131,33.5519622,69.0629182,14.9287393,-2.23926791,20.5590367,-9.61992103,1.85017189,-0.13253131,15.6174137,-5.0869456,-2.79657613,-10.4221515,-2.65959797,-5.46000498,19.7341411,-9.13530801,0.0631462595
1142,-0.184509717,-1.37883257,105.741286,1.2998455,-0.667539066,0.177748574,-1.38643128,0.313844658,3.77220462,0,0,-2.67323764,14.5265693,-25.2079111,68.2589571,-7.04412777,-7.41724308,-17.7166313,-3.89336706,-19.9869999,33.5735592,69.0625084,15.1314662,-2.26826036,20.4253631,-9.61909713,1.91173772,-0.190897718,15.6130475,-5.03014148,-2.88932519,-10.4163518,-2.60451143,-5.48657143,19.7836737,-9.15495504,-0.0028000328
1143,-0.183762051,-1.4654953,105.738032,1.30458814,-0.67750754,0.232859782,-1.45394909,0.486688651,3.80514022,0,0,-2.65119428,14.3490578,-24.9906069,68.2222517,-6.74995238,-7.30087287,-17.7286832,-3.96033706,-20.104223,33.6850382,69.0479464,15.1873542,-2.20830773,20.347347,-9.63343882,1.96039471,-0.234762059,15.6343986,-4.9994957,-2.93518415,-10.4408517,-2.55840103,-5.51175605,19.8754373,-9.20443635,-0.0461366172
1144,-0.163025968,-1.57761332,105.738616,1.32398191,-0.670044702,0.275748465,-1.49265844,0.428161454,3.73757812,0,0,-2.60361454,14.3441896,-24.8819864,68.3193087,-6.75585067,-7.36716071,-17.5229511,-3.89789846,-20.010926,33.6613647,68.9805803,15.2033471,-2.20012453,20.535867,-9.62838107,2.01188729,-0.2496031,15.6057699,-4.96888279,-3.01256251,-10.4520131,-2.50854684,-5.52075226,19.9199394,-9.25777757,-0.154909091
1145,-0.165752741,-1.67632475,105.738246,1.31858039,-0.685263554,0.31173433,-1.41686575,0.486592868,3.75151683,0,0,-2.66044683,14.3894088,-25.1959173,68.3500787,-6.9390769,-7.43522782,-17.5426835,-3.91670752,-20.0132858,33.7196911,68.9213967,15.4212318,-2.12110863,20.7660325,-9.62807286,2.08585824,-0.290809338,15.6116148,-4.94832094,-3.09249621,-10.4633008,-2.43817071,-5.51901142,19.9894058,-9.27196216,-0.236300373
1146,-0.171757163,-1.77056417,105.728447,1.33957534,-0.693210025,0.348660679,-1.53251836,0.610341222,3.78719988,0,0,-2.71143249,14.2342252,-25.0246486,68.4527569,-6.73975149,-7.42453857,-17.4400821,-3.77903438,-20.1260369,33.3728268,68.5637133,14.8532145,-1.91387471,20.5302765,-9.64321368,2.12008538,-0.315859057,15.6257055,-4.91385367,-3.12879696,-10.4971017,-2.406529,-5.51958899,20.0762756,-9.33002987,-0.333546152
1147,-0.169062929,-1.87324211,105.722785,1.34928884,-0.706723647,0.382701327,-1.50203469,0.595696016,3.77392412,0,0,-2.70023333,14.3775192,-25.2232346,68.385302,-6.894632,-7.35998475,-17.5009527,-3.71673836,-20.0587869,33.3074926,68.5208334,14.7771655,-1.97232107,20.5534872,-9.63384607,2.1763956,-0.346589812,15.6211737,-4.87913112,-3.2412778,-10.507884,-2.35502361,-5.52896684,20.1519899,-9.36737734,-0.390840366
1148,-0.170649949,-1.97043102,105.721879,1.3494297,-0.707555499,0.389287448,-1.42850333,0.64061801,3.77102044,0,0,-2.67784631,14.3414711,-25.1343773,68.3197458,-6.85634026,-7.32483488,-17.4648774,-3.76396955,-20.0532459,33.2382926,68.5549434,14.7686039,-1.96655276,20.6515704,-9.62627993,2.24657387,-0.374555461,15.5919217,-4.83377439,-3.33553441,-10.5502346,-2.28652172,-5.50635636,20.2391687,-9.38988879,-0.490278769
1149,-0.158686261,-2.06241831,105.723035,1.35460906,-0.704092276,0.410796714,-1.47478053,0.735649954,3.73939026,0,0,-2.69299546,14.3251316,-25.1676181,68.3655081,-6.75338967,-7.34982569,-17.5316083,-3.67891747,-20.0794226,33.1932236,68.4335846,14.4806841,-1.88575376,20.4834026,-9.61992871,2.30415364,-0.390601683,15.5691071,-4.81019615,-3.3875591,-10.5617794,-2.2261151,-5.49841797,20.2807424,-9.4312473,-0.599092114
1150,-0.162121875,-2.16173939,105.714595,1.36086192,-0.727024582,0.448219984,-1.48099974,0.798256695,3.75311083,0,0,-2.63086763,14.3321223,-25.2579695,68.2381251,-7.0090825,-7.27625858,-17.3600903,-3.77754028,-20.081586,33.3662391,68.517111,14.8345032,-1.98367263,20.5307785,-9.6221434,2.35949461,-0.427860312,15.6005619,-4.79016961,-3.44995736,-10.5414245,-2.17081853,-5.50418564,20.3080102,-9.46666866,-0.665955397
1151,-0.163983565,-2.27736533,105.699944,1.38845237,-0.730553512,0.436498373,-1.41010045,0.749045769,3.76503975,0,0,-2.66065089,14.3654366,-25.0451835,68.292828,-6.76716232,-7.36172218,-17.4237853,-3.88838614,-20.031852,33.5383223,68.5881313,15.145451,-2.12177607,20.7526914,-9.62245844,2.41087151,-0.416740364,15.6057665,-4.76886412,-3.58633597,-10.5541671,-2.12224692,-5.45563452,20.3405305,-9.52234836,-0.76280289
1152,-0.162576197,-2.35960148,105.694187,1.3829232,-0.736534567,0.433252017,-1.38385428,0.897909902,3.75505316,0,0,-2.69143113,14.4629631,-25.4832821,68.1725757,-7.18150849,-7.2966356,-17.425848,-3.88775435,-20.1543976,33.6966666,68.5615072,15.136232,-2.10659917,20.4530305,-9.61409914,2.47701762,-0.421009819,15.5978622,-4.7414947,-3.62284503,-10.5635629,-2.05631148,-5.44135643,20.3796213,-9.53243655,-0.839971381
1153,-0.160379417,-2.45067459,105.689776,1.40036624,-0.743412753,0.463049919,-1.45016858,0.942259387,3.72770423,0,0,-2.60845458,14.4178941,-25.3233174,68.1389439,-7.10905469,-7.32927024,-17.3548891,-3.85783855,-20.1403786,33.5667871,68.4902137,14.9156749,-2.01610429,20.4743134,-9.61145245,2.51769161,-0.436513441,15.5902466,-4.69736698,-3.70657205,-10.5869452,-2.01900008,-5.46605354,20.4568964,-9.57993368,-0.917599203
1154,-0.175319472,-2.54829787,105.681491,1.41433551,-0.752920119,0.447672971,-1.30630409,0.994787277,3.78042604,0,0,-2.65690004,14.4249309,-25.4236392,68.1001621,-7.17607849,-7.29033645,-17.2328234,-3.85171699,-20.1526132,33.3928734,68.4135858,15.0270121,-1.99432282,20.6003133,-9.61684317,2.57586113,-0.426507641,15.6000684,-4.67249826,-3.78793754,-10.6383108,-1.96523133,-5.4105621,20.5552614,-9.61941645,-1.00289204
1155,-0.174701517,-2.65332926,105.672133,1.43146462,-0.764709371,0.447247525,-1.30475972,0.994919079,3.76588456,0,0,-2.67296166,14.4920785,-25.491755,68.1133512,-7.31281034,-7.31991032,-17.2617014,-3.89844274,-20.1100064,33.5143517,68.4858765,15.1040037,-2.16752211,20.6851254,-9.6068839,2.62969775,-0.404000167,15.6047727,-4.63816333,-3.88326179,-10.6550883,-1.91643668,-5.38873068,20.619851,-9.65571719,-1.08156483
1156,-0.166604377,-2.74892431,105.664301,1.43700534,-0.768217571,0.457036271,-1.3193219,1.11493585,3.73841226,0,0,-2.57254102,14.3929469,-25.2371238,68.0472144,-7.02259005,-7.32201829,-17.4851835,-3.93558104,-20.1705322,33.7211835,68.4976722,15.4127385,-2.27121826,20.5922451,-9.60028594,2.68916095,-0.406633365,15.5977905,-4.60598801,-3.96979645,-10.6282892,-1.85692182,-5.37729267,20.5980422,-9.65935854,-1.14743347
1157,-0.181407772,-2.86818407,105.65623,1.46959496,-0.780660351,0.443570563,-1.215039,1.01854182,3.77527394,0,0,-2.62854665,14.5831301,-25.3370119,68.008699,-7.09571918,-7.3195893,-17.4885594,-3.90957552,-20.0602724,33.7327436,68.3805891,15.7150529,-2.14227731,20.5197614,-9.59835043,2.73800043,-0.396084698,15.5975293,-4.54959114,-4.06326075,-10.6476886,-1.81166883,-5.35308307,20.6447642,-9.69763065,-1.25470298
1158,-0.184096303,-2.96044257,105.647361,1.47706916,-0.798565967,0.441743819,-1.1623601,1.08384739,3.76785379,0,0,-2.59299658,14.4874972,-25.320505,68.0083165,-7.18637841,-7.27944316,-17.2779129,-3.94698361,-20.0879757,33.7280615,68.4040167,15.5681373,-2.01363945,20.4646708,-9.58752715,2.79991951,-0.404977711,15.6064495,-4.52482445,-4.16848665,-10.6567702,-1.75418372,-5.37076515,20.703526,-9.73660286,-1.33931941
1159,-0.185412087,-3.04729585,105.638742,1.48571004,-0.810422658,0.45185703,-1.18478297,1.17085792,3.75881831,0,0,-2.60026091,14.4745249,-25.3521903,68.0276528,-7.17508896,-7.23658116,-17.2342014,-3.96398395,-20.1427248,33.7339423,68.3793256,15.593228,-2.03253346,20.7162916,-9.59370847,2.85099993,-0.427711622,15.6256645,-4.50632147,-4.23579646,-10.6597943,-1.70513485,-5.35630991,20.7436755,-9.78025374,-1.42595513
1160,-0.205969834,-3.17169391,105.628622,1.52023111,-0.900122351,0.376999192,-1.13625042,1.16605171,3.86992585,0,0,-2.59808102,14.4619318,-25.1885629,68.0475491,-7.124543,-7.25791611,-17.3117992,-4.07230435,-20.1140311,33.9580169,68.4195622,15.703515,-2.15802602,20.3938332,-9.48793872,2.91231518,-0.316027784,15.6423182,-4.47028752,-4.33062253,-10.6084603,-1.65151818,-5.2962004,20.8207389,-9.81783515,-1.52845301
1161,-0.224883016,-3.2568194,105.612791,1.50707348,-0.926043981,0.373824656,-1.07136565,1.30370339,3.91738712,0,0,-2.59606632,14.4370067,-25.2042023,68.0073193,-7.07128716,-7.32736632,-17.4555559,-4.09971646,-20.1475998,33.928572,68.422103,16.125047,-2.20061118,20.7260758,-9.48674258,2.99381898,-0.364255883,15.6662188,-4.46768821,-4.4260518,-10.6065384,-1.57651662,-5.29357675,20.8624747,-9.8318635,-1.62070261
1162,-0.231533288,-3.34931538,105.608118,1.49953778,-0.948263312,0.391639684,-1.09566223,1.37492082,3.91099876,0,0,-2.64257052,14.4024955,-25.0925748,68.1318678,-6.86888945,-7.37702692,-17.4928248,-4.07846049,-20.1554323,33.9586931,68.3691281,16.227341,-2.12934093,20.7918472,-9.50746794,3.06674555,-0.39053725,15.7320977,-4.45413626,-4.4886317,-10.5815553,-1.50303478,-5.32073572,20.8697113,-9.85612263,-1.69591249
1163,-0.241217995,-3.45072299,105.597699,1.51137871,-0.971037069,0.341427727,-0.972830994,1.43176538,3.94190494,0,0,-2.63164371,14.4341005,-25.2481614,68.0289642,-6.98443789,-7.25433196,-17.4748068,-4.18882012,-20.2335321,34.2123868,68.4069127,16.3861019,-2.08901912,20.6738847,-9.51277756,3.137965,-0.378363105,15.7914213,-4.46129003,-4.60291485,-10.6070473,-1.43307155,-5.27058121,20.9499182,-9.90285051,-1.78823765
1164,-0.237856456,-3.54575552,105.595481,1.5016791,-0.996424846,0.374705538,-1.04127152,1.52354787,3.92936728,0,0,-2.61409354,14.3581658,-25.1822245,68.1128867,-7.0436599,-7.32761477,-17.3955732,-4.15943067,-20.2853169,34.1969745,68.3305785,16.3198935,-2.00379266,20.7153183,-9.52249948,3.21329259,-0.456796328,15.8463616,-4.4494563,-4.68124944,-10.5600394,-1.35941394,-5.31845273,20.9408221,-9.91798109,-1.8866182
1165,-0.274691847,-3.64115573,105.577946,1.5226346,-1.03989018,0.381804217,-1.14481014,1.59058767,4.01635614,0,0,-2.635516,14.392076,-25.2386504,68.0526991,-7.25454797,-7.28392888,-17.4204436,-4.27633405,-20.296959,34.2691013,68.3512125,16.1518947,-2.07996442,20.6332911,-9.55132031,3.25556677,-0.471381023,15.9388236,-4.43542837,-4.75792941,-10.5714748,-1.32650192,-5.36542821,21.0274426,-9.95399241,-1.95633053
1166,-0.294353021,-3.74384895,105.566347,1.50988681,-1.07052452,0.360207174,-0.924624693,1.65319958,4.06203986,0,0,-2.79627881,14.5236016,-25.5719397,68.1192183,-7.24630393,-7.29668768,-17.6070512,-4.22645233,-20.3251386,34.169985,68.279837,16.4240778,-2.17506862,20.778209,-9.57088112,3.35009232,-0.485825859,16.0238048,-4.43432401,-4.84882856,-10.560123,-1.23227658,-5.37800899,21.0583628,-9.96011311,-2.06457857
1167,-0.317459297,-3.81779559,105.562317,1.47267027,-1.10701517,0.359211322,-1.04863724,1.79293191,4.10219326,0,0,-2.68463936,14.3636641,-25.040551,68.1112611,-6.77999027,-7.33608677,-17.7196434,-4.28015298,-20.3216535,34.2529376,68.2774465,16.64659,-2.16387586,20.7876381,-9.61058501,3.45391076,-0.520012557,16.1379424,-4.4581221,-4.93565307,-10.5343297,-1.12770244,-5.4055291,21.0737547,-9.9612879,-2.14012537
1168,-0.336858863,-3.90964486,105.5529,1.45047389,-1.14689871,0.354012848,-1.07118892,1.94102258,4.14252894,0,0,-2.74130133,14.3958036,-25.4443961,68.0809624,-7.21505582,-7.26312925,-17.5821671,-4.33515906,-20.3940364,34.3456199,68.3079706,16.6925537,-2.2440467,20.6122268,-9.64091617,3.55211437,-0.54558137,16.2541495,-4.48921995,-5.02768005,-10.4999064,-1.02903726,-5.41553533,21.0816726,-9.98276543,-2.21662626
1169,-0.357037876,-4.02290747,105.539894,1.45384943,-1.18129798,0.356538529,-0.968127875,1.94060039,4.16728582,0,0,-2.70434659,14.3175416,-25.1880899,68.1418399,-7.0743838,-7.3252464,-17.5152688,-4.39663247,-20.3487455,34.3162535,68.4079372,16.7258441,-2.34556444,20.6843434,-9.67684468,3.62955399,-0.5977217,16.3620989,-4.49038834,-5.12855981,-10.4915565,-0.954599938,-5.41688429,21.129974,-10.0246746,-2.30981032
1170,-0.383959804,-4.11005318,105.525768,1.44778435,-1.21691962,0.369412302,-1.06527921,2.08122929,4.23090689,0,0,-2.80452306,14.3035832,-25.340176,68.1604453,-7.25564421,-7.23645138,-17.5644291,-4.46707819,-20.4527675,34.5274873,68.3220954,17.0197027,-2.35132805,20.8984271,-9.72453647,3.69654875,-0.626535174,16.4837634,-4.50485041,-5.21294466,-10.4732413,-0.889037059,-5.4587858,21.1559048,-10.0371687,-2.37332724
1171,-0.409913575,-4.21861522,105.509269,1.42456768,-1.25758807,0.366745015,-1.00856014,2.11515548,4.28910395,0,0,-2.82343542,14.3739231,-25.3171702,68.1432879,-7.33316174,-7.19459513,-17.7927452,-4.5206845,-20.4003834,34.5191101,68.3755211,17.2063479,-2.44339452,21.020247,-9.76407985,3.80625909,-0.652422284,16.6084792,-4.53129563,-5.28124485,-10.4451974,-0.781833665,-5.47805291,21.175311,-10.0579163,-2.48437907
1172,-0.441151205,-4.31972481,105.498564,1.40503832,-1.28961066,0.351673404,-0.907750283,2.15930262,4.30259955,0,0,-2.8028138,14.3731581,-25.2078411,68.1590451,-6.97359838,-7.22611218,-17.8223541,-4.48287898,-20.3611696,34.353782,68.3133732,17.238863,-2.33515971,20.8370084,-9.82302524,3.91153194,-0.679274319,16.7418797,-4.55879354,-5.38110221,-10.4540041,-0.681087094,-5.47449993,21.2283014,-10.0759113,-2.57878082
1173,-0.473316852,-4.40520532,105.483818,1.400388,-1.32333436,0.338871316,-0.963760396,2.29448252,4.35798641,0,0,-2.82302241,14.2478566,-25.1770233,68.1809564,-6.9751514,-7.25075807,-17.5551042,-4.61646979,-20.5138602,34.6268973,68.3275527,17.0411871,-2.35903635,20.8158314,-9.87922318,3.98267946,-0.709431792,16.8739175,-4.57853535,-5.47042145,-10.4522641,-0.610563203,-5.46204849,21.2653705,-10.1118628,-2.63927389
1174,-0.497027766,-4.50341776,105.464399,1.38496966,-1.35034975,0.315011058,-0.911572948,2.45775862,4.37826566,0,0,-2.86356641,14.097519,-25.1540585,68.2937091,-7.17936722,-7.34556024,-17.6370596,-4.61836175,-20.5331794,34.4758443,68.3982998,17.2970135,-2.47039106,20.9981394,-9.96419244,4.07857276,-0.750137478,17.0553187,-4.59755657,-5.55980173,-10.4396018,-0.515416427,-5.45791836,21.275124,-10.1333583,-2.73952591
1175,-0.537975179,-4.62657027,105.440736,1.38240732,-1.39329938,0.323938622,-0.905844767,2.38150959,4.45053077,0,0,-2.89393408,14.3748691,-25.3658012,68.1624807,-7.3825756,-7.21842566,-17.7562123,-4.6609864,-20.48879,34.5963425,68.2839966,17.0172695,-2.3817638,20.804816,-10.0290383,4.16563291,-0.793048729,17.2034638,-4.61977688,-5.62016353,-10.426866,-0.429190625,-5.49135342,21.3085629,-10.1718806,-2.863455
1176,-0.562563213,-4.72078174,105.424738,1.34928586,-1.42912258,0.301594127,-0.785977455,2.50603333,4.47037503,0,0,-2.90580174,14.1974865,-25.0703886,68.3094322,-7.04263153,-7.39622744,-17.8348568,-4.59693033,-20.4971023,34.3754712,68.2801171,17.0478738,-2.33658402,20.8058542,-10.0725218,4.28081978,-0.824937708,17.327121,-4.64623661,-5.71912315,-10.4000345,-0.313387675,-5.49109814,21.3124749,-10.1831435,-2.9179471
1177,-0.596082397,-4.81594615,105.419266,1.32349575,-1.46274041,0.277295866,-0.839907775,2.60215928,4.52520224,0,0,-2.93373444,14.2731078,-25.3519273,68.2537184,-7.6643653,-7.2601103,-17.6773594,-4.71959113,-20.5647229,34.4414338,68.2997402,16.5818876,-2.31337525,20.7373713,-10.1505396,4.38857114,-0.848897852,17.494698,-4.64369962,-5.80976019,-10.4003555,-0.205819133,-5.47981509,21.3460589,-10.173104,-3.02214783
1178,-0.633195089,-4.94473912,105.397272,1.32065263,-1.50193941,0.295414435,-0.720452356,2.55305556,4.57849138,0,0,-3.04598967,14.4338273,-25.7051608,68.2830062,-7.64606978,-7.23160878,-17.5565112,-4.74156086,-20.4605915,34.4486021,68.3503246,17.1383448,-2.45649162,20.8833888,-10.2555683,4.48102714,-0.937987211,17.6966411,-4.65223608,-5.94241655,-10.3925887,-0.114283579,-5.50457752,21.3849637,-10.2201171,-3.134272
1179,-0.669090683,-5.03888465,105.375254,1.30025045,-1.53395615,0.266667073,-0.747050446,2.74035514,4.62184814,0,0,-3.0103444,14.2413235,-25.2642106,68.3114335,-7.32045588,-7.2251312,-17.8426005,-4.75181298,-20.540696,34.4290643,68.3212553,17.1385053,-2.49908041,20.893313,-10.360737,4.58024076,-0.984643699,17.9104226,-4.64917188,-6.03823514,-10.3738083,-0.0159240291,-5.50380955,21.3813932,-10.2163784,-3.21125976
1180,-0.70788716,-5.16716279,105.348814,1.32508086,-1.56473009,0.208754709,-0.603580509,2.65855978,4.64066189,0,0,-3.03995818,14.4129132,-25.6308723,68.2996924,-7.62415853,-7.2926442,-17.7314392,-4.82513591,-20.5881094,34.4831594,68.2938867,16.3677151,-2.1702416,20.5888454,-10.4465472,4.65163374,-0.999853463,18.0993883,-4.6489102,-6.16809368,-10.3779047,0.0542398229,-5.46177614,21.4057343,-10.2708842,-3.33702467
1181,-0.759509997,-5.25693856,105.330122,1.28572163,-1.62612237,0.21501429,-0.631087335,2.82507958,4.75864359,0,0,-3.08251645,14.2190588,-25.2455232,68.3566903,-7.34053749,-7.29601661,-17.7725842,-4.91128552,-20.6460807,34.3687435,68.3432212,16.2767404,-2.28569933,20.7826554,-10.5633938,4.76712669,-1.12189326,18.3638498,-4.67670224,-6.32880974,-10.3368271,0.16748631,-5.49175683,21.4135002,-10.2728367,-3.43706026
1182,-0.798291806,-5.36248125,105.313122,1.2780308,-1.65462421,0.190948692,-0.675769472,2.9795347,4.75898937,0,0,-2.96283318,14.1294049,-25.1468936,68.2695644,-7.40823662,-7.2701669,-17.7523635,-4.93303625,-20.7554798,34.5159614,68.3115906,16.5736128,-2.26587428,20.9128115,-10.7309947,4.85888516,-1.1836323,18.6743246,-4.66421751,-6.50800061,-10.3550816,0.255533198,-5.48903713,21.4656863,-10.2970011,-3.51438569
1183,-0.841498096,-5.48485443,105.298805,1.31466335,-1.7076896,0.154519801,-0.573750725,2.93469067,4.83521343,0,0,-3.09908244,14.2169628,-25.3140932,68.4098633,-7.51283243,-7.4134583,-17.8468967,-5.00096803,-20.6383933,34.4867453,68.4313648,16.6146776,-2.34583103,20.7318474,-10.8592016,4.90902088,-1.23355842,18.9778223,-4.62892934,-6.69156621,-10.320835,0.300858494,-5.49666944,21.4645969,-10.3225665,-3.59921301
1184,-0.904533081,-5.59532158,105.272031,1.33561601,-1.77995503,0.131173629,-0.608401928,3.00815362,4.95426277,0,0,-3.09902459,14.2321745,-25.3094282,68.2900618,-7.60046631,-7.22516364,-17.9770955,-5.09540308,-20.6912607,34.493374,68.4077391,16.4266955,-2.16691188,20.529281,-10.9736449,4.96733576,-1.29563918,19.2687577,-4.59758603,-6.85928065,-10.3114973,0.348801619,-5.49461825,21.541889,-10.3633239,-3.68048713
1185,-0.942793302,-5.71388379,105.25353,1.32431153,-1.84228779,0.128434003,-0.487691942,2.97991698,4.99452588,0,0,-3.16685371,14.3618832,-25.689547,68.3130044,-7.7748419,-7.18282757,-17.6987994,-5.11258101,-20.6322632,34.6601296,68.4532214,16.8772745,-2.37835981,20.7368214,-11.090208,5.07063383,-1.38692775,19.5478289,-4.5642372,-7.01574364,-10.2764286,0.443420016,-5.54474543,21.5859403,-10.3861453,-3.74982722
1186,-0.992406998,-5.81081584,105.234289,1.30927746,-1.89806886,0.0881233103,-0.443762086,3.06271018,5.07112944,0,0,-3.18600406,14.2872258,-25.4414933,68.3790182,-7.70885971,-7.19647855,-17.7648969,-5.20894345,-20.6699624,34.5078984,68.5129241,16.6622601,-2.2587728,20.8009825,-11.211017,5.17171807,-1.41250244,19.8242757,-4.54995613,-7.13748365,-10.2622209,0.54285319,-5.51812691,21.6210065,-10.3952662,-3.82682906
1187,-1.04471631,-5.88959046,105.212808,1.25555892,-1.92575296,0.0648631989,-0.499472898,3.28164742,5.09869011,0,0,-3.06042186,14.1035355,-25.3964807,68.2827535,-7.89083046,-7.24339939,-17.4618772,-5.27634717,-20.8158297,34.9370699,68.4660758,16.9294367,-2.24852581,20.6602721,-11.425403,5.30049403,-1.55656276,20.1906932,-4.56659319,-7.36304723,-10.2613953,0.673164662,-5.5212816,21.6211209,-10.3781053,-3.88079524
1188,-1.0878887,-6.00944087,105.195665,1.24682062,-1.99250339,0.0301736136,-0.421548737,3.3307981,5.16646651,0,0,-3.1005727,14.1727475,-25.310282,68.3288231,-7.49320417,-7.28808932,-17.6173921,-5.30947914,-20.7521484,34.7839951,68.5551961,16.7458839,-2.32424465,20.5169884,-11.5873912,5.40730623,-1.70422569,20.5749135,-4.53590728,-7.63051232,-10.2079756,0.77460423,-5.52971774,21.6188823,-10.3802107,-3.97254901
1189,-1.12807946,-6.11854605,105.175352,1.24896623,-2.04408175,-0.028403666,-0.337169834,3.32995158,5.1939418,0,0,-3.14104968,14.2722386,-25.3377069,68.375767,-7.66885102,-7.18245788,-17.915733,-5.29616497,-20.7142767,34.7759457,68.5286813,16.7157576,-2.40181596,20.4640783,-11.7397718,5.49518174,-1.77201649,20.9163735,-4.51284003,-7.79063927,-10.1799743,0.861949276,-5.49108832,21.6321892,-10.4031841,-4.06499733
1190,-1.19955912,-6.21229447,105.151105,1.20839327,-2.11970931,-0.0483903232,-0.262250556,3.43252501,5.32658407,0,0,-3.15565583,14.2127545,-25.0870423,68.3423811,-7.13559254,-7.17392869,-18.0055739,-5.40887547,-20.7507448,34.7961289,68.5688087,16.7008661,-2.35086296,20.5850239,-11.9355592,5.61807434,-1.91840035,21.3329962,-4.50913935,-8.01383449,-10.1537618,0.983458661,-5.50191887,21.6712989,-10.404615,-4.13081389
1191,-1.23239169,-6.30859509,105.144024,1.20495055,-2.18756712,-0.108544991,-0.233968477,3.53656886,5.37014744,0,0,-3.14436467,14.125994,-24.9491716,68.4822428,-7.13170019,-7.34140322,-17.96531,-5.41656669,-20.7619565,34.7575793,68.5728999,16.5663643,-2.38531294,20.3491963,-12.0959355,5.71315613,-1.97062441,21.7325998,-4.44141589,-8.19605369,-10.1016722,1.07089469,-5.47315267,21.6802464,-10.4098589,-4.20505548
1192,-1.28835617,-6.41871765,105.120075,1.19090485,-2.25620329,-0.137427948,-0.146453183,3.59559002,5.45186809,0,0,-3.25510487,14.2939954,-25.6003003,68.4625924,-7.83484938,-7.24855875,-17.7845405,-5.45696555,-20.8360043,34.9234573,68.4965316,16.8427889,-2.39825316,20.4048555,-12.3059979,5.81627149,-2.11975988,22.1787376,-4.4057068,-8.48218056,-10.052132,1.17355499,-5.47802345,21.6752109,-10.4257288,-4.30784684
1193,-1.32482247,-6.54216558,105.099022,1.21675468,-2.32486517,-0.169850847,-0.0800796725,3.55487718,5.50297541,0,0,-3.17381709,14.2643276,-25.064472,68.482557,-7.15651256,-7.31145711,-17.9672907,-5.51918943,-20.8042422,34.9433537,68.5473482,16.5539299,-2.36042181,20.3632255,-12.495995,5.87459448,-2.24294277,22.604745,-4.30699264,-8.69436295,-10.0040474,1.22884527,-5.49195362,21.6969411,-10.4562768,-4.34962625
1194,-1.37924375,-6.63108677,105.076075,1.17793419,-2.3748806,-0.226891157,0.0680320259,3.65987747,5.56350369,0,0,-3.20889395,14.2490271,-25.2779871,68.5158405,-7.48895323,-7.3411283,-17.9251468,-5.52563841,-20.8533581,34.9641174,68.4444036,16.6763542,-2.27625168,20.3627371,-12.7096877,5.99773767,-2.38468969,23.0044238,-4.26464419,-8.91906251,-9.98868038,1.35283177,-5.47245898,21.7100039,-10.4484409,-4.43674617
1195,-1.4328137,-6.73953593,105.063033,1.17957631,-2.44704753,-0.261428442,0.090466776,3.68484949,5.63476391,0,0,-3.17686356,14.2603498,-25.1931647,68.5056909,-7.39869228,-7.22744492,-17.7808453,-5.58838394,-20.8818059,34.9426467,68.4559125,16.3147435,-2.22181315,20.4052021,-12.924206,6.07987795,-2.55648901,23.4630761,-4.18645816,-9.1718794,-9.9351206,1.43733178,-5.47845162,21.7044014,-10.4514855,-4.46893344
1196,-1.47455512,-6.83814809,105.045581,1.1338492,-2.50090151,-0.286270546,0.182950846,3.77632408,5.69420918,0,0,-3.17507427,14.1384062,-24.9001086,68.5987864,-7.22346036,-7.35088266,-17.6585508,-5.65316743,-20.8835527,35.1128619,68.4390965,16.6979291,-2.38687812,20.4270655,-13.1766524,6.21212791,-2.72075612,23.9482756,-4.15922449,-9.38318411,-9.90190709,1.57210646,-5.47438424,21.7150224,-10.4388829,-4.55945521
1197,-1.53334066,-6.93808049,105.018246,1.12086867,-2.57687248,-0.308143356,0.200043688,3.87101441,5.77943628,0,0,-3.18036596,14.0766442,-24.7519601,68.6784673,-7.08595243,-7.4657784,-17.9021922,-5.68511692,-20.9970687,35.1449262,68.3331193,16.6096318,-2.29548037,20.3901774,-13.4187134,6.2976803,-2.8759679,24.4486485,-4.12645324,-9.55065949,-9.86200342,1.66338521,-5.48685745,21.7421792,-10.4697127,-4.63675972
1198,-1.57739818,-7.03906491,105.006206,1.11068747,-2.62708687,-0.36132642,0.299768785,3.9016017,5.82072734,0,0,-3.18561026,14.0819436,-24.7181046,68.7586196,-6.92275574,-7.48061955,-17.8471733,-5.70067225,-20.9423418,35.0234889,68.3646475,16.4239343,-2.28784016,20.3712902,-13.6828019,6.38779611,-3.02383936,24.962014,-4.01076435,-9.74141985,-9.81205254,1.76005341,-5.46136462,21.7022226,-10.4518073,-4.73069403
1199,-1.63054504,-7.13102296,104.992032,1.06644733,-2.69901655,-0.390060197,0.384822116,4.0062116,5.86801743,0,0,-3.08874559,14.0275522,-24.5052195,68.6714391,-6.89163739,-7.37828538,-17.8280266,-5.68826649,-20.9758849,35.0964694,68.2953211,16.6675348,-2.36054497,20.465429,-13.9583641,6.50258213,-3.27720502,25.4988789,-3.87531401,-10.0127909,-9.71008379,1.89026574,-5.49244326,21.6128359,-10.4155006,-4.83020221
1200,-1.6761655,-7.23150149,104.975283,1.03006751,-2.75331096,-0.417573505,0.463271027,4.08662342,5.91634529,0,0,-3.07053267,13.9868375,-24.4761724,68.702011,-7.01972735,-7.33117415,-17.6607245,-5.69037062,-21.0000843,35.0918795,68.2220126,17.0666415,-2.45381291,20.4180975,-14.2602576,6.61433513,-3.48749886,26.0497934,-3.73470603,-10.3038484,-9.66586771,2.01547228,-5.53949515,21.5987025,-10.4133884,-4.90672167
1201,-1.7218817,-7.33004808,104.980421,1.07773358,-2.82661455,-0.44545745,0.468280758,4.13277586,5.98829835,0,0,-3.08833428,13.9544479,-24.4524426,68.7811251,-6.98658215,-7.43130643,-17.8002209,-5.78330729,-21.1247335,35.4058599,68.1703627,17.2661394,-2.42230247,20.3709794,-14.5614101,6.61457034,-3.67989504,26.6290685,-3.44414594,-10.4062124,-9.59904541,2.0294571,-5.56365012,21.5816031,-10.4032814,-4.96119883
1202,-1.77302007,-7.42103457,104.964161,1.08418237,-2.86792412,-0.502463257,0.537266309,4.20286555,6.02458586,0,0,-3.09830422,14.0123636,-24.5650059,68.7651356,-7.15926939,-7.43367736,-17.9623269,-5.78036391,-21.1612477,35.207016,68.1765031,16.8535225,-2.52971018,20.3773366,-14.9088225,6.66560722,-3.82578959,27.2449843,-3.23964303,-10.5451871,-9.59679742,2.09582668,-5.54869414,21.6038405,-10.4049941,-4.99882805
1203,-1.82934031,-7.51472041,104.948437,1.07428008,-2.96110683,-0.511192501,0.57293964,4.25785455,6.12526114,0,0,-3.05536624,13.9943737,-24.4725729,68.7375758,-7.22126531,-7.36202697,-17.9582424,-5.86273087,-21.2443677,35.4302915,68.1026551,17.3375951,-2.52823038,20.4511027,-15.2003145,6.7184127,-4.05600496,27.8493723,-3.03956758,-10.722054,-9.50239908,2.16995942,-5.60044947,21.5760058,-10.3956094,-5.05881974
1204,-1.88458618,-7.6086022,104.949343,1.08767088,-3.02352725,-0.515175971,0.542786062,4.34584404,6.20579462,0,0,-3.09804595,14.0701026,-24.8237317,68.7537292,-7.56831661,-7.43470275,-17.7828329,-5.90694012,-21.3034078,35.3781908,68.0709835,17.4774962,-2.59985644,20.4868963,-15.5945257,6.72998901,-4.36810192,28.5287713,-2.70830362,-10.9147302,-9.42282055,2.22275252,-5.64727127,21.5005151,-10.357999,-5.13627494
1205,-1.92702021,-7.70354196,104.959512,1.11069875,-3.07702097,-0.555953206,0.635477759,4.38709795,6.24199334,0,0,-3.05221282,13.9732539,-24.592745,68.7487363,-7.43491704,-7.26222681,-17.8258256,-5.89984996,-21.4055345,35.4228193,67.9623767,17.5032289,-2.68393201,20.5234361,-15.9731709,6.74998738,-4.57279457,29.2076613,-2.39504276,-10.9814612,-9.36232215,2.27267949,-5.6526637,21.4544677,-10.3119524,-5.19242549
1206,-1.97163168,-7.79721141,104.957938,1.13713128,-3.14014092,-0.565787383,0.634399016,4.39051902,6.2786023,0,0,-2.97432263,13.977475,-24.5346628,68.7539341,-7.39236667,-7.41690242,-17.8091138,-5.95099655,-21.4264161,35.5214848,67.9623425,17.7127996,-2.69130093,20.4910234,-16.3858578,6.7446688,-4.7802637,29.9637496,-2.08991195,-11.0444014,-9.28975651,2.30822721,-5.68903788,21.4020136,-10.2946609,-5.21201448
1207,-2.01737918,-7.89973587,104.951203,1.17882897,-3.1980597,-0.558581677,0.751951747,4.30842997,6.33985587,0,0,-2.96788838,14.0703229,-24.5972905,68.729284,-7.38296748,-7.33519031,-17.7583894,-5.89664105,-21.3535175,35.3002481,67.8566726,17.8522089,-2.70725092,20.493513,-16.7728324,6.70110286,-4.97027231,30.6745128,-1.84213318,-10.7805529,-9.26819873,2.31548792,-5.77277215,21.4468947,-10.3048524,-5.25717099
1208,-2.0713456,-7.9885371,104.970777,1.27834809,-3.26190622,-0.598263381,0.722278631,4.27117897,6.41755396,0,0,-3.00397525,14.1424386,-24.7818302,68.7539068,-7.70518934,-7.24639358,-17.9368571,-6.01249856,-21.398006,35.3409253,67.909552,17.952488,-2.88403628,20.7298956,-17.233684,6.56070704,-5.18014225,31.5633219,-1.50442654,-10.3832408,-9.24916982,2.25250119,-5.81554749,21.4787695,-10.2642742,-5.25116
1209,-2.11552586,-8.05093423,104.987919,1.34111645,-3.33044802,-0.635431228,0.743078104,4.38457847,6.46893107,0,0,-2.95648431,14.0628302,-24.8277598,68.7062116,-7.9204547,-7.21566541,-18.0240001,-5.99410742,-21.5454322,35.2209462,67.8431625,17.7302524,-2.80060039,20.5873889,-17.6836022,6.42964596,-5.49136494,32.4707876,-1.35413868,-10.033238,-9.20645638,2.22028874,-5.80017018,21.497392,-10.2365343,-5.24380047
1210,-2.15709284,-8.1236586,105.007696,1.42496043,-3.39704895,-0.657814466,0.846266201,4.29605409,6.54468897,0,0,-2.98073255,14.0678802,-24.7144265,68.7971555,-7.71438448,-7.25137449,-18.0893616,-6.02570132,-21.600171,35.1916584,67.7522527,17.7199969,-2.75401189,20.6046641,-18.1017123,6.27329439,-5.72333268,33.3370537,-1.30399037,-9.66707068,-9.16542829,2.16658552,-5.84041024,21.5110268,-10.2149816,-5.25075574
1211,-2.19743922,-8.20130035,105.015624,1.47871658,-3.44155741,-0.701148943,0.924765138,4.18245054,6.57431876,0,0,-2.93404671,14.1459519,-24.5762842,68.8013151,-7.4100193,-7.22624623,-18.1566645,-6.05854257,-21.5464823,35.3637142,67.6885134,18.0088985,-2.77410075,20.5552545,-18.5844956,6.15058065,-5.98528111,34.2950116,-1.44651454,-9.4535675,-9.14049724,2.16178646,-5.83056238,21.5080881,-10.190673,-5.29157722
1212,-2.24538799,-8.25466439,105.000246,1.50609249,-3.53170201,-0.760240052,0.950268211,4.27041185,6.68559449,0,0,-2.95830157,14.0547962,-24.587356,68.8342366,-7.43453199,-7.23068243,-18.2373103,-6.08551456,-21.6205557,35.2435712,67.6429492,17.9954431,-2.78055955,20.5982181,-18.9295483,6.05378876,-6.18767925,35.1409169,-1.94340013,-9.3421415,-9.08157747,2.17073892,-5.81749495,21.5424423,-10.1972308,-5.29668107
1213,-2.2819493,-8.30841735,105.012357,1.5627433,-3.6014771,-0.789542859,0.877091592,4.41073126,6.73841192,0,0,-2.91848839,14.0483963,-25.0147721,68.7486749,-7.99308779,-7.13760147,-18.1711053,-6.19407487,-21.8307992,35.4701627,67.6698533,18.2425678,-2.85552173,20.7446113,-19.4009987,5.90791812,-6.45550975,36.155702,-2.22753557,-9.49707751,-9.01667872,2.14286086,-5.82220479,21.5285104,-10.178009,-5.36517208
1214,-2.32460555,-8.36459249,105.02013,1.61178599,-3.67858548,-0.833564096,0.89560546,4.43627958,6.84108076,0,0,-2.76050804,13.3915506,-23.1109269,69.131869,-5.99971842,-7.58337633,-18.4317333,-6.29913086,-21.900532,35.5175438,67.6924544,18.0910964,-2.91999957,20.734617,-19.7609189,5.78529104,-6.6108957,37.0213021,-2.6210693,-9.6507969,-8.96792739,2.12841629,-5.81784372,21.5551157,-10.1578001,-5.39865452
1215,-2.3566192,-8.44275057,105.031312,1.67223215,-3.74936856,-0.886945246,1.13552503,4.27119861,6.86932487,0,0,-2.79872145,13.4292644,-23.022464,69.3675651,-5.61922054,-7.7805323,-18.7132789,-6.22085092,-21.8195943,35.3146154,67.6091056,17.9803074,-2.84493942,20.5889871,-20.1522102,5.67210114,-6.77611115,37.9463317,-2.90098091,-9.78920641,-8.91330807,2.11937248,-5.79012211,21.5677805,-10.1510604,-5.42938098
1216,-2.39855982,-8.50772783,105.032361,1.74189433,-3.81089987,-0.926253963,1.12487901,4.27389098,6.93314531,0,0,-2.81750661,13.4829958,-23.1845341,69.3589796,-5.83668181,-7.75444866,-18.8526472,-6.25919731,-21.8673236,35.3194853,67.5830075,18.1551312,-2.84740234,20.5676786,-20.5849436,5.50394701,-7.01467898,38.9109593,-3.06015463,-9.91626671,-8.87290324,2.08501492,-5.74772329,21.5726283,-10.1516137,-5.49229257
1217,-2.43655052,-8.57741237,105.040812,1.83187302,-3.86907868,-0.961994354,1.11405295,4.28160355,6.98965573,0,0,-2.75913389,13.4559337,-23.1642553,69.2998711,-5.88118262,-7.73590128,-18.861132,-6.35864145,-21.9659925,35.4998433,67.6121041,18.3782752,-2.83745908,20.666894,-21.0391973,5.30868044,-7.25448564,39.9278481,-3.15699049,-9.98193557,-8.83340852,2.02337161,-5.72277773,21.5777475,-10.148856,-5.53901234
1218,-2.48478558,-8.6314328,105.052829,1.89792043,-3.91880436,-0.969263097,1.10471373,4.29123539,7.06646292,0,0,-2.75323474,13.4279231,-23.3179926,69.2840046,-6.03383906,-7.72197623,-18.7345122,-6.45545255,-22.0330599,35.6967884,67.5794831,18.6016463,-2.85997459,20.6039743,-21.4792186,5.13843199,-7.43507328,40.8805366,-3.18837606,-9.79755119,-8.81500287,1.9794584,-5.71625789,21.5981561,-10.1292525,-5.56075027
1219,-2.52638962,-8.68557468,105.077255,1.96364873,-4.00192423,-0.973660804,1.10943755,4.26793975,7.14921108,0,0,-2.80447119,13.4047244,-23.3612038,69.3895788,-6.02384777,-7.72963971,-18.8072657,-6.51266904,-22.0788836,35.7002342,67.5876725,18.5134412,-2.93132061,20.6481297,-21.9161441,4.96257084,-7.66667988,41.894345,-3.19567711,-9.84750805,-8.73136037,1.93796821,-5.73140426,21.5745356,-10.0961747,-5.60731808
1220,-2.55855154,-8.75378475,105.096257,2.06245788,-4.044765,-0.983976473,1.13887535,4.19227919,7.16563598,0,0,-2.74699728,13.3543696,-23.1955768,69.4149462,-5.88782413,-7.76676349,-18.8772136,-6.51045692,-22.0902132,35.5990245,67.5635892,18.4077918,-2.92423066,20.7402673,-22.361288,4.76326763,-7.87027159,42.8730974,-3.28918538,-9.77100054,-8.69783097,1.86401668,-5.71336359,21.5683714,-10.0953884,-5.62049394
1221,-2.59044059,-8.82450417,105.11483,2.15066594,-4.10571099,-1.00103707,1.17644993,4.09500833,7.1908556,0,0,-2.69634055,13.3425457,-23.1251337,69.4769916,-5.66545579,-7.85873114,-18.801694,-6.50746615,-22.0927404,35.5341616,67.5502567,18.1728094,-2.89719912,20.7960426,-22.7318394,4.59838174,-7.97518159,43.7774828,-3.37436787,-9.70853163,-8.63531511,1.80330911,-5.71309252,21.546624,-10.0547795,-5.66165778
1222,-2.62844227,-8.87861997,105.119216,2.22120914,-4.15686348,-1.02011769,1.16409369,4.12984528,7.26015385,0,0,-2.67207182,13.2361049,-22.97663,69.4528332,-5.55972148,-7.82690331,-18.8323325,-6.57891505,-22.1641005,35.6305356,67.5817029,18.4686573,-2.96538618,20.768003,-23.1496609,4.44834853,-8.10840785,44.7511536,-3.56031935,-9.61159503,-8.59514847,1.75517996,-5.70166561,21.5436512,-10.0552764,-5.65390979
1223,-2.66553685,-8.92984197,105.147803,2.28773214,-4.20381637,-1.016076,1.19298165,4.11480947,7.30941403,0,0,-2.67329421,13.2820849,-23.1681075,69.4127878,-5.78709506,-7.83972443,-18.8731821,-6.62026544,-22.1968563,35.7514231,67.5608503,18.6982251,-2.95696029,20.6351541,-23.6434153,4.28767046,-8.26450841,45.8240465,-3.63598674,-9.62456641,-8.56039903,1.70689618,-5.71032843,21.5310785,-10.0031271,-5.68698327
1224,-2.70354543,-8.98254812,105.165565,2.34155164,-4.28282551,-1.03296349,1.19780985,4.11864633,7.40395323,0,0,-2.67725337,13.2383649,-23.217775,69.4337223,-5.78655035,-7.85871918,-18.7844733,-6.67868917,-22.2361043,35.8498905,67.5468621,18.7661582,-2.9613807,20.6149077,-24.0512749,4.17689248,-8.34111068,46.8332718,-3.75826848,-9.61668437,-8.46945677,1.68065748,-5.70617055,21.4892419,-9.96650019,-5.68094666
1225,-2.73255985,-9.04371142,105.186498,2.42208035,-4.31595113,-1.04148976,1.21334437,4.04577718,7.43462591,0,0,-2.70474723,13.3048687,-23.3302494,69.4300067,-5.89846087,-7.79566288,-18.8386197,-6.67526895,-22.2182604,35.8395325,67.5129365,18.7396263,-2.99418247,20.6270893,-24.5526005,4.03105855,-8.46245156,47.908125,-3.7430316,-9.50775395,-8.44388881,1.62286693,-5.69698224,21.476466,-9.9406317,-5.69589112
1226,-2.77822651,-9.10433605,105.194104,2.48093096,-4.35182489,-1.05628162,1.33494404,3.96381021,7.49139161,0,0,-2.70951982,13.4036307,-23.3835898,69.3463506,-5.95150668,-7.81398657,-18.8529187,-6.67861831,-22.202913,35.7591822,67.4825832,18.804496,-3.02678723,20.65587,-25.0465052,3.91113366,-8.55272446,48.9837706,-3.72816314,-9.36853591,-8.43490455,1.59270321,-5.6811409,21.4801082,-9.92150205,-5.73869122
1227,-2.80721318,-9.16387513,105.215955,2.55026525,-4.4091944,-1.0718542,1.37986854,3.88916307,7.51446399,0,0,-2.70681677,13.472882,-23.5162611,69.3727834,-6.12620157,-7.855579,-18.8839721,-6.63190366,-22.1759133,35.7309291,67.4466291,18.8430251,-3.02930095,20.6590392,-25.4893968,3.79037933,-8.57723032,50.0346464,-3.68381429,-9.19539062,-8.3749611,1.5448365,-5.68776191,21.4576455,-9.87344399,-5.71259093
1228,-2.83441655,-9.21351016,105.239761,2.62178199,-4.44233593,-1.08369962,1.39473455,3.87478296,7.53230956,0,0,-2.68692428,13.4215027,-23.5023924,69.4187711,-6.13680373,-7.89708948,-18.8963911,-6.6363595,-22.196718,35.7466556,67.4320534,18.7834966,-3.00843665,20.6283495,-25.9750284,3.66839983,-8.63443487,51.1066651,-3.70155528,-9.10812812,-8.34021081,1.49097982,-5.69458997,21.4282381,-9.82903922,-5.70971115
1229,-2.86347289,-9.25184265,105.258024,2.655556,-4.50393873,-1.1130381,1.43242973,3.89043989,7.60642736,0,0,-2.7111898,13.4287538,-23.5574488,69.4257788,-6.22331192,-7.88495906,-18.8147533,-6.67268245,-22.2160201,35.7941972,67.4415884,18.7372784,-3.04476365,20.5766211,-26.3839826,3.62128818,-8.63355975,52.1150947,-3.87604271,-9.0918108,-8.28168633,1.48017254,-5.68955825,21.4166626,-9.78208935,-5.67605667
1230,-2.89628208,-9.30335373,105.283868,2.71427859,-4.56216394,-1.12897928,1.44305099,3.8649778,7.67588014,0,0,-2.69741374,13.3927596,-23.3299386,69.4435373,-6.05256018,-7.92075181,-18.8444083,-6.70805045,-22.2212282,35.8516834,67.4691619,18.7670325,-3.10026811,20.5061045,-26.8146977,3.52877668,-8.66959924,53.1209049,-3.88664103,-9.00434254,-8.23080569,1.43846089,-5.69088032,21.4052084,-9.73012442,-5.6586256
1231,-2.92683784,-9.35797766,105.290604,2.77732812,-4.60222301,-1.14858763,1.49534036,3.84600439,7.72002963,0,0,-2.68199501,13.3391998,-23.1543498,69.4346854,-5.88453326,-7.89193183,-18.904811,-6.70335683,-22.2295866,35.7529701,67.4778977,18.573412,-3.04805174,20.6055367,-27.2713368,3.41561987,-8.74052307,54.1616755,-3.94780068,-8.97221248,-8.17925313,1.40046796,-5.68333211,21.359943,-9.71734258,-5.72107274
1232,-2.95687057,-9.41407979,105.304015,2.82877538,-4.64063838,-1.15048042,1.60686774,3.74354344,7.7637676,0,0,-2.73424553,13.3653586,-23.1584701,69.5206024,-5.82460646,-7.93898927,-18.8381125,-6.66145874,-22.1379323,35.5789916,67.4921386,18.4417174,-3.12576692,20.5420637,-27.7129649,3.32886323,-8.79520813,55.1575342,-4.06287357,-8.98943566,-8.13102004,1.37456372,-5.69575707,21.3208556,-9.67791019,-5.74877428
1233,-2.98925601,-9.47264582,105.319726,2.89289114,-4.67969441,-1.15332878,1.70794227,3.62368771,7.8238707,0,0,-2.81402727,13.4894255,-23.3981944,69.5395903,-6.03776172,-7.93370783,-18.77793,-6.6606071,-22.0548533,35.4690255,67.4970495,18.3502048,-3.08407608,20.5507432,-28.1397954,3.21173958,-8.88202325,56.1257476,-4.10413517,-9.00998001,-8.0788391,1.33874771,-5.70671483,21.27224,-9.64268092,-5.72106762
1234,-3.00803408,-9.51715261,105.343354,2.93022656,-4.7069729,-1.14629828,1.65634371,3.63069591,7.83181507,0,0,-2.80100103,13.5171322,-23.4215878,69.5357654,-6.13022157,-7.96268405,-18.8244709,-6.68009875,-22.0788034,35.5355618,67.507247,18.2495244,-3.06847444,20.5509037,-28.5683129,3.12512445,-8.97305259,57.0802973,-4.11433563,-9.03615244,-8.03675916,1.32043021,-5.72165075,21.2285558,-9.57553077,-5.72598365
1235,-3.02309114,-9.56147313,105.354595,2.95156286,-4.71642962,-1.14977156,1.7218146,3.56666289,7.81017703,0,0,-2.76330201,13.6113094,-23.4062626,69.4819845,-6.05966358,-7.89794411,-18.8313626,-6.64221297,-21.9958063,35.5026642,67.5304218,18.262512,-3.09946642,20.5411758,-28.982709,3.05846629,-9.04660263,57.9842284,-4.24940091,-9.02510546,-8.03567828,1.32065005,-5.70582904,21.2370321,-9.52566015,-5.66871721
1236,-3.04418635,-9.59494784,105.368531,2.99397822,-4.71804916,-1.1527006,1.73694411,3.5522672,7.79554676,0,0,-2.72741364,13.6018035,-23.3026247,69.464547,-5.98342757,-7.91139872,-18.8645676,-6.61627704,-21.9714072,35.4908616,67.5650099,18.1773771,-3.20537213,20.4439241,-29.4389145,2.95027801,-9.13717094,58.9463835,-4.29333141,-8.91293924,-8.08084206,1.28167795,-5.6830828,21.2990843,-9.49250982,-5.59277575
1237,-3.06819156,-9.63490084,105.388141,3.04134476,-4.74688926,-1.14982032,1.73535278,3.53561519,7.83335271,0,0,-2.74298882,13.5847331,-23.2932417,69.4900304,-6.01971209,-7.96322022,-18.8209517,-6.63845594,-21.962405,35.6104719,67.5927883,18.2498557,-3.30702285,20.307766,-29.8766886,2.84423527,-9.24803259,59.9071111,-4.31690068,-8.98149983,-8.04698139,1.24842923,-5.68922016,21.2752965,-9.44460117,-5.60246992
1238,-3.09400763,-9.67440009,105.399525,3.11560735,-4.76665111,-1.14456128,1.72219698,3.51567659,7.86429262,0,0,-2.78297765,13.5765378,-23.3762456,69.4938963,-6.15793719,-7.95742652,-18.7608563,-6.63865487,-21.9946947,35.6274347,67.5652695,18.1530463,-3.25116578,20.2733897,-30.3662322,2.69422682,-9.35503434,60.938176,-4.31546634,-9.05544516,-8.00830459,1.1842738,-5.71730163,21.2175028,-9.46100984,-5.63524459
1239,-3.11287697,-9.70849916,105.409157,3.16255104,-4.77639232,-1.1416887,1.71775373,3.50779818,7.86797836,0,0,-2.78260071,13.5050154,-23.2754183,69.5266198,-6.10723371,-7.96876378,-18.7260872,-6.65457946,-22.0091952,35.6505958,67.5821059,18.1317719,-3.22098317,20.2838843,-30.7987129,2.59615789,-9.42416097,61.9022503,-4.44307135,-9.09255358,-7.98062098,1.1512318,-5.720067,21.1647482,-9.47072664,-5.66579474
1240,-3.13857794,-9.75225121,105.40731,3.20954297,-4.79167728,-1.12881307,1.71684009,3.4762807,7.88611251,0,0,-2.82919306,13.4975492,-23.2236455,69.5794581,-6.02856103,-7.92636708,-18.789473,-6.66677348,-21.9892049,35.6730842,67.5919209,18.1630457,-3.20372392,20.2750375,-31.2858113,2.510334,-9.51669296,62.9230767,-4.50863391,-9.14631998,-7.95429573,1.11716356,-5.7482458,21.1253055,-9.49215124,-5.69078939
1241,-3.17178108,-9.79376808,105.406928,3.26380697,-4.81515256,-1.10841414,1.73736171,3.41831929,7.92077743,0,0,-2.84979441,13.4795516,-23.0944303,69.6083088,-5.8575459,-7.91984169,-18.8090245,-6.68168933,-21.9649321,35.6725515,67.5803778,18.1874755,-3.13668775,20.2853067,-31.7246475,2.41728249,-9.57403752,63.8893163,-4.66675322,-8.99575358,-7.92367343,1.07040089,-5.76594751,21.0871094,-9.52330459,-5.69258274
1242,-3.19265574,-9.83999074,105.426037,3.31831596,-4.82342321,-1.08205252,1.77092291,3.33711517,7.92723025,0,0,-2.83597352,13.4946583,-23.039741,69.597401,-5.82661411,-7.96793647,-18.7472983,-6.65401212,-21.9203891,35.582212,67.5346634,18.1249622,-3.03619198,20.351247,-32.1927511,2.34213206,-9.62020619,64.885957,-4.69664767,-9.05333378,-7.90789398,1.02903171,-5.80333042,21.0539318,-9.49617678,-5.65654837
1243,-3.21496092,-9.86764804,105.435073,3.35811123,-4.84114693,-1.08584303,1.78706126,3.31650593,7.9391882,0,0,-2.83878542,13.4766778,-22.9705085,69.6319549,-5.83949969,-8.0266428,-18.7219805,-6.63594798,-21.9351525,35.585149,67.46449,18.1354568,-2.88514789,20.3668694,-32.627619,2.29560054,-9.65079433,65.8557619,-4.77341345,-9.01650796,-7.89417213,1.00086679,-5.78706176,21.0348585,-9.49847685,-5.68944641
1244,-3.23625989,-9.90947038,105.448258,3.40511252,-4.86710001,-1.07548198,1.83758193,3.24399664,7.96429939,0,0,-2.86216132,13.5132023,-22.9662754,69.6612291,-5.78824808,-8.06427116,-18.7732479,-6.63185755,-21.8975011,35.5632275,67.4426539,18.0731689,-2.75914755,20.3992411,-33.0923656,2.21700726,-9.721398,66.8850099,-4.73477934,-9.08214694,-7.86877066,0.967200036,-5.81799313,21.0198167,-9.47069676,-5.67454421
1245,-3.25626172,-9.94063541,105.453849,3.45334929,-4.88367123,-1.0622823,1.81372813,3.20774562,7.97016311,0,0,-2.86524024,13.5087183,-22.9208103,69.6772254,-5.72047254,-8.0380791,-18.7826582,-6.60889744,-21.8880942,35.5197294,67.4066588,17.946322,-2.64495106,20.4117079,-33.5153387,2.14662942,-9.75118275,67.8402802,-4.82075563,-9.03002747,-7.85380828,0.924045194,-5.83154636,21.0024851,-9.47094862,-5.7307699
1246,-3.28211188,-9.96387452,105.462563,3.49218776,-4.90873942,-1.06097479,1.84609811,3.19703952,7.99881405,0,0,-2.88444182,13.4990868,-22.9362943,69.6700537,-5.73336324,-8.03391183,-18.7752082,-6.60821186,-21.9073229,35.5541809,67.4145818,17.7796791,-2.60478912,20.4110078,-33.922295,2.10170598,-9.76195908,68.774814,-4.89630136,-8.97126906,-7.84101106,0.88987237,-5.82843563,21.0072252,-9.4420851,-5.70444379
1247,-3.30029353,-9.98434573,105.48594,3.54836729,-4.94118416,-1.06030319,1.89516896,3.14624596,8.03401087,0,0,-2.91973149,13.5283866,-23.0453349,69.6957489,-5.85075712,-8.07427227,-18.7633476,-6.58690082,-21.8814484,35.5087943,67.4127513,17.5916013,-2.51875477,20.3492424,-34.3809866,1.97809941,-9.85695079,69.8031195,-4.82699842,-8.94960541,-7.82244063,0.830422403,-5.82606214,21.0182321,-9.41277846,-5.66712492
1248,-3.32060307,-10.0116104,105.502129,3.61252578,-4.954506,-1.05734238,1.94221658,3.0989262,8.05591272,0,0,-2.94992541,13.5188568,-23.0605355,69.6983853,-5.84644599,-8.05175228,-18.7339112,-6.59936165,-21.9098262,35.6237225,67.4093431,17.6185071,-2.50047313,20.295692,-34.7614999,1.9147906,-9.84488355,70.6678624,-4.82838495,-9.04636357,-7.82449652,0.766407523,-5.83758937,21.0197654,-9.39261404,-5.66280739
1249,-3.33947614,-10.035859,105.510116,3.66641025,-4.98148569,-1.07117332,2.00994538,3.01871694,8.0864855,0,0,-2.98281789,13.5712811,-23.1421972,69.710789,-5.87714555,-8.0553424,-18.7399934,-6.58257902,-21.8243054,35.5269011,67.46602,17.4171429,-2.50830501,20.2303151,-35.1119637,1.84403624,-9.85722143,71.5293815,-4.81981605,-9.01664542,-7.81919715,0.713621793,-5.8347113,21.0464544,-9.38616805,-5.59969046
1250,-3.35993804,-10.0548267,105.51194,3.70283415,-4.99052305,-1.06488725,2.02776172,2.99600015,8.08409493,0,0,-2.99718391,13.6292071,-23.3002614,69.681146,-6.04844072,-8.04055162,-18.7218046,-6.56188611,-21.8331846,35.5797497,67.4557132,17.3753643,-2.4887664,20.1411436,-35.4028751,1.77812502,-9.9105396,72.2871022,-4.91681028,-9.25832142,-7.83506368,0.673402277,-5.85487743,21.0685415,-9.36252962,-5.6145346
1251,-3.3748161,-10.0673325,105.524135,3.75247148,-5.00260007,-1.05497876,2.03553767,2.96064368,8.09698948,0,0,-3.01310188,13.6002436,-23.2514171,69.6881332,-5.99752935,-8.05038112,-18.6948186,-6.53990485,-21.821855,35.5620288,67.4549209,17.2113954,-2.47039917,20.0511934,-35.7163706,1.68271123,-9.92704475,73.0400144,-4.96924181,-9.19256121,-7.83350895,0.613778408,-5.8703969,21.0751822,-9.34332995,-5.57388772
1252,-3.38625088,-10.0723147,105.537963,3.78702752,-5.01427201,-1.0568418,2.0380674,2.97583872,8.09702021,0,0,-3.03672238,13.519066,-23.1650442,69.7479794,-5.93412385,-8.0699923,-18.6733752,-6.53286292,-21.8584239,35.6550491,67.4523801,17.1812674,-2.42682235,19.9500485,-36.0507186,1.61609821,-9.96272993,73.82509,-4.93659948,-9.22168855,-7.83022193,0.571378461,-5.88700408,21.0757901,-9.30596199,-5.53004089
1253,-3.39541323,-10.0845046,105.549562,3.85215155,-5.01860975,-1.06466544,2.06634588,2.91727518,8.10334924,0,0,-3.02860812,13.4985592,-23.1003811,69.7202556,-5.87420132,-8.0365534,-18.6414082,-6.51752744,-21.8465718,35.6573748,67.4673792,17.0893143,-2.45569334,19.9037211,-36.3576912,1.50690579,-9.96994944,74.546802,-4.94449005,-9.27369276,-7.83780002,0.496223649,-5.8902386,21.0827159,-9.29639119,-5.52790859
1254,-3.40668671,-10.091088,105.551839,3.90926945,-5.02843237,-1.08550085,2.1115549,2.85256832,8.11637782,0,0,-3.02155894,13.48829,-23.0283636,69.6938364,-5.78153614,-8.02948928,-18.6464967,-6.50552851,-21.8233628,35.6587613,67.4817158,17.0180515,-2.49988787,19.8474352,-36.5897571,1.40991764,-9.97108923,75.1860735,-5.08992186,-9.16958531,-7.85151419,0.424195008,-5.89977568,21.1140186,-9.28757597,-5.46708832
1255,-3.41011062,-10.1000011,105.56035,3.96989987,-5.05034342,-1.12858857,2.14938391,2.82048606,8.13316899,0,0,-3.01353154,13.5071405,-23.1234279,69.6460456,-5.89861839,-7.98433063,-18.6338233,-6.48900756,-21.8381502,35.7340949,67.4792364,16.9821572,-2.52386632,19.7448748,-36.8905313,1.32388105,-9.97880734,75.9060711,-5.09551237,-9.32061104,-7.83583463,0.356235933,-5.89408784,21.1262464,-9.27469082,-5.46494577
1256,-3.41943428,-10.1063766,105.575812,4.02567206,-5.0634854,-1.13735381,2.22084604,2.74191712,8.14756361,0,0,-2.99795594,13.5518885,-23.2127104,69.5764801,-6.01755333,-7.95360417,-18.5666415,-6.47904914,-21.8177382,35.7250688,67.4963255,16.9661353,-2.54037318,19.7408842,-37.0814897,1.245058,-9.95879318,76.4443515,-5.18878458,-9.27612175,-7.82427795,0.290692638,-5.90654866,21.119978,-9.24909554,-5.47492767
1257,-3.41542363,-10.1052031,105.599248,4.07995534,-5.06902497,-1.16828646,2.2548781,2.70871535,8.14549663,0,0,-2.96472493,13.5280554,-23.1851301,69.5437362,-6.04843859,-7.943656,-18.5305884,-6.47429747,-21.8282566,35.7545274,67.4993376,16.9474393,-2.49182803,19.7137291,-37.3375057,1.16974268,-9.96639176,77.0377924,-5.20517831,-9.39685217,-7.79663532,0.228570546,-5.90286805,21.0775215,-9.21506583,-5.46886246
1258,-3.41330059,-10.092371,105.603647,4.123109,-5.07285151,-1.20344469,2.2821551,2.6827442,8.1417349,0,0,-2.9321366,13.4899882,-23.1127932,69.5289625,-6.01226548,-7.98842789,-18.5375825,-6.4846499,-21.8120435,35.7320868,67.569429,16.8599139,-2.53994586,19.720199,-37.4696152,1.1196188,-9.91464881,77.4688457,-5.40140281,-9.16294637,-7.78645407,0.172876477,-5.88726661,21.0634069,-9.21863034,-5.44467719
1259,-3.41188498,-10.0879222,105.60621,4.16275717,-5.07894458,-1.23092727,2.32179325,2.64657771,8.14075392,0,0,-2.90036939,13.5199394,-23.1947555,69.4583452,-6.08905217,-7.96799453,-18.5108525,-6.47812323,-21.815754,35.7629593,67.5748249,16.8610852,-2.53296904,19.6641846,-37.6499254,1.0384928,-9.93421645,77.9264957,-5.42982537,-9.14120502,-7.77285175,0.121726071,-5.87812142,21.0540598,-9.22487484,-5.43784017
1260,-3.40920016,-10.0730821,105.617821,4.18528421,-5.08361286,-1.24108297,2.2993834,2.67283765,8.12693132,0,0,-2.86883185,13.4806146,-23.228985,69.427261,-6.20774976,-7.95649846,-18.5180994,-6.48809957,-21.8790545,35.8353183,67.5937104,16.8167983,-2.52852899,19.673624,-37.7954494,0.997900136,-9.91975438,78.3029894,-5.55204947,-9.1999216,-7.75871497,0.0806795552,-5.87157511,21.0397574,-9.20193565,-5.42655712
1261,-3.40544768,-10.0586526,105.636334,4.21956379,-5.08892108,-1.2418333,2.32362758,2.6338441,8.12499155,0,0,-2.88664925,13.4768375,-23.2830699,69.4702297,-6.29382765,-7.99638762,-18.5052364,-6.48936657,-21.8746302,35.8565773,67.6167076,16.8264528,-2.52870209,19.6332251,-37.9403519,0.913838437,-9.93723454,78.636972,-5.52206408,-9.20801025,-7.74455684,0.0290311988,-5.8812283,21.0247942,-9.18083378,-5.37878977
1262,-3.39975655,-10.0378983,105.650544,4.23873682,-5.08914262,-1.25196626,2.31254475,2.6461933,8.11536098,0,0,-2.84796904,13.4568916,-23.3437458,69.4166947,-6.43526678,-7.96920005,-18.4532382,-6.48635574,-21.8943421,35.8710812,67.6179166,16.7547597,-2.48223076,19.5591312,-38.0325526,0.889854868,-9.91690277,78.8804545,-5.63865968,-9.09998483,-7.74217823,-0.00789592296,-5.87285449,21.0226734,-9.16431753,-5.34336926
1263,-3.38699259,-10.0223549,105.650473,4.257283,-5.09238012,-1.27563732,2.3484154,2.65198935,8.09887034,0,0,-2.85281121,13.4445674,-23.4503668,69.4509481,-6.58167914,-7.97662874,-18.4404674,-6.48184355,-21.9249875,35.874469,67.6387828,16.6900436,-2.453843,19.5684288,-38.1064382,0.894154045,-9.86227492,79.0861867,-5.75268457,-9.08819848,-7.73296772,-0.0377136099,-5.8392094,21.0244339,-9.15877654,-5.27958981
1264,-3.37450169,-10.0049324,105.651307,4.26663409,-5.09469869,-1.29094543,2.36056482,2.67778057,8.08207747,0,0,-2.83483757,13.4134977,-23.4535497,69.45799,-6.60139918,-7.9646059,-18.5093055,-6.4496486,-21.9490246,35.8253257,67.6418427,16.575112,-2.4481795,19.5383196,-38.1866451,0.889107976,-9.85515872,79.2476114,-5.73559671,-9.21322936,-7.72201551,-0.0608340537,-5.81394453,21.0209983,-9.16822013,-5.30463568
1265,-3.36582176,-9.98476222,105.661666,4.27766723,-5.09588776,-1.30983978,2.37103059,2.70581551,8.06613068,0,0,-2.81230392,13.3741644,-23.5000257,69.4482775,-6.6797978,-7.93094502,-18.4587894,-6.42101815,-21.9814202,35.7867762,67.6433727,16.4564717,-2.42221026,19.5449193,-38.2474679,0.907610051,-9.81786332,79.3377767,-5.68730045,-9.26207717,-7.71196574,-0.0847680904,-5.78707628,21.0127543,-9.15465537,-5.27094108
1266,-3.34957093,-9.9641107,105.679798,4.28582918,-5.08590634,-1.30047308,2.3805444,2.71871689,8.03881761,0,0,-2.7958833,13.3350803,-23.5117634,69.4535231,-6.70250689,-7.91782252,-18.4112445,-6.40274014,-22.0128989,35.7783067,67.6450597,16.3744189,-2.41568167,19.5401125,-38.2577269,0.920619747,-9.78769096,79.3297512,-5.67902055,-9.22452906,-7.70541388,-0.107812648,-5.77340181,20.9925847,-9.1350587,-5.2692489
1267,-3.33401859,-9.94172767,105.68949,4.28309298,-5.07777424,-1.30234739,2.41512544,2.74684382,8.01279459,0,0,-2.77115396,13.2667947,-23.4211712,69.4722446,-6.62662819,-7.95642504,-18.4810985,-6.37891003,-22.0498451,35.7413793,67.6498614,16.2990478,-2.41924276,19.5476821,-38.240508,0.95998789,-9.76859546,79.2538337,-5.68775167,-9.21620989,-7.70380452,-0.116455219,-5.76444103,20.9833657,-9.12536837,-5.27604195
1268,-3.31558548,-9.91769508,105.689931,4.2878602,-5.06761864,-1.31039165,2.42382112,2.77901465,7.98110593,0,0,-2.75803316,13.1972061,-23.3189591,69.5223031,-6.46297003,-7.98895979,-18.5392559,-6.35711319,-22.0819299,35.6730364,67.6655503,16.1877959,-2.39704656,19.5647132,-38.2415666,0.994880979,-9.73589764,79.1586413,-5.58279898,-9.17287661,-7.69623325,-0.137402555,-5.75395882,20.9652981,-9.12327577,-5.22566504
1269,-3.30016315,-9.89326984,105.686355,4.28022714,-5.06022003,-1.31118007,2.44980038,2.80602356,7.96195152,0,0,-2.77101116,13.2042771,-23.4385369,69.5250147,-6.55880441,-7.95381676,-18.5667474,-6.33210787,-22.0964201,35.5749173,67.6677428,16.0005446,-2.3234421,19.6555513,-38.1840394,1.05194209,-9.69787739,78.9609688,-5.56451243,-9.14794727,-7.70156336,-0.147592477,-5.73570045,20.9776351,-9.12732095,-5.19440838
1270,-3.28158773,-9.8581396,105.696499,4.26382789,-5.04575072,-1.30793679,2.44261887,2.84765037,7.93110211,0,0,-2.78922279,13.1645348,-23.4158778,69.5899561,-6.54037656,-8.00072394,-18.5884145,-6.35743635,-22.1574513,35.661391,67.6768064,16.0375403,-2.29993622,19.6653406,-38.0737113,1.11403704,-9.65438787,78.6692719,-5.64556372,-9.12387171,-7.70393685,-0.149095105,-5.72928946,20.9691657,-9.1072863,-5.20256448
1271,-3.26344408,-9.8245658,105.705667,4.25295786,-5.03618845,-1.29629132,2.46134661,2.85640368,7.91021881,0,0,-2.80667435,13.1660699,-23.4927874,69.6133632,-6.61623392,-7.98423159,-18.5866967,-6.34931696,-22.1528972,35.6070056,67.6978229,15.9930194,-2.31174262,19.6783983,-37.9541352,1.19324173,-9.60526003,78.3003802,-5.63379317,-9.0731012,-7.70670905,-0.158109715,-5.73407486,20.9712182,-9.10079677,-5.21347229
1272,-3.24115045,-9.79169533,105.703104,4.24585833,-5.02613698,-1.29699126,2.44908791,2.89087436,7.88032905,0,0,-2.77590072,13.1205134,-23.452573,69.6126118,-6.56483248,-7.98682194,-18.6116166,-6.34740408,-22.1946997,35.6575114,67.7158615,16.0108974,-2.3388318,19.6587939,-37.8489195,1.22691883,-9.60559214,77.9519791,-5.49797742,-9.12192852,-7.70634364,-0.170646127,-5.72193249,20.9756424,-9.10755524,-5.18030703
1273,-3.2219138,-9.76655334,105.691707,4.23184396,-5.00993688,-1.2847871,2.4252894,2.9239487,7.85659926,0,0,-2.79125734,13.0785103,-23.4100431,69.6681071,-6.49302414,-8.01624896,-18.6674722,-6.35860943,-22.2299042,35.6849107,67.7464812,16.0057714,-2.38866656,19.641826,-37.6907392,1.27796351,-9.59645506,77.5033723,-5.54544297,-9.1828521,-7.71047249,-0.173762414,-5.71380414,20.9715033,-9.13611055,-5.19199476
1274,-3.19497399,-9.74018872,105.682766,4.19923682,-4.99578955,-1.26972612,2.40613456,2.95869153,7.8171054,0,0,-2.77570436,13.1057038,-23.517067,69.6406566,-6.54362047,-7.99956451,-18.7008462,-6.34353179,-22.2575238,35.7305159,67.7518224,16.0278124,-2.41651623,19.5652784,-37.4927628,1.37296076,-9.57623428,76.9602152,-5.55135748,-9.29797664,-7.71579064,-0.156266657,-5.71823267,20.9881365,-9.15516251,-5.1871735
1275,-3.16671059,-9.7056061,105.688405,4.17724961,-4.98250338,-1.22719008,2.35822441,2.99741464,7.77232668,0,0,-2.78106328,13.0995891,-23.6028235,69.6620419,-6.58942671,-7.99886527,-18.7110386,-6.31436389,-22.3126332,35.7577342,67.7247407,15.9552348,-2.3221196,19.5737444,-37.3088667,1.42504117,-9.58852435,76.406642,-5.4282604,-9.12354386,-7.71659319,-0.163408968,-5.73189817,20.9985099,-9.15132821,-5.20960897
1276,-3.13635059,-9.67220142,105.68738,4.14297771,-4.96844771,-1.17602753,2.34713517,3.05344439,7.71690226,0,0,-2.74877228,13.0502649,-23.6494122,69.6435184,-6.61857411,-7.97218997,-18.6476834,-6.23711701,-22.3491576,35.6754919,67.7021874,15.832749,-2.30482578,19.5276765,-37.1129769,1.49630576,-9.60912762,75.8129278,-5.25687985,-9.3768013,-7.71400113,-0.152371835,-5.76584719,21.0069486,-9.17125102,-5.18863901
1277,-3.11328899,-9.63324234,105.675709,4.11402643,-4.94875572,-1.10697822,2.30941972,3.09355553,7.68184802,0,0,-2.74624041,13.0324517,-23.6511197,69.6191278,-6.54678627,-7.92473211,-18.6368695,-6.21444079,-22.39054,35.6556638,67.6989226,15.7711629,-2.31591502,19.4985372,-36.8628076,1.5397828,-9.62513844,75.1259952,-5.23644734,-9.25764096,-7.72548183,-0.158510788,-5.80975336,21.0224087,-9.20886146,-5.17060902
1278,-3.09201013,-9.60153863,105.655921,4.08779887,-4.93236298,-1.06824431,2.29972,3.11192703,7.66481523,0,0,-2.76569044,12.9968553,-23.6031923,69.6428559,-6.51507498,-7.89890289,-18.5957023,-6.20809981,-22.4120397,35.6339643,67.6978024,15.70762,-2.31105214,19.4700587,-36.6083864,1.59803812,-9.62729422,74.4345137,-5.15417345,-9.30220709,-7.73064374,-0.157561098,-5.8335348,21.0271079,-9.24431782,-5.18806058
1279,-3.07153631,-9.56782997,105.642426,4.04753765,-4.91909972,-1.04328468,2.28050049,3.15397475,7.63835764,0,0,-2.75014643,12.9213775,-23.4234456,69.6792881,-6.31747206,-7.94578617,-18.6113315,-6.19598049,-22.4459124,35.6730194,67.701402,15.6995313,-2.33081742,19.3993731,-36.3099994,1.68386713,-9.63986945,73.6693344,-5.14119822,-9.44529102,-7.74362537,-0.137974797,-5.83045267,21.052173,-9.27322148,-5.20862329
1280,-3.04840747,-9.52029899,105.641615,4.01288176,-4.90476071,-0.985828395,2.23859407,3.1887037,7.60782072,0,0,-2.75105249,12.86189,-23.3466162,69.725911,-6.1980129,-7.99776476,-18.584902,-6.19473654,-22.4844073,35.7328177,67.6947835,15.7011415,-2.29153743,19.3286465,-36.0137024,1.74036731,-9.65762282,72.8799899,-4.99570708,-9.33166826,-7.76109614,-0.139499023,-5.84256559,21.0879495,-9.29704774,-5.17961718
1281,-3.01267393,-9.46927592,105.630267,3.94890857,-4.90070221,-0.936199215,2.17047446,3.292342,7.56421167,0,0,-2.75403985,12.8741638,-23.5798279,69.6783114,-6.39226433,-7.93069145,-18.4181259,-6.16257532,-22.5629101,35.8095275,67.677346,15.7217363,-2.25208178,19.255893,-35.6879809,1.81163874,-9.71717694,72.0616445,-4.83611928,-9.3934422,-7.69655427,-0.096560999,-5.90110372,21.0041328,-9.34594762,-5.23734124
1282,-2.97147371,-9.4153069,105.621922,3.90472328,-4.87565113,-0.882427632,2.1632637,3.37767475,7.4946018,0,0,-2.76427169,12.8158263,-23.6888463,69.7039656,-6.46616314,-7.91947884,-18.3772353,-6.08546462,-22.6359419,35.7020306,67.6790536,15.6272099,-2.27633855,19.2504493,-35.3445829,1.85757859,-9.74019212,71.1883433,-4.66572271,-9.37756115,-7.70768065,-0.0925367102,-5.9258892,21.0287284,-9.38738894,-5.23501514
1283,-2.93221939,-9.3653515,105.603504,3.85477531,-4.85341995,-0.821752878,2.1299772,3.4419622,7.41770838,0,0,-2.71914164,12.8410835,-23.8235786,69.636538,-6.50452959,-7.81487961,-18.3981715,-6.03212041,-22.6823616,35.6895996,67.705944,15.5636088,-2.34853216,19.2202582,-34.921538,1.9079952,-9.77141548,70.2141739,-4.6620882,-9.36670201,-7.69978239,-0.0785879632,-5.95758811,21.0241009,-9.44343321,-5.21883143
1284,-2.89312471,-9.32132825,105.602336,3.80513357,-4.83318464,-0.773181425,2.12497238,3.4607862,7.36427923,0,0,-2.69570598,12.8805073,-23.8868278,69.5868074,-6.45852827,-7.79062732,-18.3505497,-5.99370487,-22.6977534,35.6467129,67.7129381,15.3978333,-2.30393038,19.1584638,-34.4807928,1.99151454,-9.7798943,69.1648861,-4.57219096,-9.382957,-7.71253264,-0.0561556943,-5.97206213,21.0518281,-9.44280568,-5.21736892
1285,-2.86475904,-9.27125514,105.601192,3.72351943,-4.82509665,-0.702139471,2.11761477,3.47442075,7.35736878,0,0,-2.7313474,12.901552,-23.8234983,69.608302,-6.30005337,-7.83100398,-18.2990091,-5.98789408,-22.6435951,35.5151634,67.7476492,15.1306466,-2.29734138,19.2497475,-34.0031167,2.08649152,-9.84099547,68.0346059,-4.46411303,-9.35056056,-7.73433461,-0.00323316743,-5.99175399,21.1163392,-9.43210107,-5.21201576
1286,-2.81839948,-9.21435133,105.609763,3.64195016,-4.80048248,-0.643901071,2.08410331,3.56087195,7.29706077,0,0,-2.72577482,12.8665831,-23.8323793,69.5957686,-6.34289317,-7.75633379,-18.2892915,-5.94789137,-22.6715272,35.4393347,67.7870115,14.8587162,-2.30415151,19.3937672,-33.5586523,2.18091313,-9.89620218,66.9392826,-4.24103094,-9.54676287,-7.7446388,0.0495645684,-6.04097276,21.1345724,-9.38721477,-5.2104239
1287,-2.77866889,-9.15310979,105.608523,3.57510575,-4.77310233,-0.587111975,2.07616684,3.61748931,7.25099456,0,0,-2.74955071,12.9051908,-23.94407,69.5426639,-6.34992399,-7.6047958,-18.1958323,-5.91849424,-22.7226819,35.436729,67.7821553,14.8288154,-2.27598509,19.3659103,-33.0968564,2.27203511,-9.89933723,65.7835395,-4.04246838,-9.45472436,-7.77085904,0.0757415952,-6.06300781,21.168346,-9.38582825,-5.19972953
1288,-2.74415892,-9.09615085,105.589366,3.51477711,-4.73903176,-0.529593616,2.02593955,3.6698107,7.19797437,0,0,-2.72913762,12.8669622,-23.8577569,69.498172,-6.1009811,-7.50959748,-18.0636169,-5.92662046,-22.7195707,35.5089685,67.8301988,14.9065412,-2.27042702,19.2901174,-32.6038056,2.34085118,-9.91871448,64.5746916,-3.90215153,-9.58060048,-7.78886598,0.0994284044,-6.10382374,21.1765319,-9.42520599,-5.1745654
1289,-2.70904787,-9.04095322,105.577326,3.43916768,-4.71475504,-0.492313883,1.97820122,3.72789206,7.16136327,0,0,-2.7178375,12.8414557,-23.7755658,69.4929606,-5.97560145,-7.54440754,-18.022716,-5.93833466,-22.7141971,35.5694259,67.8788639,14.8519048,-2.26601686,19.2407197,-32.0744454,2.49219174,-9.8834929,63.3158263,-3.78209772,-9.59391935,-7.80410499,0.148303324,-6.10466897,21.2009038,-9.445875,-5.15208896
1290,-2.6674252,-8.97669494,105.563188,3.3587331,-4.67640984,-0.455560316,1.92994935,3.84151311,7.07684779,0,0,-2.70497753,12.8052062,-23.8463026,69.4870251,-6.1235314,-7.51286316,-17.9988599,-5.89817656,-22.7301541,35.5855963,67.9226728,14.9018506,-2.25283331,19.2074243,-31.5253392,2.64539651,-9.82476438,62.0013154,-3.65064945,-9.82070554,-7.81744093,0.204297495,-6.11255485,21.1953799,-9.46821057,-5.12313877
1291,-2.6214771,-8.89925063,105.546772,3.25574026,-4.63424594,-0.413167323,1.92630288,3.96870532,7.00398547,0,0,-2.69515401,12.7168278,-23.7920641,69.4752567,-6.07265972,-7.51296732,-17.824953,-5.86932926,-22.751507,35.5793126,68.0033032,15.0428957,-2.29945426,19.2166945,-30.9504558,2.80624832,-9.76259002,60.6343282,-3.54009409,-9.8724963,-7.83165712,0.27616824,-6.1314732,21.1882269,-9.49143236,-5.11271975
1292,-2.58342884,-8.8443324,105.533946,3.19359368,-4.58794614,-0.386227007,1.9532785,3.98036147,6.94424949,0,0,-2.70593141,12.8172376,-23.8666822,69.4019893,-6.1478648,-7.43207312,-17.7972549,-5.84112228,-22.7282587,35.4899805,68.0097713,14.9553173,-2.20644288,19.239924,-30.4561892,2.90663951,-9.75043057,59.3640291,-3.19171581,-10.1011744,-7.85709872,0.313009961,-6.11202423,21.1841544,-9.51618497,-5.09811851
1293,-2.55312324,-8.77843797,105.510211,3.11781939,-4.55450829,-0.360085758,1.90262881,4.0150076,6.91052415,0,0,-2.6753597,12.8066184,-23.7763154,69.380078,-6.08827481,-7.46736813,-17.7034661,-5.90775462,-22.741733,35.5887246,68.0463948,14.841523,-2.14799588,19.1953826,-29.8654837,3.07643396,-9.60392131,57.9792629,-3.03739644,-10.1332217,-7.89118222,0.35650135,-6.10775067,21.2157424,-9.56902331,-5.08622843
1294,-2.5133457,-8.71382356,105.499232,3.04782942,-4.52856978,-0.359327245,1.93095787,4.00472048,6.88297415,0,0,-2.6532794,12.8397687,-23.6260188,69.3656322,-5.83889948,-7.46366104,-17.7103151,-5.9550699,-22.7320187,35.728098,68.0746445,14.8595,-2.09986205,19.2076616,-29.2786304,3.22835828,-9.50028941,56.636796,-2.81766904,-10.2862692,-7.90674822,0.404059344,-6.07880006,21.2389001,-9.58933032,-5.03311773
1295,-2.46105772,-8.63700435,105.494893,2.9709123,-4.47800026,-0.329303399,1.94721244,4.07586288,6.79097449,0,0,-2.66622325,12.8929613,-23.8489135,69.3322735,-6.07886879,-7.35246044,-17.7075506,-5.91736427,-22.7609924,35.635648,68.0979627,14.8938576,-2.00401208,19.1894762,-28.7278269,3.35734726,-9.39848373,55.2982224,-2.62740921,-10.3669252,-7.93891841,0.442376518,-6.09759973,21.2545208,-9.6135015,-4.99211654
1296,-2.40329914,-8.54617655,105.468678,2.855715,-4.43984557,-0.292534999,1.90018403,4.23091842,6.70969866,0,0,-2.60778586,12.8117717,-23.7359404,69.3128553,-5.9852158,-7.38583445,-17.6909805,-5.84041963,-22.7959425,35.6364574,68.0834418,14.9978096,-2.0543002,19.1666907,-28.1141617,3.55599819,-9.25832484,53.9035797,-2.62000699,-10.5376739,-7.95470127,0.516749594,-6.11781026,21.2807692,-9.67277645,-4.95740381
1297,-2.36871988,-8.47096145,105.437517,2.75593449,-4.38728372,-0.249791113,1.82531405,4.30803339,6.63560178,0,0,-2.59092618,12.8142408,-23.6627515,69.3365424,-6.08068903,-7.50894861,-17.6959956,-5.85917277,-22.7807453,35.6122204,68.1342584,14.6010661,-2.08108265,19.3892917,-27.519271,3.72050052,-9.1393916,52.4895188,-2.56639876,-10.5075212,-8.00956733,0.579821322,-6.13127171,21.3199369,-9.73048301,-4.93078016
1298,-2.32540052,-8.39610249,105.415952,2.64941139,-4.34547229,-0.222430642,1.83845982,4.3491443,6.57778252,0,0,-2.59360895,12.8318747,-23.7491466,69.3514664,-6.23389359,-7.40525097,-17.463677,-5.82840148,-22.7641889,35.5992328,68.1073406,14.51769,-1.99254803,19.228282,-26.9490236,3.91339104,-8.99444389,51.1545925,-2.46327677,-10.7147986,-8.01997141,0.655217699,-6.14317075,21.3072942,-9.77238451,-4.92811083
1299,-2.27501746,-8.31679702,105.404317,2.53639466,-4.31223157,-0.188149166,1.85474171,4.42885559,6.52982093,0,0,-2.59508918,12.8064374,-23.6975394,69.3499296,-5.91746971,-7.38022174,-17.2344609,-5.81619679,-22.7804226,35.6770628,68.0912213,14.7157501,-2.15232003,19.1772314,-26.3428614,4.10353326,-8.8380411,49.7614457,-2.34227613,-10.7642748,-8.01215511,0.738950909,-6.16541668,21.295157,-9.79406951,-4.86285264
1300,-2.22436506,-8.22615549,105.383837,2.39712398,-4.26575509,-0.145839096,1.83314914,4.5297806,6.44515177,0,0,-2.57044266,12.8707376,-23.9016818,69.2939084,-6.19816615,-7.34190011,-17.1984983,-5.81248458,-22.803331,35.7927321,68.0913375,14.874371,-2.1406895,19.1665097,-25.7172963,4.30496194,-8.69000614,48.3460802,-2.24854907,-10.8650952,-8.02714482,0.843606803,-6.2033699,21.2902307,-9.83127098,-4.84045304
1301,-2.17643548,-8.12299326,105.350137,2.25954337,-4.22741055,-0.10683565,1.79667336,4.68731849,6.39065711,0,0,-2.53900778,12.7941319,-23.8198954,69.306995,-6.30737533,-7.36214394,-17.2478242,-5.77488951,-22.8728692,35.7499785,68.0303849,14.7982298,-2.08439487,18.9922289,-25.0913198,4.52360611,-8.47144948,46.9554059,-2.21939975,-11.0125223,-8.05233114,0.933863591,-6.22619255,21.3277199,-9.89086012,-4.75369
1302,-2.12942846,-8.04384649,105.31708,2.13302743,-4.16994287,-0.0731758652,1.78171141,4.74050347,6.31034689,0,0,-2.55590439,12.9329009,-24.0894864,69.2790527,-6.53339184,-7.40064742,-17.0958969,-5.73736403,-22.8560003,35.6797232,67.9991026,14.5869652,-2.04620557,18.9448974,-24.4541878,4.73180437,-8.29422656,45.4851359,-2.17138843,-11.1285374,-8.0794709,1.03211181,-6.2507458,21.3150857,-9.9509359,-4.7728871
1303,-2.08306741,-7.95949176,105.290866,2.00099628,-4.14518134,-0.035831307,1.7617298,4.74817163,6.25784963,0,0,-2.48364248,12.9775916,-24.1475396,69.2498127,-6.55315755,-7.41421303,-16.8365717,-5.68762104,-22.7355551,35.5701157,67.970648,14.5530226,-2.06254637,18.7863721,-23.7990702,4.92958317,-8.09829148,44.07727,-2.04102359,-11.1351942,-8.07741074,1.13092789,-6.27496907,21.3341164,-9.98289179,-4.7075875
1304,-2.03733519,-7.84896314,105.270195,1.85911218,-4.13006013,-0.00905663119,1.74863728,4.97462058,6.21507557,0,0,-2.45784848,12.8218983,-24.2709372,69.2397791,-6.78198767,-7.35588066,-16.4360716,-5.70730564,-22.8650606,35.6568591,68.0220793,14.5096902,-2.22982411,19.1957925,-23.1284702,5.12808298,-7.92238252,42.6700257,-1.89412736,-11.2536306,-8.05219368,1.2293618,-6.29086548,21.3183711,-10.0122514,-4.70431883
1305,-1.98028982,-7.74536356,105.243003,1.74224774,-4.06154383,0.0302116792,1.61737439,5.11658478,6.11753278,0,0,-2.42134347,12.8064937,-24.0062913,69.2876929,-6.48378289,-7.38628524,-16.7665366,-5.7465788,-22.937143,35.7662412,68.0567562,14.3642037,-2.1671806,19.1564693,-22.5490585,5.2469526,-7.81635664,41.3468507,-1.79210802,-11.4483763,-8.11324362,1.29656702,-6.30713072,21.3595349,-10.0696028,-4.65005767
1306,-1.9300947,-7.64417648,105.208695,1.63308587,-4.01464383,0.0297263565,1.63527471,5.13812634,6.03023443,0,0,-2.4100965,12.8832189,-24.0870787,69.3020705,-6.46465879,-7.40536111,-16.7857192,-5.64981253,-22.9103208,35.6761408,67.9259376,14.3350183,-2.02130804,18.9162362,-21.8782844,5.38288148,-7.60457126,39.9295932,-1.7701336,-11.5342625,-8.17311108,1.35794929,-6.27835044,21.4377286,-10.1305613,-4.59201771
1307,-1.88163444,-7.54540339,105.176985,1.5331994,-3.9443734,0.0499982824,1.71814113,5.12015142,5.9610318,0,0,-2.45816993,12.9549402,-24.2247036,69.3530783,-6.44101652,-7.44801052,-16.5913491,-5.65429996,-22.7937534,35.6933733,67.9897042,14.6103364,-2.15785057,18.8864771,-21.30538,5.46648683,-7.50377389,38.6387592,-1.77065707,-11.5272539,-8.23056493,1.41057195,-6.27735195,21.4564451,-10.1836541,-4.56490442
1308,-1.81939118,-7.43272975,105.151653,1.39450127,-3.89682078,0.0703964703,1.64957809,5.2524112,5.85206766,0,0,-2.39372176,12.8956106,-24.1984706,69.3951659,-6.4802154,-7.49228636,-16.4699527,-5.67032102,-22.8402328,35.7600018,68.0534367,14.4428175,-2.11160549,18.9697439,-20.6818914,5.57500274,-7.47024534,37.3517603,-1.82094956,-11.7163195,-8.25064397,1.5023317,-6.27391295,21.4724926,-10.2188458,-4.55492082
1309,-1.77283604,-7.31576681,105.128968,1.27872328,-3.85640965,0.116190425,1.54526029,5.36175656,5.82422311,0,0,-2.38764993,12.94978,-24.3001106,69.3186746,-6.76975566,-7.42898844,-16.5707407,-5.70610481,-22.8755278,35.7380018,68.060383,14.2279662,-2.02330075,18.920126,-20.0848713,5.63960395,-7.4092176,36.1114219,-1.83270261,-11.7333361,-8.28961874,1.55714503,-6.26875402,21.5268011,-10.2570761,-4.45586985
1310,-1.72740053,-7.21281394,105.100882,1.18291997,-3.76666371,0.129584283,1.63043584,5.26768906,5.73464903,0,0,-2.45123024,13.0846702,-24.2215874,69.3731454,-6.48247961,-7.4230513,-16.7567951,-5.63675022,-22.7043906,35.4291167,68.0536553,13.7748933,-2.11776504,18.8906862,-19.5701312,5.68522236,-7.33101108,34.9411168,-1.76380062,-11.7860105,-8.39439043,1.60280965,-6.24603767,21.5800578,-10.313023,-4.39786788
1311,-1.67286508,-7.07894862,105.065274,1.04652423,-3.68160481,0.147582047,1.48996137,5.48941621,5.61742206,0,0,-2.32737181,13.0412789,-24.2587675,69.2337344,-6.56727683,-7.29638971,-16.6622209,-5.66208083,-22.8593762,35.7290679,68.0230834,13.7261633,-1.96146512,18.5684993,-19.0140804,5.76066564,-7.26401461,33.7671644,-1.80386022,-11.9609026,-8.48659713,1.67426581,-6.23033549,21.6378429,-10.3651382,-4.3419679
1312,-1.6212102,-6.96596652,105.042255,0.934864302,-3.60314691,0.192017023,1.42231934,5.56532607,5.52035397,0,0,-2.27709329,12.9603369,-23.9903086,69.2950832,-6.25999943,-7.37496677,-16.7662925,-5.67581506,-22.8807171,35.7627715,68.002825,13.7864705,-1.97495795,18.5845469,-18.4797513,5.79832261,-7.20148338,32.6452136,-1.69036286,-11.9569718,-8.56065687,1.72537259,-6.26657178,21.6746303,-10.3978924,-4.28380415
1313,-1.58421136,-6.86300471,105.022657,0.812020649,-3.57585837,0.20286735,1.49194586,5.4732675,5.51702895,0,0,-2.38004217,13.157702,-24.3507428,69.3375669,-6.63110196,-7.4482786,-16.538212,-5.66968838,-22.6245713,35.5671822,68.081181,14.1063888,-2.08163611,18.691622,-17.8946756,5.88809563,-7.04321167,31.5601834,-1.58956335,-12.2424789,-8.56300645,1.80630713,-6.27288842,21.6696323,-10.4083204,-4.24666201
1314,-1.51505806,-6.71935529,105.007875,0.682141512,-3.45783079,0.295542544,1.29339749,5.68891707,5.3358172,0,0,-2.30189947,12.9626318,-24.1510605,69.4197,-6.37848229,-7.50118183,-16.5529464,-5.65056513,-22.8727189,35.6167523,67.9740358,13.8020638,-1.88612302,18.7012065,-17.492082,5.91123844,-6.97720899,30.620824,-1.46844062,-12.3385224,-8.63964118,1.85532697,-6.32922297,21.646116,-10.432267,-4.14876661
1315,-1.48069914,-6.58869594,105.003512,0.591046626,-3.37843714,0.312734754,1.24463976,5.78040702,5.28271334,0,0,-2.26895405,12.8830285,-23.8502522,69.4153696,-5.97364417,-7.50215769,-16.8091126,-5.78493928,-22.9230557,35.892569,68.0286295,13.795179,-1.91442241,18.821061,-17.0952105,5.9493176,-6.61259983,29.8840379,-1.84812006,-11.4758815,-8.73524419,1.87269529,-6.29589165,21.6874847,-10.4296758,-4.10748836
1316,-1.43375164,-6.46741316,104.975295,0.511874209,-3.29824514,0.35164723,1.2592268,5.70597931,5.21891126,0,0,-2.26222695,13.0291374,-24.1118536,69.3225269,-6.27559403,-7.44858852,-16.6660799,-5.74899584,-22.780747,35.8252677,68.0314435,14.0399226,-1.99449272,18.6600939,-16.7315422,5.97409881,-6.34706812,29.2511423,-2.5261952,-10.6557371,-8.81762481,1.87633962,-6.3036977,21.7290669,-10.4979751,-3.9905504
1317,-1.36947334,-6.32752478,104.961646,0.417144629,-3.22757662,0.413585769,1.14282362,5.78996417,5.0993155,0,0,-2.18714375,12.9673788,-24.1840128,69.3213179,-6.23407118,-7.39726733,-16.4707912,-5.66959702,-22.8621663,35.6447731,67.9581351,13.7216084,-1.9092289,18.6760987,-16.237629,6.02929698,-6.06457875,28.3930861,-3.03116175,-10.4559729,-8.87849631,1.88074552,-6.33022573,21.7813879,-10.5527883,-3.90136948
1318,-1.32598858,-6.18728995,104.946828,0.294591766,-3.15936432,0.432949775,1.14292757,5.86983384,5.03346906,0,0,-2.16539152,12.9659863,-24.1806336,69.3066672,-6.28627944,-7.43924824,-16.5827926,-5.73502725,-22.908224,35.8746875,67.9612838,13.6136718,-1.82812062,18.3961959,-15.7933149,6.13479523,-5.7426634,27.6477674,-3.72333035,-10.166425,-8.96716753,1.93298131,-6.3033976,21.8516022,-10.5710479,-3.80331016
1319,-1.27151944,-6.04079142,104.935968,0.194552452,-3.10491803,0.459261962,1.03315896,6.04242375,4.98289706,0,0,-2.19237867,12.7067166,-24.0363731,69.4635703,-6.26384909,-7.56134811,-16.501264,-5.72099548,-23.0597688,35.8290209,67.9227821,13.208832,-1.8530045,18.4734351,-15.3828291,6.19146318,-5.48068893,26.9729976,-4.26562901,-9.86032149,-9.01684691,1.95144182,-6.27602092,21.895686,-10.6022909,-3.73331694
1320,-1.22085726,-5.92085049,104.940128,0.147064132,-3.01050174,0.520160118,0.993665419,6.02271396,4.85290234,0,0,-2.09916409,12.8004883,-24.2842646,69.2901996,-6.48159126,-7.32585088,-16.4855034,-5.77190045,-23.0652722,35.9866685,67.9858384,13.4428035,-1.88251689,18.5321166,-15.0837232,6.17733834,-5.19366347,26.3554665,-4.6998156,-9.53613339,-9.10244114,1.9171737,-6.24235492,21.9127683,-10.6161596,-3.66685835
1321,-1.18205808,-5.80629259,104.949331,0.129263336,-2.93108987,0.540539506,0.968143777,5.93419599,4.80859576,0,0,-2.13011338,12.8408914,-24.2929355,69.3191528,-6.59703255,-7.37814366,-16.4275373,-5.79548808,-23.0267329,35.9925049,67.9792609,13.2439827,-1.80108567,18.3128607,-14.799186,6.12423149,-4.97284985,25.7774379,-4.9033531,-9.05672839,-9.16641098,1.85891432,-6.18506798,21.8994648,-10.60932,-3.57120539
1322,-1.12871397,-5.67809343,104.968691,0.135225937,-2.85906506,0.647345616,0.867068823,5.9755737,4.7199732,0,0,-2.09651696,12.650219,-24.32076,69.3639656,-6.64222194,-7.4386745,-16.22152,-5.79985215,-23.1096718,36.0263041,68.0268058,13.4765711,-1.91991281,18.3387403,-14.5631364,6.00595908,-4.86084756,25.2813305,-4.98448124,-8.703074,-9.17463111,1.74227443,-6.23878657,21.8390398,-10.6162296,-3.46007117
1323,-1.0882319,-5.59043363,104.99289,0.168860531,-2.78468428,0.723194904,0.846821794,5.68941183,4.65135456,0,0,-2.13398375,12.9875526,-24.6696819,69.2868528,-6.7844538,-7.40846628,-16.2973368,-5.78008686,-22.9668458,36.0203994,67.9567691,13.3957085,-1.73242796,18.3501638,-14.3067243,5.8953796,-4.70023651,24.7227867,-5.02719169,-8.39065517,-9.23494681,1.62478034,-6.2450221,21.8428681,-10.609069,-3.36771527
1324,-1.05351359,-5.46211377,105.011606,0.185355,-2.74419955,0.79488694,0.745840382,5.76907617,4.63786963,0,0,-2.16424469,12.8004182,-24.5868676,69.2873855,-6.77118957,-7.26685256,-16.2953612,-5.75486895,-23.0798325,35.8203056,67.9482996,12.934459,-1.74798457,18.36908,-14.0302869,5.77551234,-4.56735219,24.1942786,-5.0818951,-8.11837992,-9.25312706,1.49723414,-6.2744901,21.8400814,-10.613647,-3.25710228
1325,-1.00470539,-5.37188649,105.030501,0.222684917,-2.66472376,0.874473374,0.64770844,5.54058201,4.57049835,0,0,-2.14205405,12.9390335,-24.5194314,69.2817233,-6.77726758,-7.3658459,-16.4401868,-5.800577,-22.9335435,35.9801252,67.9966301,13.5462322,-1.93743993,18.3235346,-13.8261684,5.64644097,-4.49019283,23.7209909,-5.13385278,-7.87633424,-9.29292145,1.37003862,-6.31465204,21.8072914,-10.6192409,-3.18002637
1326,-0.977597293,-5.26487865,105.052197,0.256894449,-2.61231888,0.96455702,0.632780688,5.41445445,4.55794147,0,0,-2.19443498,12.9918497,-24.646613,69.2418282,-6.58141874,-7.32290706,-16.3742823,-5.78310111,-22.9153,35.8128846,67.9632714,13.2594257,-1.91685609,18.2223915,-13.6218356,5.50789528,-4.43351933,23.2701335,-5.14837888,-7.62521636,-9.3009879,1.2313163,-6.36626138,21.7542789,-10.6106434,-3.09471795
1327,-0.936627667,-5.13633788,105.069304,0.254631736,-2.56780614,1.00167412,0.535893227,5.36493046,4.51462783,0,0,-2.13940286,12.9221758,-24.3679481,69.2614377,-6.49073176,-7.38796632,-16.5161248,-5.77382443,-22.9475283,35.8866267,67.9075644,12.9152525,-1.85176866,18.0162785,-13.3499701,5.41949214,-4.30304863,22.7743779,-5.24556863,-7.36557867,-9.31631143,1.1350403,-6.3657457,21.7412144,-10.5908854,-2.96941044
1328,-0.905872695,-5.01250513,105.083346,0.243207151,-2.52423561,1.07949754,0.509967964,5.27986771,4.5165565,0,0,-2.19539441,13.0166194,-24.6000977,69.2031488,-6.52610915,-7.40004807,-16.2906449,-5.75877155,-22.8629996,35.8312339,67.9045796,13.4460487,-2.00043818,18.1685218,-13.1546344,5.33327082,-4.29204136,22.3697933,-5.33006832,-7.19078986,-9.32039162,1.05014297,-6.38462776,21.7019733,-10.5796326,-2.92328639
1329,-0.867004506,-4.90316711,105.109107,0.297314605,-2.47486094,1.12461703,0.481242216,5.10868097,4.48684049,0,0,-2.3092575,13.1595445,-25.0397382,69.2127043,-7.13043233,-7.29665523,-16.425157,-5.71490124,-22.8380455,35.7501424,67.856379,13.0000988,-1.84372141,18.0215856,-12.9542136,5.18330463,-4.24219549,21.9617749,-5.28910554,-7.03270172,-9.34435278,0.895426381,-6.39416227,21.6885673,-10.5767733,-2.82417116
1330,-0.82738772,-4.78894152,105.129397,0.318816082,-2.44087011,1.16556078,0.50286526,4.99447252,4.46897527,0,0,-2.26231788,13.1402705,-24.9194141,69.1293896,-6.83814335,-7.30281009,-16.3366667,-5.71692725,-22.8390905,35.832658,67.8374593,12.9526504,-1.87342932,18.1085903,-12.7365107,5.07385384,-4.17049387,21.5554128,-5.29435838,-6.89947632,-9.34444669,0.77653061,-6.41423663,21.6653925,-10.5494116,-2.72731673
1331,-0.80449814,-4.6620179,105.143559,0.334058452,-2.40229843,1.20532045,0.432149004,4.91002364,4.45807557,0,0,-2.27187268,13.3005904,-25.1819154,68.9792962,-7.02437913,-7.17705435,-16.4357215,-5.69345231,-22.787835,35.7803899,67.8272823,12.845086,-1.82919723,18.0129403,-12.5694366,4.96184684,-4.1396641,21.2076742,-5.31033163,-6.74698295,-9.36803902,0.657844441,-6.40384834,21.6570562,-10.5313526,-2.61860915
1332,-0.759247225,-4.53758501,105.163383,0.343819216,-2.36168103,1.25946352,0.471337854,4.81910998,4.41640373,0,0,-2.28149172,13.317946,-25.3061155,68.9558891,-7.02665743,-7.19828685,-16.4254541,-5.56796167,-22.6973572,35.6501758,67.7405868,12.9269646,-1.87632959,17.7829012,-12.4028372,4.85974534,-4.08445782,20.871786,-5.3099103,-6.64615058,-9.36796474,0.547770446,-6.42535617,21.6286119,-10.5226509,-2.4600525
1333,-0.738938805,-4.41178121,105.187488,0.373474703,-2.35478771,1.26893303,0.406051518,4.74760985,4.45983306,0,0,-2.31482966,13.2730537,-25.177276,68.944592,-6.89169075,-7.24869364,-16.3713931,-5.58419618,-22.7404694,35.6133269,67.6742246,12.6534181,-1.82784208,18.2611203,-12.2084184,4.74368377,-3.95821074,20.5560212,-5.28743599,-6.54742574,-9.3718921,0.418829468,-6.37414982,21.6410992,-10.5140816,-2.38205665
1334,-0.694797654,-4.28074449,105.207789,0.405087463,-2.31044134,1.27093471,0.487619478,4.61458936,4.44078751,0,0,-2.32692656,13.3123093,-25.3808446,68.9236711,-7.03987854,-7.32056858,-16.4146538,-5.53577782,-22.6661569,35.5419412,67.6556124,12.5193978,-1.79807953,17.851239,-12.0556519,4.62167909,-3.87205644,20.2591607,-5.27299953,-6.43324974,-9.39398861,0.286901883,-6.33345342,21.6314584,-10.5111301,-2.25548385
1335,-0.661790324,-4.1692432,105.220282,0.407820215,-2.28301409,1.2946191,0.514469805,4.4875615,4.44785419,0,0,-2.3539739,13.320602,-25.1804896,68.9301257,-6.66773141,-7.2964563,-16.5432441,-5.54366883,-22.6695686,35.5253199,67.5874607,12.053164,-1.63824392,17.9478349,-11.9272067,4.54049888,-3.78370922,20.02084,-5.30079071,-6.31239424,-9.38410106,0.201589111,-6.28671102,21.5915872,-10.5066435,-2.20989255
1336,-0.614904566,-4.02545519,105.23299,0.377225374,-2.24772598,1.32024373,0.472744606,4.48892583,4.41048452,0,0,-2.31253642,13.3063133,-25.2648919,68.8404589,-6.76045635,-7.2459129,-16.3486691,-5.51952112,-22.6793255,35.6481097,67.5870031,12.2157447,-1.77152173,17.9304658,-11.7846812,4.48097805,-3.69444548,19.7579102,-5.35971347,-6.1809703,-9.39026275,0.133155512,-6.28093652,21.584424,-10.4926288,-2.12324883
1337,-0.584107265,-3.89488041,105.242944,0.360313119,-2.21806394,1.33947815,0.497524373,4.37394898,4.42326893,0,0,-2.35452608,13.4381931,-25.3978074,68.7959808,-6.73756668,-7.22404349,-16.4823615,-5.58615986,-22.6275373,35.6828241,67.6059501,12.0014825,-1.60243143,17.881396,-11.6329152,4.41861159,-3.60937078,19.4714111,-5.40863684,-6.09053262,-9.394868,0.0643666289,-6.24849056,21.5689127,-10.510074,-2.04339965
1338,-0.54567256,-3.74952517,105.268776,0.356840865,-2.17230976,1.35900293,0.41633893,4.40419818,4.41300273,0,0,-2.2797052,13.3094347,-25.1291453,68.6809809,-6.48237417,-7.20758188,-16.451238,-5.60683826,-22.7768401,35.7748882,67.4778908,11.7866782,-1.39071221,18.1368314,-11.5465791,4.31817281,-3.48280353,19.273199,-5.41955276,-5.8562631,-9.40340659,-0.0309408203,-6.21164254,21.5249143,-10.4909733,-1.95921586
1339,-0.508191623,-3.64324935,105.290639,0.347887787,-2.13207568,1.40804527,0.469453629,4.14095458,4.4170479,0,0,-2.32743285,13.5937712,-25.348239,68.6261549,-6.59535104,-7.27638665,-16.3883627,-5.60810953,-22.4713053,35.6061655,67.6113596,11.9132262,-1.67939603,17.9161787,-11.4488433,4.24190819,-3.40182331,19.0466365,-5.39830404,-5.58112558,-9.40333146,-0.105628802,-6.23260567,21.4875771,-10.4503201,-1.86104256
1340,-0.488805771,-3.49925123,105.300033,0.34022974,-2.1018908,1.42722977,0.377286576,4.22164772,4.41622145,0,0,-2.3515908,13.585271,-25.641372,68.5575798,-6.9674653,-7.17308857,-16.4668655,-5.6538688,-22.581898,35.6953746,67.6195968,11.9742112,-1.60476394,17.867768,-11.3510598,4.14484523,-3.32822803,18.8344515,-5.38745856,-5.33794267,-9.40951193,-0.199012129,-6.19597878,21.4545941,-10.4337688,-1.76115211
1341,-0.439650659,-3.37292477,105.318773,0.309104297,-2.05268308,1.46775237,0.423955125,4.08559761,4.36970274,0,0,-2.30578393,13.6403514,-25.4921187,68.5094338,-6.75407226,-7.28474338,-16.4434277,-5.61507888,-22.4921681,35.4929824,67.6264065,11.5082429,-1.58974531,17.8396891,-11.2519495,4.0920944,-3.27725859,18.5938171,-5.34718349,-5.11419208,-9.3850829,-0.251330177,-6.20734422,21.3685883,-10.4056242,-1.70278505
1342,-0.421105046,-3.22002806,105.339205,0.279394903,-1.97875343,1.47203059,0.351763253,4.1629559,4.37379317,0,0,-2.3702052,13.5566645,-25.5614997,68.5342889,-6.79359515,-7.27540737,-16.3866244,-5.69860484,-22.5578148,35.5146102,67.6709325,11.6594215,-1.65334953,18.0271642,-11.2592322,4.01810936,-3.2317102,18.4684968,-5.32004459,-4.91377725,-9.41557713,-0.309557487,-6.17208721,21.2763039,-10.3484555,-1.62663058
1343,-0.368369394,-3.09196636,105.360305,0.269160469,-1.93642659,1.55461499,0.268427288,4.04017514,4.2943935,0,0,-2.29067853,13.7033479,-25.6272301,68.4710891,-6.95950002,-7.27686817,-16.60893,-5.7014304,-22.4310447,35.5144087,67.7546091,11.8165551,-1.61339858,17.8283442,-11.1762454,3.92399533,-3.23339554,18.2670609,-5.2618343,-4.70252292,-9.38542185,-0.401342849,-6.27825396,21.2121343,-10.3255035,-1.51861498
1344,-0.353346742,-2.95387208,105.36983,0.27254781,-1.89025597,1.56333178,0.168899666,4.08495002,4.3395227,0,0,-2.26450546,13.5250211,-25.3354427,68.4099863,-6.7415363,-7.13846677,-16.343444,-5.81842855,-22.5859398,35.7753049,67.7391319,11.8914883,-1.61564048,17.860943,-11.1545015,3.8163127,-3.21265653,18.1541698,-5.22508917,-4.51375826,-9.41210825,-0.506221765,-6.25832774,21.1713786,-10.2834065,-1.39655832
1345,-0.319496589,-2.82212328,105.382192,0.250370926,-1.84888016,1.60095341,0.151410139,3.97208584,4.32142398,0,0,-2.32345213,13.6781676,-25.5488775,68.4596964,-6.84484761,-7.28715444,-16.4515505,-5.85460892,-22.4918812,35.7245702,67.8010203,11.8832502,-1.65899564,17.8387858,-11.103398,3.73942228,-3.22637411,18.0061579,-5.22409068,-4.34075597,-9.39660116,-0.57792349,-6.27046584,21.0993969,-10.2399374,-1.3168291
1346,-0.286428351,-2.69004609,105.396414,0.235529918,-1.81319152,1.58004611,0.15864471,3.9199668,4.30908396,0,0,-2.26918734,13.6379531,-25.3540464,68.4413164,-6.61944283,-7.18904304,-16.4932574,-5.92847144,-22.441623,35.7631983,67.8954613,12.0277292,-1.66288543,17.8528543,-11.0087042,3.67646245,-3.14886747,17.8148597,-5.20311602,-4.18952107,-9.3776841,-0.638663348,-6.22579213,21.0186453,-10.2163553,-1.22191871
1347,-0.25493768,-2.55969223,105.418241,0.227379787,-1.76162049,1.60710853,0.129704038,3.79723001,4.30466611,0,0,-2.31210441,13.7396034,-25.4546414,68.4682341,-6.85837821,-7.19458745,-16.5465345,-5.97169458,-22.3580266,35.8742299,67.9004883,12.4616929,-1.75092636,18.0563427,-10.9822321,3.58883411,-3.16276989,17.68838,-5.16592991,-4.09826846,-9.35103697,-0.715962734,-6.25311588,20.8917933,-10.1616566,-1.17410824
1348,-0.221647066,-2.43675467,105.435157,0.231068234,-1.72495923,1.59274073,0.130608745,3.69840187,4.28018415,0,0,-2.33314161,13.8145297,-25.4875134,68.5259424,-6.62734536,-7.21212652,-16.5812439,-5.92045749,-22.2342567,35.604615,67.923267,12.1007414,-1.72319333,17.9022093,-10.9461158,3.5013682,-3.10651987,17.5991674,-5.14346755,-3.99925889,-9.34097695,-0.801773922,-6.22615371,20.8232421,-10.1067163,-1.04646342
1349,-0.202162028,-2.29828991,105.443907,0.245617527,-1.69713919,1.55946236,0.191354887,3.61307872,4.32646081,0,0,-2.33338493,13.8313943,-25.5023281,68.4738759,-6.83285679,-7.1977003,-16.6172816,-5.96628507,-22.1755171,35.4757259,67.9545424,11.9639574,-1.6038726,17.8048842,-10.8907392,3.39097142,-3.04355791,17.4919266,-5.1371095,-3.89010479,-9.34022905,-0.913058514,-6.17472879,20.7665072,-10.0571394,-0.911307958
1350,-0.166851794,-2.19014771,105.455863,0.262986109,-1.66280993,1.54947871,0.257311742,3.36598617,4.30433271,0,0,-2.39618553,14.111444,-25.8082608,68.5068588,-6.78675514,-7.12014564,-16.4389027,-5.99915835,-22.0404143,35.5686575,67.9908381,11.7734549,-1.59674273,17.773298,-10.8221632,3.29890304,-2.99924172,17.3529989,-5.1177378,-3.81916601,-9.32636462,-1.00760402,-6.14491757,20.7024946,-10.03287,-0.815301005
1351,-0.144042925,-2.05273293,105.475175,0.270065435,-1.63498774,1.49883749,0.279486485,3.34279938,4.31748893,0,0,-2.33430253,14.0692949,-25.7617592,68.43799,-6.88604432,-7.13984604,-16.5964342,-6.02107258,-22.0500739,35.6084946,67.9824096,11.8214233,-1.67417755,17.8273197,-10.7708702,3.20901988,-2.91827623,17.2589523,-5.08988258,-3.73512224,-9.31755367,-1.09872643,-6.09306448,20.6280695,-9.98541128,-0.7326642
1352,-0.100943912,-1.92899127,105.498135,0.299399526,-1.61068745,1.42153467,0.431655362,3.15953495,4.28897802,0,0,-2.35426781,14.2109633,-25.9411456,68.4992227,-6.95353043,-7.09024478,-16.4032338,-6.01883014,-21.9421893,35.7425268,68.0159048,12.0170323,-1.74415785,17.7018047,-10.676267,3.1073555,-2.80015003,17.1290045,-5.05786052,-3.65958121,-9.30756623,-1.2061113,-6.04896067,20.5776917,-9.95240268,-0.630714342
1353,-0.0780023111,-1.77763011,105.510366,0.287173985,-1.57449511,1.36486451,0.247213361,3.2328391,4.31082352,0,0,-2.21529779,14.076546,-25.6232993,68.4316311,-6.8175038,-7.07267583,-16.6120224,-6.08085893,-21.9808841,35.7353926,68.0207133,11.7670226,-1.83237989,17.9149066,-10.6434104,3.02725702,-2.73964992,17.0527694,-5.07302141,-3.57657627,-9.3331581,-1.28949041,-5.98140028,20.549553,-9.88517398,-0.508903041
1354,-0.0430322369,-1.67357922,105.519247,0.303929527,-1.52336426,1.29855979,0.401380229,2.99383093,4.28048339,0,0,-2.24031912,14.2772127,-25.6705181,68.4748799,-6.62069361,-7.0861313,-16.6158097,-6.02898877,-21.7827864,35.6734292,67.9224064,11.7181261,-1.58638763,17.6371074,-10.5955768,2.94566785,-2.61879271,16.9306832,-5.06275649,-3.44551518,-9.35734721,-1.37379554,-5.9240062,20.490921,-9.82608089,-0.380869544
1355,-0.0207405013,-1.53222438,105.532944,0.303488709,-1.49223194,1.23627589,0.358856885,2.94014116,4.30893711,0,0,-2.19249328,14.2627839,-25.5946244,68.4612264,-6.79321522,-7.13269441,-16.5467053,-6.07188962,-21.788966,35.7196764,67.8627788,11.3012694,-1.5002852,17.624755,-10.537399,2.86257006,-2.56729309,16.816117,-5.05652863,-3.35065047,-9.36506276,-1.46030597,-5.87048057,20.4371657,-9.78447565,-0.306585634
1356,0.0114573289,-1.3982988,105.548799,0.308822896,-1.44730993,1.15726084,0.457362914,2.8529047,4.32867806,0,0,-2.14872031,14.2440786,-25.4547251,68.4337963,-6.52644084,-7.10414934,-16.533646,-6.10640811,-21.7378625,35.7094345,67.858749,11.4340141,-1.59577573,17.9524299,-10.4958091,2.77820292,-2.45959573,16.7242065,-5.05000708,-3.22179511,-9.38245072,-1.5426613,-5.80151871,20.3743757,-9.75855679,-0.236529718
1357,0.032984381,-1.28971254,105.561674,0.309721937,-1.42090142,1.09668713,0.541253592,2.63900196,4.31854761,0,0,-2.13845283,14.4368018,-25.3711629,68.4466644,-6.25723149,-7.15528099,-16.6825663,-6.08745476,-21.5146605,35.7910484,67.8390576,11.8057344,-1.66524345,17.762537,-10.4589159,2.71142993,-2.34881924,16.6531231,-5.05128604,-3.10252122,-9.3775492,-1.60779686,-5.78074213,20.3080222,-9.71501775,-0.120792189
1358,0.0669602538,-1.15251327,105.572271,0.299003974,-1.38199002,1.059301,0.512806227,2.61220841,4.34502612,0,0,-2.12206656,14.5181186,-25.6385238,68.4009363,-6.73388692,-7.12298572,-16.5414768,-6.15177551,-21.5392218,35.9282943,67.8148719,11.4974547,-1.63487098,17.5474322,-10.4144539,2.63170305,-2.28864399,16.5521626,-5.04953281,-2.93911364,-9.37403165,-1.68650284,-5.76552105,20.2317119,-9.64938305,-0.0198894275
1359,0.109063322,-1.03362687,105.580306,0.300534444,-1.32735631,0.973556233,0.578954422,2.49397698,4.26962553,0,0,-2.0301081,14.6283698,-25.5617593,68.3638757,-6.54940394,-7.10410409,-16.6482958,-6.1346232,-21.4655702,35.8889797,67.8253836,11.3163795,-1.74467588,17.939234,-10.3771175,2.56092095,-2.18335876,16.4541409,-5.06659206,-2.81995672,-9.3984658,-1.75875141,-5.70614622,20.1724856,-9.61241123,0.0663464766
1360,0.116413541,-0.907231867,105.583417,0.298979876,-1.31411674,0.906869754,0.598273718,2.44134013,4.35603937,0,0,-2.05305412,14.6555267,-25.5199414,68.3422308,-6.54392356,-7.01242203,-16.696365,-6.17893874,-21.4149943,35.8760843,67.7222135,11.3359702,-1.5456463,17.5959368,-10.3485041,2.48690688,-2.09823347,16.4184924,-5.09644042,-2.67401991,-9.39974134,-1.8312354,-5.63594511,20.127992,-9.59558677,0.152177895
1361,0.143648474,-0.787884556,105.600595,0.303554968,-1.26438686,0.868328114,0.64929918,2.3128393,4.32734191,0,0,-2.11577361,14.7901514,-25.8222678,68.4125544,-6.65080748,-7.04609444,-16.5193931,-6.17660495,-21.2999244,35.7615215,67.7747104,11.1795546,-1.78849688,17.9955814,-10.3397137,2.40319523,-2.04969495,16.3466371,-5.08463187,-2.58554484,-9.43330318,-1.91012323,-5.61490215,20.0884248,-9.55919638,0.185155623
1362,0.181408937,-0.644591684,105.609882,0.292233857,-1.22918006,0.829122403,0.522291599,2.35736466,4.29317047,0,0,-1.95869164,14.6756996,-25.3885406,68.4146308,-6.37392143,-7.03890652,-16.7023363,-6.19165954,-21.3305408,36.0470371,67.6993051,11.6653194,-1.71454685,17.7438462,-10.3133756,2.3229452,-1.98218578,16.293768,-5.11349327,-2.43094202,-9.41376713,-1.9857934,-5.59722818,19.9997057,-9.51325055,0.319273804
1363,0.208422355,-0.529562822,105.61949,0.276477988,-1.19250344,0.757776443,0.607404614,2.22693409,4.33268824,0,0,-1.99634413,14.7502289,-25.3175578,68.4864571,-6.19689104,-7.1595537,-16.6604758,-6.25833414,-21.2562454,35.9933757,67.7267693,11.5413028,-1.75903443,17.891199,-10.2822786,2.27429441,-1.90810406,16.222343,-5.13555478,-2.34094787,-9.42184554,-2.03516585,-5.53803307,19.9326401,-9.43169723,0.400922953
1364,0.216587144,-0.403466215,105.629265,0.263652515,-1.14247175,0.735184954,0.548021722,2.16985014,4.34626495,0,0,-2.00531857,14.7401203,-25.2055342,68.5734669,-6.26041522,-7.10921264,-16.6591592,-6.32746163,-21.2814624,36.0261162,67.6816149,11.2293791,-1.71325947,17.8442995,-10.3163963,2.20037618,-1.90780097,16.1988813,-5.12973119,-2.22873128,-9.45364775,-2.10409591,-5.51664902,19.8697665,-9.36266963,0.468506688
1365,0.258747116,-0.273155863,105.640852,0.256916236,-1.10934279,0.669208065,0.564246143,2.18325353,4.3497889,0,0,-2.02732074,14.7168976,-25.1539543,68.6276303,-6.06101937,-7.02279752,-16.6944645,-6.34128594,-21.2804157,35.980313,67.7210797,11.1531158,-1.67335152,17.7577627,-10.2844643,2.13130568,-1.81287222,16.1504365,-5.16366485,-2.12498028,-9.4297088,-2.16815497,-5.46971068,19.770447,-9.31652402,0.584497067
1366,0.28403264,-0.161412533,105.655158,0.256126376,-1.08045975,0.625848755,0.600863374,2.02067924,4.34233417,0,0,-1.97719142,14.8250229,-25.0605839,68.6249323,-6.1567735,-6.94976401,-16.7257399,-6.3192462,-21.1666982,35.9848107,67.6644301,11.2698352,-1.78137748,17.8398633,-10.2786612,2.06395724,-1.78431446,16.1265103,-5.16203798,-2.08396884,-9.43061892,-2.23416363,-5.43339286,19.7181858,-9.27029901,0.673647577
1367,0.314508565,-0.0343769439,105.660832,0.241761603,-1.03517638,0.583483655,0.442173293,1.91511802,4.32329715,0,0,-2.02624136,14.9257409,-25.2686929,68.7809817,-6.47050629,-7.02876881,-16.672753,-6.3295474,-21.0344094,36.1351875,67.6535428,11.4902975,-1.87273841,17.7435679,-10.2760102,1.99816074,-1.77326609,16.0819878,-5.20679023,-2.00531473,-9.46639374,-2.29959556,-5.40236416,19.695665,-9.21662482,0.781435646
1368,0.342571666,0.0709440617,105.659497,0.226245752,-1.00985915,0.542249089,0.478881905,1.82647433,4.3545918,0,0,-2.0139562,14.981646,-25.0774989,68.8123937,-6.26580039,-7.02192411,-16.7631506,-6.31791559,-21.0023365,36.0960061,67.5786361,11.4323629,-1.8535095,17.766449,-10.2581681,1.94950119,-1.7185995,16.0538542,-5.25255763,-1.89524537,-9.46446165,-2.34861412,-5.35404997,19.6520235,-9.17823318,0.893964827
1369,0.36713155,0.187313929,105.664361,0.21202216,-0.981911531,0.503671914,0.470527303,1.76769426,4.38401241,0,0,-2.01981009,14.9683579,-24.9536675,68.8749582,-6.22782283,-7.0536307,-16.7195347,-6.28317341,-20.8970099,35.8575301,67.5855005,11.4765679,-1.90899924,17.8784146,-10.2628203,1.89147447,-1.68464866,16.0521535,-5.29173474,-1.82960235,-9.45026596,-2.40354079,-5.33421126,19.572783,-9.12485525,0.998720719
1370,0.409801444,0.305126072,105.676043,0.192316092,-0.949542655,0.49774395,0.473815505,1.6807992,4.36001284,0,0,-1.95997934,14.955331,-24.8935704,68.8863851,-6.12006123,-7.04825491,-16.5438178,-6.31698071,-20.8988165,35.9456703,67.6281687,11.1536178,-1.8717698,17.824562,-10.2848408,1.835881,-1.66869323,16.0824215,-5.32143496,-1.77198383,-9.43571253,-2.45794069,-5.32107851,19.5196442,-9.07373129,1.11517
1371,0.423335703,0.421430916,105.682588,0.177112666,-0.936156598,0.468062803,0.46540893,1.60293878,4.40518813,0,0,-2.00335019,15.0059529,-24.9168801,68.9647274,-6.45486174,-7.03674775,-16.7673511,-6.31296712,-20.8277876,35.8363394,67.6289405,10.9133138,-1.85442667,17.6825316,-10.3005835,1.77758064,-1.65761071,16.1177728,-5.36092882,-1.72714321,-9.44324538,-2.51625428,-5.30419983,19.5019403,-9.03318814,1.19860236
1372,0.456445245,0.535105728,105.686712,0.156253595,-0.907650787,0.469630345,0.450027451,1.59955827,4.41608954,0,0,-2.00142152,14.9449628,-24.8257022,69.0372572,-6.06973384,-7.12287302,-16.7548451,-6.3205085,-20.8737326,36.0595739,67.5437612,11.0686503,-1.70470978,17.6003217,-10.3257929,1.71838947,-1.65075715,16.1535323,-5.41520449,-1.61741558,-9.43333563,-2.57225799,-5.32769184,19.4519775,-8.98649526,1.31644767
1373,0.483800098,0.64193313,105.688012,0.132691424,-0.881854415,0.44333205,0.487058762,1.4888632,4.41628122,0,0,-1.96228432,15.0927083,-25.0119154,68.9391415,-6.27609477,-6.96854532,-16.669133,-6.24757531,-20.7785641,35.9296398,67.5037909,11.0130354,-1.72729454,17.5376548,-10.3427224,1.67190512,-1.62968463,16.1790977,-5.46351015,-1.52514037,-9.42800637,-2.61844544,-5.31683184,19.4041337,-8.93693028,1.40508912
1374,0.51883813,0.754951779,105.692065,0.124258587,-0.856781737,0.390590107,0.520492431,1.40340078,4.42208517,0,0,-1.9394495,15.0606764,-25.0617928,68.9653899,-6.37896041,-7.05450112,-16.5053314,-6.26417609,-20.7844825,36.0428639,67.4916059,10.8363709,-1.66836122,17.3940125,-10.3275098,1.61004656,-1.56416924,16.1646655,-5.50875802,-1.42620294,-9.41539272,-2.67706298,-5.27591815,19.3438061,-8.90372105,1.50062821
1375,0.546328025,0.885556359,105.702245,0.101722896,-0.825342171,0.394149587,0.359142072,1.43859056,4.45812039,0,0,-1.98537655,15.1091434,-25.2312276,68.9337252,-6.59677642,-7.1055158,-16.460539,-6.31446891,-20.8201088,36.0965287,67.494133,10.5066853,-1.69166636,17.3928342,-10.3696162,1.54637244,-1.58586544,16.2093469,-5.50982481,-1.38886806,-9.40849081,-2.73851141,-5.28883105,19.2865213,-8.85223679,1.58875654
1376,0.56904275,0.991612859,105.70308,0.0820694159,-0.805680087,0.368331525,0.438028489,1.34764552,4.46985679,0,0,-1.99506752,15.1576002,-25.2170977,68.9485467,-6.5974445,-7.05203713,-16.6594034,-6.27065922,-20.7577748,36.0332913,67.4849806,10.5897695,-1.68795329,17.5930168,-10.4010659,1.49826528,-1.56633975,16.2639918,-5.5499748,-1.30104271,-9.40698219,-2.78376825,-5.25851013,19.2507191,-8.81315018,1.67101773
1377,0.601298781,1.10488581,105.710828,0.0535884292,-0.785286838,0.320398815,0.451957299,1.33208379,4.49348583,0,0,-1.98314799,15.1937695,-25.370304,68.8607651,-6.75595654,-7.00221986,-16.5790599,-6.27911755,-20.7193242,36.1698849,67.5238649,10.8270724,-1.73989027,17.4221272,-10.4220269,1.45671948,-1.52199368,16.3185172,-5.58727019,-1.19636772,-9.39322619,-2.8237938,-5.2243848,19.1932004,-8.72175457,1.76959561
1378,0.626529055,1.21781956,105.705655,0.0292650485,-0.772000667,0.319659591,0.384934734,1.26961488,4.49948188,0,0,-1.9366726,15.1687607,-25.2011594,68.8855519,-6.58242662,-6.97866425,-16.573034,-6.21065088,-20.6701827,36.0383286,67.5096239,10.4595306,-1.82978932,17.4149914,-10.462354,1.40171181,-1.52084663,16.4071116,-5.64506939,-1.07688359,-9.38205115,-2.87989462,-5.23444866,19.1659872,-8.67659933,1.88626858
1379,0.660948548,1.31833581,105.70904,0.0184892289,-0.744739158,0.302502195,0.493172368,1.17737968,4.51361611,0,0,-1.94365242,15.2371856,-25.2098389,68.824729,-6.29732727,-7.01378636,-16.6560344,-6.16548071,-20.6258753,35.9716694,67.4825149,10.5591002,-1.82393521,17.3950899,-10.5086183,1.34484984,-1.51493062,16.4857407,-5.68858538,-1.00214883,-9.36074608,-2.93221494,-5.22906732,19.0954023,-8.65174257,1.9493584
1380,0.667692069,1.44132059,105.706286,-0.00823608751,-0.731553684,0.274635324,0.430387082,1.17993514,4.58171139,0,0,-1.99523251,15.1232426,-25.0005892,68.8886733,-6.19796039,-7.11470668,-16.6433542,-6.24897465,-20.5878994,36.0348964,67.6043177,10.7640349,-1.98918331,17.5148778,-10.5510107,1.29620587,-1.51182139,16.559879,-5.73667887,-0.93296318,-9.36231361,-2.97745171,-5.20907664,19.0609492,-8.62421946,2.01313572
1381,0.721124746,1.55006312,105.71183,-0.0357876431,-0.70404622,0.250995013,0.536243488,1.07409847,4.53046405,0,0,-2.00304241,15.2619109,-25.307777,68.8905447,-6.38302352,-7.13548838,-16.5478972,-6.19781867,-20.6114772,36.2493029,67.5599351,10.9491629,-1.93892593,17.5707146,-10.5567677,1.25587158,-1.50200908,16.5898977,-5.77912252,-0.846342561,-9.34098635,-3.01764652,-5.20763803,19.0088297,-8.56201864,2.14130742
1382,0.745796319,1.65469702,105.708909,-0.039094916,-0.678047641,0.237711028,0.483728618,1.02602846,4.54905839,0,0,-1.96550796,15.2194629,-25.2078564,68.8402404,-6.38166772,-7.14378151,-16.6231898,-6.16098559,-20.5007274,36.0517738,67.6439532,10.7669582,-2.03656711,17.4912078,-10.5979264,1.17973546,-1.4991722,16.6522812,-5.80706611,-0.726149641,-9.35979669,-3.0892824,-5.20069984,18.9978587,-8.53089347,2.20294177
1383,0.768648088,1.76937804,105.700731,-0.0632819807,-0.669478444,0.212105711,0.467514442,0.997288621,4.57799235,0,0,-1.96768465,15.1853854,-25.0169902,68.8514419,-6.230242,-7.17235006,-16.6022484,-6.16380006,-20.5217764,36.0916075,67.6267207,10.8753533,-1.9994715,17.5921204,-10.6164081,1.12964894,-1.48011138,16.7139749,-5.8798994,-0.604011237,-9.36049337,-3.13932805,-5.19047761,18.9922614,-8.51886465,2.2839365
1384,0.809284765,1.8776305,105.701149,-0.0753149684,-0.645425604,0.203354325,0.559992002,0.91969415,4.56005883,0,0,-1.97322095,15.2431688,-25.1193679,68.7669661,-6.18394356,-7.01216163,-16.5202981,-6.10134523,-20.4554364,36.0711135,67.6899409,10.9437466,-1.9902898,17.6038222,-10.6349426,1.06946825,-1.47448736,16.7571383,-5.94355762,-0.524759485,-9.33881093,-3.19733172,-5.1829708,18.9356391,-8.51145048,2.38453921
1385,0.829488598,1.98682249,105.702996,-0.090337784,-0.636799515,0.175793628,0.549360012,0.834264331,4.63669612,0,0,-2.05652492,15.3179935,-25.172862,68.7503004,-6.32437482,-7.06600615,-16.6345347,-6.17570166,-20.4347563,36.1565592,67.7207997,10.9292896,-2.03633211,17.7357866,-10.658599,1.01476761,-1.45519827,16.8226518,-6.00012567,-0.457753195,-9.34508702,-3.25144517,-5.15726283,18.9350875,-8.4936732,2.45560797
1386,0.878153648,2.10339054,105.709469,-0.114457361,-0.610204238,0.157691767,0.580167154,0.828946389,4.58115515,0,0,-1.96466101,15.222948,-25.038466,68.7761732,-6.24395105,-7.10495615,-16.7468913,-6.06210494,-20.4174811,36.085351,67.7257448,10.9749725,-1.98359003,17.6671739,-10.6747379,0.960243382,-1.4332835,16.8652773,-6.06199054,-0.347976687,-9.32662929,-3.30277981,-5.1577657,18.8820067,-8.42848588,2.53855912
1387,0.904838461,2.20872648,105.709493,-0.120526373,-0.583758809,0.135128744,0.579086703,0.712705801,4.62915345,0,0,-2.05523786,15.3417404,-25.2925952,68.7312374,-6.46983863,-6.95166323,-16.4822966,-6.08976465,-20.2783723,35.9888302,67.85336,10.6992762,-1.93410125,17.533946,-10.7084338,0.891710651,-1.43579979,16.9151906,-6.09341666,-0.251650823,-9.33710168,-3.3689669,-5.15543917,18.8549472,-8.38557607,2.63649208
1388,0.953982491,2.33191978,105.713677,-0.144584258,-0.559781398,0.0849946446,0.558933056,0.740017966,4.59611668,0,0,-1.9765513,15.1985557,-25.0454499,68.728396,-6.19118698,-7.03166182,-16.4582219,-6.04278106,-20.334303,35.9890181,67.8188744,10.5983969,-1.88265008,17.6254141,-10.6799766,0.845322995,-1.38928865,16.8920448,-6.13968309,-0.169778079,-9.32151262,-3.41616671,-5.10859559,18.8002016,-8.33392703,2.70782935
1389,0.969857536,2.45221946,105.71357,-0.173308681,-0.55924273,0.0988625411,0.54991107,0.756091269,4.65125424,0,0,-2.03948189,15.0840613,-24.8214248,68.8083912,-6.03134391,-7.12060753,-16.745112,-6.06134765,-20.3582002,36.0240091,67.8978655,10.3188406,-1.83118972,17.5154618,-10.6843872,0.795934857,-1.43027181,16.9253061,-6.18510085,-0.11960535,-9.32931868,-3.46813698,-5.12902469,18.8363196,-8.31101943,2.79326819
1390,1.01922583,2.56529506,105.717099,-0.176708745,-0.543919694,0.0905888907,0.596872036,0.658066102,4.62916498,0,0,-2.03354753,15.1624223,-25.0351175,68.782136,-6.35793751,-7.06152682,-16.7612671,-6.00784549,-20.3569332,36.0583069,67.8875588,10.1792964,-1.71589816,17.4091738,-10.692726,0.720960831,-1.40810785,16.9789504,-6.24777211,-0.0331955598,-9.32061104,-3.54428398,-5.13097514,18.8389082,-8.29908453,2.90802433
1391,1.04841078,2.67832596,105.715322,-0.179604764,-0.543023382,0.0430259163,0.624735792,0.639335162,4.67287819,0,0,-2.02185787,15.0713486,-24.885854,68.7518987,-6.07915779,-7.08010067,-16.7564399,-6.01527845,-20.3116285,35.9478388,67.9584015,10.2708235,-1.76398941,17.5262825,-10.6967294,0.651577849,-1.36277023,17.0461765,-6.3103375,0.051206892,-9.32590273,-3.61786028,-5.07903112,18.8564874,-8.2856837,2.99241751
1392,1.09481905,2.78454833,105.716705,-0.20081449,-0.513689569,0.052705631,0.644848992,0.567994156,4.63552388,0,0,-2.06331242,15.1596032,-25.0748863,68.7573014,-6.1582104,-7.08450059,-16.9156141,-5.98402307,-20.2960369,35.9370642,68.0238757,10.1598347,-1.76329242,17.5452158,-10.7335108,0.595497033,-1.40897187,17.1109967,-6.35381165,0.11686375,-9.30732376,-3.67056757,-5.07659573,18.8081434,-8.24456681,3.08926617
1393,1.13371089,2.89770439,105.720043,-0.229975716,-0.492140931,0.0798823579,0.591660014,0.552750134,4.63166013,0,0,-2.04182636,15.0900087,-25.1213641,68.7559012,-6.40304323,-7.08752124,-16.6001806,-5.95790699,-20.2935063,35.9886117,68.0274547,10.2807154,-1.7666407,17.4770795,-10.7751715,0.546139311,-1.42143643,17.1858095,-6.39386174,0.193475514,-9.28703297,-3.71843396,-5.10425159,18.7740453,-8.19954648,3.16844706
1394,1.16637927,3.01897079,105.718577,-0.23978802,-0.481237588,0.0512237734,0.642406879,0.526401079,4.64973409,0,0,-2.06719112,15.0587793,-25.1723104,68.7517894,-6.54343307,-7.11669127,-16.6776742,-5.9987067,-20.2829861,36.0586792,68.1112201,10.1072243,-1.65687668,17.2645957,-10.7742597,0.480287323,-1.39319755,17.2206588,-6.43131594,0.259518374,-9.29077165,-3.78614333,-5.06371442,18.7788845,-8.18285179,3.26657788
1395,1.21743502,3.14034,105.725193,-0.254974052,-0.465851868,0.0279941492,0.619732252,0.488806383,4.61390079,0,0,-2.0213264,15.1090188,-25.3248644,68.6929337,-6.58396683,-7.03327247,-16.6278701,-5.95793901,-20.3203831,36.1125557,68.1058448,10.0598655,-1.622603,17.3724,-10.7576623,0.419537593,-1.35761077,17.236317,-6.46550403,0.351389727,-9.2655785,-3.84730981,-5.02155636,18.741187,-8.14593461,3.35973569
1396,1.24365306,3.24328057,105.719519,-0.26515982,-0.451637959,0.0745103922,0.608838367,0.452202919,4.6581126,0,0,-2.09443055,15.1136753,-25.3049237,68.6731603,-6.38670328,-7.0608818,-16.7209298,-5.94949433,-20.2630198,35.992119,68.1551519,10.1971745,-1.78840851,17.500099,-10.7978811,0.344802143,-1.41031443,17.3069053,-6.50973761,0.430713383,-9.25868086,-3.92039796,-5.05012832,18.7397288,-8.13612475,3.44267105
1397,1.3029688,3.34605649,105.719793,-0.266419003,-0.425583184,0.0580900215,0.626870493,0.416841696,4.58046103,0,0,-2.02011959,15.0431006,-25.265119,68.6660842,-6.39420453,-7.08002554,-16.6057625,-5.85783362,-20.2839816,35.9928361,68.1490389,10.1637509,-1.78657898,17.4976845,-10.7865626,0.272525348,-1.39130484,17.3221281,-6.54341941,0.526328081,-9.23170332,-3.99102681,-5.02682756,18.6911183,-8.11827235,3.55009733
1398,1.3361807,3.46465334,105.719042,-0.267490051,-0.40082487,0.0867989759,0.604189303,0.312777574,4.60804817,0,0,-2.04241055,15.0580348,-25.3230476,68.6318855,-6.44881702,-7.07974336,-16.4953184,-5.90083222,-20.2735041,36.1666508,68.1332885,10.3858175,-1.79144379,17.3913214,-10.8176707,0.183083874,-1.43455018,17.3704893,-6.56802773,0.60571062,-9.20495801,-4.07724557,-5.06812331,18.6320782,-8.09445804,3.64808429
1399,1.39335589,3.58876586,105.721402,-0.303084655,-0.37124237,0.103469145,0.546015621,0.338404924,4.50218963,0,0,-2.03868959,15.0727112,-25.5880811,68.6742736,-6.95773015,-7.00562642,-16.5839196,-5.81628558,-20.2479882,36.094804,68.208844,10.4583156,-1.89596446,17.4970988,-10.8250481,0.13511731,-1.44764632,17.3945008,-6.63263022,0.695686463,-9.16965361,-4.12024588,-5.10222644,18.574527,-8.05398661,3.73585009
1400,1.42385243,3.68859135,105.720341,-0.309824964,-0.356193545,0.113237955,0.604115024,0.187836832,4.53742444,0,0,-2.04993955,15.1254522,-25.4752805,68.6629287,-6.71965408,-7.11292186,-16.5591636,-5.77040592,-20.1329234,35.9751664,68.1834767,10.4031072,-1.89314125,17.5099174,-10.82582,0.0714996876,-1.45653549,17.4085437,-6.65095903,0.760586014,-9.16216943,-4.18345415,-5.12264188,18.5612184,-8.03698712,3.81307391
1401,1.46926362,3.81426327,105.717695,-0.322151663,-0.32676181,0.125640868,0.551618404,0.258659451,4.52121128,0,0,-2.03499958,15.0548007,-25.3978586,68.6332993,-6.64096305,-7.19848834,-16.7370507,-5.78261915,-20.2273491,36.0090749,68.2107018,10.5015089,-1.8730304,17.6436917,-10.8451596,-0.00847156984,-1.4852256,17.4436184,-6.68376955,0.836234574,-9.1416874,-4.26037873,-5.13312195,18.508252,-7.99476204,3.91498119
1402,1.50767583,3.92390452,105.714643,-0.326198666,-0.314932738,0.143662651,0.550421093,0.16302673,4.52945446,0,0,-2.0524584,15.0084801,-25.3826017,68.6557023,-6.54634572,-7.10943761,-16.6259355,-5.71612982,-20.189322,35.8770952,68.1683274,10.4535115,-1.85295476,17.5627301,-10.8559061,-0.0879812475,-1.51835436,17.4910797,-6.72116612,0.909102341,-9.12213172,-4.33916753,-5.14290577,18.4914121,-7.97240854,4.01135687
1403,1.55948438,4.03781086,105.716944,-0.32936414,-0.307411002,0.147523027,0.522351577,0.0471706738,4.49824007,0,0,-2.02767186,15.2027085,-25.6550067,68.5630508,-6.88916956,-7.04645473,-16.6704427,-5.68671988,-20.1014226,35.9565576,68.2112278,10.3998193,-1.95830744,17.409377,-10.8353925,-0.164346558,-1.49301383,17.512588,-6.75527651,1.00440482,-9.08605295,-4.41823337,-5.16587143,18.4695811,-7.96082795,4.10739061
1404,1.59909539,4.16106023,105.715621,-0.347793571,-0.282891498,0.169207295,0.484371243,0.0810087783,4.47723084,0,0,-2.01411735,15.019463,-25.3673755,68.6074061,-6.55919288,-7.04814435,-16.6169026,-5.61198352,-20.1026315,35.7731294,68.1863386,10.464246,-1.92625849,17.5193874,-10.8737363,-0.236118786,-1.51966394,17.5785249,-6.81257966,1.08091607,-9.07193068,-4.48586035,-5.19227352,18.4344313,-7.93906526,4.20423458
1405,1.62970927,4.26937304,105.711925,-0.36434054,-0.279588533,0.181851887,0.507218172,0.0246117279,4.50089488,0,0,-2.00282384,14.9666367,-25.3002911,68.596307,-6.46918251,-7.04010906,-16.5658862,-5.64483332,-20.1642177,35.8987844,68.1582392,10.3275431,-1.78797053,17.4718544,-10.9008752,-0.298265423,-1.53586686,17.6656252,-6.84996342,1.15936101,-9.05273273,-4.54911047,-5.20866085,18.422475,-7.91770982,4.3195508
1406,1.68427173,4.39100452,105.707145,-0.356190627,-0.258485009,0.21398041,0.461507985,-0.0131523572,4.47369237,0,0,-2.00345222,14.9033959,-25.2410699,68.6381692,-6.28787044,-7.09641842,-16.601217,-5.59615968,-20.1473693,35.6284421,68.2632533,9.81040817,-1.88234806,17.5174152,-10.9112298,-0.406710311,-1.58293252,17.7102827,-6.88647932,1.26638751,-9.02265855,-4.65609428,-5.26120678,18.3928747,-7.90963227,4.42161645
1407,1.71398781,4.51443642,105.701864,-0.35174954,-0.243209358,0.221838749,0.403665968,0.0223973676,4.49581877,0,0,-2.02810643,14.8019096,-25.1884297,68.6208752,-6.20960715,-7.09274676,-16.6637525,-5.63436178,-20.1662548,35.6760144,68.3084965,9.74155133,-1.88676719,17.4180189,-10.9350944,-0.504789933,-1.60307902,17.7651462,-6.90757564,1.35379259,-9.00532182,-4.75237604,-5.26361015,18.3580971,-7.89468354,4.50977583
1408,1.77481063,4.63031344,105.701756,-0.376423009,-0.227325626,0.273271879,0.403903397,-0.074317374,4.43982445,0,0,-2.01884618,14.9194042,-25.4715854,68.5912117,-6.49870216,-7.07804606,-16.5173628,-5.54958804,-20.1554187,35.839734,68.2750081,10.0206952,-1.90404116,17.3048034,-10.9477294,-0.565261386,-1.64374991,17.825776,-6.97875902,1.41620483,-8.95925646,-4.81167702,-5.31728178,18.3295708,-7.89384172,4.61491379
1409,1.80454087,4.75710854,105.701029,-0.400699481,-0.230481271,0.26184078,0.456137802,-0.0773421073,4.44679381,0,0,-2.02220834,14.7759122,-25.2284239,68.6542202,-6.15824669,-7.07309973,-16.4447681,-5.51665713,-20.152772,35.7477075,68.2903897,10.0107112,-1.87979805,17.4462156,-10.9671041,-0.621761992,-1.62793023,17.9180075,-7.03568053,1.48359916,-8.94865089,-4.8700777,-5.3104708,18.3398861,-7.87062762,4.66228072
1410,1.85080469,4.88287024,105.696356,-0.395446185,-0.205796189,0.257243898,0.508987885,-0.148887799,4.43861807,0,0,-2.08147624,14.9123247,-25.6051429,68.577039,-6.43446551,-7.02703138,-16.491,-5.53200244,-20.1794182,35.8453621,68.2980053,9.76237145,-1.76017593,17.2945103,-10.9981268,-0.723981803,-1.62948303,17.9894188,-7.08791483,1.58408383,-8.94012425,-4.97037049,-5.31340394,18.3123058,-7.85946026,4.78707426
1411,1.88485608,4.98079173,105.677235,-0.360428766,-0.20099505,0.277258289,0.547917668,-0.229573143,4.4624597,0,0,-2.10406005,14.8504039,-25.4495017,68.5859866,-6.2649701,-7.01443779,-16.6190694,-5.49994665,-20.1696613,35.6906788,68.3285704,9.60018349,-1.70142638,17.34657,-11.0179924,-0.845028603,-1.63487205,18.0688932,-7.14664251,1.66410163,-8.92259542,-5.09473799,-5.36174375,18.3186083,-7.91025979,4.87271885
1412,1.93587448,5.11432067,105.678821,-0.394936881,-0.193076448,0.311083016,0.493181546,-0.219584819,4.41593074,0,0,-2.07787631,14.8359768,-25.5522653,68.5565485,-6.34380115,-6.97950223,-16.5023842,-5.41174799,-20.18548,35.7703154,68.25128,9.53633061,-1.62972134,17.2022498,-11.0193815,-0.902355715,-1.65819608,18.1203006,-7.19962386,1.75734353,-8.90551056,-5.15538623,-5.40905732,18.3423125,-7.8881923,4.97445409
1413,1.96684096,5.25793396,105.676186,-0.40413704,-0.194010906,0.270289509,0.560236502,-0.24909209,4.4514759,0,0,-2.13655147,14.8055825,-25.5436405,68.5808093,-6.340474,-7.04896611,-16.4887921,-5.43169001,-20.1812402,35.7462526,68.2970696,9.69070057,-1.68861646,17.4004892,-11.0166708,-0.983619918,-1.61584699,18.1803448,-7.26878721,1.84318845,-8.92532067,-5.24112986,-5.34632246,18.3940905,-7.8776482,5.07972268
1414,2.01123524,5.36300614,105.663192,-0.39890131,-0.194665901,0.287149058,0.650231928,-0.446931988,4.43183484,0,0,-2.1166197,14.9540845,-25.4985886,68.5543287,-6.22897116,-7.14767771,-16.6901239,-5.37042321,-20.0524109,35.7521915,68.2940985,9.8087749,-1.66200711,17.4036225,-11.0233917,-1.06926473,-1.62432592,18.2606405,-7.33127746,1.9170674,-8.8925443,-5.32960771,-5.38551025,18.3962471,-7.90337154,5.18418444
1415,2.03877296,5.49844839,105.642784,-0.405662098,-0.196772456,0.315827782,0.538530641,-0.390281305,4.45456485,0,0,-2.13845944,14.837541,-25.5156999,68.5554625,-6.26993522,-7.11291759,-16.576017,-5.40139385,-20.1191589,35.8401268,68.3786562,9.94701366,-1.87380776,17.4381833,-11.0515116,-1.1669788,-1.65339104,18.3613243,-7.41430439,2.01736553,-8.86772766,-5.427349,-5.45857321,18.3998415,-7.91611924,5.29127413
1416,2.07291972,5.62914461,105.627894,-0.384970573,-0.190142942,0.285780303,0.620102149,-0.472340505,4.46187999,0,0,-2.133956,14.8532162,-25.4909012,68.4823043,-6.36536193,-7.03916905,-16.690141,-5.33477133,-20.1566652,35.7301641,68.2904785,9.80595147,-1.85038234,17.592759,-11.0538637,-1.28247815,-1.60148737,18.4176666,-7.45214278,2.12599798,-8.8810841,-5.54952144,-5.4150316,18.4355224,-7.92075352,5.42685509
1417,2.1129556,5.75409606,105.616212,-0.384724229,-0.18310553,0.328721886,0.545999773,-0.496660621,4.43291102,0,0,-2.08301389,14.8611256,-25.4965873,68.3533845,-6.33752037,-6.93291863,-16.5588801,-5.35635259,-20.169482,35.955656,68.3692237,10.1864656,-1.88420266,17.4701981,-11.0588455,-1.38045967,-1.64850447,18.4658911,-7.49602931,2.20814872,-8.8562649,-5.64747105,-5.48253564,18.4423919,-7.94780022,5.54538961
1418,2.1514833,5.88578843,105.610323,-0.387072314,-0.181235013,0.332520637,0.593181225,-0.599821076,4.42785668,0,0,-2.12460014,14.8684527,-25.4441383,68.4353673,-6.26914292,-6.99745068,-16.7231188,-5.30730501,-20.1250294,35.7379847,68.3381805,9.84559475,-1.88969947,17.8613545,-11.0513938,-1.47272603,-1.63535017,18.5076236,-7.5552129,2.31029462,-8.88967818,-5.74660143,-5.46231188,18.5454816,-7.96024397,5.67168663
1419,2.17975359,6.00415841,105.592167,-0.363628025,-0.189878484,0.332733109,0.676647258,-0.73051061,4.45943606,0,0,-2.19879477,15.0041054,-25.6918283,68.3883619,-6.45197854,-7.11880522,-16.6788199,-5.30323379,-20.0333324,35.8508092,68.4410295,10.1051172,-1.91207154,17.2756367,-11.0629949,-1.58878354,-1.59560348,18.5988595,-7.60934471,2.39476379,-8.89592268,-5.86804945,-5.4803931,18.6072555,-8.00926167,5.76051837
1420,2.21954938,6.13496639,105.570328,-0.349194986,-0.203318848,0.348910757,0.567650725,-0.703102128,4.4506439,0,0,-2.11295104,14.8736487,-25.4704123,68.3206406,-6.28908024,-7.07771693,-16.6361056,-5.30077364,-20.1705253,35.9319074,68.4430102,9.90193185,-1.79074476,17.2070924,-11.0509951,-1.70590474,-1.59129715,18.6711144,-7.66337919,2.49538443,-8.88625113,-5.99297788,-5.47652892,18.6745995,-8.0408513,5.90029349
1421,2.2500189,6.24892265,105.553877,-0.344685819,-0.204008408,0.382918767,0.652771638,-0.880027346,4.48820396,0,0,-2.16955153,14.9848852,-25.571967,68.2864282,-6.2347098,-7.07046626,-16.5441115,-5.36133266,-20.0825286,35.9198965,68.5109023,9.44139098,-1.74891038,17.4366738,-11.0645018,-1.80096785,-1.62245562,18.7417471,-7.70621643,2.58239229,-8.86192115,-6.08973007,-5.53054504,18.6820871,-8.06206587,5.97294365
1422,2.28895135,6.39602393,105.541563,-0.327045782,-0.199899843,0.382107302,0.550877328,-0.843046727,4.45896563,0,0,-2.13938131,14.9194725,-25.5951555,68.2764219,-6.31661145,-7.08628242,-16.5352101,-5.33643832,-20.1331659,35.9972143,68.6182456,9.81885712,-1.83239397,17.1020782,-11.0454122,-1.92510717,-1.5966644,18.7613822,-7.73597129,2.67772572,-8.8979743,-6.22134056,-5.53731547,18.7806877,-8.09916745,6.0915025
1423,2.32511535,6.51584342,105.531132,-0.320349606,-0.201360882,0.418906834,0.57866766,-0.936050105,4.42621573,0,0,-2.10967447,14.9453213,-25.6025116,68.2299766,-6.21011685,-7.01462562,-16.5596656,-5.27452949,-20.1053517,36.0895823,68.611067,9.897044,-1.74261199,17.0268027,-11.0608126,-2.02536133,-1.58808131,18.8451766,-7.77807258,2.73178346,-8.89878282,-6.32801744,-5.58096934,18.8438072,-8.13973878,6.1985337
1424,2.34771315,6.62648007,105.514848,-0.293428592,-0.201562125,0.448926897,0.574531341,-1.08769226,4.47014964,0,0,-2.15348245,15.0243757,-25.6178898,68.1674053,-6.30852963,-6.92246246,-16.5195672,-5.29526722,-20.0498,36.0152221,68.689826,9.93265234,-1.70671155,16.6661687,-11.0833394,-2.14518611,-1.59854633,18.922047,-7.79988564,2.79722671,-8.93295511,-6.45609032,-5.59355781,18.9449367,-8.18867196,6.33728771
1425,2.38279384,6.76158741,105.4968,-0.294800629,-0.202817979,0.489462454,0.505770812,-1.06609744,4.45820791,0,0,-2.17646219,15.0698374,-25.8366368,68.1452618,-6.41860453,-6.96244596,-16.6731714,-5.26587863,-20.1814229,36.0707071,68.6688778,9.74906368,-1.57754659,16.6794039,-11.0873692,-2.25108948,-1.61688165,18.9842717,-7.86856917,2.88069973,-8.91940402,-6.56551891,-5.61792195,18.9833992,-8.21620018,6.46083815
1426,2.41319593,6.88114092,105.479407,-0.288358185,-0.208168082,0.520804351,0.506663326,-1.1917948,4.46893856,0,0,-2.22534287,15.1111225,-25.7737052,68.2026627,-6.43010102,-6.96850306,-16.7302137,-5.24173775,-20.113565,35.8215043,68.7006586,9.23147195,-1.57993865,17.0127581,-11.0912274,-2.3485567,-1.59454704,19.0482621,-7.92253876,2.95994465,-8.9400346,-6.67328009,-5.69067669,19.0835571,-8.26801741,6.53740543
1427,2.43532322,7.0130229,105.466449,-0.28804497,-0.22256712,0.566648445,0.445458828,-1.1719388,4.50898567,0,0,-2.20105941,14.9674904,-25.7641241,68.1568117,-6.49276886,-7.04904081,-16.3313255,-5.23043379,-20.1992702,36.0665544,68.6999551,9.8808445,-1.58919057,16.5834039,-11.094097,-2.44817202,-1.56784346,19.1168321,-7.94867107,3.03156644,-8.95389733,-6.78238894,-5.70063212,19.1884159,-8.30581739,6.65740502
1428,2.45457124,7.12073743,105.453014,-0.28499968,-0.240996624,0.622635487,0.446474845,-1.36492494,4.53194919,0,0,-2.2710633,15.1637969,-25.8280666,68.2342797,-6.32751969,-7.1680385,-16.6118055,-5.20082961,-20.046916,35.7745774,68.7811524,9.58610134,-1.6491448,16.8415799,-11.1133248,-2.53773651,-1.5766893,19.2173263,-7.98035461,3.09660414,-8.94640888,-6.87981434,-5.78743828,19.261726,-8.33949193,6.71700226
1429,2.48756185,7.24164546,105.428874,-0.243689001,-0.235228034,0.669121482,0.353500843,-1.37784456,4.53698517,0,0,-2.26977944,15.046736,-25.6605887,68.2222107,-6.11211303,-7.0625633,-16.6642221,-5.17762746,-20.1538819,35.9850224,68.7761595,10.1414982,-1.46575454,16.3470128,-11.1338034,-2.68703078,-1.58877361,19.2896358,-7.99921447,3.18872995,-9.01759396,-7.0417022,-5.79547058,19.431311,-8.41580905,6.82116436
1430,2.5027439,7.34516084,105.409718,-0.244379836,-0.245211146,0.766206155,0.322894898,-1.54804509,4.55998029,0,0,-2.27765785,15.1804472,-25.7380892,68.1665652,-6.11074187,-7.00169693,-16.4706136,-5.12258852,-20.0475529,35.801362,68.8204806,10.1629825,-1.5352864,16.4088072,-11.1499065,-2.78435586,-1.67059319,19.3540052,-8.03524457,3.26838724,-9.004264,-7.14120055,-5.89961261,19.497318,-8.44482711,6.93201662
1431,2.52280924,7.47337267,105.405855,-0.249335813,-0.258634887,0.793202401,0.220823391,-1.52122678,4.58799046,0,0,-2.31501493,15.1478211,-25.8688873,68.1641268,-6.29395998,-6.93888224,-16.5065591,-5.1748258,-20.141982,35.9825157,68.9301257,9.97459824,-1.64057878,16.4180536,-11.1485242,-2.8749327,-1.65069077,19.4149271,-8.03480914,3.35269419,-9.05536406,-7.24460065,-5.85896914,19.6474029,-8.43426166,7.05563408
1432,2.53647231,7.59162605,105.397749,-0.263066908,-0.273468389,0.887960962,0.126646675,-1.61721644,4.59782167,0,0,-2.2694883,15.0847682,-25.3491184,68.1895214,-5.61673477,-6.98210069,-16.652452,-5.17218252,-20.0558157,35.9941953,69.0979298,10.1697974,-1.59002994,15.9936273,-11.1469268,-2.95895833,-1.70259274,19.4531625,-8.05808045,3.4496404,-9.10189045,-7.34391502,-5.90966024,19.8241955,-8.4325302,7.19561112
1433,2.51912978,7.7697739,105.369675,-0.291633857,-0.283162972,0.928415561,-0.338875247,-1.21872005,4.69642783,0,0,-2.31915957,14.7337972,-25.3785804,68.1432879,-6.11836137,-6.91494456,-16.4443037,-5.31344577,-20.5238835,36.3090568,69.032237,9.90645173,-1.48721179,15.8188581,-11.202306,-3.05955613,-1.71381783,19.5615918,-8.1217455,3.55345522,-9.23658605,-7.45816188,-5.8885413,20.0735776,-8.42776359,7.34058018
1434,2.53131781,7.88231269,105.349898,-0.304964773,-0.323025314,0.994653559,-0.262317337,-1.32217254,4.73727706,0,0,-2.38055721,14.7247626,-25.4562038,68.2324082,-5.96158078,-6.91646684,-16.4046596,-5.24582903,-20.4820588,36.1061797,69.0815783,9.64579634,-1.54042078,16.1651641,-11.1793275,-3.13658594,-1.74862437,19.6234682,-8.16051878,3.62785412,-9.31298001,-7.55750613,-5.91921397,20.3424156,-8.42979471,7.45356004
1435,2.55322531,7.98840374,105.332172,-0.324776195,-0.343381007,1.06366254,-0.365451726,-1.47357169,4.72966225,0,0,-2.35187447,14.8581698,-25.26335,68.2663201,-5.77336851,-7.00490456,-16.7516383,-5.16551455,-20.3930478,36.0433215,69.0649263,9.74647333,-1.49512585,16.197336,-11.1626593,-3.20201168,-1.78002691,19.6702942,-8.20671049,3.68767932,-9.40657494,-7.64286471,-5.88682521,20.6148548,-8.41681565,7.65134696
1436,2.56480016,8.11081231,105.336189,-0.361067491,-0.371177899,1.09650909,-0.412108108,-1.42699909,4.78326216,0,0,-2.45598128,14.9309267,-25.8297913,68.2400034,-6.52199054,-6.97933105,-16.5622542,-5.2112226,-20.5680321,36.1073238,69.122013,9.76147584,-1.48699408,16.4799095,-11.127068,-3.24565616,-1.74466425,19.6811218,-8.20228026,3.79037719,-9.49725339,-7.70294733,-5.83748265,20.8487751,-8.32878817,7.76005112
1437,2.56289709,8.21366906,105.329907,-0.39433067,-0.415559404,1.12980716,-0.380675311,-1.65992081,4.86275147,0,0,-2.50450999,15.011359,-25.5891142,68.3425791,-5.89726815,-6.98416469,-16.5472227,-5.08784932,-20.3033606,35.803172,69.1430978,9.65028463,-1.50988194,16.3237286,-11.1114397,-3.28330502,-1.73281056,19.7537028,-8.24211221,3.84146359,-9.62716017,-7.76414582,-5.75959971,21.1768188,-8.26740441,7.87660062
1438,2.57933196,8.33463892,105.31708,-0.428532733,-0.450330705,1.15885482,-0.44762133,-1.57767455,4.88633612,0,0,-2.53851238,15.0520891,-25.7650872,68.2823232,-6.10938052,-6.98545175,-16.7924026,-5.133399,-20.4182597,36.0021901,69.3064076,9.83296743,-1.62709748,16.3599082,-11.0852348,-3.33277586,-1.71964612,19.8113633,-8.29007893,3.92751629,-9.70030467,-7.83490914,-5.75606679,21.407085,-8.18917142,8.05817949
1439,2.57448778,8.42031837,105.287099,-0.434215085,-0.489317518,1.20098695,-0.424101547,-1.86824862,4.96678208,0,0,-2.55821662,15.2071669,-25.7361528,68.2875688,-6.01918574,-6.95007948,-16.495204,-5.12437248,-20.1804206,35.9131039,69.3975019,9.93497631,-1.60409469,16.4432757,-11.0498228,-3.39781378,-1.74413352,19.8301463,-8.34350467,3.99611146,-9.85935928,-7.92930492,-5.6589193,21.7857199,-8.21123634,8.21606017
1440,2.58654151,8.52807164,105.275214,-0.439701884,-0.535068349,1.22005466,-0.458035261,-1.89820263,5.0179799,0,0,-2.61014697,15.1865483,-25.7377562,68.3226145,-5.93417123,-6.93538219,-16.500721,-5.05645478,-20.2054054,35.8814153,69.4276025,10.3043956,-1.57778469,16.1444772,-11.0014412,-3.46771394,-1.71277228,19.8691159,-8.36521954,4.06419734,-9.96069026,-8.02361276,-5.56717876,22.0801643,-8.18734434,8.36655229
1441,2.58348919,8.62391293,105.256188,-0.445429488,-0.550317788,1.22797384,-0.444126701,-2.06828288,5.06137465,0,0,-2.68817911,15.3362011,-25.7851731,68.384093,-5.80433275,-7.00604819,-16.5866158,-5.00080539,-20.0906651,35.7201955,69.444637,10.084607,-1.58182592,16.2129481,-11.0108361,-3.52773187,-1.68823109,19.9194271,-8.4051753,4.11254228,-10.202794,-8.11670823,-5.29883685,22.4952246,-8.21973139,8.23893788
1442,2.5900811,8.7315239,105.242145,-0.46585524,-0.585012407,1.2591237,-0.478131705,-2.14033092,5.11591841,0,0,-2.76733012,15.4873276,-26.166552,68.3322109,-6.17752276,-6.85040738,-16.4910546,-5.049955,-20.1040095,35.9444579,69.5428346,10.4010351,-1.68068459,16.2136226,-10.9947963,-3.58059028,-1.67466143,19.98422,-8.44461025,4.14144934,-10.3754484,-8.19929547,-5.21865769,22.8847042,-8.16443503,8.47363343
1443,2.59246659,8.83929953,105.231714,-0.513362996,-0.630507289,1.25614838,-0.52565488,-2.12688569,5.17921719,0,0,-2.81058485,15.4907239,-26.2084655,68.3400315,-6.33262312,-6.89031703,-16.4377552,-5.02812316,-20.1433719,35.9498606,69.5393785,10.4932461,-1.57735492,16.2369033,-10.9489964,-3.59485492,-1.63624161,20.0125533,-8.48411009,4.19647975,-10.5525244,-8.24240164,-5.07586234,23.2718803,-8.03516944,8.67475945
1444,2.59087756,8.955919,105.232239,-0.592679875,-0.704927285,1.28077587,-0.578310143,-2.17351219,5.27198909,0,0,-2.8159363,15.6119085,-26.1508136,68.3107368,-6.15566786,-6.92937888,-16.5273929,-4.93876678,-20.0826362,35.7031166,69.5399864,10.1735062,-1.49939109,16.2581913,-10.8637608,-3.58170168,-1.62261496,20.0248254,-8.51643566,4.26340109,-10.7326878,-8.26415324,-4.94427448,23.7531662,-7.84778405,8.89467703
1445,2.59885937,9.06962529,105.238807,-0.652937727,-0.754758175,1.28942969,-0.590744716,-2.14146217,5.32177434,0,0,-2.86934625,15.6396067,-26.2891078,68.3452361,-6.28719681,-7.02559363,-16.7064634,-4.90535051,-20.079175,35.6854161,69.6491329,10.1530779,-1.58506172,16.143439,-10.8111214,-3.58414134,-1.6077482,20.0528668,-8.533039,4.31396029,-10.923227,-8.30019956,-4.85102574,24.1920997,-7.68672477,9.0897626
1446,2.58774962,9.15995985,105.240381,-0.70459556,-0.832883249,1.29687796,-0.60262679,-2.31981954,5.45306124,0,0,-2.98745836,15.8498467,-26.4674048,68.3952262,-6.5505322,-7.02561198,-16.4367153,-4.9142622,-19.9181857,35.6240093,69.6700332,10.3612894,-1.57167743,16.465771,-10.7386847,-3.57849235,-1.59009387,20.0836419,-8.55810067,4.35138204,-11.1020072,-8.32874207,-4.68155381,24.6357513,-7.51216307,9.29939647
1447,2.59110928,9.27828699,105.248296,-0.79036573,-0.908588972,1.33868784,-0.676067812,-2.20409735,5.53982898,0,0,-2.93743747,15.8034322,-26.4420648,68.3029299,-6.49055673,-7.01386832,-16.380969,-4.93760949,-19.9967653,35.6773395,69.7834485,10.2817681,-1.64953796,16.4646098,-10.6698884,-3.56102798,-1.59287631,20.1343971,-8.56899909,4.40826343,-11.2886353,-8.34516099,-4.59609064,25.1285579,-7.25183468,9.53037383
1448,2.59088539,9.39329788,105.241179,-0.856975346,-0.959601685,1.33090555,-0.883951877,-2.09505402,5.59192625,0,0,-2.89839141,15.7678486,-26.2626784,68.2361238,-6.37420958,-7.02968832,-16.5398017,-5.02373647,-20.1633741,36.0412417,69.8377349,10.4268507,-1.6044252,16.4203058,-10.6318383,-3.56043077,-1.56457276,20.1928891,-8.60310564,4.48814847,-11.5285406,-8.37877832,-4.49551013,25.6332167,-7.02022723,9.65194522
1449,2.57992893,9.47770849,105.248094,-0.92365307,-1.02363642,1.32901129,-0.77689864,-2.21693618,5.69603028,0,0,-3.00573253,15.9356083,-26.5258473,68.2589913,-6.67422095,-7.08012799,-16.3353758,-4.90273924,-20.0132517,35.6500426,69.8348184,10.1722955,-1.55949504,16.4157381,-10.5624479,-3.53426346,-1.54832822,20.1966611,-8.60445204,4.50571144,-11.8102141,-8.39270423,-4.33937542,26.2161085,-6.74409037,9.77755838
1450,2.5832314,9.5768854,105.26607,-1.00985272,-1.10197125,1.37366639,-0.898276491,-2.16738551,5.75836003,0,0,-2.95227926,15.9592441,-26.5368969,68.2268689,-6.76248321,-7.11346913,-16.1903999,-4.89973054,-20.0489719,35.6899241,69.8692357,10.251127,-1.5382395,16.4543372,-10.4694779,-3.50000835,-1.55799006,20.2055044,-8.61602751,4.5670474,-12.0251329,-8.39806934,-4.35100126,26.7581694,-6.46653538,9.91379931
1451,2.58218385,9.68576148,105.280936,-1.06643272,-1.17243939,1.39714646,-1.09705773,-2.11862906,5.82401479,0,0,-3.00510288,15.9705703,-26.5119171,68.3027933,-6.9000159,-7.20056045,-16.3197996,-4.87846475,-20.0832099,35.7183377,69.8620777,10.1843602,-1.48209118,16.4367854,-10.3729613,-3.50758794,-1.55445735,20.1818191,-8.59327273,4.65344032,-12.2583198,-8.44491931,-4.30759925,27.2944587,-6.19480485,10.1344008
1452,2.58285347,9.76514518,105.291331,-1.1570971,-1.23714041,1.39636018,-0.955895433,-2.24013087,5.92764285,0,0,-3.02100313,16.1856393,-26.6171857,68.1823634,-6.83851688,-7.15611043,-16.2531267,-4.81882226,-19.9233305,35.5487646,69.9230986,10.3073744,-1.56483433,16.5000653,-10.2758232,-3.44893817,-1.54290035,20.1451905,-8.60308942,4.71570476,-12.5631255,-8.4350292,-4.23946811,27.9552591,-5.91201025,10.2653056
1453,2.58258209,9.8568216,105.299139,-1.26479197,-1.282125,1.43055855,-1.09448595,-2.21463505,5.95976779,0,0,-3.01826806,16.2093742,-26.4460348,68.2716681,-6.74864013,-7.26062428,-16.3168728,-4.82655019,-19.932343,35.577062,69.9396891,10.2296486,-1.48664243,16.6582491,-10.2240043,-3.38456684,-1.58133276,20.1424362,-8.6238327,4.76524796,-12.94421,-8.42012231,-4.22101123,28.7565444,-5.79071207,10.2948684
1454,2.57083103,9.94374231,105.311406,-1.377213,-1.37079332,1.45020736,-1.17353098,-2.20822449,6.06300311,0,0,-3.0309735,16.3209539,-26.5455029,68.2142945,-6.936627,-7.26460628,-16.2301038,-4.79494392,-19.8610734,35.4927297,69.9816538,10.1643938,-1.48822522,16.6732875,-10.1182346,-3.30347798,-1.57783848,20.1275788,-8.65375918,4.8081804,-13.202205,-8.37123011,-4.18408509,29.4299293,-5.82563654,10.2187775
1455,2.56905518,10.0172207,105.323124,-1.48042632,-1.43701133,1.49268002,-1.21915675,-2.15499661,6.13243412,0,0,-3.00928573,16.3220126,-26.390461,68.2210837,-6.63275615,-7.1893171,-16.1952733,-4.76936016,-19.8289407,35.476327,70.0069118,10.2399255,-1.40161672,16.6219586,-10.0543936,-3.22971407,-1.6071481,20.1442837,-8.67766313,4.81145846,-13.597211,-8.33698354,-4.13129285,30.329858,-6.06561651,9.9771365
1456,2.57820506,10.0876465,105.332851,-1.57214733,-1.49349895,1.52998366,-1.23243827,-2.13054133,6.19874843,0,0,-3.1001266,16.3885523,-26.6119316,68.3000066,-6.82915568,-7.24504888,-16.236765,-4.70055113,-19.8205823,35.4154358,70.0358104,10.457169,-1.44227587,16.7564826,-9.97371458,-3.16792413,-1.62060357,20.1235012,-8.69158733,4.87534634,-13.9798118,-8.31414339,-4.14095458,31.2283421,-6.38794296,9.81653229
1457,2.5671469,10.1468541,105.344737,-1.65860362,-1.56384338,1.56481425,-1.3160369,-2.22800557,6.30021345,0,0,-3.10143672,16.498491,-26.3249595,68.3028274,-6.51489739,-7.24083295,-16.2935477,-4.67768664,-19.674044,35.346731,70.0164331,10.4680572,-1.49856218,16.7942382,-9.90338498,-3.10846306,-1.63582038,20.131723,-8.69850289,4.91882306,-14.4252827,-8.29256426,-4.01645731,32.2801707,-6.74091604,9.64107327
1458,2.56439261,10.2248624,105.360854,-1.76812976,-1.65994248,1.61097127,-1.45946031,-2.13922613,6.37667059,0,0,-3.08272114,16.5261157,-26.3242048,68.3095279,-6.56259218,-7.20404811,-16.1615082,-4.6441359,-19.6717217,35.3772858,70.062291,10.4291516,-1.5023825,16.7434506,-9.7984229,-3.03055942,-1.65800067,20.1467358,-8.70929801,4.97396019,-14.8292645,-8.27407409,-4.00901966,33.3465169,-6.992737,9.47737754
1459,2.55590659,10.2839015,105.37554,-1.83166642,-1.77724559,1.65277115,-1.5138729,-2.14727807,6.50506576,0,0,-3.10168388,16.654904,-26.6108114,68.2602754,-7.0011424,-7.17927843,-16.123459,-4.64308405,-19.6179391,35.4278565,70.1294659,10.3996042,-1.40649582,16.6986172,-9.68390709,-2.99459463,-1.65458291,20.1846843,-8.70572411,5.00116483,-15.225815,-8.30238693,-4.00184455,34.4912225,-7.35785543,9.4887481
1460,2.55291834,10.3441082,105.389249,-1.89720183,-1.85238271,1.67530018,-1.48490596,-2.23834306,6.5977382,0,0,-3.13583889,16.7004153,-26.4430313,68.344956,-6.68648071,-7.23667763,-16.0305872,-4.63151883,-19.5830334,35.5010079,70.0854453,10.448738,-1.3362581,16.7183565,-9.61641116,-2.95182121,-1.64217662,20.2262221,-8.70807626,5.01148439,-15.7128092,-8.30987794,-3.91217057,35.7087139,-7.66095618,9.39324925
1461,2.55164728,10.4169928,105.404198,-1.9757569,-1.91624349,1.71286856,-1.58898503,-2.17332479,6.67051557,0,0,-3.16753566,16.6458728,-26.1564724,68.4704403,-6.30852579,-7.30675367,-16.2480553,-4.60179342,-19.5802006,35.4501878,70.1283799,10.3398204,-1.40058557,16.7644808,-9.56456917,-2.90851141,-1.66247434,20.2633937,-8.69620112,5.00361431,-16.2379927,-8.33031472,-3.84168301,37.0168215,-7.90422959,9.41753057
1462,2.54292376,10.482949,105.419755,-2.07390877,-2.00334529,1.75445275,-1.72364253,-2.12538902,6.73550397,0,0,-3.16741357,16.7429947,-26.307855,68.4531667,-6.65096629,-7.2561377,-16.1811963,-4.63471152,-19.5276713,35.4223548,70.2909111,10.1990152,-1.52036617,16.8676969,-9.47754232,-2.83804157,-1.68571811,20.2833618,-8.69628821,5.04038377,-16.7468879,-8.32901527,-3.82465279,38.3452045,-8.09272744,9.25223401
1463,2.53271647,10.5287418,105.445254,-2.17084728,-2.09821866,1.76780326,-1.67484221,-2.18708954,6.83582792,0,0,-3.17312489,16.8803037,-26.4111667,68.436706,-6.83722341,-7.2409132,-16.158018,-4.63823718,-19.4044325,35.4059385,70.3502518,10.143414,-1.55819517,16.9816142,-9.37747407,-2.74504342,-1.65803728,20.2988851,-8.6958468,5.05567059,-17.2985418,-8.30620159,-3.75044663,39.7731853,-8.25382087,9.09325624
1464,2.51972135,10.5839901,105.465949,-2.25799097,-2.19960961,1.78365328,-1.67776436,-2.25846608,6.94553954,0,0,-3.16876637,16.96536,-26.2388837,68.4697573,-6.52757337,-7.17942699,-16.0357627,-4.59307682,-19.2920384,35.3432612,70.302017,10.1375905,-1.4876295,16.9796829,-9.24327622,-2.67075679,-1.61742305,20.2719946,-8.71120192,5.07368906,-17.8346553,-8.31276711,-3.67484839,41.2157657,-8.44504823,9.1894475
1465,2.50791013,10.6368966,105.487335,-2.32741453,-2.26288385,1.79532707,-1.7170166,-2.27976902,7.03238198,0,0,-3.25105372,16.9948477,-26.2066948,68.599968,-6.46068832,-7.20989475,-16.0814909,-4.6045477,-19.2639168,35.4411071,70.2435984,10.2584541,-1.3139522,16.884593,-9.1422065,-2.61634025,-1.58988352,20.2122834,-8.69370469,5.0959273,-18.4017437,-8.35597147,-3.71546539,42.6395254,-8.64980621,8.96946162
1466,2.49580964,10.6894657,105.498457,-2.38101986,-2.32013622,1.79762851,-1.76025373,-2.30852433,7.10167638,0,0,-3.30514241,17.1228591,-26.2763712,68.6357035,-6.4950907,-7.22052765,-16.2800872,-4.60712182,-19.18511,35.4065498,70.2986975,10.0902948,-1.42752426,16.817717,-9.05346697,-2.58043949,-1.54155075,20.1667141,-8.68568092,5.09663252,-19.0184466,-8.40561841,-3.6389455,44.1326594,-8.78985411,9.00831259
1467,2.48405132,10.7455447,105.531144,-2.46526627,-2.40761787,1.81416959,-1.89781374,-2.27599512,7.17768444,0,0,-3.23162909,17.1786378,-26.1650972,68.6199258,-6.58055344,-7.28128218,-16.3213944,-4.58181683,-19.1208533,35.3506652,70.3363387,10.1438042,-1.53870555,16.7919603,-8.93766368,-2.50991864,-1.49474272,20.1286375,-8.63875496,5.09647628,-19.6073916,-8.43793715,-3.5847996,45.6577382,-8.95255434,8.92671744
1468,2.47182082,10.7908145,105.558932,-2.48980843,-2.48458544,1.87991486,-2.01032851,-2.30115412,7.25859571,0,0,-3.20094745,17.2250302,-26.1927544,68.5828106,-6.5713203,-7.22611901,-16.1398087,-4.594226,-19.1193729,35.3084443,70.3423697,10.1465226,-1.49372961,16.8816185,-8.84127263,-2.53021348,-1.52613363,20.0986086,-8.45420325,5.15987793,-20.1755746,-8.53936973,-3.5642768,47.1606701,-9.17318055,8.97997157
1469,2.4561286,10.8385727,105.578554,-2.54403927,-2.5360767,1.90195035,-2.11360652,-2.32737415,7.31397403,0,0,-3.20301785,17.2872856,-26.2156935,68.5888416,-6.70487996,-7.14469334,-16.0138942,-4.64853668,-19.0569859,35.3958469,70.3966834,10.1996581,-1.54088726,16.8330763,-8.75424748,-2.49063958,-1.49685997,20.032547,-8.43405334,5.14020571,-20.8072919,-8.60469793,-3.52276334,48.7164677,-9.40453784,8.96523117
1470,2.4426654,10.8819358,105.61167,-2.64077677,-2.60960527,1.939814,-2.13304417,-2.31756216,7.40494276,0,0,-3.27233403,17.3915211,-26.4258072,68.623819,-6.95504076,-7.18234689,-15.9919215,-4.5831739,-18.9913427,35.1665574,70.3552105,10.036531,-1.53353883,16.831934,-8.65620097,-2.39617977,-1.45043709,19.9945062,-8.40294012,5.0992408,-21.4288852,-8.60193597,-3.48163514,50.281568,-9.57494082,8.85658848
1471,2.42489818,10.918697,105.622804,-2.70622927,-2.67249653,2.00536986,-2.30342836,-2.27616289,7.47584268,0,0,-3.23969896,17.3719936,-26.2698928,68.6340916,-6.84793528,-7.21312799,-16.0955815,-4.61749261,-18.9896027,35.2491037,70.3813155,10.1654457,-1.5920664,16.8360663,-8.58804934,-2.34746451,-1.45534426,19.9879049,-8.40001936,5.09384964,-22.0018032,-8.66645565,-3.50334532,51.7947861,-9.82199644,8.81793985
1472,2.41501871,10.9500974,105.6373,-2.76734892,-2.72664987,2.08980682,-2.48451034,-2.26328094,7.5115492,0,0,-3.19017667,17.4497127,-26.3598464,68.6061083,-7.01701064,-7.20949946,-16.145833,-4.64210563,-18.9824669,35.3913082,70.4150908,10.2349181,-1.61731089,16.843366,-8.50932117,-2.3051961,-1.48482283,19.9464968,-8.36623639,5.07499234,-22.5696925,-8.74309976,-3.52398573,53.2872815,-10.0674342,8.71001262
1473,2.40312498,10.9874718,105.660725,-2.83250759,-2.77746937,2.19235968,-2.63260528,-2.25691883,7.56293186,0,0,-3.16863959,17.4382448,-26.2647343,68.6707629,-6.85590825,-7.25753447,-16.0895283,-4.59508703,-18.9637658,35.3427319,70.362512,10.4646302,-1.63601472,16.6270949,-8.43105232,-2.26110254,-1.52547633,19.8917614,-8.32477202,5.06425913,-23.1436879,-8.80737099,-3.50109691,54.7762286,-10.2393039,8.80594177
1474,2.38463581,11.0259615,105.689287,-2.91263762,-2.82245503,2.27834105,-2.80728139,-2.20924432,7.62613843,0,0,-3.16683514,17.4445473,-26.2268455,68.6898669,-6.8117673,-7.22023651,-16.0198347,-4.56113758,-18.920085,35.2398897,70.3195501,10.6459956,-1.68739204,16.6691603,-8.37199765,-2.19757473,-1.58562906,19.8588416,-8.27577139,4.99523067,-23.7190664,-8.83172403,-3.50405033,56.2304442,-10.3849176,8.73091129
1475,2.37704031,11.0454701,105.724239,-2.95070548,-2.8652723,2.3616186,-2.92743701,-2.20460385,7.67326674,0,0,-3.18337636,17.4456982,-26.2137316,68.7394609,-6.75441078,-7.22031677,-16.1288343,-4.54345123,-18.8984265,35.2680062,70.3286684,10.7760936,-1.75893091,16.6569087,-8.32584692,-2.17571621,-1.64214994,19.8639113,-8.1943709,4.96487006,-24.2440109,-8.90340772,-3.50065295,57.6067102,-10.6102045,8.68983795
1476,2.36534011,11.0708043,105.73802,-3.00702639,-2.91043689,2.4538952,-3.03212332,-2.17701053,7.72129151,0,0,-3.19827023,17.5070589,-26.4186168,68.7189362,-6.87482403,-7.15730742,-16.1385144,-4.51427095,-18.9778975,35.205066,70.212603,10.3153444,-1.54911326,16.8974577,-8.2610916,-2.13911215,-1.68116355,19.8253873,-8.16960207,4.97595759,-24.8036578,-8.95697091,-3.43948711,59.0234759,-10.8000292,8.87419243
1477,2.34715436,11.0841773,105.743456,-3.05004676,-2.94985387,2.54845466,-3.10784087,-2.22017924,7.77622757,0,0,-3.20989414,17.571343,-26.4873711,68.7134447,-6.82233488,-7.11478522,-16.1193301,-4.45343574,-18.9196599,35.0686671,70.168357,10.21707,-1.68228701,16.923158,-8.22183936,-2.11242661,-1.75636116,19.813595,-8.15907334,4.99716405,-25.2914375,-9.0251823,-3.4530698,60.3089516,-11.0566155,8.85238876
1478,2.33894382,11.1142337,105.767667,-3.11760401,-2.9818737,2.62492412,-3.2444961,-2.18834352,7.79361467,0,0,-3.1758433,17.5199868,-26.3692772,68.767977,-6.69337621,-7.14916541,-16.1186164,-4.41905641,-18.8928258,35.0369033,70.1434883,10.2652458,-1.72963762,17.0121366,-8.1457835,-2.06013831,-1.79128498,19.720952,-8.11839017,5.01337763,-25.8316696,-9.05231608,-3.3892515,61.6174929,-11.1754411,8.95039088
1479,2.32406575,11.1309588,105.788326,-3.17446229,-3.00959648,2.71203143,-3.37327312,-2.17960002,7.82366836,0,0,-3.16396155,17.503374,-26.3089939,68.8114102,-6.65772092,-7.20671445,-16.1233531,-4.41004952,-18.8684813,35.1021692,70.1425321,10.4953626,-1.7779246,17.0797469,-8.10527108,-2.01416921,-1.84737215,19.6759394,-8.08787715,5.02467007,-26.3221472,-9.05047108,-3.30968364,62.8400353,-11.3804535,8.91472534
1480,2.31002215,11.1453071,105.813932,-3.2713382,-3.05108636,2.80802682,-3.46340857,-2.17647478,7.883202,0,0,-3.17640103,17.560845,-26.3034154,68.8278709,-6.59935097,-7.20427265,-16.1692059,-4.3675905,-18.8212402,35.0970261,70.0838266,10.6184947,-1.80670094,17.0888003,-8.04709921,-1.91981356,-1.91241092,19.6300269,-8.05275803,5.01936003,-26.8545894,-9.02195419,-3.23127562,64.1395881,-11.3852748,8.89925496
1481,2.29722485,11.152,105.830407,-3.31447633,-3.09237179,2.89609983,-3.56206275,-2.21369761,7.93183465,0,0,-3.1682857,17.6264916,-26.3322627,68.8066085,-6.61984026,-7.19266048,-16.2034371,-4.31680207,-18.7788384,34.9541659,70.0298817,10.6001351,-1.7552282,17.2586859,-8.00946231,-1.88750314,-1.98873359,19.6305016,-8.01208767,5.01528496,-27.3384366,-9.03038435,-3.12353515,65.3329246,-11.5098822,9.05310497
1482,2.28398386,11.1671701,105.857098,-3.38240921,-3.11765304,2.94966441,-3.67548274,-2.14289352,7.95968987,0,0,-3.14463574,17.5850563,-26.2347771,68.8183018,-6.53495809,-7.19569052,-16.2286746,-4.29049944,-18.7973739,34.955747,69.9890782,10.5412359,-1.76007091,17.1454875,-7.96902247,-1.82253502,-2.00323749,19.5842373,-7.97993711,5.06567255,-27.8008473,-8.95512249,-2.96950244,66.4370861,-11.6393809,9.06046365
1483,2.2711128,11.1683197,105.885541,-3.43327131,-3.15377299,3.02142285,-3.70074633,-2.17758554,8.01794711,0,0,-3.1703783,17.6406933,-26.2567857,68.824326,-6.52176899,-7.21929139,-16.2043386,-4.28102426,-18.6705355,34.9614844,70.0832392,10.8372665,-1.84807011,16.8418497,-7.93000416,-1.76693472,-2.0548447,19.5622236,-7.9446626,5.00765009,-28.2449154,-8.92572024,-2.84732294,67.5024249,-11.8360254,9.05401339
1484,2.26276163,11.1758105,105.91836,-3.50470252,-3.18293339,3.07175803,-3.74040027,-2.15715602,8.05109146,0,0,-3.15405607,17.629461,-26.1512985,68.834264,-6.41118225,-7.23442026,-16.2128696,-4.25375644,-18.6432916,34.8821142,70.0626052,10.6460912,-1.74558312,16.8285906,-7.89088169,-1.68549816,-2.07213489,19.5279702,-7.89844356,4.93151824,-28.6633636,-8.85350721,-2.72600811,68.4971873,-11.9796874,9.06535321
1485,2.25030351,11.1864015,105.941594,-3.56429859,-3.22056547,3.10357802,-3.82978098,-2.09766315,8.09720804,0,0,-3.15504644,17.5946851,-26.0857611,68.8522547,-6.38399255,-7.2516938,-16.2427824,-4.24108814,-18.6686948,34.8869295,70.0461922,10.50521,-1.73613846,16.8029057,-7.86810813,-1.62008331,-2.10027975,19.5422487,-7.86625971,4.89389927,-29.0619085,-8.77293659,-2.5547471,69.4365842,-12.1536497,9.07586914
1486,2.24338099,11.1930482,105.97018,-3.6068684,-3.2552031,3.13494439,-3.90335749,-2.06452521,8.14352612,0,0,-3.16354469,17.5973984,-26.1180338,68.8406024,-6.47932662,-7.25001358,-16.251554,-4.19846947,-18.6865353,34.8318884,69.9912365,10.4598763,-1.75876475,16.7872355,-7.83954684,-1.57300879,-2.10560197,19.5533955,-7.81533211,4.85002171,-29.4201144,-8.74577463,-2.42632759,70.2826534,-12.2924733,9.21211263
1487,2.22968534,11.1937247,105.990028,-3.68306981,-3.27790368,3.16898125,-3.90723704,-2.0636518,8.18616955,0,0,-3.18968511,17.6646707,-26.2015209,68.8218808,-6.55558995,-7.22936848,-16.2180639,-4.17217324,-18.6377848,34.8532908,69.9720915,10.7258875,-1.84743746,16.9212165,-7.81891626,-1.48026976,-2.12241256,19.5452164,-7.81395156,4.83534961,-29.8126966,-8.65806817,-2.28601266,71.1388996,-12.4756778,9.1161886
1488,2.21644808,11.1991197,106.014597,-3.76693297,-3.29394152,3.20018877,-3.93694494,-2.03529307,8.21223697,0,0,-3.19377084,17.6941754,-26.1941921,68.8178169,-6.57181507,-7.2367041,-16.2165118,-4.16117408,-18.6120674,34.8698916,69.9631781,10.707936,-1.79461171,16.8335715,-7.81560703,-1.38206263,-2.15603117,19.5518127,-7.79825835,4.79570292,-30.1522048,-8.56840572,-2.19777708,71.8760272,-12.6153782,9.12649962
1489,2.20592879,11.2056285,106.029809,-3.85041796,-3.31427249,3.25179242,-3.99994191,-1.96500508,8.23320394,0,0,-3.19170599,17.7166245,-26.2928508,68.788611,-6.69752043,-7.23610219,-16.2280206,-4.16149467,-18.6171679,34.804472,69.9594147,10.4302752,-1.75886656,17.1423234,-7.80945303,-1.28930781,-2.2002067,19.5666615,-7.80242647,4.78886889,-30.4435943,-8.50785097,-2.14711031,72.54751,-12.7411749,9.06457457
1490,2.20198315,11.2086244,106.043351,-3.91778554,-3.32622666,3.29033333,-4.05097111,-1.92946313,8.24261167,0,0,-3.19774943,17.7423009,-26.3412239,68.7906532,-6.75531792,-7.24380835,-16.247724,-4.16215805,-18.5921864,34.8623579,69.9776308,10.5399595,-1.7558188,17.1254699,-7.79416621,-1.21473367,-2.24249475,19.5501,-7.79033618,4.78958947,-30.7530804,-8.44777689,-2.05096707,73.1775403,-12.7137824,9.21186674
1491,2.18924433,11.2020522,106.051219,-3.97217135,-3.35224098,3.34080189,-4.11810205,-1.89857402,8.27739953,0,0,-3.19413668,17.7628956,-26.3617537,68.7582644,-6.80114721,-7.22129263,-16.2614885,-4.17029579,-18.5850848,34.8723231,69.9900344,10.5940443,-1.77274817,17.1723728,-7.80476154,-1.1557139,-2.29727159,19.6076529,-7.79191139,4.79943306,-30.9631736,-8.42815035,-2.02067774,73.6828513,-12.8512033,9.16329214
1492,2.17695795,11.2042077,106.064987,-4.05192152,-3.36922157,3.38624182,-4.14627103,-1.85673378,8.30804147,0,0,-3.20355637,17.7531762,-26.3150933,68.7698211,-6.75245521,-7.22747225,-16.2598049,-4.13420721,-18.5364043,34.8855805,70.0035719,10.9084567,-1.82978932,16.8627125,-7.80295837,-1.0634993,-2.34841562,19.6222882,-7.80311717,4.77213919,-31.1904584,-8.3915226,-2.01525436,74.1490527,-12.8640073,9.17145934
1493,2.16411762,11.212635,106.078291,-4.1162226,-3.38577977,3.40722176,-4.15055313,-1.81233947,8.33754106,0,0,-3.22114859,17.7746726,-26.3770551,68.7552387,-6.83521534,-7.22819283,-16.2741876,-4.11023367,-18.5252608,34.8694271,69.9796252,11.0497366,-1.87653578,16.9279733,-7.79560567,-0.990878915,-2.36985259,19.6280068,-7.81214754,4.77490371,-31.4239416,-8.34443699,-1.93530614,74.5956173,-12.8610404,9.26371044
1494,2.16525327,11.2193577,106.088781,-4.1632915,-3.39407198,3.42767196,-4.24135409,-1.71611534,8.31350733,0,0,-3.17940589,17.7209685,-26.3777125,68.7391877,-6.92901603,-7.22629148,-16.3039792,-4.08282327,-18.5999131,34.9248575,69.959886,11.0489981,-1.84720673,16.9316326,-7.78644212,-0.941400598,-2.38768664,19.6272316,-7.80532076,4.77687892,-31.5794923,-8.3380721,-1.90636791,74.9040687,-12.9344231,9.30485806
1495,2.15387139,11.2103038,106.089711,-4.19649353,-3.41104043,3.43898793,-4.23128426,-1.70657794,8.34772145,0,0,-3.19502824,17.7417767,-26.389498,68.7166686,-6.98779322,-7.23784133,-16.4334881,-4.09210294,-18.5638958,34.846604,69.9863256,10.9015565,-1.82108723,16.926971,-7.77484958,-0.89821598,-2.40604022,19.6271821,-7.80302582,4.77573315,-31.8023955,-8.32631735,-1.81918802,75.2655223,-12.8196563,9.2030336
1496,2.14481149,11.204052,106.097662,-4.20663453,-3.4195333,3.43837061,-4.26453191,-1.67684388,8.35607307,0,0,-3.18487687,17.7224763,-26.3875001,68.707482,-7.07416523,-7.25708709,-16.4373386,-4.10606683,-18.6005603,34.9059891,69.98261,10.9675711,-1.83481634,16.9982406,-7.77226009,-0.883164164,-2.40592816,19.6290382,-7.78270345,4.78544654,-31.9139223,-8.33286238,-1.75792122,75.4228557,-12.9006837,9.31833658
1497,2.14086212,11.1876875,106.108034,-4.22616135,-3.42960487,3.45613669,-4.2386963,-1.7166482,8.36998702,0,0,-3.18398062,17.7410151,-26.3146408,68.717536,-7.0279176,-7.30695174,-16.4681889,-4.09990258,-18.521774,34.8113876,70.0088379,10.8312201,-1.8121081,16.9921207,-7.74467125,-0.847415701,-2.40968455,19.589225,-7.76945715,4.78749047,-32.1029785,-8.33482776,-1.69367272,75.6562159,-12.7977852,9.36413727
1498,2.13925131,11.182154,106.116927,-4.24994027,-3.4348633,3.45175043,-4.22945975,-1.6974797,8.37004678,0,0,-3.17813291,17.7508113,-26.3332872,68.7014373,-7.10120126,-7.33622252,-16.5430511,-4.10139968,-18.5418001,34.9342456,69.9744274,10.9947288,-1.79477692,17.0252471,-7.72290855,-0.81269374,-2.40757274,19.5577652,-7.76663116,4.78181544,-32.2594786,-8.34065135,-1.65214016,75.7980721,-12.7005156,9.34147214
1499,2.14269776,11.1706868,106.114614,-4.251977,-3.42803792,3.42873615,-4.21716925,-1.67696672,8.34668241,0,0,-3.16203223,17.7072364,-26.3125525,68.7114435,-7.10170541,-7.37625767,-16.5333711,-4.09287603,-18.5558208,34.9164222,69.98261,10.9465803,-1.7851122,17.0966926,-7.71629181,-0.798508718,-2.39022449,19.5334838,-7.77076684,4.81053553,-32.3027855,-8.36287252,-1.64354116,75.7535325,-12.8321274,9.25437442
1500,2.14315411,11.1554012,106.120157,-4.24887345,-3.43248243,3.41462284,-4.21518508,-1.67147866,8.34388972,0,0,-3.13412792,17.6859877,-26.2972562,68.6904885,-7.19296186,-7.39640929,-16.4607132,-4.11038564,-18.5544736,34.9622391,70.0030254,11.0168339,-1.8164235,17.1512061,-7.70433812,-0.790412809,-2.36334129,19.5211366,-7.75389029,4.83430245,-32.3778731,-8.40445984,-1.62372348,75.7231245,-12.8502752,9.2875478
1501,2.14544367,11.1351848,106.124365,-4.24829203,-3.42980414,3.40976001,-4.22621455,-1.67241557,8.32233364,0,0,-3.09377175,17.6607143,-26.2414553,68.6871827,-7.19163424,-7.39077951,-16.396296,-4.11892466,-18.5335561,34.9559075,70.0421488,11.0008188,-1.87287501,17.2214033,-7.69222478,-0.774955771,-2.35872771,19.4949616,-7.7526805,4.82804813,-32.408691,-8.45023064,-1.63973024,75.609716,-12.9303908,9.21928177
1502,2.14630067,11.1174569,106.129217,-4.24668746,-3.42522838,3.39826527,-4.1793236,-1.69161897,8.31821674,0,0,-3.09542274,17.6418015,-26.2405076,68.6981861,-7.20683398,-7.40461576,-16.297972,-4.13831386,-18.5192605,34.9979337,70.0503518,11.1655493,-1.93208571,17.2931955,-7.67539691,-0.760050698,-2.34143452,19.4524402,-7.75564565,4.81676978,-32.4364591,-8.49240706,-1.65370609,75.4257175,-12.8951957,9.21380481
1503,2.15647072,11.094673,106.137824,-4.22422061,-3.41691373,3.38507779,-4.13175304,-1.75165185,8.2854472,0,0,-3.07913252,17.6943769,-26.316514,68.6832621,-7.28703918,-7.36808535,-16.2292381,-4.12663936,-18.4642604,34.9316399,70.0762929,11.1262996,-2.00112547,17.3421286,-7.66528225,-0.767524792,-2.32220797,19.4242811,-7.73637854,4.83493681,-32.4020281,-8.56792248,-1.70734495,75.1459257,-12.8635744,9.2072538
1504,2.16299985,11.0585861,106.133854,-4.1921581,-3.39816536,3.36175206,-4.08095351,-1.83435616,8.23594882,0,0,-3.04132593,17.7566596,-26.3357871,68.6584549,-7.31097728,-7.33517067,-16.1985466,-4.10589949,-18.3873798,34.8722685,70.0880476,11.1804007,-2.04030685,17.3698216,-7.67140978,-0.781410247,-2.32867594,19.3990384,-7.7330548,4.8346858,-32.2864067,-8.62090255,-1.76985655,74.694375,-13.0013146,9.10604491
1505,2.17944421,11.0311553,106.133246,-4.17418371,-3.38631907,3.34183176,-4.09158512,-1.86145301,8.18619858,0,0,-2.97801413,17.7541513,-26.2668021,68.6470621,-7.29747912,-7.30510418,-16.201108,-4.06663316,-18.3539153,34.8375711,70.0651119,11.0584109,-2.01936528,17.2929461,-7.66476828,-0.783050079,-2.33382932,19.3773235,-7.73175621,4.84605081,-32.199916,-8.64683081,-1.7788836,74.2600638,-12.9276843,9.10725642
1506,2.18733698,11.0080682,106.134951,-4.14154928,-3.37377675,3.32412766,-4.05275165,-1.88582974,8.15977685,0,0,-2.97276492,17.7363672,-26.1989715,68.6686319,-7.2559695,-7.30780466,-16.2693501,-4.01116434,-18.3527285,34.7286159,69.998299,10.9267659,-1.97186729,17.2214614,-7.66606601,-0.805770223,-2.34759621,19.3607893,-7.71911609,4.86179909,-32.056482,-8.6818065,-1.80634491,73.7106092,-12.8420841,9.17414105
1507,2.19918061,10.9786093,106.138384,-4.11792883,-3.35058928,3.32035338,-4.03902468,-1.90762018,8.12002258,0,0,-2.93475193,17.7098524,-26.1068664,68.662915,-7.15034276,-7.28036352,-16.3454572,-3.99152114,-18.3770628,34.5982754,69.9184882,10.5707653,-1.91529006,17.5765202,-7.66885785,-0.813594471,-2.37738992,19.3224566,-7.71441607,4.83649452,-31.8717049,-8.67570799,-1.82260674,73.0739126,-12.753091,9.12013816
1508,2.21676342,10.9577194,106.138492,-4.09713645,-3.32480357,3.29241664,-4.08722362,-1.86006712,8.05323529,0,0,-2.86743614,17.6042047,-25.9511603,68.6864655,-7.03090495,-7.27464751,-16.3454008,-3.98195205,-18.4406894,34.6321976,69.9002448,10.6210765,-1.92393836,17.6235478,-7.67421614,-0.821497,-2.39141785,19.2952161,-7.71330189,4.82263308,-31.6596822,-8.677915,-1.84958705,72.3597617,-12.6523884,9.171981
1509,2.21552607,10.9160498,106.125903,-4.04239326,-3.30554856,3.25950822,-4.00234742,-1.94713325,8.04754318,0,0,-2.91031458,17.5922297,-25.905743,68.7619937,-6.87312929,-7.29585439,-16.385366,-4.03251679,-18.400878,34.5906222,69.9465739,10.7789111,-1.91459978,17.3911609,-7.69692395,-0.86104545,-2.39344919,19.2922723,-7.71613557,4.8491325,-31.4135119,-8.67455198,-1.82972316,71.5842757,-12.5222503,9.25155953
1510,2.23351084,10.8812384,106.113744,-4.00216223,-3.27739125,3.23216457,-4.06250645,-1.91945412,7.95670337,0,0,-2.83791884,17.5982983,-25.9385586,68.7335733,-6.98375914,-7.28617345,-16.5060349,-4.08469261,-18.4765308,34.8801539,69.9719822,11.126081,-1.94900558,17.4918088,-7.72213333,-0.884353417,-2.38738974,19.3021709,-7.74285271,4.84072625,-31.1267806,-8.67034885,-1.84420785,70.7170534,-12.3836726,9.25627407
1511,2.24477351,10.8378865,106.112111,-3.94237303,-3.26424252,3.20450254,-3.98886676,-2.00009283,7.93804415,0,0,-2.86291221,17.680305,-26.0691826,68.7286624,-7.11828783,-7.29228135,-16.6317224,-4.11170558,-18.4147245,34.8187266,70.0081617,11.2012806,-2.0050206,17.5576211,-7.74119297,-0.923879348,-2.37035696,19.3204349,-7.73855225,4.82470988,-30.8382392,-8.6865586,-1.83778534,69.8513133,-12.187822,9.28922888
1512,2.26102211,10.8010463,106.09616,-3.88750638,-3.23933516,3.15482916,-3.93296124,-2.04527048,7.87811948,0,0,-2.87096906,17.7425946,-26.2058922,68.7420496,-7.30148759,-7.29875893,-16.7440209,-4.09640894,-18.4160478,34.7884484,69.9922952,11.2239056,-2.01423623,17.6342849,-7.7693786,-0.956294892,-2.33340308,19.3427406,-7.7747625,4.77473467,-30.4929288,-8.68671484,-1.8345489,68.8584155,-12.0856825,9.27233697
1513,2.28344798,10.7576676,106.092238,-3.84110885,-3.20888465,3.1152263,-3.90961095,-2.06612241,7.81370994,0,0,-2.85879531,17.762327,-26.2800954,68.7526569,-7.44981198,-7.32785724,-16.7140364,-4.0943808,-18.398916,34.7882162,70.0155315,11.205517,-2.08780975,17.6554738,-7.78875499,-0.977407221,-2.31233536,19.3351283,-7.77952143,4.78219067,-30.0956542,-8.68092455,-1.87614112,67.7842658,-11.9485878,9.14076874
1514,2.30313912,10.7054569,106.074893,-3.77019748,-3.19063528,3.08209945,-3.87530163,-2.1465069,7.7657697,0,0,-2.78544634,17.7160064,-26.12588,68.7305339,-7.39403922,-7.32869309,-16.5804823,-4.09147157,-18.3673878,34.8443193,70.0102176,11.351864,-2.12920774,17.6674813,-7.80112874,-1.02840248,-2.28416168,19.344916,-7.805261,4.78636989,-29.7247203,-8.68029446,-1.83157905,66.7245005,-11.8083478,9.26117729
1515,2.32072342,10.638462,106.05818,-3.68669823,-3.1798974,3.05666047,-3.79574871,-2.30040174,7.72921026,0,0,-2.69024076,17.6630126,-25.8661279,68.7272622,-7.20950116,-7.38443512,-16.4593711,-4.10050151,-18.3174045,34.826496,69.9827193,11.4384461,-2.14347088,17.9059983,-7.82517015,-1.08407866,-2.25712929,19.3889946,-7.83178689,4.76277116,-29.2753143,-8.70428721,-1.85672033,65.5577403,-11.7225239,9.08982578
1516,2.3418542,10.582646,106.040919,-3.58777048,-3.15707697,3.03140201,-3.72436769,-2.40194082,7.66933084,0,0,-2.6348808,17.6302892,-25.7574271,68.7148586,-7.06170996,-7.37663248,-16.3902018,-4.11748093,-18.2833663,34.8007803,70.008954,11.5260347,-2.16241655,18.0402764,-7.84625494,-1.16464885,-2.23858746,19.4064901,-7.84962991,4.74364194,-28.8425023,-8.74082872,-1.85469241,64.3808987,-11.5599714,9.12743194
1517,2.36667972,10.5284266,106.015599,-3.47921193,-3.12614623,3.00441253,-3.69768598,-2.45740665,7.58755384,0,0,-2.62670335,17.699981,-26.014833,68.6713093,-7.38277794,-7.37321738,-16.4331944,-4.12482936,-18.329453,34.9116308,69.9955054,11.7258152,-2.12474997,18.0161368,-7.87563244,-1.25798211,-2.21650972,19.4259237,-7.87983386,4.72323461,-28.3216389,-8.76537471,-1.86906953,63.0461294,-11.5016774,9.09134549
1518,2.38087103,10.4681581,105.987346,-3.37249664,-3.10915692,2.9432856,-3.61395213,-2.55495691,7.55322873,0,0,-2.6459504,17.8227315,-26.3115365,68.6063679,-7.72577297,-7.37863628,-16.4203929,-4.15018131,-18.3365086,35.0278329,69.9734576,11.9223795,-2.11764017,17.8725765,-7.887581,-1.34102088,-2.1616426,19.4359504,-7.91418032,4.72015548,-27.8156636,-8.76399331,-1.84595062,61.7120364,-11.319436,9.04884549
1519,2.40675882,10.4040071,105.963027,-3.26482724,-3.09204486,2.89624407,-3.60064009,-2.65176225,7.47009935,0,0,-2.60698673,17.8829003,-26.3125917,68.6270838,-7.77562054,-7.45061026,-16.527562,-4.10155848,-18.3353338,34.969445,69.9248266,11.7801673,-2.09675282,17.9204595,-7.87549754,-1.42464043,-2.12057929,19.4132913,-7.93160669,4.71488898,-27.2850228,-8.77930318,-1.82391451,60.3573572,-11.0185346,9.03897246
1520,2.43118238,10.338074,105.941045,-3.11460933,-3.09588862,2.84379491,-3.56780374,-2.76538565,7.3974304,0,0,-2.49338852,17.841313,-26.2111224,68.6110944,-7.69574916,-7.44967964,-16.5232709,-4.0632091,-18.3539955,34.8092395,69.9042677,11.5127141,-2.06316749,18.0754587,-7.83393328,-1.55640844,-2.04188142,19.382815,-7.93145045,4.7165295,-26.7140498,-8.8290816,-1.7724485,58.9676049,-10.7412716,9.17119382
1521,2.44493876,10.256242,105.908835,-2.92441858,-3.12598782,2.78294283,-3.46594748,-2.98515979,7.40594338,0,0,-2.47610686,17.8234128,-26.0981409,68.6484692,-7.54699789,-7.45442321,-16.4847828,-4.08041563,-18.2677712,34.8726954,69.9636426,11.7499232,-2.11767582,17.8447315,-7.76488007,-1.72515072,-1.96002545,19.352576,-7.93154949,4.68188038,-26.0692782,-8.89445504,-1.71743207,57.5153701,-10.530801,9.24360492
1522,2.45871469,10.168653,105.891955,-2.74629636,-3.1324527,2.72500271,-3.26738491,-3.24173947,7.4113546,0,0,-2.54625077,17.9592123,-26.3500519,68.6403754,-7.6278383,-7.43647774,-16.4510861,-4.09254604,-18.1483949,34.8144953,70.0176489,11.9427113,-2.2406935,17.8042217,-7.73972363,-1.87784867,-1.88989584,19.3418509,-7.87959822,4.64235066,-25.5372184,-8.92945208,-1.57689741,56.1782957,-10.134452,9.35311164
1523,2.4949478,10.0795865,105.858898,-2.53795395,-3.14382974,2.64700292,-3.23308392,-3.40664927,7.33202366,0,0,-2.43541921,18.0320085,-26.4664213,68.5173568,-7.76589008,-7.34576173,-16.4701081,-4.06036134,-18.1482259,34.9394707,70.0159072,12.095477,-2.43127286,17.8574271,-7.66258945,-2.06415062,-1.78710512,19.2818119,-7.84979639,4.65505908,-24.8792953,-9.00683215,-1.46720105,54.6976985,-9.94496802,9.30727936
1524,2.53119636,10.0032598,105.83663,-2.3804827,-3.13184825,2.5895637,-3.26047895,-3.52678888,7.19513728,0,0,-2.30082862,18.0142654,-26.3335297,68.525676,-7.71877544,-7.38118565,-16.5928347,-4.15429992,-18.25136,35.3296862,70.0585139,12.1780659,-2.36483753,17.9849263,-7.64996299,-2.2008163,-1.72539458,19.2749731,-7.82998287,4.65484521,-24.2632754,-9.04198713,-1.37955104,53.2527071,-9.58505633,9.27250772
1525,2.53781844,9.90429297,105.807161,-2.19369037,-3.13107705,2.51944571,-3.14445581,-3.70702882,7.18296673,0,0,-2.31236567,17.9611948,-26.1905209,68.5903852,-7.57935164,-7.4761398,-16.7237967,-4.15232471,-18.2197909,35.3176719,69.9798506,12.2290883,-2.16018905,17.7548428,-7.64897773,-2.35667332,-1.67128806,19.2847198,-7.80866243,4.6551658,-23.6786437,-9.08662583,-1.26030875,51.8425087,-9.37818612,9.03415803
1526,2.57056206,9.81724411,105.773711,-1.99774509,-3.17867359,2.48609993,-3.11530648,-3.84765772,7.16052615,0,0,-2.28760474,18.0148852,-26.3993334,68.5608447,-7.81531248,-7.42349611,-16.726761,-4.09666422,-18.1648437,35.1467021,70.0434192,12.3306746,-2.38985459,17.8032825,-7.54275122,-2.53207834,-1.62038885,19.2425109,-7.81826739,4.62864247,-22.9684662,-9.17682787,-1.19596057,50.3799193,-9.18662236,9.0387684
1527,2.60717962,9.7255826,105.739951,-1.81123364,-3.152856,2.41935105,-3.09399971,-4.00029708,7.05825431,0,0,-2.17578664,18.0250127,-26.3395607,68.4607004,-7.78663763,-7.3118635,-16.7606661,-4.15140136,-18.1971403,35.2222747,70.0929585,12.1138212,-2.39378088,17.9733576,-7.56711023,-2.69326013,-1.57035761,19.2842946,-7.83779661,4.60182245,-22.3691701,-9.25920422,-1.17427323,48.9447804,-9.0058947,8.99651344
1528,2.63221897,9.62634161,105.703473,-1.60659997,-3.13540738,2.37055176,-3.02555225,-4.15587812,6.99347381,0,0,-2.12403046,17.9906636,-26.2592684,68.4522173,-7.76360965,-7.28099019,-16.8123433,-4.21689988,-18.2229754,35.4160676,70.1174311,12.5639067,-2.43945051,18.1280187,-7.59750884,-2.87838387,-1.53931877,19.3349029,-7.81847571,4.60398933,-21.7523049,-9.35856981,-1.1535832,47.4849948,-8.81579346,9.03783438
1529,2.66657602,9.52603295,105.662644,-1.39368585,-3.12143342,2.34388441,-2.99954673,-4.26260324,6.90911798,0,0,-2.00850293,17.8388183,-26.0307184,68.4321093,-7.56748077,-7.28815762,-16.7729451,-4.14659162,-18.3030048,35.3414922,70.0453316,12.7005003,-2.44236893,18.2571315,-7.57960265,-3.07373262,-1.51336779,19.3156128,-7.82333197,4.59007239,-21.0796696,-9.49111476,-1.22610017,45.9937562,-8.75337834,8.94620653
1530,2.69450601,9.42662805,105.615234,-1.20086585,-3.07950744,2.31816419,-3.02208593,-4.42008563,6.81242513,0,0,-1.97050915,17.858467,-26.1049335,68.4476548,-7.62513696,-7.2886511,-16.6339183,-4.15773038,-18.3142421,35.317829,70.0504884,12.6099618,-2.49446256,18.3328612,-7.61743934,-3.24209571,-1.49306164,19.3335113,-7.87632741,4.58015496,-20.4228291,-9.59285555,-1.36254697,44.4957318,-8.71610088,8.8960738
1531,2.71522067,9.34707671,105.585158,-1.06583823,-3.05488145,2.26929184,-2.91515761,-4.51661968,6.74191026,0,0,-1.95680373,17.8787834,-26.1228883,68.4586514,-7.62437027,-7.2932538,-16.908176,-4.1070666,-18.3203295,35.2225035,69.9750353,12.7771008,-2.48913011,18.2743368,-7.64014288,-3.344146,-1.44585052,19.3546063,-7.91363476,4.54298549,-19.8512379,-9.6110008,-1.40861286,43.1665872,-8.48011528,8.88168174
1532,2.7409222,9.24127996,105.537164,-0.849229979,-3.0274986,2.21940853,-2.86452968,-4.67254906,6.67322459,0,0,-1.96538736,17.8472672,-26.0343213,68.5308806,-7.52704093,-7.30434688,-17.0238367,-4.11708563,-18.3340873,35.243117,69.980759,13.1820687,-2.46723636,18.4161759,-7.6580192,-3.53364255,-1.39925529,19.3640747,-7.93525316,4.50671804,-19.2289821,-9.73192332,-1.54682931,41.7863597,-8.43237482,8.94096351
1533,2.77666748,9.13744196,105.497754,-0.665814744,-2.97932814,2.20161455,-2.85285177,-4.78493385,6.52164349,0,0,-1.8286871,17.7665122,-25.9314023,68.4899883,-7.48009021,-7.24165855,-16.9687,-4.05273799,-18.3570725,35.0301346,70.0310087,12.9526709,-2.6224236,18.7368208,-7.67006253,-3.69041951,-1.39694764,19.3261978,-7.95398666,4.51062448,-18.625026,-9.8148367,-1.75029841,40.4538512,-8.40027037,9.01508045
1534,2.79264878,9.02917162,105.465746,-0.47798322,-2.96507443,2.18095717,-2.77261924,-4.93359462,6.48688209,0,0,-1.8536032,17.7311369,-25.9227758,68.5312699,-7.40162585,-7.20037945,-16.7808886,-4.00887025,-18.3119609,34.8731871,70.0355098,12.9106498,-2.58861928,18.5585546,-7.64719676,-3.84651879,-1.37295255,19.2715597,-7.93882193,4.49145385,-18.0510374,-9.88261437,-1.79577519,39.2480975,-8.27105173,9.16191586
1535,2.80143972,8.92303661,105.419695,-0.304757827,-2.93530707,2.16804232,-2.76735765,-5.03844357,6.44817541,0,0,-1.85458099,17.7058772,-25.8410543,68.5626342,-7.51741548,-7.27574119,-16.9947025,-4.04895364,-18.4205574,34.9784574,69.9282895,13.1322681,-2.48075053,18.5812342,-7.71489077,-3.98826357,-1.35294447,19.3461659,-7.99355309,4.44476054,-17.4878473,-9.94154268,-1.92335032,38.0887275,-8.30303836,9.29186448
1536,2.82827895,8.83337483,105.388045,-0.172139174,-2.90554831,2.13376586,-2.6737529,-5.04553331,6.35004736,0,0,-1.81346581,17.5716896,-25.8076973,68.5896202,-7.42209251,-7.2349624,-16.9723371,-3.99364661,-18.5315583,35.0318797,69.8826434,13.3900249,-2.53340809,18.7500936,-7.75860739,-4.08494447,-1.34453106,19.4004932,-8.03330053,4.40117156,-16.9464728,-9.94796562,-2.00616978,36.9978985,-8.226384,9.40920457
1537,2.84526553,8.73400122,105.354309,-0.065519497,-2.87805345,2.09921382,-2.61779828,-5.07605529,6.26935209,0,0,-1.7716849,17.4881854,-25.7506516,68.6273366,-7.25935642,-7.21405519,-16.8767264,-3.99070237,-18.5508587,35.2820047,69.9086391,13.7844624,-2.61230595,18.7579141,-7.8260521,-4.14509368,-1.33671348,19.4901753,-8.08688848,4.34806726,-16.3940437,-9.91330839,-2.09730905,35.9251865,-8.09736599,9.51108025
1538,2.85890903,8.60762373,105.302703,0.0900917296,-2.86192711,2.03291628,-2.53186532,-5.23678757,6.20369391,0,0,-1.7920997,17.5386195,-25.7239199,68.7152752,-7.34466292,-7.34155007,-17.1025837,-4.01663703,-18.5627876,35.2157689,69.9506516,13.6085449,-2.62637315,19.0736892,-7.89062897,-4.24170073,-1.29938554,19.6082983,-8.16940741,4.28089748,-15.8811853,-9.90683251,-2.09739315,34.9579259,-8.05395587,9.57576385
1539,2.86099687,8.48632455,105.263567,0.205698626,-2.83001851,1.99028978,-2.36883532,-5.39853969,6.16021805,0,0,-1.79240663,17.6889964,-25.8725619,68.6082598,-7.50440995,-7.19127907,-17.1262281,-3.90374766,-18.4409934,35.027061,69.8750823,13.4509058,-2.50378727,18.8384455,-7.99021398,-4.29666881,-1.28913641,19.730668,-8.24651427,4.22550592,-15.4215665,-9.86868078,-2.17294827,34.0651143,-8.00518405,9.55356403
1540,2.86952555,8.38665515,105.24286,0.313885884,-2.81747966,1.90190803,-2.26429202,-5.37610294,6.09930941,0,0,-1.71155683,17.5399992,-25.6925386,68.5494997,-7.4920678,-7.15152481,-17.0511677,-3.94758937,-18.5367936,35.0486103,69.9586702,13.3928765,-2.57006956,18.9318859,-8.04567256,-4.34358239,-1.22119215,19.8310444,-8.2869729,4.14114071,-14.9389317,-9.82298767,-2.14759183,33.1862977,-7.93590374,9.53331679
1541,2.85506789,8.25940445,105.209589,0.453468585,-2.87956911,1.81437324,-2.1858219,-5.51664561,6.16969921,0,0,-1.82109684,17.7059165,-25.9588818,68.5995923,-7.91838857,-7.23557285,-17.3634166,-4.01532734,-18.5333102,35.2987352,69.9387056,13.8414287,-2.69491602,19.2050491,-8.00943243,-4.409784,-1.15687503,19.9029322,-8.33137681,4.07020535,-14.3636385,-9.82419747,-2.20624374,32.3150695,-7.95967365,9.70419958
1542,2.85812579,8.13417211,105.180013,0.567106171,-2.83179393,1.71629358,-2.06457622,-5.57290716,6.07994241,0,0,-1.76288911,17.7013146,-25.9048294,68.5576891,-7.83279861,-7.20316275,-17.3608382,-3.96801206,-18.5714705,35.3611871,69.884788,13.6253736,-2.67020867,19.074391,-8.08376282,-4.44814704,-1.10539323,19.9506001,-8.36076028,3.99818485,-13.9489018,-9.77857522,-2.17434419,31.512717,-7.9592664,9.46379912
1543,2.86008008,8.0427438,105.151081,0.616220091,-2.79565066,1.62980019,-1.97748,-5.5146815,6.02779477,0,0,-1.75097065,17.6576509,-26.0450054,68.5079722,-8.10944091,-7.2017045,-17.2299223,-3.9807414,-18.5772317,35.289897,69.963547,13.5716414,-2.71289009,18.9728056,-8.10871008,-4.42874204,-1.07488256,19.9410703,-8.42682956,3.94922904,-13.5416961,-9.69980265,-2.24374681,30.762571,-7.7677052,9.57817406
1544,2.84172986,7.94795975,105.113697,0.702492544,-2.77124826,1.51881243,-1.86130318,-5.46981015,6.01355254,0,0,-1.72913186,17.5553928,-25.9111918,68.495589,-7.96392544,-7.21709463,-17.2993734,-3.95545646,-18.6324624,35.1366207,69.9301815,13.9069371,-2.7298979,19.1161439,-8.14773437,-4.44673575,-1.01656096,19.9652867,-8.49443904,3.88578,-13.1603854,-9.64943342,-2.22441908,30.0750646,-7.66570999,9.71123126
1545,2.8503025,7.8509368,105.098343,0.774854217,-2.69973611,1.41842511,-1.79944471,-5.38276109,5.87507601,0,0,-1.71775661,17.493921,-25.9444138,68.4964155,-8.03167067,-7.235788,-17.3836254,-3.91885818,-18.7471446,35.1727421,69.8906005,14.0041298,-2.78549778,19.4822933,-8.24204562,-4.4492595,-0.981952605,20.010605,-8.53846729,3.80840164,-12.8390472,-9.59227925,-2.28364707,29.4156303,-7.70107415,9.61067807
1546,2.83988249,7.68271983,105.054581,0.938776284,-2.64490509,1.34679593,-1.6474809,-5.58042506,5.86481322,0,0,-1.74859673,17.5877952,-25.937418,68.4466371,-8.11368758,-7.18563904,-17.4133743,-3.948333,-18.622813,35.2285926,69.9235903,14.1838457,-2.88113942,19.3693698,-8.33419341,-4.52517492,-0.931281993,20.0548253,-8.56188801,3.71806982,-12.4798348,-9.65509992,-2.51768009,28.7619812,-8.68406302,9.34278525
1547,2.85287853,7.53966272,105.035937,1.04463271,-2.57797108,1.26624534,-1.61376634,-5.54840172,5.72018439,0,0,-1.65056569,17.5019141,-25.9965162,68.3918726,-8.24227529,-7.1317719,-17.285088,-4.02675766,-18.7417368,35.6024054,69.9512253,14.6129712,-2.71523456,19.3650582,-8.42024526,-4.54389135,-0.866572941,20.09491,-8.58482123,3.64667172,-12.1206488,-9.64065407,-2.68492986,28.0814741,-9.25642263,9.13209952
1548,2.84349192,7.4350968,105.071354,1.02496055,-2.54594604,1.15938776,-1.5145842,-5.42926785,5.70126562,0,0,-1.62969978,17.5028413,-25.8509222,68.3235639,-8.25507421,-7.16570087,-17.4520281,-3.93624485,-18.7196514,35.1650514,69.9312197,14.1266455,-2.80544236,19.4397839,-8.45153265,-4.42184953,-0.792336735,20.0801056,-8.53147403,3.57154903,-11.9015713,-9.48917071,-2.71807037,27.5935408,-9.29487318,8.92898165
1549,2.85483971,7.26777837,105.050051,1.15499412,-2.48354927,1.1014781,-1.40199921,-5.55432349,5.57594873,0,0,-1.5920028,17.5684948,-25.9437376,68.3262003,-8.30013723,-7.15609207,-17.4379118,-3.95765664,-18.6507331,35.463657,70.0169385,14.3403732,-2.95307732,19.3098686,-8.52662118,-4.45653408,-0.760343115,20.1030038,-8.53345906,3.4905035,-11.5845455,-9.49988301,-2.90002404,26.9835144,-9.90952105,8.63000207
1550,2.85525676,7.14479312,105.085039,1.1781073,-2.43566482,1.02109123,-1.30617998,-5.43926682,5.5399707,0,0,-1.67072756,17.4431335,-25.9416698,68.4397864,-8.44182182,-7.15711361,-17.4232405,-3.88749352,-18.727151,35.2593148,69.9080926,14.1958694,-2.77893952,19.286663,-8.55575365,-4.37824347,-0.703255167,20.0544719,-8.46780045,3.38088622,-11.3980028,-9.39469383,-2.96607923,26.5266891,-9.95141145,8.5060145
1551,2.85010654,7.01134875,105.118442,1.15951063,-2.37504261,0.944190602,-1.16183855,-5.48104069,5.46425379,0,0,-1.63455488,17.622957,-25.9186264,68.3902129,-8.21345786,-7.23525268,-17.5579882,-3.7977888,-18.5595296,35.1527229,69.8406172,14.6035062,-2.79023772,19.2569414,-8.59129368,-4.2459935,-0.68679249,19.981995,-8.41304709,3.28483455,-11.2495948,-9.23575191,-3.07478809,26.1110636,-10.0198423,8.1567451
1552,2.84333583,6.88610673,105.133784,1.14139753,-2.3170623,0.872262372,-1.21975578,-5.21993664,5.38861457,0,0,-1.60087948,17.4103895,-25.7808615,68.4077733,-8.33633211,-7.17950041,-17.3626072,-3.90270606,-18.7859692,35.36298,69.8778212,14.3273361,-2.82373019,19.4348371,-8.62225493,-4.12334166,-0.667753017,19.9026914,-8.38697455,3.21962631,-11.1007043,-9.08858354,-3.17578098,25.7082634,-10.1084845,7.85868162
1553,2.82281172,6.73635155,105.141127,1.18691177,-2.26571227,0.809834371,-1.08273546,-5.21172675,5.35764009,0,0,-1.61359036,17.4405841,-25.8789089,68.3828431,-8.17516953,-7.11937468,-17.1974413,-3.8951126,-18.7835513,35.3882278,69.8194163,14.5841802,-2.86538367,19.3342284,-8.66050058,-4.06467119,-0.671809563,19.8358922,-8.34863585,3.11551886,-10.9313105,-9.01048459,-3.33965344,25.2803367,-10.2662439,7.66868454
1554,2.8248949,6.60470799,105.164039,1.21479154,-2.21035715,0.732358781,-1.05369595,-5.08225668,5.27588656,0,0,-1.62243502,17.3231868,-25.7039143,68.4637604,-8.0614503,-7.1118841,-17.2837032,-3.88571169,-18.8145074,35.4417492,69.8286575,14.7895981,-2.85524255,19.3567442,-8.64633135,-3.9903122,-0.649669985,19.6871921,-8.29740857,3.0428004,-10.7440472,-8.90581792,-3.43575036,24.8173233,-10.4094328,7.3920337
1555,2.80690063,6.46338388,105.190802,1.2345945,-2.15756947,0.655624144,-0.992633847,-5.08482696,5.24044855,0,0,-1.68211434,17.4330163,-25.7574715,68.4666154,-7.953938,-7.05780907,-17.2214494,-3.91410991,-18.7551496,35.4043231,69.838131,14.6592354,-2.90852678,19.4899431,-8.65533866,-3.89981006,-0.673619136,19.5601865,-8.22285023,2.89470653,-10.6754721,-8.79237787,-3.48019162,24.5430058,-10.4608556,7.29233172
1556,2.80210916,6.3204363,105.20761,1.2858282,-2.09441619,0.57912224,-0.971157277,-5.00488088,5.12902384,0,0,-1.55720618,17.2548559,-25.5375599,68.5016884,-7.94402312,-7.08285409,-17.1998763,-3.92968872,-18.8508218,35.3675016,69.7886258,14.4718936,-2.82797665,19.6882593,-8.68037045,-3.8486417,-0.63738114,19.4611795,-8.14681656,2.79014103,-10.5577137,-8.72063868,-3.53248825,24.1622911,-10.4968208,6.96700981
1557,2.77624819,6.18333295,105.23715,1.28565334,-2.0564049,0.491655549,-0.843238186,-4.89651609,5.12473533,0,0,-1.69681173,17.2229248,-25.4379758,68.6048994,-7.78295275,-7.05157054,-17.3783081,-3.92066263,-18.8592622,35.4843525,69.767664,14.6717876,-2.80719259,19.3610728,-8.67908381,-3.73314917,-0.598111075,19.3447469,-8.06328335,2.67143618,-10.5065769,-8.59540973,-3.57550691,23.9184772,-10.4650784,6.92827111
1558,2.77029853,6.03982806,105.265808,1.32010627,-1.99679819,0.400389042,-0.799389492,-4.84848534,5.02610185,0,0,-1.65141808,17.2926217,-25.7105498,68.5886026,-7.99812249,-7.05728869,-17.3539961,-3.90427658,-18.8152416,35.3625463,69.7840223,14.4514577,-2.89208288,19.4170838,-8.66746481,-3.65158647,-0.539367286,19.183201,-7.97429452,2.53663557,-10.4353321,-8.50159366,-3.60283557,23.6167331,-10.4410301,6.73856944
1559,2.7374221,5.87866865,105.293512,1.34199936,-1.95778458,0.337499046,-0.695090689,-4.84950048,5.04001921,0,0,-1.69802665,17.2730601,-25.4870046,68.6444393,-7.88685615,-7.00192958,-17.3732197,-3.99876925,-18.8236035,35.6679206,69.7455888,15.0526697,-2.87179444,19.4466807,-8.67415156,-3.54718895,-0.503006507,19.0568749,-7.8761225,2.38886635,-10.3896705,-8.38358165,-3.65329829,23.3953804,-10.4156799,6.4960687
1560,2.70809997,5.74276783,105.318725,1.33320988,-1.91425646,0.258088898,-0.645857885,-4.7492158,5.04314616,0,0,-1.69197926,17.2632792,-25.3794974,68.6293924,-7.82090896,-7.07905778,-17.5369427,-3.99147845,-18.8338898,35.3332994,69.7117862,14.4988353,-2.89911798,19.5002635,-8.70003115,-3.42197088,-0.463546209,18.9729234,-7.80562215,2.22839575,-10.3807956,-8.24431239,-3.64781621,23.2130895,-10.3182131,6.2981947
1561,2.68573165,5.58605231,105.339396,1.33572779,-1.88434334,0.187398746,-0.672938518,-4.59394596,4.99539503,0,0,-1.65122363,17.1446696,-25.3725511,68.6488653,-8.10723305,-7.11319123,-17.2972782,-4.0470318,-18.9716376,35.7084919,69.6283827,14.7214431,-2.90868985,19.421631,-8.70079869,-3.29813507,-0.410718378,18.8834445,-7.74699351,2.09075506,-10.3562692,-8.11572896,-3.64952375,23.0488371,-10.2408433,6.22366752
1562,2.65800096,5.42350039,105.353844,1.37240417,-1.83930603,0.159444722,-0.626843332,-4.5856332,4.96343486,0,0,-1.72063308,17.2521272,-25.2993759,68.6804071,-7.62036266,-7.15266759,-17.8005112,-4.01710404,-18.9291555,35.4225802,69.5861175,14.6163402,-2.83531334,19.3817734,-8.73165663,-3.22313169,-0.430123959,18.7993939,-7.67536105,1.96145445,-10.3360826,-8.02876699,-3.69170273,22.8724952,-10.1967664,6.00348698
1563,2.61860974,5.28183654,105.390012,1.33709201,-1.80484827,0.113463694,-0.623410095,-4.3922795,4.97759427,0,0,-1.7096162,17.1096205,-25.1739633,68.719469,-7.6567539,-7.19598337,-17.7714163,-4.0922071,-19.0206527,35.4740115,69.5465229,14.7682709,-2.84572105,19.6569293,-8.75151882,-3.06546894,-0.430964419,18.7013277,-7.57009417,1.82123216,-10.3586495,-7.86618543,-3.71843652,22.7700287,-10.0462034,6.01443876
1564,2.60721017,5.1101692,105.40812,1.32931365,-1.77229303,0.103198448,-0.594481042,-4.41622145,4.91865999,0,0,-1.70306722,17.1343526,-25.1749281,68.7883173,-7.69993607,-7.28088689,-17.5535435,-4.08580294,-18.9120254,35.5851114,69.5415847,15.2254018,-3.05318207,19.9458924,-8.76424176,-2.92921008,-0.44552046,18.6260642,-7.51671197,1.67416987,-10.3006894,-7.71671101,-3.80482689,22.5862745,-9.99925436,5.79388896
1565,2.55687647,4.96632271,105.424118,1.33034293,-1.75619307,0.130289669,-0.713836624,-4.24033512,4.93758815,0,0,-1.70641199,17.0607692,-25.1103316,68.7485792,-7.58276759,-7.20318324,-17.6829978,-4.13730513,-19.0441127,35.4167541,69.4773946,14.2823115,-2.73411939,19.4167269,-8.76397879,-2.83344379,-0.516132476,18.5062388,-7.43446284,1.55697812,-10.2722314,-7.61312778,-3.92827829,22.453236,-9.93926311,5.61893196
1566,2.52612755,4.77129892,105.439544,1.34363433,-1.72593473,0.116569713,-0.663034264,-4.27605658,4.94729513,0,0,-1.7271287,16.9923359,-24.952964,68.819299,-7.5680989,-7.21497471,-17.6220588,-4.1647642,-18.8802685,35.4271018,69.4981652,14.552022,-2.85516379,19.4929262,-8.77277522,-2.70996997,-0.539904256,18.4039772,-7.35139322,1.42005214,-10.2583559,-7.48278642,-3.95821415,22.3257215,-9.88875727,5.49376576
1567,2.4967432,4.62341644,105.46304,1.30176923,-1.69372244,0.162544733,-0.819427506,-4.07171141,4.88279381,0,0,-1.70081582,16.9314362,-24.9738644,68.8730868,-7.53535583,-7.2348719,-17.6918719,-4.21417378,-19.0494095,35.5428052,69.4620267,14.5301585,-2.90080012,19.7491624,-8.81289917,-2.5637352,-0.629614522,18.3427889,-7.28787673,1.31200282,-10.2049028,-7.32695651,-4.11673046,22.1514697,-9.79850657,5.36126692
1568,2.4653906,4.44510132,105.482304,1.33153316,-1.67585397,0.201356853,-0.823810567,-4.05268506,4.90504571,0,0,-1.72918843,16.9157848,-25.0822458,68.8334307,-7.66588074,-7.21092099,-17.4138183,-4.27783883,-18.9420851,35.5787457,69.4984384,14.5931619,-2.87016374,19.4032355,-8.80207759,-2.48066708,-0.709881624,18.219545,-7.18635963,1.17856141,-10.1732031,-7.23580849,-4.19700312,22.0388672,-9.77468287,5.16958107
1569,2.4342414,4.26727384,105.508661,1.27910701,-1.66404613,0.225591423,-0.658970781,-4.04314969,4.87692753,0,0,-1.77232481,16.8933169,-25.0540901,68.9867957,-7.51492076,-7.39164438,-17.5381892,-4.13408213,-18.9031889,35.3451293,69.3269118,14.4514611,-2.73871867,19.5053486,-8.80451341,-2.29099443,-0.773716892,18.1331448,-7.13164725,1.02512068,-10.0878872,-7.03275081,-4.31111338,21.8425796,-9.68027002,5.02840063
1570,2.38077734,4.07385193,105.522299,1.29740571,-1.64313746,0.282286017,-0.602919955,-4.15429053,4.93425117,0,0,-1.87498874,17.0954717,-25.3215227,68.9442505,-7.5463106,-7.23634381,-17.494377,-4.21306729,-18.6844281,35.3358334,69.3655161,14.6050174,-2.80009859,19.3777436,-8.83053301,-2.18835953,-0.876714918,18.0363525,-7.02750864,0.864443736,-10.0579966,-6.92359243,-4.4191913,21.7033137,-9.62344455,4.85442035
1571,2.36735791,3.88937257,105.546534,1.25029997,-1.61527864,0.332130956,-0.538385179,-4.1491935,4.88896318,0,0,-1.87891418,17.1384336,-25.3308477,68.9830665,-7.36551891,-7.23855252,-17.468926,-4.19491436,-18.667059,35.4262105,69.2625032,14.6314417,-2.60077361,19.4733611,-8.82231288,-2.006078,-0.937077195,17.9094766,-6.96228417,0.757419634,-9.99877113,-6.73506384,-4.50408116,21.5485689,-9.50979959,4.75683658
1572,2.32901294,3.70468274,105.56339,1.25064728,-1.59864724,0.388028975,-0.50194692,-4.14888657,4.92453694,0,0,-1.96755744,17.1937991,-25.5111954,68.9770764,-7.55547074,-7.23800269,-17.3022762,-4.14138062,-18.526299,35.2961227,69.2140771,14.8114889,-2.84940551,19.4752035,-8.8142413,-1.88685961,-1.01642553,17.7771366,-6.88038295,0.605878867,-9.95200397,-6.60692779,-4.59142776,21.4088779,-9.46111827,4.56398107
1573,2.30097044,3.53244878,105.587149,1.22819311,-1.57217928,0.435000021,-0.58560169,-3.96362238,4.89603541,0,0,-2.03779462,17.0660387,-25.5618788,69.0897882,-7.57084549,-7.29569388,-17.2739992,-4.19679565,-18.6971221,35.4891541,69.1313977,14.8497755,-2.75345971,19.6361689,-8.82454635,-1.74198841,-1.08103837,17.6694859,-6.7986337,0.473233339,-9.8848726,-6.44788769,-4.67340838,21.2182098,-9.40459675,4.34617487
1574,2.26565171,3.36644091,105.607891,1.19199561,-1.55590072,0.516115844,-0.669358539,-3.83350002,4.89883622,0,0,-2.05503829,17.0124149,-25.4100488,69.0961402,-7.16480014,-7.3137751,-17.4693938,-4.17631191,-18.6846091,35.4966161,69.0876162,14.8052564,-2.75315598,19.503752,-8.86165818,-1.5922363,-1.16048329,17.6170796,-6.74754431,0.334322739,-9.82619189,-6.2882858,-4.77387449,21.0703686,-9.33899364,4.31143653
1575,2.23794878,3.17428559,105.623972,1.16225286,-1.52004074,0.534408955,-0.64699746,-3.79356519,4.90150212,0,0,-2.14008055,17.0619526,-25.6695789,69.085772,-7.68964809,-7.25116959,-17.3602952,-4.24718281,-18.6450333,35.6275235,69.0812026,15.0553728,-2.85159117,19.8069339,-8.91104984,-1.42026036,-1.17485209,17.5693041,-6.70324455,0.170228805,-9.78073783,-6.10592744,-4.85148593,20.8890544,-9.27043561,4.05802926
1576,2.20224317,3.01077068,105.632818,1.12057022,-1.50543231,0.603554647,-0.748626299,-3.61024376,4.87857659,0,0,-2.13257972,16.9626092,-25.5700767,69.0941253,-7.37548671,-7.25450613,-17.4139976,-4.27592723,-18.7143819,35.8316471,69.0566003,14.8724091,-2.81131227,19.6673111,-8.94655317,-1.26509415,-1.24693097,17.5222851,-6.67591313,0.0617206442,-9.69690409,-5.94141763,-4.94768701,20.6926267,-9.19843005,3.98078195
1577,2.17067357,2.84059867,105.650675,1.06231354,-1.48855194,0.678034536,-0.785758462,-3.49695312,4.8844719,0,0,-2.20340259,17.0219891,-25.7681591,69.0527002,-7.79532905,-7.22940946,-17.4693119,-4.31094177,-18.6884341,35.7414237,69.0765718,14.8564828,-2.8610386,19.8243953,-8.98403127,-1.08322051,-1.32329899,17.4751517,-6.62390252,-0.0704296357,-9.61194849,-5.74871324,-5.08628265,20.5037276,-9.12613592,3.83633455
1578,2.1431243,2.68921312,105.6692,1.01994328,-1.46976599,0.729206557,-0.799824863,-3.31588502,4.86330258,0,0,-2.17837934,16.7822563,-25.4511017,69.1152989,-7.20380991,-7.34185145,-17.5251521,-4.20486979,-18.7350296,35.8073384,68.9307882,15.1789633,-2.88866821,19.8175548,-8.99443962,-0.929231015,-1.37574737,17.386933,-6.56721963,-0.196291739,-9.54147118,-5.58418295,-5.19149958,20.3271228,-9.0603168,3.69177658
1579,2.10225098,2.51247492,105.680931,1.00263542,-1.46046267,0.816843097,-0.836242525,-3.24762774,4.88540294,0,0,-2.23553628,16.8270521,-25.5791831,69.030871,-7.58740187,-7.27387057,-17.451316,-4.29783464,-18.7356375,35.8474624,68.9734905,14.9947719,-2.8931834,19.9510423,-9.03680216,-0.799658484,-1.46904093,17.3473828,-6.50151748,-0.317315328,-9.46626311,-5.44588784,-5.33241534,20.1596397,-9.02698889,3.48811059
1580,2.08616462,2.34211255,105.697823,0.950823511,-1.42371953,0.914161779,-0.965828663,-3.12335992,4.8340126,0,0,-2.2524299,16.8304706,-25.6446112,69.0086114,-7.54542865,-7.28921374,-17.4506518,-4.28909797,-18.7661138,35.9875188,68.9072104,15.0932871,-2.85979466,20.0483674,-9.12354557,-0.633381104,-1.58315301,17.3538083,-6.46234592,-0.460182074,-9.36770861,-5.2647414,-5.48397809,19.9185562,-8.94779968,3.37822288
1581,2.04589907,2.18314286,105.698931,0.918630915,-1.39612995,0.98442752,-0.900607506,-2.96427521,4.84436119,0,0,-2.36163267,16.8248443,-25.8192267,68.9620295,-7.67410088,-7.19794192,-17.719027,-4.3150275,-18.769365,35.9893596,68.9602878,15.0150439,-2.91793216,19.8298918,-9.20889902,-0.496373966,-1.67646534,17.3632476,-6.4219112,-0.57574466,-9.30326663,-5.11350949,-5.63261923,19.723889,-8.91627238,3.16570282
1582,2.0102201,2.00872682,105.706429,0.881929995,-1.38670917,1.11028498,-1.10909786,-2.84298086,4.82763662,0,0,-2.28219523,16.6085151,-25.530851,68.9821922,-7.57811708,-7.24856899,-17.3474664,-4.39074314,-18.8259138,36.1759911,68.9996297,14.97158,-2.91559047,19.9832842,-9.25687683,-0.349282507,-1.81208803,17.3288234,-6.36231225,-0.699492586,-9.14997584,-4.947255,-5.79328833,19.4293593,-8.86953168,3.01205643
1583,1.98597722,1.86569002,105.722523,0.852035098,-1.36258179,1.12259908,-0.934408192,-2.72688344,4.81485819,0,0,-2.43437953,16.6417457,-25.7656934,69.0410548,-7.51897618,-7.32076409,-17.4915578,-4.41703382,-18.7927447,36.1496812,69.1135846,14.994579,-2.95027972,19.9121512,-9.26022619,-0.209324821,-1.8310465,17.2239151,-6.31036524,-0.818746942,-9.09530017,-4.79441415,-5.85844578,19.252968,-8.81711596,2.84205217
1584,1.95408314,1.71402451,105.728829,0.798238258,-1.32844877,1.23345057,-1.08742535,-2.53576515,4.78679294,0,0,-2.39834387,16.4595674,-25.5137226,69.0122928,-7.36898864,-7.23120238,-17.3570902,-4.38878586,-18.9042885,36.3258693,68.9915086,15.3302093,-2.9302741,20.152719,-9.36305639,-0.0578191255,-1.9747381,17.2434956,-6.2956146,-0.967884549,-8.98782373,-4.61853635,-6.01121235,18.9871302,-8.74375546,2.67547453
1585,1.93553139,1.54901808,105.736649,0.783773043,-1.30396353,1.25348988,-0.973682846,-2.54732716,4.76574315,0,0,-2.45556101,16.5133364,-25.4764673,69.070568,-7.2900991,-7.31963967,-17.472423,-4.40831423,-18.7278442,36.2101728,69.1524142,15.0775709,-2.9049087,20.0176367,-9.38056302,0.0718402499,-1.98738569,17.1728202,-6.25838153,-1.07659597,-8.89376349,-4.47248812,-6.07941478,18.7424626,-8.69183151,2.44975321
1586,1.90455634,1.41102532,105.742979,0.7503559,-1.29218882,1.3284351,-1.03253901,-2.28236257,4.75609679,0,0,-2.50787748,16.2868456,-25.4648047,69.1138851,-7.28658412,-7.27786367,-17.4581975,-4.40176322,-18.9000828,36.3140668,69.1220472,14.9543201,-2.78389439,19.6994267,-9.41187688,0.195648754,-2.08345657,17.1244146,-6.2140186,-1.1762209,-8.82565882,-4.33424851,-6.20141732,18.5862254,-8.64798767,2.30576749
1587,1.87191349,1.25581725,105.761123,0.694016718,-1.27645065,1.33857201,-0.873787648,-2.29829996,4.76345717,0,0,-2.57525452,16.3375359,-25.4897469,69.1174914,-7.26010262,-7.29062844,-17.2254297,-4.4214935,-18.7889505,36.205156,69.1701658,14.8830283,-2.88669984,19.9142635,-9.42078601,0.376031102,-2.10771228,17.0365135,-6.16706873,-1.28913215,-8.78078618,-4.14091061,-6.22150534,18.4358793,-8.56647704,2.18619542
1588,1.86564587,1.12557728,105.775762,0.666032817,-1.25124872,1.37941538,-0.841298092,-2.14250847,4.68985164,0,0,-2.60519402,16.2068709,-25.4693605,69.2192134,-7.36973484,-7.34166276,-17.2995031,-4.383755,-18.9331136,36.365242,69.1073349,14.8512133,-2.73569055,19.9632872,-9.42757522,0.498808075,-2.14306128,16.9513377,-6.12058716,-1.41106927,-8.69209874,-4.00197389,-6.30265567,18.2216367,-8.5064559,2.12720585
1589,1.82774886,0.967371929,105.778587,0.665103811,-1.24116162,1.42099102,-0.77157296,-2.12037289,4.71020902,0,0,-2.62270534,16.283101,-25.6037223,69.0583352,-7.37876947,-7.08453645,-17.2819461,-4.43261006,-18.8387648,36.3898204,69.1856157,14.8626163,-2.70123438,19.7178324,-9.449349,0.602918781,-2.19529836,16.8885067,-6.06335444,-1.52229773,-8.67043167,-3.88776118,-6.37301217,18.1243014,-8.48959131,1.9406482
1590,1.82784349,0.837543607,105.783808,0.654219566,-1.20633985,1.45783851,-0.862908064,-1.9946178,4.60533658,0,0,-2.55499896,16.1476976,-25.3592134,69.1324564,-7.24668642,-7.25573728,-17.2975087,-4.40662717,-18.9142299,36.5338076,69.1622838,14.7184549,-2.71245574,20.1482828,-9.44738533,0.70079171,-2.2287998,16.7783836,-6.01834606,-1.59629269,-8.6300883,-3.78052593,-6.42119787,17.9861147,-8.44826098,1.84839881
1591,1.78267937,0.690950081,105.783927,0.650995455,-1.20306282,1.46758717,-0.749589729,-1.98955172,4.65152147,0,0,-2.61869261,16.1838293,-25.5009535,69.1233927,-7.457951,-7.22237607,-17.3199083,-4.47352076,-18.7897565,36.3856198,69.2727211,14.9612596,-2.91627413,20.394827,-9.46550667,0.807041545,-2.23519734,16.7297629,-5.97060133,-1.70253009,-8.61164423,-3.6650206,-6.46321933,17.8939874,-8.42071398,1.72325513
1592,1.76658127,0.568734016,105.788541,0.650870069,-1.1862394,1.52487154,-0.810501303,-1.85505739,4.59424436,0,0,-2.60118278,16.0932986,-25.3957106,69.1008941,-7.46435431,-7.18479125,-17.3894567,-4.45469548,-18.7873079,36.5746385,69.3276358,15.1628902,-3.05167794,20.4062215,-9.46192936,0.887833719,-2.31525846,16.6303017,-5.91001328,-1.80969234,-8.55883833,-3.5694782,-6.53446034,17.7636042,-8.41194658,1.55282024
1593,1.7347198,0.440034363,105.792499,0.652024307,-1.17209189,1.54186583,-0.797682425,-1.78524934,4.59066747,0,0,-2.5610488,15.9966206,-25.2854218,69.0791945,-7.32325711,-7.25265174,-17.2999693,-4.43729088,-18.7175819,36.6167637,69.2886355,16.2862275,-3.21917146,20.9200498,-9.46997618,0.974927969,-2.33113716,16.5502928,-5.85020259,-1.90665841,-8.55640081,-3.47452001,-6.51123257,17.6913596,-8.39058174,1.39064114
1594,1.70715041,0.322120613,105.796504,0.634556228,-1.17123664,1.57499914,-0.81814786,-1.62147784,4.5666363,0,0,-2.59218998,15.8672517,-25.4415804,69.163322,-7.49087337,-7.30074908,-17.3684419,-4.50802602,-18.8421833,36.8924847,69.34368,16.6009677,-3.29292854,20.8587864,-9.47278253,1.0725699,-2.361117,16.4957179,-5.80043186,-1.98952013,-8.5438196,-3.37382082,-6.58282875,17.6446497,-8.3469061,1.3320839
1595,1.68026146,0.202730694,105.792618,0.618437134,-1.16200801,1.64467741,-0.852788712,-1.4872167,4.57650081,0,0,-2.55341393,15.7597189,-25.2256952,69.0476664,-7.21865191,-7.11953519,-17.3716351,-4.5361139,-18.8643695,36.8856272,69.3465828,16.713169,-3.2482226,20.8628794,-9.50271413,1.16296799,-2.43818842,16.4577694,-5.76426088,-2.07634933,-8.48058485,-3.26867006,-6.68047953,17.4994723,-8.32166001,1.15165239
1596,1.67945903,0.0839999178,105.800223,0.602295974,-1.15138917,1.70490781,-0.923907523,-1.44977115,4.4927994,0,0,-2.56611232,15.8308485,-25.540905,69.1177236,-7.61088662,-7.23685607,-17.5066098,-4.53861375,-18.8566018,37.0818278,69.3995304,16.6127191,-3.36274033,20.9121712,-9.47541386,1.25858092,-2.47503473,16.3469701,-5.70704311,-2.14779546,-8.44443864,-3.16429986,-6.7737876,17.4326833,-8.31757129,1.0388008
1597,1.64648071,-0.0196799287,105.809939,0.573434181,-1.13161882,1.73883932,-0.93036536,-1.26871628,4.4796086,0,0,-2.57283557,15.7123174,-25.6575527,69.1104495,-7.76871522,-7.21184904,-17.3361556,-4.59262987,-18.8993503,37.1367494,69.4706805,16.7990688,-3.41216059,20.8305248,-9.51497944,1.36689908,-2.51018694,16.3020787,-5.65340777,-2.26504014,-8.44303504,-3.04831022,-6.77681338,17.3531696,-8.26225786,0.951117716
1598,1.61563661,-0.135104498,105.807126,0.555569956,-1.14721995,1.81664832,-1.02476423,-1.15099947,4.51548587,0,0,-2.56035447,15.601752,-25.4638741,69.1159819,-7.51379036,-7.15317985,-17.5451594,-4.64154256,-18.9666516,37.0365744,69.4678801,16.479445,-3.34585269,20.9671388,-9.54075999,1.45514438,-2.59976316,16.3047185,-5.63032301,-2.36227023,-8.36185141,-2.9468087,-6.88619587,17.2270314,-8.24315126,0.817175198
1599,1.60032995,-0.258393493,105.802536,0.554815065,-1.14054331,1.86751815,-0.976528474,-1.1111054,4.46969799,0,0,-2.48364461,15.4721355,-25.2408719,69.1305576,-7.0572238,-7.15181979,-17.467437,-4.64085357,-18.9622171,37.1330577,69.4962459,16.5898209,-3.30751014,20.789361,-9.56891659,1.53212445,-2.64673032,16.2898509,-5.61665068,-2.44701751,-8.30291285,-2.86026295,-6.97080569,17.1005073,-8.2285688,0.711471457
1600,1.57853346,-0.36762096,105.806243,0.540433952,-1.14438568,1.89532103,-0.992692757,-1.04658092,4.47763552,0,0,-2.55993825,15.5887815,-25.7586105,69.1321832,-7.59662946,-7.18237763,-17.541005,-4.65771261,-18.9723582,37.2038116,69.4612958,16.7894502,-3.38341467,20.8440759,-9.56970035,1.62266256,-2.66533277,16.2461599,-5.57638415,-2.53050974,-8.27940419,-2.76585181,-7.03463338,17.0465573,-8.2084095,0.668111069
1601,1.55049516,-0.471887365,105.803871,0.532670664,-1.15549257,1.98430428,-1.05991537,-0.89963794,4.49670371,0,0,-2.52338692,15.3793679,-25.5604667,69.1297106,-7.33671771,-7.10550385,-17.3416266,-4.61485531,-19.0699377,37.2341342,69.3516645,16.7583541,-3.31433243,20.5788255,-9.59386129,1.69038356,-2.74493819,16.234149,-5.54274675,-2.61208867,-8.21154712,-2.68963842,-7.07288415,16.9389579,-8.20618627,0.541765909
1602,1.53667126,-0.574287958,105.808282,0.532568745,-1.14140448,2.04385421,-1.02600402,-0.85902857,4.47574527,0,0,-2.53428897,15.3742299,-25.4127911,69.1525986,-7.03329125,-7.08905547,-17.7389541,-4.70380955,-19.0622845,37.2795891,69.4611182,17.1321567,-3.32460418,20.6190622,-9.60952036,1.75395395,-2.79576398,16.1740194,-5.48348888,-2.69320293,-8.18515697,-2.61473302,-7.1377052,16.8554059,-8.19187105,0.465771197
1603,1.51952729,-0.674380269,105.813909,0.532860473,-1.1305499,2.06781185,-1.11493916,-0.75705075,4.44368479,0,0,-2.54765757,15.2366152,-25.3858221,69.2871943,-7.09246971,-7.1737844,-17.6341636,-4.66317847,-19.1318294,37.2660141,69.3903506,16.9717394,-3.31857868,20.7010586,-9.62521613,1.82109086,-2.81749572,16.1301167,-5.43579581,-2.77377269,-8.19432565,-2.54378123,-7.16752282,16.8301035,-8.17323317,0.382024993
1604,1.50103634,-0.75662802,105.803084,0.518015748,-1.13426892,2.11803513,-1.12914948,-0.589367899,4.41738515,0,0,-2.51161232,15.180676,-25.7079509,69.2224509,-7.39871789,-7.02836327,-17.623015,-4.69279716,-19.2189741,37.2385568,69.470298,16.7185665,-3.3696273,20.7155847,-9.63348493,1.88628609,-2.85981024,16.1069128,-5.44136711,-2.82616686,-8.16124363,-2.47227341,-7.24547236,16.7707662,-8.17432686,0.273803714
1605,1.47241019,-0.85909022,105.80641,0.505045587,-1.13986032,2.14578362,-1.07581776,-0.566494236,4.46317943,0,0,-2.6115192,15.1464789,-25.5623552,69.3131422,-7.06528855,-7.05005637,-17.628235,-4.72390013,-19.1870105,37.29536,69.4628258,17.1612721,-3.45452014,20.6684205,-9.6410468,1.96892092,-2.88663132,16.0713275,-5.39904469,-2.89310805,-8.15899394,-2.38750074,-7.24102419,16.7532058,-8.1647219,0.194185693
1606,1.47109861,-0.947323255,105.816293,0.505241345,-1.12838858,2.18233319,-1.11220282,-0.462981225,4.38750904,0,0,-2.53979944,15.0550415,-25.3592886,69.3728722,-6.87993685,-7.07643883,-17.9641591,-4.7119029,-19.226291,37.3481506,69.5086017,17.0531655,-3.45487788,20.4854073,-9.63798261,2.02657006,-2.9268605,16.0081158,-5.33916101,-2.97250964,-8.13496106,-2.32074332,-7.2827908,16.6897277,-8.15255819,0.119265322
1607,1.45020224,-1.03010358,105.815172,0.493054475,-1.13288871,2.21369292,-1.11398037,-0.377462,4.4147393,0,0,-2.55343356,14.9440048,-25.3162174,69.4239005,-6.89305338,-7.10822227,-17.8754827,-4.82308472,-19.3803322,37.4830263,69.5053847,16.2250119,-3.08716098,19.9754142,-9.64373448,2.09563138,-2.96139073,15.9759525,-5.32725471,-3.03949629,-8.1200832,-2.2465918,-7.30587769,16.6547623,-8.1503768,0.0139874812
1608,1.44576179,-1.11963088,105.810058,0.491345815,-1.13273053,2.26009594,-1.09328629,-0.325461769,4.38699336,0,0,-2.51476829,14.8404438,-25.2031863,69.4233268,-6.74561905,-6.99489406,-17.7235247,-4.79626129,-19.4184395,37.315895,69.529987,15.8628394,-2.80259652,20.3339991,-9.63687099,2.1518987,-3.00945563,15.9314538,-5.30490163,-3.0940567,-8.09602301,-2.1874129,-7.35087754,16.6157397,-8.14596962,-0.0751876162
1609,1.42878443,-1.20878611,105.796421,0.527344703,-1.13847795,2.27998777,-1.09367091,-0.27726638,4.36514017,0,0,-2.55372193,14.9289084,-25.5205049,69.4142973,-7.10234574,-6.88865858,-17.845377,-4.8539909,-19.5196032,37.4991456,69.5286825,15.8146986,-2.80713603,20.2697236,-9.6484328,2.16522141,-3.02964353,15.9285117,-5.27024269,-3.12492552,-8.09410287,-2.17179461,-7.35919415,16.612562,-8.18682354,-0.249206896
1610,1.4043007,-1.29158199,105.797029,0.516121705,-1.14937528,2.30166325,-1.0281091,-0.266822781,4.4080487,0,0,-2.59158615,14.9516546,-25.4954518,69.4439471,-6.99812986,-6.90708344,-18.0240718,-4.83041053,-19.5480697,37.5730414,69.3980551,16.3488262,-2.60723134,19.8905337,-9.65001399,2.23407654,-3.05359722,15.9028541,-5.24020565,-3.20002303,-8.10552295,-2.10307202,-7.35098597,16.6317326,-8.16633212,-0.175352967
1611,1.40271345,-1.3397797,105.795527,0.494211263,-1.14489564,2.3234478,-1.11672942,-0.000480985504,4.36613141,0,0,-2.49622731,14.6654321,-25.0981209,69.4592604,-6.67082933,-6.89503499,-18.181757,-4.8145679,-19.6804132,37.4580449,69.4718758,15.9508174,-2.63728694,19.7529105,-9.64904325,2.2947711,-3.06312405,15.8726083,-5.23674318,-3.24883263,-8.08877191,-2.03669048,-7.3758914,16.5988589,-8.17746874,-0.283430466
1612,1.39221763,-1.42993527,105.792451,0.508291367,-1.13370155,2.36829284,-1.00810284,-0.0744984274,4.32336802,0,0,-2.47677131,14.8356046,-25.5430241,69.3380997,-7.04086849,-6.77517584,-18.0193573,-4.80497405,-19.6548922,37.4271417,69.443954,15.8794846,-2.6549607,20.1064138,-9.66627581,2.33232519,-3.10473634,15.8381807,-5.1931448,-3.29694875,-8.10444121,-1.99300758,-7.41690583,16.6019274,-8.19674781,-0.370622393
1613,1.37179634,-1.49107771,105.794775,0.490150409,-1.13547237,2.39496638,-1.05394589,0.0347508619,4.33582201,0,0,-2.5050882,14.7124512,-25.4208883,69.4205742,-6.98420524,-6.80970202,-17.957807,-4.90015145,-19.7300277,37.6439558,69.5026321,16.1382002,-2.76472333,20.2170662,-9.67117733,2.38965395,-3.14360161,15.8063367,-5.17031105,-3.33651988,-8.10152814,-1.93167824,-7.45054622,16.5819064,-8.15454492,-0.404347172
1614,1.35495067,-1.5566689,105.787516,0.501040597,-1.1320657,2.43833948,-1.11376277,0.136058409,4.33306561,0,0,-2.57393288,14.7598049,-25.7417962,69.4440359,-7.50423834,-6.76237094,-18.185838,-4.95103807,-19.7660876,37.7028184,69.573789,16.2650898,-2.8378531,20.1591411,-9.68070715,2.41165143,-3.19357362,15.7716496,-5.13719402,-3.36356977,-8.09457501,-1.90608766,-7.50484111,16.5553557,-8.16375458,-0.490971073
1615,1.34346988,-1.62121784,105.787873,0.501824747,-1.136119,2.45321498,-1.04619502,0.20617637,4.29683316,0,0,-2.46742206,14.6337879,-25.4782688,69.4235317,-7.0491582,-6.79578209,-18.1748004,-4.90341458,-19.8205242,37.5433266,69.5474108,15.9925328,-2.71466231,20.0855305,-9.67257922,2.45694519,-3.20847325,15.7361872,-5.10819176,-3.42667901,-8.08371074,-1.85744561,-7.51318077,16.5322936,-8.17259967,-0.539287458
1616,1.33234775,-1.68320145,105.790997,0.49083653,-1.13787774,2.45228547,-0.983139564,0.23284387,4.29176174,0,0,-2.46926536,14.662531,-25.4333244,69.4129927,-6.88482556,-6.71088071,-18.2496883,-4.90685144,-19.8131937,37.6233082,69.5839387,16.2390104,-2.86210838,19.9791247,-9.66408759,2.51888476,-3.21317989,15.6997055,-5.06955594,-3.49177157,-8.08333251,-1.79276287,-7.53551292,16.5194477,-8.15760826,-0.523287313
1617,1.32246492,-1.73181519,105.789864,0.471827017,-1.13383888,2.48697,-1.08182673,0.350158532,4.27283871,0,0,-2.483003,14.6046844,-25.4817043,69.4280874,-6.9182952,-6.63148659,-18.3993309,-4.91021232,-19.8732789,37.7841523,69.6090192,16.6501024,-2.91076131,19.7372079,-9.66161165,2.57214764,-3.27090758,15.6496778,-5.04445329,-3.54893257,-8.0769497,-1.73793694,-7.5784031,16.498117,-8.15235072,-0.604141064
1618,1.33035611,-1.79581158,105.788589,0.488712813,-1.12093321,2.55179071,-1.13907182,0.436276199,4.20998474,0,0,-2.43526339,14.5147257,-25.4753215,69.4618149,-6.9484603,-6.60164506,-18.6480813,-4.87895396,-19.9044382,37.7070121,69.6339835,16.6856689,-2.8117225,19.7582056,-9.67136516,2.58259527,-3.33580633,15.6147618,-5.00965475,-3.57509646,-8.04951625,-1.72176956,-7.64065686,16.4479612,-8.17801601,-0.713053126
1619,1.31898923,-1.84894409,105.784118,0.475730675,-1.12025941,2.60436223,-1.21748463,0.542930136,4.17834347,0,0,-2.3453384,14.5079297,-25.7372678,69.3357706,-7.38062729,-6.52396447,-18.3170169,-4.90934019,-19.9892009,37.8521775,69.6677998,16.7462851,-2.91050774,19.8221293,-9.67773089,2.62493134,-3.37240355,15.5839577,-5.00180046,-3.6140994,-8.04319405,-1.67782733,-7.67860709,16.4388515,-8.18931656,-0.736554473
1620,1.30970646,-1.91783048,105.781889,0.476222861,-1.12719941,2.64807843,-1.16608896,0.519431084,4.19217759,0,0,-2.40326823,14.688496,-26.1783819,69.2328192,-7.60975623,-6.42893092,-18.1806744,-4.88200236,-19.9717856,37.6945948,69.6319959,16.5431519,-2.84591977,19.8280597,-9.68156178,2.66503928,-3.40138405,15.5709206,-4.9711914,-3.68315347,-8.02316879,-1.63229163,-7.72607691,16.4171964,-8.21275521,-0.805417775
1621,1.30689908,-1.9633539,105.783558,0.483152682,-1.12023902,2.65527623,-1.15624217,0.579687546,4.17356063,0,0,-2.31966885,14.5177754,-25.7236792,69.2602424,-6.98726773,-6.47020875,-18.3359399,-4.87965235,-19.9662617,37.6989662,69.6551024,16.5808289,-2.79492259,19.7169256,-9.67643145,2.69072015,-3.40798884,15.5290583,-4.94761956,-3.71961131,-8.03209841,-1.60644566,-7.73016478,16.4143294,-8.22088569,-0.836043863
1622,1.30284214,-1.99917033,105.785584,0.485975583,-1.11562474,2.65396996,-1.13162766,0.713895801,4.16584678,0,0,-2.29721609,14.3934506,-25.700448,69.263637,-6.84826441,-6.4831067,-18.4544352,-4.89665738,-20.0704648,37.5870501,69.6715495,16.3990895,-2.77718459,19.8727188,-9.6724264,2.7158021,-3.4034822,15.4967259,-4.93296539,-3.75804863,-8.07202941,-1.58810852,-7.72152971,16.4727565,-8.22830755,-0.872389113
1623,1.3060255,-2.05591954,105.782759,0.501106842,-1.10519929,2.6830885,-1.17097862,0.769587082,4.12297326,0,0,-2.24846263,14.2634525,-25.5478359,69.3312627,-6.52886129,-6.49593892,-18.5409515,-4.83820463,-20.1213531,37.5790554,69.6116078,16.6434054,-2.73087761,19.6137573,-9.67401015,2.72850903,-3.42623975,15.4602783,-4.89549028,-3.75808534,-8.07694629,-1.57320025,-7.7419571,16.4659878,-8.23450851,-0.911268151
1624,1.2988016,-2.10473221,105.779052,0.500687222,-1.10328749,2.70379569,-1.16138392,0.770487493,4.1068681,0,0,-2.23920281,14.3245596,-25.810957,69.2954725,-6.81151842,-6.42969505,-18.4143061,-4.80380822,-20.1159948,37.6233047,69.5346179,16.7703769,-2.65748851,19.5406248,-9.67186376,2.76169158,-3.44184459,15.4288834,-4.87156583,-3.80680679,-8.07571173,-1.54017052,-7.74030675,16.457182,-8.23769308,-0.929221623
1625,1.30090313,-2.14407984,105.778384,0.504940581,-1.10445485,2.72651819,-1.21558808,0.806539046,4.06222854,0,0,-2.14226834,14.3475722,-25.8861642,69.2285503,-6.99312291,-6.51714367,-18.4652337,-4.79231258,-20.1162783,37.6593852,69.551024,16.6680778,-2.61776434,19.4613741,-9.66646279,2.78219325,-3.45837173,15.4102779,-4.86471601,-3.85355218,-8.08386783,-1.51837784,-7.76891842,16.4871307,-8.27838393,-0.958784923
1626,1.29626375,-2.17753071,105.779469,0.501614086,-1.10447748,2.75756897,-1.21449248,0.911119915,4.05595245,0,0,-2.10511766,14.2371024,-25.9932377,69.189024,-7.09743057,-6.43328304,-18.1278036,-4.83607574,-20.1685309,37.6937889,69.5983641,16.639671,-2.59993008,19.4367001,-9.66668562,2.80589998,-3.48130751,15.3861691,-4.85427222,-3.87344425,-8.09553806,-1.49222376,-7.80312571,16.5090607,-8.29806256,-1.02029248
1627,1.28790215,-2.22080238,105.788636,0.504385433,-1.10786701,2.79361924,-1.20569466,0.968831384,4.06056923,0,0,-2.11183622,14.242815,-26.1293668,69.1480224,-7.15877506,-6.36951682,-18.2341069,-4.84496523,-20.2161203,37.6439729,69.5780169,16.3522686,-2.63044395,19.6943894,-9.67066421,2.82500359,-3.52066946,15.3641998,-4.79681325,-3.91518481,-8.11042958,-1.47589983,-7.84221745,16.5367759,-8.29246352,-0.984743377
1628,1.28964959,-2.25310363,105.778968,0.514169335,-1.09590473,2.82096561,-1.26104225,1.06396514,4.00891507,0,0,-1.98988768,14.0583265,-25.8844123,69.1466085,-7.00526912,-6.36407145,-18.30573,-4.78751352,-20.2749094,37.7224244,69.5695407,16.7432781,-2.67589629,19.4424938,-9.66554925,2.83088844,-3.55405051,15.3159223,-4.7875259,-3.9174328,-8.10135312,-1.46654898,-7.87688663,16.5071056,-8.29923053,-1.09427549
1629,1.28658619,-2.28339992,105.774152,0.517421356,-1.09744126,2.84570224,-1.33494372,1.11855063,3.99230064,0,0,-1.91687082,14.0186576,-25.8086843,69.121733,-6.83235818,-6.44394411,-18.4232946,-4.80022835,-20.2758725,37.6783117,69.6071204,16.8634502,-2.72990089,19.4894018,-9.66123769,2.84514369,-3.56591733,15.2951824,-4.77238423,-3.92660745,-8.09743771,-1.44901449,-7.91624389,16.5101518,-8.3119287,-1.10874962
1630,1.2909377,-2.31244955,105.781209,0.518001276,-1.09371755,2.85532647,-1.36337267,1.16067069,3.9606679,0,0,-1.8134434,13.9004834,-25.4797321,69.1534046,-6.42804129,-6.39579554,-18.4440533,-4.79934683,-20.2920344,37.7001034,69.6227273,16.8200392,-2.7060217,19.6359674,-9.64869747,2.86647906,-3.56733694,15.2583028,-4.7420091,-3.96694313,-8.11471894,-1.42902328,-7.92799865,16.5395473,-8.32632162,-1.14107413
1631,1.28657622,-2.34304853,105.78301,0.527393893,-1.09309364,2.87100617,-1.37089559,1.19347129,3.96781057,0,0,-1.84171633,13.8433975,-25.4583656,69.2530229,-6.44374859,-6.43017146,-18.4960515,-4.78555497,-20.2809166,37.6111982,69.6102486,16.838981,-2.71035353,19.4886658,-9.65035123,2.87498436,-3.58475563,15.2401072,-4.72127478,-3.99159329,-8.12185307,-1.41926443,-7.94251877,16.5442618,-8.3435576,-1.20079485
1632,1.28556127,-2.37993822,105.780697,0.5283024,-1.09404069,2.90346126,-1.38508488,1.24058017,3.95553715,0,0,-1.84971362,13.8777303,-25.6697514,69.2535966,-6.65515789,-6.50309995,-18.5021219,-4.80233631,-20.3034135,37.6463361,69.6532856,16.8255017,-2.70933647,19.6957674,-9.64912948,2.89210849,-3.60691618,15.2235867,-4.69677019,-3.99555437,-8.10917027,-1.39952006,-7.99111898,16.5346927,-8.3400742,-1.22593379
1633,1.28096081,-2.40743272,105.772352,0.518312947,-1.09747892,2.92950921,-1.39373468,1.33105414,3.95152398,0,0,-1.84365055,13.7980963,-25.8041439,69.2803709,-6.83831966,-6.6074106,-18.4291567,-4.79476078,-20.3324538,37.6157198,69.6759277,16.8877264,-2.73352644,19.8358546,-9.64029036,2.91623336,-3.63279449,15.196884,-4.70322259,-4.00102322,-8.11577079,-1.37583852,-8.01267933,16.5617471,-8.34304619,-1.24221707
1634,1.28048901,-2.43197884,105.773413,0.52617755,-1.10172261,2.95646025,-1.42308944,1.36219254,3.92484697,0,0,-1.768538,13.7666177,-25.8648267,69.2470874,-6.73465745,-6.56674963,-18.332115,-4.77713334,-20.3001213,37.5906155,69.7188213,16.9306063,-2.75027407,19.8758044,-9.64300024,2.91943117,-3.66539071,15.1962522,-4.67929131,-4.02633035,-8.11771398,-1.37166431,-8.04872651,16.5827704,-8.35422977,-1.24551936
1635,1.28401173,-2.45857611,105.776978,0.527229337,-1.10125705,2.98619303,-1.4245081,1.34177124,3.89798768,0,0,-1.72474187,13.8207358,-26.0026992,69.216215,-6.81656593,-6.38278446,-18.322756,-4.72179045,-20.2271544,37.5345874,69.700209,16.9370472,-2.70097568,19.8646643,-9.64526444,2.93499483,-3.69570223,15.1826346,-4.66512123,-4.0600019,-8.11576567,-1.35580813,-8.07383343,16.5882875,-8.37870661,-1.2891092
1636,1.29077472,-2.4877701,105.779445,0.534978224,-1.10166762,3.02140308,-1.42617445,1.36471683,3.86435284,0,0,-1.69958991,13.813495,-26.0435967,69.246664,-6.8049132,-6.3536823,-18.275404,-4.66204636,-20.2270947,37.4898668,69.6868082,16.961209,-2.6875725,19.9830025,-9.64482646,2.93978151,-3.72300378,15.1697118,-4.62538233,-4.08881847,-8.11025114,-1.35220884,-8.10153582,16.598514,-8.38382498,-1.30635457
1637,1.29480921,-2.51236465,105.770898,0.522118815,-1.10409451,3.04425956,-1.4440546,1.46304509,3.84029905,0,0,-1.66762729,13.7207922,-26.0056499,69.2900698,-6.80076258,-6.34927897,-18.2814231,-4.63000851,-20.2880234,37.5067032,69.6978867,16.9409131,-2.69545113,20.0469638,-9.63566034,2.96829093,-3.73802892,15.1549108,-4.63532069,-4.1003474,-8.11064046,-1.32694279,-8.12135618,16.6229524,-8.38171531,-1.30759169
1638,1.29230805,-2.53205728,105.766797,0.513530313,-1.10621805,3.07230032,-1.45155842,1.53503368,3.82150279,0,0,-1.63028163,13.6225639,-25.8573887,69.3543146,-6.59798109,-6.43545375,-18.3573048,-4.58930954,-20.3162833,37.4471542,69.6914186,16.9098682,-2.68198733,19.9665998,-9.636941,2.98650384,-3.76645318,15.1486663,-4.63384024,-4.1122934,-8.11073096,-1.30763662,-8.13273357,16.6341266,-8.38245553,-1.3118421
1639,1.29376845,-2.55516674,105.773425,0.515105514,-1.10951175,3.1034195,-1.42080154,1.55704621,3.81128953,0,0,-1.64218452,13.62491,-26.0061997,69.3837254,-6.69772235,-6.41102089,-18.3297211,-4.57735159,-20.3088247,37.4336748,69.7375701,16.8590157,-2.66252257,20.0574533,-9.64151382,2.99774804,-3.78855738,15.1476845,-4.61834852,-4.14328112,-8.11080097,-1.29672732,-8.16340538,16.6521139,-8.39000203,-1.32724268
1640,1.29768383,-2.57300194,105.777895,0.515462204,-1.10975076,3.13165204,-1.46701973,1.63678952,3.7997909,0,0,-1.6605271,13.5233075,-25.9184505,69.4994493,-6.57889413,-6.46540371,-18.3817227,-4.57213674,-20.3662632,37.4495447,69.7719055,16.6698604,-2.60892074,20.0351715,-9.65533385,3.00480384,-3.81089636,15.1601888,-4.58164351,-4.16739638,-8.0978646,-1.28648438,-8.18117497,16.6375639,-8.38546593,-1.35150639
1641,1.29932901,-2.59998478,105.775166,0.511265623,-1.10802098,3.14264425,-1.43584504,1.63625292,3.78717127,0,0,-1.7099194,13.6371813,-26.1810474,69.5085676,-6.821219,-6.43802959,-18.4140773,-4.54617733,-20.3507416,37.4016002,69.806357,16.4509409,-2.53598158,20.071783,-9.64773612,3.02588202,-3.82771741,15.1348284,-4.56305088,-4.17065566,-8.09675981,-1.26559158,-8.18872746,16.6361722,-8.36596574,-1.37383503
1642,1.30227068,-2.61679292,105.768204,0.49679428,-1.10937267,3.15128705,-1.45237858,1.67313413,3.76969197,0,0,-1.6700709,13.6560958,-26.2296152,69.4761242,-6.90962683,-6.41491025,-18.3365222,-4.52127616,-20.3186295,37.3753791,69.8572965,16.4923694,-2.59622662,20.0929993,-9.64159919,3.05426081,-3.82500113,15.1288775,-4.57409146,-4.17517597,-8.08486931,-1.23668782,-8.19133147,16.6272674,-8.35112033,-1.3597086
1643,1.30329989,-2.63292622,105.766177,0.493651952,-1.1075452,3.16391495,-1.45843482,1.69084076,3.74620465,0,0,-1.62627178,13.6135651,-26.0388992,69.4983223,-6.75461099,-6.40351109,-18.3041659,-4.48243757,-20.284528,37.2802243,69.876865,16.4243151,-2.60398401,20.1093559,-9.64677306,3.06961465,-3.826409,15.1272178,-4.58628847,-4.20740976,-8.07384538,-1.21771056,-8.19624237,16.6091196,-8.37410647,-1.36900427
1644,1.30985156,-2.64310353,105.776525,0.480903707,-1.09615554,3.16726124,-1.4523012,1.75504923,3.70449653,0,0,-1.56446593,13.5252379,-25.8918043,69.5055418,-6.6791152,-6.38882363,-18.1705862,-4.45197835,-20.2881344,37.3013569,69.9146496,16.3547821,-2.59761592,20.0261129,-9.65932866,3.09421998,-3.83729931,15.1221208,-4.56191579,-4.23407226,-8.07773517,-1.19124155,-8.17603355,16.5934545,-8.36004568,-1.40418209
1645,1.31583037,-2.66431123,105.779016,0.482262264,-1.09694114,3.17750054,-1.40175129,1.70871824,3.68636835,0,0,-1.56039396,13.6111796,-25.933144,69.4748401,-6.72242116,-6.32619293,-18.1368331,-4.39916263,-20.1863372,37.2033506,69.9516624,16.223832,-2.5330653,19.9134012,-9.65304574,3.10585457,-3.84735463,15.1104036,-4.54330694,-4.24039573,-8.07992169,-1.18184108,-8.19768525,16.6090905,-8.34614966,-1.37217999
1646,1.32026225,-2.67250538,105.777824,0.45673816,-1.09205113,3.1761816,-1.39487052,1.7425724,3.64656372,0,0,-1.5525528,13.654956,-25.9767991,69.4696287,-6.85062723,-6.29337472,-18.1241033,-4.34436445,-20.1834259,37.1410456,69.9658419,16.1685707,-2.52417752,19.9897934,-9.64693442,3.14189406,-3.85075222,15.0928022,-4.55624118,-4.25940543,-8.07273804,-1.14416223,-8.20093813,16.5886478,-8.30957485,-1.38753724
1647,1.32659758,-2.68915799,105.773425,0.475607352,-1.0888714,3.16950587,-1.3731153,1.73442985,3.62608126,0,0,-1.50395974,13.5941631,-25.7668442,69.4710767,-6.74894535,-6.32178404,-18.0125424,-4.32075931,-20.1690859,37.1320024,70.0222729,16.0007307,-2.53249178,19.9943952,-9.6490774,3.13010195,-3.83571898,15.1003598,-4.56283829,-4.24308256,-8.06470403,-1.15241694,-8.19791918,16.5736931,-8.31776937,-1.37268083
1648,1.32918721,-2.69749798,105.780137,0.471119812,-1.08928786,3.15522709,-1.32862974,1.74151735,3.61369728,0,0,-1.48891923,13.5716678,-25.6689915,69.4859733,-6.72804028,-6.31607699,-17.968609,-4.302486,-20.1364666,37.0921107,70.0735335,15.9583716,-2.45868603,19.9951227,-9.64209694,3.14901539,-3.8255548,15.0917333,-4.53638668,-4.27063853,-8.07778811,-1.13643355,-8.18530126,16.599991,-8.33761192,-1.36761977
1649,1.33215599,-2.70435419,105.78146,0.47691079,-1.08715308,3.13680084,-1.31256684,1.75465372,3.59076364,0,0,-1.47295964,13.5232657,-25.5239286,69.5471103,-6.68334309,-6.3837552,-17.9158133,-4.28227205,-20.1087053,37.0912262,70.1242408,15.9766799,-2.43000863,19.964561,-9.6423804,3.15398136,-3.81515029,15.0964973,-4.53911875,-4.30251289,-8.074665,-1.13212435,-8.15942509,16.5887502,-8.34505341,-1.4196609
1650,1.33234393,-2.70963088,105.784917,0.477061139,-1.08765713,3.12342329,-1.29335523,1.77711853,3.57757774,0,0,-1.4517994,13.5023986,-25.4563387,69.5379715,-6.76603406,-6.40826875,-17.8438026,-4.27304745,-20.0954086,37.1768392,70.1624011,16.198159,-2.42727485,19.946239,-9.64091447,3.15901649,-3.81080672,15.095273,-4.51179245,-4.30865622,-8.08109819,-1.12639542,-8.16665826,16.596079,-8.3113413,-1.40055782
1651,1.33300358,-2.7149694,105.784798,0.47086896,-1.08853345,3.10544707,-1.2725429,1.80969405,3.57310525,0,0,-1.43263634,13.4724764,-25.3454045,69.5393717,-6.78609091,-6.43619696,-17.8237902,-4.27005071,-20.0913652,37.168841,70.2131767,16.1879206,-2.36896531,19.9314721,-9.63678306,3.17273301,-3.79371332,15.0990484,-4.51582482,-4.31187665,-8.08517325,-1.11450267,-8.15833055,16.6025984,-8.29308762,-1.39690698
1652,1.33320577,-2.71757413,105.78959,0.472171848,-1.08697457,3.09228966,-1.26260561,1.83521527,3.56274406,0,0,-1.42510766,13.4292738,-25.2563764,69.5581752,-6.78833932,-6.48288643,-17.8023451,-4.26728491,-20.0550627,37.1353765,70.3172346,16.2107197,-2.43526532,19.9149567,-9.63009972,3.17504332,-3.78384113,15.0866789,-4.50793083,-4.27092881,-8.09589409,-1.11429424,-8.14785731,16.6160044,-8.2937049,-1.40235374
1653,1.33213038,-2.72097755,105.789733,0.474967301,-1.08719801,3.07353748,-1.22896832,1.83997591,3.55182686,0,0,-1.43347122,13.441417,-25.2891903,69.5867391,-6.85735582,-6.53187297,-17.7593473,-4.25869381,-20.0283976,37.1441157,70.3836992,16.2507173,-2.52589638,19.9631198,-9.63039256,3.17951154,-3.77108575,15.0945302,-4.51602588,-4.29626028,-8.09514191,-1.10905154,-8.1268374,16.609975,-8.32308752,-1.37775823
1654,1.33412527,-2.7162848,105.795276,0.473629818,-1.08559711,3.06064499,-1.2506039,1.8789494,3.5317905,0,0,-1.40376342,13.4006715,-25.1928164,69.5853662,-6.85462161,-6.53184693,-17.7376785,-4.25611712,-20.0164738,37.2023294,70.448142,16.3381625,-2.53787119,20.0681732,-9.61834923,3.1833785,-3.76735135,15.0740089,-4.51105863,-4.30628913,-8.11317447,-1.10903767,-8.11756884,16.6398742,-8.3160012,-1.37151757
1655,1.3340014,-2.71833502,105.789411,0.470112993,-1.08560471,3.03414363,-1.22361761,1.88832404,3.52850219,0,0,-1.40279098,13.4005246,-25.1472146,69.5920461,-6.82148836,-6.56322568,-17.7696609,-4.26129441,-20.0053287,37.1825595,70.4962061,16.2579181,-2.46161106,20.2116089,-9.61729823,3.19435098,-3.75175461,15.0809399,-4.51620133,-4.33491403,-8.11269806,-1.09812975,-8.09246021,16.6314679,-8.31726137,-1.38690705
1656,1.33681158,-2.71430705,105.787921,0.465116344,-1.08388405,3.01181504,-1.21591156,1.93450679,3.52014439,0,0,-1.38764684,13.3824742,-25.1518045,69.5642268,-6.8204395,-6.54176437,-17.7809205,-4.24603277,-20.0396811,37.131053,70.5183222,15.9051917,-2.34336235,20.1300223,-9.60456591,3.20042793,-3.73089607,15.0648718,-4.53536599,-4.29967196,-8.12636954,-1.09523396,-8.06701775,16.650543,-8.29915625,-1.35027941
1657,1.33687407,-2.71609165,105.788887,0.468796905,-1.08369775,3.00095625,-1.20729047,1.94593285,3.51233791,0,0,-1.39443936,13.3763082,-25.1366978,69.5753463,-6.75549892,-6.53415554,-17.8223029,-4.23198564,-20.0509321,37.1529847,70.5291003,15.7855012,-2.28721627,20.0252182,-9.60457188,3.19855027,-3.71332071,15.0678515,-4.52454228,-4.28436252,-8.12855605,-1.09772965,-8.04141735,16.6495884,-8.32204848,-1.37835053
1658,1.33679369,-2.71396711,105.79282,0.4764197,-1.08171446,2.9820321,-1.19631959,1.94522678,3.50101965,0,0,-1.39232681,13.3839068,-25.1339179,69.576726,-6.70713392,-6.52179418,-17.8580965,-4.22939016,-20.0496173,37.1305954,70.5528557,15.6000052,-2.2679545,19.9968131,-9.59658825,3.19577636,-3.69405445,15.0544712,-4.51215957,-4.29645323,-8.13988563,-1.10356263,-8.02690149,16.6613637,-8.32199725,-1.35117854
1659,1.33842556,-2.71206088,105.796599,0.46538341,-1.08332746,2.96095711,-1.16152788,1.94499861,3.49734394,0,0,-1.3933063,13.4164509,-25.1579312,69.5668427,-6.67515796,-6.52172844,-17.8796184,-4.21953634,-20.0300488,37.0949589,70.573073,15.6151273,-2.29057075,19.9809808,-9.58763216,3.20965509,-3.68323501,15.0510714,-4.51018778,-4.30568039,-8.14717088,-1.09078281,-8.00581328,16.6743479,-8.29436231,-1.32932866
1660,1.33811608,-2.70807631,105.791318,0.454125326,-1.08355544,2.93732067,-1.16399582,1.9774928,3.4910973,0,0,-1.3683109,13.3905082,-25.1329156,69.5524242,-6.69131776,-6.52050071,-17.8244988,-4.19747098,-20.0424695,37.0574372,70.5635517,15.5636959,-2.3081318,19.989346,-9.5791448,3.22523347,-3.67088816,15.044955,-4.51924931,-4.31804261,-8.15462859,-1.07836734,-7.99834618,16.6821923,-8.27458379,-1.31845831
1661,1.3370689,-2.7020026,105.789995,0.451688983,-1.08170219,2.91012039,-1.14990237,1.98718463,3.48068916,0,0,-1.36840492,13.4079508,-25.1492449,69.5565018,-6.69949137,-6.51986123,-17.9021888,-4.16586087,-20.0560326,37.0125526,70.5387923,15.4525329,-2.32717095,19.9994632,-9.56562273,3.22628126,-3.64413132,15.0275961,-4.52539434,-4.26593509,-8.16786037,-1.07803224,-7.9759423,16.6937268,-8.2677869,-1.32353175
1662,1.33782197,-2.69125495,105.789924,0.442696831,-1.08033725,2.88863818,-1.15154161,2.00750444,3.4667321,0,0,-1.35945855,13.4137786,-25.1652941,69.5565838,-6.71270309,-6.5192256,-17.9296632,-4.14778136,-20.07117,37.0294539,70.5206582,15.4365178,-2.30284822,19.94976,-9.56148876,3.23664159,-3.61331222,15.0277907,-4.52817892,-4.26854337,-8.16873549,-1.06923303,-7.94779595,16.6879246,-8.25294831,-1.28786995
1663,1.33704245,-2.68524978,105.79524,0.450107582,-1.07989301,2.868972,-1.14939853,1.99703291,3.45948847,0,0,-1.35954371,13.4499633,-25.2312703,69.5495009,-6.8164733,-6.5075908,-17.9057985,-4.14540829,-20.0776604,37.0148442,70.5171611,15.4267643,-2.3416279,19.9971205,-9.55913149,3.22830236,-3.59878484,15.0271197,-4.50144343,-4.27776541,-8.17466922,-1.07743267,-7.91685007,16.6901427,-8.25062861,-1.28209033
1664,1.33850761,-2.67249625,105.797958,0.441690875,-1.07839507,2.85018534,-1.16049759,2.01833243,3.44391094,0,0,-1.33156277,13.4413905,-25.2174358,69.5288464,-6.8384362,-6.49654254,-17.9029162,-4.12661887,-20.1087634,37.0088029,70.4866233,15.3756369,-2.31430267,20.0231811,-9.55435206,3.23336267,-3.57724221,15.0260286,-4.49759761,-4.26379383,-8.17730482,-1.07316701,-7.89844783,16.6879041,-8.21428859,-1.25094146
1665,1.33576328,-2.66275406,105.794239,0.430344766,-1.07842474,2.81996629,-1.14010286,2.03536628,3.43820645,0,0,-1.32069135,13.4623046,-25.2471608,69.4981788,-6.85084964,-6.46595653,-17.9546583,-4.10710758,-20.1175709,36.9590893,70.4819105,15.3224724,-2.34487523,19.9857636,-9.54353646,3.24427305,-3.55556255,15.0174294,-4.51409507,-4.25912838,-8.18793174,-1.06279664,-7.87356118,16.6980555,-8.20069651,-1.25409359
1666,1.3329545,-2.65476853,105.792248,0.433519376,-1.07687426,2.79902217,-1.13854985,2.03654171,3.42751037,0,0,-1.31755438,13.4798675,-25.2914767,69.4927625,-6.85692424,-6.48770556,-17.915465,-4.10372877,-20.1219388,36.9504457,70.4934808,15.2907599,-2.32838758,19.9461024,-9.5431164,3.23707531,-3.53188036,15.0209349,-4.51681007,-4.24278459,-8.18568631,-1.06846527,-7.85162945,16.6810978,-8.19594355,-1.24549321
1667,1.33158155,-2.63964906,105.792904,0.434139127,-1.07496644,2.77891858,-1.12504187,2.04684612,3.42059801,0,0,-1.31403427,13.4434421,-25.2453764,69.519489,-6.82607227,-6.49739333,-17.826232,-4.1086051,-20.1574592,36.9749081,70.478393,15.2972895,-2.29850444,19.992756,-9.53902,3.23269481,-3.50727375,15.0156296,-4.51278197,-4.23458452,-8.19007642,-1.07226414,-7.82816519,16.6777988,-8.19796016,-1.22129567
1668,1.33177694,-2.6182998,105.799186,0.428671152,-1.07398317,2.7567688,-1.13475898,2.07202476,3.41224448,0,0,-1.29832814,13.4246105,-25.228067,69.5149606,-6.82528552,-6.48453934,-17.7828449,-4.11544767,-20.183723,37.0118901,70.4715286,15.3533773,-2.28719407,20.0546136,-9.53744991,3.23109334,-3.48618341,15.0193281,-4.51184581,-4.23373886,-8.19417795,-1.07433924,-7.79073489,16.6755858,-8.17797845,-1.20803742
1669,1.33121731,-2.60514785,105.799174,0.423782764,-1.07363359,2.72570686,-1.08554053,2.07069138,3.41730074,0,0,-1.31618247,13.4187877,-25.2447002,69.5256908,-6.83345571,-6.48682233,-17.7698948,-4.0874059,-20.1862553,36.9823154,70.4479098,15.439506,-2.30586525,19.9688008,-9.52911451,3.2334346,-3.45568384,15.0159404,-4.51776972,-4.23947323,-8.20542471,-1.07547316,-7.76805952,16.6847724,-8.15672802,-1.20786719
1670,1.32979974,-2.58764662,105.801034,0.420875554,-1.06967866,2.69538823,-1.08574715,2.09127799,3.40266898,0,0,-1.3005313,13.4190848,-25.2706395,69.5042919,-6.89024275,-6.4867711,-17.759098,-4.06679025,-20.2026904,36.9558689,70.4405605,15.3981595,-2.29399758,19.8339387,-9.52255241,3.2279982,-3.42366797,15.0096703,-4.5207464,-4.19382494,-8.20863319,-1.07923019,-7.73532157,16.6729801,-8.13060511,-1.16128797
1671,1.32408626,-2.57189926,105.80169,0.428382457,-1.06786203,2.67572675,-1.10003537,2.09762815,3.38926836,0,0,-1.29582722,13.433173,-25.3098704,69.4987799,-6.93186892,-6.48782551,-17.7400503,-4.03753143,-20.1990602,36.9534032,70.4091212,15.3980877,-2.28222852,19.6329758,-9.52541255,3.21161599,-3.40110017,15.0141748,-4.52736997,-4.18609786,-8.20866136,-1.09456065,-7.71946102,16.6566338,-8.14148218,-1.14264732
1672,1.31919263,-2.54688784,105.807889,0.420674284,-1.06511099,2.64812122,-1.08770688,2.11339265,3.38284969,0,0,-1.28289159,13.3893761,-25.2333467,69.5100839,-6.86956735,-6.52393715,-17.6645255,-4.02482728,-20.2237752,36.9297707,70.3783853,15.3194945,-2.23046017,19.5916566,-9.5167587,3.21233658,-3.3731299,14.99497,-4.53427359,-4.1809876,-8.22248994,-1.09617631,-7.67268788,16.6604023,-8.13879707,-1.14638365
1673,1.31605444,-2.52314042,105.817211,0.419322793,-1.06498342,2.62287238,-1.06485691,2.13300212,3.38723126,0,0,-1.30382474,13.3569455,-25.2104331,69.547001,-6.80894942,-6.55296332,-17.6841896,-4.01503023,-20.2718068,36.8740603,70.3394942,15.15996,-2.19463092,19.5694311,-9.5152074,3.20263664,-3.34916896,14.9980692,-4.52043605,-4.17144839,-8.22995789,-1.10762115,-7.64507172,16.6619613,-8.10706828,-1.12949355
1674,1.31384721,-2.5001293,105.8128,0.4157018,-1.06260928,2.58965038,-1.06480312,2.15325342,3.3820497,0,0,-1.30837119,13.3373497,-25.1980415,69.5629154,-6.81576253,-6.57044092,-17.702264,-4.00055578,-20.3052867,36.8863615,70.3113265,15.1051785,-2.19400404,19.4472766,-9.51371756,3.1965042,-3.31780046,15.0029698,-4.53844598,-4.17074573,-8.2286354,-1.11324133,-7.60986124,16.6424355,-8.09468941,-1.085621
1675,1.30285481,-2.47187577,105.813169,0.410219502,-1.06318618,2.55688758,-1.04718913,2.20060712,3.39363456,0,0,-1.33501853,13.3023987,-25.2339512,69.5832898,-6.93037353,-6.59944361,-17.7484019,-4.01802825,-20.3574044,36.8580367,70.3155886,14.9991996,-2.16964033,19.4619325,-9.51399333,3.18954125,-3.28768744,15.01112,-4.53703426,-4.13942121,-8.23701689,-1.12119839,-7.5784159,16.6361739,-8.08239849,-1.08243194
1676,1.29797142,-2.44895145,105.817771,0.417192616,-1.05986056,2.52412333,-1.05947269,2.22295764,3.37716783,0,0,-1.32171076,13.26009,-25.1404493,69.6035345,-6.88147151,-6.59643448,-17.7382899,-4.00962328,-20.4005559,36.896658,70.2928645,14.9068725,-2.15567792,19.4275886,-9.51706691,3.17138831,-3.25240972,15.0172996,-4.53853264,-4.14709193,-8.23246884,-1.13674508,-7.54167717,16.6028563,-8.07932319,-1.06903314
1677,1.29572563,-2.43161954,105.826795,0.41839427,-1.05248692,2.50596647,-1.03407154,2.21366687,3.3661407,0,0,-1.34291327,13.2626863,-25.1548473,69.6188888,-6.9181317,-6.61654043,-17.7528774,-4.00976885,-20.3856302,36.9094544,70.3042436,14.8296333,-2.12577023,19.335451,-9.51276219,3.16118145,-3.23511462,14.994999,-4.53387231,-4.12469404,-8.25016672,-1.14548473,-7.51559353,16.606647,-8.08880947,-1.08026731
1678,1.29526332,-2.40864754,105.830443,0.409242366,-1.05190755,2.47789785,-1.03742335,2.24514935,3.36675392,0,0,-1.32801908,13.2020052,-25.0226507,69.6315588,-6.78630862,-6.61772376,-17.8024988,-4.00978848,-20.4156864,36.9261303,70.2894358,14.766495,-2.13201836,19.2713975,-9.50643146,3.16108262,-3.21044269,14.9924052,-4.53545863,-4.1216307,-8.25534827,-1.14805032,-7.48179007,16.6040942,-8.05775602,-1.05869885
1679,1.29526155,-2.38796752,105.830216,0.415225192,-1.04880853,2.45604867,-1.03849398,2.24798836,3.35570673,0,0,-1.32176775,13.1944322,-25.062078,69.6236972,-6.85472364,-6.62490954,-17.7596103,-4.0068229,-20.4314454,36.9489567,70.2911706,14.7473261,-2.1207033,19.2044173,-9.50033807,3.14197837,-3.194926,14.9856348,-4.5297631,-4.08980885,-8.25903486,-1.16799981,-7.46216096,16.5955668,-8.01563595,-1.00026786
1680,1.28891701,-2.35934462,105.826426,0.401302696,-1.04644887,2.44030148,-1.05969926,2.28525387,3.34597926,0,0,-1.31065108,13.1590732,-25.0315351,69.6262107,-6.78026518,-6.61650969,-17.7123864,-4.0084519,-20.4636771,36.9551142,70.2920791,14.6999758,-2.15822559,19.1729284,-9.50144286,3.13915622,-3.18320305,14.9857065,-4.5477615,-4.05994043,-8.25262814,-1.16759202,-7.44298691,16.5663455,-7.99960976,-0.999945778
1681,1.28428619,-2.33367663,105.825794,0.403874819,-1.04200563,2.42948747,-1.06758589,2.30516216,3.33836595,0,0,-1.31779119,13.1020266,-24.9827915,69.6586883,-6.72506744,-6.60102181,-17.6931184,-4.01233871,-20.4956953,36.9618043,70.2900163,14.6616755,-2.13553399,19.194411,-9.50016732,3.12315074,-3.16180919,14.9722015,-4.54790494,-4.03271743,-8.25176669,-1.18341821,-7.41950301,16.5450831,-8.024528,-0.996365478
1682,1.27812587,-2.30594873,105.827868,0.391867912,-1.04335805,2.42023525,-1.0786604,2.32822771,3.34130549,0,0,-1.33014156,13.0572487,-24.9631871,69.7063562,-6.72728469,-6.69282211,-17.6437105,-4.008282,-20.5223791,36.9831965,70.2652023,14.6679166,-2.13932709,19.1303831,-9.49724912,3.12271468,-3.15149923,14.9673487,-4.55657714,-4.05064283,-8.25592883,-1.18258834,-7.39972962,16.5432304,-8.02206401,-1.00051535
1683,1.27477543,-2.2849109,105.825603,0.381961982,-1.04337294,2.40328355,-1.06952491,2.34660306,3.33700162,0,0,-1.33352261,13.1116051,-25.1485089,69.6417972,-6.93495488,-6.65283264,-17.6435056,-3.98778588,-20.524768,36.9005136,70.2618623,14.6707665,-2.14793057,19.158778,-9.49520775,3.12078344,-3.13278344,14.9672684,-4.57400565,-4.02163886,-8.25462512,-1.18409461,-7.39131482,16.5312759,-7.98299533,-0.945993686
1684,1.265168,-2.26964578,105.82391,0.382525456,-1.04561145,2.38643661,-1.05684702,2.33693941,3.34100005,0,0,-1.33662106,13.151081,-25.2839345,69.5950309,-7.10128877,-6.64707479,-17.6346059,-3.98639807,-20.5217405,36.9009849,70.2626409,14.7502477,-2.18685539,19.1390097,-9.49770931,3.10837064,-3.12502072,14.9752768,-4.56321395,-4.0005451,-8.26235775,-1.19687945,-7.37441523,16.5302206,-7.95693816,-0.915404364
1685,1.26583092,-2.2443857,105.819941,0.373675747,-0.990992771,2.41104448,-1.14456169,2.35919729,3.27051933,0,0,-1.27177984,13.1070519,-25.1468304,69.5678878,-6.99749978,-6.62159178,-17.6307468,-3.97278465,-20.5430626,36.9148331,70.2390904,14.6695149,-2.20888275,19.0957763,-9.58093943,3.09142494,-3.16782338,14.9986378,-4.5703007,-3.94003475,-8.30652517,-1.20372511,-7.38650381,16.4942751,-7.94871632,-0.893359235
1686,1.25729768,-2.22025272,105.821729,0.358524455,-0.990769749,2.40193699,-1.12621463,2.35704514,3.28061777,0,0,-1.27585458,13.1104294,-25.1481503,69.5571985,-6.97982624,-6.627111,-17.6543861,-3.99485812,-20.5192048,36.8834177,70.279252,14.678722,-2.28546048,19.0485763,-9.57833627,3.096513,-3.15888586,14.9890431,-4.58621803,-3.93074441,-8.31105017,-1.19722736,-7.36527643,16.4918589,-7.94747749,-0.889992912
1687,1.24900145,-2.19102968,105.823398,0.351347814,-0.992371153,2.39028675,-1.13623676,2.37031406,3.28040688,0,0,-1.24966753,13.0925975,-25.0783885,69.5215722,-6.94511564,-6.58081171,-17.6348637,-4.00796909,-20.5345932,36.9016201,70.3008217,14.6417775,-2.3340957,19.156816,-9.57725454,3.0889776,-3.14865936,14.9877044,-4.58432692,-3.94208936,-8.3165092,-1.20463769,-7.34951919,16.4927041,-7.93000928,-0.873505262
1688,1.24333184,-2.17157826,105.820727,0.351414803,-0.993721427,2.3701367,-1.12334318,2.34930973,3.27842613,0,0,-1.23670778,13.1368819,-25.1192672,69.4824557,-6.95946758,-6.54430605,-17.6555199,-4.02512311,-20.512752,36.8711165,70.3370217,14.6787305,-2.33721667,19.2641422,-9.5771999,3.07716649,-3.13757802,14.9935988,-4.59851408,-3.91290737,-8.32102651,-1.2162552,-7.33729571,16.4909522,-7.91381661,-0.866771123
1689,1.23631265,-2.15149038,105.816424,0.348407943,-0.994135581,2.3633353,-1.14399265,2.35094151,3.27258717,0,0,-1.22746877,13.1540163,-25.1138457,69.4645402,-6.91751826,-6.53022775,-17.6948055,-4.02122435,-20.4847687,36.8372285,70.3754347,14.5851433,-2.3765434,19.1882758,-9.57619416,3.06303334,-3.12220754,14.9907045,-4.60649003,-3.87384638,-8.32173002,-1.22906832,-7.32426371,16.4812687,-7.89374952,-0.839158642
1690,1.23071615,-2.12836806,105.819476,0.346631333,-0.99268876,2.35505089,-1.16937694,2.36883148,3.2609957,0,0,-1.22092588,13.1781047,-25.174894,69.435628,-6.96297659,-6.51046887,-17.7107044,-4.02711924,-20.4961017,36.8784487,70.4060612,14.6073004,-2.42667998,19.1549035,-9.58177186,3.04802186,-3.10617409,14.9975467,-4.59178549,-3.83287292,-8.31592436,-1.24153992,-7.29576475,16.456207,-7.89021318,-0.821160027
1691,1.22549711,-2.09851079,105.823791,0.342692585,-0.993826566,2.33524573,-1.15363218,2.37965093,3.26023733,0,0,-1.20746026,13.1671012,-25.1856976,69.4011014,-6.93957252,-6.51525128,-17.6749996,-4.0163587,-20.5034988,36.8903947,70.3882003,14.7206235,-2.3866666,19.1433076,-9.57805965,3.03964912,-3.07946656,14.9971539,-4.59664389,-3.83998955,-8.32401643,-1.2512168,-7.27394827,16.4633241,-7.89058287,-0.789588224
1692,1.21911559,-2.05987412,105.828285,0.319856454,-0.996335267,2.31485941,-1.19433627,2.4590777,3.26586135,0,0,-1.17046241,13.0604051,-25.034998,69.3866555,-6.83609259,-6.50838182,-17.7029146,-4.03025173,-20.5700504,36.9486187,70.3686865,14.8018532,-2.38354264,19.1386818,-9.57481616,3.04496962,-3.05553592,14.9999799,-4.61656669,-3.82701433,-8.33323718,-1.2460312,-7.25048401,16.4720889,-7.85517175,-0.78024698
1693,1.21063609,-2.03204863,105.829465,0.313688581,-0.998250511,2.29447936,-1.23240476,2.4986721,3.26790081,0,0,-1.16017711,13.0283844,-25.0267079,69.384142,-6.83028351,-6.50369375,-17.7286046,-4.02980051,-20.6148701,36.9342001,70.3489062,14.6459883,-2.30584753,19.1586482,-9.57864961,3.03154211,-3.0457107,15.0097386,-4.62865613,-3.79254621,-8.33950644,-1.25998965,-7.23585289,16.4664267,-7.81719163,-0.779711024
1694,1.20256431,-2.01041494,105.828702,0.315697977,-0.99970352,2.28195274,-1.20603532,2.49880507,3.27093362,0,0,-1.18769444,13.0290264,-25.0573413,69.400473,-6.78286535,-6.49288796,-17.8025619,-4.02850278,-20.6505647,36.9465047,70.3249186,14.5598784,-2.25057999,19.0954297,-9.5816805,3.01595434,-3.02839083,15.0158584,-4.61315203,-3.76077814,-8.34315718,-1.27714004,-7.21705365,16.4599004,-7.80357053,-0.75880072
1695,1.19607151,-1.98375974,105.828118,0.319827647,-0.999761764,2.26829361,-1.1815398,2.51014212,3.26446053,0,0,-1.18397477,12.9590818,-25.0253077,69.429877,-6.71780609,-6.52230046,-17.8077785,-4.03276183,-20.7028566,36.9573306,70.3180406,14.3723419,-2.21174695,19.0686297,-9.57928055,2.99767675,-2.99882188,15.0123614,-4.62200395,-3.74242116,-8.34720065,-1.29516747,-7.18909,16.4568644,-7.82898908,-0.741688695
1696,1.18872812,-1.95957776,105.832851,0.30800898,-1.00130343,2.2615774,-1.15690598,2.4984896,3.28208113,0,0,-1.23078333,12.9854208,-25.0877544,69.4682148,-6.7711059,-6.58951379,-17.8126177,-4.0317992,-20.7071204,36.9355627,70.2970651,14.225352,-2.19895528,19.0543375,-9.57917383,2.99906499,-2.97194764,15.0111405,-4.62916583,-3.77193355,-8.34948962,-1.29309568,-7.17056909,16.4547556,-7.82596843,-0.713879526
1697,1.18070226,-1.9382054,105.83899,0.305240533,-1.00348526,2.24855025,-1.14529775,2.47319677,3.28203738,0,0,-1.21473997,12.9996924,-25.0784927,69.4546227,-6.81608398,-6.56994018,-17.7946235,-4.04915983,-20.697302,36.9719574,70.3190651,14.1759014,-2.18065635,19.0234924,-9.5801642,2.98774438,-2.95943858,15.0143933,-4.63589442,-3.75918031,-8.35742715,-1.30332741,-7.15731596,16.457503,-7.79878171,-0.683810525
1698,1.1736582,-1.91818438,105.841064,0.295948844,-1.00265705,2.23585176,-1.15573546,2.42972155,3.27980433,0,0,-1.20455872,13.0059438,-24.9748531,69.491294,-6.67684032,-6.56282398,-17.7557905,-4.06269086,-20.6629547,36.9871136,70.3372471,14.1325664,-2.13933264,18.9995919,-9.57907479,2.98612199,-2.97054596,15.0072114,-4.63187101,-3.73432952,-8.36736252,-1.30714709,-7.1397453,16.4578531,-7.76641088,-0.697359486
1699,1.16490871,-1.89721771,105.838633,0.296380836,-1.00556009,2.24753247,-1.16763247,2.38557612,3.30122466,0,0,-1.2112587,13.0117033,-24.9571509,69.4945725,-6.66092257,-6.55411591,-17.6443064,-4.06364709,-20.6333441,36.9245969,70.3274389,13.9698166,-2.10898825,18.988655,-9.58933288,2.96794942,-2.97131414,15.0183958,-4.62655969,-3.70523761,-8.35999786,-1.32409546,-7.14253714,16.442591,-7.76900465,-0.678494344
1700,1.15174288,-1.87323689,105.837476,0.297053274,-1.00759139,2.23974056,-1.17474697,2.35851341,3.31186118,0,0,-1.22718052,13.0469736,-24.9719724,69.5201037,-6.7679781,-6.61731779,-17.6473459,-4.0646635,-20.6136014,36.8901283,70.3224597,13.8766247,-2.07832518,18.9838807,-9.59045047,2.9559285,-2.9497015,15.0138213,-4.62676033,-3.71723697,-8.36791576,-1.33605586,-7.13182868,16.4425978,-7.77568457,-0.654698071
1701,1.14084696,-1.84498355,105.840659,0.28283165,-1.00972167,2.22382972,-1.1457113,2.35071013,3.31840259,0,0,-1.24926988,13.1007143,-25.1059927,69.5259982,-6.95371869,-6.63071776,-17.6274649,-4.04849218,-20.5820698,36.8866279,70.3097624,14.0751279,-2.10223746,19.1419245,-9.58723259,2.95892226,-2.93203074,15.0057292,-4.63653561,-3.72430237,-8.37752925,-1.33290245,-7.10360207,16.4472492,-7.75192832,-0.627264083
1702,1.13123618,-1.82092637,105.843616,0.287588883,-1.01224139,2.21213984,-1.17378402,2.36978899,3.32569082,0,0,-1.21508222,13.0714743,-25.0443093,69.4878926,-6.89560573,-6.61335372,-17.5978577,-4.06062814,-20.602779,36.9065686,70.3113812,14.1087009,-2.09786827,19.1703585,-9.59218021,2.93612351,-2.92524025,15.0142499,-4.60710389,-3.69630201,-8.38576561,-1.35572724,-7.08747642,16.4492795,-7.7342646,-0.617660677
1703,1.11987535,-1.80603955,105.841601,0.283977661,-1.01408641,2.2008803,-1.16391002,2.34932062,3.33118614,0,0,-1.19582269,13.0314989,-24.8452724,69.5188811,-6.60023292,-6.6355164,-17.6293774,-4.04773018,-20.5454703,36.79956,70.3382853,14.1445269,-2.15627471,19.1220725,-9.59776133,2.92734395,-2.92573117,15.0209862,-4.62627922,-3.6607449,-8.38814934,-1.36311675,-7.07170978,16.4364353,-7.71824183,-0.613366676
1704,1.109144,-1.7830994,105.845189,0.282800638,-1.0160812,2.18268483,-1.14628888,2.34315829,3.3430474,0,0,-1.19916511,13.0214466,-24.8532057,69.523512,-6.59458393,-6.6076885,-17.571582,-4.04437443,-20.5218464,36.7585789,70.3467411,14.1102001,-2.23049795,19.0337906,-9.59988723,2.91458793,-2.90566343,15.0240273,-4.61665165,-3.62908569,-8.39264105,-1.37534749,-7.05851556,16.4246003,-7.7003177,-0.597044124
1705,1.10406363,-1.74069349,105.849051,0.267459379,-1.01400432,2.16260178,-1.19813578,2.42674252,3.34819096,0,0,-1.1898912,13.010707,-25.0288389,69.4518087,-6.85347158,-6.53445436,-17.4246681,-4.06966406,-20.5740461,36.7999323,70.3602648,14.0415208,-2.27366411,19.0093454,-9.59694768,2.91133099,-2.86436832,15.0184419,-4.62109511,-3.61621292,-8.39730009,-1.3784723,-7.02454861,16.4180501,-7.67913216,-0.55649041
1706,1.09551381,-1.7149901,105.847692,0.264359093,-1.01515892,2.15929399,-1.19771348,2.44176467,3.34996233,0,0,-1.19196662,13.0408494,-25.0385361,69.4497596,-6.80949242,-6.57304749,-17.5476046,-4.06845767,-20.5672125,36.8672233,70.3612415,14.1689098,-2.30593995,18.9475048,-9.59897027,2.89744351,-2.86003948,15.0182951,-4.62349165,-3.60161979,-8.39666403,-1.39094316,-7.0150175,16.4105301,-7.66782735,-0.513523877
1707,1.08875046,-1.69434492,105.840397,0.268836332,-1.01547931,2.13692206,-1.21071634,2.44225964,3.35007865,0,0,-1.17002773,13.0367155,-24.9349818,69.4654759,-6.71595169,-6.65585841,-17.698311,-4.07533141,-20.574099,36.9493495,70.3601624,14.125673,-2.26995724,18.8278126,-9.59890539,2.88034648,-2.84266881,15.02393,-4.63279779,-3.57951688,-8.39782431,-1.40875074,-7.01027052,16.4000714,-7.66739619,-0.495152216
1708,1.08057139,-1.67818069,105.840266,0.262391792,-1.01483731,2.11215196,-1.19633026,2.41696148,3.35240327,0,0,-1.1577668,13.0798823,-24.912169,69.4696355,-6.63068703,-6.68534092,-17.7218684,-4.08625629,-20.5496145,37.0120233,70.3803866,14.0993204,-2.28832682,18.7695562,-9.59665655,2.8790321,-2.83015612,15.0188415,-4.62956284,-3.5542932,-8.4004138,-1.40944283,-6.98531344,16.3820124,-7.63291825,-0.500353992
1709,1.07447132,-1.65687818,105.845904,0.251027798,-1.01418422,2.09678476,-1.19146727,2.41734589,3.34019046,0,0,-1.15476653,13.1237782,-24.9858463,69.487756,-6.74428161,-6.72403907,-17.754223,-4.08384524,-20.5525549,37.0769852,70.3940879,14.045245,-2.23337517,18.7886995,-9.59308863,2.8791687,-2.80895542,15.0119191,-4.64251288,-3.52428604,-8.40558767,-1.40988744,-6.96342354,16.377612,-7.62198226,-0.489972051
1710,1.07212048,-1.6367903,105.849612,0.240784006,-1.00923272,2.07638162,-1.1721261,2.3847725,3.32947752,0,0,-1.14273014,13.1639192,-24.9914231,69.4993741,-6.80575716,-6.72485613,-17.7368658,-4.05848389,-20.5323085,37.0562317,70.359213,14.0503352,-2.15706381,18.7875947,-9.57881353,2.88275839,-2.77547469,14.9814752,-4.6552324,-3.51166023,-8.40956455,-1.40536286,-6.93770318,16.3639346,-7.61253014,-0.458757393
1711,1.06909918,-1.61332246,105.850446,0.238059621,-1.00909077,2.05078594,-1.17671214,2.36034134,3.32869952,0,0,-1.11673219,13.187059,-24.9662026,69.4942173,-6.81887112,-6.71590346,-17.691976,-4.07449599,-20.5252427,37.1100024,70.3746902,13.9350228,-2.12529084,18.8598308,-9.5774492,2.87322644,-2.74600883,14.9885103,-4.66524161,-3.50654847,-8.40995301,-1.41352323,-6.91191281,16.3535424,-7.5947392,-0.442029753
1712,1.06367217,-1.60499252,105.844522,0.249360144,-1.01198347,2.00941142,-1.12423398,2.29519009,3.32446545,0,0,-1.06449117,13.2215131,-24.8758819,69.4660018,-6.68987787,-6.66404311,-17.6956695,-4.04097684,-20.4662008,36.9640378,70.3774496,13.7936712,-2.08194497,18.7902892,-9.56307934,2.86015473,-2.70662894,14.98035,-4.66205789,-3.47580109,-8.41421932,-1.42736781,-6.87166934,16.3472843,-7.59354904,-0.444161545
1713,1.05432579,-1.58063024,105.843186,0.230848479,-1.01516675,1.98962067,-1.08564384,2.29060212,3.32578645,0,0,-1.0700946,13.2361305,-24.8772753,69.4741434,-6.62355588,-6.59984275,-17.6089397,-4.02615276,-20.4639059,36.911015,70.3774632,13.6683031,-2.02826267,18.799066,-9.55342316,2.8684786,-2.69343366,14.9664232,-4.66575601,-3.45765926,-8.43327811,-1.42267579,-6.85337041,16.3700083,-7.57668445,-0.368852867
1714,1.04868375,-1.56094274,105.839193,0.235163269,-1.01272558,1.97560234,-1.06372406,2.26205407,3.3269177,0,0,-1.05581769,13.311675,-24.950915,69.4171591,-6.80231346,-6.55553446,-17.6015341,-4.02537711,-20.4626952,36.9205261,70.3906455,13.6770312,-2.09563587,18.7592836,-9.55382955,2.85389828,-2.66777221,14.9617923,-4.6656907,-3.45222904,-8.42715314,-1.43585987,-6.82794631,16.3424929,-7.57014881,-0.395714854
1715,1.04622608,-1.53774163,105.841994,0.223028103,-1.01483648,1.95477934,-1.03331317,2.25532142,3.33373145,0,0,-1.03115014,13.2898918,-24.8256425,69.4317006,-6.74225945,-6.55504738,-17.605149,-4.02679565,-20.4352122,36.8989837,70.4154596,13.6155894,-2.14416649,18.7234336,-9.55533049,2.85936371,-2.63442872,14.9748038,-4.68207845,-3.45716471,-8.42797618,-1.43098109,-6.8016441,16.3392673,-7.55901219,-0.38241258
1716,1.03869326,-1.51873147,105.843186,0.224012631,-1.01769313,1.93496849,-1.02585343,2.24604175,3.33221728,0,0,-1.02041105,13.3769263,-24.9907623,69.3756657,-6.90134907,-6.5209562,-17.5918455,-4.01595828,-20.4183331,36.9112541,70.4171193,13.6512421,-2.19332123,18.6977419,-9.55591618,2.84470293,-2.61889004,14.9827371,-4.69981646,-3.43708139,-8.44060263,-1.44546984,-6.77562193,16.3506754,-7.55598129,-0.400123767
1717,1.02965003,-1.50024015,105.84259,0.223184785,-1.0182583,1.91816838,-1.01694206,2.25490563,3.33209946,0,0,-1.02782714,13.3707741,-24.956193,69.4362495,-6.85559918,-6.61957815,-17.6330827,-3.98884712,-20.4056631,36.8302344,70.4049821,13.6053142,-2.21327606,18.6220156,-9.56132142,2.83336545,-2.59902444,14.9916488,-4.70486311,-3.40681255,-8.43750344,-1.45555568,-6.74953061,16.3305179,-7.53371146,-0.35039975
1718,1.01004448,-1.46994488,105.840731,0.220771655,-1.02197419,1.90258785,-0.981936703,2.30599203,3.36834343,0,0,-1.05324772,13.2940309,-24.9016147,69.4667531,-6.73318127,-6.69626367,-17.6734884,-4.00104755,-20.4572533,36.7752685,70.4003307,13.5924811,-2.25748125,18.6197206,-9.57009736,2.8174287,-2.59401962,14.9999816,-4.68688691,-3.37597276,-8.44839247,-1.47060397,-6.72373213,16.327977,-7.52468024,-0.34504835
1719,1.00493804,-1.43601187,105.844283,0.204894591,-1.02213397,1.88305092,-0.989915752,2.34324218,3.36210427,0,0,-1.04493463,13.2560107,-24.8414595,69.5038547,-6.66599014,-6.72562239,-17.7256574,-3.9941879,-20.4929666,36.8217547,70.3815067,13.6183197,-2.3125678,18.6191469,-9.56901221,2.82091188,-2.57365413,15.0005195,-4.68151881,-3.37549678,-8.45168889,-1.46879376,-6.69929116,16.3230217,-7.49011436,-0.280790811
1720,0.998474751,-1.40756695,105.852199,0.202048597,-1.02419598,1.8609424,-1.01883669,2.34716399,3.36178475,0,0,-1.02867227,13.192793,-24.6163979,69.5889179,-6.39270189,-6.77364801,-17.7413634,-4.00615568,-20.4985383,36.9222234,70.3688094,13.9309981,-2.32118622,18.6907017,-9.57087173,2.80959084,-2.5578495,15.0072968,-4.67188312,-3.37604533,-8.45862324,-1.47965952,-6.68026951,16.3235681,-7.46505952,-0.265342577
1721,0.988487713,-1.38088381,105.854023,0.211286629,-1.02621191,1.83749919,-1.04042681,2.36128092,3.36413027,0,0,-1.01251621,13.1585771,-24.5246275,69.6086913,-6.28641134,-6.74240459,-17.6878831,-4.00697957,-20.5262262,36.9604383,70.3563853,13.9849404,-2.33519835,18.674608,-9.57917639,2.78195035,-2.54422647,15.0269011,-4.67586384,-3.34702577,-8.46400713,-1.50651017,-6.66272873,16.3143867,-7.45875099,-0.231143527
1722,0.982344337,-1.3660904,105.853069,0.218853712,-1.02868971,1.81854626,-1.04354213,2.31319639,3.36378492,0,0,-0.987677157,13.1765977,-24.4192308,69.6271875,-6.2842799,-6.73474411,-17.7527494,-3.98880059,-20.48225,36.9778621,70.3520276,14.1162679,-2.36829318,18.665278,-9.59160904,2.76310949,-2.53413935,15.0577565,-4.69071822,-3.32934924,-8.4575526,-1.52499288,-6.6433041,16.2946713,-7.44671961,-0.201576038
1723,0.974704698,-1.34734446,105.853128,0.213869052,-1.02974085,1.80561166,-1.04673844,2.29385649,3.36288505,0,0,-0.986966177,13.2457918,-24.5056208,69.5979201,-6.41232033,-6.67548837,-17.8294131,-3.98217061,-20.4651968,36.9798155,70.3524716,14.1340776,-2.31554811,18.6653087,-9.59102762,2.75704172,-2.52086231,15.0582414,-4.69486243,-3.32359289,-8.45766786,-1.52895983,-6.62130918,16.2843321,-7.43731188,-0.184524737
1724,0.966455881,-1.32356687,105.861127,0.214846597,-1.03057703,1.78943789,-1.05318454,2.26569285,3.37075428,0,0,-0.975999775,13.2785614,-24.5673145,69.5764733,-6.49109546,-6.66869404,-17.8214696,-4.00545259,-20.4499313,37.0058488,70.3610366,14.1514228,-2.26750349,18.5963341,-9.59136657,2.74362851,-2.50408908,15.054951,-4.65681871,-3.30558467,-8.46493689,-1.54033498,-6.6112688,16.2827492,-7.41435134,-0.168126734
1725,0.959558692,-1.30130062,105.864227,0.212917814,-1.03325154,1.7681374,-1.04112317,2.25184827,3.3712294,0,0,-0.952442772,13.3073079,-24.5890072,69.5527999,-6.43748488,-6.63911079,-17.8182577,-3.99994362,-20.4448701,36.986475,70.3588305,14.0574983,-2.21170618,18.5866881,-9.59100115,2.73600132,-2.48773141,15.0558014,-4.66265809,-3.30309421,-8.4824623,-1.54937591,-6.60629514,16.3033166,-7.40997149,-0.165149919
1726,0.953699928,-1.29001681,105.861104,0.219498929,-1.03632857,1.74538246,-1.01393603,2.21757502,3.37466243,0,0,-0.920607688,13.3431374,-24.577401,69.5264968,-6.34552279,-6.6413814,-17.8298741,-4.00537874,-20.4378077,36.9699084,70.3591378,14.0010485,-2.17460267,18.6173471,-9.59892844,2.72185642,-2.47222496,15.0826201,-4.68985377,-3.29570352,-8.49051936,-1.5656801,-6.58047233,16.3078792,-7.41803965,-0.158874976
1727,0.950270519,-1.27283009,105.857193,0.211658117,-1.0367966,1.73148855,-1.0118128,2.21166733,3.36408268,0,0,-0.889921248,13.3569088,-24.5507308,69.5240994,-6.32808019,-6.6935491,-17.82587,-3.98423547,-20.4239151,36.9205295,70.368584,13.9009743,-2.17423,18.6120333,-9.59561751,2.72098429,-2.4497927,15.0825433,-4.7055282,-3.26417515,-8.4947353,-1.56707538,-6.57802328,16.307372,-7.4102464,-0.157884905
1728,0.947237387,-1.24958465,105.856323,0.201851752,-1.03556601,1.72135719,-1.02550403,2.21892142,3.35241266,0,0,-0.854708635,13.3318386,-24.5223155,69.5304856,-6.33690608,-6.68248462,-17.7452481,-3.96857598,-20.4227232,36.9299108,70.3639805,13.8555945,-2.20096421,18.5414962,-9.59047608,2.72102357,-2.42803471,15.0745297,-4.71445398,-3.2506565,-8.49464651,-1.56644946,-6.57139202,16.2987626,-7.40027859,-0.123206821
1729,0.94412053,-1.22895017,105.863845,0.193439894,-1.03742677,1.70598258,-1.02396222,2.21527367,3.3494904,0,0,-0.850890079,13.3236773,-24.5154921,69.5642199,-6.3429922,-6.70666648,-17.6884141,-3.97161029,-20.4256807,36.956289,70.3577991,13.7899709,-2.17605131,18.4767409,-9.58985709,2.72182398,-2.40824231,15.07663,-4.69616145,-3.279491,-8.49916041,-1.56634178,-6.55346192,16.3006921,-7.37121102,-0.0841283138
1730,0.93861511,-1.21041872,105.865812,0.189877213,-1.03661523,1.67952602,-1.01709286,2.20130914,3.34267238,0,0,-0.826269222,13.3078894,-24.4386901,69.5828595,-6.27298148,-6.69541758,-17.610567,-3.99887085,-20.4119998,36.983398,70.4023593,13.6909272,-2.16700345,18.4836411,-9.58556176,2.71515473,-2.3845819,15.0710941,-4.71837195,-3.2481669,-8.51035765,-1.57219439,-6.53330859,16.3004889,-7.36620619,-0.0960682449
1731,0.932443887,-1.20098405,105.862474,0.201188059,-1.03507464,1.64658336,-0.970796665,2.16758038,3.34305658,0,0,-0.849883907,13.3477017,-24.5514155,69.5981045,-6.40381162,-6.66329478,-17.5239073,-4.00779279,-20.4033221,36.9653424,70.4202954,13.6847314,-2.16184687,18.4434983,-9.58966329,2.69818363,-2.36215454,15.0800332,-4.73324938,-3.21918192,-8.51948107,-1.5901388,-6.48991896,16.2912699,-7.37261206,-0.114879326
1732,0.927466061,-1.1796372,105.85829,0.194297179,-1.03617576,1.62755732,-0.956459457,2.18659456,3.34274943,0,0,-0.840697249,13.3552968,-24.5707723,69.5678399,-6.45011732,-6.65369751,-17.5267794,-4.00590253,-20.4220761,36.9260585,70.43817,13.6458335,-2.18714695,18.4123356,-9.58551736,2.6931882,-2.33918611,15.081196,-4.7417393,-3.18393067,-8.52692513,-1.59551394,-6.46740879,16.2980027,-7.36219858,-0.120550784
1733,0.92076268,-1.15907397,105.858743,0.189806752,-1.03723874,1.61596473,-0.935906031,2.18026212,3.34600295,0,0,-0.850873004,13.3371917,-24.5488678,69.5977698,-6.49361282,-6.69616848,-17.4565155,-3.99142125,-20.4287782,36.8705803,70.4294,13.5967816,-2.17701522,18.393544,-9.58605695,2.68787709,-2.32411018,15.0849441,-4.73849582,-3.17323161,-8.52869671,-1.60184787,-6.45907724,16.2958734,-7.34136565,-0.0541098125
1734,0.914510433,-1.13143129,105.859101,0.175747017,-1.03707766,1.58988946,-0.936575389,2.2072482,3.34323139,0,0,-0.847461644,13.3255795,-24.5633666,69.6180009,-6.61447899,-6.74686257,-17.4585287,-3.98147009,-20.465581,36.8399162,70.421354,13.5475974,-2.17106165,18.4181208,-9.58310972,2.692407,-2.28891592,15.0822103,-4.74612514,-3.16444372,-8.53076028,-1.59617871,-6.42999174,16.284356,-7.31653962,-0.0239822966
1735,0.887310319,-1.11129405,105.856991,0.173531816,-1.04487979,1.57176206,-0.917211056,2.26256718,3.39617944,0,0,-0.889954599,13.3051718,-24.6626639,69.5791439,-6.71025702,-6.6965975,-17.4418477,-4.0113765,-20.5178746,36.8144737,70.4339352,13.5291687,-2.18791706,18.3485399,-9.59802771,2.68097155,-2.28208509,15.1021698,-4.73645103,-3.12597503,-8.55020839,-1.60664971,-6.40381675,16.2937885,-7.3141149,-0.0373050859
1736,0.900241081,-1.10798683,105.85773,0.178681427,-1.03680935,1.55149517,-0.927086229,2.17675503,3.33431629,0,0,-0.832074135,13.3972146,-24.7231316,69.5844919,-6.81867262,-6.69417662,-17.4471701,-3.96721933,-20.4666192,36.868965,70.4209442,13.5774317,-2.17747114,18.3595007,-9.57909784,2.67356379,-2.25441066,15.0746954,-4.74901047,-3.11915167,-8.54926924,-1.61456622,-6.38360323,16.2830293,-7.31758635,-0.0400721196
1737,0.8834593,-1.08847981,105.853128,0.175172647,-1.04177834,1.54106495,-0.933259012,2.19459634,3.36292112,0,0,-0.839326142,13.353422,-24.7383936,69.5924833,-6.87685644,-6.74126224,-17.3623836,-3.98712933,-20.4929734,36.8581016,70.4207325,13.6047635,-2.19736428,18.4486449,-9.58844154,2.66379042,-2.24461104,15.0912022,-4.76559374,-3.10223414,-8.55328624,-1.62261656,-6.37266297,16.2774387,-7.30199985,-0.019958193
1738,0.891250651,-1.06335636,105.854011,0.169381555,-1.03572175,1.53124813,-0.976089314,2.20464206,3.33089223,0,0,-0.805654323,13.3755253,-24.7663667,69.5717536,-6.92093634,-6.74206948,-17.3861407,-3.97063186,-20.4981849,36.8957086,70.4283072,13.6767597,-2.25159619,18.4684883,-9.57794524,2.65872947,-2.21661794,15.0739901,-4.75157221,-3.05572013,-8.54470923,-1.6284267,-6.35987686,16.2564445,-7.27965148,0.0440244112
1739,0.879171956,-1.04351845,105.854213,0.166276039,-1.03830585,1.51312332,-0.946050356,2.19407682,3.34493531,0,0,-0.807391006,13.3393296,-24.6681229,69.5898536,-6.74244728,-6.75961709,-17.403252,-3.96056288,-20.4788213,36.8581835,70.4244413,13.7788855,-2.26853442,18.3427855,-9.58056377,2.6511725,-2.20210144,15.0798043,-4.76263114,-3.04357882,-8.55193813,-1.63459447,-6.33069957,16.2558844,-7.25810906,0.0699367815
1740,0.876137242,-1.02646565,105.850959,0.162661492,-1.03741283,1.50085737,-0.949914855,2.20088545,3.33401277,0,0,-0.798709248,13.317356,-24.6280775,69.6122362,-6.66994013,-6.78861509,-17.4101624,-3.95179804,-20.5067175,36.8402201,70.4093192,13.7330951,-2.26716988,18.4202757,-9.57880414,2.64421702,-2.1956531,15.0761502,-4.77227068,-3.03348018,-8.5521456,-1.64130342,-6.32559955,16.2435593,-7.24999053,0.0874039831
1741,0.869361404,-1.01237716,105.847967,0.160287432,-1.03840357,1.48921687,-0.960811142,2.17928583,3.33587271,0,0,-0.783410798,13.3317079,-24.6001796,69.5992998,-6.6106131,-6.78046753,-17.3771453,-3.94221913,-20.4952035,36.8032552,70.3894844,13.6967704,-2.24716681,18.4187748,-9.58135009,2.63761885,-2.18042263,15.0799427,-4.78643222,-3.02780856,-8.55064979,-1.64589982,-6.29993853,16.2300372,-7.24470054,0.0779864996
1742,0.865679141,-0.998242758,105.851281,0.159398785,-1.03859531,1.48176132,-0.94748128,2.14991111,3.32488017,0,0,-0.768356421,13.3639174,-24.6571537,69.5818896,-6.62016512,-6.75612174,-17.3398047,-3.93491595,-20.4834539,36.7855445,70.3955564,13.5930634,-2.24141558,18.5017889,-9.57659287,2.63069602,-2.17412755,15.0698955,-4.79845976,-3.01143702,-8.56117853,-1.65474673,-6.29557362,16.2398112,-7.23722405,0.0828599463
1743,0.861395989,-0.981653761,105.857849,0.153415062,-1.03857785,1.47159213,-0.948060459,2.1397352,3.31772127,0,0,-0.717394992,13.3149731,-24.4459591,69.5746838,-6.35491473,-6.76688996,-17.3677879,-3.92857839,-20.4742946,36.753265,70.3963487,13.5363908,-2.22148445,18.481242,-9.57906796,2.62865038,-2.16339454,15.0736196,-4.7867494,-2.99662405,-8.56301585,-1.65599719,-6.28612448,16.2319411,-7.21865789,0.0957967582
1744,0.857307762,-0.963646639,105.859566,0.153793303,-1.03788249,1.46147342,-0.947134115,2.13641893,3.31482399,0,0,-0.705754376,13.2952322,-24.366565,69.5833308,-6.24805855,-6.77646248,-17.4141376,-3.93825122,-20.4847328,36.8138829,70.4019631,13.6560574,-2.24081773,18.3940102,-9.57863168,2.61775602,-2.1536214,15.0732935,-4.786886,-2.98284542,-8.56470717,-1.66640928,-6.27128717,16.2239584,-7.21030798,0.134476166
1745,0.85332524,-0.950357039,105.857992,0.151517288,-1.03713033,1.45085741,-0.95038838,2.1394558,3.31217303,0,0,-0.710226015,13.3004154,-24.3926358,69.5842051,-6.27245001,-6.78840549,-17.3803043,-3.94874879,-20.5034629,36.8771885,70.3933503,13.7660576,-2.238666,18.2665486,-9.58165745,2.61292152,-2.13939518,15.0781292,-4.79886017,-2.99341984,-8.55959392,-1.66979054,-6.26414237,16.20328,-7.20504532,0.139360992
1746,0.849466771,-0.934003387,105.864596,0.135359807,-1.03582014,1.43688304,-0.921236172,2.14064276,3.30261973,0,0,-0.720855284,13.3037204,-24.4231019,69.6073526,-6.3058411,-6.761667,-17.3262963,-3.95804596,-20.5028072,36.8904733,70.4217639,13.6171603,-2.18908374,18.4766248,-9.56867326,2.62571703,-2.12901948,15.0491573,-4.79540325,-2.97479071,-8.57944587,-1.6605161,-6.23655096,16.2282119,-7.18440705,0.126230274
1747,0.845014304,-0.916732475,105.866623,0.140134158,-1.03555762,1.42513947,-0.931313262,2.13717537,3.29505209,0,0,-0.714513986,13.2696983,-24.344191,69.6470838,-6.22562992,-6.77458588,-17.3383054,-3.98381626,-20.520844,36.9711412,70.4485655,13.6812198,-2.18584943,18.4319365,-9.57243243,2.61118239,-2.12163712,15.0530181,-4.79522096,-2.98036201,-8.57999399,-1.6732066,-6.23556315,16.2177514,-7.17675638,0.134582127
1748,0.840995181,-0.900246296,105.874026,0.130693381,-1.03706223,1.42536637,-0.943503335,2.14546893,3.29680958,0,0,-0.705063406,13.2613109,-24.3114266,69.6372552,-6.21698589,-6.75665066,-17.3606931,-4.00509529,-20.5287022,36.9988171,70.4609418,13.7536847,-2.18470388,18.3621474,-9.57351587,2.61410635,-2.11279608,15.0508256,-4.77703644,-2.98473162,-8.58570403,-1.67163,-6.22840596,16.2227682,-7.16210734,0.107378678
1749,0.839443784,-0.892111659,105.875707,0.135938308,-1.03568177,1.41267905,-0.922230284,2.12873752,3.28442175,0,0,-0.691123203,13.2065951,-24.2167943,69.6848069,-6.14122585,-6.79888385,-17.3354521,-4.02029716,-20.5288883,37.0126688,70.4995119,13.784961,-2.17697424,18.3783776,-9.58163952,2.60104105,-2.09873869,15.0681469,-4.789601,-2.96764249,-8.58266032,-1.68232415,-6.2135836,16.2061145,-7.15998315,0.129432992
1750,0.835123006,-0.881981384,105.873978,0.133810135,-1.03545948,1.39977073,-0.903767749,2.13258591,3.276014,0,0,-0.709131104,13.2415264,-24.3715117,69.6841307,-6.3171758,-6.79598059,-17.3691472,-3.99857673,-20.5230365,36.9665479,70.5060689,13.7859881,-2.19997213,18.3215009,-9.58171209,2.59568874,-2.08376073,15.0701226,-4.80918913,-2.96368909,-8.58187314,-1.68610712,-6.20165083,16.1957394,-7.15378219,0.162363468
1751,0.836477242,-0.865047611,105.876315,0.116015266,-1.03407917,1.39603296,-0.930072942,2.13942314,3.24597099,0,0,-0.659003385,13.2330365,-24.3219007,69.6802034,-6.31254834,-6.78191254,-17.4020226,-3.96906903,-20.5119358,36.9678764,70.5088419,13.8572124,-2.25615961,18.3451419,-9.57215495,2.60868425,-2.07354042,15.0516828,-4.81786262,-2.94250569,-8.58426798,-1.67638082,-6.19563642,16.1970355,-7.13377443,0.178052053
1752,0.831403304,-0.851358008,105.877566,0.117993902,-1.03421122,1.39485498,-0.926433092,2.13135413,3.2390106,0,0,-0.661988338,13.234721,-24.3280051,69.6877917,-6.27032539,-6.77119,-17.4864386,-3.96411458,-20.5165017,36.9124255,70.5041701,13.8023515,-2.21486877,18.3632351,-9.57445673,2.5985062,-2.06829078,15.0501647,-4.816135,-2.93615852,-8.58451472,-1.68461322,-6.19362066,16.1866297,-7.13093862,0.144017687
1753,0.817541126,-0.833451468,105.87877,0.121578119,-1.03808297,1.37879042,-0.919108141,2.14871241,3.26119975,0,0,-0.677458289,13.1901275,-24.3133236,69.6964866,-6.223148,-6.77629599,-17.5012635,-3.98924626,-20.5388706,36.9100588,70.5055771,13.8786464,-2.22540733,18.3892359,-9.58517671,2.58525883,-2.05947407,15.0650887,-4.79090685,-2.94307665,-8.5893633,-1.69785141,-6.1734763,16.1795212,-7.10873794,0.179784199
1754,0.811913889,-0.822500046,105.878305,0.128154827,-1.0383598,1.36681652,-0.92429599,2.11850505,3.26527631,0,0,-0.677750333,13.1738554,-24.2531343,69.7107821,-6.14225892,-6.77318228,-17.5069138,-4.00566177,-20.5108276,36.9168754,70.5335809,13.9310118,-2.26817925,18.3606055,-9.57771131,2.56975537,-2.0492386,15.0517067,-4.78233197,-2.90251258,-8.60117014,-1.71426201,-6.1629275,16.1903146,-7.09974429,0.187996261
1755,0.803697295,-0.808472745,105.874157,0.107986942,-1.03904315,1.36132482,-0.957191248,2.12989055,3.27175538,0,0,-0.670405639,13.2073157,-24.2953176,69.6731683,-6.21180775,-6.74026375,-17.5240268,-3.99761453,-20.5190306,36.8664925,70.504054,13.8654864,-2.27741089,18.3838366,-9.58401045,2.58297477,-2.04112178,15.0610043,-4.81663233,-2.89793443,-8.59455766,-1.69974935,-6.15226472,16.1712891,-7.07938478,0.256766875
1756,0.790100824,-0.790088251,105.874777,0.106697819,-1.0403187,1.34678698,-0.963725818,2.14583882,3.29159324,0,0,-0.696547281,13.2101425,-24.4244167,69.6584492,-6.37120857,-6.72078918,-17.503777,-4.00228595,-20.5256422,36.7899739,70.5013219,13.818691,-2.32898843,18.3951577,-9.5821663,2.57368721,-2.02820482,15.0527858,-4.83078661,-2.87319848,-8.60281792,-1.70805539,-6.13742016,16.169812,-7.06677198,0.247201088
1757,0.78807082,-0.772278383,105.882215,0.0957209721,-1.03177144,1.33852817,-0.990186718,2.15241139,3.27012339,0,0,-0.672620648,13.1974418,-24.3983851,69.6503213,-6.36162411,-6.70187297,-17.5163668,-3.9709277,-20.5327047,36.7329657,70.4677037,13.7864739,-2.32192943,18.4833679,-9.57765838,2.5765053,-2.01824577,15.0244764,-4.7995385,-2.86305202,-8.60560976,-1.70222903,-6.1323402,16.1456861,-7.04155535,0.246757366
1758,0.791870337,-0.755677465,105.880499,0.10105285,-1.02481373,1.33268331,-1.06125569,2.18375577,3.24268225,0,0,-0.605897704,13.1126945,-24.2223472,69.6430472,-6.24604834,-6.73012434,-17.5343933,-3.97364398,-20.5731786,36.8012061,70.4645755,13.8952429,-2.33798293,18.5037953,-9.57041582,2.56098156,-2.00984101,15.0045698,-4.7946071,-2.84402909,-8.60305954,-1.71773217,-6.13316538,16.1281615,-7.03699833,0.306227823
1759,0.78807082,-0.757071748,105.872738,0.118318382,-1.0220917,1.32663305,-1.05011213,2.10718315,3.23407003,0,0,-0.579925482,13.1437497,-24.1900456,69.6424734,-6.25353081,-6.74226543,-17.521182,-3.95167809,-20.5102145,36.7099309,70.4753945,13.835758,-2.37050765,18.4969104,-9.57386591,2.53826414,-1.99541095,15.0022083,-4.78885694,-2.81905514,-8.60343264,-1.73907545,-6.1193304,16.1130976,-7.03949733,0.303056507
1760,0.785009377,-0.748255802,105.864596,0.116908442,-1.01874976,1.32328148,-1.0732494,2.10039032,3.22085873,0,0,-0.552662409,13.1411277,-24.1410014,69.6321803,-6.28281909,-6.75489103,-17.5281864,-3.93725444,-20.5177107,36.6962602,70.4709822,13.844177,-2.3835531,18.5217996,-9.57318546,2.53066171,-1.98376398,14.9960782,-4.80748542,-2.80323151,-8.59969994,-1.74458794,-6.10831117,16.0935547,-7.04205438,0.304124738
1761,0.786073506,-0.73408084,105.869853,0.107512261,-1.01240339,1.3161274,-1.07616343,2.08634446,3.19757953,0,0,-0.520930471,13.1586668,-24.1369767,69.6027559,-6.29041554,-6.70636595,-17.5132454,-3.92393471,-20.5114645,36.6528134,70.4790145,13.9513905,-2.40427867,18.5926577,-9.56620842,2.53531307,-1.97132258,14.9753571,-4.81744768,-2.7891895,-8.59656659,-1.73923414,-6.10077363,16.0736925,-7.01481772,0.306225315
1762,0.781001616,-0.720850937,105.875516,0.100620024,-1.0083232,1.31505278,-1.08588386,2.08229245,3.19454586,0,0,-0.532794296,13.1752949,-24.1500565,69.6199201,-6.30280294,-6.69527074,-17.5312583,-3.95085548,-20.4958165,36.691503,70.5189438,14.0733077,-2.43750882,18.6012501,-9.56062815,2.53590239,-1.96652096,14.9494126,-4.80401654,-2.77881166,-8.60608104,-1.73778806,-6.09659014,16.0728695,-7.00271975,0.320148442
1763,0.777205406,-0.718251662,105.876744,0.104332142,-1.00317983,1.31358421,-1.06719902,2.04068401,3.19468139,0,0,-0.53370159,13.2455818,-24.2054118,69.5815413,-6.33016255,-6.66500403,-17.5654724,-3.95154319,-20.4614436,36.598954,70.5370711,13.9414295,-2.39957672,18.5704528,-9.56205139,2.52825407,-1.96377992,14.9342991,-4.78385083,-2.77763388,-8.60837343,-1.74311476,-6.1001047,16.0559255,-6.99363816,0.323569727
1764,0.774137722,-0.708838971,105.87163,0.0966469815,-1.000031,1.30963695,-1.06528443,2.04858035,3.19077858,0,0,-0.542384948,13.2802203,-24.3095619,69.5878046,-6.46931954,-6.70856826,-17.5086828,-3.94942797,-20.4694793,36.4945955,70.5455132,13.8217535,-2.35104652,18.5626134,-9.5568707,2.52898362,-1.95595658,14.9158218,-4.79224215,-2.76410328,-8.60969165,-1.7431631,-6.08685669,16.0449254,-6.98372457,0.305367326
1765,0.774287805,-0.698276795,105.872035,0.093123061,-0.99514226,1.30473209,-1.07831772,2.04969729,3.18093969,0,0,-0.526922414,13.2891089,-24.3624105,69.5708316,-6.47734032,-6.68946166,-17.3953341,-3.95905768,-20.4792157,36.5019209,70.5642553,13.8780001,-2.36264653,18.5798921,-9.55426071,2.52675015,-1.93580197,14.9025456,-4.80536977,-2.75688035,-8.60366657,-1.74384068,-6.08682895,16.0202907,-6.96074439,0.343622148
1766,0.768675935,-0.68698423,105.87523,0.0857002773,-0.993257259,1.29370561,-1.03042187,2.01629596,3.18996237,0,0,-0.541671941,13.3151464,-24.3947993,69.5675599,-6.51400861,-6.71225699,-17.2303184,-3.94493072,-20.4512546,36.4678314,70.5538461,13.8778251,-2.37497118,18.5282678,-9.54398469,2.53122819,-1.9246884,14.8759044,-4.79289785,-2.74568375,-8.61478356,-1.73939316,-6.07294744,16.0265898,-6.94987159,0.35447772
1767,0.76465779,-0.668807374,105.884874,0.0803389352,-0.98783604,1.28078972,-1.04747194,2.0408601,3.17905819,0,0,-0.548293542,13.3199796,-24.4570103,69.576084,-6.5831075,-6.68353519,-17.1965517,-3.93330915,-20.4912044,36.4934958,70.5314772,13.8446825,-2.34320013,18.4253676,-9.53763432,2.53025041,-1.91636475,14.8502827,-4.77840333,-2.74551663,-8.62314029,-1.74013445,-6.05705615,16.0179308,-6.92577553,0.381717662
1768,0.758575322,-0.664163008,105.885625,0.0881825699,-0.978596138,1.27207325,-1.03166443,1.98631762,3.17407407,0,0,-0.574683526,13.3592131,-24.4837061,69.6114712,-6.57483529,-6.68740321,-17.1930154,-3.93394393,-20.4635319,36.4841555,70.524203,13.889205,-2.34101212,18.4441455,-9.54789156,2.51566603,-1.90149713,14.8442106,-4.77601447,-2.74418495,-8.64636208,-1.75325609,-6.05669543,16.0263627,-6.92993981,0.366038135
1769,0.754825771,-0.662175706,105.883372,0.103175578,-0.971687365,1.2607592,-1.00304839,1.94904421,3.16488106,0,0,-0.578358968,13.3699015,-24.4933982,69.6250906,-6.53202537,-6.68916583,-17.1863952,-3.92073306,-20.451533,36.4455445,70.5153443,13.8498768,-2.32224383,18.4410941,-9.53823111,2.49750776,-1.89721033,14.8095184,-4.76898151,-2.73873169,-8.65427657,-1.77193805,-6.0505854,16.0140205,-6.92929564,0.355368739
1770,0.749983592,-0.647961907,105.89205,0.0802394327,-0.97240564,1.24575133,-0.991765132,1.96915634,3.1706688,0,0,-0.574905614,13.3406683,-24.4273127,69.6392837,-6.46158819,-6.69802416,-17.1512778,-3.92046583,-20.4676744,36.4677802,70.501718,13.8645575,-2.33049918,18.4098955,-9.53236398,2.51935071,-1.8809897,14.7972719,-4.76148837,-2.74419712,-8.66041691,-1.75182421,-6.03019259,16.0123574,-6.89622771,0.407175858
1771,0.749122212,-0.634060707,105.89503,0.0861343273,-0.965027559,1.23375073,-0.990778703,1.96083888,3.15822163,0,0,-0.565928397,13.3378235,-24.4123733,69.6516873,-6.44687084,-6.68102467,-17.1752022,-3.91973329,-20.482402,36.4760549,70.489936,13.8653839,-2.34131969,18.4217852,-9.52682982,2.50739083,-1.86463225,14.7733662,-4.74923672,-2.74145394,-8.66102479,-1.76143866,-6.02499311,15.9917917,-6.8890876,0.378587327
1772,0.745296339,-0.620066607,105.900657,0.0880429753,-0.964049674,1.22545264,-1.01126788,1.96372143,3.1582323,0,0,-0.544648783,13.3183498,-24.323878,69.6506355,-6.3664872,-6.67391103,-17.1862654,-3.93411596,-20.4972235,36.5522867,70.4789803,13.8987169,-2.30737835,18.4097777,-9.52381941,2.49668387,-1.86156336,14.765339,-4.74169747,-2.72422607,-8.67211702,-1.77117733,-6.01349747,16.0024434,-6.87954326,0.404854527
1773,0.73830504,-0.614236109,105.897975,0.086698195,-0.961436643,1.21073985,-0.998104721,1.93773363,3.16427062,0,0,-0.548157365,13.3504184,-24.3106923,69.6498773,-6.32821808,-6.68919229,-17.2190862,-3.94637829,-20.4789374,36.5517778,70.4845811,13.8874429,-2.32558059,18.4155868,-9.5246322,2.49491784,-1.84290755,14.7596273,-4.74786598,-2.71192063,-8.6702114,-1.77035985,-5.9905173,15.978927,-6.87208854,0.397027611
1774,0.732668722,-0.605030963,105.897546,0.0818989565,-0.962050247,1.19697196,-0.997672072,1.92878843,3.16989762,0,0,-0.558691758,13.3635067,-24.2677885,69.6635992,-6.26847185,-6.68418833,-17.2953026,-3.94257643,-20.4711664,36.5761923,70.4673759,13.8992172,-2.30221323,18.3513335,-9.5246305,2.49688088,-1.82279692,14.7595351,-4.75534077,-2.70882037,-8.67269673,-1.76883618,-5.99340562,15.9708742,-6.85989836,0.408829724
1775,0.728800474,-0.59275073,105.903685,0.0846449702,-0.958170928,1.18568477,-1.00490866,1.93158411,3.16288003,0,0,-0.55624607,13.3587572,-24.246842,69.6656004,-6.24815417,-6.66924345,-17.3230229,-3.94805723,-20.4857317,36.6427799,70.4643842,13.8751886,-2.29458071,18.3376287,-9.52450328,2.48833695,-1.8144246,14.7493256,-4.73392941,-2.70896786,-8.67326364,-1.77622303,-5.98120818,15.9513245,-6.84184403,0.383326998
1776,0.724591641,-0.579931866,105.908668,0.0783448182,-0.958373669,1.18536725,-1.02056719,1.91921293,3.16648232,0,0,-0.562320029,13.3793639,-24.2320495,69.6760233,-6.24954668,-6.69760367,-17.2936872,-3.95651429,-20.4728261,36.6858237,70.4518986,13.9347838,-2.28442678,18.2944278,-9.52149715,2.48878561,-1.81361501,14.7344444,-4.71374961,-2.72209868,-8.68410656,-1.77829973,-5.97124166,15.965183,-6.82618156,0.419455951
1777,0.72117094,-0.574992225,105.906534,0.0892611945,-0.957146073,1.18862879,-1.03402469,1.89714779,3.16719116,0,0,-0.542805325,13.3682435,-24.1068641,69.676679,-6.10819292,-6.72325359,-17.3532448,-3.97225745,-20.4640288,36.6999349,70.4731405,13.9323505,-2.27846744,18.2703513,-9.5238621,2.46884893,-1.81528328,14.7331757,-4.71527061,-2.67613066,-8.68293177,-1.79572098,-5.971047,15.9561193,-6.83308218,0.412884108
1778,0.716201356,-0.567547744,105.89565,0.0929710852,-0.955087177,1.17656583,-1.04117846,1.89,3.16445503,0,0,-0.547041537,13.3945431,-24.0847787,69.6880103,-6.14917918,-6.74500262,-17.470029,-3.96712243,-20.465347,36.6944537,70.4703265,13.9054455,-2.24896998,18.235613,-9.52987608,2.45884932,-1.79899926,14.7435729,-4.73550718,-2.65771881,-8.67319619,-1.8022596,-5.96903935,15.9235769,-6.83165809,0.429942132
1779,0.707276072,-0.557329599,105.895114,0.0841077918,-0.955523446,1.17396528,-1.04100269,1.89606265,3.18023405,0,0,-0.561306974,13.4119977,-24.0894061,69.683154,-6.20029418,-6.74981535,-17.5173623,-3.97647424,-20.4604481,36.6764254,70.4831058,13.8406398,-2.25157976,18.2166148,-9.53112344,2.46246163,-1.79612759,14.7347978,-4.73838056,-2.65077806,-8.67555602,-1.79903085,-5.95546392,15.9167945,-6.81849418,0.413736575
1780,0.706357742,-0.549455266,105.898666,0.0792229885,-0.951130475,1.16950688,-1.03150435,1.86822771,3.1741285,0,0,-0.569057051,13.4368348,-24.0803817,69.7011857,-6.1810053,-6.75600734,-17.5019312,-3.97949531,-20.4392096,36.6527963,70.49665,13.8055216,-2.24735998,18.230866,-9.52733696,2.46565966,-1.78689766,14.7168225,-4.72340836,-2.65726397,-8.67304849,-1.7951846,-5.95265073,15.8965772,-6.80264942,0.441398174
1781,0.699629402,-0.530047528,105.903912,0.0624504595,-0.95190415,1.16167557,-1.02603902,1.90452397,3.18157341,0,0,-0.565716181,13.3996145,-24.0635949,69.6880376,-6.20811518,-6.72904218,-17.4481298,-3.98723563,-20.4579312,36.607642,70.5180559,13.7748241,-2.23742504,18.2659544,-9.5255594,2.47564134,-1.79174816,14.7071919,-4.72089485,-2.6630803,-8.68395203,-1.78612456,-5.94066717,15.9047,-6.77884152,0.485396678
1782,0.698272977,-0.523881707,105.901313,0.0715388755,-0.94883789,1.15675578,-1.05364814,1.8950949,3.17305595,0,0,-0.549464973,13.4012025,-24.074337,69.6840966,-6.29632195,-6.74130194,-17.4085454,-3.96673524,-20.4457341,36.5902899,70.5172636,13.765232,-2.23828864,18.1670516,-9.52798839,2.45861666,-1.78381169,14.7098198,-4.70728612,-2.6383849,-8.67840762,-1.80154585,-5.92267602,15.8848309,-6.77146534,0.479640003
1783,0.685916049,-0.521171698,105.891478,0.0741443157,-0.951493807,1.15404325,-1.025448,1.8754438,3.19452366,0,0,-0.572336982,13.4257904,-24.1063553,69.6897247,-6.3298855,-6.7583962,-17.4109035,-3.96965173,-20.423186,36.5327762,70.5288544,13.7087403,-2.2095186,18.1717559,-9.53302736,2.44993912,-1.78704152,14.7139845,-4.72609988,-2.63273398,-8.68361308,-1.80885906,-5.92157167,15.8861457,-6.77757622,0.486189407
1784,0.679804105,-0.507681072,105.894232,0.0695109301,-0.952096618,1.14890201,-1.03335672,1.90933776,3.20680348,0,0,-0.575450161,13.3966827,-24.0894557,69.6884474,-6.39305877,-6.77559504,-17.3728337,-3.96973412,-20.4565139,36.4898656,70.524285,13.5976627,-2.17724489,18.2492956,-9.53872715,2.4472269,-1.77527395,14.7211853,-4.72789963,-2.6202548,-8.68175015,-1.81086906,-5.91788336,15.8745908,-6.75165907,0.53320955
1785,0.671759993,-0.486818328,105.899179,0.043816749,-0.954087661,1.13751285,-0.984449359,1.93997543,3.22560593,0,0,-0.586388442,13.342147,-23.996408,69.7231038,-6.28198367,-6.81795886,-17.3160185,-3.97017253,-20.4470899,36.4196273,70.5484161,13.5758599,-2.16243298,18.2284976,-9.53228287,2.46962608,-1.76757366,14.7031228,-4.73412407,-2.63764638,-8.6990698,-1.79168455,-5.91146854,15.8944188,-6.73548433,0.515637501
1786,0.672430871,-0.479264185,105.899227,0.0552619894,-0.95215704,1.13042281,-0.98294469,1.93008339,3.21676617,0,0,-0.584765579,13.3697094,-24.0500967,69.7237527,-6.37139768,-6.81663039,-17.3066697,-3.96287661,-20.4527214,36.4491406,70.5516945,13.6048745,-2.16225177,18.1500119,-9.53672932,2.45048127,-1.75479555,14.7107726,-4.72493746,-2.62933233,-8.69490851,-1.8085199,-5.89691127,15.8777036,-6.73591634,0.5092755
1787,0.671273749,-0.472026318,105.890465,0.0601341196,-0.949793522,1.11823479,-0.973377622,1.92974018,3.21881074,0,0,-0.574713781,13.3663293,-24.0670492,69.7025313,-6.41816527,-6.82873391,-17.2834368,-3.95658857,-20.4571815,36.4137192,70.551032,13.5094807,-2.15255952,18.1652262,-9.53728001,2.4386405,-1.73631071,14.7125297,-4.7375746,-2.60969234,-8.69238134,-1.81944927,-5.8902561,15.8623972,-6.73861939,0.523165436
1788,0.650057802,-0.461671455,105.886877,0.0651339926,-0.954962814,1.10439391,-0.919685078,1.93971396,3.26586904,0,0,-0.628129009,13.3967458,-24.2022784,69.6678749,-6.49098191,-6.79429268,-17.3035329,-3.97296608,-20.4701265,36.344765,70.5576778,13.4751069,-2.15999823,18.1861778,-9.54465746,2.42560914,-1.72756295,14.7185949,-4.72601877,-2.58310455,-8.70943632,-1.83518603,-5.86584458,15.8748742,-6.72099494,0.518821543
1789,0.658924505,-0.451078732,105.893421,0.0599821713,-0.948288765,1.08958444,-0.883640036,1.94915499,3.24923369,0,0,-0.610449384,13.3196689,-24.0682599,69.7105772,-6.37972752,-6.83543689,-17.2608101,-3.93824268,-20.4607998,36.3507039,70.5612568,13.5781548,-2.21099179,18.166442,-9.53401774,2.42745094,-1.70859925,14.7010721,-4.72798928,-2.57068534,-8.7028486,-1.83113402,-5.86242265,15.8531491,-6.71309838,0.525433806
1790,0.658949837,-0.429314421,105.901694,0.0393359953,-0.94264444,1.0789266,-0.877634432,1.98399152,3.23973994,0,0,-0.606874848,13.3207788,-24.0739494,69.7057141,-6.33286901,-6.83449646,-17.2814595,-3.92063872,-20.4611431,36.3356433,70.5581832,13.491554,-2.19265806,18.1121812,-9.53063252,2.44205922,-1.69580022,14.6855966,-4.73669606,-2.58510729,-8.70908371,-1.81527261,-5.86404611,15.8472581,-6.68552107,0.535727542
1791,0.661317864,-0.414197985,105.907166,0.0316445795,-0.939675063,1.06150667,-0.85710267,1.9886115,3.2309228,0,0,-0.591952485,13.3277865,-24.0559553,69.6945604,-6.29298028,-6.8214747,-17.3215083,-3.89126891,-20.454738,36.2745883,70.5531016,13.45536,-2.18903401,18.1324105,-9.52591713,2.44457358,-1.67897149,14.6785444,-4.72786633,-2.57555249,-8.71391607,-1.81251919,-5.84619882,15.8445431,-6.66789918,0.56037476
1792,0.662413472,-0.412358902,105.901873,0.0578845099,-0.935673471,1.0492263,-0.853197669,1.95364947,3.22574168,0,0,-0.572722834,13.3377509,-24.0601371,69.6753539,-6.31787077,-6.80797483,-17.3383618,-3.88361056,-20.4402461,36.2830304,70.545923,13.448289,-2.17963332,18.1586931,-9.53057361,2.41215025,-1.66017502,14.6874458,-4.72310954,-2.55122613,-8.7075435,-1.84363988,-5.82773981,15.8209243,-6.67154992,0.550187532
1793,0.66329306,-0.405914895,105.898345,0.0526777065,-0.928377631,1.02792251,-0.806911558,1.91789812,3.22039663,0,0,-0.566472251,13.3600327,-24.0041995,69.675634,-6.23806086,-6.80587754,-17.3786565,-3.85607508,-20.3953444,36.2600844,70.533574,13.4953695,-2.20206644,18.1392373,-9.52213406,2.41759626,-1.64900521,14.6652204,-4.72532294,-2.55337252,-8.71158783,-1.83687692,-5.80876682,15.8059166,-6.6666309,0.549442935
1794,0.665509561,-0.392962852,105.907404,0.0491531464,-0.921737232,1.01558968,-0.787522732,1.91793718,3.20560671,0,0,-0.543810484,13.3476171,-23.9768105,69.6631006,-6.2084204,-6.77123268,-17.3539158,-3.85486656,-20.3891375,36.2897684,70.5513325,13.515726,-2.25704626,18.1268405,-9.52205381,2.41683277,-1.63196751,14.6555386,-4.71582514,-2.55258513,-8.71525137,-1.83783827,-5.80482154,15.7960163,-6.64268596,0.586623123
1795,0.66673751,-0.379212014,105.915678,0.0347895883,-0.919348738,1.00451773,-0.767574044,1.91614703,3.21916058,0,0,-0.575152568,13.3495697,-23.9540489,69.7042183,-6.16240969,-6.79781023,-17.3878243,-3.84613886,-20.3594108,36.2847106,70.5282875,13.6750206,-2.26643777,18.1642341,-9.51306528,2.43003062,-1.61306678,14.6359035,-4.72647511,-2.56482376,-8.72735361,-1.82492324,-5.80262691,15.8096288,-6.63502676,0.569477321
1796,0.665509887,-0.368505414,105.916548,0.0374516972,-0.918946092,0.988128443,-0.768678614,1.91622857,3.23107307,0,0,-0.562777652,13.3118901,-23.8845056,69.7102972,-6.09731286,-6.82911256,-17.3534189,-3.8346381,-20.3589344,36.2968342,70.4863774,13.6254496,-2.20989554,18.0681385,-9.51100085,2.42235925,-1.60106955,14.6363185,-4.72352063,-2.54630605,-8.73348542,-1.83347143,-5.79383859,15.8095844,-6.63138243,0.610549596
1797,0.667020166,-0.367893581,105.911517,0.0620584861,-0.910644063,0.981463627,-0.776730713,1.88140848,3.2249498,0,0,-0.546852853,13.3211536,-23.8984426,69.6966846,-6.09252703,-6.80378195,-17.3362034,-3.838574,-20.3458751,36.3222049,70.4875659,13.5731884,-2.18160468,18.0630585,-9.520593,2.38997348,-1.59800451,14.6397079,-4.71357288,-2.53310287,-8.73022656,-1.86326664,-5.77880108,15.7801873,-6.63742245,0.563611629
1798,0.680889795,-0.358095812,105.916142,0.0510938811,-0.903483781,0.971606426,-0.777940564,1.87597229,3.21108751,0,0,-0.523555024,13.3236107,-23.8967982,69.6971013,-6.09358657,-6.82790148,-17.3060191,-3.83278456,-20.3366714,36.3385837,70.4783042,13.5084408,-2.1663296,18.0825843,-9.50859236,2.39944268,-1.58289922,14.6210035,-4.70192357,-2.52738685,-8.72935998,-1.8548559,-5.77614541,15.773019,-6.62208355,0.642946304
1799,0.670918869,-0.347623159,105.908728,0.0534958861,-0.902595829,0.958354926,-0.750041109,1.88551043,3.23919502,0,0,-0.554266276,13.2860498,-23.8804416,69.7148871,-6.07178716,-6.84844968,-17.2706405,-3.86521985,-20.3551419,36.3317809,70.4777577,13.4171229,-2.17247229,18.1279385,-9.51173083,2.39440072,-1.56499388,14.6168729,-4.72488923,-2.53408193,-8.73764927,-1.85862233,-5.77231666,15.771735,-6.62994467,0.608114954
1800,0.67684669,-0.335558108,105.91923,0.0444884592,-0.899419131,0.944136785,-0.767288297,1.89000705,3.23952692,0,0,-0.550936345,13.2924403,-23.9158442,69.7283972,-6.15118854,-6.88043674,-17.2180378,-3.87923667,-20.3590761,36.3772528,70.4690561,13.4019889,-2.14528643,18.1291372,-9.50544279,2.40267549,-1.54273878,14.6097661,-4.72012474,-2.54665204,-8.74555521,-1.85368068,-5.75883942,15.7784285,-6.60913607,0.617784687
1801,0.67883702,-0.332277757,105.917573,0.0535523002,-0.895461508,0.938053978,-0.781482177,1.88079803,3.23770241,0,0,-0.520760943,13.2647559,-23.8201567,69.7178855,-6.05653791,-6.88564006,-17.2453449,-3.87674835,-20.3652677,36.3556797,70.4520967,13.34377,-2.12614269,18.1389966,-9.51538071,2.38609927,-1.54343321,14.6280761,-4.72644864,-2.53594294,-8.73373216,-1.86593724,-5.75599678,15.7462993,-6.61401624,0.587713232
1802,0.687814644,-0.327089173,105.919242,0.052380591,-0.890699781,0.923060866,-0.7906135,1.86917155,3.22428642,0,0,-0.505251878,13.3052572,-23.8700768,69.6959743,-6.08900095,-6.8734264,-17.2930076,-3.86497737,-20.3487369,36.3917841,70.440984,13.2864024,-2.07355152,18.1023526,-9.50118758,2.38508733,-1.53746961,14.605977,-4.72189291,-2.50360862,-8.74735582,-1.86884498,-5.7403787,15.7647374,-6.61077873,0.630644493
1803,0.685836049,-0.318455836,105.920172,0.0413971224,-0.890070533,0.91723067,-0.796886175,1.87478383,3.24010279,0,0,-0.50202392,13.2873296,-23.8340202,69.6956943,-6.06639772,-6.85530634,-17.2864677,-3.87423484,-20.3280227,36.380002,70.4413255,13.2516052,-2.05400245,18.0319368,-9.50129772,2.3931651,-1.52808685,14.6049235,-4.71991386,-2.49342032,-8.75395549,-1.86243314,-5.7370238,15.770719,-6.59329345,0.670655741
1804,0.697083538,-0.313513656,105.918229,0.054124709,-0.882711474,0.914065694,-0.818209812,1.85683474,3.22148028,0,0,-0.488657293,13.3289093,-23.9300629,69.6697532,-6.18820176,-6.84028163,-17.3070846,-3.87173115,-20.3177876,36.4366174,70.4310392,13.2935972,-2.06044673,17.958683,-9.49928196,2.37504781,-1.51988945,14.6006034,-4.71772991,-2.50226264,-8.74189594,-1.87738955,-5.73059104,15.7503428,-6.60611798,0.623184005
1805,0.701674121,-0.307139196,105.919564,0.0489386725,-0.881409844,0.911212067,-0.810415125,1.84967136,3.22685713,0,0,-0.503515516,13.3547265,-24.0188315,69.6573906,-6.28401437,-6.84955617,-17.2806569,-3.85973606,-20.2944455,36.3852305,70.4142506,13.2539283,-2.02635555,17.8795143,-9.49374182,2.37920696,-1.51294176,14.5972447,-4.71960181,-2.51063048,-8.74804567,-1.87539386,-5.74124187,15.7634243,-6.60588149,0.650341264
1806,0.700912485,-0.297507038,105.916107,0.0489756634,-0.878106748,0.902378137,-0.847227604,1.89140851,3.22723664,0,0,-0.490638795,13.3074394,-24.001797,69.6550068,-6.29112033,-6.84394987,-17.2869322,-3.85582834,-20.337129,36.3967599,70.3952286,13.2003642,-2.06134277,17.8651043,-9.50165886,2.37041993,-1.50301418,14.6098173,-4.74229852,-2.49957325,-8.745031,-1.88114082,-5.72345691,15.7470011,-6.60222093,0.625278152
1807,0.70998501,-0.294886506,105.91259,0.0510163604,-0.872430309,0.897277821,-0.86692779,1.88020572,3.2165333,0,0,-0.469835106,13.3266374,-23.9951956,69.6297351,-6.30825215,-6.83764518,-17.3011697,-3.84035497,-20.3202994,36.3754838,70.3755986,13.1434372,-2.04473772,17.8286328,-9.49309807,2.36655852,-1.49601591,14.5975059,-4.75263516,-2.4773666,-8.74481328,-1.88556828,-5.72525538,15.7451399,-6.61891989,0.607683691
1808,0.711355545,-0.289195846,105.914819,0.0514536433,-0.86949947,0.889276121,-0.856957208,1.87557187,3.22219211,0,0,-0.475300538,13.3491659,-24.0687619,69.6096339,-6.32840932,-6.8276001,-17.2821784,-3.83905296,-20.3113929,36.3555021,70.3709199,13.0934137,-2.02992262,17.8226,-9.49849136,2.3622491,-1.48103453,14.6069504,-4.74770633,-2.48794358,-8.74142124,-1.88853407,-5.71078819,15.7323401,-6.6024839,0.656651612
1809,0.7218563,-0.282210787,105.920029,0.0460330639,-0.864920007,0.882145007,-0.863127964,1.86049508,3.20775437,0,0,-0.459167738,13.3756004,-24.1201215,69.5862268,-6.39833723,-6.80218668,-17.2415814,-3.83028386,-20.2899358,36.3524149,70.3697725,13.1273717,-2.03641236,17.7611437,-9.48579489,2.36586632,-1.4790526,14.5894753,-4.74087187,-2.47307361,-8.74667622,-1.88498536,-5.71090558,15.7410776,-6.58682014,0.687188747
1810,0.730845891,-0.282711419,105.91495,0.0581576662,-0.860307364,0.872265582,-0.864328263,1.83602891,3.20350215,0,0,-0.447058186,13.3605561,-24.0843791,69.5978518,-6.35691896,-6.79336719,-17.1943387,-3.82740877,-20.269044,36.3144253,70.3758855,13.0150979,-2.00975264,17.7935751,-9.48353666,2.35397283,-1.45580338,14.5895129,-4.73805868,-2.47220042,-8.74498916,-1.89736679,-5.70118537,15.7367729,-6.59849549,0.670094812
1811,0.739706075,-0.273606624,105.910599,0.0470531708,-0.856781264,0.860434101,-0.904000403,1.85994055,3.19031583,0,0,-0.409053359,13.3523556,-24.0409272,69.5826819,-6.34775839,-6.81769974,-17.2186354,-3.8219459,-20.2815996,36.349775,70.3763089,13.0067335,-2.03153411,17.7540471,-9.47791542,2.36268282,-1.4502387,14.5894138,-4.77218103,-2.46037096,-8.74881492,-1.89148941,-5.68466826,15.7435143,-6.60106023,0.711731858
1812,0.744115561,-0.271081063,105.902469,0.056205455,-0.853878198,0.846292357,-0.914648348,1.85009846,3.19768966,0,0,-0.402272529,13.3496218,-23.9676853,69.5829961,-6.28556056,-6.81717894,-17.2501601,-3.83043284,-20.2654735,36.3193294,70.3815887,13.0060095,-2.04584827,17.7079109,-9.48265215,2.35081643,-1.43770381,14.6050533,-4.79378663,-2.44265601,-8.74462972,-1.90115797,-5.66975796,15.7306821,-6.6134408,0.679312846
1813,0.748970686,-0.270780991,105.90831,0.0618419045,-0.851077678,0.839944588,-0.892440361,1.82209106,3.20354719,0,0,-0.419774062,13.3797498,-24.0377545,69.5783311,-6.31911557,-6.77619311,-17.2432172,-3.83027404,-20.2450854,36.2528956,70.3834465,12.9365397,-2.0547574,17.7298119,-9.48500857,2.34562186,-1.42909926,14.6104303,-4.77954227,-2.44042211,-8.7466506,-1.90689298,-5.65926978,15.7304909,-6.60751518,0.681405338
1814,0.756185036,-0.25951576,105.910134,0.0511500232,-0.851061628,0.834136774,-0.898237217,1.84050888,3.21175921,0,0,-0.420050871,13.356411,-23.9918386,69.5780511,-6.28033632,-6.74562161,-17.2518387,-3.84053298,-20.2512445,36.2615153,70.3789317,12.9676418,-2.02736898,17.7400964,-9.48339152,2.35400591,-1.42483648,14.6165929,-4.79492684,-2.45024093,-8.75216598,-1.90160535,-5.64608282,15.7463625,-6.60478226,0.713213102
1815,0.767099485,-0.256669498,105.91011,0.0609717233,-0.84741593,0.82813559,-0.926420819,1.83706646,3.20106506,0,0,-0.379041908,13.321373,-23.8987738,69.5553544,-6.21283911,-6.71206361,-17.2259539,-3.84454316,-20.2499007,36.2723992,70.3942109,13.0367052,-2.06415851,17.7837738,-9.48664525,2.34030029,-1.42165596,14.6337059,-4.7998958,-2.43917304,-8.74538702,-1.91371869,-5.63354131,15.7363102,-6.6142997,0.706401109
1816,0.772092864,-0.254089013,105.905867,0.0612165976,-0.846211511,0.823162866,-0.922354188,1.83518218,3.20761969,0,0,-0.396995034,13.3350752,-23.9400487,69.5602106,-6.24359075,-6.70980495,-17.2633646,-3.85565374,-20.2545606,36.2887643,70.399033,13.0689847,-2.06458455,17.8278831,-9.48935086,2.33843991,-1.42054349,14.6441476,-4.82004102,-2.43577715,-8.74523163,-1.91611672,-5.62687889,15.7378675,-6.62772529,0.688426879
1817,0.786147825,-0.252818596,105.909431,0.0587915469,-0.840058695,0.815527932,-0.914870542,1.80873847,3.1946609,0,0,-0.379545341,13.3174175,-23.8415249,69.5945187,-6.15439062,-6.72828403,-17.2838722,-3.84116819,-20.2216408,36.2562253,70.3996409,13.0890467,-2.06629764,17.7788475,-9.48161226,2.34243643,-1.42159075,14.6351146,-4.82417456,-2.44697077,-8.74246626,-1.91238808,-5.61725899,15.7330983,-6.63059567,0.676203562
1818,0.790291838,-0.241780211,105.914104,0.0586239423,-0.840425744,0.813641921,-0.93149661,1.82088233,3.20750891,0,0,-0.391868043,13.2814992,-23.8546133,69.6056587,-6.24833475,-6.7189335,-17.2501584,-3.8510963,-20.241059,36.2709409,70.3918954,13.050924,-2.04242933,17.8029734,-9.485695,2.33833831,-1.41772839,14.6482252,-4.82644688,-2.43122334,-8.74796371,-1.91784498,-5.6171305,15.7488009,-6.63617893,0.687862855
1819,0.802873075,-0.237282412,105.916834,0.0563948269,-0.838454544,0.811394039,-0.944686239,1.81653278,3.20603103,0,0,-0.385831863,13.2908941,-23.8462821,69.598405,-6.26824176,-6.70190328,-17.269481,-3.85193556,-20.2377839,36.2905982,70.385195,13.0736335,-2.04818804,17.7973522,-9.48253262,2.33940425,-1.42149033,14.6528151,-4.83711606,-2.44760106,-8.74794322,-1.91682386,-5.61520353,15.7568247,-6.6449126,0.695307601
1820,0.806037523,-0.234113331,105.91588,0.0627013407,-0.838869728,0.799614982,-0.935381707,1.82171753,3.22655532,0,0,-0.408937379,13.273986,-23.8404235,69.601103,-6.28866317,-6.68910734,-17.3206272,-3.8716176,-20.2519549,36.2732905,70.3942928,13.082873,-2.06651642,17.8108299,-9.48850733,2.3320428,-1.40703284,14.6756706,-4.84740361,-2.45115639,-8.75062748,-1.92557803,-5.59893274,15.7625381,-6.6563711,0.684959171
1821,0.818123668,-0.234662625,105.91644,0.0654485429,-0.836070309,0.789223008,-0.912415089,1.79859585,3.22975228,0,0,-0.42484529,13.2681266,-23.8623894,69.6215867,-6.31101838,-6.70395532,-17.2903934,-3.85977704,-20.2461577,36.2564985,70.3781599,13.0888469,-2.06714843,17.8080397,-9.48341543,2.32975533,-1.4054969,14.6784471,-4.85134804,-2.42928933,-8.75887237,-1.92987251,-5.58984773,15.7804264,-6.6690458,0.695847506
1822,0.831577834,-0.230221427,105.920053,0.0557073855,-0.83264868,0.777633959,-0.913117425,1.79819308,3.2185751,0,0,-0.41138232,13.2669116,-23.8183381,69.623185,-6.27318084,-6.71767931,-17.3051978,-3.85192616,-20.2464429,36.2698618,70.3678258,13.1017611,-2.07117376,17.8137686,-9.48114012,2.34258328,-1.38658411,14.686184,-4.85535608,-2.45043965,-8.75183984,-1.91839224,-5.57123077,15.7740555,-6.66203589,0.695808873
1823,0.837799348,-0.227542548,105.921888,0.066271012,-0.830336245,0.768403942,-0.899716167,1.79126087,3.23201371,0,0,-0.443471163,13.2485777,-23.8296404,69.6386622,-6.32328369,-6.74560624,-17.2853561,-3.84607995,-20.2584384,36.2542002,70.3384697,13.1360708,-2.07781099,17.7710662,-9.48507089,2.32989279,-1.37656166,14.6999331,-4.86073529,-2.43800998,-8.74876626,-1.92905225,-5.56565734,15.767379,-6.66387364,0.702780575
1824,0.84720524,-0.219084648,105.92314,0.0592012865,-0.828501154,0.762137224,-0.911659499,1.79002684,3.22731177,0,0,-0.439761703,13.2656976,-23.8919249,69.6141076,-6.40083025,-6.74488993,-17.2269375,-3.84478862,-20.2624819,36.2564985,70.3220294,13.1651444,-2.08138809,17.8003148,-9.47805117,2.33678253,-1.36924226,14.6968476,-4.87530493,-2.45299563,-8.75527543,-1.92539938,-5.5571132,15.7880472,-6.66382454,0.71616257
1825,0.857698172,-0.218406343,105.923522,0.0624786318,-0.824452485,0.746708787,-0.908310145,1.78207181,3.22976893,0,0,-0.454499784,13.2750643,-23.91699,69.6123455,-6.47625901,-6.75282831,-17.2459493,-3.83416682,-20.2641041,36.2291743,70.3135668,13.1727703,-2.12148941,17.8350873,-9.48082337,2.33541627,-1.35162539,14.7114215,-4.87379119,-2.44240244,-8.74893957,-1.92732378,-5.53839165,15.7731949,-6.66596197,0.701161073
1826,0.863219425,-0.221477426,105.915844,0.0702416961,-0.823066409,0.745513847,-0.881277964,1.76642171,3.23841744,0,0,-0.448206832,13.2340934,-23.8032776,69.5988148,-6.33043917,-6.74792552,-17.2866265,-3.83502614,-20.2742025,36.2540806,70.2982877,13.2536218,-2.15772527,17.8177984,-9.48707812,2.32613127,-1.35200948,14.7301294,-4.89200304,-2.44047013,-8.74394756,-1.93483016,-5.54412645,15.7682942,-6.68426944,0.693361318
1827,0.87085478,-0.216711476,105.919087,0.0597660184,-0.82040876,0.734726807,-0.863609225,1.77405466,3.24144962,0,0,-0.483738596,13.2600883,-23.8748921,69.6008707,-6.3618939,-6.70859601,-17.2615478,-3.82668349,-20.2752014,36.224342,70.2889167,13.2698802,-2.1836499,17.8240036,-9.48027695,2.3372156,-1.34914731,14.7270422,-4.87950251,-2.44015488,-8.74747023,-1.92482927,-5.52928359,15.7785993,-6.67371338,0.718264667
1828,0.879645534,-0.211912603,105.922699,0.0539033757,-0.81877227,0.728044535,-0.864119622,1.77388006,3.24089061,0,0,-0.489178842,13.2778852,-23.9215764,69.5892184,-6.38850602,-6.7100995,-17.2165163,-3.82562737,-20.2838211,36.2132634,70.2659672,13.305381,-2.19215156,17.8712258,-9.47079665,2.34323684,-1.34675514,14.7197441,-4.90048443,-2.43831713,-8.75459155,-1.91983107,-5.52923151,15.7994484,-6.67042123,0.735209353
1829,0.87753199,-0.201563165,105.920959,0.046933328,-0.820457343,0.712635746,-0.878003902,1.83227658,3.27087834,0,0,-0.522541808,13.2371457,-23.9351549,69.5908713,-6.39264939,-6.71595511,-17.2348537,-3.85824665,-20.3555535,36.2536469,70.2452581,13.3375409,-2.1901151,17.9373557,-9.47268605,2.34740368,-1.33791144,14.7313776,-4.90800831,-2.439255,-8.76494868,-1.91626101,-5.51082671,15.8161927,-6.6689173,0.750235396
1830,0.900963694,-0.210085488,105.915284,0.0581176665,-0.808926332,0.710869734,-0.88032686,1.79497009,3.22601019,0,0,-0.47388893,13.2592943,-23.8897221,69.5671774,-6.31719543,-6.70847776,-17.2551872,-3.82797184,-20.3362138,36.2679254,70.248318,13.3886324,-2.22558491,17.9375743,-9.46874162,2.33832807,-1.33758263,14.7310993,-4.92444217,-2.42947011,-8.75204389,-1.92499277,-5.5009652,15.7946417,-6.69826577,0.69717235
1831,0.904708356,-0.214829249,105.910897,0.0656879177,-0.808457025,0.703737043,-0.818676346,1.77103561,3.25002812,0,0,-0.506687018,13.2768974,-23.9020455,69.5551153,-6.24030031,-6.69920663,-17.320173,-3.84120789,-20.3272509,36.2628403,70.2465558,13.439607,-2.22046142,17.8870941,-9.48013864,2.33275485,-1.33004957,14.7596853,-4.92264028,-2.42713611,-8.74758207,-1.93126374,-5.50145527,15.7887353,-6.68857843,0.751767759
1832,0.913276523,-0.213094614,105.905759,0.0597053991,-0.804619211,0.705054375,-0.801530223,1.78302195,3.24501391,0,0,-0.512876557,13.2799086,-23.9255448,69.5473562,-6.24710873,-6.70999364,-17.3310364,-3.84454529,-20.356858,36.2701077,70.2550048,13.4309839,-2.20905628,18.013987,-9.47585014,2.33833148,-1.32918171,14.7564171,-4.93900072,-2.42044316,-8.7462869,-1.92552211,-5.49645941,15.7914503,-6.69216428,0.783477606
1833,0.935483817,-0.218227901,105.912781,0.0641615756,-0.797025353,0.703538877,-0.807927922,1.75353069,3.21360272,0,0,-0.458122185,13.2473073,-23.7509754,69.5509079,-6.04079988,-6.71898131,-17.3461858,-3.81858331,-20.350967,36.2987057,70.2312152,13.5655642,-2.20208244,18.0132767,-9.45922802,2.33749436,-1.31734296,14.7342224,-4.93324116,-2.41457454,-8.74688966,-1.92808663,-5.50352908,15.8009221,-6.69341164,0.802570066
1834,0.946434587,-0.214917772,105.913198,0.0563879406,-0.789659505,0.69776024,-0.836499564,1.77882587,3.21059146,0,0,-0.441910891,13.1872844,-23.6014062,69.5640765,-5.941614,-6.7338835,-17.3412851,-3.84358565,-20.3880532,36.3737285,70.2423006,13.6327041,-2.20647276,18.0668629,-9.45870124,2.34589955,-1.31247816,14.7330322,-4.95751949,-2.41743617,-8.74299048,-1.91889981,-5.49802267,15.7890341,-6.69666153,0.766453146
1835,0.93943635,-0.210975204,105.9062,0.0569348888,-0.792209332,0.705007624,-0.835242916,1.81839486,3.26022303,0,0,-0.48867138,13.1359598,-23.5696168,69.554726,-5.94585811,-6.71677943,-17.3821928,-3.86868702,-20.4399661,36.3562944,70.2295009,13.6300395,-2.22270257,18.0833698,-9.47537203,2.33968962,-1.3204,14.7618727,-4.96748389,-2.40366011,-8.74679148,-1.92623629,-5.49264689,15.7977614,-6.71004572,0.767130349
1836,0.965811685,-0.218840456,105.905449,0.0614209545,-0.779609899,0.712628207,-0.847274454,1.77138128,3.21606437,0,0,-0.464931564,13.2003788,-23.5884015,69.5638579,-5.97277717,-6.75354975,-17.4555627,-3.83168191,-20.4017887,36.2922853,70.2284558,13.5636612,-2.20881786,18.1454818,-9.46150247,2.33857844,-1.32285151,14.7376716,-4.96495287,-2.41430048,-8.73297998,-1.92726637,-5.50787351,15.7803273,-6.72254539,0.767049827
1837,0.981549174,-0.219568308,105.907583,0.063477299,-0.771469607,0.717897286,-0.878419797,1.75927584,3.21033619,0,0,-0.443244539,13.1857391,-23.5368336,69.5470967,-5.97624349,-6.7443307,-17.4196052,-3.83203153,-20.4087111,36.3495359,70.2006775,13.609887,-2.21091644,18.1509391,-9.46030036,2.33743374,-1.32190019,14.732479,-4.95879162,-2.42465035,-8.72804602,-1.92840872,-5.51507253,15.7743082,-6.71619331,0.781474493
1838,0.983580854,-0.212652958,105.913949,0.0479071099,-0.77384073,0.72358864,-0.878050113,1.77031524,3.23872224,0,0,-0.459131186,13.1742584,-23.5125574,69.5373431,-5.98084789,-6.72082119,-17.3841462,-3.84866688,-20.4078881,36.3186157,70.1897218,13.6326358,-2.2029614,18.1131187,-9.45814117,2.35176924,-1.33500327,14.7320026,-4.96692466,-2.42124059,-8.74609394,-1.91650114,-5.51710238,15.816903,-6.71677815,0.772275989
1839,0.994615536,-0.213614036,105.916965,0.0430651331,-0.767334477,0.71379576,-0.873325436,1.75378362,3.23876962,0,0,-0.460235755,13.1968416,-23.5273926,69.5234574,-6.00131541,-6.67106113,-17.3682883,-3.85939796,-20.3990344,36.3773211,70.1795995,13.7321115,-2.21090769,18.1187707,-9.44969137,2.3610472,-1.33331931,14.7194675,-4.97269575,-2.42219553,-8.74917351,-1.90822145,-5.50365715,15.8181376,-6.73098409,0.786584062
1840,1.00377928,-0.222146441,105.91774,0.0540761704,-0.763377904,0.717530934,-0.875784251,1.71833846,3.24871417,0,0,-0.465996326,13.209369,-23.4999267,69.5174195,-5.97778626,-6.66597648,-17.3494933,-3.8563692,-20.377463,36.354078,70.1630704,13.7616222,-2.21588562,18.1517861,-9.45759646,2.35068559,-1.33395665,14.7367171,-4.9800557,-2.42809831,-8.7449866,-1.91759311,-5.50982012,15.8124361,-6.74432515,0.770495391
1841,1.0164272,-0.226609549,105.914891,0.0589555107,-0.759075773,0.715252448,-0.864696559,1.69719518,3.2491577,0,0,-0.47124602,13.241657,-23.5712236,69.5066688,-6.07965042,-6.65546098,-17.3200176,-3.84581357,-20.3571363,36.313213,70.1391033,13.7734197,-2.21818483,18.1059384,-9.45622103,2.34957077,-1.32993666,14.7434688,-4.98397196,-2.42419208,-8.74092691,-1.91892884,-5.51029183,15.8133052,-6.76265824,0.752371911
1842,1.02827596,-0.228376291,105.921721,0.0664578338,-0.755729823,0.707775978,-0.837175593,1.65417129,3.2483893,0,0,-0.483977066,13.2774557,-23.6464257,69.5144825,-6.15845799,-6.64988541,-17.2514357,-3.84056286,-20.3287211,36.2602483,70.1333113,13.7765889,-2.28298198,18.1984055,-9.45440676,2.34489807,-1.32402812,14.7472902,-4.97131477,-2.4374275,-8.74324319,-1.92585273,-5.4959194,15.8221452,-6.76487506,0.780400072
1843,1.04340101,-0.218014652,105.924273,0.0497225253,-0.751460648,0.707414316,-0.851144717,1.68915978,3.23970258,0,0,-0.457729876,13.230499,-23.5863815,69.5189699,-6.15507534,-6.6387236,-17.2051219,-3.84574143,-20.3525704,36.2950788,70.135094,13.8311604,-2.31026432,18.1761152,-9.44897334,2.36094731,-1.32453131,14.7448314,-4.98858021,-2.45392304,-8.74347201,-1.91042355,-5.51158358,15.8303875,-6.76372289,0.786590518
1844,1.05759837,-0.225801067,105.924106,0.0703537151,-0.747311051,0.711994014,-0.856651557,1.66068398,3.23790368,0,0,-0.457355443,13.2299202,-23.6205119,69.5374388,-6.22015253,-6.65275793,-17.1606386,-3.86736154,-20.3617997,36.3697499,70.1499838,13.8744535,-2.32995404,18.2630311,-9.45201961,2.33915409,-1.32852345,14.7580615,-4.99333743,-2.45742971,-8.73635409,-1.93114698,-5.5106773,15.8266155,-6.79006095,0.76625934
1845,1.0710638,-0.223439885,105.925226,0.0542702379,-0.741787774,0.703207523,-0.85269469,1.68214785,3.22831559,0,0,-0.447100981,13.2382308,-23.6342679,69.5290171,-6.24588911,-6.65262432,-17.1706175,-3.85968569,-20.377031,36.3829492,70.1422042,13.9059373,-2.34581801,18.278954,-9.44584512,2.35827243,-1.31920814,14.7580393,-5.01476203,-2.46041023,-8.73246345,-1.91274517,-5.50397347,15.8230126,-6.78352489,0.771710151
1846,1.08263772,-0.23241064,105.92618,0.0682041358,-0.737741513,0.710362007,-0.839559276,1.64007292,3.23956854,0,0,-0.477701456,13.2478896,-23.6324443,69.5687279,-6.23197559,-6.69800836,-17.1665228,-3.88493775,-20.3542745,36.427284,70.162203,13.9355359,-2.34395209,18.291875,-9.44907324,2.34616934,-1.32659403,14.7641694,-5.0064023,-2.46077223,-8.72760633,-1.92407923,-5.51757238,15.822736,-6.79527367,0.752142779
1847,1.09475851,-0.226882566,105.93189,0.0560826626,-0.735075486,0.710936147,-0.824122088,1.65208808,3.23846781,0,0,-0.471068489,13.2470119,-23.6406064,69.556092,-6.2142188,-6.71290927,-17.1641493,-3.88799639,-20.3647332,36.4689003,70.1686849,13.9756812,-2.3365074,18.2954403,-9.44357493,2.35900945,-1.32305428,14.7612238,-5.00492101,-2.46012187,-8.73031792,-1.91429733,-5.50759262,15.8363041,-6.7855001,0.748620483
1848,1.10907592,-0.229494413,105.928373,0.066349527,-0.73062751,0.706833624,-0.823809179,1.63058878,3.23889555,0,0,-0.464600993,13.243082,-23.5893202,69.566631,-6.12061192,-6.71061433,-17.1776372,-3.89723807,-20.3551539,36.4690369,70.1754399,13.9960446,-2.35124759,18.3041044,-9.4440889,2.34937825,-1.31880921,14.773233,-5.03515356,-2.45923031,-8.72355603,-1.92342908,-5.50948885,15.8294142,-6.79938459,0.763322038
1849,1.12219658,-0.234731496,105.924511,0.0701475611,-0.726152357,0.717486184,-0.803616045,1.6126765,3.2339379,0,0,-0.470897894,13.2540401,-23.6335508,69.5769378,-6.12614736,-6.69868754,-17.1566139,-3.87569266,-20.3395828,36.4320173,70.1585625,14.0592648,-2.33427691,18.2552327,-9.44063112,2.34545687,-1.33012299,14.7691912,-5.03038779,-2.44931373,-8.72284142,-1.92855493,-5.51334321,15.8388262,-6.82158783,0.75494241
1850,1.13573056,-0.231380691,105.920863,0.0612165664,-0.720121123,0.72363485,-0.830587875,1.63805086,3.23081245,0,0,-0.460099792,13.2602983,-23.6473785,69.5560852,-6.13943976,-6.67389779,-17.1751425,-3.8714366,-20.3524611,36.4082619,70.1466712,14.0851563,-2.35767223,18.2264742,-9.44229257,2.35353228,-1.33400393,14.7760846,-5.04579969,-2.45199522,-8.71415,-1.92121162,-5.52360045,15.8317194,-6.8231592,0.778448773
1851,1.14451014,-0.231331028,105.920982,0.0558403452,-0.717615223,0.720966392,-0.810229002,1.6274994,3.23603136,0,0,-0.478905597,13.2702413,-23.6879754,69.5909465,-6.16655945,-6.7111966,-17.1713466,-3.8653906,-20.3504428,36.4086615,70.1178478,14.1555107,-2.39378686,18.2623737,-9.44144904,2.36212445,-1.32969184,14.7826074,-5.05224013,-2.4683849,-8.71363945,-1.9127838,-5.51477926,15.8378119,-6.82226103,0.748683609
1852,1.15441605,-0.23022329,105.923188,0.0538158999,-0.715223091,0.720962818,-0.814559022,1.62686985,3.23755406,0,0,-0.460456029,13.2822446,-23.7073236,69.5560169,-6.17648841,-6.67000074,-17.1445586,-3.88080292,-20.3550429,36.4469754,70.1013938,14.3672636,-2.42820269,18.2448167,-9.44625407,2.36609642,-1.32086264,14.7973487,-5.06061394,-2.48701467,-8.70704063,-1.90824707,-5.51596985,15.8333416,-6.83116674,0.743830599
1853,1.16603253,-0.231642742,105.928934,0.042959802,-0.713848502,0.726411648,-0.80374806,1.63224072,3.24961404,0,0,-0.468566132,13.2932096,-23.7327661,69.5542615,-6.15797604,-6.6665912,-17.1457744,-3.88523572,-20.3376105,36.3641355,70.1101296,14.2857727,-2.38720533,18.2758957,-9.43748753,2.38011687,-1.33172008,14.7911093,-5.05747803,-2.49033905,-8.71891065,-1.89861714,-5.53695731,15.8652163,-6.8254328,0.821551482
1854,1.17758866,-0.244426099,105.918717,0.0630154858,-0.708236013,0.741753381,-0.82439172,1.59925048,3.24981745,0,0,-0.453948139,13.3031398,-23.7018868,69.5275145,-6.15767252,-6.6096509,-17.1478695,-3.88172585,-20.3124772,36.329199,70.1232914,14.16634,-2.38980059,18.1686293,-9.4467245,2.35719924,-1.34350024,14.8075701,-5.07221331,-2.47284587,-8.70634224,-1.91893396,-5.53096339,15.8537706,-6.85975279,0.758765982
1855,1.19283395,-0.246037869,105.914044,0.0609558443,-0.70191426,0.746684007,-0.820025041,1.59412538,3.24867809,0,0,-0.472528655,13.3556699,-23.8259452,69.5058082,-6.28706576,-6.56179262,-17.1479242,-3.88633708,-20.3206392,36.3372689,70.1079167,14.1178243,-2.34997909,18.1434413,-9.4424821,2.36100686,-1.34712483,14.80694,-5.08757611,-2.46997143,-8.69674327,-1.91518077,-5.5484649,15.8459996,-6.86930822,0.789766183
1856,1.20904073,-0.242834771,105.915797,0.0578515444,-0.697621673,0.756713908,-0.846000678,1.60008547,3.23283056,0,0,-0.447810361,13.3438938,-23.7877867,69.4954673,-6.29633988,-6.52255702,-17.1447276,-3.89244669,-20.3419819,36.3717955,70.1108673,14.1558018,-2.34632601,18.1925879,-9.43676097,2.3629509,-1.3498076,14.8051949,-5.08741731,-2.4793243,-8.69557104,-1.91366554,-5.55200635,15.8611302,-6.88415492,0.780295592
1857,1.22711323,-0.245983899,105.921066,0.0562238231,-0.692543493,0.767303785,-0.850167627,1.58159284,3.22513593,0,0,-0.439677259,13.3342974,-23.7378802,69.5106917,-6.2651908,-6.55142354,-17.1443383,-3.90251695,-20.3301861,36.3306675,70.1375255,14.0844187,-2.32600022,18.2309019,-9.43580218,2.36609471,-1.36101316,14.8098941,-5.07903197,-2.48565674,-8.69101445,-1.91129376,-5.55188298,15.8694937,-6.88260319,0.787308862
1858,1.24545665,-0.257184543,105.914974,0.0693450283,-0.688602731,0.774525552,-0.842185323,1.53545801,3.20651704,0,0,-0.432918707,13.401013,-23.791685,69.5003713,-6.31648125,-6.54771304,-17.1773418,-3.88000166,-20.3081946,36.2985383,70.1263787,14.004876,-2.32866591,18.1407058,-9.44057648,2.35400143,-1.36525791,14.8312999,-5.09918359,-2.49170637,-8.68374969,-1.9251981,-5.57127175,15.8713242,-6.91357169,0.783736726
1859,1.26274889,-0.262792176,105.910349,0.0649995666,-0.683971213,0.769190291,-0.832149854,1.52753392,3.20754712,0,0,-0.425229835,13.416503,-23.7846397,69.4761037,-6.34189468,-6.545804,-17.2174401,-3.87353176,-20.2944011,36.2621642,70.1184352,13.996649,-2.31963683,18.1671028,-9.43647495,2.36348579,-1.35957925,14.8384733,-5.12134457,-2.48262798,-8.6801886,-1.91768297,-5.56225377,15.8753079,-6.93142794,0.817261162
1860,1.28083061,-0.26097782,105.909419,0.0692006665,-0.678497769,0.773604494,-0.855087871,1.53117089,3.21039723,0,0,-0.430778724,13.4060426,-23.7674822,69.4844638,-6.40764251,-6.58231179,-17.2171174,-3.86764371,-20.3109421,36.2286245,70.0911007,14.0277409,-2.33106395,18.1752666,-9.4375157,2.35475809,-1.36163151,14.8497909,-5.12953823,-2.4602288,-8.67412509,-1.92449865,-5.57142714,15.8797544,-6.94002587,0.811023759
1861,1.29708713,-0.260001095,105.917811,0.0672085827,-0.674613635,0.769189964,-0.831935664,1.51739931,3.21252419,0,0,-0.413769792,13.3924164,-23.7151715,69.4688295,-6.32619506,-6.57642971,-17.2123089,-3.84003352,-20.2788812,36.1358808,70.0668194,14.0360268,-2.37098726,18.2205354,-9.427991,2.35993046,-1.35954222,14.8444565,-5.13435394,-2.46580202,-8.68120885,-1.92198727,-5.57583987,15.8996951,-6.94171762,0.819656318
1862,1.31436121,-0.260826643,105.917048,0.0679064889,-0.66893899,0.761991822,-0.833932961,1.50907064,3.21087791,0,0,-0.426884475,13.4051376,-23.7320933,69.4922297,-6.3318385,-6.60241303,-17.2617834,-3.83238158,-20.2698602,36.1017128,70.0531454,14.1092336,-2.40383663,18.2772891,-9.42570972,2.36293489,-1.35429194,14.854222,-5.14723525,-2.48118318,-8.67640467,-1.91926672,-5.55967025,15.9028421,-6.96180435,0.801937953
1863,1.33358035,-0.265909592,105.915523,0.0729076858,-0.663954689,0.751611609,-0.812568502,1.48688042,3.20604619,0,0,-0.401804047,13.3948641,-23.6780375,69.4816498,-6.26882531,-6.60775253,-17.2461423,-3.8224095,-20.2363718,36.1148165,70.0550715,14.1649193,-2.42437949,18.2738706,-9.42157319,2.36177931,-1.34864881,14.8641462,-5.16459717,-2.48831732,-8.67155182,-1.92198599,-5.55087894,15.9027585,-6.97012481,0.799163456
1864,1.34619297,-0.266538491,105.908632,0.0735465677,-0.659572189,0.742319034,-0.782976708,1.48008204,3.21347765,0,0,-0.39846187,13.3749328,-23.6334005,69.4824899,-6.2385552,-6.6512984,-17.2576187,-3.82338024,-20.2509406,36.1250447,70.0470528,14.2151092,-2.43996064,18.2797138,-9.41625845,2.36255987,-1.34217027,14.8649403,-5.18262716,-2.49021632,-8.67446404,-1.92131514,-5.55091822,15.9130977,-6.98899107,0.804125588
1865,1.36622582,-0.26057004,105.915165,0.0607362758,-0.652517871,0.725227622,-0.797042255,1.4864037,3.20398731,0,0,-0.39316722,13.3611623,-23.6094043,69.520575,-6.23264666,-6.68974084,-17.2215638,-3.83182107,-20.2476416,36.1697927,70.0492931,14.1784747,-2.42616452,18.2161692,-9.40415279,2.3811668,-1.32260584,14.8576832,-5.18415883,-2.49448925,-8.67445551,-1.90570709,-5.52921017,15.9172094,-6.97828347,0.791707717
1866,1.37782125,-0.259678881,105.923522,0.0642730581,-0.649632383,0.715689939,-0.749665555,1.47131527,3.21830424,0,0,-0.413559096,13.3552533,-23.6414875,69.5323093,-6.24631941,-6.70273784,-17.2300469,-3.87155357,-20.2529247,36.2415745,70.0706443,14.256758,-2.4065115,18.2127131,-9.40525757,2.37989148,-1.32328,14.8683417,-5.19259326,-2.50609672,-8.68162635,-1.90717067,-5.52190485,15.9332689,-6.98614843,0.794643044
1867,1.39699988,-0.264943717,105.924678,0.0747935997,-0.64336018,0.71174427,-0.772542633,1.4649298,3.20680242,0,0,-0.386082899,13.3192343,-23.5422294,69.5351985,-6.17449741,-6.72759076,-17.2680074,-3.88294974,-20.2576205,36.3026842,70.0924873,14.2736883,-2.39826853,18.206583,-9.41110848,2.37039559,-1.31417034,14.8907942,-5.19756137,-2.51875499,-8.67093369,-1.9152288,-5.51877834,15.9194293,-7.00522002,0.781598504
1868,1.41791562,-0.26881739,105.922747,0.0831453573,-0.634519774,0.702485265,-0.765673971,1.45692631,3.19157771,0,0,-0.358337097,13.3056601,-23.5015949,69.5277126,-6.14243522,-6.73790947,-17.266305,-3.86770646,-20.2706149,36.3129773,70.0745512,14.265294,-2.38443163,18.2101022,-9.40105018,2.36375878,-1.31296886,14.8827653,-5.2056974,-2.49885288,-8.6720675,-1.92401605,-5.51881889,15.9256191,-7.02026821,0.793933985
1869,1.43130887,-0.268633035,105.920124,0.077901501,-0.631786958,0.697905931,-0.735341421,1.47270949,3.20274016,0,0,-0.375148994,13.2935135,-23.5424121,69.532685,-6.18650232,-6.7356077,-17.2520948,-3.85128925,-20.2755702,36.2329002,70.070173,14.2162191,-2.38655411,18.2102918,-9.40060451,2.37189589,-1.31532902,14.894363,-5.2243895,-2.49694022,-8.67611353,-1.91788553,-5.50896293,15.9440248,-7.02762475,0.773443578
1870,1.46479132,-0.265278504,105.922318,0.0661453024,-0.620908283,0.693525301,-0.745937072,1.46081407,3.17087904,0,0,-0.344402764,13.3279249,-23.5714234,69.5164154,-6.27169997,-6.69400587,-17.2036363,-3.81752335,-20.2616845,36.236469,70.0531181,14.2358056,-2.39640517,18.2180697,-9.38913491,2.3904597,-1.29679049,14.89222,-5.2511156,-2.5159354,-8.66523646,-1.90169755,-5.51312678,15.9427151,-7.03669226,0.785679755
1871,1.47979092,-0.268889708,105.923975,0.0790860471,-0.615666398,0.686587442,-0.699821396,1.43726539,3.18816859,0,0,-0.364159566,13.3121608,-23.5350031,69.526811,-6.17413157,-6.7033453,-17.17894,-3.79146319,-20.2459562,36.1530553,70.0152242,14.2406601,-2.39140291,18.1354261,-9.39740798,2.3778358,-1.29352588,14.9146401,-5.25009278,-2.52919536,-8.66452783,-1.91319767,-5.50799389,15.9458399,-7.05414339,0.808743009
1872,1.4969239,-0.277023157,105.922306,0.0872322309,-0.611537971,0.685556386,-0.677242338,1.42185062,3.20472476,0,0,-0.384633912,13.3314424,-23.5832533,69.5024341,-6.22632233,-6.65220767,-17.1695912,-3.77941047,-20.2232322,36.0982089,70.0194862,14.3146746,-2.46973322,18.1956154,-9.40665776,2.37207134,-1.29068548,14.9488969,-5.27826176,-2.53581018,-8.6625761,-1.91953225,-5.49331368,15.9538056,-7.08536162,0.776632102
1873,1.51352929,-0.283760764,105.921447,0.0882604072,-0.606645508,0.687365112,-0.667577033,1.41642819,3.20470662,0,0,-0.365856388,13.3386295,-23.5408634,69.4730164,-6.19644836,-6.65600569,-17.1641544,-3.7534105,-20.1985564,36.0128691,70.0134551,14.3185191,-2.52052251,18.2336254,-9.4008299,2.3730773,-1.29305246,14.9490745,-5.29642836,-2.52431113,-8.66260683,-1.92060736,-5.49895371,15.9709357,-7.09597317,0.804283856
1874,1.53519353,-0.284598349,105.921233,0.0839026708,-0.600438335,0.682014846,-0.646099343,1.42180836,3.19223021,0,0,-0.354654611,13.357637,-23.5527633,69.4605377,-6.22247352,-6.63364834,-17.1808798,-3.72666135,-20.1723644,35.9950355,70.0159482,14.3569227,-2.53050334,18.1680266,-9.39717917,2.38090085,-1.28061373,14.9594991,-5.32481121,-2.52251501,-8.65662786,-1.91279832,-5.48801687,15.9735841,-7.10305992,0.80288212
1875,1.55751221,-0.287022092,105.919898,0.0922390459,-0.595273987,0.685953452,-0.661739356,1.41061848,3.1838374,0,0,-0.337631005,13.3804021,-23.5370897,69.4367618,-6.2674819,-6.63123259,-17.1883708,-3.74203824,-20.1928174,36.0684395,70.0102176,14.3935086,-2.50761943,18.1981204,-9.40277394,2.37278445,-1.28339745,14.9866354,-5.32800048,-2.54912521,-8.64256279,-1.92022999,-5.50899195,15.9659941,-7.1310479,0.76660181
1876,1.57697126,-0.286136614,105.922282,0.100244554,-0.588788003,0.679040706,-0.67294807,1.4105553,3.18414924,0,0,-0.328385997,13.342293,-23.4223391,69.4516038,-6.23218903,-6.64514014,-17.1820631,-3.77992359,-20.2034503,36.1344635,70.0285499,14.3964917,-2.48080368,18.2552378,-9.39571238,2.36518096,-1.28502432,14.9855938,-5.32069815,-2.52780243,-8.65269367,-1.93029684,-5.50638666,15.9951829,-7.14681155,0.766928538
1877,1.59539171,-0.290939538,105.917227,0.108440716,-0.5833116,0.677180347,-0.669023753,1.3975455,3.17190805,0,0,-0.310848846,13.3488372,-23.4214512,69.4413858,-6.26458633,-6.64257284,-17.1671699,-3.801142,-20.2288756,36.1627747,70.0374291,14.3351344,-2.42700868,18.3175394,-9.39965169,2.35704385,-1.28948166,15.0068443,-5.33345396,-2.53952303,-8.64511643,-1.93940575,-5.49838424,15.9891826,-7.17079021,0.728578733
1878,1.61529426,-0.297681289,105.915654,0.110138389,-0.576688077,0.674190554,-0.638983887,1.37312202,3.16592245,0,0,-0.322746529,13.3825911,-23.4762259,69.4544725,-6.32841231,-6.66043378,-17.198278,-3.79840267,-20.2206487,36.1521469,70.0417799,14.2855413,-2.40819749,18.3145205,-9.39713989,2.35895994,-1.28483553,15.017583,-5.33807714,-2.53607208,-8.63679128,-1.93762371,-5.49719408,15.9887898,-7.17065617,0.761241819
1879,1.64069831,-0.28929722,105.922341,0.094231918,-0.567509629,0.670759019,-0.644303591,1.41511456,3.14728458,0,0,-0.323873456,13.3679873,-23.5130697,69.4828929,-6.3900838,-6.70930677,-17.212898,-3.78229836,-20.2607351,36.1430422,70.0194999,14.317189,-2.39264429,18.3578307,-9.37972376,2.37463821,-1.28219182,14.9971642,-5.33980134,-2.52865321,-8.6409022,-1.92443824,-5.49568333,16.0076633,-7.15937697,0.84370376
1880,1.64069831,-0.28929722,105.922341,0.094231918,-0.567509629,0.670759019,-0.644303591,1.41511456,3.14728458,0,0,-0.323873456,13.3679873,-23.5130697,69.4828929,-6.3900838,-6.70930677,-17.212898,-3.78229836,-20.2607351,36.1430422,70.0194999,14.317189,-2.39264429,18.3578307,-9.37972376,2.37463821,-1.28219182,14.9971642,-5.33980134,-2.52865321,-8.6409022,-1.92443824,-5.49568333,16.0076633,-7.15937697,0.84370376
1881,1.64069831,-0.28929722,105.922341,0.094231918,-0.567509629,0.670759019,-0.644303591,1.41511456,3.14728458,0,0,-0.323873456,13.3679873,-23.5130697,69.4828929,-6.3900838,-6.70930677,-17.212898,-3.78229836,-20.2607351,36.1430422,70.0194999,14.317189,-2.39264429,18.3578307,-9.37972376,2.37463821,-1.28219182,14.9971642,-5.33980134,-2.52865321,-8.6409022,-1.92443824,-5.49568333,16.0076633,-7.15937697,0.84370376
1882,1.64069831,-0.28929722,105.922341,0.094231918,-0.567509629,0.670759019,-0.644303591,1.41511456,3.14728458,0,0,-0.323873456,13.3679873,-23.5130697,69.4828929,-6.3900838,-6.70930677,-17.212898,-3.78229836,-20.2607351,36.1430422,70.0194999,14.317189,-2.39264429,18.3578307,-9.37972376,2.37463821,-1.28219182,14.9971642,-5.33980134,-2.52865321,-8.6409022,-1.92443824,-5.49568333,16.0076633,-7.15937697,0.84370376
1883,1.64069831,-0.28929722,105.922341,0.094231918,-0.567509629,0.670759019,-0.644303591,1.41511456,3.14728458,0,0,-0.323873456,13.3679873,-23.5130697,69.4828929,-6.3900838,-6.70930677,-17.212898,-3.78229836,-20.2607351,36.1430422,70.0194999,14.317189,-2.39264429,18.3578307,-9.37972376,2.37463821,-1.28219182,14.9971642,-5.33980134,-2.52865321,-8.6409022,-1.92443824,-5.49568333,16.0076633,-7.15937697,0.84370376
1884,1.64069831,-0.28929722,105.922341,0.094231918,-0.567509629,0.670759019,-0.644303591,1.41511456,3.14728458,0,0,-0.323873456,13.3679873,-23.5130697,69.4828929,-6.3900838,-6.70930677,-17.212898,-3.78229836,-20.2607351,36.1430422,70.0194999,14.317189,-2.39264429,18.3578307,-9.37972376,2.37463821,-1.28219182,14.9971642,-5.33980134,-2.52865321,-8.6409022,-1.92443824,-5.49568333,16.0076633,-7.15937697,0.84370376
1885,1.64069831,-0.28929722,105.922341,0.094231918,-0.567509629,0.670759019,-0.644303591,1.41511456,3.14728458,0,0,-0.323873456,13.3679873,-23.5130697,69.4828929,-6.3900838,-6.70930677,-17.212898,-3.78229836,-20.2607351,36.1430422,70.0194999,14.317189,-2.39264429,18.3578307,-9.37972376,2.37463821,-1.28219182,14.9971642,-5.33980134,-2.52865321,-8.6409022,-1.92443824,-5.49568333,16.0076633,-7.15937697,0.84370376
1886,1.64069831,-0.28929722,105.922341,0.094231918,-0.567509629,0.670759019,-0.644303591,1.41511456,3.14728458,0,0,-0.323873456,13.3679873,-23.5130697,69.4828929,-6.3900838,-6.70930677,-17.212898,-3.78229836,-20.2607351,36.1430422,70.0194999,14.317189,-2.39264429,18.3578307,-9.37972376,2.37463821,-1.28219182,14.9971642,-5.33980134,-2.52865321,-8.6409022,-1.92443824,-5.49568333,16.0076633,-7.15937697,0.84370376
1887,1.64069831,-0.28929722,105.922341,0.094231918,-0.567509629,0.670759019,-0.644303591,1.41511456,3.14728458,0,0,-0.323873456,13.3679873,-23.5130697,69.4828929,-6.3900838,-6.70930677,-17.212898,-3.78229836,-20.2607351,36.1430422,70.0194999,14.317189,-2.39264429,18.3578307,-9.37972376,2.37463821,-1.28219182,14.9971642,-5.33980134,-2.52865321,-8.6409022,-1.92443824,-5.49568333,16.0076633,-7.15937697,0.84370376
1888,1.64069831,-0.28929722,105.922341,0.094231918,-0.567509629,0.670759019,-0.644303591,1.41511456,3.14728458,0,0,-0.323873456,13.3679873,-23.5130697,69.4828929,-6.3900838,-6.70930677,-17.212898,-3.78229836,-20.2607351,36.1430422,70.0194999,14.317189,-2.39264429,18.3578307,-9.37972376,2.37463821,-1.28219182,14.9971642,-5.33980134,-2.52865321,-8.6409022,-1.92443824,-5.49568333,16.0076633,-7.15937697,0.84370376
1889,1.64069831,-0.28929722,105.922341,0.094231918,-0.567509629,0.670759019,-0.644303591,1.41511456,3.14728458,0,0,-0.323873456,13.3679873,-23.5130697,69.4828929,-6.3900838,-6.70930677,-17.212898,-3.78229836,-20.2607351,36.1430422,70.0194999,14.317189,-2.39264429,18.3578307,-9.37972376,2.37463821,-1.28219182,14.9971642,-5.33980134,-2.52865321,-8.6409022,-1.92443824,-5.49568333,16.0076633,-7.15937697,0.84370376
1890,1.64069831,-0.28929722,105.922341,0.094231918,-0.567509629,0.670759019,-0.644303591,1.41511456,3.14728458,0,0,-0.323873456,13.3679873,-23.5130697,69.4828929,-6.3900838,-6.70930677,-17.212898,-3.78229836,-20.2607351,36.1430422,70.0194999,14.317189,-2.39264429,18.3578307,-9.37972376,2.37463821,-1.28219182,14.9971642,-5.33980134,-2.52865321,-8.6409022,-1.92443824,-5.49568333,16.0076633,-7.15937697,0.84370376
1891,1.64069831,-0.28929722,105.922341,0.094231918,-0.567509629,0.670759019,-0.644303591,1.41511456,3.14728458,0,0,-0.323873456,13.3679873,-23.5130697,69.4828929,-6.3900838,-6.70930677,-17.212898,-3.78229836,-20.2607351,36.1430422,70.0194999,14.317189,-2.39264429,18.3578307,-9.37972376,2.37463821,-1.28219182,14.9971642,-5.33980134,-2.52865321,-8.6409022,-1.92443824,-5.49568333,16.0076633,-7.15937697,0.84370376
1892,1.64069831,-0.28929722,105.922341,0.094231918,-0.567509629,0.670759019,-0.644303591,1.41511456,3.14728458,0,0,-0.323873456,13.3679873,-23.5130697,69.4828929,-6.3900838,-6.70930677,-17.212898,-3.78229836,-20.2607351,36.1430422,70.0194999,14.317189,-2.39264429,18.3578307,-9.37972376,2.37463821,-1.28219182,14.9971642,-5.33980134,-2.52865321,-8.6409022,-1.92443824,-5.49568333,16.0076633,-7.15937697,0.84370376
1893,1.64069831,-0.28929722,105.922341,0.094231918,-0.567509629,0.670759019,-0.644303591,1.41511456,3.14728458,0,0,-0.323873456,13.3679873,-23.5130697,69.4828929,-6.3900838,-6.70930677,-17.212898,-3.78229836,-20.2607351,36.1430422,70.0194999,14.317189,-2.39264429,18.3578307,-9.37972376,2.37463821,-1.28219182,14.9971642,-5.33980134,-2.52865321,-8.6409022,-1.92443824,-5.49568333,16.0076633,-7.15937697,0.84370376
1894,1.64069831,-0.28929722,105.922341,0.094231918,-0.567509629,0.670759019,-0.644303591,1.41511456,3.14728458,0,0,-0.323873456,13.3679873,-23.5130697,69.4828929,-6.3900838,-6.70930677,-17.212898,-3.78229836,-20.2607351,36.1430422,70.0194999,14.317189,-2.39264429,18.3578307,-9.37972376,2.37463821,-1.28219182,14.9971642,-5.33980134,-2.52865321,-8.6409022,-1.92443824,-5.49568333,16.0076633,-7.15937697,0.84370376
1895,1.64069831,-0.28929722,105.922341,0.094231918,-0.567509629,0.670759019,-0.644303591,1.41511456,3.14728458,0,0,-0.323873456,13.3679873,-23.5130697,69.4828929,-6.3900838,-6.70930677,-17.212898,-3.78229836,-20.2607351,36.1430422,70.0194999,14.317189,-2.39264429,18.3578307,-9.37972376,2.37463821,-1.28219182,14.9971642,-5.33980134,-2.52865321,-8.6409022,-1.92443824,-5.49568333,16.0076633,-7.15937697,0.84370376
1896,1.64069831,-0.28929722,105.922341,0.094231918,-0.567509629,0.670759019,-0.644303591,1.41511456,3.14728458,0,0,-0.323873456,13.3679873,-23.5130697,69.4828929,-6.3900838,-6.70930677,-17.212898,-3.78229836,-20.2607351,36.1430422,70.0194999,14.317189,-2.39264429,18.3578307,-9.37972376,2.37463821,-1.28219182,14.9971642,-5.33980134,-2.52865321,-8.6409022,-1.92443824,-5.49568333,16.0076633,-7.15937697,0.84370376
1897,1.64069831,-0.28929722,105.922341,0.094231918,-0.567509629,0.670759019,-0.644303591,1.41511456,3.14728458,0,0,-0.323873456,13.3679873,-23.5130697,69.4828929,-6.3900838,-6.70930677,-17.212898,-3.78229836,-20.2607351,36.1430422,70.0194999,14.317189,-2.39264429,18.3578307,-9.37972376,2.37463821,-1.28219182,14.9971642,-5.33980134,-2.52865321,-8.6409022,-1.92443824,-5.49568333,16.0076633,-7.15937697,0.84370376
1898,1.64069831,-0.28929722,105.922341,0.094231918,-0.567509629,0.670759019,-0.644303591,1.41511456,3.14728458,0,0,-0.323873456,13.3679873,-23.5130697,69.4828929,-6.3900838,-6.70930677,-17.212898,-3.78229836,-20.2607351,36.1430422,70.0194999,14.317189,-2.39264429,18.3578307,-9.37972376,2.37463821,-1.28219182,14.9971642,-5.33980134,-2.52865321,-8.6409022,-1.92443824,-5.49568333,16.0076633,-7.15937697,0.84370376
1899,1.64069831,-0.28929722,105.922341,0.094231918,-0.567509629,0.670759019,-0.644303591,1.41511456,3.14728458,0,0,-0.323873456,13.3679873,-23.5130697,69.4828929,-6.3900838,-6.70930677,-17.212898,-3.78229836,-20.2607351,36.1430422,70.0194999,14.317189,-2.39264429,18.3578307,-9.37972376,2.37463821,-1.28219182,14.9971642,-5.33980134,-2.52865321,-8.6409022,-1.92443824,-5.49568333,16.0076633,-7.15937697,0.84370376
1900,1.64069831,-0.28929722,105.922341,0.094231918,-0.567509629,0.670759019,-0.644303591,1.41511456,3.14728458,0,0,-0.323873456,13.3679873,-23.5130697,69.4828929,-6.3900838,-6.70930677,-17.212898,-3.78229836,-20.2607351,36.1430422,70.0194999,14.317189,-2.39264429,18.3578307,-9.37972376,2.37463821,-1.28219182,14.9971642,-5.33980134,-2.52865321,-8.6409022,-1.92443824,-5.49568333,16.0076633,-7.15937697,0.84370376
1901,1.64069831,-0.28929722,105.922341,0.094231918,-0.567509629,0.670759019,-0.644303591,1.41511456,3.14728458,0,0,-0.323873456,13.3679873,-23.5130697,69.4828929,-6.3900838,-6.70930677,-17.212898,-3.78229836,-20.2607351,36.1430422,70.0194999,14.317189,-2.39264429,18.3578307,-9.37972376,2.37463821,-1.28219182,14.9971642,-5.33980134,-2.52865321,-8.6409022,-1.92443824,-5.49568333,16.0076633,-7.15937697,0.84370376
1902,1.64069831,-0.28929722,105.922341,0.094231918,-0.567509629,0.670759019,-0.644303591,1.41511456,3.14728458,0,0,-0.323873456,13.3679873,-23.5130697,69.4828929,-6.3900838,-6.70930677,-17.212898,-3.78229836,-20.2607351,36.1430422,70.0194999,14.317189,-2.39264429,18.3578307,-9.37972376,2.37463821,-1.28219182,14.9971642,-5.33980134,-2.52865321,-8.6409022,-1.92443824,-5.49568333,16.0076633,-7.15937697,0.84370376
1903,1.64069831,-0.28929722,105.922341,0.094231918,-0.567509629,0.670759019,-0.644303591,1.41511456,3.14728458,0,0,-0.323873456,13.3679873,-23.5130697,69.4828929,-6.3900838,-6.70930677,-17.212898,-3.78229836,-20.2607351,36.1430422,70.0194999,14.317189,-2.39264429,18.3578307,-9.37972376,2.37463821,-1.28219182,14.9971642,-5.33980134,-2.52865321,-8.6409022,-1.92443824,-5.49568333,16.0076633,-7.15937697,0.84370376
1904,1.64069831,-0.28929722,105.922341,0.094231918,-0.567509629,0.670759019,-0.644303591,1.41511456,3.14728458,0,0,-0.323873456,13.3679873,-23.5130697,69.4828929,-6.3900838,-6.70930677,-17.212898,-3.78229836,-20.2607351,36.1430422,70.0194999,14.317189,-2.39264429,18.3578307,-9.37972376,2.37463821,-1.28219182,14.9971642,-5.33980134,-2.52865321,-8.6409022,-1.92443824,-5.49568333,16.0076633,-7.15937697,0.84370376
1905,1.64069831,-0.28929722,105.922341,0.094231918,-0.567509629,0.670759019,-0.644303591,1.41511456,3.14728458,0,0,-0.323873456,13.3679873,-23.5130697,69.4828929,-6.3900838,-6.70930677,-17.212898,-3.78229836,-20.2607351,36.1430422,70.0194999,14.317189,-2.39264429,18.3578307,-9.37972376,2.37463821,-1.28219182,14.9971642,-5.33980134,-2.52865321,-8.6409022,-1.92443824,-5.49568333,16.0076633,-7.15937697,0.84370376
1906,1.64069831,-0.28929722,105.922341,0.094231918,-0.567509629,0.670759019,-0.644303591,1.41511456,3.14728458,0,0,-0.323873456,13.3679873,-23.5130697,69.4828929,-6.3900838,-6.70930677,-17.212898,-3.78229836,-20.2607351,36.1430422,70.0194999,14.317189,-2.39264429,18.3578307,-9.37972376,2.37463821,-1.28219182,14.9971642,-5.33980134,-2.52865321,-8.6409022,-1.92443824,-5.49568333,16.0076633,-7.15937697,0.84370376
1907,1.64069831,-0.28929722,105.922341,0.094231918,-0.567509629,0.670759019,-0.644303591,1.41511456,3.14728458,0,0,-0.323873456,13.3679873,-23.5130697,69.4828929,-6.3900838,-6.70930677,-17.212898,-3.78229836,-20.2607351,36.1430422,70.0194999,14.317189,-2.39264429,18.3578307,-9.37972376,2.37463821,-1.28219182,14.9971642,-5.33980134,-2.52865321,-8.6409022,-1.92443824,-5.49568333,16.0076633,-7.15937697,0.84370376
1908,1.64069831,-0.28929722,105.922341,0.094231918,-0.567509629,0.670759019,-0.644303591,1.41511456,3.14728458,0,0,-0.323873456,13.3679873,-23.5130697,69.4828929,-6.3900838,-6.70930677,-17.212898,-3.78229836,-20.2607351,36.1430422,70.0194999,14.317189,-2.39264429,18.3578307,-9.37972376,2.37463821,-1.28219182,14.9971642,-5.33980134,-2.52865321,-8.6409022,-1.92443824,-5.49568333,16.0076633,-7.15937697,0.84370376
1909,1.64069831,-0.28929722,105.922341,0.094231918,-0.567509629,0.670759019,-0.644303591,1.41511456,3.14728458,0,0,-0.323873456,13.3679873,-23.5130697,69.4828929,-6.3900838,-6.70930677,-17.212898,-3.78229836,-20.2607351,36.1430422,70.0194999,14.317189,-2.39264429,18.3578307,-9.37972376,2.37463821,-1.28219182,14.9971642,-5.33980134,-2.52865321,-8.6409022,-1.92443824,-5.49568333,16.0076633,-7.15937697,0.84370376
1910,1.64069831,-0.28929722,105.922341,0.094231918,-0.567509629,0.670759019,-0.644303591,1.41511456,3.14728458,0,0,-0.323873456,13.3679873,-23.5130697,69.4828929,-6.3900838,-6.70930677,-17.212898,-3.78229836,-20.2607351,36.1430422,70.0194999,14.317189,-2.39264429,18.3578307,-9.37972376,2.37463821,-1.28219182,14.9971642,-5.33980134,-2.52865321,-8.6409022,-1.92443824,-5.49568333,16.0076633,-7.15937697,0.84370376
1911,1.64069831,-0.28929722,105.922341,0.094231918,-0.567509629,0.670759019,-0.644303591,1.41511456,3.14728458,0,0,-0.323873456,13.3679873,-23.5130697,69.4828929,-6.3900838,-6.70930677,-17.212898,-3.78229836,-20.2607351,36.1430422,70.0194999,14.317189,-2.39264429,18.3578307,-9.37972376,2.37463821,-1.28219182,14.9971642,-5.33980134,-2.52865321,-8.6409022,-1.92443824,-5.49568333,16.0076633,-7.15937697,0.84370376
1912,1.64069831,-0.28929722,105.922341,0.094231918,-0.567509629,0.670759019,-0.644303591,1.41511456,3.14728458,0,0,-0.323873456,13.3679873,-23.5130697,69.4828929,-6.3900838,-6.70930677,-17.212898,-3.78229836,-20.2607351,36.1430422,70.0194999,14.317189,-2.39264429,18.3578307,-9.37972376,2.37463821,-1.28219182,14.9971642,-5.33980134,-2.52865321,-8.6409022,-1.92443824,-5.49568333,16.0076633,-7.15937697,0.84370376
1913,1.64069831,-0.28929722,105.922341,0.094231918,-0.567509629,0.670759019,-0.644303591,1.41511456,3.14728458,0,0,-0.323873456,13.3679873,-23.5130697,69.4828929,-6.3900838,-6.70930677,-17.212898,-3.78229836,-20.2607351,36.1430422,70.0194999,14.317189,-2.39264429,18.3578307,-9.37972376,2.37463821,-1.28219182,14.9971642,-5.33980134,-2.52865321,-8.6409022,-1.92443824,-5.49568333,16.0076633,-7.15937697,0.84370376
1914,1.64069831,-0.28929722,105.922341,0.094231918,-0.567509629,0.670759019,-0.644303591,1.41511456,3.14728458,0,0,-0.323873456,13.3679873,-23.5130697,69.4828929,-6.3900838,-6.70930677,-17.212898,-3.78229836,-20.2607351,36.1430422,70.0194999,14.317189,-2.39264429,18.3578307,-9.37972376,2.37463821,-1.28219182,14.9971642,-5.33980134,-2.52865321,-8.6409022,-1.92443824,-5.49568333,16.0076633,-7.15937697,0.84370376
1915,1.64069831,-0.28929722,105.922341,0.094231918,-0.567509629,0.670759019,-0.644303591,1.41511456,3.14728458,0,0,-0.323873456,13.3679873,-23.5130697,69.4828929,-6.3900838,-6.70930677,-17.212898,-3.78229836,-20.2607351,36.1430422,70.0194999,14.317189,-2.39264429,18.3578307,-9.37972376,2.37463821,-1.28219182,14.9971642,-5.33980134,-2.52865321,-8.6409022,-1.92443824,-5.49568333,16.0076633,-7.15937697,0.84370376
1916,1.64069831,-0.28929722,105.922341,0.094231918,-0.567509629,0.670759019,-0.644303591,1.41511456,3.14728458,0,0,-0.323873456,13.3679873,-23.5130697,69.4828929,-6.3900838,-6.70930677,-17.212898,-3.78229836,-20.2607351,36.1430422,70.0194999,14.317189,-2.39264429,18.3578307,-9.37972376,2.37463821,-1.28219182,14.9971642,-5.33980134,-2.52865321,-8.6409022,-1.92443824,-5.49568333,16.0076633,-7.15937697,0.84370376
1917,1.64069831,-0.28929722,105.922341,0.094231918,-0.567509629,0.670759019,-0.644303591,1.41511456,3.14728458,0,0,-0.323873456,13.3679873,-23.5130697,69.4828929,-6.3900838,-6.70930677,-17.212898,-3.78229836,-20.2607351,36.1430422,70.0194999,14.317189,-2.39264429,18.3578307,-9.37972376,2.37463821,-1.28219182,14.9971642,-5.33980134,-2.52865321,-8.6409022,-1.92443824,-5.49568333,16.0076633,-7.15937697,0.84370376
1918,1.64069831,-0.28929722,105.922341,0.094231918,-0.567509629,0.670759019,-0.644303591,1.41511456,3.14728458,0,0,-0.323873456,13.3679873,-23.5130697,69.4828929,-6.3900838,-6.70930677,-17.212898,-3.78229836,-20.2607351,36.1430422,70.0194999,14.317189,-2.39264429,18.3578307,-9.37972376,2.37463821,-1.28219182,14.9971642,-5.33980134,-2.52865321,-8.6409022,-1.92443824,-5.49568333,16.0076633,-7.15937697,0.84370376
1919,1.64069831,-0.28929722,105.922341,0.094231918,-0.567509629,0.670759019,-0.644303591,1.41511456,3.14728458,0,0,-0.323873456,13.3679873,-23.5130697,69.4828929,-6.3900838,-6.70930677,-17.212898,-3.78229836,-20.2607351,36.1430422,70.0194999,14.317189,-2.39264429,18.3578307,-9.37972376,2.37463821,-1.28219182,14.9971642,-5.33980134,-2.52865321,-8.6409022,-1.92443824,-5.49568333,16.0076633,-7.15937697,0.84370376
1920,1.64069831,-0.28929722,105.922341,0.094231918,-0.567509629,0.670759019,-0.644303591,1.41511456,3.14728458,0,0,-0.323873456,13.3679873,-23.5130697,69.4828929,-6.3900838,-6.70930677,-17.212898,-3.78229836,-20.2607351,36.1430422,70.0194999,14.317189,-2.39264429,18.3578307,-9.37972376,2.37463821,-1.28219182,14.9971642,-5.33980134,-2.52865321,-8.6409022,-1.92443824,-5.49568333,16.0076633,-7.15937697,0.84370376
1921,1.64069831,-0.28929722,105.922341,0.094231918,-0.567509629,0.670759019,-0.644303591,1.41511456,3.14728458,0,0,-0.323873456,13.3679873,-23.5130697,69.4828929,-6.3900838,-6.70930677,-17.212898,-3.78229836,-20.2607351,36.1430422,70.0194999,14.317189,-2.39264429,18.3578307,-9.37972376,2.37463821,-1.28219182,14.9971642,-5.33980134,-2.52865321,-8.6409022,-1.92443824,-5.49568333,16.0076633,-7.15937697,0.84370376
1922,1.64069831,-0.28929722,105.922341,0.094231918,-0.567509629,0.670759019,-0.644303591,1.41511456,3.14728458,0,0,-0.323873456,13.3679873,-23.5130697,69.4828929,-6.3900838,-6.70930677,-17.212898,-3.78229836,-20.2607351,36.1430422,70.0194999,14.317189,-2.39264429,18.3578307,-9.37972376,2.37463821,-1.28219182,14.9971642,-5.33980134,-2.52865321,-8.6409022,-1.92443824,-5.49568333,16.0076633,-7.15937697,0.84370376
1923,1.64069831,-0.28929722,105.922341,0.094231918,-0.567509629,0.670759019,-0.644303591,1.41511456,3.14728458,0,0,-0.323873456,13.3679873,-23.5130697,69.4828929,-6.3900838,-6.70930677,-17.212898,-3.78229836,-20.2607351,36.1430422,70.0194999,14.317189,-2.39264429,18.3578307,-9.37972376,2.37463821,-1.28219182,14.9971642,-5.33980134,-2.52865321,-8.6409022,-1.92443824,-5.49568333,16.0076633,-7.15937697,0.84370376
1924,1.64069831,-0.28929722,105.922341,0.094231918,-0.567509629,0.670759019,-0.644303591,1.41511456,3.14728458,0,0,-0.323873456,13.3679873,-23.5130697,69.4828929,-6.3900838,-6.70930677,-17.212898,-3.78229836,-20.2607351,36.1430422,70.0194999,14.317189,-2.39264429,18.3578307,-9.37972376,2.37463821,-1.28219182,14.9971642,-5.33980134,-2.52865321,-8.6409022,-1.92443824,-5.49568333,16.0076633,-7.15937697,0.84370376
1925,1.64069831,-0.28929722,105.922341,0.094231918,-0.567509629,0.670759019,-0.644303591,1.41511456,3.14728458,0,0,-0.323873456,13.3679873,-23.5130697,69.4828929,-6.3900838,-6.70930677,-17.212898,-3.78229836,-20.2607351,36.1430422,70.0194999,14.317189,-2.39264429,18.3578307,-9.37972376,2.37463821,-1.28219182,14.9971642,-5.33980134,-2.52865321,-8.6409022,-1.92443824,-5.49568333,16.0076633,-7.15937697,0.84370376
1926,1.64069831,-0.28929722,105.922341,0.094231918,-0.567509629,0.670759019,-0.644303591,1.41511456,3.14728458,0,0,-0.323873456,13.3679873,-23.5130697,69.4828929,-6.3900838,-6.70930677,-17.212898,-3.78229836,-20.2607351,36.1430422,70.0194999,14.317189,-2.39264429,18.3578307,-9.37972376,2.37463821,-1.28219182,14.9971642,-5.33980134,-2.52865321,-8.6409022,-1.92443824,-5.49568333,16.0076633,-7.15937697,0.84370376
1927,1.64069831,-0.28929722,105.922341,0.094231918,-0.567509629,0.670759019,-0.644303591,1.41511456,3.14728458,0,0,-0.323873456,13.3679873,-23.5130697,69.4828929,-6.3900838,-6.70930677,-17.212898,-3.78229836,-20.2607351,36.1430422,70.0194999,14.317189,-2.39264429,18.3578307,-9.37972376,2.37463821,-1.28219182,14.9971642,-5.33980134,-2.52865321,-8.6409022,-1.92443824,-5.49568333,16.0076633,-7.15937697,0.84370376
1928,1.64069831,-0.28929722,105.922341,0.094231918,-0.567509629,0.670759019,-0.644303591,1.41511456,3.14728458,0,0,-0.323873456,13.3679873,-23.5130697,69.4828929,-6.3900838,-6.70930677,-17.212898,-3.78229836,-20.2607351,36.1430422,70.0194999,14.317189,-2.39264429,18.3578307,-9.37972376,2.37463821,-1.28219182,14.9971642,-5.33980134,-2.52865321,-8.6409022,-1.92443824,-5.49568333,16.0076633,-7.15937697,0.84370376
1929,1.64069831,-0.28929722,105.922341,0.094231918,-0.567509629,0.670759019,-0.644303591,1.41511456,3.14728458,0,0,-0.323873456,13.3679873,-23.5130697,69.4828929,-6.3900838,-6.70930677,-17.212898,-3.78229836,-20.2607351,36.1430422,70.0194999,14.317189,-2.39264429,18.3578307,-9.37972376,2.37463821,-1.28219182,14.9971642,-5.33980134,-2.52865321,-8.6409022,-1.92443824,-5.49568333,16.0076633,-7.15937697,0.84370376
1930,1.64069831,-0.28929722,105.922341,0.094231918,-0.567509629,0.670759019,-0.644303591,1.41511456,3.14728458,0,0,-0.323873456,13.3679873,-23.5130697,69.4828929,-6.3900838,-6.70930677,-17.212898,-3.78229836,-20.2607351,36.1430422,70.0194999,14.317189,-2.39264429,18.3578307,-9.37972376,2.37463821,-1.28219182,14.9971642,-5.33980134,-2.52865321,-8.6409022,-1.92443824,-5.49568333,16.0076633,-7.15937697,0.84370376
1931,1.64069831,-0.28929722,105.922341,0.094231918,-0.567509629,0.670759019,-0.644303591,1.41511456,3.14728458,0,0,-0.323873456,13.3679873,-23.5130697,69.4828929,-6.3900838,-6.70930677,-17.212898,-3.78229836,-20.2607351,36.1430422,70.0194999,14.317189,-2.39264429,18.3578307,-9.37972376,2.37463821,-1.28219182,14.9971642,-5.33980134,-2.52865321,-8.6409022,-1.92443824,-5.49568333,16.0076633,-7.15937697,0.84370376
1932,1.64069831,-0.28929722,105.922341,0.094231918,-0.567509629,0.670759019,-0.644303591,1.41511456,3.14728458,0,0,-0.323873456,13.3679873,-23.5130697,69.4828929,-6.3900838,-6.70930677,-17.212898,-3.78229836,-20.2607351,36.1430422,70.0194999,14.317189,-2.39264429,18.3578307,-9.37972376,2.37463821,-1.28219182,14.9971642,-5.33980134,-2.52865321,-8.6409022,-1.92443824,-5.49568333,16.0076633,-7.15937697,0.84370376
1933,1.64069831,-0.28929722,105.922341,0.094231918,-0.567509629,0.670759019,-0.644303591,1.41511456,3.14728458,0,0,-0.323873456,13.3679873,-23.5130697,69.4828929,-6.3900838,-6.70930677,-17.212898,-3.78229836,-20.2607351,36.1430422,70.0194999,14.317189,-2.39264429,18.3578307,-9.37972376,2.37463821,-1.28219182,14.9971642,-5.33980134,-2.52865321,-8.6409022,-1.92443824,-5.49568333,16.0076633,-7.15937697,0.84370376
1934,1.64069831,-0.28929722,105.922341,0.094231918,-0.567509629,0.670759019,-0.644303591,1.41511456,3.14728458,0,0,-0.323873456,13.3679873,-23.5130697,69.4828929,-6.3900838,-6.70930677,-17.212898,-3.78229836,-20.2607351,36.1430422,70.0194999,14.317189,-2.39264429,18.3578307,-9.37972376,2.37463821,-1.28219182,14.9971642,-5.33980134,-2.52865321,-8.6409022,-1.92443824,-5.49568333,16.0076633,-7.15937697,0.84370376
1935,1.64069831,-0.28929722,105.922341,0.094231918,-0.567509629,0.670759019,-0.644303591,1.41511456,3.14728458,0,0,-0.323873456,13.3679873,-23.5130697,69.4828929,-6.3900838,-6.70930677,-17.212898,-3.78229836,-20.2607351,36.1430422,70.0194999,14.317189,-2.39264429,18.3578307,-9.37972376,2.37463821,-1.28219182,14.9971642,-5.33980134,-2.52865321,-8.6409022,-1.92443824,-5.49568333,16.0076633,-7.15937697,0.84370376
1936,1.64069831,-0.28929722,105.922341,0.094231918,-0.567509629,0.670759019,-0.644303591,1.41511456,3.14728458,0,0,-0.323873456,13.3679873,-23.5130697,69.4828929,-6.3900838,-6.70930677,-17.212898,-3.78229836,-20.2607351,36.1430422,70.0194999,14.317189,-2.39264429,18.3578307,-9.37972376,2.37463821,-1.28219182,14.9971642,-5.33980134,-2.52865321,-8.6409022,-1.92443824,-5.49568333,16.0076633,-7.15937697,0.84370376
1937,1.64069831,-0.28929722,105.922341,0.094231918,-0.567509629,0.670759019,-0.644303591,1.41511456,3.14728458,0,0,-0.323873456,13.3679873,-23.5130697,69.4828929,-6.3900838,-6.70930677,-17.212898,-3.78229836,-20.2607351,36.1430422,70.0194999,14.317189,-2.39264429,18.3578307,-9.37972376,2.37463821,-1.28219182,14.9971642,-5.33980134,-2.52865321,-8.6409022,-1.92443824,-5.49568333,16.0076633,-7.15937697,0.84370376
1938,1.64069831,-0.28929722,105.922341,0.094231918,-0.567509629,0.670759019,-0.644303591,1.41511456,3.14728458,0,0,-0.323873456,13.3679873,-23.5130697,69.4828929,-6.3900838,-6.70930677,-17.212898,-3.78229836,-20.2607351,36.1430422,70.0194999,14.317189,-2.39264429,18.3578307,-9.37972376,2.37463821,-1.28219182,14.9971642,-5.33980134,-2.52865321,-8.6409022,-1.92443824,-5.49568333,16.0076633,-7.15937697,0.84370376
1939,1.64069831,-0.28929722,105.922341,0.094231918,-0.567509629,0.670759019,-0.644303591,1.41511456,3.14728458,0,0,-0.323873456,13.3679873,-23.5130697,69.4828929,-6.3900838,-6.70930677,-17.212898,-3.78229836,-20.2607351,36.1430422,70.0194999,14.317189,-2.39264429,18.3578307,-9.37972376,2.37463821,-1.28219182,14.9971642,-5.33980134,-2.52865321,-8.6409022,-1.92443824,-5.49568333,16.0076633,-7.15937697,0.84370376
1940,1.64069831,-0.28929722,105.922341,0.094231918,-0.567509629,0.670759019,-0.644303591,1.41511456,3.14728458,0,0,-0.323873456,13.3679873,-23.5130697,69.4828929,-6.3900838,-6.70930677,-17.212898,-3.78229836,-20.2607351,36.1430422,70.0194999,14.317189,-2.39264429,18.3578307,-9.37972376,2.37463821,-1.28219182,14.9971642,-5.33980134,-2.52865321,-8.6409022,-1.92443824,-5.49568333,16.0076633,-7.15937697,0.84370376
1941,1.64069831,-0.28929722,105.922341,0.094231918,-0.567509629,0.670759019,-0.644303591,1.41511456,3.14728458,0,0,-0.323873456,13.3679873,-23.5130697,69.4828929,-6.3900838,-6.70930677,-17.212898,-3.78229836,-20.2607351,36.1430422,70.0194999,14.317189,-2.39264429,18.3578307,-9.37972376,2.37463821,-1.28219182,14.9971642,-5.33980134,-2.52865321,-8.6409022,-1.92443824,-5.49568333,16.0076633,-7.15937697,0.84370376
1942,1.64069831,-0.28929722,105.922341,0.094231918,-0.567509629,0.670759019,-0.644303591,1.41511456,3.14728458,0,0,-0.323873456,13.3679873,-23.5130697,69.4828929,-6.3900838,-6.70930677,-17.212898,-3.78229836,-20.2607351,36.1430422,70.0194999,14.317189,-2.39264429,18.3578307,-9.37972376,2.37463821,-1.28219182,14.9971642,-5.33980134,-2.52865321,-8.6409022,-1.92443824,-5.49568333,16.0076633,-7.15937697,0.84370376
1943,1.64069831,-0.28929722,105.922341,0.094231918,-0.567509629,0.670759019,-0.644303591,1.41511456,3.14728458,0,0,-0.323873456,13.3679873,-23.5130697,69.4828929,-6.3900838,-6.70930677,-17.212898,-3.78229836,-20.2607351,36.1430422,70.0194999,14.317189,-2.39264429,18.3578307,-9.37972376,2.37463821,-1.28219182,14.9971642,-5.33980134,-2.52865321,-8.6409022,-1.92443824,-5.49568333,16.0076633,-7.15937697,0.84370376
1944,1.64069831,-0.28929722,105.922341,0.094231918,-0.567509629,0.670759019,-0.644303591,1.41511456,3.14728458,0,0,-0.323873456,13.3679873,-23.5130697,69.4828929,-6.3900838,-6.70930677,-17.212898,-3.78229836,-20.2607351,36.1430422,70.0194999,14.317189,-2.39264429,18.3578307,-9.37972376,2.37463821,-1.28219182,14.9971642,-5.33980134,-2.52865321,-8.6409022,-1.92443824,-5.49568333,16.0076633,-7.15937697,0.84370376
1945,1.64069831,-0.28929722,105.922341,0.094231918,-0.567509629,0.670759019,-0.644303591,1.41511456,3.14728458,0,0,-0.323873456,13.3679873,-23.5130697,69.4828929,-6.3900838,-6.70930677,-17.212898,-3.78229836,-20.2607351,36.1430422,70.0194999,14.317189,-2.39264429,18.3578307,-9.37972376,2.37463821,-1.28219182,14.9971642,-5.33980134,-2.52865321,-8.6409022,-1.92443824,-5.49568333,16.0076633,-7.15937697,0.84370376
1946,1.64069831,-0.28929722,105.922341,0.094231918,-0.567509629,0.670759019,-0.644303591,1.41511456,3.14728458,0,0,-0.323873456,13.3679873,-23.5130697,69.4828929,-6.3900838,-6.70930677,-17.212898,-3.78229836,-20.2607351,36.1430422,70.0194999,14.317189,-2.39264429,18.3578307,-9.37972376,2.37463821,-1.28219182,14.9971642,-5.33980134,-2.52865321,-8.6409022,-1.92443824,-5.49568333,16.0076633,-7.15937697,0.84370376
1947,1.64069831,-0.28929722,105.922341,0.094231918,-0.567509629,0.670759019,-0.644303591,1.41511456,3.14728458,0,0,-0.323873456,13.3679873,-23.5130697,69.4828929,-6.3900838,-6.70930677,-17.212898,-3.78229836,-20.2607351,36.1430422,70.0194999,14.317189,-2.39264429,18.3578307,-9.37972376,2.37463821,-1.28219182,14.9971642,-5.33980134,-2.52865321,-8.6409022,-1.92443824,-5.49568333,16.0076633,-7.15937697,0.84370376
1948,1.64069831,-0.28929722,105.922341,0.094231918,-0.567509629,0.670759019,-0.644303591,1.41511456,3.14728458,0,0,-0.323873456,13.3679873,-23.5130697,69.4828929,-6.3900838,-6.70930677,-17.212898,-3.78229836,-20.2607351,36.1430422,70.0194999,14.317189,-2.39264429,18.3578307,-9.37972376,2.37463821,-1.28219182,14.9971642,-5.33980134,-2.52865321,-8.6409022,-1.92443824,-5.49568333,16.0076633,-7.15937697,0.84370376
1949,1.64069831,-0.28929722,105.922341,0.094231918,-0.567509629,0.670759019,-0.644303591,1.41511456,3.14728458,0,0,-0.323873456,13.3679873,-23.5130697,69.4828929,-6.3900838,-6.70930677,-17.212898,-3.78229836,-20.2607351,36.1430422,70.0194999,14.317189,-2.39264429,18.3578307,-9.37972376,2.37463821,-1.28219182,14.9971642,-5.33980134,-2.52865321,-8.6409022,-1.92443824,-5.49568333,16.0076633,-7.15937697,0.84370376
1950,1.64069831,-0.28929722,105.922341,0.094231918,-0.567509629,0.670759019,-0.644303591,1.41511456,3.14728458,0,0,-0.323873456,13.3679873,-23.5130697,69.4828929,-6.3900838,-6.70930677,-17.212898,-3.78229836,-20.2607351,36.1430422,70.0194999,14.317189,-2.39264429,18.3578307,-9.37972376,2.37463821,-1.28219182,14.9971642,-5.33980134,-2.52865321,-8.6409022,-1.92443824,-5.49568333,16.0076633,-7.15937697,0.84370376
1951,1.64069831,-0.28929722,105.922341,0.094231918,-0.567509629,0.670759019,-0.644303591,1.41511456,3.14728458,0,0,-0.323873456,13.3679873,-23.5130697,69.4828929,-6.3900838,-6.70930677,-17.212898,-3.78229836,-20.2607351,36.1430422,70.0194999,14.317189,-2.39264429,18.3578307,-9.37972376,2.37463821,-1.28219182,14.9971642,-5.33980134,-2.52865321,-8.6409022,-1.92443824,-5.49568333,16.0076633,-7.15937697,0.84370376
1952,1.64069831,-0.28929722,105.922341,0.094231918,-0.567509629,0.670759019,-0.644303591,1.41511456,3.14728458,0,0,-0.323873456,13.3679873,-23.5130697,69.4828929,-6.3900838,-6.70930677,-17.212898,-3.78229836,-20.2607351,36.1430422,70.0194999,14.317189,-2.39264429,18.3578307,-9.37972376,2.37463821,-1.28219182,14.9971642,-5.33980134,-2.52865321,-8.6409022,-1.92443824,-5.49568333,16.0076633,-7.15937697,0.84370376
1953,1.64069831,-0.28929722,105.922341,0.094231918,-0.567509629,0.670759019,-0.644303591,1.41511456,3.14728458,0,0,-0.323873456,13.3679873,-23.5130697,69.4828929,-6.3900838,-6.70930677,-17.212898,-3.78229836,-20.2607351,36.1430422,70.0194999,14.317189,-2.39264429,18.3578307,-9.37972376,2.37463821,-1.28219182,14.9971642,-5.33980134,-2.52865321,-8.6409022,-1.92443824,-5.49568333,16.0076633,-7.15937697,0.84370376
1954,1.64069831,-0.28929722,105.922341,0.094231918,-0.567509629,0.670759019,-0.644303591,1.41511456,3.14728458,0,0,-0.323873456,13.3679873,-23.5130697,69.4828929,-6.3900838,-6.70930677,-17.212898,-3.78229836,-20.2607351,36.1430422,70.0194999,14.317189,-2.39264429,18.3578307,-9.37972376,2.37463821,-1.28219182,14.9971642,-5.33980134,-2.52865321,-8.6409022,-1.92443824,-5.49568333,16.0076633,-7.15937697,0.84370376
1955,1.64069831,-0.28929722,105.922341,0.094231918,-0.567509629,0.670759019,-0.644303591,1.41511456,3.14728458,0,0,-0.323873456,13.3679873,-23.5130697,69.4828929,-6.3900838,-6.70930677,-17.212898,-3.78229836,-20.2607351,36.1430422,70.0194999,14.317189,-2.39264429,18.3578307,-9.37972376,2.37463821,-1.28219182,14.9971642,-5.33980134,-2.52865321,-8.6409022,-1.92443824,-5.49568333,16.0076633,-7.15937697,0.84370376
1956,1.64069831,-0.28929722,105.922341,0.094231918,-0.567509629,0.670759019,-0.644303591,1.41511456,3.14728458,0,0,-0.323873456,13.3679873,-23.5130697,69.4828929,-6.3900838,-6.70930677,-17.212898,-3.78229836,-20.2607351,36.1430422,70.0194999,14.317189,-2.39264429,18.3578307,-9.37972376,2.37463821,-1.28219182,14.9971642,-5.33980134,-2.52865321,-8.6409022,-1.92443824,-5.49568333,16.0076633,-7.15937697,0.84370376
1957,1.64069831,-0.28929722,105.922341,0.094231918,-0.567509629,0.670759019,-0.644303591,1.41511456,3.14728458,0,0,-0.323873456,13.3679873,-23.5130697,69.4828929,-6.3900838,-6.70930677,-17.212898,-3.78229836,-20.2607351,36.1430422,70.0194999,14.317189,-2.39264429,18.3578307,-9.37972376,2.37463821,-1.28219182,14.9971642,-5.33980134,-2.52865321,-8.6409022,-1.92443824,-5.49568333,16.0076633,-7.15937697,0.84370376
1958,1.64069831,-0.28929722,105.922341,0.094231918,-0.567509629,0.670759019,-0.644303591,1.41511456,3.14728458,0,0,-0.323873456,13.3679873,-23.5130697,69.4828929,-6.3900838,-6.70930677,-17.212898,-3.78229836,-20.2607351,36.1430422,70.0194999,14.317189,-2.39264429,18.3578307,-9.37972376,2.37463821,-1.28219182,14.9971642,-5.33980134,-2.52865321,-8.6409022,-1.92443824,-5.49568333,16.0076633,-7.15937697,0.84370376
1959,1.64069831,-0.28929722,105.922341,0.094231918,-0.567509629,0.670759019,-0.644303591,1.41511456,3.14728458,0,0,-0.323873456,13.3679873,-23.5130697,69.4828929,-6.3900838,-6.70930677,-17.212898,-3.78229836,-20.2607351,36.1430422,70.0194999,14.317189,-2.39264429,18.3578307,-9.37972376,2.37463821,-1.28219182,14.9971642,-5.33980134,-2.52865321,-8.6409022,-1.92443824,-5.49568333,16.0076633,-7.15937697,0.84370376
1960,1.64069831,-0.28929722,105.922341,0.094231918,-0.567509629,0.670759019,-0.644303591,1.41511456,3.14728458,0,0,-0.323873456,13.3679873,-23.5130697,69.4828929,-6.3900838,-6.70930677,-17.212898,-3.78229836,-20.2607351,36.1430422,70.0194999,14.317189,-2.39264429,18.3578307,-9.37972376,2.37463821,-1.28219182,14.9971642,-5.33980134,-2.52865321,-8.6409022,-1.92443824,-5.49568333,16.0076633,-7.15937697,0.84370376
1961,1.64069831,-0.28929722,105.922341,0.094231918,-0.567509629,0.670759019,-0.644303591,1.41511456,3.14728458,0,0,-0.323873456,13.3679873,-23.5130697,69.4828929,-6.3900838,-6.70930677,-17.212898,-3.78229836,-20.2607351,36.1430422,70.0194999,14.317189,-2.39264429,18.3578307,-9.37972376,2.37463821,-1.28219182,14.9971642,-5.33980134,-2.52865321,-8.6409022,-1.92443824,-5.49568333,16.0076633,-7.15937697,0.84370376
1962,1.64069831,-0.28929722,105.922341,0.094231918,-0.567509629,0.670759019,-0.644303591,1.41511456,3.14728458,0,0,-0.323873456,13.3679873,-23.5130697,69.4828929,-6.3900838,-6.70930677,-17.212898,-3.78229836,-20.2607351,36.1430422,70.0194999,14.317189,-2.39264429,18.3578307,-9.37972376,2.37463821,-1.28219182,14.9971642,-5.33980134,-2.52865321,-8.6409022,-1.92443824,-5.49568333,16.0076633,-7.15937697,0.84370376
1963,1.64069831,-0.28929722,105.922341,0.094231918,-0.567509629,0.670759019,-0.644303591,1.41511456,3.14728458,0,0,-0.323873456,13.3679873,-23.5130697,69.4828929,-6.3900838,-6.70930677,-17.212898,-3.78229836,-20.2607351,36.1430422,70.0194999,14.317189,-2.39264429,18.3578307,-9.37972376,2.37463821,-1.28219182,14.9971642,-5.33980134,-2.52865321,-8.6409022,-1.92443824,-5.49568333,16.0076633,-7.15937697,0.84370376
1964,1.64069831,-0.28929722,105.922341,0.094231918,-0.567509629,0.670759019,-0.644303591,1.41511456,3.14728458,0,0,-0.323873456,13.3679873,-23.5130697,69.4828929,-6.3900838,-6.70930677,-17.212898,-3.78229836,-20.2607351,36.1430422,70.0194999,14.317189,-2.39264429,18.3578307,-9.37972376,2.37463821,-1.28219182,14.9971642,-5.33980134,-2.52865321,-8.6409022,-1.92443824,-5.49568333,16.0076633,-7.15937697,0.84370376
1965,1.64069831,-0.28929722,105.922341,0.094231918,-0.567509629,0.670759019,-0.644303591,1.41511456,3.14728458,0,0,-0.323873456,13.3679873,-23.5130697,69.4828929,-6.3900838,-6.70930677,-17.212898,-3.78229836,-20.2607351,36.1430422,70.0194999,14.317189,-2.39264429,18.3578307,-9.37972376,2.37463821,-1.28219182,14.9971642,-5.33980134,-2.52865321,-8.6409022,-1.92443824,-5.49568333,16.0076633,-7.15937697,0.84370376
1966,1.64069831,-0.28929722,105.922341,0.094231918,-0.567509629,0.670759019,-0.644303591,1.41511456,3.14728458,0,0,-0.323873456,13.3679873,-23.5130697,69.4828929,-6.3900838,-6.70930677,-17.212898,-3.78229836,-20.2607351,36.1430422,70.0194999,14.317189,-2.39264429,18.3578307,-9.37972376,2.37463821,-1.28219182,14.9971642,-5.33980134,-2.52865321,-8.6409022,-1.92443824,-5.49568333,16.0076633,-7.15937697,0.84370376
1967,1.64069831,-0.28929722,105.922341,0.094231918,-0.567509629,0.670759019,-0.644303591,1.41511456,3.14728458,0,0,-0.323873456,13.3679873,-23.5130697,69.4828929,-6.3900838,-6.70930677,-17.212898,-3.78229836,-20.2607351,36.1430422,70.0194999,14.317189,-2.39264429,18.3578307,-9.37972376,2.37463821,-1.28219182,14.9971642,-5.33980134,-2.52865321,-8.6409022,-1.92443824,-5.49568333,16.0076633,-7.15937697,0.84370376
1968,1.64069831,-0.28929722,105.922341,0.094231918,-0.567509629,0.670759019,-0.644303591,1.41511456,3.14728458,0,0,-0.323873456,13.3679873,-23.5130697,69.4828929,-6.3900838,-6.70930677,-17.212898,-3.78229836,-20.2607351,36.1430422,70.0194999,14.317189,-2.39264429,18.3578307,-9.37972376,2.37463821,-1.28219182,14.9971642,-5.33980134,-2.52865321,-8.6409022,-1.92443824,-5.49568333,16.0076633,-7.15937697,0.84370376
1969,1.64069831,-0.28929722,105.922341,0.094231918,-0.567509629,0.670759019,-0.644303591,1.41511456,3.14728458,0,0,-0.323873456,13.3679873,-23.5130697,69.4828929,-6.3900838,-6.70930677,-17.212898,-3.78229836,-20.2607351,36.1430422,70.0194999,14.317189,-2.39264429,18.3578307,-9.37972376,2.37463821,-1.28219182,14.9971642,-5.33980134,-2.52865321,-8.6409022,-1.92443824,-5.49568333,16.0076633,-7.15937697,0.84370376
1970,1.64069831,-0.28929722,105.922341,0.094231918,-0.567509629,0.670759019,-0.644303591,1.41511456,3.14728458,0,0,-0.323873456,13.3679873,-23.5130697,69.4828929,-6.3900838,-6.70930677,-17.212898,-3.78229836,-20.2607351,36.1430422,70.0194999,14.317189,-2.39264429,18.3578307,-9.37972376,2.37463821,-1.28219182,14.9971642,-5.33980134,-2.52865321,-8.6409022,-1.92443824,-5.49568333,16.0076633,-7.15937697,0.84370376
1971,1.64069831,-0.28929722,105.922341,0.094231918,-0.567509629,0.670759019,-0.644303591,1.41511456,3.14728458,0,0,-0.323873456,13.3679873,-23.5130697,69.4828929,-6.3900838,-6.70930677,-17.212898,-3.78229836,-20.2607351,36.1430422,70.0194999,14.317189,-2.39264429,18.3578307,-9.37972376,2.37463821,-1.28219182,14.9971642,-5.33980134,-2.52865321,-8.6409022,-1.92443824,-5.49568333,16.0076633,-7.15937697,0.84370376
1972,1.64069831,-0.28929722,105.922341,0.094231918,-0.567509629,0.670759019,-0.644303591,1.41511456,3.14728458,0,0,-0.323873456,13.3679873,-23.5130697,69.4828929,-6.3900838,-6.70930677,-17.212898,-3.78229836,-20.2607351,36.1430422,70.0194999,14.317189,-2.39264429,18.3578307,-9.37972376,2.37463821,-1.28219182,14.9971642,-5.33980134,-2.52865321,-8.6409022,-1.92443824,-5.49568333,16.0076633,-7.15937697,0.84370376
1973,1.64069831,-0.28929722,105.922341,0.094231918,-0.567509629,0.670759019,-0.644303591,1.41511456,3.14728458,0,0,-0.323873456,13.3679873,-23.5130697,69.4828929,-6.3900838,-6.70930677,-17.212898,-3.78229836,-20.2607351,36.1430422,70.0194999,14.317189,-2.39264429,18.3578307,-9.37972376,2.37463821,-1.28219182,14.9971642,-5.33980134,-2.52865321,-8.6409022,-1.92443824,-5.49568333,16.0076633,-7.15937697,0.84370376
1974,1.64069831,-0.28929722,105.922341,0.094231918,-0.567509629,0.670759019,-0.644303591,1.41511456,3.14728458,0,0,-0.323873456,13.3679873,-23.5130697,69.4828929,-6.3900838,-6.70930677,-17.212898,-3.78229836,-20.2607351,36.1430422,70.0194999,14.317189,-2.39264429,18.3578307,-9.37972376,2.37463821,-1.28219182,14.9971642,-5.33980134,-2.52865321,-8.6409022,-1.92443824,-5.49568333,16.0076633,-7.15937697,0.84370376
1975,1.64069831,-0.28929722,105.922341,0.094231918,-0.567509629,0.670759019,-0.644303591,1.41511456,3.14728458,0,0,-0.323873456,13.3679873,-23.5130697,69.4828929,-6.3900838,-6.70930677,-17.212898,-3.78229836,-20.2607351,36.1430422,70.0194999,14.317189,-2.39264429,18.3578307,-9.37972376,2.37463821,-1.28219182,14.9971642,-5.33980134,-2.52865321,-8.6409022,-1.92443824,-5.49568333,16.0076633,-7.15937697,0.84370376
1976,1.64069831,-0.28929722,105.922341,0.094231918,-0.567509629,0.670759019,-0.644303591,1.41511456,3.14728458,0,0,-0.323873456,13.3679873,-23.5130697,69.4828929,-6.3900838,-6.70930677,-17.212898,-3.78229836,-20.2607351,36.1430422,70.0194999,14.317189,-2.39264429,18.3578307,-9.37972376,2.37463821,-1.28219182,14.9971642,-5.33980134,-2.52865321,-8.6409022,-1.92443824,-5.49568333,16.0076633,-7.15937697,0.84370376
1977,1.64069831,-0.28929722,105.922341,0.094231918,-0.567509629,0.670759019,-0.644303591,1.41511456,3.14728458,0,0,-0.323873456,13.3679873,-23.5130697,69.4828929,-6.3900838,-6.70930677,-17.212898,-3.78229836,-20.2607351,36.1430422,70.0194999,14.317189,-2.39264429,18.3578307,-9.37972376,2.37463821,-1.28219182,14.9971642,-5.33980134,-2.52865321,-8.6409022,-1.92443824,-5.49568333,16.0076633,-7.15937697,0.84370376
1978,1.64069831,-0.28929722,105.922341,0.094231918,-0.567509629,0.670759019,-0.644303591,1.41511456,3.14728458,0,0,-0.323873456,13.3679873,-23.5130697,69.4828929,-6.3900838,-6.70930677,-17.212898,-3.78229836,-20.2607351,36.1430422,70.0194999,14.317189,-2.39264429,18.3578307,-9.37972376,2.37463821,-1.28219182,14.9971642,-5.33980134,-2.52865321,-8.6409022,-1.92443824,-5.49568333,16.0076633,-7.15937697,0.84370376
1979,1.64069831,-0.28929722,105.922341,0.094231918,-0.567509629,0.670759019,-0.644303591,1.41511456,3.14728458,0,0,-0.323873456,13.3679873,-23.5130697,69.4828929,-6.3900838,-6.70930677,-17.212898,-3.78229836,-20.2607351,36.1430422,70.0194999,14.317189,-2.39264429,18.3578307,-9.37972376,2.37463821,-1.28219182,14.9971642,-5.33980134,-2.52865321,-8.6409022,-1.92443824,-5.49568333,16.0076633,-7.15937697,0.84370376
1980,1.64069831,-0.28929722,105.922341,0.094231918,-0.567509629,0.670759019,-0.644303591,1.41511456,3.14728458,0,0,-0.323873456,13.3679873,-23.5130697,69.4828929,-6.3900838,-6.70930677,-17.212898,-3.78229836,-20.2607351,36.1430422,70.0194999,14.317189,-2.39264429,18.3578307,-9.37972376,2.37463821,-1.28219182,14.9971642,-5.33980134,-2.52865321,-8.6409022,-1.92443824,-5.49568333,16.0076633,-7.15937697,0.84370376
1981,1.64069831,-0.28929722,105.922341,0.094231918,-0.567509629,0.670759019,-0.644303591,1.41511456,3.14728458,0,0,-0.323873456,13.3679873,-23.5130697,69.4828929,-6.3900838,-6.70930677,-17.212898,-3.78229836,-20.2607351,36.1430422,70.0194999,14.317189,-2.39264429,18.3578307,-9.37972376,2.37463821,-1.28219182,14.9971642,-5.33980134,-2.52865321,-8.6409022,-1.92443824,-5.49568333,16.0076633,-7.15937697,0.84370376
1982,1.64069831,-0.28929722,105.922341,0.094231918,-0.567509629,0.670759019,-0.644303591,1.41511456,3.14728458,0,0,-0.323873456,13.3679873,-23.5130697,69.4828929,-6.3900838,-6.70930677,-17.212898,-3.78229836,-20.2607351,36.1430422,70.0194999,14.317189,-2.39264429,18.3578307,-9.37972376,2.37463821,-1.28219182,14.9971642,-5.33980134,-2.52865321,-8.6409022,-1.92443824,-5.49568333,16.0076633,-7.15937697,0.84370376
1983,1.64069831,-0.28929722,105.922341,0.094231918,-0.567509629,0.670759019,-0.644303591,1.41511456,3.14728458,0,0,-0.323873456,13.3679873,-23.5130697,69.4828929,-6.3900838,-6.70930677,-17.212898,-3.78229836,-20.2607351,36.1430422,70.0194999,14.317189,-2.39264429,18.3578307,-9.37972376,2.37463821,-1.28219182,14.9971642,-5.33980134,-2.52865321,-8.6409022,-1.92443824,-5.49568333,16.0076633,-7.15937697,0.84370376
1984,1.64069831,-0.28929722,105.922341,0.094231918,-0.567509629,0.670759019,-0.644303591,1.41511456,3.14728458,0,0,-0.323873456,13.3679873,-23.5130697,69.4828929,-6.3900838,-6.70930677,-17.212898,-3.78229836,-20.2607351,36.1430422,70.0194999,14.317189,-2.39264429,18.3578307,-9.37972376,2.37463821,-1.28219182,14.9971642,-5.33980134,-2.52865321,-8.6409022,-1.92443824,-5.49568333,16.0076633,-7.15937697,0.84370376
1985,1.64069831,-0.28929722,105.922341,0.094231918,-0.567509629,0.670759019,-0.644303591,1.41511456,3.14728458,0,0,-0.323873456,13.3679873,-23.5130697,69.4828929,-6.3900838,-6.70930677,-17.212898,-3.78229836,-20.2607351,36.1430422,70.0194999,14.317189,-2.39264429,18.3578307,-9.37972376,2.37463821,-1.28219182,14.9971642,-5.33980134,-2.52865321,-8.6409022,-1.92443824,-5.49568333,16.0076633,-7.15937697,0.84370376
1986,1.64069831,-0.28929722,105.922341,0.094231918,-0.567509629,0.670759019,-0.644303591,1.41511456,3.14728458,0,0,-0.323873456,13.3679873,-23.5130697,69.4828929,-6.3900838,-6.70930677,-17.212898,-3.78229836,-20.2607351,36.1430422,70.0194999,14.317189,-2.39264429,18.3578307,-9.37972376,2.37463821,-1.28219182,14.9971642,-5.33980134,-2.52865321,-8.6409022,-1.92443824,-5.49568333,16.0076633,-7.15937697,0.84370376
1987,1.64069831,-0.28929722,105.922341,0.094231918,-0.567509629,0.670759019,-0.644303591,1.41511456,3.14728458,0,0,-0.323873456,13.3679873,-23.5130697,69.4828929,-6.3900838,-6.70930677,-17.212898,-3.78229836,-20.2607351,36.1430422,70.0194999,14.317189,-2.39264429,18.3578307,-9.37972376,2.37463821,-1.28219182,14.9971642,-5.33980134,-2.52865321,-8.6409022,-1.92443824,-5.49568333,16.0076633,-7.15937697,0.84370376
1988,1.64069831,-0.28929722,105.922341,0.094231918,-0.567509629,0.670759019,-0.644303591,1.41511456,3.14728458,0,0,-0.323873456,13.3679873,-23.5130697,69.4828929,-6.3900838,-6.70930677,-17.212898,-3.78229836,-20.2607351,36.1430422,70.0194999,14.317189,-2.39264429,18.3578307,-9.37972376,2.37463821,-1.28219182,14.9971642,-5.33980134,-2.52865321,-8.6409022,-1.92443824,-5.49568333,16.0076633,-7.15937697,0.84370376
1989,1.64069831,-0.28929722,105.922341,0.094231918,-0.567509629,0.670759019,-0.644303591,1.41511456,3.14728458,0,0,-0.323873456,13.3679873,-23.5130697,69.4828929,-6.3900838,-6.70930677,-17.212898,-3.78229836,-20.2607351,36.1430422,70.0194999,14.317189,-2.39264429,18.3578307,-9.37972376,2.37463821,-1.28219182,14.9971642,-5.33980134,-2.52865321,-8.6409022,-1.92443824,-5.49568333,16.0076633,-7.15937697,0.84370376
1990,1.64069831,-0.28929722,105.922341,0.094231918,-0.567509629,0.670759019,-0.644303591,1.41511456,3.14728458,0,0,-0.323873456,13.3679873,-23.5130697,69.4828929,-6.3900838,-6.70930677,-17.212898,-3.78229836,-20.2607351,36.1430422,70.0194999,14.317189,-2.39264429,18.3578307,-9.37972376,2.37463821,-1.28219182,14.9971642,-5.33980134,-2.52865321,-8.6409022,-1.92443824,-5.49568333,16.0076633,-7.15937697,0.84370376
1991,1.64069831,-0.28929722,105.922341,0.094231918,-0.567509629,0.670759019,-0.644303591,1.41511456,3.14728458,0,0,-0.323873456,13.3679873,-23.5130697,69.4828929,-6.3900838,-6.70930677,-17.212898,-3.78229836,-20.2607351,36.1430422,70.0194999,14.317189,-2.39264429,18.3578307,-9.37972376,2.37463821,-1.28219182,14.9971642,-5.33980134,-2.52865321,-8.6409022,-1.92443824,-5.49568333,16.0076633,-7.15937697,0.84370376
1992,1.64069831,-0.28929722,105.922341,0.094231918,-0.567509629,0.670759019,-0.644303591,1.41511456,3.14728458,0,0,-0.323873456,13.3679873,-23.5130697,69.4828929,-6.3900838,-6.70930677,-17.212898,-3.78229836,-20.2607351,36.1430422,70.0194999,14.317189,-2.39264429,18.3578307,-9.37972376,2.37463821,-1.28219182,14.9971642,-5.33980134,-2.52865321,-8.6409022,-1.92443824,-5.49568333,16.0076633,-7.15937697,0.84370376
1993,1.64069831,-0.28929722,105.922341,0.094231918,-0.567509629,0.670759019,-0.644303591,1.41511456,3.14728458,0,0,-0.323873456,13.3679873,-23.5130697,69.4828929,-6.3900838,-6.70930677,-17.212898,-3.78229836,-20.2607351,36.1430422,70.0194999,14.317189,-2.39264429,18.3578307,-9.37972376,2.37463821,-1.28219182,14.9971642,-5.33980134,-2.52865321,-8.6409022,-1.92443824,-5.49568333,16.0076633,-7.15937697,0.84370376
1994,1.64069831,-0.28929722,105.922341,0.094231918,-0.567509629,0.670759019,-0.644303591,1.41511456,3.14728458,0,0,-0.323873456,13.3679873,-23.5130697,69.4828929,-6.3900838,-6.70930677,-17.212898,-3.78229836,-20.2607351,36.1430422,70.0194999,14.317189,-2.39264429,18.3578307,-9.37972376,2.37463821,-1.28219182,14.9971642,-5.33980134,-2.52865321,-8.6409022,-1.92443824,-5.49568333,16.0076633,-7.15937697,0.84370376
1995,1.64069831,-0.28929722,105.922341,0.094231918,-0.567509629,0.670759019,-0.644303591,1.41511456,3.14728458,0,0,-0.323873456,13.3679873,-23.5130697,69.4828929,-6.3900838,-6.70930677,-17.212898,-3.78229836,-20.2607351,36.1430422,70.0194999,14.317189,-2.39264429,18.3578307,-9.37972376,2.37463821,-1.28219182,14.9971642,-5.33980134,-2.52865321,-8.6409022,-1.92443824,-5.49568333,16.0076633,-7.15937697,0.84370376
1996,1.64069831,-0.28929722,105.922341,0.094231918,-0.567509629,0.670759019,-0.644303591,1.41511456,3.14728458,0,0,-0.323873456,13.3679873,-23.5130697,69.4828929,-6.3900838,-6.70930677,-17.212898,-3.78229836,-20.2607351,36.1430422,70.0194999,14.317189,-2.39264429,18.3578307,-9.37972376,2.37463821,-1.28219182,14.9971642,-5.33980134,-2.52865321,-8.6409022,-1.92443824,-5.49568333,16.0076633,-7.15937697,0.84370376
1997,1.64069831,-0.28929722,105.922341,0.094231918,-0.567509629,0.670759019,-0.644303591,1.41511456,3.14728458,0,0,-0.323873456,13.3679873,-23.5130697,69.4828929,-6.3900838,-6.70930677,-17.212898,-3.78229836,-20.2607351,36.1430422,70.0194999,14.317189,-2.39264429,18.3578307,-9.37972376,2.37463821,-1.28219182,14.9971642,-5.33980134,-2.52865321,-8.6409022,-1.92443824,-5.49568333,16.0076633,-7.15937697,0.84370376
1998,1.64069831,-0.28929722,105.922341,0.094231918,-0.567509629,0.670759019,-0.644303591,1.41511456,3.14728458,0,0,-0.323873456,13.3679873,-23.5130697,69.4828929,-6.3900838,-6.70930677,-17.212898,-3.78229836,-20.2607351,36.1430422,70.0194999,14.317189,-2.39264429,18.3578307,-9.37972376,2.37463821,-1.28219182,14.9971642,-5.33980134,-2.52865321,-8.6409022,-1.92443824,-5.49568333,16.0076633,-7.15937697,0.84370376
1999,1.64069831,-0.28929722,105.922341,0.094231918,-0.567509629,0.670759019,-0.644303591,1.41511456,3.14728458,0,0,-0.323873456,13.3679873,-23.5130697,69.4828929,-6.3900838,-6.70930677,-17.212898,-3.78229836,-20.2607351,36.1430422,70.0194999,14.317189,-2.39264429,18.3578307,-9.37972376,2.37463821,-1.28219182,14.9971642,-5.33980134,-2.52865321,-8.6409022,-1.92443824,-5.49568333,16.0076633,-7.15937697,0.84370376
2000,1.64069831,-0.28929722,105.922341,0.094231918,-0.567509629,0.670759019,-0.644303591,1.41511456,3.14728458,0,0,-0.323873456,13.3679873,-23.5130697,69.4828929,-6.3900838,-6.70930677,-17.212898,-3.78229836,-20.2607351,36.1430422,70.0194999,14.317189,-2.39264429,18.3578307,-9.37972376,2.37463821,-1.28219182,14.9971642,-5.33980134,-2.52865321,-8.6409022,-1.92443824,-5.49568333,16.0076633,-7.15937697,0.84370376
2001,1.64069831,-0.28929722,105.922341,0.094231918,-0.567509629,0.670759019,-0.644303591,1.41511456,3.14728458,0,0,-0.323873456,13.3679873,-23.5130697,69.4828929,-6.3900838,-6.70930677,-17.212898,-3.78229836,-20.2607351,36.1430422,70.0194999,14.317189,-2.39264429,18.3578307,-9.37972376,2.37463821,-1.28219182,14.9971642,-5.33980134,-2.52865321,-8.6409022,-1.92443824,-5.49568333,16.0076633,-7.15937697,0.84370376
2002,1.64069831,-0.28929722,105.922341,0.094231918,-0.567509629,0.670759019,-0.644303591,1.41511456,3.14728458,0,0,-0.323873456,13.3679873,-23.5130697,69.4828929,-6.3900838,-6.70930677,-17.212898,-3.78229836,-20.2607351,36.1430422,70.0194999,14.317189,-2.39264429,18.3578307,-9.37972376,2.37463821,-1.28219182,14.9971642,-5.33980134,-2.52865321,-8.6409022,-1.92443824,-5.49568333,16.0076633,-7.15937697,0.84370376
2003,1.64069831,-0.28929722,105.922341,0.094231918,-0.567509629,0.670759019,-0.644303591,1.41511456,3.14728458,0,0,-0.323873456,13.3679873,-23.5130697,69.4828929,-6.3900838,-6.70930677,-17.212898,-3.78229836,-20.2607351,36.1430422,70.0194999,14.317189,-2.39264429,18.3578307,-9.37972376,2.37463821,-1.28219182,14.9971642,-5.33980134,-2.52865321,-8.6409022,-1.92443824,-5.49568333,16.0076633,-7.15937697,0.84370376
2004,1.64069831,-0.28929722,105.922341,0.094231918,-0.567509629,0.670759019,-0.644303591,1.41511456,3.14728458,0,0,-0.323873456,13.3679873,-23.5130697,69.4828929,-6.3900838,-6.70930677,-17.212898,-3.78229836,-20.2607351,36.1430422,70.0194999,14.317189,-2.39264429,18.3578307,-9.37972376,2.37463821,-1.28219182,14.9971642,-5.33980134,-2.52865321,-8.6409022,-1.92443824,-5.49568333,16.0076633,-7.15937697,0.84370376
2005,1.64069831,-0.28929722,105.922341,0.094231918,-0.567509629,0.670759019,-0.644303591,1.41511456,3.14728458,0,0,-0.323873456,13.3679873,-23.5130697,69.4828929,-6.3900838,-6.70930677,-17.212898,-3.78229836,-20.2607351,36.1430422,70.0194999,14.317189,-2.39264429,18.3578307,-9.37972376,2.37463821,-1.28219182,14.9971642,-5.33980134,-2.52865321,-8.6409022,-1.92443824,-5.49568333,16.0076633,-7.15937697,0.84370376
2006,1.64069831,-0.28929722,105.922341,0.094231918,-0.567509629,0.670759019,-0.644303591,1.41511456,3.14728458,0,0,-0.323873456,13.3679873,-23.5130697,69.4828929,-6.3900838,-6.70930677,-17.212898,-3.78229836,-20.2607351,36.1430422,70.0194999,14.317189,-2.39264429,18.3578307,-9.37972376,2.37463821,-1.28219182,14.9971642,-5.33980134,-2.52865321,-8.6409022,-1.92443824,-5.49568333,16.0076633,-7.15937697,0.84370376
2007,1.64069831,-0.28929722,105.922341,0.094231918,-0.567509629,0.670759019,-0.644303591,1.41511456,3.14728458,0,0,-0.323873456,13.3679873,-23.5130697,69.4828929,-6.3900838,-6.70930677,-17.212898,-3.78229836,-20.2607351,36.1430422,70.0194999,14.317189,-2.39264429,18.3578307,-9.37972376,2.37463821,-1.28219182,14.9971642,-5.33980134,-2.52865321,-8.6409022,-1.92443824,-5.49568333,16.0076633,-7.15937697,0.84370376
2008,1.64069831,-0.28929722,105.922341,0.094231918,-0.567509629,0.670759019,-0.644303591,1.41511456,3.14728458,0,0,-0.323873456,13.3679873,-23.5130697,69.4828929,-6.3900838,-6.70930677,-17.212898,-3.78229836,-20.2607351,36.1430422,70.0194999,14.317189,-2.39264429,18.3578307,-9.37972376,2.37463821,-1.28219182,14.9971642,-5.33980134,-2.52865321,-8.6409022,-1.92443824,-5.49568333,16.0076633,-7.15937697,0.84370376
2009,1.64069831,-0.28929722,105.922341,0.094231918,-0.567509629,0.670759019,-0.644303591,1.41511456,3.14728458,0,0,-0.323873456,13.3679873,-23.5130697,69.4828929,-6.3900838,-6.70930677,-17.212898,-3.78229836,-20.2607351,36.1430422,70.0194999,14.317189,-2.39264429,18.3578307,-9.37972376,2.37463821,-1.28219182,14.9971642,-5.33980134,-2.52865321,-8.6409022,-1.92443824,-5.49568333,16.0076633,-7.15937697,0.84370376
2010,1.64069831,-0.28929722,105.922341,0.094231918,-0.567509629,0.670759019,-0.644303591,1.41511456,3.14728458,0,0,-0.323873456,13.3679873,-23.5130697,69.4828929,-6.3900838,-6.70930677,-17.212898,-3.78229836,-20.2607351,36.1430422,70.0194999,14.317189,-2.39264429,18.3578307,-9.37972376,2.37463821,-1.28219182,14.9971642,-5.33980134,-2.52865321,-8.6409022,-1.92443824,-5.49568333,16.0076633,-7.15937697,0.84370376
2011,1.64069831,-0.28929722,105.922341,0.094231918,-0.567509629,0.670759019,-0.644303591,1.41511456,3.14728458,0,0,-0.323873456,13.3679873,-23.5130697,69.4828929,-6.3900838,-6.70930677,-17.212898,-3.78229836,-20.2607351,36.1430422,70.0194999,14.317189,-2.39264429,18.3578307,-9.37972376,2.37463821,-1.28219182,14.9971642,-5.33980134,-2.52865321,-8.6409022,-1.92443824,-5.49568333,16.0076633,-7.15937697,0.84370376
2012,1.64069831,-0.28929722,105.922341,0.094231918,-0.567509629,0.670759019,-0.644303591,1.41511456,3.14728458,0,0,-0.323873456,13.3679873,-23.5130697,69.4828929,-6.3900838,-6.70930677,-17.212898,-3.78229836,-20.2607351,36.1430422,70.0194999,14.317189,-2.39264429,18.3578307,-9.37972376,2.37463821,-1.28219182,14.9971642,-5.33980134,-2.52865321,-8.6409022,-1.92443824,-5.49568333,16.0076633,-7.15937697,0.84370376
2013,1.64069831,-0.28929722,105.922341,0.094231918,-0.567509629,0.670759019,-0.644303591,1.41511456,3.14728458,0,0,-0.323873456,13.3679873,-23.5130697,69.4828929,-6.3900838,-6.70930677,-17.212898,-3.78229836,-20.2607351,36.1430422,70.0194999,14.317189,-2.39264429,18.3578307,-9.37972376,2.37463821,-1.28219182,14.9971642,-5.33980134,-2.52865321,-8.6409022,-1.92443824,-5.49568333,16.0076633,-7.15937697,0.84370376
2014,1.64069831,-0.28929722,105.922341,0.094231918,-0.567509629,0.670759019,-0.644303591,1.41511456,3.14728458,0,0,-0.323873456,13.3679873,-23.5130697,69.4828929,-6.3900838,-6.70930677,-17.212898,-3.78229836,-20.2607351,36.1430422,70.0194999,14.317189,-2.39264429,18.3578307,-9.37972376,2.37463821,-1.28219182,14.9971642,-5.33980134,-2.52865321,-8.6409022,-1.92443824,-5.49568333,16.0076633,-7.15937697,0.84370376
2015,1.64069831,-0.28929722,105.922341,0.094231918,-0.567509629,0.670759019,-0.644303591,1.41511456,3.14728458,0,0,-0.323873456,13.3679873,-23.5130697,69.4828929,-6.3900838,-6.70930677,-17.212898,-3.78229836,-20.2607351,36.1430422,70.0194999,14.317189,-2.39264429,18.3578307,-9.37972376,2.37463821,-1.28219182,14.9971642,-5.33980134,-2.52865321,-8.6409022,-1.92443824,-5.49568333,16.0076633,-7.15937697,0.84370376
2016,1.64069831,-0.28929722,105.922341,0.094231918,-0.567509629,0.670759019,-0.644303591,1.41511456,3.14728458,0,0,-0.323873456,13.3679873,-23.5130697,69.4828929,-6.3900838,-6.70930677,-17.212898,-3.78229836,-20.2607351,36.1430422,70.0194999,14.317189,-2.39264429,18.3578307,-9.37972376,2.37463821,-1.28219182,14.9971642,-5.33980134,-2.52865321,-8.6409022,-1.92443824,-5.49568333,16.0076633,-7.15937697,0.84370376
2017,1.64069831,-0.28929722,105.922341,0.094231918,-0.567509629,0.670759019,-0.644303591,1.41511456,3.14728458,0,0,-0.323873456,13.3679873,-23.5130697,69.4828929,-6.3900838,-6.70930677,-17.212898,-3.78229836,-20.2607351,36.1430422,70.0194999,14.317189,-2.39264429,18.3578307,-9.37972376,2.37463821,-1.28219182,14.9971642,-5.33980134,-2.52865321,-8.6409022,-1.92443824,-5.49568333,16.0076633,-7.15937697,0.84370376
2018,1.64069831,-0.28929722,105.922341,0.094231918,-0.567509629,0.670759019,-0.644303591,1.41511456,3.14728458,0,0,-0.323873456,13.3679873,-23.5130697,69.4828929,-6.3900838,-6.70930677,-17.212898,-3.78229836,-20.2607351,36.1430422,70.0194999,14.317189,-2.39264429,18.3578307,-9.37972376,2.37463821,-1.28219182,14.9971642,-5.33980134,-2.52865321,-8.6409022,-1.92443824,-5.49568333,16.0076633,-7.15937697,0.84370376
2019,1.64069831,-0.28929722,105.922341,0.094231918,-0.567509629,0.670759019,-0.644303591,1.41511456,3.14728458,0,0,-0.323873456,13.3679873,-23.5130697,69.4828929,-6.3900838,-6.70930677,-17.212898,-3.78229836,-20.2607351,36.1430422,70.0194999,14.317189,-2.39264429,18.3578307,-9.37972376,2.37463821,-1.28219182,14.9971642,-5.33980134,-2.52865321,-8.6409022,-1.92443824,-5.49568333,16.0076633,-7.15937697,0.84370376
2020,1.64069831,-0.28929722,105.922341,0.094231918,-0.567509629,0.670759019,-0.644303591,1.41511456,3.14728458,0,0,-0.323873456,13.3679873,-23.5130697,69.4828929,-6.3900838,-6.70930677,-17.212898,-3.78229836,-20.2607351,36.1430422,70.0194999,14.317189,-2.39264429,18.3578307,-9.37972376,2.37463821,-1.28219182,14.9971642,-5.33980134,-2.52865321,-8.6409022,-1.92443824,-5.49568333,16.0076633,-7.15937697,0.84370376
2021,1.64069831,-0.28929722,105.922341,0.094231918,-0.567509629,0.670759019,-0.644303591,1.41511456,3.14728458,0,0,-0.323873456,13.3679873,-23.5130697,69.4828929,-6.3900838,-6.70930677,-17.212898,-3.78229836,-20.2607351,36.1430422,70.0194999,14.317189,-2.39264429,18.3578307,-9.37972376,2.37463821,-1.28219182,14.9971642,-5.33980134,-2.52865321,-8.6409022,-1.92443824,-5.49568333,16.0076633,-7.15937697,0.84370376
2022,1.64069831,-0.28929722,105.922341,0.094231918,-0.567509629,0.670759019,-0.644303591,1.41511456,3.14728458,0,0,-0.323873456,13.3679873,-23.5130697,69.4828929,-6.3900838,-6.70930677,-17.212898,-3.78229836,-20.2607351,36.1430422,70.0194999,14.317189,-2.39264429,18.3578307,-9.37972376,2.37463821,-1.28219182,14.9971642,-5.33980134,-2.52865321,-8.6409022,-1.92443824,-5.49568333,16.0076633,-7.15937697,0.84370376
2023,1.64069831,-0.28929722,105.922341,0.094231918,-0.567509629,0.670759019,-0.644303591,1.41511456,3.14728458,0,0,-0.323873456,13.3679873,-23.5130697,69.4828929,-6.3900838,-6.70930677,-17.212898,-3.78229836,-20.2607351,36.1430422,70.0194999,14.317189,-2.39264429,18.3578307,-9.37972376,2.37463821,-1.28219182,14.9971642,-5.33980134,-2.52865321,-8.6409022,-1.92443824,-5.49568333,16.0076633,-7.15937697,0.84370376
2024,1.64069831,-0.28929722,105.922341,0.094231918,-0.567509629,0.670759019,-0.644303591,1.41511456,3.14728458,0,0,-0.323873456,13.3679873,-23.5130697,69.4828929,-6.3900838,-6.70930677,-17.212898,-3.78229836,-20.2607351,36.1430422,70.0194999,14.317189,-2.39264429,18.3578307,-9.37972376,2.37463821,-1.28219182,14.9971642,-5.33980134,-2.52865321,-8.6409022,-1.92443824,-5.49568333,16.0076633,-7.15937697,0.84370376
2025,1.64069831,-0.28929722,105.922341,0.094231918,-0.567509629,0.670759019,-0.644303591,1.41511456,3.14728458,0,0,-0.323873456,13.3679873,-23.5130697,69.4828929,-6.3900838,-6.70930677,-17.212898,-3.78229836,-20.2607351,36.1430422,70.0194999,14.317189,-2.39264429,18.3578307,-9.37972376,2.37463821,-1.28219182,14.9971642,-5.33980134,-2.52865321,-8.6409022,-1.92443824,-5.49568333,16.0076633,-7.15937697,0.84370376
2026,1.64069831,-0.28929722,105.922341,0.094231918,-0.567509629,0.670759019,-0.644303591,1.41511456,3.14728458,0,0,-0.323873456,13.3679873,-23.5130697,69.4828929,-6.3900838,-6.70930677,-17.212898,-3.78229836,-20.2607351,36.1430422,70.0194999,14.317189,-2.39264429,18.3578307,-9.37972376,2.37463821,-1.28219182,14.9971642,-5.33980134,-2.52865321,-8.6409022,-1.92443824,-5.49568333,16.0076633,-7.15937697,0.84370376
2027,1.64069831,-0.28929722,105.922341,0.094231918,-0.567509629,0.670759019,-0.644303591,1.41511456,3.14728458,0,0,-0.323873456,13.3679873,-23.5130697,69.4828929,-6.3900838,-6.70930677,-17.212898,-3.78229836,-20.2607351,36.1430422,70.0194999,14.317189,-2.39264429,18.3578307,-9.37972376,2.37463821,-1.28219182,14.9971642,-5.33980134,-2.52865321,-8.6409022,-1.92443824,-5.49568333,16.0076633,-7.15937697,0.84370376
2028,1.64069831,-0.28929722,105.922341,0.094231918,-0.567509629,0.670759019,-0.644303591,1.41511456,3.14728458,0,0,-0.323873456,13.3679873,-23.5130697,69.4828929,-6.3900838,-6.70930677,-17.212898,-3.78229836,-20.2607351,36.1430422,70.0194999,14.317189,-2.39264429,18.3578307,-9.37972376,2.37463821,-1.28219182,14.9971642,-5.33980134,-2.52865321,-8.6409022,-1.92443824,-5.49568333,16.0076633,-7.15937697,0.84370376
2029,1.64069831,-0.28929722,105.922341,0.094231918,-0.567509629,0.670759019,-0.644303591,1.41511456,3.14728458,0,0,-0.323873456,13.3679873,-23.5130697,69.4828929,-6.3900838,-6.70930677,-17.212898,-3.78229836,-20.2607351,36.1430422,70.0194999,14.317189,-2.39264429,18.3578307,-9.37972376,2.37463821,-1.28219182,14.9971642,-5.33980134,-2.52865321,-8.6409022,-1.92443824,-5.49568333,16.0076633,-7.15937697,0.84370376
2030,1.64069831,-0.28929722,105.922341,0.094231918,-0.567509629,0.670759019,-0.644303591,1.41511456,3.14728458,0,0,-0.323873456,13.3679873,-23.5130697,69.4828929,-6.3900838,-6.70930677,-17.212898,-3.78229836,-20.2607351,36.1430422,70.0194999,14.317189,-2.39264429,18.3578307,-9.37972376,2.37463821,-1.28219182,14.9971642,-5.33980134,-2.52865321,-8.6409022,-1.92443824,-5.49568333,16.0076633,-7.15937697,0.84370376
2031,1.64069831,-0.28929722,105.922341,0.094231918,-0.567509629,0.670759019,-0.644303591,1.41511456,3.14728458,0,0,-0.323873456,13.3679873,-23.5130697,69.4828929,-6.3900838,-6.70930677,-17.212898,-3.78229836,-20.2607351,36.1430422,70.0194999,14.317189,-2.39264429,18.3578307,-9.37972376,2.37463821,-1.28219182,14.9971642,-5.33980134,-2.52865321,-8.6409022,-1.92443824,-5.49568333,16.0076633,-7.15937697,0.84370376
2032,1.64069831,-0.28929722,105.922341,0.094231918,-0.567509629,0.670759019,-0.644303591,1.41511456,3.14728458,0,0,-0.323873456,13.3679873,-23.5130697,69.4828929,-6.3900838,-6.70930677,-17.212898,-3.78229836,-20.2607351,36.1430422,70.0194999,14.317189,-2.39264429,18.3578307,-9.37972376,2.37463821,-1.28219182,14.9971642,-5.33980134,-2.52865321,-8.6409022,-1.92443824,-5.49568333,16.0076633,-7.15937697,0.84370376
2033,1.64069831,-0.28929722,105.922341,0.094231918,-0.567509629,0.670759019,-0.644303591,1.41511456,3.14728458,0,0,-0.323873456,13.3679873,-23.5130697,69.4828929,-6.3900838,-6.70930677,-17.212898,-3.78229836,-20.2607351,36.1430422,70.0194999,14.317189,-2.39264429,18.3578307,-9.37972376,2.37463821,-1.28219182,14.9971642,-5.33980134,-2.52865321,-8.6409022,-1.92443824,-5.49568333,16.0076633,-7.15937697,0.84370376
2034,1.64069831,-0.28929722,105.922341,0.094231918,-0.567509629,0.670759019,-0.644303591,1.41511456,3.14728458,0,0,-0.323873456,13.3679873,-23.5130697,69.4828929,-6.3900838,-6.70930677,-17.212898,-3.78229836,-20.2607351,36.1430422,70.0194999,14.317189,-2.39264429,18.3578307,-9.37972376,2.37463821,-1.28219182,14.9971642,-5.33980134,-2.52865321,-8.6409022,-1.92443824,-5.49568333,16.0076633,-7.15937697,0.84370376
2035,1.64069831,-0.28929722,105.922341,0.094231918,-0.567509629,0.670759019,-0.644303591,1.41511456,3.14728458,0,0,-0.323873456,13.3679873,-23.5130697,69.4828929,-6.3900838,-6.70930677,-17.212898,-3.78229836,-20.2607351,36.1430422,70.0194999,14.317189,-2.39264429,18.3578307,-9.37972376,2.37463821,-1.28219182,14.9971642,-5.33980134,-2.52865321,-8.6409022,-1.92443824,-5.49568333,16.0076633,-7.15937697,0.84370376
2036,1.64069831,-0.28929722,105.922341,0.094231918,-0.567509629,0.670759019,-0.644303591,1.41511456,3.14728458,0,0,-0.323873456,13.3679873,-23.5130697,69.4828929,-6.3900838,-6.70930677,-17.212898,-3.78229836,-20.2607351,36.1430422,70.0194999,14.317189,-2.39264429,18.3578307,-9.37972376,2.37463821,-1.28219182,14.9971642,-5.33980134,-2.52865321,-8.6409022,-1.92443824,-5.49568333,16.0076633,-7.15937697,0.84370376
2037,1.64069831,-0.28929722,105.922341,0.094231918,-0.567509629,0.670759019,-0.644303591,1.41511456,3.14728458,0,0,-0.323873456,13.3679873,-23.5130697,69.4828929,-6.3900838,-6.70930677,-17.212898,-3.78229836,-20.2607351,36.1430422,70.0194999,14.317189,-2.39264429,18.3578307,-9.37972376,2.37463821,-1.28219182,14.9971642,-5.33980134,-2.52865321,-8.6409022,-1.92443824,-5.49568333,16.0076633,-7.15937697,0.84370376
2038,1.64069831,-0.28929722,105.922341,0.094231918,-0.567509629,0.670759019,-0.644303591,1.41511456,3.14728458,0,0,-0.323873456,13.3679873,-23.5130697,69.4828929,-6.3900838,-6.70930677,-17.212898,-3.78229836,-20.2607351,36.1430422,70.0194999,14.317189,-2.39264429,18.3578307,-9.37972376,2.37463821,-1.28219182,14.9971642,-5.33980134,-2.52865321,-8.6409022,-1.92443824,-5.49568333,16.0076633,-7.15937697,0.84370376
2039,1.64069831,-0.28929722,105.922341,0.094231918,-0.567509629,0.670759019,-0.644303591,1.41511456,3.14728458,0,0,-0.323873456,13.3679873,-23.5130697,69.4828929,-6.3900838,-6.70930677,-17.212898,-3.78229836,-20.2607351,36.1430422,70.0194999,14.317189,-2.39264429,18.3578307,-9.37972376,2.37463821,-1.28219182,14.9971642,-5.33980134,-2.52865321,-8.6409022,-1.92443824,-5.49568333,16.0076633,-7.15937697,0.84370376
2040,1.64069831,-0.28929722,105.922341,0.094231918,-0.567509629,0.670759019,-0.644303591,1.41511456,3.14728458,0,0,-0.323873456,13.3679873,-23.5130697,69.4828929,-6.3900838,-6.70930677,-17.212898,-3.78229836,-20.2607351,36.1430422,70.0194999,14.317189,-2.39264429,18.3578307,-9.37972376,2.37463821,-1.28219182,14.9971642,-5.33980134,-2.52865321,-8.6409022,-1.92443824,-5.49568333,16.0076633,-7.15937697,0.84370376
2041,1.64069831,-0.28929722,105.922341,0.094231918,-0.567509629,0.670759019,-0.644303591,1.41511456,3.14728458,0,0,-0.323873456,13.3679873,-23.5130697,69.4828929,-6.3900838,-6.70930677,-17.212898,-3.78229836,-20.2607351,36.1430422,70.0194999,14.317189,-2.39264429,18.3578307,-9.37972376,2.37463821,-1.28219182,14.9971642,-5.33980134,-2.52865321,-8.6409022,-1.92443824,-5.49568333,16.0076633,-7.15937697,0.84370376
2042,1.64069831,-0.28929722,105.922341,0.094231918,-0.567509629,0.670759019,-0.644303591,1.41511456,3.14728458,0,0,-0.323873456,13.3679873,-23.5130697,69.4828929,-6.3900838,-6.70930677,-17.212898,-3.78229836,-20.2607351,36.1430422,70.0194999,14.317189,-2.39264429,18.3578307,-9.37972376,2.37463821,-1.28219182,14.9971642,-5.33980134,-2.52865321,-8.6409022,-1.92443824,-5.49568333,16.0076633,-7.15937697,0.84370376
2043,1.64069831,-0.28929722,105.922341,0.094231918,-0.567509629,0.670759019,-0.644303591,1.41511456,3.14728458,0,0,-0.323873456,13.3679873,-23.5130697,69.4828929,-6.3900838,-6.70930677,-17.212898,-3.78229836,-20.2607351,36.1430422,70.0194999,14.317189,-2.39264429,18.3578307,-9.37972376,2.37463821,-1.28219182,14.9971642,-5.33980134,-2.52865321,-8.6409022,-1.92443824,-5.49568333,16.0076633,-7.15937697,0.84370376
2044,1.64069831,-0.28929722,105.922341,0.094231918,-0.567509629,0.670759019,-0.644303591,1.41511456,3.14728458,0,0,-0.323873456,13.3679873,-23.5130697,69.4828929,-6.3900838,-6.70930677,-17.212898,-3.78229836,-20.2607351,36.1430422,70.0194999,14.317189,-2.39264429,18.3578307,-9.37972376,2.37463821,-1.28219182,14.9971642,-5.33980134,-2.52865321,-8.6409022,-1.92443824,-5.49568333,16.0076633,-7.15937697,0.84370376
2045,1.64069831,-0.28929722,105.922341,0.094231918,-0.567509629,0.670759019,-0.644303591,1.41511456,3.14728458,0,0,-0.323873456,13.3679873,-23.5130697,69.4828929,-6.3900838,-6.70930677,-17.212898,-3.78229836,-20.2607351,36.1430422,70.0194999,14.317189,-2.39264429,18.3578307,-9.37972376,2.37463821,-1.28219182,14.9971642,-5.33980134,-2.52865321,-8.6409022,-1.92443824,-5.49568333,16.0076633,-7.15937697,0.84370376
2046,1.64069831,-0.28929722,105.922341,0.094231918,-0.567509629,0.670759019,-0.644303591,1.41511456,3.14728458,0,0,-0.323873456,13.3679873,-23.5130697,69.4828929,-6.3900838,-6.70930677,-17.212898,-3.78229836,-20.2607351,36.1430422,70.0194999,14.317189,-2.39264429,18.3578307,-9.37972376,2.37463821,-1.28219182,14.9971642,-5.33980134,-2.52865321,-8.6409022,-1.92443824,-5.49568333,16.0076633,-7.15937697,0.84370376
2047,1.64069831,-0.28929722,105.922341,0.094231918,-0.567509629,0.670759019,-0.644303591,1.41511456,3.14728458,0,0,-0.323873456,13.3679873,-23.5130697,69.4828929,-6.3900838,-6.70930677,-17.212898,-3.78229836,-20.2607351,36.1430422,70.0194999,14.317189,-2.39264429,18.3578307,-9.37972376,2.37463821,-1.28219182,14.9971642,-5.33980134,-2.52865321,-8.6409022,-1.92443824,-5.49568333,16.0076633,-7.15937697,0.84370376
2048,1.64069831,-0.28929722,105.922341,0.094231918,-0.567509629,0.670759019,-0.644303591,1.41511456,3.14728458,0,0,-0.323873456,13.3679873,-23.5130697,69.4828929,-6.3900838,-6.70930677,-17.212898,-3.78229836,-20.2607351,36.1430422,70.0194999,14.317189,-2.39264429,18.3578307,-9.37972376,2.37463821,-1.28219182,14.9971642,-5.33980134,-2.52865321,-8.6409022,-1.92443824,-5.49568333,16.0076633,-7.15937697,0.84370376
2049,1.64069831,-0.28929722,105.922341,0.094231918,-0.567509629,0.670759019,-0.644303591,1.41511456,3.14728458,0,0,-0.323873456,13.3679873,-23.5130697,69.4828929,-6.3900838,-6.70930677,-17.212898,-3.78229836,-20.2607351,36.1430422,70.0194999,14.317189,-2.39264429,18.3578307,-9.37972376,2.37463821,-1.28219182,14.9971642,-5.33980134,-2.52865321,-8.6409022,-1.92443824,-5.49568333,16.0076633,-7.15937697,0.84370376
2050,1.64069831,-0.28929722,105.922341,0.094231918,-0.567509629,0.670759019,-0.644303591,1.41511456,3.14728458,0,0,-0.323873456,13.3679873,-23.5130697,69.4828929,-6.3900838,-6.70930677,-17.212898,-3.78229836,-20.2607351,36.1430422,70.0194999,14.317189,-2.39264429,18.3578307,-9.37972376,2.37463821,-1.28219182,14.9971642,-5.33980134,-2.52865321,-8.6409022,-1.92443824,-5.49568333,16.0076633,-7.15937697,0.84370376
2051,1.64069831,-0.28929722,105.922341,0.094231918,-0.567509629,0.670759019,-0.644303591,1.41511456,3.14728458,0,0,-0.323873456,13.3679873,-23.5130697,69.4828929,-6.3900838,-6.70930677,-17.212898,-3.78229836,-20.2607351,36.1430422,70.0194999,14.317189,-2.39264429,18.3578307,-9.37972376,2.37463821,-1.28219182,14.9971642,-5.33980134,-2.52865321,-8.6409022,-1.92443824,-5.49568333,16.0076633,-7.15937697,0.84370376
2052,1.64069831,-0.28929722,105.922341,0.094231918,-0.567509629,0.670759019,-0.644303591,1.41511456,3.14728458,0,0,-0.323873456,13.3679873,-23.5130697,69.4828929,-6.3900838,-6.70930677,-17.212898,-3.78229836,-20.2607351,36.1430422,70.0194999,14.317189,-2.39264429,18.3578307,-9.37972376,2.37463821,-1.28219182,14.9971642,-5.33980134,-2.52865321,-8.6409022,-1.92443824,-5.49568333,16.0076633,-7.15937697,0.84370376
2053,1.64069831,-0.28929722,105.922341,0.094231918,-0.567509629,0.670759019,-0.644303591,1.41511456,3.14728458,0,0,-0.323873456,13.3679873,-23.5130697,69.4828929,-6.3900838,-6.70930677,-17.212898,-3.78229836,-20.2607351,36.1430422,70.0194999,14.317189,-2.39264429,18.3578307,-9.37972376,2.37463821,-1.28219182,14.9971642,-5.33980134,-2.52865321,-8.6409022,-1.92443824,-5.49568333,16.0076633,-7.15937697,0.84370376
2054,1.64069831,-0.28929722,105.922341,0.094231918,-0.567509629,0.670759019,-0.644303591,1.41511456,3.14728458,0,0,-0.323873456,13.3679873,-23.5130697,69.4828929,-6.3900838,-6.70930677,-17.212898,-3.78229836,-20.2607351,36.1430422,70.0194999,14.317189,-2.39264429,18.3578307,-9.37972376,2.37463821,-1.28219182,14.9971642,-5.33980134,-2.52865321,-8.6409022,-1.92443824,-5.49568333,16.0076633,-7.15937697,0.84370376
2055,1.64069831,-0.28929722,105.922341,0.094231918,-0.567509629,0.670759019,-0.644303591,1.41511456,3.14728458,0,0,-0.323873456,13.3679873,-23.5130697,69.4828929,-6.3900838,-6.70930677,-17.212898,-3.78229836,-20.2607351,36.1430422,70.0194999,14.317189,-2.39264429,18.3578307,-9.37972376,2.37463821,-1.28219182,14.9971642,-5.33980134,-2.52865321,-8.6409022,-1.92443824,-5.49568333,16.0076633,-7.15937697,0.84370376
2056,1.64069831,-0.28929722,105.922341,0.094231918,-0.567509629,0.670759019,-0.644303591,1.41511456,3.14728458,0,0,-0.323873456,13.3679873,-23.5130697,69.4828929,-6.3900838,-6.70930677,-17.212898,-3.78229836,-20.2607351,36.1430422,70.0194999,14.317189,-2.39264429,18.3578307,-9.37972376,2.37463821,-1.28219182,14.9971642,-5.33980134,-2.52865321,-8.6409022,-1.92443824,-5.49568333,16.0076633,-7.15937697,0.84370376
2057,1.64069831,-0.28929722,105.922341,0.094231918,-0.567509629,0.670759019,-0.644303591,1.41511456,3.14728458,0,0,-0.323873456,13.3679873,-23.5130697,69.4828929,-6.3900838,-6.70930677,-17.212898,-3.78229836,-20.2607351,36.1430422,70.0194999,14.317189,-2.39264429,18.3578307,-9.37972376,2.37463821,-1.28219182,14.9971642,-5.33980134,-2.52865321,-8.6409022,-1.92443824,-5.49568333,16.0076633,-7.15937697,0.84370376
2058,1.64069831,-0.28929722,105.922341,0.094231918,-0.567509629,0.670759019,-0.644303591,1.41511456,3.14728458,0,0,-0.323873456,13.3679873,-23.5130697,69.4828929,-6.3900838,-6.70930677,-17.212898,-3.78229836,-20.2607351,36.1430422,70.0194999,14.317189,-2.39264429,18.3578307,-9.37972376,2.37463821,-1.28219182,14.9971642,-5.33980134,-2.52865321,-8.6409022,-1.92443824,-5.49568333,16.0076633,-7.15937697,0.84370376
2059,1.64069831,-0.28929722,105.922341,0.094231918,-0.567509629,0.670759019,-0.644303591,1.41511456,3.14728458,0,0,-0.323873456,13.3679873,-23.5130697,69.4828929,-6.3900838,-6.70930677,-17.212898,-3.78229836,-20.2607351,36.1430422,70.0194999,14.317189,-2.39264429,18.3578307,-9.37972376,2.37463821,-1.28219182,14.9971642,-5.33980134,-2.52865321,-8.6409022,-1.92443824,-5.49568333,16.0076633,-7.15937697,0.84370376
2060,1.64069831,-0.28929722,105.922341,0.094231918,-0.567509629,0.670759019,-0.644303591,1.41511456,3.14728458,0,0,-0.323873456,13.3679873,-23.5130697,69.4828929,-6.3900838,-6.70930677,-17.212898,-3.78229836,-20.2607351,36.1430422,70.0194999,14.317189,-2.39264429,18.3578307,-9.37972376,2.37463821,-1.28219182,14.9971642,-5.33980134,-2.52865321,-8.6409022,-1.92443824,-5.49568333,16.0076633,-7.15937697,0.84370376
2061,1.64069831,-0.28929722,105.922341,0.094231918,-0.567509629,0.670759019,-0.644303591,1.41511456,3.14728458,0,0,-0.323873456,13.3679873,-23.5130697,69.4828929,-6.3900838,-6.70930677,-17.212898,-3.78229836,-20.2607351,36.1430422,70.0194999,14.317189,-2.39264429,18.3578307,-9.37972376,2.37463821,-1.28219182,14.9971642,-5.33980134,-2.52865321,-8.6409022,-1.92443824,-5.49568333,16.0076633,-7.15937697,0.84370376
2062,1.64069831,-0.28929722,105.922341,0.094231918,-0.567509629,0.670759019,-0.644303591,1.41511456,3.14728458,0,0,-0.323873456,13.3679873,-23.5130697,69.4828929,-6.3900838,-6.70930677,-17.212898,-3.78229836,-20.2607351,36.1430422,70.0194999,14.317189,-2.39264429,18.3578307,-9.37972376,2.37463821,-1.28219182,14.9971642,-5.33980134,-2.52865321,-8.6409022,-1.92443824,-5.49568333,16.0076633,-7.15937697,0.84370376
2063,1.64069831,-0.28929722,105.922341,0.094231918,-0.567509629,0.670759019,-0.644303591,1.41511456,3.14728458,0,0,-0.323873456,13.3679873,-23.5130697,69.4828929,-6.3900838,-6.70930677,-17.212898,-3.78229836,-20.2607351,36.1430422,70.0194999,14.317189,-2.39264429,18.3578307,-9.37972376,2.37463821,-1.28219182,14.9971642,-5.33980134,-2.52865321,-8.6409022,-1.92443824,-5.49568333,16.0076633,-7.15937697,0.84370376
2064,1.64069831,-0.28929722,105.922341,0.094231918,-0.567509629,0.670759019,-0.644303591,1.41511456,3.14728458,0,0,-0.323873456,13.3679873,-23.5130697,69.4828929,-6.3900838,-6.70930677,-17.212898,-3.78229836,-20.2607351,36.1430422,70.0194999,14.317189,-2.39264429,18.3578307,-9.37972376,2.37463821,-1.28219182,14.9971642,-5.33980134,-2.52865321,-8.6409022,-1.92443824,-5.49568333,16.0076633,-7.15937697,0.84370376
2065,1.64069831,-0.28929722,105.922341,0.094231918,-0.567509629,0.670759019,-0.644303591,1.41511456,3.14728458,0,0,-0.323873456,13.3679873,-23.5130697,69.4828929,-6.3900838,-6.70930677,-17.212898,-3.78229836,-20.2607351,36.1430422,70.0194999,14.317189,-2.39264429,18.3578307,-9.37972376,2.37463821,-1.28219182,14.9971642,-5.33980134,-2.52865321,-8.6409022,-1.92443824,-5.49568333,16.0076633,-7.15937697,0.84370376
2066,1.64069831,-0.28929722,105.922341,0.094231918,-0.567509629,0.670759019,-0.644303591,1.41511456,3.14728458,0,0,-0.323873456,13.3679873,-23.5130697,69.4828929,-6.3900838,-6.70930677,-17.212898,-3.78229836,-20.2607351,36.1430422,70.0194999,14.317189,-2.39264429,18.3578307,-9.37972376,2.37463821,-1.28219182,14.9971642,-5.33980134,-2.52865321,-8.6409022,-1.92443824,-5.49568333,16.0076633,-7.15937697,0.84370376
2067,1.64069831,-0.28929722,105.922341,0.094231918,-0.567509629,0.670759019,-0.644303591,1.41511456,3.14728458,0,0,-0.323873456,13.3679873,-23.5130697,69.4828929,-6.3900838,-6.70930677,-17.212898,-3.78229836,-20.2607351,36.1430422,70.0194999,14.317189,-2.39264429,18.3578307,-9.37972376,2.37463821,-1.28219182,14.9971642,-5.33980134,-2.52865321,-8.6409022,-1.92443824,-5.49568333,16.0076633,-7.15937697,0.84370376
2068,1.64069831,-0.28929722,105.922341,0.094231918,-0.567509629,0.670759019,-0.644303591,1.41511456,3.14728458,0,0,-0.323873456,13.3679873,-23.5130697,69.4828929,-6.3900838,-6.70930677,-17.212898,-3.78229836,-20.2607351,36.1430422,70.0194999,14.317189,-2.39264429,18.3578307,-9.37972376,2.37463821,-1.28219182,14.9971642,-5.33980134,-2.52865321,-8.6409022,-1.92443824,-5.49568333,16.0076633,-7.15937697,0.84370376
2069,1.64069831,-0.28929722,105.922341,0.094231918,-0.567509629,0.670759019,-0.644303591,1.41511456,3.14728458,0,0,-0.323873456,13.3679873,-23.5130697,69.4828929,-6.3900838,-6.70930677,-17.212898,-3.78229836,-20.2607351,36.1430422,70.0194999,14.317189,-2.39264429,18.3578307,-9.37972376,2.37463821,-1.28219182,14.9971642,-5.33980134,-2.52865321,-8.6409022,-1.92443824,-5.49568333,16.0076633,-7.15937697,0.84370376
2070,1.64069831,-0.28929722,105.922341,0.094231918,-0.567509629,0.670759019,-0.644303591,1.41511456,3.14728458,0,0,-0.323873456,13.3679873,-23.5130697,69.4828929,-6.3900838,-6.70930677,-17.212898,-3.78229836,-20.2607351,36.1430422,70.0194999,14.317189,-2.39264429,18.3578307,-9.37972376,2.37463821,-1.28219182,14.9971642,-5.33980134,-2.52865321,-8.6409022,-1.92443824,-5.49568333,16.0076633,-7.15937697,0.84370376
2071,1.64069831,-0.28929722,105.922341,0.094231918,-0.567509629,0.670759019,-0.644303591,1.41511456,3.14728458,0,0,-0.323873456,13.3679873,-23.5130697,69.4828929,-6.3900838,-6.70930677,-17.212898,-3.78229836,-20.2607351,36.1430422,70.0194999,14.317189,-2.39264429,18.3578307,-9.37972376,2.37463821,-1.28219182,14.9971642,-5.33980134,-2.52865321,-8.6409022,-1.92443824,-5.49568333,16.0076633,-7.15937697,0.84370376
2072,1.64069831,-0.28929722,105.922341,0.094231918,-0.567509629,0.670759019,-0.644303591,1.41511456,3.14728458,0,0,-0.323873456,13.3679873,-23.5130697,69.4828929,-6.3900838,-6.70930677,-17.212898,-3.78229836,-20.2607351,36.1430422,70.0194999,14.317189,-2.39264429,18.3578307,-9.37972376,2.37463821,-1.28219182,14.9971642,-5.33980134,-2.52865321,-8.6409022,-1.92443824,-5.49568333,16.0076633,-7.15937697,0.84370376
2073,1.64069831,-0.28929722,105.922341,0.094231918,-0.567509629,0.670759019,-0.644303591,1.41511456,3.14728458,0,0,-0.323873456,13.3679873,-23.5130697,69.4828929,-6.3900838,-6.70930677,-17.212898,-3.78229836,-20.2607351,36.1430422,70.0194999,14.317189,-2.39264429,18.3578307,-9.37972376,2.37463821,-1.28219182,14.9971642,-5.33980134,-2.52865321,-8.6409022,-1.92443824,-5.49568333,16.0076633,-7.15937697,0.84370376
2074,1.64069831,-0.28929722,105.922341,0.094231918,-0.567509629,0.670759019,-0.644303591,1.41511456,3.14728458,0,0,-0.323873456,13.3679873,-23.5130697,69.4828929,-6.3900838,-6.70930677,-17.212898,-3.78229836,-20.2607351,36.1430422,70.0194999,14.317189,-2.39264429,18.3578307,-9.37972376,2.37463821,-1.28219182,14.9971642,-5.33980134,-2.52865321,-8.6409022,-1.92443824,-5.49568333,16.0076633,-7.15937697,0.84370376
2075,1.64069831,-0.28929722,105.922341,0.094231918,-0.567509629,0.670759019,-0.644303591,1.41511456,3.14728458,0,0,-0.323873456,13.3679873,-23.5130697,69.4828929,-6.3900838,-6.70930677,-17.212898,-3.78229836,-20.2607351,36.1430422,70.0194999,14.317189,-2.39264429,18.3578307,-9.37972376,2.37463821,-1.28219182,14.9971642,-5.33980134,-2.52865321,-8.6409022,-1.92443824,-5.49568333,16.0076633,-7.15937697,0.84370376
2076,1.64069831,-0.28929722,105.922341,0.094231918,-0.567509629,0.670759019,-0.644303591,1.41511456,3.14728458,0,0,-0.323873456,13.3679873,-23.5130697,69.4828929,-6.3900838,-6.70930677,-17.212898,-3.78229836,-20.2607351,36.1430422,70.0194999,14.317189,-2.39264429,18.3578307,-9.37972376,2.37463821,-1.28219182,14.9971642,-5.33980134,-2.52865321,-8.6409022,-1.92443824,-5.49568333,16.0076633,-7.15937697,0.84370376
2077,1.64069831,-0.28929722,105.922341,0.094231918,-0.567509629,0.670759019,-0.644303591,1.41511456,3.14728458,0,0,-0.323873456,13.3679873,-23.5130697,69.4828929,-6.3900838,-6.70930677,-17.212898,-3.78229836,-20.2607351,36.1430422,70.0194999,14.317189,-2.39264429,18.3578307,-9.37972376,2.37463821,-1.28219182,14.9971642,-5.33980134,-2.52865321,-8.6409022,-1.92443824,-5.49568333,16.0076633,-7.15937697,0.84370376
2078,1.64069831,-0.28929722,105.922341,0.094231918,-0.567509629,0.670759019,-0.644303591,1.41511456,3.14728458,0,0,-0.323873456,13.3679873,-23.5130697,69.4828929,-6.3900838,-6.70930677,-17.212898,-3.78229836,-20.2607351,36.1430422,70.0194999,14.317189,-2.39264429,18.3578307,-9.37972376,2.37463821,-1.28219182,14.9971642,-5.33980134,-2.52865321,-8.6409022,-1.92443824,-5.49568333,16.0076633,-7.15937697,0.84370376
2079,1.64069831,-0.28929722,105.922341,0.094231918,-0.567509629,0.670759019,-0.644303591,1.41511456,3.14728458,0,0,-0.323873456,13.3679873,-23.5130697,69.4828929,-6.3900838,-6.70930677,-17.212898,-3.78229836,-20.2607351,36.1430422,70.0194999,14.317189,-2.39264429,18.3578307,-9.37972376,2.37463821,-1.28219182,14.9971642,-5.33980134,-2.52865321,-8.6409022,-1.92443824,-5.49568333,16.0076633,-7.15937697,0.84370376
2080,1.64069831,-0.28929722,105.922341,0.094231918,-0.567509629,0.670759019,-0.644303591,1.41511456,3.14728458,0,0,-0.323873456,13.3679873,-23.5130697,69.4828929,-6.3900838,-6.70930677,-17.212898,-3.78229836,-20.2607351,36.1430422,70.0194999,14.317189,-2.39264429,18.3578307,-9.37972376,2.37463821,-1.28219182,14.9971642,-5.33980134,-2.52865321,-8.6409022,-1.92443824,-5.49568333,16.0076633,-7.15937697,0.84370376
2081,1.64069831,-0.28929722,105.922341,0.094231918,-0.567509629,0.670759019,-0.644303591,1.41511456,3.14728458,0,0,-0.323873456,13.3679873,-23.5130697,69.4828929,-6.3900838,-6.70930677,-17.212898,-3.78229836,-20.2607351,36.1430422,70.0194999,14.317189,-2.39264429,18.3578307,-9.37972376,2.37463821,-1.28219182,14.9971642,-5.33980134,-2.52865321,-8.6409022,-1.92443824,-5.49568333,16.0076633,-7.15937697,0.84370376
2082,1.64069831,-0.28929722,105.922341,0.094231918,-0.567509629,0.670759019,-0.644303591,1.41511456,3.14728458,0,0,-0.323873456,13.3679873,-23.5130697,69.4828929,-6.3900838,-6.70930677,-17.212898,-3.78229836,-20.2607351,36.1430422,70.0194999,14.317189,-2.39264429,18.3578307,-9.37972376,2.37463821,-1.28219182,14.9971642,-5.33980134,-2.52865321,-8.6409022,-1.92443824,-5.49568333,16.0076633,-7.15937697,0.84370376
2083,1.64069831,-0.28929722,105.922341,0.094231918,-0.567509629,0.670759019,-0.644303591,1.41511456,3.14728458,0,0,-0.323873456,13.3679873,-23.5130697,69.4828929,-6.3900838,-6.70930677,-17.212898,-3.78229836,-20.2607351,36.1430422,70.0194999,14.317189,-2.39264429,18.3578307,-9.37972376,2.37463821,-1.28219182,14.9971642,-5.33980134,-2.52865321,-8.6409022,-1.92443824,-5.49568333,16.0076633,-7.15937697,0.84370376
2084,1.64069831,-0.28929722,105.922341,0.094231918,-0.567509629,0.670759019,-0.644303591,1.41511456,3.14728458,0,0,-0.323873456,13.3679873,-23.5130697,69.4828929,-6.3900838,-6.70930677,-17.212898,-3.78229836,-20.2607351,36.1430422,70.0194999,14.317189,-2.39264429,18.3578307,-9.37972376,2.37463821,-1.28219182,14.9971642,-5.33980134,-2.52865321,-8.6409022,-1.92443824,-5.49568333,16.0076633,-7.15937697,0.84370376
2085,1.64069831,-0.28929722,105.922341,0.094231918,-0.567509629,0.670759019,-0.644303591,1.41511456,3.14728458,0,0,-0.323873456,13.3679873,-23.5130697,69.4828929,-6.3900838,-6.70930677,-17.212898,-3.78229836,-20.2607351,36.1430422,70.0194999,14.317189,-2.39264429,18.3578307,-9.37972376,2.37463821,-1.28219182,14.9971642,-5.33980134,-2.52865321,-8.6409022,-1.92443824,-5.49568333,16.0076633,-7.15937697,0.84370376
2086,1.64069831,-0.28929722,105.922341,0.094231918,-0.567509629,0.670759019,-0.644303591,1.41511456,3.14728458,0,0,-0.323873456,13.3679873,-23.5130697,69.4828929,-6.3900838,-6.70930677,-17.212898,-3.78229836,-20.2607351,36.1430422,70.0194999,14.317189,-2.39264429,18.3578307,-9.37972376,2.37463821,-1.28219182,14.9971642,-5.33980134,-2.52865321,-8.6409022,-1.92443824,-5.49568333,16.0076633,-7.15937697,0.84370376
2087,1.64069831,-0.28929722,105.922341,0.094231918,-0.567509629,0.670759019,-0.644303591,1.41511456,3.14728458,0,0,-0.323873456,13.3679873,-23.5130697,69.4828929,-6.3900838,-6.70930677,-17.212898,-3.78229836,-20.2607351,36.1430422,70.0194999,14.317189,-2.39264429,18.3578307,-9.37972376,2.37463821,-1.28219182,14.9971642,-5.33980134,-2.52865321,-8.6409022,-1.92443824,-5.49568333,16.0076633,-7.15937697,0.84370376
2088,1.64069831,-0.28929722,105.922341,0.094231918,-0.567509629,0.670759019,-0.644303591,1.41511456,3.14728458,0,0,-0.323873456,13.3679873,-23.5130697,69.4828929,-6.3900838,-6.70930677,-17.212898,-3.78229836,-20.2607351,36.1430422,70.0194999,14.317189,-2.39264429,18.3578307,-9.37972376,2.37463821,-1.28219182,14.9971642,-5.33980134,-2.52865321,-8.6409022,-1.92443824,-5.49568333,16.0076633,-7.15937697,0.84370376
2089,1.64069831,-0.28929722,105.922341,0.094231918,-0.567509629,0.670759019,-0.644303591,1.41511456,3.14728458,0,0,-0.323873456,13.3679873,-23.5130697,69.4828929,-6.3900838,-6.70930677,-17.212898,-3.78229836,-20.2607351,36.1430422,70.0194999,14.317189,-2.39264429,18.3578307,-9.37972376,2.37463821,-1.28219182,14.9971642,-5.33980134,-2.52865321,-8.6409022,-1.92443824,-5.49568333,16.0076633,-7.15937697,0.84370376
2090,1.64069831,-0.28929722,105.922341,0.094231918,-0.567509629,0.670759019,-0.644303591,1.41511456,3.14728458,0,0,-0.323873456,13.3679873,-23.5130697,69.4828929,-6.3900838,-6.70930677,-17.212898,-3.78229836,-20.2607351,36.1430422,70.0194999,14.317189,-2.39264429,18.3578307,-9.37972376,2.37463821,-1.28219182,14.9971642,-5.33980134,-2.52865321,-8.6409022,-1.92443824,-5.49568333,16.0076633,-7.15937697,0.84370376
2091,1.64069831,-0.28929722,105.922341,0.094231918,-0.567509629,0.670759019,-0.644303591,1.41511456,3.14728458,0,0,-0.323873456,13.3679873,-23.5130697,69.4828929,-6.3900838,-6.70930677,-17.212898,-3.78229836,-20.2607351,36.1430422,70.0194999,14.317189,-2.39264429,18.3578307,-9.37972376,2.37463821,-1.28219182,14.9971642,-5.33980134,-2.52865321,-8.6409022,-1.92443824,-5.49568333,16.0076633,-7.15937697,0.84370376
2092,1.64069831,-0.28929722,105.922341,0.094231918,-0.567509629,0.670759019,-0.644303591,1.41511456,3.14728458,0,0,-0.323873456,13.3679873,-23.5130697,69.4828929,-6.3900838,-6.70930677,-17.212898,-3.78229836,-20.2607351,36.1430422,70.0194999,14.317189,-2.39264429,18.3578307,-9.37972376,2.37463821,-1.28219182,14.9971642,-5.33980134,-2.52865321,-8.6409022,-1.92443824,-5.49568333,16.0076633,-7.15937697,0.84370376
2093,1.64069831,-0.28929722,105.922341,0.094231918,-0.567509629,0.670759019,-0.644303591,1.41511456,3.14728458,0,0,-0.323873456,13.3679873,-23.5130697,69.4828929,-6.3900838,-6.70930677,-17.212898,-3.78229836,-20.2607351,36.1430422,70.0194999,14.317189,-2.39264429,18.3578307,-9.37972376,2.37463821,-1.28219182,14.9971642,-5.33980134,-2.52865321,-8.6409022,-1.92443824,-5.49568333,16.0076633,-7.15937697,0.84370376
2094,1.64069831,-0.28929722,105.922341,0.094231918,-0.567509629,0.670759019,-0.644303591,1.41511456,3.14728458,0,0,-0.323873456,13.3679873,-23.5130697,69.4828929,-6.3900838,-6.70930677,-17.212898,-3.78229836,-20.2607351,36.1430422,70.0194999,14.317189,-2.39264429,18.3578307,-9.37972376,2.37463821,-1.28219182,14.9971642,-5.33980134,-2.52865321,-8.6409022,-1.92443824,-5.49568333,16.0076633,-7.15937697,0.84370376
2095,1.64069831,-0.28929722,105.922341,0.094231918,-0.567509629,0.670759019,-0.644303591,1.41511456,3.14728458,0,0,-0.323873456,13.3679873,-23.5130697,69.4828929,-6.3900838,-6.70930677,-17.212898,-3.78229836,-20.2607351,36.1430422,70.0194999,14.317189,-2.39264429,18.3578307,-9.37972376,2.37463821,-1.28219182,14.9971642,-5.33980134,-2.52865321,-8.6409022,-1.92443824,-5.49568333,16.0076633,-7.15937697,0.84370376
2096,1.64069831,-0.28929722,105.922341,0.094231918,-0.567509629,0.670759019,-0.644303591,1.41511456,3.14728458,0,0,-0.323873456,13.3679873,-23.5130697,69.4828929,-6.3900838,-6.70930677,-17.212898,-3.78229836,-20.2607351,36.1430422,70.0194999,14.317189,-2.39264429,18.3578307,-9.37972376,2.37463821,-1.28219182,14.9971642,-5.33980134,-2.52865321,-8.6409022,-1.92443824,-5.49568333,16.0076633,-7.15937697,0.84370376
2097,1.64069831,-0.28929722,105.922341,0.094231918,-0.567509629,0.670759019,-0.644303591,1.41511456,3.14728458,0,0,-0.323873456,13.3679873,-23.5130697,69.4828929,-6.3900838,-6.70930677,-17.212898,-3.78229836,-20.2607351,36.1430422,70.0194999,14.317189,-2.39264429,18.3578307,-9.37972376,2.37463821,-1.28219182,14.9971642,-5.33980134,-2.52865321,-8.6409022,-1.92443824,-5.49568333,16.0076633,-7.15937697,0.84370376
2098,1.64069831,-0.28929722,105.922341,0.094231918,-0.567509629,0.670759019,-0.644303591,1.41511456,3.14728458,0,0,-0.323873456,13.3679873,-23.5130697,69.4828929,-6.3900838,-6.70930677,-17.212898,-3.78229836,-20.2607351,36.1430422,70.0194999,14.317189,-2.39264429,18.3578307,-9.37972376,2.37463821,-1.28219182,14.9971642,-5.33980134,-2.52865321,-8.6409022,-1.92443824,-5.49568333,16.0076633,-7.15937697,0.84370376
2099,1.64069831,-0.28929722,105.922341,0.094231918,-0.567509629,0.670759019,-0.644303591,1.41511456,3.14728458,0,0,-0.323873456,13.3679873,-23.5130697,69.4828929,-6.3900838,-6.70930677,-17.212898,-3.78229836,-20.2607351,36.1430422,70.0194999,14.317189,-2.39264429,18.3578307,-9.37972376,2.37463821,-1.28219182,14.9971642,-5.33980134,-2.52865321,-8.6409022,-1.92443824,-5.49568333,16.0076633,-7.15937697,0.84370376
2100,1.64069831,-0.28929722,105.922341,0.094231918,-0.567509629,0.670759019,-0.644303591,1.41511456,3.14728458,0,0,-0.323873456,13.3679873,-23.5130697,69.4828929,-6.3900838,-6.70930677,-17.212898,-3.78229836,-20.2607351,36.1430422,70.0194999,14.317189,-2.39264429,18.3578307,-9.37972376,2.37463821,-1.28219182,14.9971642,-5.33980134,-2.52865321,-8.6409022,-1.92443824,-5.49568333,16.0076633,-7.15937697,0.84370376
2101,1.64069831,-0.28929722,105.922341,0.094231918,-0.567509629,0.670759019,-0.644303591,1.41511456,3.14728458,0,0,-0.323873456,13.3679873,-23.5130697,69.4828929,-6.3900838,-6.70930677,-17.212898,-3.78229836,-20.2607351,36.1430422,70.0194999,14.317189,-2.39264429,18.3578307,-9.37972376,2.37463821,-1.28219182,14.9971642,-5.33980134,-2.52865321,-8.6409022,-1.92443824,-5.49568333,16.0076633,-7.15937697,0.84370376
2102,1.64069831,-0.28929722,105.922341,0.094231918,-0.567509629,0.670759019,-0.644303591,1.41511456,3.14728458,0,0,-0.323873456,13.3679873,-23.5130697,69.4828929,-6.3900838,-6.70930677,-17.212898,-3.78229836,-20.2607351,36.1430422,70.0194999,14.317189,-2.39264429,18.3578307,-9.37972376,2.37463821,-1.28219182,14.9971642,-5.33980134,-2.52865321,-8.6409022,-1.92443824,-5.49568333,16.0076633,-7.15937697,0.84370376
2103,1.64069831,-0.28929722,105.922341,0.094231918,-0.567509629,0.670759019,-0.644303591,1.41511456,3.14728458,0,0,-0.323873456,13.3679873,-23.5130697,69.4828929,-6.3900838,-6.70930677,-17.212898,-3.78229836,-20.2607351,36.1430422,70.0194999,14.317189,-2.39264429,18.3578307,-9.37972376,2.37463821,-1.28219182,14.9971642,-5.33980134,-2.52865321,-8.6409022,-1.92443824,-5.49568333,16.0076633,-7.15937697,0.84370376
2104,1.64069831,-0.28929722,105.922341,0.094231918,-0.567509629,0.670759019,-0.644303591,1.41511456,3.14728458,0,0,-0.323873456,13.3679873,-23.5130697,69.4828929,-6.3900838,-6.70930677,-17.212898,-3.78229836,-20.2607351,36.1430422,70.0194999,14.317189,-2.39264429,18.3578307,-9.37972376,2.37463821,-1.28219182,14.9971642,-5.33980134,-2.52865321,-8.6409022,-1.92443824,-5.49568333,16.0076633,-7.15937697,0.84370376
2105,1.64069831,-0.28929722,105.922341,0.094231918,-0.567509629,0.670759019,-0.644303591,1.41511456,3.14728458,0,0,-0.323873456,13.3679873,-23.5130697,69.4828929,-6.3900838,-6.70930677,-17.212898,-3.78229836,-20.2607351,36.1430422,70.0194999,14.317189,-2.39264429,18.3578307,-9.37972376,2.37463821,-1.28219182,14.9971642,-5.33980134,-2.52865321,-8.6409022,-1.92443824,-5.49568333,16.0076633,-7.15937697,0.84370376
2106,1.64069831,-0.28929722,105.922341,0.094231918,-0.567509629,0.670759019,-0.644303591,1.41511456,3.14728458,0,0,-0.323873456,13.3679873,-23.5130697,69.4828929,-6.3900838,-6.70930677,-17.212898,-3.78229836,-20.2607351,36.1430422,70.0194999,14.317189,-2.39264429,18.3578307,-9.37972376,2.37463821,-1.28219182,14.9971642,-5.33980134,-2.52865321,-8.6409022,-1.92443824,-5.49568333,16.0076633,-7.15937697,0.84370376
2107,1.64069831,-0.28929722,105.922341,0.094231918,-0.567509629,0.670759019,-0.644303591,1.41511456,3.14728458,0,0,-0.323873456,13.3679873,-23.5130697,69.4828929,-6.3900838,-6.70930677,-17.212898,-3.78229836,-20.2607351,36.1430422,70.0194999,14.317189,-2.39264429,18.3578307,-9.37972376,2.37463821,-1.28219182,14.9971642,-5.33980134,-2.52865321,-8.6409022,-1.92443824,-5.49568333,16.0076633,-7.15937697,0.84370376
2108,1.64069831,-0.28929722,105.922341,0.094231918,-0.567509629,0.670759019,-0.644303591,1.41511456,3.14728458,0,0,-0.323873456,13.3679873,-23.5130697,69.4828929,-6.3900838,-6.70930677,-17.212898,-3.78229836,-20.2607351,36.1430422,70.0194999,14.317189,-2.39264429,18.3578307,-9.37972376,2.37463821,-1.28219182,14.9971642,-5.33980134,-2.52865321,-8.6409022,-1.92443824,-5.49568333,16.0076633,-7.15937697,0.84370376
2109,1.64069831,-0.28929722,105.922341,0.094231918,-0.567509629,0.670759019,-0.644303591,1.41511456,3.14728458,0,0,-0.323873456,13.3679873,-23.5130697,69.4828929,-6.3900838,-6.70930677,-17.212898,-3.78229836,-20.2607351,36.1430422,70.0194999,14.317189,-2.39264429,18.3578307,-9.37972376,2.37463821,-1.28219182,14.9971642,-5.33980134,-2.52865321,-8.6409022,-1.92443824,-5.49568333,16.0076633,-7.15937697,0.84370376
2110,1.64069831,-0.28929722,105.922341,0.094231918,-0.567509629,0.670759019,-0.644303591,1.41511456,3.14728458,0,0,-0.323873456,13.3679873,-23.5130697,69.4828929,-6.3900838,-6.70930677,-17.212898,-3.78229836,-20.2607351,36.1430422,70.0194999,14.317189,-2.39264429,18.3578307,-9.37972376,2.37463821,-1.28219182,14.9971642,-5.33980134,-2.52865321,-8.6409022,-1.92443824,-5.49568333,16.0076633,-7.15937697,0.84370376
2111,1.64069831,-0.28929722,105.922341,0.094231918,-0.567509629,0.670759019,-0.644303591,1.41511456,3.14728458,0,0,-0.323873456,13.3679873,-23.5130697,69.4828929,-6.3900838,-6.70930677,-17.212898,-3.78229836,-20.2607351,36.1430422,70.0194999,14.317189,-2.39264429,18.3578307,-9.37972376,2.37463821,-1.28219182,14.9971642,-5.33980134,-2.52865321,-8.6409022,-1.92443824,-5.49568333,16.0076633,-7.15937697,0.84370376
2112,1.64069831,-0.28929722,105.922341,0.094231918,-0.567509629,0.670759019,-0.644303591,1.41511456,3.14728458,0,0,-0.323873456,13.3679873,-23.5130697,69.4828929,-6.3900838,-6.70930677,-17.212898,-3.78229836,-20.2607351,36.1430422,70.0194999,14.317189,-2.39264429,18.3578307,-9.37972376,2.37463821,-1.28219182,14.9971642,-5.33980134,-2.52865321,-8.6409022,-1.92443824,-5.49568333,16.0076633,-7.15937697,0.84370376
2113,1.64069831,-0.28929722,105.922341,0.094231918,-0.567509629,0.670759019,-0.644303591,1.41511456,3.14728458,0,0,-0.323873456,13.3679873,-23.5130697,69.4828929,-6.3900838,-6.70930677,-17.212898,-3.78229836,-20.2607351,36.1430422,70.0194999,14.317189,-2.39264429,18.3578307,-9.37972376,2.37463821,-1.28219182,14.9971642,-5.33980134,-2.52865321,-8.6409022,-1.92443824,-5.49568333,16.0076633,-7.15937697,0.84370376
2114,1.64069831,-0.28929722,105.922341,0.094231918,-0.567509629,0.670759019,-0.644303591,1.41511456,3.14728458,0,0,-0.323873456,13.3679873,-23.5130697,69.4828929,-6.3900838,-6.70930677,-17.212898,-3.78229836,-20.2607351,36.1430422,70.0194999,14.317189,-2.39264429,18.3578307,-9.37972376,2.37463821,-1.28219182,14.9971642,-5.33980134,-2.52865321,-8.6409022,-1.92443824,-5.49568333,16.0076633,-7.15937697,0.84370376
2115,1.64069831,-0.28929722,105.922341,0.094231918,-0.567509629,0.670759019,-0.644303591,1.41511456,3.14728458,0,0,-0.323873456,13.3679873,-23.5130697,69.4828929,-6.3900838,-6.70930677,-17.212898,-3.78229836,-20.2607351,36.1430422,70.0194999,14.317189,-2.39264429,18.3578307,-9.37972376,2.37463821,-1.28219182,14.9971642,-5.33980134,-2.52865321,-8.6409022,-1.92443824,-5.49568333,16.0076633,-7.15937697,0.84370376
2116,1.64069831,-0.28929722,105.922341,0.094231918,-0.567509629,0.670759019,-0.644303591,1.41511456,3.14728458,0,0,-0.323873456,13.3679873,-23.5130697,69.4828929,-6.3900838,-6.70930677,-17.212898,-3.78229836,-20.2607351,36.1430422,70.0194999,14.317189,-2.39264429,18.3578307,-9.37972376,2.37463821,-1.28219182,14.9971642,-5.33980134,-2.52865321,-8.6409022,-1.92443824,-5.49568333,16.0076633,-7.15937697,0.84370376
2117,1.64069831,-0.28929722,105.922341,0.094231918,-0.567509629,0.670759019,-0.644303591,1.41511456,3.14728458,0,0,-0.323873456,13.3679873,-23.5130697,69.4828929,-6.3900838,-6.70930677,-17.212898,-3.78229836,-20.2607351,36.1430422,70.0194999,14.317189,-2.39264429,18.3578307,-9.37972376,2.37463821,-1.28219182,14.9971642,-5.33980134,-2.52865321,-8.6409022,-1.92443824,-5.49568333,16.0076633,-7.15937697,0.84370376
2118,1.64069831,-0.28929722,105.922341,0.094231918,-0.567509629,0.670759019,-0.644303591,1.41511456,3.14728458,0,0,-0.323873456,13.3679873,-23.5130697,69.4828929,-6.3900838,-6.70930677,-17.212898,-3.78229836,-20.2607351,36.1430422,70.0194999,14.317189,-2.39264429,18.3578307,-9.37972376,2.37463821,-1.28219182,14.9971642,-5.33980134,-2.52865321,-8.6409022,-1.92443824,-5.49568333,16.0076633,-7.15937697,0.84370376
2119,1.64069831,-0.28929722,105.922341,0.094231918,-0.567509629,0.670759019,-0.644303591,1.41511456,3.14728458,0,0,-0.323873456,13.3679873,-23.5130697,69.4828929,-6.3900838,-6.70930677,-17.212898,-3.78229836,-20.2607351,36.1430422,70.0194999,14.317189,-2.39264429,18.3578307,-9.37972376,2.37463821,-1.28219182,14.9971642,-5.33980134,-2.52865321,-8.6409022,-1.92443824,-5.49568333,16.0076633,-7.15937697,0.84370376
