Frame,root_translateX,root_translateY,root_translateZ,root_rotateX,root_rotateY,root_rotateZ,waist_yaw_joint,waist_roll_joint,waist_pitch_joint,head_yaw_joint,head_pitch_joint,left_shoulder_pitch_joint,left_shoulder_roll_joint,left_shoulder_yaw_joint,left_elbow_joint,left_wrist_roll_joint,left_wrist_pitch_joint,left_wrist_yaw_joint,right_shoulder_pitch_joint,right_shoulder_roll_joint,right_shoulder_yaw_joint,right_elbow_joint,right_wrist_roll_joint,right_wrist_pitch_joint,right_wrist_yaw_joint,left_hip_pitch_joint,left_hip_roll_joint,left_hip_yaw_joint,left_knee_joint,left_ankle_pitch_joint,left_ankle_roll_joint,right_hip_pitch_joint,right_hip_roll_joint,right_hip_yaw_joint,right_knee_joint,right_ankle_pitch_joint,right_ankle_roll_joint
0,-1.45522077,0.214497792,106.030488,-1.06480971,2.25582875,0.000781174595,-0.494635576,3.94631127,-0.0665096341,0,0,-0.925978244,12.7631613,-16.3652425,71.4332944,-3.73795592,-5.84109667,-13.984785,-5.80467084,-22.4401443,37.732055,68.2181809,4.24898128,-2.91687903,19.8857457,-12.5623469,6.25826456,1.54557896,14.8679985,-4.3652883,-4.55548901,-10.1668706,-1.55061196,-7.63640677,12.8154942,-4.58792728,1.35736926
1,-1.45403231,0.218137633,106.031466,-1.06790311,2.25567024,-0.000465475309,-0.495278148,3.94564788,-0.0601576182,0,0,-0.929224932,12.7690762,-16.3807351,71.4193949,-3.76172797,-5.81765162,-13.9830211,-5.77766385,-22.3997078,37.5758657,68.2418612,4.11805936,-2.96671209,19.9380274,-12.5626355,6.2602133,1.5491154,14.8701688,-4.36724046,-4.55394966,-10.1677696,-1.54993897,-7.63161625,12.8189494,-4.58434186,1.36228699
2,-1.44843124,0.219132146,106.032026,-1.0625055,2.25801364,-0.00115147708,-0.5016362,3.93775304,-0.0692674964,0,0,-0.901933737,12.7769292,-16.4005495,71.3957693,-3.80702493,-5.81634321,-13.9412844,-5.76980145,-22.3947525,37.5668498,68.2351198,4.14436669,-2.9719692,19.9185801,-12.5614069,6.25228686,1.5518717,14.8744189,-4.37021885,-4.5701863,-10.1653518,-1.55796935,-7.62815334,12.8180222,-4.58404133,1.38500068
3,-1.44389998,0.217767712,106.025898,-1.05468611,2.26048284,-0.00199365062,-0.503868551,3.91592973,-0.0689613585,0,0,-0.908735005,12.7962715,-16.4234699,71.3974495,-3.8640792,-5.82017153,-13.9595355,-5.76671975,-22.3586003,37.5280475,68.2587112,4.10051346,-2.99041605,19.8778176,-12.5627695,6.2432723,1.55985737,14.8805387,-4.37998431,-4.56747471,-10.1627623,-1.56627678,-7.63500061,12.8128705,-4.59685392,1.3983712
4,-1.44315129,0.220797444,106.026232,-1.05197086,2.25996537,-0.0101171495,-0.497733494,3.91401514,-0.0695473674,0,0,-0.904667093,12.8200269,-16.4679327,71.3831266,-3.90989227,-5.78502338,-13.9676566,-5.76803414,-22.3629051,37.5307352,68.2558016,4.08561596,-2.99128839,19.9067776,-12.5660736,6.23874815,1.56514607,14.8924113,-4.381656,-4.56463292,-10.1636195,-1.57121757,-7.631571,12.8108001,-4.58881009,1.40231179
5,-1.43490443,0.224111881,106.026304,-1.04646207,2.26361149,-0.0158049673,-0.484125089,3.90958534,-0.0721084148,0,0,-0.910850869,12.8188589,-16.4938516,71.3855309,-3.91109567,-5.76218963,-13.9583624,-5.76098239,-22.3602669,37.5351372,68.2498457,4.09381817,-2.98625988,19.884868,-12.5644916,6.23227953,1.56809212,14.8954046,-4.3752591,-4.5720885,-10.1592737,-1.57891413,-7.61631406,12.8046188,-4.59449622,1.39284846
6,-1.42904921,0.225700205,106.024444,-1.04631051,2.26539853,-0.0106490151,-0.484638314,3.89602656,-0.0773234377,0,0,-0.915838295,12.8138934,-16.4854931,71.4083164,-3.91232126,-5.7804749,-13.9552965,-5.73834117,-22.3331101,37.4806323,68.2467857,4.06129024,-2.99636664,19.8345603,-12.5618389,6.22856989,1.57061449,14.8905603,-4.37768809,-4.56307436,-10.1584738,-1.58083597,-7.62600951,12.8090866,-4.60532762,1.3986681
7,-1.42949596,0.227492023,106.021023,-1.04115627,2.26682956,-0.0147020777,-0.49249714,3.89976139,-0.0848117196,0,0,-0.908712486,12.8615049,-16.6313296,71.3835433,-4.05882583,-5.7404073,-13.9455533,-5.73210094,-22.3370135,37.4902834,68.2401946,4.0936107,-3.00002228,19.8091947,-12.5653351,6.22080353,1.57651726,14.9007219,-4.38596798,-4.58867306,-10.1546284,-1.58755474,-7.62785537,12.7985972,-4.60894975,1.40501047
8,-1.42140053,0.233212276,106.021893,-1.04834375,2.26834142,-0.0169258368,-0.491143162,3.90357947,-0.0828014362,0,0,-0.903145135,12.8519811,-16.6402038,71.3777035,-4.07709914,-5.75087926,-13.9101191,-5.72833323,-22.3335694,37.4654181,68.2289658,4.11422293,-2.98100768,19.8043811,-12.5602688,6.22617164,1.58614516,14.899349,-4.39623931,-4.58874221,-10.1540751,-1.58340615,-7.63159661,12.805032,-4.59986133,1.42722171
9,-1.41838565,0.235708104,106.023824,-1.04398861,2.26999198,-0.0235648502,-0.486352264,3.8969354,-0.078043349,0,0,-0.894551583,12.8653597,-16.6623199,71.3542827,-4.08450093,-5.72311241,-13.8980407,-5.72047211,-22.3243794,37.4590694,68.214677,4.14632055,-2.94906758,19.7567149,-12.5623247,6.22174098,1.58757619,14.909205,-4.40202917,-4.58253186,-10.1517904,-1.58905312,-7.61984954,12.798697,-4.60266641,1.42329819
10,-1.41107161,0.239050156,106.026673,-1.05092422,2.27172693,-0.0241365279,-0.496565425,3.89370728,-0.0844021617,0,0,-0.88571636,12.8963312,-16.730492,71.3410732,-4.14629152,-5.70695005,-13.905332,-5.70768045,-22.3025552,37.4176682,68.2120815,4.04031772,-2.93025788,19.7966801,-12.5577544,6.22811696,1.58791407,14.9023373,-4.40775458,-4.57799491,-10.1539923,-1.58283167,-7.62003651,12.8080484,-4.60316074,1.42872051
11,-1.40531054,0.243124226,106.029248,-1.05713194,2.27315199,-0.0283251712,-0.493500271,3.89945745,-0.0812296389,0,0,-0.877826051,12.8886822,-16.6983526,71.3264702,-4.07784449,-5.69578781,-13.8570434,-5.69996917,-22.2913605,37.3531776,68.2234128,3.97307835,-2.95744822,19.837639,-12.5537485,6.23304494,1.58819582,14.9025319,-4.41142623,-4.58830636,-10.1554061,-1.57961539,-7.62053512,12.813417,-4.5945991,1.44558243
12,-1.39914714,0.248884223,106.028116,-1.06274503,2.27489742,-0.0373765066,-0.484882066,3.89777808,-0.0776977174,0,0,-0.885458734,12.899228,-16.7215616,71.3375078,-4.12892449,-5.73149006,-13.8898573,-5.71052394,-22.2995568,37.4368542,68.1904503,4.03665759,-2.9091225,19.810057,-12.5520461,6.23916223,1.60056433,14.9074838,-4.42822167,-4.5764944,-10.1521131,-1.57392659,-7.61541845,12.8076685,-4.59409452,1.40960932
13,-1.39340349,0.254492532,106.029415,-1.06216395,2.27571139,-0.0431607125,-0.487858374,3.90375962,-0.0795023014,0,0,-0.875636815,12.9047024,-16.7413503,71.3183901,-4.15666231,-5.7255145,-13.8780548,-5.72667435,-22.3060011,37.4718897,68.1998965,4.09294049,-2.90784696,19.8487415,-12.5517456,6.2369898,1.61483046,14.9136532,-4.42838943,-4.58038974,-10.1529609,-1.57681192,-7.61390386,12.81055,-4.5877719,1.42944867
14,-1.38539281,0.258047273,106.032348,-1.06764345,2.27679771,-0.0535465022,-0.479935462,3.89587075,-0.0832002552,0,0,-0.859495317,12.8841658,-16.6362337,71.3223721,-4.04611058,-5.73315962,-13.8496104,-5.72147402,-22.2656073,37.4502721,68.2387466,4.04520088,-2.92755952,19.8675603,-12.5488205,6.24346525,1.61537047,14.9209546,-4.44277125,-4.57444535,-10.1524581,-1.57229727,-7.59786999,12.813323,-4.58339588,1.4258578
15,-1.38287842,0.265426072,106.032956,-1.07526417,2.27570849,-0.0567927417,-0.462042607,3.91284889,-0.0733031777,0,0,-0.868803531,12.8700025,-16.64304,71.3185404,-4.06092953,-5.71982154,-13.8504437,-5.71913638,-22.2499816,37.3760143,68.2741475,3.99660408,-2.95210658,19.8664231,-12.5489247,6.24935842,1.61826647,14.9270694,-4.45349379,-4.55925671,-10.1567244,-1.56845668,-7.59661153,12.8243162,-4.58467526,1.42918549
16,-1.37555776,0.266016577,106.034863,-1.06877823,2.27793255,-0.0561801937,-0.475594503,3.90045722,-0.0769554412,0,0,-0.858723879,12.8639783,-16.5862794,71.3255618,-4.03207454,-5.7235696,-13.8614787,-5.71184687,-22.234448,37.3645567,68.2817563,4.03567704,-2.978336,19.8701114,-12.5495753,6.24101577,1.61424477,14.9350419,-4.45151261,-4.5584405,-10.1538745,-1.57745407,-7.59231961,12.8221007,-4.59465502,1.42569463
17,-1.36988331,0.269389758,106.034863,-1.07083868,2.27927703,-0.0641285818,-0.467534239,3.90038764,-0.0793951795,0,0,-0.863507626,12.8613555,-16.6077826,71.3348099,-4.07688527,-5.73169625,-13.8792569,-5.72522038,-22.2433409,37.4514743,68.292869,4.11019653,-2.99481938,19.8915087,-12.5492466,6.24242535,1.62341996,14.9389932,-4.45786085,-4.5561477,-10.1519962,-1.57513981,-7.58403288,12.8201157,-4.59261109,1.42903779
18,-1.36513831,0.270520058,106.032813,-1.06705163,2.28018405,-0.0694849783,-0.454896949,3.89194467,-0.0727702762,0,0,-0.869647593,12.8363143,-16.5453922,71.3491055,-4.00116494,-5.7131843,-13.8479584,-5.72209556,-22.2417085,37.4693523,68.2796389,4.12534675,-2.97570211,19.8572246,-12.550482,6.23915753,1.62436327,14.9495014,-4.46284176,-4.55711161,-10.1512653,-1.5800696,-7.57992281,12.8197391,-4.60253108,1.42631895
19,-1.35786626,0.273245457,106.035328,-1.06389885,2.28310079,-0.0725035377,-0.466321134,3.87680555,-0.0939444762,0,0,-0.844309352,12.8393759,-16.4933,71.3564479,-3.9349787,-5.73318822,-13.8946205,-5.70466706,-22.2252563,37.446133,68.2971174,4.08402837,-2.98139187,19.964561,-12.5504692,6.23355891,1.62737314,14.9510041,-4.45997522,-4.54040197,-10.1472833,-1.58536129,-7.58569091,12.8105628,-4.60459081,1.43537407
20,-1.3506081,0.277935877,106.033528,-1.06189706,2.28477972,-0.0826368878,-0.456984479,3.87484017,-0.0857916716,0,0,-0.853000981,12.8145414,-16.4588161,71.3643163,-3.86767274,-5.72699452,-13.8823424,-5.71359113,-22.2206698,37.4628841,68.3077725,4.08562664,-2.9824132,19.9461229,-12.5475792,6.23070731,1.63965863,14.957112,-4.4666069,-4.53722935,-10.1468957,-1.59004659,-7.56842675,12.8111852,-4.60934078,1.44406624
21,-1.34798316,0.281508779,106.035113,-1.06455726,2.28608012,-0.0858255078,-0.453028625,3.87666895,-0.0905093647,0,0,-0.845642039,12.8427022,-16.5206123,71.3390036,-3.89484067,-5.70819826,-13.9042417,-5.71339903,-22.2235009,37.4863663,68.3187896,4.18855374,-3.00452786,19.8821069,-12.545729,6.23089172,1.63796719,14.9560499,-4.46824743,-4.53103224,-10.1485427,-1.58963912,-7.56720415,12.8151868,-4.60307963,1.44730492
22,-1.34504754,0.288115256,106.036592,-1.06538183,2.28631216,-0.0934550137,-0.43441153,3.88902818,-0.0798238939,0,0,-0.866172414,12.8260101,-16.5093356,71.3471589,-3.85061306,-5.70908235,-13.921937,-5.71713429,-22.237064,37.4820086,68.3277781,4.1459355,-2.98975843,19.9338712,-12.5504478,6.2286971,1.63859611,14.9703284,-4.46945296,-4.51759512,-10.1466789,-1.59216106,-7.56195685,12.8090619,-4.59700076,1.44048988
23,-1.33270528,0.290666451,106.036365,-1.06133105,2.29102737,-0.099279702,-0.452732099,3.87935236,-0.0849002852,0,0,-0.862930956,12.8445413,-16.5375597,71.3463051,-3.88690015,-5.73118996,-13.873686,-5.72302917,-22.2121406,37.492674,68.3574758,4.09815662,-3.00530778,19.953158,-12.5446319,6.22330936,1.65143665,14.9676407,-4.472483,-4.51447799,-10.1442729,-1.59882733,-7.56231459,12.8070145,-4.60301176,1.44307351
24,-1.32807847,0.29487994,106.035113,-1.06908028,2.29213244,-0.101668933,-0.457856555,3.88172884,-0.0838132313,0,0,-0.863176842,12.8649311,-16.59222,71.3394203,-3.96373209,-5.76068144,-13.904234,-5.72614245,-22.208261,37.539512,68.3560278,4.17091948,-3.00293002,19.9496217,-12.539902,6.2304102,1.65660507,14.9634316,-4.4855039,-4.51514394,-10.1450004,-1.59142906,-7.56075389,12.8096621,-4.59765262,1.4502562
25,-1.32408878,0.29959341,106.032562,-1.06779138,2.29481721,-0.110596573,-0.436247277,3.88192948,-0.0754117384,0,0,-0.879960698,12.8688072,-16.6373334,71.3390992,-3.98730137,-5.77836864,-13.8754038,-5.71926616,-22.1998223,37.5019323,68.3591014,4.15563351,-3.02377064,19.8917785,-12.5380775,6.22675647,1.66873207,14.9641932,-4.49434772,-4.51580134,-10.1440561,-1.59658393,-7.55697252,12.8069744,-4.5896566,1.46135889
26,-1.31360702,0.306203938,106.034338,-1.07355614,2.29766456,-0.114100697,-0.456176915,3.8880664,-0.0822607106,0,0,-0.862094311,12.8724349,-16.6387694,71.3245031,-4.06253803,-5.78875394,-13.8583326,-5.71440605,-22.194867,37.5379035,68.357749,4.1987239,-3.03451367,19.8940546,-12.5310595,6.22862453,1.68085225,14.9632318,-4.51071968,-4.51072651,-10.1430102,-1.59575855,-7.55177902,12.8097696,-4.58359225,1.49416151
27,-1.30747883,0.310835149,106.036508,-1.07408263,2.29918073,-0.123668784,-0.446287335,3.89122921,-0.0871629922,0,0,-0.857584625,12.8852697,-16.6488098,71.3124888,-4.05916221,-5.76959057,-13.9111103,-5.70341756,-22.1944163,37.5539442,68.3493342,4.23520949,-3.04722017,19.8974834,-12.5299223,6.2273618,1.67994244,14.9718378,-4.51681136,-4.51813556,-10.1439588,-1.59873896,-7.53854211,12.8111408,-4.57935156,1.49607951
28,-1.3007706,0.31256834,106.03534,-1.0716689,2.30257126,-0.13271088,-0.436985978,3.88113718,-0.0923852521,0,0,-0.85292697,12.898913,-16.6932111,71.3020591,-4.16694772,-5.75998006,-13.8598446,-5.69680252,-22.1912556,37.5429168,68.3448741,4.2375198,-3.04438543,19.8978796,-12.5278604,6.22331619,1.68977706,14.9743548,-4.52232972,-4.51696333,-10.1409569,-1.60123497,-7.54470892,12.8022573,-4.57409316,1.48494823
29,-1.28885815,0.317230471,106.033802,-1.06758735,2.30622528,-0.140984117,-0.457470116,3.86911135,-0.126172751,0,0,-0.806854836,12.9330025,-16.7114904,71.2824565,-4.23303962,-5.74052854,-13.8311186,-5.65691037,-22.1849547,37.5229898,68.3108392,4.17816375,-3.03587693,19.9596467,-12.524961,6.21842834,1.70432825,14.9839307,-4.53922163,-4.52290431,-10.1337066,-1.60788203,-7.53682603,12.7941225,-4.57782074,1.50683343
30,-1.28428573,0.323950103,106.031895,-1.06911067,2.30690558,-0.135376303,-0.444116429,3.8852212,-0.095375074,0,0,-0.8530632,12.9110426,-16.7476221,71.2911513,-4.31667486,-5.75090914,-13.7999251,-5.67572669,-22.1984734,37.4791843,68.3073627,4.18230754,-3.0399044,19.9496763,-12.5254075,6.21388583,1.70674325,14.9842107,-4.53858301,-4.51617145,-10.1352545,-1.61197043,-7.54550805,12.8044079,-4.57959317,1.51491995
31,-1.27431294,0.330716162,106.03224,-1.06186456,2.31287375,-0.13999694,-0.502271834,3.90869443,-0.129882597,0,0,-0.805725347,12.8939201,-16.7083571,71.2777436,-4.34113974,-5.72233505,-13.809472,-5.67502489,-22.232708,37.6079163,68.2933813,4.23630061,-3.0313372,19.8997971,-12.5287065,6.20108179,1.7206064,14.9962182,-4.54937215,-4.50968875,-10.1256368,-1.62340555,-7.54468501,12.7824045,-4.58184586,1.51675001
32,-1.26439622,0.342179672,106.033504,-1.06958953,2.31487551,-0.142144783,-0.533994114,3.92014353,-0.123309407,0,0,-0.824609592,12.9100821,-16.7403309,71.2857077,-4.45676716,-5.71708519,-13.8177041,-5.69362691,-22.2426493,37.6192613,68.2939277,4.24456556,-3.04406185,19.9434233,-12.5232492,6.20342412,1.72574729,14.9957469,-4.56154483,-4.50772678,-10.1267509,-1.62298379,-7.54971289,12.7929221,-4.57234122,1.54471409
33,-1.26635125,0.356167275,106.031406,-1.07433018,2.31117231,-0.1437955,-0.536037888,3.97701852,-0.0934960917,0,0,-0.860729767,12.8595694,-16.7587349,71.2912401,-4.52380675,-5.71550102,-13.8124013,-5.733534,-22.2888983,37.6782536,68.3065089,4.30404371,-3.0310879,19.856002,-12.5338471,6.20239361,1.71780965,15.0261054,-4.58455317,-4.51915368,-10.1300124,-1.6270724,-7.54025564,12.8062845,-4.57368164,1.55305492
34,-1.25205014,0.361019722,106.03106,-1.072473,2.31692777,-0.143609058,-0.574845422,3.96796553,-0.132895164,0,0,-0.815822447,12.8714053,-16.7257109,71.285332,-4.53671154,-5.73017354,-13.85123,-5.71665276,-22.2877645,37.7377172,68.30196,4.31341643,-3.02286179,19.8847519,-12.5300256,6.1959425,1.71981292,15.0237148,-4.59624176,-4.51306457,-10.1227886,-1.63205535,-7.54689287,12.7963765,-4.57475142,1.55559949
35,-1.24603473,0.365408184,106.03348,-1.07039572,2.31792219,-0.141129126,-0.570228481,3.9712897,-0.130712865,0,0,-0.832460788,12.8608876,-16.727193,71.2950582,-4.56557378,-5.73917829,-13.8418027,-5.73051505,-22.3010099,37.818153,68.2903623,4.41300571,-2.98072038,19.8343759,-12.5308998,6.19048219,1.71267687,15.0311546,-4.59462514,-4.52058333,-10.1210366,-1.63933996,-7.54716779,12.7990522,-4.57547798,1.56404256
36,-1.23679703,0.370813673,106.033206,-1.06727769,2.32050896,-0.139082474,-0.586917675,3.96308408,-0.129648663,0,0,-0.841918305,12.8931159,-16.7867096,71.2949626,-4.62414479,-5.76976772,-13.8820282,-5.73375811,-22.2914801,37.8065109,68.2867218,4.41110094,-2.98129262,19.8347891,-12.5302501,6.18311455,1.71840398,15.0358606,-4.60674061,-4.51524938,-10.1167977,-1.64530271,-7.55293417,12.798791,-4.58863336,1.57260677
37,-1.23087987,0.380694377,106.035113,-1.0714393,2.3220932,-0.138633143,-0.584094352,3.98658932,-0.122350179,0,0,-0.870604086,12.8463257,-16.7470177,71.3344342,-4.54126258,-5.80911303,-13.8499084,-5.72060744,-22.28765,37.7310715,68.2915303,4.40248808,-3.01776284,19.8126968,-12.53056,6.18254252,1.71782224,15.0382239,-4.6039603,-4.50345279,-10.1178504,-1.64692072,-7.55607094,12.8027115,-4.58719688,1.55865717
38,-1.22098373,0.388956186,106.035507,-1.08040295,2.3237719,-0.143114021,-0.593767341,3.99904203,-0.129412942,0,0,-0.863821068,12.8476985,-16.7569061,71.3194624,-4.56213649,-5.78516639,-13.8627235,-5.72411645,-22.3054666,37.7526958,68.2706777,4.41066381,-2.96804675,19.8390631,-12.5251556,6.18772578,1.71424098,15.0399092,-4.62749671,-4.51375442,-10.1184369,-1.64241034,-7.55140592,12.810591,-4.57878294,1.56402015
39,-1.21159237,0.395226432,106.036949,-1.08665568,2.32545806,-0.1367139,-0.609547959,4.00565195,-0.132948592,0,0,-0.867191713,12.8618123,-16.7670865,71.3170719,-4.53675124,-5.79580142,-13.8999003,-5.72437087,-22.3056749,37.7997149,68.2639637,4.41211352,-2.94910493,19.8462006,-12.5212129,6.18965958,1.71216877,15.037925,-4.64077374,-4.492177,-10.1184104,-1.64261642,-7.55672749,12.8185456,-4.57646409,1.57986875
40,-1.20785972,0.402369024,106.039214,-1.08138251,2.32484773,-0.13333857,-0.619256273,4.01778535,-0.122007816,0,0,-0.852441973,12.7830704,-16.5877718,71.3133972,-4.35588399,-5.82308717,-13.8670667,-5.73349899,-22.322887,37.8284597,68.2633148,4.45866937,-2.9691795,19.7890832,-12.5263672,6.17908132,1.70018328,15.0544217,-4.63471835,-4.48207344,-10.1203152,-1.65524459,-7.55576102,12.8299136,-4.57856438,1.59277503
41,-1.19661586,0.411469163,106.038725,-1.08976378,2.32703156,-0.133809094,-0.626855125,4.02472782,-0.127035809,0,0,-0.861132321,12.8019397,-16.5852873,71.3083292,-4.28670783,-5.82680194,-13.937322,-5.72737914,-22.3265838,37.8396988,68.2375855,4.42846841,-2.90528478,19.7690451,-12.5196095,6.18364304,1.70586984,15.0499957,-4.64721077,-4.48122735,-10.1200113,-1.65305135,-7.56365586,12.8356253,-4.57246288,1.621879
42,-1.18485056,0.416694162,106.039238,-1.09138525,2.32978308,-0.137243088,-0.636627845,4.02122777,-0.137696814,0,0,-0.844252576,12.7989404,-16.551705,71.301704,-4.22320457,-5.82882367,-13.9286315,-5.72358198,-22.3145354,37.8584579,68.2326541,4.4350685,-2.87931875,19.732992,-12.5169142,6.18299118,1.70044635,15.0574082,-4.67274884,-4.46388934,-10.1180894,-1.65633571,-7.55636122,12.8394357,-4.57271859,1.61659489
43,-1.18712001,0.424362347,106.040287,-1.08960798,2.32524314,-0.136927561,-0.629350332,4.0506851,-0.109015749,0,0,-0.871780159,12.7147096,-16.376316,71.3324398,-3.96995354,-5.84985809,-13.9822826,-5.74338526,-22.3435466,37.8150452,68.2381319,4.38203081,-2.87175304,19.7970438,-12.526917,6.17435697,1.70582502,15.0874815,-4.68637806,-4.43435859,-10.1239659,-1.66690361,-7.55408592,12.8544237,-4.57671766,1.61693992
44,-1.17547419,0.428841449,106.039011,-1.09222222,2.3282179,-0.138890692,-0.623598406,4.0323375,-0.118069451,0,0,-0.871246871,12.7383233,-16.381483,71.3430539,-3.88645661,-5.85028626,-13.9880814,-5.71542332,-22.2961383,37.7329224,68.254176,4.3476963,-2.89661215,19.7594367,-12.5171165,6.17332646,1.71352243,15.079024,-4.70613737,-4.41193764,-10.125606,-1.66823326,-7.55815415,12.8636718,-4.58622273,1.62074594
45,-1.17315929,0.439891173,106.039321,-1.09232652,2.32521489,-0.142672983,-0.614178187,4.04764267,-0.108605891,0,0,-0.891202069,12.7395041,-16.4476232,71.338949,-3.93213478,-5.825085,-14.0585425,-5.7217643,-22.3203615,37.7676061,68.2351334,4.42102521,-2.87847437,19.8079003,-12.5178858,6.16815302,1.70130151,15.0934289,-4.710574,-4.41420612,-10.1304486,-1.67744003,-7.55629804,12.8807643,-4.58417068,1.63719805
46,-1.16239097,0.446818629,106.038141,-1.08575581,2.32764902,-0.138331541,-0.616476119,4.02507359,-0.117130607,0,0,-0.893504376,12.7527179,-16.4208813,71.3433749,-3.81893251,-5.81981892,-14.027437,-5.70661323,-22.3130362,37.7845723,68.2177369,4.44520451,-2.88610881,19.7885043,-12.5134231,6.15488538,1.7015744,15.0940248,-4.72182461,-4.40739044,-10.1240044,-1.68844101,-7.57463027,12.8790218,-4.60015674,1.6321562
47,-1.16027137,0.462741824,106.038857,-1.09876985,2.32401865,-0.14249549,-0.612449402,4.05009685,-0.105635292,0,0,-0.900158848,12.7247526,-16.3689735,71.3429037,-3.71411642,-5.80097955,-14.0354044,-5.70868107,-22.3121038,37.7275198,68.2432955,4.37077295,-2.9259444,19.7792955,-12.5087632,6.16095144,1.70193672,15.0972487,-4.73471147,-4.40944676,-10.1309857,-1.68610808,-7.56805365,12.9030777,-4.58613778,1.65098457
48,-1.15611609,0.465903617,106.036448,-1.0945382,2.32365123,-0.135365379,-0.611064902,4.04065496,-0.0996732307,0,0,-0.929908484,12.7533685,-16.4272982,71.353347,-3.70538702,-5.78399543,-14.028383,-5.70316527,-22.2946629,37.6596892,68.2461369,4.32212407,-2.87847971,19.8001395,-12.5143144,6.15288669,1.69292108,15.1116023,-4.737654,-4.39392473,-10.1267296,-1.69486651,-7.57535598,12.9011396,-4.59733971,1.63726539
49,-1.14655197,0.471765082,106.036019,-1.08510893,2.32495576,-0.136887959,-0.620001884,4.02690665,-0.105872374,0,0,-0.919758076,12.7702194,-16.4127909,71.332795,-3.64391062,-5.77040677,-14.0495275,-5.68811623,-22.288024,37.6249133,68.2406454,4.33227117,-2.89751523,19.7761895,-12.5129561,6.13661462,1.69904435,15.1228038,-4.74994748,-4.38958371,-10.1221952,-1.71084969,-7.57163182,12.9007998,-4.60507063,1.65513242
50,-1.14046931,0.481456239,106.037521,-1.08760929,2.32534172,-0.132366014,-0.615831093,4.03334751,-0.10045308,0,0,-0.934503067,12.7959735,-16.4656736,71.320043,-3.65463359,-5.74378526,-14.0851239,-5.69372296,-22.281047,37.5521103,68.2757252,4.25252572,-2.93752861,19.8218169,-12.5110812,6.13210755,1.6974066,15.1261318,-4.74930758,-4.37338464,-10.1214208,-1.71751862,-7.57564626,12.9067566,-4.59424692,1.68115043
51,-1.13266893,0.489364332,106.037319,-1.08296243,2.3267177,-0.134970863,-0.612881785,4.0301194,-0.102923367,0,0,-0.930589902,12.7820433,-16.4182089,71.3215798,-3.61053661,-5.75950921,-14.0807765,-5.69734082,-22.2885311,37.5867837,68.2712242,4.30665113,-2.95871394,19.8334435,-12.513856,6.12017863,1.71224636,15.1425431,-4.75730616,-4.36130161,-10.116276,-1.72879718,-7.56515594,12.9027567,-4.58740093,1.69035005
52,-1.1257763,0.499465084,106.038392,-1.09108025,2.32727062,-0.126718726,-0.616418489,4.04454433,-0.095023993,0,0,-0.951084205,12.8053326,-16.4840246,71.3169626,-3.66370749,-5.74348345,-14.0969854,-5.68505886,-22.2612411,37.4787848,68.3028548,4.20602622,-3.00411015,19.8585103,-12.5117121,6.12088939,1.71002975,15.1441635,-4.76094878,-4.38293324,-10.1155307,-1.7303962,-7.57340084,12.9124137,-4.57930673,1.7063439
53,-1.12003582,0.507284934,106.033695,-1.08618336,2.32883231,-0.1242312,-0.625549492,4.03272212,-0.103099184,0,0,-0.949054252,12.8627787,-16.561648,71.28831,-3.74947631,-5.71034465,-14.1557344,-5.67852707,-22.2697874,37.489416,68.2873024,4.2322994,-3.0168412,19.8831588,-12.5158999,6.10944242,1.71433565,15.1579793,-4.78517162,-4.38146902,-10.1078808,-1.74055632,-7.57831089,12.9043473,-4.58813475,1.7067138
54,-1.10969888,0.516952807,106.033301,-1.09016728,2.33251462,-0.125401617,-0.635838051,4.00477,-0.116894606,0,0,-0.935567509,12.9096057,-16.5541126,71.2800591,-3.7664361,-5.71008126,-14.1602842,-5.6649811,-22.2294449,37.4644687,68.2989752,4.18883336,-3.04005018,19.8842687,-12.5068601,6.10768749,1.71606561,15.1470937,-4.79232454,-4.37940417,-10.1055739,-1.74422744,-7.57380638,12.9053214,-4.58906793,1.70279796
55,-1.10566327,0.52904156,106.035173,-1.09107722,2.33098353,-0.124837123,-0.626126696,4.0110986,-0.110534525,0,0,-0.946783854,12.9002227,-16.5530762,71.2847309,-3.72507931,-5.70576373,-14.1107192,-5.6751124,-22.251363,37.5170372,68.2947132,4.24477815,-3.04048326,19.8671761,-12.5136007,6.10124363,1.72227692,15.1716584,-4.80608481,-4.35912918,-10.1028999,-1.75205622,-7.57399506,12.9105858,-4.58675207,1.72672369
56,-1.09707434,0.541222608,106.035399,-1.10078509,2.33233093,-0.111812813,-0.63794287,4.01645475,-0.109769364,0,0,-0.950218372,12.9193831,-16.5452624,71.2812544,-3.66428123,-5.73963634,-14.1338069,-5.66228232,-22.2501284,37.4747652,68.2937979,4.25591947,-3.08224175,19.8519943,-12.5109898,6.10186177,1.72032273,15.1709498,-4.82265826,-4.36617964,-10.1013281,-1.75205707,-7.57995782,12.9202292,-4.58759175,1.74245735
57,-1.08366413,0.55225403,106.03832,-1.10311721,2.33585545,-0.11038128,-0.647756358,4.00931251,-0.125282158,0,0,-0.919760317,12.9131838,-16.5403669,71.232357,-3.45988462,-5.55776932,-13.9641852,-5.64157404,-22.2267948,37.4221762,68.2995148,4.17131734,-3.05458909,19.8601018,-12.5103179,6.09586699,1.73031519,15.1812873,-4.83842874,-4.33819679,-10.0929244,-1.75668655,-7.57680398,12.9156623,-4.58026851,1.74664735
58,-1.07622035,0.565112755,106.03683,-1.09888013,2.33660278,-0.10919306,-0.642979014,4.00799086,-0.124060941,0,0,-0.922911596,12.9165554,-16.5503407,71.2376163,-3.4776128,-5.59249785,-13.9527395,-5.63785073,-22.2454395,37.4030346,68.2861959,4.21962812,-3.05464288,19.8617342,-12.5147695,6.08350393,1.73010944,15.1998142,-4.85104922,-4.34042983,-10.0876003,-1.77166719,-7.57082415,12.9148162,-4.58402127,1.77376267
59,-1.0737801,0.580876227,106.037927,-1.1033523,2.33597645,-0.107312238,-0.638348253,4.01399332,-0.103567466,0,0,-0.931928726,12.9002773,-16.5231992,71.2331562,-3.44662679,-5.60108169,-13.8803745,-5.65684164,-22.2501369,37.4133106,68.2898979,4.20367706,-3.0200104,19.8491649,-12.5197726,6.07916889,1.72453504,15.21398,-4.86459648,-4.3290311,-10.0876925,-1.77804477,-7.56445585,12.9197536,-4.59145166,1.77319384
60,-1.06196553,0.594972866,106.038761,-1.10068635,2.33911821,-0.108849571,-0.636366644,4.01353997,-0.115782192,0,0,-0.928072657,12.9231175,-16.6197183,71.2253356,-3.56574721,-5.58025943,-13.8456942,-5.65096213,-22.2502957,37.388879,68.307028,4.17001533,-3.03780817,19.8513779,-12.5164566,6.06633582,1.72853444,15.2180201,-4.88078531,-4.30761718,-10.0855658,-1.79054796,-7.56300529,12.9213655,-4.59827203,1.785028
61,-1.05332648,0.607419247,106.035411,-1.10513028,2.34447144,-0.10966732,-0.634086695,4.01202537,-0.114687361,0,0,-0.916496874,12.8740409,-16.5087243,71.2390165,-3.47391916,-5.62165721,-13.7710419,-5.6758983,-22.2688295,37.4924178,68.306345,4.30119509,-3.0545146,19.8311691,-12.5162414,6.06380737,1.7306964,15.2183428,-4.89746335,-4.29691384,-10.0828012,-1.79313895,-7.5645233,12.9136312,-4.60218317,1.77647916
62,-1.04445526,0.625969889,106.037748,-1.1084752,2.34565442,-0.119970614,-0.628799381,4.04416483,-0.113294656,0,0,-0.914597441,12.8088407,-16.3973342,71.2738368,-3.38565327,-5.64241842,-13.7477911,-5.67174085,-22.2892586,37.4739114,68.3123419,4.25048094,-3.04161045,19.8035939,-12.5153287,6.05720812,1.74597148,15.2308984,-4.90327114,-4.30999024,-10.077501,-1.80084661,-7.55692044,12.9060582,-4.58589103,1.8015102
63,-1.02645848,0.676891347,106.039858,-1.11729215,2.35514929,-0.109578486,-0.820435226,4.3281991,-0.140844891,0,0,-0.848853029,12.4776056,-16.1090114,71.3153302,-3.29575645,-5.66208552,-13.6894818,-5.69847762,-22.538277,37.7545263,68.2980736,4.28634114,-3.05604968,19.7250314,-12.5245725,6.03103655,1.73347352,15.2479978,-4.91575331,-4.27936452,-10.067464,-1.82570914,-7.56013661,12.8885772,-4.57532729,1.83651023
64,-1.03721144,0.644163648,106.038606,-1.0938573,2.35068929,-0.116638947,-0.549673454,3.96028498,-0.0848827629,0,0,-0.955611447,12.7752157,-16.2421694,71.3126186,-3.11739375,-5.63129033,-13.6605807,-5.65370317,-22.2024007,37.4990329,68.313544,4.39892314,-3.06038557,19.6605663,-12.527466,6.02507379,1.73964481,15.2500912,-4.89593552,-4.28479196,-10.0753777,-1.82994748,-7.55166717,12.8957062,-4.59382216,1.82117432
65,-1.0223886,0.670079375,106.039274,-1.09872128,2.36434633,-0.111415187,-0.585091133,4.05506581,-0.113132639,0,0,-0.933543532,12.661225,-16.1331886,71.3511545,-3.0870041,-5.65176895,-13.6468716,-5.64158556,-22.2730778,37.5786831,68.3224847,4.43872821,-3.07806829,19.6114265,-12.5368447,6.0116021,1.72876133,15.2534704,-4.91195744,-4.27378938,-10.0784854,-1.84280275,-7.56108515,12.8885303,-4.59824471,1.83486181
66,-1.01059852,0.692131603,106.039226,-1.10126563,2.37042878,-0.115625246,-0.630952865,4.11869329,-0.114668711,0,0,-0.940981288,12.6478685,-16.2101836,71.3539003,-3.18314243,-5.64195653,-13.5962719,-5.65108209,-22.3353418,37.6947314,68.3096986,4.48780568,-3.07134525,19.5652049,-12.5352558,5.99991223,1.74079153,15.2552292,-4.9152816,-4.25590026,-10.0724979,-1.85305167,-7.56044824,12.8734381,-4.58466928,1.8548194
67,-1.00608664,0.703916932,106.039679,-1.10759456,2.37119706,-0.118763746,-0.586754658,4.11316681,-0.0996704826,0,0,-0.950372371,12.6151793,-16.1169122,71.362882,-3.02648436,-5.65859145,-13.5828975,-5.65455439,-22.3268126,37.7059876,68.3179222,4.5311872,-3.04262665,19.5180561,-12.5356417,5.99990241,1.75212559,15.260637,-4.93129712,-4.23281081,-10.0755894,-1.85504245,-7.55541524,12.8810367,-4.58141982,1.85706077
68,-0.994527154,0.734544266,106.043899,-1.10312884,2.37596884,-0.109143047,-0.685447049,4.23927857,-0.10405968,0,0,-0.907286684,12.5154909,-16.0417836,71.3306503,-3.03716912,-5.6255406,-13.5941272,-5.69328625,-22.4481971,37.8778181,68.3331808,4.56322633,-3.03277176,19.526336,-12.5378538,5.97095095,1.74224081,15.2697143,-4.92517727,-4.20486039,-10.0686918,-1.88304431,-7.56694802,12.8716742,-4.57436893,1.87863563
69,-0.986840017,0.765172346,106.046033,-1.11538037,2.37896557,-0.113553599,-0.710900763,4.30976356,-0.100288761,0,0,-0.907334282,12.4892852,-16.1125272,71.3241753,-3.17746547,-5.57800504,-13.5478902,-5.71133546,-22.4930731,37.9931834,68.3375726,4.75455999,-3.0205581,19.434844,-12.5337864,5.9666014,1.75145879,15.2702983,-4.95764713,-4.19994949,-10.070746,-1.88898401,-7.57272721,12.875529,-4.56481179,1.90912752
70,-0.986380596,0.763863791,106.044924,-1.10399611,2.38159679,-0.11058962,-0.590762325,4.16629117,-0.0852292282,0,0,-0.949306222,12.6855439,-16.3014844,71.3002286,-3.1915982,-5.57122864,-13.6149192,-5.68993263,-22.3553884,37.8729686,68.3614373,4.78508838,-3.02162446,19.4739758,-12.5323384,5.95258969,1.75248834,15.2626895,-4.96256103,-4.19369602,-10.0625685,-1.9013251,-7.57471223,12.8538278,-4.57395186,1.88542463
71,-0.971501693,0.797656644,106.048024,-1.11678651,2.38701614,-0.114515006,-0.684101235,4.30376409,-0.103829474,0,0,-0.910874028,12.6099063,-16.2104226,71.3072979,-3.23196526,-5.58552679,-13.7252387,-5.71382122,-22.4677877,38.0207159,68.3799676,4.83899778,-3.05946777,19.4869463,-12.5232005,5.94496976,1.76309285,15.253619,-4.96572511,-4.16753213,-10.0623388,-1.91079686,-7.57113834,12.8590503,-4.55152579,1.91859117
72,-0.963311084,0.814535376,106.04558,-1.12107282,2.38975686,-0.126172095,-0.665559619,4.31611777,-0.0969962234,0,0,-0.914507795,12.6353565,-16.131995,71.3214432,-3.15876484,-5.61025122,-13.9367662,-5.71760813,-22.4699034,37.9792225,68.3887102,4.8179672,-3.04550152,19.5792871,-12.5237435,5.93997092,1.78092946,15.2687667,-4.99220618,-4.15563394,-10.055536,-1.91692397,-7.55593775,12.8434023,-4.54385677,1.92549692
73,-0.954833813,0.832917448,106.048501,-1.122337,2.39248905,-0.127069311,-0.656912707,4.31616644,-0.0966655529,0,0,-0.907643455,12.6694075,-16.1654441,71.3092103,-3.10813329,-5.58037426,-13.9843137,-5.68967735,-22.4668879,37.9050569,68.3680626,4.69537342,-3.02722564,19.5992637,-12.524027,5.92875019,1.7890243,15.2766743,-4.9949643,-4.14382284,-10.0508069,-1.92800638,-7.55691703,12.838465,-4.53176093,1.93368589
74,-0.950140134,0.850493275,106.046522,-1.11663508,2.3936965,-0.122735609,-0.666564564,4.33230447,-0.0929581476,0,0,-0.910658877,12.6744755,-16.2503656,71.3217779,-3.27021496,-5.59772849,-13.9820692,-5.67987176,-22.4798123,37.7957055,68.3666214,4.50246284,-3.02581414,19.7334291,-12.526409,5.90996675,1.78594047,15.287145,-5.00128478,-4.15134373,-10.0465953,-1.9478993,-7.55638001,12.8340612,-4.53209604,1.97126709
75,-0.937987491,0.863569789,106.04651,-1.12012002,2.39777161,-0.118272773,-0.655739782,4.33102125,-0.10034371,0,0,-0.902059455,12.6949909,-16.3372131,71.3206509,-3.38223049,-5.61582721,-13.8969471,-5.66471899,-22.4766448,37.815076,68.3385562,4.55910773,-3.00281519,19.7234707,-12.5231126,5.9036104,1.79319274,15.2877751,-5.01176912,-4.15140435,-10.0336538,-1.95308939,-7.55771275,12.819664,-4.53386719,1.96813822
76,-0.929521862,0.878812652,106.049407,-1.12348763,2.39986451,-0.11772159,-0.663771391,4.34973981,-0.100886857,0,0,-0.884752183,12.712839,-16.3787407,71.3084522,-3.42698445,-5.62932409,-13.8049401,-5.65654837,-22.460155,37.7924851,68.3613895,4.51408526,-3.02907641,19.6397018,-12.5187711,5.89507395,1.807156,15.2869452,-5.01591932,-4.13126041,-10.0352836,-1.96402068,-7.54451938,12.8291588,-4.52071993,1.99782734
77,-0.921145454,0.888790656,106.048226,-1.11247801,2.40516956,-0.1184936,-0.666440821,4.35052186,-0.104870444,0,0,-0.883875144,12.709073,-16.3810339,71.3328155,-3.38809933,-5.66492816,-13.7282457,-5.63487362,-22.4407778,37.6751151,68.3661979,4.38822451,-3.00375434,19.6601224,-12.5209875,5.8729484,1.81821535,15.2947248,-5.02317639,-4.11450596,-10.0215823,-1.982421,-7.54251472,12.7997788,-4.51250279,2.00183901
78,-0.910887402,0.904813036,106.050324,-1.11505067,2.40842569,-0.122600386,-0.654332709,4.36132594,-0.112358666,0,0,-0.871120886,12.7156804,-16.4317293,71.3267981,-3.41713382,-5.65151367,-13.6214625,-5.61470535,-22.4407846,37.6584222,68.3525649,4.39350808,-2.98358095,19.6224027,-12.5165419,5.86523072,1.81997776,15.2969805,-5.0362656,-4.11118222,-10.0212894,-1.99269638,-7.52879031,12.803596,-4.50984755,2.02539271
79,-0.902993791,0.922240596,106.04732,-1.11515498,2.41141769,-0.125476412,-0.651177482,4.37984301,-0.108926056,0,0,-0.871712338,12.7284622,-16.4879776,71.3332048,-3.44912387,-5.68144271,-13.6551242,-5.64782238,-22.4601379,37.7249619,68.3644357,4.46654586,-2.9870795,19.5918,-12.512916,5.85571199,1.84090076,15.29898,-5.04975608,-4.11177601,-10.0195528,-2.00156388,-7.53118088,12.8023025,-4.50951671,2.04413581
80,-0.901747961,0.945668761,106.045127,-1.12435268,2.41215124,-0.113154369,-0.664509318,4.41903207,-0.0956746952,0,0,-0.893393066,12.7311174,-16.5906132,71.3497202,-3.57755746,-5.70067908,-13.6081624,-5.64086114,-22.4418091,37.6211293,68.3896596,4.32259962,-3.04684814,19.6942477,-12.5186183,5.85010868,1.83545774,15.3054345,-5.06068566,-4.12220998,-10.0140733,-2.00796441,-7.53658697,12.7967428,-4.50398469,2.06975308
81,-0.89815408,0.960088242,106.043494,-1.12093411,2.41387837,-0.117113183,-0.645865836,4.4188229,-0.0921669395,0,0,-0.903125392,12.7699317,-16.6580323,71.364248,-3.55776913,-5.65684421,-13.611738,-5.627538,-22.4124735,37.5081238,68.400144,4.29777573,-3.05157548,19.6598953,-12.5223151,5.83564746,1.8517281,15.3183111,-5.07239986,-4.08718904,-10.0136268,-2.02131658,-7.52873567,12.793431,-4.50169444,2.05411344
82,-0.88883331,0.972345937,106.044233,-1.12081851,2.41685769,-0.112880061,-0.649232959,4.42746779,-0.0847644018,0,0,-0.903403295,12.7650729,-16.6355712,71.3756612,-3.4888634,-5.65588115,-13.6669345,-5.63604116,-22.4137746,37.5420152,68.3952126,4.34755841,-3.03285052,19.6178913,-12.5232671,5.8250739,1.85610433,15.3253701,-5.08285432,-4.09220795,-10.0098787,-2.0308861,-7.53690201,12.7928103,-4.50853146,2.07176329
83,-0.883315504,0.993656274,106.046867,-1.12874757,2.41875151,-0.10864525,-0.663740708,4.4664306,-0.0784925339,0,0,-0.900393423,12.797938,-16.6748396,71.3626019,-3.56085723,-5.63462176,-13.7881891,-5.63856107,-22.4369494,37.5803975,68.3840111,4.39836862,-3.07651442,19.5666103,-12.526654,5.81920976,1.85599462,15.3349187,-5.10707758,-4.07672348,-10.007355,-2.03859653,-7.53234286,12.7905555,-4.49797113,2.09667534
84,-0.868365727,1.01119475,106.047714,-1.13085982,2.42228099,-0.110101942,-0.668402205,4.47432544,-0.0769307685,0,0,-0.87533682,12.7944956,-16.6561847,71.3330818,-3.57189161,-5.61099613,-13.6859933,-5.6540831,-22.4368402,37.6324196,68.3770716,4.47399888,-3.0863817,19.6132024,-12.5210447,5.80995912,1.86848981,15.3377106,-5.12196868,-4.05941963,-10.0061605,-2.04852528,-7.52915743,12.7970006,-4.50040268,2.11668267
85,-0.863739569,1.02247177,106.046855,-1.13038085,2.4235556,-0.109888972,-0.64908467,4.46735225,-0.0554098063,0,0,-0.86790344,12.7512332,-16.5321809,71.3384094,-3.47996324,-5.632679,-13.6231683,-5.65899657,-22.4236408,37.5905745,68.3490473,4.4478401,-3.04056223,19.5848793,-12.5221017,5.80150719,1.86893335,15.3476314,-5.1377605,-4.04301522,-10.0052265,-2.05750783,-7.52498077,12.7982864,-4.50306517,2.11961751
86,-0.854299124,1.03895413,106.046033,-1.1303876,2.426824,-0.103278282,-0.679349985,4.47748398,-0.0411753885,0,0,-0.854725977,12.7344898,-16.4983902,71.3338878,-3.42365345,-5.67902695,-13.5839417,-5.68685734,-22.4405421,37.6817951,68.3214056,4.50886785,-3.02248016,19.5655157,-12.5205248,5.78809483,1.86718504,15.3459478,-5.14621286,-4.0198946,-10.0027847,-2.06935458,-7.53453279,12.7975547,-4.50315781,2.12189666
87,-0.852930546,1.04581797,106.048417,-1.12323254,2.42608727,-0.0934925759,-0.64888494,4.42715189,-0.0154750742,0,0,-0.869345837,12.7133692,-16.3644878,71.3578618,-3.15013511,-5.67821843,-13.4911647,-5.6914929,-22.3950223,37.6024078,68.3047809,4.44774747,-2.99690643,19.6202307,-12.5280935,5.77416466,1.85726333,15.3579621,-5.1309491,-4.00823803,-10.0012018,-2.08463713,-7.53248117,12.7988763,-4.50806701,2.1258793
88,-0.846230518,1.06545407,106.04744,-1.12000444,2.43190208,-0.0737117847,-0.712198499,4.47386313,-0.0221504669,0,0,-0.85001827,12.6679305,-16.3134219,71.3644666,-3.11177357,-5.65785209,-13.4407399,-5.705549,-22.4384538,37.7453671,68.279475,4.5540837,-2.95693681,19.5420267,-12.53282,5.75468581,1.83339758,15.3567395,-5.13656906,-4.00665556,-9.99747595,-2.10291599,-7.55123004,12.7924679,-4.51620176,2.1341005
89,-0.83577605,1.08519094,106.051171,-1.1382673,2.43329583,-0.0685740807,-0.718210079,4.49581023,-0.0132853599,0,0,-0.871007708,12.7164377,-16.421665,71.3684144,-3.14976714,-5.68954288,-13.4454127,-5.72475037,-22.4237911,37.7754711,68.3034148,4.56433496,-2.98972364,19.5246405,-12.5264227,5.76067375,1.82939637,15.3525253,-5.14991995,-3.98545807,-9.99814275,-2.0976719,-7.56009477,12.8036634,-4.50014014,2.13906605
90,-0.825576112,1.10188872,106.050289,-1.12602199,2.43807028,-0.0463800604,-0.807951668,4.52156431,-0.0137928792,0,0,-0.874238974,12.7242292,-16.3788517,71.3807019,-3.01680961,-5.69386639,-13.5178664,-5.72602847,-22.4564735,37.8684949,68.2694005,4.61271148,-3.00151382,19.5417842,-12.5346957,5.73035284,1.81048102,15.3670394,-5.17016335,-3.96763085,-9.9865579,-2.12686328,-7.5781427,12.7938544,-4.51322252,2.18499822
91,-0.825262163,1.11700529,106.053257,-1.12689484,2.4379301,-0.0480717713,-0.840814643,4.53051954,0.00855626018,0,0,-0.887346214,12.7915117,-16.4360835,71.3449459,-2.94426617,-5.69404654,-13.67712,-5.73487229,-22.4249693,37.8519897,68.2941804,4.66834124,-3.04767608,19.4517538,-12.5339043,5.72006529,1.81564742,15.3674236,-5.17525269,-3.95045463,-9.98828252,-2.13695488,-7.57291333,12.7959846,-4.50076852,2.20746613
92,-0.82249539,1.1162213,106.057346,-1.12650615,2.43793157,-0.0374074538,-0.800329657,4.43741809,0.0440256285,0,0,-0.950578985,12.9454104,-16.6209136,71.3180691,-2.95928362,-5.67066211,-13.7481975,-5.75231915,-22.3027584,37.7115542,68.357749,4.66632548,-3.14707583,19.48125,-12.5354274,5.71858485,1.80923878,15.3685028,-5.17661915,-3.95327763,-9.9899286,-2.13989378,-7.58100454,12.8048749,-4.49938114,2.21428052
93,-0.810818095,1.14439055,106.057727,-1.13797418,2.44315374,-0.0423401616,-0.903650249,4.54531416,0.0412842847,0,0,-0.949139309,12.8968059,-16.5845582,71.3387987,-2.99661743,-5.72632985,-13.7682928,-5.75053647,-22.3465775,37.6603005,68.3813405,4.53781291,-3.16196607,19.4860328,-12.5218737,5.71378408,1.81173607,15.3499554,-5.2043668,-3.92720168,-9.99501196,-2.14609453,-7.57710451,12.8129183,-4.50089573,2.2254323
94,-0.818731915,1.15801161,106.05284,-1.14388264,2.43205719,-0.0469937597,-0.905358116,4.53662403,0.113341266,0,0,-1.01928247,12.9668,-16.7858712,71.3117375,-3.2178272,-5.70293304,-13.692861,-5.79847159,-22.2911744,37.505945,68.4614039,4.48460787,-3.23440599,19.4834851,-12.51211,5.7145132,1.81958011,15.351359,-5.22299657,-3.90309495,-10.0092973,-2.15102336,-7.57651028,12.8528604,-4.50402609,2.21589522
95,-0.812354404,1.16153331,106.050527,-1.14010901,2.43013966,-0.0563140606,-0.875947695,4.48552695,0.160569343,0,0,-1.06515114,13.0313393,-16.9232519,71.2815344,-3.36693385,-5.65071027,-13.6030304,-5.81785311,-22.2487829,37.408304,68.4622509,4.52998081,-3.20448933,19.5152985,-12.5050476,5.70846592,1.8304256,15.3616094,-5.24386151,-3.89692345,-10.0195255,-2.16050772,-7.57432633,12.8803306,-4.50833338,2.23124223
96,-0.82014706,1.17228562,106.051612,-1.13527175,2.42467123,-0.0654204663,-0.875472624,4.47776615,0.214571407,0,0,-1.10747259,13.0275938,-16.889352,71.2680858,-3.37623038,-5.56785879,-13.5677541,-5.83296362,-22.2283708,37.2955854,68.4742652,4.53309196,-3.22382752,19.4736685,-12.5041759,5.69508217,1.83603745,15.3684413,-5.24623116,-3.87120224,-10.0404191,-2.1770705,-7.55831039,12.9206492,-4.51570017,2.24402706
97,-0.825950876,1.18523203,106.05247,-1.13304021,2.41697347,-0.0841915928,-0.862469384,4.4755775,0.267130353,0,0,-1.1606676,13.0671713,-16.8208213,71.2818964,-3.24356506,-5.57490541,-13.6709165,-5.85760737,-22.2265369,37.1776383,68.4797908,4.52140722,-3.23885671,19.4916045,-12.4929402,5.68542001,1.86143274,15.3670018,-5.2589652,-3.84934435,-10.0613391,-2.18922205,-7.53676882,12.9594805,-4.51530487,2.26741491
98,-0.82191471,1.19107058,106.051993,-1.12130991,2.41349267,-0.0953408563,-0.83614242,4.45418749,0.306451378,0,0,-1.21055509,13.154532,-16.8500459,71.2671569,-3.17053305,-5.55138096,-13.7312774,-5.89989691,-22.2305787,37.1384638,68.4997759,4.66572186,-3.26605922,19.4982264,-12.494512,5.66901902,1.87128977,15.3917135,-5.26636699,-3.84425074,-10.0639422,-2.20803687,-7.52596432,12.971266,-4.52435274,2.26470759
99,-0.831316039,1.2049349,106.045794,-1.1119059,2.40276328,-0.115345149,-0.836303943,4.43549881,0.369985824,0,0,-1.28092759,13.1865946,-16.747296,71.3162864,-2.96205027,-5.65326561,-13.799879,-5.94911825,-22.2419407,37.0375375,68.4989631,4.62083386,-3.29618675,19.5452847,-12.4809293,5.6505075,1.89285011,15.3921899,-5.27722016,-3.81639808,-10.0998562,-2.23318755,-7.50401124,13.0415974,-4.53685924,2.26192621
100,-0.83903335,1.21869342,106.040716,-1.10814724,2.38867189,-0.12859456,-0.853887678,4.45767088,0.435298948,0,0,-1.34764744,13.2162649,-16.779625,71.3220716,-2.99649278,-5.68940286,-13.7991644,-5.98984453,-22.2878498,36.9792794,68.4828849,4.61223977,-3.35680383,19.5309823,-12.4734648,5.6380313,1.91716366,15.4125456,-5.2959575,-3.79320916,-10.1292431,-2.25308261,-7.4834481,13.1154565,-4.55304722,2.2967971
101,-0.845652912,1.23146828,106.0341,-1.09608297,2.37623359,-0.132563291,-0.861235094,4.45230705,0.48985946,0,0,-1.40069752,13.2811688,-16.9234893,71.2718014,-3.0802373,-5.62681656,-13.6698774,-6.02713523,-22.3430582,36.9536457,68.4347389,4.59878131,-3.36467263,19.5639362,-12.4678393,5.61460162,1.92426749,15.4296944,-5.31558661,-3.79041177,-10.1449474,-2.28064499,-7.46868038,13.1614689,-4.56369762,2.29411818
102,-0.855328795,1.24909068,106.032693,-1.08966409,2.36296726,-0.133789193,-0.86985602,4.47451498,0.563363714,0,0,-1.44848345,13.2645236,-16.8631872,71.2306427,-2.9317603,-5.62456985,-13.4610145,-6.08286402,-22.4130728,36.9169334,68.3968791,4.64271181,-3.35838737,19.6244363,-12.4601801,5.59364105,1.93671401,15.437918,-5.32041385,-3.76128699,-10.182388,-2.30716875,-7.46406573,13.2468941,-4.57566966,2.32378041
103,-0.861049816,1.26496423,106.028783,-1.07790975,2.34956168,-0.136968548,-0.940821419,4.49874209,0.606983437,0,0,-1.46404635,13.2929697,-16.9325666,71.2225626,-3.10458992,-5.63472208,-13.5179988,-6.13029328,-22.4760659,36.920106,68.3987711,4.58240593,-3.40083016,19.6670038,-12.4556482,5.56928417,1.93008297,15.463217,-5.34875273,-3.77079333,-10.2140433,-2.33906424,-7.46480681,13.3288008,-4.60864965,2.35432245
104,-0.877926685,1.27952043,106.025898,-1.06624337,2.33121079,-0.143419394,-0.926205561,4.47699519,0.702050439,0,0,-1.51701041,13.3354953,-16.9298994,71.1743414,-2.97259395,-5.66628225,-13.5644919,-6.17446412,-22.5412823,36.7956873,68.3368486,4.50844352,-3.34391633,19.6745085,-12.4470977,5.5450195,1.94841776,15.472156,-5.35135332,-3.73603023,-10.2790701,-2.37443608,-7.44044181,13.4655831,-4.63181765,2.36469964
105,-0.883103162,1.28769269,106.022608,-1.04568104,2.31906187,-0.129225928,-0.969264888,4.4325456,0.750302203,0,0,-1.5712545,13.3931293,-16.9967806,71.1580651,-3.08652172,-5.67242558,-13.3719497,-6.18293697,-22.5884772,36.726296,68.2896862,4.42898537,-3.35173647,19.6349395,-12.4548038,5.51158444,1.94150347,15.5077089,-5.34219532,-3.74034435,-10.2925384,-2.412902,-7.43908261,13.5136343,-4.64836464,2.40483704
106,-0.894287508,1.3179021,106.015134,-1.06071922,2.3026573,-0.106260584,-1.08336693,4.51817014,0.830597747,0,0,-1.66158887,13.3582133,-16.9250636,71.2137038,-3.08980384,-5.72944656,-13.3231523,-6.23853641,-22.729857,36.7038178,68.2836005,4.48728914,-3.45412912,19.5802433,-12.46136,5.50748718,1.92869921,15.5332982,-5.37813578,-3.70889133,-10.3178716,-2.42392976,-7.46405548,13.5941264,-4.66394686,2.43355563
107,-0.920017343,1.32707572,106.01331,-1.06049252,2.2799237,-0.098873769,-1.06112954,4.4483037,0.966793747,0,0,-1.78141483,13.4807205,-16.8426659,71.2254859,-2.96200267,-5.78535592,-13.4602085,-6.3151007,-22.7043957,36.5381345,68.3501606,4.67605295,-3.62104144,19.4178897,-12.4770959,5.50261896,1.92405148,15.5805887,-5.38764681,-3.72897038,-10.3584463,-2.44009831,-7.4468972,13.6916623,-4.66811413,2.46663445
108,-0.93955975,1.33498833,106.006181,-1.04412622,2.27189789,-0.104793303,-1.06289995,4.40004586,1.04910959,0,0,-1.86957838,13.625938,-16.8755157,71.2202471,-2.7173803,-5.731832,-13.7463994,-6.35453309,-22.7539249,36.2248235,68.3435422,4.55168715,-3.52448561,19.524731,-12.488136,5.47629584,1.94422722,15.6004731,-5.4061007,-3.69927784,-10.4428316,-2.47693395,-7.41287602,13.8384499,-4.72131448,2.47080407
109,-0.953777786,1.3627219,106.002522,-1.01558399,2.26469537,-0.108915583,-1.22927749,4.5246951,1.12728249,0,0,-1.89903421,13.5952286,-17.010231,71.1569859,-3.03163539,-5.70315332,-13.5727923,-6.43935977,-22.9646823,35.9210987,68.3857459,4.36415705,-3.53505512,19.6935664,-12.5013601,5.42367307,1.9604788,15.6338812,-5.40899713,-3.67471776,-10.5304459,-2.54284741,-7.38912831,13.9959088,-4.76877533,2.51708586
110,-0.972765218,1.36885289,105.999744,-0.972885999,2.24404644,-0.125605245,-1.2652093,4.46118758,1.24538873,0,0,-2.02486145,13.8093857,-17.5373867,71.138278,-3.5503859,-5.75344571,-13.6063123,-6.47833197,-23.010518,35.5917025,68.4351828,4.5312794,-3.57578973,19.5211024,-12.4853561,5.36782176,1.99837995,15.6393454,-5.39779263,-3.6540193,-10.6385908,-2.6137992,-7.35147689,14.2114969,-4.84105879,2.53038402
111,-0.993427355,1.3996534,105.994284,-0.946547478,2.22936317,-0.148988622,-1.40578164,4.59445182,1.3476388,0,0,-2.04830735,13.7125217,-17.4133282,71.1326158,-3.47198707,-5.74571393,-13.4278104,-6.53756935,-23.1770483,35.269041,68.4968321,4.38401882,-3.5275306,19.3951845,-12.4941346,5.3191366,2.04439771,15.6740086,-5.40234794,-3.61458136,-10.7378633,-2.67506216,-7.29674573,14.3881111,-4.88835871,2.5840787
112,-1.01156691,1.40438071,105.991435,-0.904291243,2.20479553,-0.17011063,-1.41356293,4.52772301,1.46743039,0,0,-2.18535638,13.7652124,-17.4974574,71.2039844,-3.40278594,-5.700735,-13.0364517,-6.6386284,-23.2487072,35.0158527,68.6234775,4.68810738,-3.57672333,19.4284338,-12.4820025,5.26830548,2.09351445,15.6974447,-5.38006146,-3.59502183,-10.8268462,-2.74151755,-7.26939851,14.5744967,-4.94823172,2.57999638
113,-1.03714215,1.40214851,105.98495,-0.842078936,2.17362273,-0.207374096,-1.4149421,4.42269391,1.6110602,0,0,-2.32129827,13.9355573,-17.2840737,71.258059,-2.79094912,-5.67992342,-13.4719556,-6.74049214,-23.2931307,34.8259154,68.7188406,4.93637195,-3.61696381,19.1713096,-12.4630752,5.20059184,2.16552001,15.7264815,-5.36392941,-3.57696431,-10.9453944,-2.82832456,-7.23303629,14.8158056,-5.0377819,2.573957
114,-1.0660653,1.40934875,105.987585,-0.799060886,2.15455956,-0.23844919,-1.46146689,4.34366521,1.75785985,0,0,-2.42032065,14.0057358,-17.1672331,71.2722727,-2.79563165,-5.76515564,-13.3770314,-6.86417278,-23.3511873,34.5517448,68.8062329,5.05185593,-3.62108242,19.2975606,-12.4481555,5.14728605,2.22015512,15.720932,-5.32286204,-3.55690297,-11.0659822,-2.89559467,-7.18548793,15.0318291,-5.07672508,2.59606142
115,-1.10330544,1.4257269,105.983901,-0.733425748,2.1298118,-0.274110857,-1.55450335,4.32404549,1.91472401,0,0,-2.48440426,14.0092712,-17.1610859,71.2511059,-2.7760924,-5.70359173,-13.1212604,-6.99654184,-23.5026604,34.3470918,68.9000319,5.15469126,-3.61124524,19.2058038,-12.422322,5.05890853,2.27372003,15.7046779,-5.28456987,-3.51737219,-11.2397567,-3.00355434,-7.09626517,15.3435658,-5.15354891,2.66361241
116,-1.13733159,1.42741855,105.977094,-0.640419487,2.10922704,-0.310435838,-1.56819553,4.1976157,2.04492577,0,0,-2.5724089,14.2386034,-17.4998719,71.194388,-2.99279551,-5.66916288,-13.0985458,-7.08510165,-23.5706089,33.9126952,69.0387188,4.92398881,-3.71192948,19.3121874,-12.4066578,4.94838369,2.32215333,15.7028713,-5.24836133,-3.5100372,-11.4260715,-3.13695263,-7.04710616,15.6694717,-5.26396831,2.70655829
117,-1.17229596,1.44586992,105.974293,-0.561741028,2.07293711,-0.381745471,-1.65388452,4.17827858,2.21749541,0,0,-2.70191185,14.3510505,-17.6238073,71.2507234,-3.46061758,-5.75184744,-13.2082224,-7.22837298,-23.7724546,33.7657778,69.0614702,5.13402524,-3.74503626,19.2138446,-12.3681689,4.84958799,2.40352201,15.7043534,-5.21248491,-3.45970084,-11.5724629,-3.25458727,-6.96635924,15.9394878,-5.32601076,2.75177948
118,-1.22091519,1.45550156,105.959582,-0.50985784,2.02002328,-0.470027827,-1.66789911,4.08943788,2.4523124,0,0,-2.85870503,14.5373354,-17.5976682,71.295427,-3.1598105,-5.88571403,-13.1467917,-7.41567555,-23.9048835,33.4635385,69.144778,5.08542418,-3.82501308,19.261965,-12.3106706,4.79647559,2.5051294,15.7047837,-5.2255788,-3.44779689,-11.7017473,-3.33094708,-6.87655932,16.1950923,-5.39110289,2.77788895
119,-1.26107438,1.46607757,105.947936,-0.465366202,1.96713403,-0.538230112,-1.69752837,4.00785896,2.60570586,0,0,-2.89102015,14.5789705,-17.5433136,71.3284851,-3.12959033,-5.86102631,-12.9818366,-7.38998635,-23.9616031,32.7950645,69.1712655,4.87475894,-3.8243147,19.1682378,-12.2538486,4.74860877,2.58010311,15.7088135,-5.23220921,-3.44271245,-11.8364173,-3.40184188,-6.79897563,16.481284,-5.46069569,2.78510675
120,-1.29374256,1.50778508,105.933988,-0.435192069,1.9126017,-0.620633442,-1.8974225,4.19067281,2.80278734,0,0,-2.88067497,14.47404,-17.1606556,71.2683726,-3.10805197,-5.75300004,-13.3013383,-7.61501803,-24.2895392,32.6032694,69.3228411,4.71461235,-3.92410547,19.1598503,-12.1899368,4.70259805,2.68437448,15.7206742,-5.2799168,-3.42278431,-11.9751743,-3.47516311,-6.74306755,16.7864432,-5.52480427,2.85049087
121,-1.33675272,1.52570792,105.914807,-0.342803773,1.85828727,-0.705339643,-1.96762958,4.1757497,3.01428542,0,0,-2.94550798,14.4914399,-17.1527463,71.2782218,-2.89773187,-5.7899616,-13.0258008,-7.77879829,-24.4669414,32.1195178,69.4552306,4.690086,-4.05931675,19.1136321,-12.1332163,4.59418843,2.78900807,15.7393257,-5.27933282,-3.40339362,-12.2121247,-3.62100558,-6.61764436,17.2509917,-5.66195276,2.88378271
122,-1.3905555,1.53768677,105.890787,-0.267535604,1.81350566,-0.805370892,-2.02356969,4.08420766,3.21748526,0,0,-3.05769,14.7840315,-17.6342524,71.2514064,-3.42639833,-5.85038487,-12.9625371,-7.90854029,-24.6114477,31.6330069,69.5412364,4.44119476,-4.02173961,19.0935479,-12.0926023,4.51289723,2.88655,15.7543521,-5.29011513,-3.38422341,-12.4048538,-3.72746219,-6.48599972,17.5888351,-5.75308072,2.90870073
123,-1.44926757,1.53793516,105.870652,-0.18670654,1.74379715,-0.943328924,-2.01649148,3.94576058,3.45730238,0,0,-3.13937586,14.9620075,-17.7888145,71.2702851,-3.68212937,-5.8947064,-12.7871489,-8.0909994,-24.6902186,31.2443896,69.6828535,4.48904407,-4.05563058,18.8478916,-12.0302888,4.44001015,3.04763617,15.7989567,-5.29609282,-3.35484207,-12.5801199,-3.82845593,-6.37640464,17.9328478,-5.84462361,2.9191315
124,-1.50458384,1.54514322,105.848956,-0.104611247,1.69649581,-1.05747492,-2.07186211,3.85751198,3.66289812,0,0,-3.22354513,15.0558799,-17.6940405,71.3629639,-3.48423958,-5.97002674,-12.8572745,-8.21358251,-24.8157728,30.7358991,69.7448716,4.49892394,-4.03737519,18.659679,-11.9790931,4.35668824,3.18621708,15.8068046,-5.3057712,-3.35720681,-12.8048767,-3.9382128,-6.25454851,18.3309129,-5.96246315,2.94910173
125,-1.5575082,1.56620629,105.837381,-0.0272209029,1.66714196,-1.21149356,-2.14599891,3.84415853,3.84732774,0,0,-3.22842765,15.1346064,-17.74992,71.3460592,-3.53278856,-6.03188989,-12.506779,-8.4167021,-25.0196233,30.4229261,69.8767694,4.64142218,-4.10614495,18.6539399,-11.9380164,4.27422865,3.37681842,15.8073629,-5.2834685,-3.34801658,-13.049733,-4.04152325,-6.15518676,18.7035578,-6.008657,2.96700621
126,-1.61204357,1.59377735,105.827332,0.0301379723,1.66564853,-1.36697365,-2.23802269,3.87087823,4.01960731,0,0,-3.25565705,15.2678787,-17.8242768,71.2757766,-3.60431943,-5.99330103,-12.4152775,-8.71530431,-25.3358183,30.4241488,70.0132229,5.12185214,-4.11407693,18.3746757,-11.9356992,4.21367433,3.53468672,15.8097757,-5.26497149,-3.34602857,-13.4008218,-4.12619156,-6.12668182,19.1960793,-5.99302313,2.93866755
127,-1.6757302,1.60466637,105.803561,0.0830655644,1.62375642,-1.49200974,-2.36792541,3.82615501,4.2474018,0,0,-3.30768047,15.439617,-17.9386142,71.2605589,-3.76054805,-5.99642328,-12.5085105,-9.04070135,-25.5210684,30.3367428,70.1460838,5.22968119,-4.14486785,18.3259969,-11.9186903,4.16787236,3.67866305,15.8572028,-5.28094261,-3.35207478,-13.6551601,-4.19851984,-6.16103938,19.6158406,-6.04076274,2.84202763
128,-1.74522642,1.58365853,105.766022,0.206773758,1.60645013,-1.61336537,-2.45585727,3.64157555,4.48635554,0,0,-3.42731977,15.8593851,-18.2654404,71.2269066,-3.91893288,-6.03558503,-12.5940193,-9.3199912,-25.6568048,30.1437661,70.2254232,5.32537683,-4.29209258,18.3100894,-11.9344331,4.0547751,3.81187607,15.9063546,-5.28126107,-3.3839517,-13.8912165,-4.32973845,-6.2490246,19.9243943,-6.19107556,2.71840846
129,-1.80755667,1.60360597,105.748546,0.270372182,1.61480511,-1.73131561,-2.5980046,3.78329429,4.68183513,0,0,-3.43700583,15.8515167,-18.2603793,71.1981515,-3.93482929,-6.03773056,-12.3229616,-9.65399342,-26.126633,30.018275,70.2921269,4.97789096,-4.30668827,18.3199863,-11.9689785,3.98268629,3.943592,15.9298777,-5.26849416,-3.40420299,-14.212927,-4.42256798,-6.27476843,20.3592247,-6.24410985,2.70968673
130,-1.87601596,1.59211233,105.72294,0.381122685,1.64884608,-1.88488373,-2.63833346,3.63618439,4.87232057,0,0,-3.44792666,16.0090994,-17.9406342,71.11845,-3.67592286,-5.93846272,-12.4314233,-9.95353649,-26.3261975,29.7840849,70.3259021,4.99767588,-4.37196183,18.3226552,-12.0251551,3.88096002,4.08089929,15.9453379,-5.24923943,-3.43701288,-14.5971388,-4.54827291,-6.24312417,20.826174,-6.35798788,2.71261155
131,-1.94263943,1.59180015,105.687535,0.508893103,1.6908342,-2.03222086,-2.774508,3.60316769,5.031855,0,0,-3.46817433,16.1005061,-17.8690504,71.110124,-3.59360286,-6.0043113,-12.299213,-10.2362005,-26.6593058,29.6707516,70.2651749,4.94987737,-4.34903331,18.2917384,-12.0721818,3.74935892,4.22714132,15.9268434,-5.23719141,-3.42432238,-14.9457107,-4.69793559,-6.31651583,21.2033661,-6.50456204,2.65557307
132,-2.00643819,1.60478409,105.664957,0.573239371,1.71423996,-2.1682195,-2.95574003,3.76898419,5.22926369,0,0,-3.54818509,16.149692,-17.947601,71.2282043,-3.7429125,-6.23443574,-12.3474444,-10.5840919,-27.10502,29.3801134,70.3312638,4.64535808,-4.36509236,18.3442864,-12.0767563,3.68130121,4.35938019,15.8550684,-5.22073535,-3.41499192,-15.2878195,-4.8039333,-6.45675583,21.6366323,-6.58648375,2.65593336
133,-2.07346305,1.59316789,105.630445,0.681707146,1.75768584,-2.32414709,-3.0139992,3.71493904,5.42276594,0,0,-3.51899158,16.3344179,-17.8663252,71.0771273,-3.54643699,-6.19627632,-12.1727059,-10.8452262,-27.4431298,29.1506839,70.2902486,4.09435946,-4.40192245,18.0435191,-12.1138058,3.57798328,4.51039098,15.8069173,-5.20880728,-3.40276716,-15.6584204,-4.95073327,-6.64338777,22.0631417,-6.70546821,2.68338795
134,-2.13854909,1.58019103,105.596483,0.790700048,1.7943341,-2.46529127,-3.08525728,3.72687052,5.59432108,0,0,-3.53861535,16.4618077,-17.9097208,71.0723599,-3.77127187,-6.21491548,-12.2324078,-11.1508499,-27.8015064,29.0887955,70.3169751,4.31022118,-4.4191802,18.0004564,-12.1491187,3.47494369,4.63028214,15.7711015,-5.19024837,-3.41023597,-15.991901,-5.0964417,-6.92823184,22.4489228,-6.82148537,2.67801237
135,-2.21048668,1.57445762,105.567765,0.879999624,1.85609304,-2.61257195,-3.16564903,3.75900357,5.76680726,0,0,-3.53730801,16.5638047,-17.937687,70.9942498,-3.9480615,-6.12243643,-12.0648402,-11.5175508,-28.2078019,29.1418764,70.3597867,4.27691121,-4.4110399,17.7368077,-12.20549,3.39200257,4.72484526,15.7068482,-5.16553461,-3.4254007,-16.3645441,-5.2279826,-7.23806075,22.8375349,-6.89878348,2.66993119
136,-2.26516537,1.55319003,105.546498,0.99919338,1.90843404,-2.77552364,-3.23602645,3.73716404,5.88448246,0,0,-3.54109962,16.6457908,-17.5963414,71.1103425,-3.71997203,-6.24540246,-12.1525278,-11.7412907,-28.5837372,28.9476463,70.3415569,4.0742834,-4.38087309,17.7704293,-12.2021543,3.28271954,4.89156633,15.5848166,-5.12087542,-3.43434056,-16.710997,-5.38954048,-7.61765875,23.2157703,-7.01501067,2.48868422
137,-2.33635698,1.53512117,105.508602,1.14118774,1.97868338,-2.9239759,-3.2777954,3.84417006,6.06490874,0,0,-3.51218316,16.659009,-17.2458417,71.0351558,-3.28373788,-6.27832013,-12.3216544,-12.0412086,-29.0657846,28.8598169,70.3435992,4.02825091,-4.34333821,17.5415428,-12.2656776,3.14154273,5.02604507,15.5274584,-5.09206526,-3.45615982,-17.0777832,-5.57750174,-7.98123485,23.5576486,-7.17611861,2.37592036
138,-2.38962546,1.5299893,105.481946,1.23594921,2.01650185,-3.0861682,-3.44745986,4.07218226,6.23786535,0,0,-3.53610932,16.681079,-17.112554,71.155292,-3.30824823,-6.51385408,-12.8529031,-12.3683644,-29.6317375,29.1580298,70.2763218,4.4379581,-4.39890948,17.4469857,-12.2555527,3.05186769,5.21437601,15.4289978,-5.07408222,-3.46205043,-17.375238,-5.72557213,-8.39285705,23.8668461,-7.21024651,2.40431944
139,-2.45277416,1.49477236,105.46279,1.34306707,2.05483682,-3.21245231,-3.40087627,4.05696375,6.42155304,0,0,-3.59887577,16.8062678,-17.0473035,71.1674019,-3.31856566,-6.48068796,-12.4953239,-12.5922349,-29.9834854,28.9621912,70.3038816,4.68680238,-4.40791637,17.2950191,-12.2780761,2.96154761,5.3448386,15.3659671,-5.02256808,-3.48977246,-17.6710791,-5.87480493,-8.84827443,24.1833878,-7.3065684,2.20258873
140,-2.51824558,1.45575479,105.439115,1.47567897,2.06540477,-3.35741197,-3.35901895,4.0409858,6.64946194,0,0,-3.72892513,17.0274055,-17.1854356,71.2443577,-3.4614562,-6.51531489,-12.3206555,-12.8524438,-30.3569738,28.7203137,70.3085193,4.94515429,-4.37910748,17.1465649,-12.2627449,2.84883284,5.50108558,15.3042068,-4.96825997,-3.48085394,-17.9277678,-6.04846377,-9.23721614,24.4830982,-7.3948725,2.12648911
141,-2.57234257,1.39961652,105.417705,1.61250946,2.14275621,-3.51033835,-3.27613204,4.029567,6.73970965,0,0,-3.77211925,17.3528998,-17.5252716,71.243982,-3.9273037,-6.5035025,-12.4780026,-12.8827203,-30.7249093,28.2375183,70.2016952,5.07801342,-4.352153,17.4215552,-12.3190692,2.74099888,5.62596364,15.2387531,-4.90052455,-3.52241265,-18.1823324,-6.18660222,-9.54373197,24.6267064,-7.55474759,1.96722788
142,-2.64063533,1.35106007,105.391943,1.73554343,2.17604172,-3.61502377,-3.3189394,4.16081592,6.9975224,0,0,-3.86052921,17.3442972,-17.1451221,71.2652512,-3.51760206,-6.50346622,-12.427116,-13.2361792,-31.3359414,28.0548757,70.223661,4.03258979,-4.13394297,16.7627083,-12.3521743,2.63808608,5.72424195,15.1951338,-4.83902254,-3.56294171,-18.3721519,-6.31614145,-9.78049963,24.7682023,-7.72717657,1.81794641
143,-2.69401129,1.28012542,105.354249,1.90649196,2.21175343,-3.72858495,-3.26346673,4.17757208,7.14061999,0,0,-3.89298926,17.5198809,-17.0779967,71.2583186,-3.54159225,-6.39831759,-12.3831185,-13.3248598,-31.8077675,27.6549015,70.151063,4.11768456,-4.15033329,16.9923154,-12.3704203,2.49422394,5.8354972,15.151868,-4.78401134,-3.62891665,-18.5107279,-6.45759082,-9.89000293,24.8168196,-7.93138386,1.65125469
144,-2.74867509,1.21912621,105.309725,2.04711433,2.31272527,-3.79641794,-3.34347429,4.35560907,7.28127365,0,0,-3.95060233,17.5550017,-16.8187261,71.2949352,-3.56832582,-6.45970434,-12.5516482,-13.5328152,-32.2434072,27.4586326,70.1557963,4.97525536,-4.31288496,17.0112623,-12.5123926,2.37149525,5.88596888,15.1566354,-4.74376702,-3.68212126,-18.8207348,-6.57091476,-9.7562277,25.0378308,-8.12654285,1.53019289
145,-2.79740859,1.15787666,105.285776,2.14160989,2.42963755,-3.86532596,-3.24030215,4.47012445,7.40585971,0,0,-4.06278947,17.626285,-16.5400903,71.3580462,-3.34324228,-6.62700257,-12.5327414,-13.6273825,-32.7004835,26.9340075,70.1252927,4.76423624,-4.27938288,16.959802,-12.6559179,2.30459974,5.91616557,15.1284985,-4.68591318,-3.75774426,-19.1113098,-6.61555005,-9.6279132,25.1965439,-8.18105715,1.41699008
146,-2.85169072,1.07977381,105.257118,2.29026499,2.48984843,-3.88377205,-3.16139511,4.59974735,7.54285196,0,0,-4.22217279,17.802579,-16.8198702,71.4195862,-3.66478197,-6.58008088,-12.3735946,-13.6386729,-33.2361137,26.6380588,70.0643947,5.05735936,-4.31453573,16.8437178,-12.7662195,2.1771514,5.92952841,15.1514103,-4.62227204,-3.81948575,-19.3376299,-6.74887918,-9.58003101,25.376224,-8.30662164,1.40901744
147,-2.91135423,1.01636825,105.226195,2.39107393,2.57153703,-3.86984563,-3.11392209,4.84853742,7.6893561,0,0,-4.37009292,18.0388643,-17.0846425,71.3737488,-4.17373138,-6.6490914,-12.7330786,-13.6176316,-33.8020017,26.3257433,69.9436506,5.38468806,-4.27690096,16.815714,-12.928994,2.09027097,5.90482788,15.1984379,-4.58329428,-3.88033164,-19.5891277,-6.85019181,-9.58927653,25.5732067,-8.39643863,1.40812706
148,-2.96595227,0.938787125,105.200481,2.47535415,2.72540736,-3.75027414,-3.21328704,5.17421279,7.81865756,0,0,-4.49831264,18.0861736,-16.9532194,71.308138,-4.12978424,-6.56847937,-12.6297489,-13.6894818,-34.3911943,25.8227101,69.8306383,5.26101809,-4.15509265,16.3342625,-13.2605109,2.01400059,5.7552604,15.3480822,-4.52447654,-3.9264081,-19.9029066,-6.93926089,-9.68809997,25.7480442,-8.40765209,1.41029959
149,-3.04220747,0.862221327,105.1826,2.56210073,2.8000622,-3.63101219,-3.17572335,5.40617071,8.03989337,0,0,-4.80322979,18.244511,-17.0777525,71.3903461,-4.60132769,-6.76120853,-12.771384,-13.6204098,-34.8583964,25.3977511,69.6996694,6.09366767,-4.36199146,16.5143951,-13.5064694,1.93644571,5.60659963,15.4870902,-4.4446995,-3.935771,-20.1499938,-7.04682911,-9.83282229,25.9617659,-8.42527228,1.36630442
150,-3.11203767,0.76570604,105.155301,2.66217824,2.87624751,-3.46630443,-3.15039935,5.6283192,8.20192424,0,0,-5.10820585,18.5100756,-17.2229811,71.4972933,-4.62497893,-6.71738646,-12.9515063,-13.4909367,-35.3718934,24.8434727,69.6098251,6.30881991,-4.33006459,16.3553849,-13.7767007,1.84794909,5.44097352,15.6560162,-4.38625144,-3.94033101,-20.3922367,-7.16986814,-10.0122018,26.1854512,-8.47909673,1.34644789
151,-3.19859684,0.682397978,105.114305,2.72387913,2.98902064,-3.25074698,-3.1452336,5.94634263,8.38522517,0,0,-5.39974052,18.709471,-17.557797,71.4695354,-5.05827844,-6.75390108,-12.7189426,-13.361695,-35.9925117,23.9857444,69.4365091,4.85622266,-3.85914269,15.7118513,-14.1897052,1.78991212,5.23724306,15.9628846,-4.38072026,-3.94789929,-20.7333312,-7.26776439,-10.1659579,26.4985453,-8.49706952,1.31268979
152,-3.27628963,0.59772348,105.075049,2.82740948,3.07847497,-3.01924142,-3.13301631,6.26982807,8.55697284,0,0,-5.68080408,18.8193619,-17.3602235,71.5285072,-5.06744285,-6.81484899,-13.1917411,-13.1949351,-36.5572215,23.5519232,69.3893261,5.78269813,-4.25259402,16.0195701,-14.5251793,1.6786478,5.03692642,16.1915201,-4.33226263,-3.98364935,-21.0250127,-7.41278382,-10.2589638,26.7764316,-8.52809907,1.2910684
153,-3.36758234,0.496061752,105.031824,2.91755142,3.17451871,-2.77692627,-3.02967107,6.56234117,8.72170078,0,0,-5.99752721,18.9935454,-17.579727,71.5521807,-5.32248681,-6.85277276,-12.8132197,-12.9211487,-37.1173107,22.7505712,69.2195959,6.02040792,-4.09155567,15.8887583,-14.9332148,1.59815797,4.83394814,16.5136472,-4.3244839,-4.03421537,-21.3537736,-7.5318878,-10.3440158,27.0901678,-8.59853283,1.24158955
154,-3.46482918,0.38739494,104.973352,3.01506431,3.3135371,-2.52948505,-3.001796,6.83730025,8.86055425,0,0,-6.25055584,19.0781288,-17.227904,71.5453095,-5.29488516,-6.8378599,-12.7569612,-12.5936744,-37.5683832,21.7814511,69.0506922,5.83896736,-4.1028972,15.8930596,-15.4417309,1.51301667,4.62491148,16.9149925,-4.3733014,-4.1139271,-21.76783,-7.66112437,-10.40806,27.4589741,-8.71434637,1.17277123
155,-3.58662233,0.296042254,104.907882,3.02512136,3.38330317,-2.25186719,-2.99931408,7.29907995,9.1903192,0,0,-6.68048807,19.1012695,-17.270258,71.6331662,-5.81304807,-6.99901181,-12.9936793,-12.4478627,-38.2254645,21.039812,69.0047113,5.09114617,-4.1718138,15.4238102,-15.9403416,1.52879569,4.39036791,17.4098875,-4.52120786,-4.24116669,-22.0408395,-7.70867017,-10.6103796,27.7436513,-8.7923847,1.10415109
156,-3.70000191,0.184091623,104.820776,3.07662062,3.48681444,-1.98693594,-2.96640068,7.68328321,9.47349202,0,0,-7.06901143,19.1161986,-16.9375185,71.661894,-5.66135853,-6.9705598,-12.8160739,-12.3054908,-38.891968,20.5730438,68.860287,5.33423217,-4.07589148,15.426503,-16.4721162,1.51511226,4.06280313,17.9274588,-4.72616733,-4.5278118,-22.4201506,-7.79371798,-10.7311373,28.1495967,-8.95319553,1.04879091
157,-3.80964875,0.0622820691,104.744399,3.12978411,3.5843516,-1.63911349,-3.05474917,8.01079761,9.73386907,0,0,-7.2949622,19.227949,-16.6935475,71.5229338,-6.00640518,-6.97012182,-12.7893209,-12.0958714,-39.2955126,19.8415322,68.8103105,5.98953931,-4.40245606,15.5581618,-17.0685539,1.49439715,3.47690075,18.5508689,-4.95026028,-4.89443885,-22.7750984,-7.89765809,-10.9209107,28.5595156,-9.13366961,0.941601875
158,-3.94922458,-0.0666051521,104.668415,3.16800925,3.7037375,-1.29860463,-3.07271449,8.33233474,10.0528065,0,0,-7.79531624,19.4341592,-16.8000097,71.6082155,-6.14072255,-7.10207936,-12.7815063,-12.0293172,-40.0623653,19.2740579,68.6710361,5.00899094,-4.04202313,15.1153504,-17.8012591,1.50483539,2.80019165,19.3449518,-5.2142599,-5.40564095,-23.1814076,-7.9742672,-11.1202711,28.9716271,-9.2999924,0.814937884
159,-4.06045839,-0.198498415,104.579329,3.22418871,3.80926852,-0.975352298,-3.1754796,8.64679324,10.3622081,0,0,-8.13653969,19.5642214,-16.6647173,71.5708407,-6.63653026,-7.16585796,-13.1868567,-11.9465575,-40.593129,18.7183247,68.6246181,5.08448844,-4.26557736,15.2024404,-18.4076928,1.47292154,2.05966019,20.0013689,-5.53788152,-6.11050452,-23.6077412,-8.08764919,-11.3006854,29.4750086,-9.49088168,0.727741075
160,-4.1798491,-0.336689339,104.471612,3.32969773,3.93260344,-0.625668083,-3.26628355,8.96930367,10.6257816,0,0,-8.4150065,19.5826697,-16.5103584,71.5092734,-6.61356033,-7.20359647,-12.8778837,-11.9953737,-41.3111117,18.5985624,68.6022493,5.85503922,-4.27165324,15.3248767,-19.1168047,1.37484995,1.09399855,20.8339348,-5.88308568,-6.99170778,-24.1192216,-8.27727574,-11.4843791,30.0750236,-9.70194989,0.660416487
161,-4.26067859,-0.499660615,104.376972,3.46310378,4.07522897,-0.311887279,-3.28999156,9.16825342,10.7315685,0,0,-8.67721917,19.8177802,-16.6465917,71.5547488,-6.87310496,-7.39737576,-13.1199968,-11.8080131,-41.8646268,17.8403687,68.7590841,5.00918304,-4.447759,15.1062952,-19.7204978,1.30801559,0.205725591,21.5102806,-6.2990647,-8.20812263,-24.6331182,-8.46813342,-11.5873519,30.6577378,-9.90837528,0.5928212
162,-4.3527741,-0.631766487,104.254806,3.48311866,4.19240091,-0.0586240481,-3.30700641,9.56902246,10.8653872,0,0,-8.87412499,19.9016037,-16.7232759,71.4856819,-7.11440914,-7.45972941,-13.254753,-11.6999962,-42.6183894,17.6209318,68.62414,5.22620547,-4.26993844,14.9543577,-20.2530323,1.44422888,-0.499681592,22.1509131,-7.02641538,-9.67184412,-25.1217056,-8.5305494,-11.7110065,31.2518038,-10.1203741,0.503976554
163,-4.44472618,-0.762303313,104.154789,3.57267712,4.3422431,0.286930063,-3.52191682,9.96771597,11.0214494,0,0,-9.07050061,19.9351792,-16.7786705,71.4467157,-7.25146585,-7.50235321,-13.0429651,-11.8864442,-43.298847,17.6106848,68.889486,6.1917351,-4.65352784,15.3220951,-20.8733586,1.57246227,-1.15579341,22.8708372,-7.60322315,-11.1881794,-25.6438564,-8.70122046,-11.8725038,31.8305769,-10.3067179,0.421634248
164,-4.52588052,-0.900384318,104.056096,3.6843036,4.45596061,0.501768705,-3.57433468,10.1898098,11.168552,0,0,-9.24217485,20.1787762,-16.8851685,71.3710372,-7.39672263,-7.61349661,-13.1697018,-11.8896364,-44.0047232,17.3116028,68.8291277,4.9474471,-4.10785976,14.3567742,-21.3674989,1.87436186,-1.23703851,23.558376,-8.07055921,-12.4895909,-26.1593923,-8.85255183,-11.8192129,32.4375485,-10.5072616,0.365661594
165,-4.62624095,-0.998092536,103.939962,3.79723211,4.52476821,0.663011844,-3.73687163,10.4879373,11.4770153,0,0,-9.49402442,20.330099,-16.7347062,71.3954756,-7.09665918,-7.64749644,-13.3928492,-12.2169536,-44.6137438,17.2427067,69.0531647,5.59955087,-4.38727682,14.8029973,-21.7583121,2.29247317,-0.987544075,24.2536927,-8.31968865,-13.2068632,-26.6435844,-9.02976707,-11.8154239,33.047843,-10.7225774,0.337542106
166,-4.6972841,-1.10870106,103.849363,3.9702312,4.63219268,0.713423238,-3.65319711,10.6003281,11.6479664,0,0,-9.58519634,20.5424599,-16.7940691,71.2188947,-7.4112197,-7.62665155,-13.3346031,-12.4437833,-45.273663,17.5156837,69.1492586,6.49039153,-4.47675443,14.7628341,-22.1210327,2.85511896,-0.250787658,24.9265995,-8.1689515,-13.2831692,-27.1650215,-9.21470469,-11.6640541,33.6051284,-10.9042194,0.316067724
167,-4.77272905,-1.20074013,103.756535,4.14676725,4.73546757,0.766935356,-3.7384255,10.6770029,11.7580554,0,0,-9.6319063,20.7548156,-16.7788498,71.2169481,-7.54918525,-7.66800408,-13.12427,-12.7063102,-45.813832,17.6732477,69.2858488,6.81063775,-4.44736882,14.8112652,-22.4516617,3.55501869,0.672540553,25.6297828,-7.73391114,-12.9831309,-27.6869846,-9.41996895,-11.5445795,34.1638276,-11.0999385,0.269239974
168,-4.84561995,-1.26956236,103.65876,4.3982197,4.79586437,0.681330902,-3.80511546,10.8010861,12.0071584,0,0,-9.66709287,20.8126092,-16.5086543,71.2952631,-7.3255068,-7.96670618,-13.1331731,-13.1568909,-46.3664182,17.6568467,69.4853039,6.67798353,-4.40691062,14.7556419,-22.5814472,4.32596776,1.99569504,26.2541321,-7.29246064,-11.8917709,-28.268051,-9.69656343,-11.2358029,34.8328173,-11.2998411,0.23043959
169,-4.89991978,-1.34706534,103.558469,4.66790555,4.90052141,0.654245752,-3.97369734,10.8145621,12.1505471,0,0,-9.56368296,20.9320402,-16.2203486,71.2581342,-7.55393736,-7.87349971,-13.18724,-13.5574875,-46.8957647,17.7498073,69.5603814,6.70089284,-4.37164294,14.5402792,-22.8025558,5.16350946,3.25100569,27.0340868,-7.08987424,-10.471836,-28.881209,-9.99546532,-10.9475612,35.4910699,-11.5226478,0.213118391
170,-4.95035648,-1.42158512,103.462231,4.9910762,4.96111043,0.509521025,-4.05079865,10.7827565,12.3327706,0,0,-9.48860381,21.1026088,-16.1271678,71.2387569,-7.69596431,-7.86702299,-13.2112866,-13.9765913,-47.3884706,17.6265411,69.715413,6.27317871,-4.25298036,14.4544254,-22.8254779,6.08048968,4.73403357,27.7154135,-7.06049632,-9.32268656,-29.4956733,-10.3202374,-10.509478,36.1874794,-11.7562924,0.225333757
171,-4.9952805,-1.48373125,103.341699,5.28383451,4.97907412,0.404395313,-4.14349157,10.6560932,12.5047897,0,0,-9.37424766,21.3799264,-16.0449289,71.3148521,-7.96727821,-7.98981271,-13.2706904,-14.3057407,-47.7668426,17.5473468,69.7885575,5.96385438,-4.08495386,13.9906598,-22.6773738,7.06100303,6.16288182,28.2543855,-7.15991741,-8.19982737,-30.0524157,-10.6482111,-10.1556811,36.9157518,-12.0491111,0.25074705
172,-5.03236055,-1.55271431,103.216732,5.56146124,5.0976168,0.348227597,-4.38659764,10.5638959,12.607141,0,0,-9.23937618,21.5838315,-15.6923972,71.3815625,-8.20575939,-7.91097867,-13.2616584,-14.7961193,-47.9814164,17.4562782,69.9509384,6.20409348,-4.13140897,14.0089477,-22.6730503,8.08199551,7.46928229,28.862788,-7.11321044,-7.21835821,-30.7434259,-10.9418051,-9.75745884,37.6653855,-12.3196839,0.26852782
173,-5.07617332,-1.61955487,103.081775,5.86833387,5.13765515,0.278918289,-4.68879637,10.5816006,12.8016656,0,0,-9.06236671,21.5773001,-15.2092228,71.4788654,-8.13545881,-7.93086989,-13.194422,-15.379011,-48.4002982,17.5983785,70.1494237,6.6273159,-4.26710732,14.03296,-22.4341081,9.07209119,8.70941071,29.2606875,-6.97946253,-6.33801257,-31.372804,-11.2820945,-9.36572188,38.4553276,-12.619647,0.279376241
174,-5.09109944,-1.69228166,102.934158,6.14557255,5.16717268,0.259277209,-5.00784689,10.4839408,12.8982138,0,0,-8.8419898,21.7133216,-14.7336247,71.6633761,-8.23640474,-8.05179753,-13.2799667,-15.7327158,-48.7127487,17.5885021,70.1210238,6.05407221,-3.94543103,13.4688948,-22.1063205,10.0470554,9.83748048,29.531764,-6.74746235,-5.59930541,-31.980561,-11.6047544,-8.98498664,39.2862099,-12.9567681,0.276993706
175,-5.12812138,-1.75905209,102.774727,6.41626847,5.20580188,0.317076923,-5.32388529,10.4517681,13.0383257,0,0,-8.71717578,21.8687733,-14.5235469,71.7674819,-8.51853765,-8.03781016,-13.3515215,-16.2584798,-49.0318312,17.7466842,70.3203492,6.5229583,-4.0470446,13.5192214,-21.8027083,10.9670051,10.7281482,29.7350715,-6.45296252,-4.7729332,-32.598256,-11.9504874,-8.68198323,40.1113446,-13.2976278,0.274237298
176,-5.14518581,-1.82306375,102.593422,6.6384978,5.25796117,0.416633184,-5.66335252,10.4386652,13.1058532,0,0,-8.61677712,22.1222382,-14.3015794,71.9318504,-8.62508092,-8.05244128,-13.5890942,-16.6355934,-49.3767421,18.0000586,70.407277,7.83541372,-4.2553419,14.6235802,-21.533563,11.8844199,11.4053615,29.9425248,-6.14739906,-3.80925456,-33.2378827,-12.2560488,-8.40556803,40.9990506,-13.6674766,0.283314806
177,-5.16367964,-1.87956616,102.41245,6.83641616,5.23636445,0.562899774,-6.21172963,10.5521744,13.2845728,0,0,-8.39315246,22.1823866,-13.8795344,72.025342,-8.7027009,-8.07907645,-13.821564,-17.252286,-49.7832442,18.4632171,70.5950048,8.00141464,-4.37245872,14.5242726,-21.1526792,12.7663219,11.9092186,30.0194225,-5.75219749,-3.01602563,-33.7577182,-12.5737559,-8.19583256,41.8673965,-14.0497529,0.314612894
178,-5.18252403,-1.93833727,102.197146,6.96281942,5.26142406,0.752077865,-6.5716934,10.6384995,13.3808682,0,0,-8.35568716,22.3487154,-13.505082,72.2821503,-8.50984539,-8.2060676,-13.8130117,-17.5116164,-50.1415252,18.2730271,70.6361498,7.24112067,-4.11400607,14.0748812,-20.8809623,13.6869802,12.1606302,30.0741699,-5.33047557,-2.62560476,-34.3270486,-12.8173674,-8.03830962,42.7688209,-14.476463,0.315131962
179,-5.18562347,-1.99326612,101.994956,7.10231005,5.27506567,0.989737064,-7.02717951,10.7372401,13.4853197,0,0,-8.28281417,22.6388106,-13.440249,72.3269973,-8.63833405,-8.04962724,-13.9403068,-17.9079432,-50.5003594,18.3943876,70.7951908,7.32945124,-4.12248063,13.993368,-20.6180086,14.520656,12.2627466,30.0907297,-4.75503896,-2.23065867,-34.8641098,-13.0998444,-7.90079656,43.6584531,-14.8855828,0.324336255
180,-5.19619808,-2.0259032,101.745582,7.21474236,5.33257715,1.23351744,-7.42979099,10.9579918,13.5044622,0,0,-8.1786478,22.6298084,-12.8380167,72.5147319,-8.32198872,-8.29480456,-14.1705875,-18.1849449,-50.9919999,18.5964963,70.9197871,7.23513999,-4.06703529,14.0667464,-20.3484483,15.3209169,12.2500689,29.9443621,-4.27196956,-2.06033788,-35.5202349,-13.3466268,-7.66501843,44.6424477,-15.3340411,0.367419034
181,-5.2026622,-2.06326656,101.518548,7.27847444,5.35738422,1.55974082,-7.84961966,11.2298999,13.5753314,0,0,-8.1545859,22.8368724,-12.7588096,72.5975753,-8.44571076,-8.42954114,-14.4180734,-17.9139162,-51.3319145,17.3485575,70.5854288,6.44623307,-3.9568558,14.4154558,-20.187413,16.1383215,11.9956879,29.8468373,-3.54535248,-2.20426021,-36.0271954,-13.5832826,-7.60239499,45.5138261,-15.7671792,0.384033416
182,-5.20356596,-2.07328666,101.257014,7.35961141,5.43261427,1.86403223,-8.28766531,11.5614006,13.5646712,0,0,-8.08817939,22.8976918,-12.5329105,72.7009775,-8.49411034,-8.43742233,-14.5750278,-18.2934698,-51.9306625,17.7460609,70.8201688,6.5981463,-4.01907583,14.4748357,-20.0093277,16.8606362,11.6992278,29.6202901,-3.01555861,-2.52569958,-36.6754384,-13.8357981,-7.44067831,46.4802501,-16.2156529,0.420479892
183,-5.20176999,-2.10105255,100.995839,7.47098995,5.52837595,2.15939498,-8.64437279,11.795706,13.5593718,0,0,-8.01565046,23.0661004,-12.2693215,72.7131147,-8.53417623,-8.40179777,-14.7573784,-18.4781103,-52.4090694,17.6144995,71.0352036,6.04234819,-4.01347422,14.6434167,-19.8616334,17.5294671,11.4093068,29.3258441,-2.49749773,-2.83264892,-37.3374545,-14.0882564,-7.22883572,47.3994979,-16.6623865,0.438914786
184,-5.21822497,-2.10450329,100.698769,7.5814193,5.6518566,2.44721519,-8.87412243,11.8653269,13.4734369,0,0,-7.98729066,23.327893,-11.9639967,72.8048647,-8.7021007,-8.61454792,-14.8674111,-18.6266106,-52.7766907,17.9284526,71.2735977,6.99165399,-4.12426245,14.7232548,-19.6881005,18.1481593,11.0452748,28.9157732,-2.09509543,-3.34549602,-38.125006,-14.3453302,-6.94219275,48.4249825,-17.1180814,0.463440715
185,-5.22736944,-2.08484344,100.432861,7.70732094,5.77266398,2.71104304,-9.27054404,12.3226286,13.4820916,0,0,-7.87173923,23.1687069,-11.4521679,72.8254782,-8.82928906,-8.67524354,-14.8181056,-19.0827819,-53.577083,18.5332607,71.494288,6.86788285,-3.89703743,14.4421362,-19.5531906,18.7214068,10.7002725,28.5275367,-1.66792056,-3.90305568,-38.8897072,-14.61515,-6.62257234,49.3916797,-17.4843878,0.485889572
186,-5.24527803,-2.03175098,100.107992,7.80073086,5.93373764,2.94110442,-9.52547317,12.6434383,13.397504,0,0,-7.78650957,23.2030422,-11.0790475,72.8790337,-9.28962162,-8.66941739,-15.1369713,-19.3337059,-54.1214867,18.6448865,71.7293148,7.14501009,-3.89133507,14.8113625,-19.3087023,19.2889289,10.4596014,27.9452238,-1.5254283,-4.36688102,-39.7848889,-14.8453462,-6.24122281,50.4621104,-17.9098369,0.503109173
187,-5.26373684,-1.98077504,99.8087168,7.93140774,6.08475767,3.12783773,-9.7545876,12.955794,13.3624959,0,0,-7.78382957,23.2526362,-10.8432685,73.0051805,-9.48887702,-8.82093062,-15.1395617,-19.6998177,-54.7489659,18.9671263,72.0255264,6.85626299,-3.78591367,14.6309602,-19.0202703,19.8347925,10.3633239,27.3422137,-1.05899266,-4.56899016,-40.6883146,-15.0899557,-5.78971486,51.5045782,-18.2299559,0.533110192
188,-5.28531447,-1.96195357,99.4990587,8.08685609,6.26976683,3.36831288,-9.99846804,13.0846668,13.2893932,0,0,-7.7382133,23.2207734,-10.0739041,73.0793768,-9.39243645,-8.81462123,-14.8751685,-20.0327041,-55.1575239,19.1392026,72.2998336,7.21299054,-3.7444621,14.8781464,-18.8569246,20.3512709,10.1242366,26.7936385,-0.493112017,-4.8607323,-41.6216326,-15.3449216,-5.35617245,52.523762,-18.5876341,0.563562057
189,-5.32187931,-1.90301575,99.1582751,8.2278089,6.50683249,3.55200721,-10.1214371,13.3524119,13.1662585,0,0,-7.7492543,23.4472761,-10.23117,73.1024833,-10.2236858,-8.95559036,-15.0992516,-20.3117805,-55.7815573,19.3495144,72.5711424,7.12928017,-3.65611659,14.8813669,-18.650156,20.8567408,10.1061981,26.1193127,0.0313769019,-4.87460313,-42.6621948,-15.5608734,-4.8467795,53.5597104,-18.9573813,0.617858272
190,-5.37121966,-1.83272399,98.822397,8.31629785,6.72528525,3.67757725,-10.1783172,13.807691,13.0950316,0,0,-7.75179684,23.4576341,-10.1476206,73.0933445,-10.6640427,-9.05330817,-15.1466412,-19.8650946,-56.5841489,18.8191622,72.2326929,7.7655204,-3.80660572,15.3332197,-18.409274,21.4174447,10.109655,25.4601073,0.644481656,-5.06120561,-43.6481566,-15.6919805,-4.34394268,54.5464235,-19.3041841,0.639775922
191,-5.40089495,-1.76853929,98.5026002,8.41160831,6.86273033,3.77924223,-10.2935877,14.0782732,13.1235238,0,0,-7.7445133,23.3654471,-9.47632654,73.1410602,-10.515615,-8.96026562,-14.9515829,-20.1940366,-57.1287985,19.0165768,72.4627473,7.99128632,-3.74546785,15.6168912,-18.0355738,21.9722712,10.1712121,24.7821649,1.44766436,-5.36372536,-44.5186232,-15.8418076,-3.85469538,55.5276177,-19.634294,0.673868118
192,-5.46309203,-1.69999264,98.1670558,8.52060905,7.05830035,3.91814312,-10.3755406,14.3780844,13.1537106,0,0,-7.9647758,23.5554254,-9.51291416,73.381681,-11.0699804,-9.41334537,-15.2525125,-20.5010997,-57.6505873,19.1021625,72.6771538,8.45487944,-3.85623174,15.4217304,-17.8338015,22.4859731,10.2409543,24.2014503,2.24760822,-5.65256296,-45.491126,-15.9996328,-3.35714214,56.4878125,-19.9271896,0.730620907
193,-5.51956967,-1.63655039,97.8149533,8.61591168,7.21821283,4.01193886,-10.4522453,14.6302328,13.1824418,0,0,-7.96362491,23.6793404,-9.33760626,73.3257827,-11.3280651,-9.28220318,-15.0672744,-20.8248216,-58.1624281,19.3416597,72.8524506,8.6313203,-3.84407273,15.3618024,-17.4897751,22.9987547,10.3496081,23.5221282,3.30894896,-5.80081947,-46.3920484,-16.1144516,-2.82457863,57.4233196,-20.2679255,0.834294427
194,-5.59130684,-1.57942995,97.4627733,8.69807098,7.35276985,4.10324518,-10.545795,14.8033815,13.3031594,0,0,-8.05357338,23.9264088,-9.0077141,73.4209067,-11.4810554,-9.53075547,-15.4530452,-21.0774379,-58.5892466,19.1938851,72.9268177,8.55821166,-3.64385213,15.3075143,-17.2880831,23.5022489,10.3638388,23.0748003,4.37434684,-6.31723214,-47.2555858,-16.2192524,-2.35396878,58.35075,-20.6118136,0.826695628
195,-5.67838252,-1.4891916,97.0977366,8.75641328,7.53617958,4.14381969,-10.5581243,15.0776136,13.4119123,0,0,-8.15831689,24.0436234,-8.79456609,73.3918443,-11.6084179,-9.55540733,-15.2453254,-21.4330465,-59.1097138,19.2973983,73.086248,8.55076334,-3.75148354,15.7494959,-17.0556381,23.9741586,10.3695565,22.5578933,5.6119959,-6.72965348,-48.2219244,-16.2590894,-1.805073,59.301526,-20.9351189,0.824278488
196,-5.76058291,-1.40277902,96.7305958,8.76508838,7.67591492,4.20557593,-10.6663444,15.3846135,13.5988955,0,0,-8.32256587,24.2192224,-8.55780697,73.6060937,-11.9330952,-9.9340585,-15.5744893,-21.8566514,-59.4917741,19.3914996,73.216807,8.61706996,-3.8559833,15.6107798,-16.8828428,24.4548349,10.0226657,22.1111426,7.00130547,-7.51076032,-49.0784677,-16.2818067,-1.36552098,60.2258282,-21.2906268,0.808863338
197,-5.85246533,-1.31737664,96.3444054,8.77423747,7.85768114,4.25040142,-10.7105315,15.613138,13.7176708,0,0,-8.38038769,24.4120267,-8.46693472,73.5822836,-12.4633672,-9.96108898,-15.4818515,-22.2593765,-59.9196103,19.515459,73.3421547,8.46418301,-3.90756531,15.6793993,-16.8142165,24.8714372,9.59516415,21.7757666,8.36466288,-8.46331045,-49.9997817,-16.259612,-0.871046127,61.1441608,-21.6301368,0.812327578
198,-5.97958714,-1.19302459,95.9161282,8.69636955,7.9600643,4.27268658,-10.7870168,15.8992904,14.0194738,0,0,-8.58069067,24.6597543,-8.33570715,73.7596773,-12.8065091,-10.2470135,-15.628902,-22.7069144,-60.2777855,19.7104643,73.3774326,8.74745571,-3.86957068,15.5184664,-16.8097649,25.3797433,8.70142963,21.6690279,8.95831219,-11.6603752,-50.8734585,-16.1956711,-0.422821286,62.1560533,-21.9623076,0.877641476
199,-6.12471402,-0.989773124,95.4354286,8.59327291,8.17627823,4.33368251,-10.858849,16.2991485,14.1615512,0,0,-8.66415814,24.8438244,-8.22370827,73.768618,-13.3393868,-10.3488798,-15.7364639,-23.177984,-60.720771,20.1231904,73.4443753,8.99774458,-3.99240352,15.471572,-16.9048036,25.7208139,7.91652478,21.4757864,8.57044795,-15.9575588,-51.9844639,-16.1299101,0.075147829,63.2554679,-22.2601022,1.01615552
200,-6.25585467,-0.838879775,95.0065255,8.42925859,8.25603157,4.34089354,-10.8995723,16.6784955,14.4911513,0,0,-8.83048264,24.9821563,-8.05354264,73.8794856,-13.6969762,-10.4526466,-15.692124,-23.7626823,-61.0264288,20.5486036,73.592242,9.58474982,-4.00665898,15.2687257,-16.9011904,26.1377116,7.42299751,21.3116741,8.43713375,-19.9962274,-52.7791906,-16.0018082,0.435792643,64.2349922,-22.5486384,1.08499241
201,-6.46543354,-0.501927221,94.834578,9.17375312,8.38681678,4.64937573,-11.2295439,16.2738785,14.5822473,0,0,-8.96724693,24.9912933,-7.66815605,73.9711536,-13.7369559,-10.5583583,-15.4594775,-24.4851353,-61.4586227,21.0581562,73.6951252,9.49892337,-4.03335434,15.5474076,-17.0709274,24.9330779,7.72765127,21.2547598,7.83354908,-19.9962274,-54.0946987,-16.8836693,1.66288052,64.8915099,-22.4064083,1.49971488
202,-6.69370741,-0.137239229,94.663775,9.99008453,8.49145875,4.98903293,-11.5977534,15.6850547,14.70203,0,0,-9.05709039,25.2932423,-7.7934627,73.968524,-14.5855326,-10.7234038,-15.4727059,-25.149081,-61.7299452,21.4891907,73.7256493,9.59520599,-3.97010124,15.5594817,-17.2435605,23.5745533,8.21290462,21.240582,6.97629119,-19.9962274,-55.4362912,-17.8447981,2.98225013,65.4903878,-22.2710749,1.93128871
203,-6.91614822,0.145451049,94.4553792,10.6279346,8.58569342,5.28191851,-11.9696555,15.2686318,14.950012,0,0,-9.27750742,25.4311609,-7.32811594,74.0999437,-14.6472724,-10.8646547,-15.6508833,-25.9849715,-62.0014452,22.0769353,73.777709,9.78948303,-3.92704416,15.9917661,-17.5726919,22.5683111,8.38271593,21.4213242,6.17619856,-19.9962274,-56.6562348,-18.5583753,4.11192073,66.0885006,-22.1885628,2.23188384
204,-7.1237959,0.442013424,94.2341447,11.2295525,8.78329307,5.55476057,-12.2971802,14.9622363,15.0218519,0,0,-9.26104496,25.5691342,-6.99560226,74.0929154,-14.7743805,-11.0447694,-15.7056921,-26.6509081,-62.2371482,22.5580692,73.7149259,10.1448988,-3.87968106,15.5901117,-18.0795927,21.6734999,8.73858415,21.7579655,5.16896038,-19.9962274,-58.0016796,-19.1754009,5.25715007,66.6640806,-22.0834223,2.51323811
205,-7.36099258,0.696308492,94.0072834,11.7900166,8.86598304,5.76960979,-12.5498784,14.6428942,15.2516963,0,0,-9.41781658,25.6354399,-6.84285618,74.1967753,-15.1669849,-11.0100498,-15.4010179,-27.4988778,-62.4745929,23.2414569,73.9101669,10.072001,-4.18842013,15.6015369,-18.4672076,20.8183193,9.03520731,22.1229127,4.41764,-19.9962274,-59.1993123,-19.7228355,6.36435277,67.2319426,-22.0203506,2.79945506
206,-7.58551285,0.921323337,93.7903345,12.316611,8.96266429,6.019127,-12.9730146,14.4069061,15.5498358,0,0,-9.53277635,25.6989914,-6.46610764,74.3264737,-15.3495132,-11.2208994,-15.5494055,-28.5486044,-62.7783929,23.925958,73.9331778,9.55973084,-3.98896494,15.1862102,-18.9297327,20.0160999,9.02500216,22.5147692,3.70551807,-19.9962274,-60.36054,-20.2326408,7.38680348,67.7611115,-21.9468321,3.02729288
207,-7.79112726,1.06699094,93.5415626,12.6361859,8.94459303,6.14436458,-13.2343163,14.1629701,15.9959376,0,0,-9.7071895,25.8863452,-6.49358293,74.4727354,-15.9072203,-11.2698685,-15.3327724,-29.2855665,-62.9464565,24.3793989,73.9344072,8.83917576,-3.88952294,14.9595315,-19.3663935,19.6304435,8.85055998,23.1967926,2.6287428,-19.9962274,-61.2393532,-20.5201405,8.16660533,68.3600166,-21.9709888,3.23541536
208,-8.00413713,1.17043946,93.2528079,12.8256016,8.91518682,6.20138736,-13.4502851,13.9559608,16.5445879,0,0,-9.91076329,26.1151515,-6.33590503,74.5843953,-16.202696,-11.288024,-15.161391,-30.0245178,-62.944182,24.5420428,73.9665637,8.67387323,-3.92458401,15.0363746,-19.7344929,19.4225803,8.27975936,23.7917943,1.38251076,-19.9962274,-62.0339432,-20.6302756,8.8245472,69.0119308,-22.0564106,3.31410042
209,-8.20305496,1.29515016,92.9727018,12.9582021,8.91161719,6.31686402,-13.6097419,13.9402368,17.0537922,0,0,-10.1864451,26.2512549,-6.32419168,74.7693159,-16.5526219,-11.4210257,-15.3313722,-30.6671396,-63.0885654,24.9387282,73.9833865,9.04124947,-3.941166,14.6602788,-20.2395649,19.2549112,7.63588426,24.4618939,0.112229413,-19.9962274,-62.7642339,-20.7449477,9.35323117,69.5888838,-22.1527709,3.38525071
210,-8.45043808,1.41391922,92.6937878,13.0796375,8.81829452,6.4840461,-13.9022388,13.8501551,17.6473186,0,0,-10.4547588,26.4149968,-6.16280626,74.965916,-16.5577207,-11.5311898,-15.223725,-31.344766,-63.0860314,25.4394374,74.0285204,9.4253998,-4.0420432,14.6777606,-20.8803749,19.1319336,7.06904814,25.4054589,-1.08194145,-19.9962274,-63.437267,-20.9048082,9.85687736,70.1970711,-22.1817445,3.47083234
211,-8.67160112,1.51277129,92.4293101,13.2093184,8.72771797,6.66054046,-14.1693342,13.8013688,18.2091477,0,0,-10.7483076,26.5906334,-6.09067178,75.1555904,-16.8277898,-11.5051087,-15.4359202,-31.9122387,-63.1633833,25.6410151,74.070164,9.06130888,-4.0867946,14.4639211,-21.5710915,19.0292673,6.69853855,26.4255579,-2.07697664,-19.9962274,-64.0505019,-21.0749534,10.3255188,70.7513615,-22.2637136,3.55728376
212,-8.92856196,1.60509441,92.1710193,13.2771214,8.62591233,6.88895315,-14.4837867,13.7532732,18.9022087,0,0,-11.0779419,26.7288781,-5.80041051,75.2898582,-16.480922,-11.6827261,-15.5273798,-32.5190907,-63.0760115,25.5645136,74.1827597,8.76134661,-4.15319599,14.3659727,-22.4012993,18.9717998,6.18103689,27.5333327,-3.01206561,-19.9962274,-64.6102086,-21.2393731,10.6746525,71.2756331,-22.315705,3.64135826
213,-9.16983634,1.69481859,91.9139028,13.3565634,8.57093422,7.08305963,-14.700582,13.8154288,19.489634,0,0,-11.4865417,26.8263022,-5.86487555,75.4763702,-16.7532434,-11.6475105,-15.5338463,-33.022503,-63.1792635,25.6624124,74.2397371,8.92041062,-4.23210303,14.5662783,-23.3267762,18.9145304,5.71472366,28.7561312,-3.78160894,-19.9962274,-65.2770331,-21.3348489,11.1211454,71.8435019,-22.2819007,3.69184787
214,-9.4329983,1.77284312,91.6554213,13.5255155,8.40525101,7.26132164,-14.8789592,13.6964588,20.2089349,0,0,-11.9388445,26.9277476,-5.81156976,75.6475348,-16.665945,-11.703705,-15.5303253,-33.5255737,-63.245127,25.8861625,74.3405576,9.17169584,-4.10276102,14.4942727,-24.0578916,18.7303612,5.24178471,29.874923,-4.42010569,-19.9962274,-65.8606523,-21.5413887,11.6329665,72.379542,-22.3037146,3.73675167
215,-9.65819433,1.83108337,91.4071977,13.6404366,8.32510658,7.41872003,-14.9786373,13.6535277,20.7615723,0,0,-12.1803498,26.9962134,-5.72398454,75.675559,-16.6459821,-11.7741371,-15.2954471,-33.9482771,-63.2604608,25.8007442,74.6220365,8.85373431,-4.36840543,14.8075667,-24.9216186,18.6357852,4.79140289,31.0660977,-4.93932131,-19.9962274,-66.4312258,-21.6493518,12.0684713,72.8620812,-22.3465536,3.78485883
216,-9.91210416,1.87749173,91.1396444,13.7415159,8.16629696,7.47995327,-15.0415211,13.5180739,21.4973733,0,0,-12.528966,27.1820851,-5.89611086,75.7147438,-16.8155535,-11.8447604,-15.4717291,-34.3050383,-63.2092344,26.0597467,74.6751344,9.12584563,-4.23143196,14.6485838,-25.681332,18.6019587,4.46556743,32.3150491,-5.49083262,-19.9962274,-66.932029,-21.703592,12.5256782,73.3733755,-22.4021821,3.81525573
217,-10.1613477,1.92722976,90.8817232,13.8356688,8.02451787,7.49900563,-15.0701379,13.4397666,22.1714019,0,0,-12.8439573,27.241909,-6.02867672,75.7859212,-17.1552017,-11.7746041,-15.3809815,-34.6927848,-63.2098969,26.3322029,74.8921227,9.48272216,-4.37291165,15.0085382,-26.4182787,18.5904362,4.21025496,33.53767,-5.97578928,-19.9962274,-67.4489172,-21.710634,13.0099309,73.8794788,-22.414765,3.83819108
218,-10.3860483,1.9579066,90.6387329,13.9365717,7.8549905,7.45759101,-14.9699373,13.2898747,22.870564,0,0,-13.137798,27.317789,-5.89469316,75.783558,-16.9771763,-11.83364,-15.3395991,-34.7421192,-63.1026834,26.2455346,74.954817,9.68851918,-4.28475098,14.6127867,-26.9823737,18.5924682,4.03471569,34.6277887,-6.39749327,-19.9962274,-67.8933576,-21.694735,13.4854768,74.3661025,-22.4394817,3.8490562
219,-10.6372647,1.97127666,90.3912187,14.056196,7.64513544,7.40008499,-14.8829942,13.1212596,23.6806552,0,0,-13.4341497,27.3954602,-5.81008163,75.7770625,-16.8278308,-11.9822043,-15.3969181,-34.9667607,-63.0421543,26.3053893,75.1560617,9.87815596,-4.36902186,14.7402654,-27.4493845,18.5776603,3.90063737,35.626014,-6.77032939,-19.9962274,-68.3169796,-21.6860026,13.9657049,74.8445436,-22.4565009,3.84422683
220,-10.8237803,1.99901704,90.0961041,14.2399839,7.79653809,7.41936912,-14.6855266,13.0774473,23.9496366,0,0,-13.5201955,27.419289,-6.08851771,75.6079401,-17.2574326,-11.9175147,-15.2453579,-35.2254302,-62.9887354,26.7206699,75.4719511,10.5029996,-4.43912905,14.9486545,-28.3883733,18.4732968,3.71945977,36.7040057,-7.14028275,-19.9962274,-69.2476953,-21.57242,14.6049696,75.3703042,-22.4500873,3.86640147
221,-10.9648958,2.00815164,89.7946417,14.5761862,8.13708279,7.47170275,-14.3770906,12.8379561,23.9496366,0,0,-13.6426164,27.5400519,-6.29294655,75.5118735,-17.5207483,-11.9531956,-15.1967355,-35.2641267,-62.8570698,26.7213,75.7962963,10.7380751,-4.58015496,14.9778979,-29.4699747,18.1796737,3.54706259,37.7436322,-7.38122493,-19.9962274,-70.5220174,-21.4553351,15.4488002,75.910538,-22.4272386,3.88715201
222,-11.1029483,2.03709416,89.5000696,14.8243413,8.51653754,7.48640617,-14.0479446,12.7999828,23.9496366,0,0,-13.772425,27.4956795,-6.35936032,75.603603,-17.6755699,-12.1113418,-15.4042503,-35.3186213,-62.722597,26.5870134,76.1011549,10.8716343,-4.59948268,14.9871153,-30.535474,17.9877335,3.37923076,38.7143216,-7.71457999,-19.9962274,-71.7202716,-21.2420369,16.1689702,76.3850108,-22.4054196,3.88544404
223,-11.220929,2.09187493,89.2361283,15.0875287,8.92163476,7.44966236,-13.7245514,12.8260374,23.9496366,0,0,-13.8183205,27.3776129,-6.27004279,75.5401847,-17.4038309,-12.1906693,-15.5257474,-35.5612877,-62.7167094,26.8386631,76.4670755,11.1981532,-4.72336567,15.1979051,-31.440317,17.7648661,3.33770107,39.5221247,-8.1193353,-19.9962274,-72.9261893,-20.9884951,16.9343971,76.8186731,-22.3009006,3.88519089
224,-11.340712,2.17234101,89.0054524,15.2618583,9.31677836,7.44509998,-13.4756815,12.9186599,23.9496366,0,0,-13.8191017,27.2245074,-6.24382511,75.4704758,-17.7380918,-12.1105324,-15.5883478,-36.0152528,-62.7272484,27.37234,76.8701523,11.1132685,-4.7060093,15.1728281,-32.305497,17.598913,3.2573964,40.2065642,-8.55642301,-19.9962274,-73.9832635,-20.7471777,17.519174,77.1535778,-22.167519,3.89278777
225,-11.4393629,2.22886503,88.7859225,15.5555421,9.70814368,7.45484509,-13.2326856,12.9392342,23.9496366,0,0,-13.753041,27.1158083,-6.37207728,75.3230188,-18.1732465,-12.1889054,-15.7736133,-36.4219735,-62.7062046,27.6477639,77.2640015,11.2795631,-4.69008301,15.3459256,-33.0843162,17.2975873,3.22020111,40.8395281,-8.88971062,-19.9962274,-75.1071712,-20.5566564,18.2341496,77.4872872,-22.0312447,3.91433574
226,-11.5237705,2.31705271,88.6019707,15.7722591,10.0940548,7.48380756,-13.1046656,13.1643589,23.9496366,0,0,-13.669956,26.6871474,-6.01660564,75.2246368,-17.8127201,-12.0991849,-15.5346232,-37.1889013,-62.7290447,28.4748162,77.8221919,11.637582,-4.80997631,15.4301657,-33.8835918,17.0412161,3.08342786,41.4709279,-9.18631159,-19.9962274,-76.0946868,-20.3765102,18.8084405,77.7360427,-21.8875051,3.96072126
227,-11.6006806,2.38960776,88.4080827,15.991858,10.4652162,7.49914848,-12.9466466,13.2750541,23.9496366,0,0,-13.5623831,26.5170842,-6.09877196,75.1760058,-18.0138794,-12.1150856,-15.6425266,-37.8669308,-62.7203841,29.2776844,78.2428632,12.124688,-4.77941804,15.6244932,-34.6020389,16.8076749,3.03215427,42.033896,-9.53426106,-19.9962274,-77.0694367,-20.1797376,19.3780543,78.0121872,-21.7638309,4.00885446
228,-11.6605073,2.47356277,88.2284462,16.1619654,10.8565703,7.55744096,-12.8469882,13.6031388,23.9496366,0,0,-13.4552234,26.0594581,-5.65916519,75.1477288,-17.6994124,-12.0456004,-15.8730062,-38.6795252,-62.7788573,30.048461,78.7619576,12.3313268,-4.91372389,15.5615,-35.3904578,16.5978924,2.86453289,42.5996508,-9.88722987,-19.9962274,-77.9893607,-19.9965707,19.8409892,78.252685,-21.6465104,4.03530906
229,-11.7299467,2.55440399,88.0479157,16.2518688,11.1827845,7.62127568,-12.7659693,13.8777705,23.9496366,0,0,-13.2613963,25.7001611,-5.47410164,75.0957989,-17.4183382,-12.0509032,-15.7513554,-39.270159,-62.7581823,30.4683947,79.1117247,12.3968181,-4.75343686,15.6697602,-36.1730746,16.471551,2.62266799,43.1989623,-10.1883541,-19.9962274,-78.760373,-19.830831,20.1579936,78.4882036,-21.5604808,4.04952951
230,-11.7862917,2.63645686,87.8754675,16.3540555,11.4839458,7.66776814,-12.6668505,14.2953452,23.9496366,0,0,-13.0753846,25.1884246,-5.24291468,75.0888321,-16.8741599,-12.1253377,-15.6666405,-39.8665164,-62.8762353,30.9857235,79.5139341,12.6670528,-4.82256349,15.5897429,-36.8701978,16.3493572,2.46045377,43.7536454,-10.4588475,-19.9962274,-79.4888946,-19.6715203,20.4948347,78.7173701,-21.4864023,4.06057905
231,-11.8493274,2.70465668,87.7016187,16.4171004,11.8194343,7.76461508,-12.6353061,14.6492087,23.9496366,0,0,-12.8405832,24.8389101,-5.16251311,74.961654,-16.9117465,-11.9447526,-15.4503319,-40.4126174,-62.8064854,31.288055,79.8661874,13.0338835,-4.84524271,15.5457821,-37.6858795,16.24477,2.19569835,44.3082294,-10.63191,-19.9962274,-80.2236727,-19.4963464,20.7492848,78.9480256,-21.4059119,4.07128238
232,-11.9241759,2.75535677,87.5274837,16.488332,12.0947864,7.8582409,-12.5005567,14.9156544,23.9496366,0,0,-12.6308332,24.426978,-4.75719474,74.9218955,-16.3897561,-11.9907403,-15.4868085,-40.8181257,-62.8020185,31.6837654,80.1951089,13.3718139,-4.7481029,15.4169647,-38.4315962,16.1430684,1.94529977,44.8456219,-10.7700839,-19.9962274,-80.8931337,-19.3380704,21.0097268,79.1846234,-21.3593454,4.06784765
233,-11.9809233,2.81183291,87.3730004,16.5339392,12.4017004,7.93757687,-12.3260787,15.2988331,23.9496366,0,0,-12.5398593,24.0618719,-4.85466794,74.9620501,-16.1982461,-11.9966467,-15.3379975,-41.0775329,-62.8739199,31.4603738,80.5026791,13.3977968,-4.875071,15.8140736,-39.1841874,16.0654877,1.69467826,45.3586716,-10.8867469,-19.9962274,-81.505146,-19.1636547,21.2104097,79.3490533,-21.3514138,4.06265671
234,-12.0552987,2.85561439,87.2319698,16.5775527,12.627925,7.99511062,-12.1450958,15.503189,23.9496366,0,0,-12.3311595,23.7885175,-4.67143745,75.0030108,-15.8022915,-12.0341282,-15.6754225,-41.2468499,-62.805215,31.6396697,80.7198723,13.5671574,-4.70111633,15.550932,-39.8056185,16.006509,1.50914759,45.8152595,-11.0041477,-19.9962274,-82.020354,-19.0086333,21.4046842,79.5070219,-21.3354397,4.06008045
235,-12.1147737,2.90013608,87.0904565,16.6574409,12.9320365,8.06751307,-11.9843319,15.7670802,23.9496366,0,0,-12.2140747,23.538647,-4.93178889,75.0521403,-15.9274581,-12.1552719,-15.6809293,-41.4902642,-62.7591385,31.6923475,80.9519621,13.8923965,-4.76392717,15.5204591,-40.464841,15.9051832,1.37004961,46.2188007,-11.1195514,-19.9962274,-82.6340191,-18.8267898,21.6435376,79.6532699,-21.3096745,4.06866002
236,-12.173681,2.95503568,86.9743586,16.6941191,13.1921024,8.13938276,-11.8149048,16.0739845,23.9496366,0,0,-12.1537402,23.1707423,-4.92532881,75.2163176,-15.7443988,-12.1799937,-15.8295098,-41.7323636,-62.8555193,31.8607219,81.1087559,13.6661447,-4.6870201,15.7341894,-41.0491193,15.8410955,1.23400291,46.5652313,-11.240018,-19.9962274,-83.1465019,-18.66773,21.8170449,79.7796148,-21.2488039,4.06515229
237,-12.2351058,3.00002694,86.8560433,16.7641922,13.4286449,8.17435127,-11.6397352,16.2660392,23.9496366,0,0,-11.9829616,22.9527517,-5.1002252,75.231665,-15.7058185,-12.0250176,-15.7988184,-41.8913021,-62.8382663,31.9025364,81.2934374,13.3957836,-4.56585766,15.6670452,-41.5463605,15.7634209,1.16705287,46.8796898,-11.3733723,-19.9962274,-83.652455,-18.5044083,22.0314155,79.9019571,-21.1975501,4.04942535
238,-12.2938894,3.04387771,86.7473841,16.8137835,13.6829127,8.18623594,-11.4433877,16.4822471,23.9496366,0,0,-11.874131,22.7064687,-5.26729931,75.3070908,-15.6813801,-12.1197651,-15.8039564,-41.9704162,-62.7976608,32.2455451,81.3413512,13.9106467,-4.57823738,15.6117019,-42.0185281,15.7189461,1.14417803,47.145712,-11.5053632,-19.9962274,-84.1196741,-18.3027777,22.2160219,79.979835,-21.1459344,4.04275354
239,-12.3446032,3.09503637,86.6475523,16.8893942,13.9051181,8.25663229,-11.3430275,16.7275106,23.9496366,0,0,-11.7383238,22.4193805,-5.20463275,75.4156908,-15.3278802,-12.088605,-15.9709033,-42.2963084,-62.7924289,32.4452086,81.5609964,13.5274202,-4.56169424,15.5258294,-42.4642901,15.6152024,1.11290387,47.396158,-11.6502468,-19.9962274,-84.5813197,-18.1917427,22.4131633,80.0613874,-21.0905211,4.06794498
240,-12.4070503,3.12391762,86.5387678,16.9918933,14.0704613,8.36341069,-11.2679116,16.8113154,23.9496366,0,0,-11.6014323,22.3103416,-5.42112371,75.4344738,-15.604076,-11.9446792,-15.9268212,-42.3741555,-62.6860214,32.6023678,81.6933518,13.5654566,-4.58350815,15.3307967,-42.8865768,15.4799646,1.03965788,47.663816,-11.7735394,-19.9962274,-85.0596652,-18.1332558,22.6354108,80.2145339,-21.0415691,4.09176185
241,-12.4556795,3.16434503,86.4432812,17.0716603,14.2592652,8.46472197,-11.1229375,17.0497607,23.9496366,0,0,-11.4798165,22.0281712,-5.47300283,75.4753798,-15.289387,-12.0553513,-15.8059713,-42.3909236,-62.8082544,32.5716798,81.669132,13.5606106,-4.42534018,15.3251003,-43.3014732,15.3592667,0.96042737,47.8853873,-11.8895058,-19.9962274,-85.5080535,-18.0677611,22.8134363,80.3262621,-20.9935426,4.10314052
242,-12.4929979,3.19623873,86.3464355,17.1513883,14.4134514,8.60729267,-11.1843374,17.2516747,23.9496366,0,0,-11.2824949,21.786379,-5.31545342,75.5024001,-15.1213575,-11.9603528,-15.8877457,-42.7758321,-62.6966765,32.8523117,81.9063581,13.5298389,-4.48205807,15.4785047,-43.6938915,15.2237233,0.823951119,48.0905526,-11.9909717,-19.9962274,-85.9249272,-18.0491693,22.9779073,80.4607144,-20.9563864,4.1011047
243,-12.5392765,3.20668072,86.2385571,17.2555076,14.5339524,8.73676996,-11.0497947,17.3576929,23.9496366,0,0,-11.1842145,21.6917775,-5.43116921,75.5371931,-15.1693157,-11.8549826,-16.0451662,-42.4376216,-62.7347411,32.3864553,81.794664,13.6891778,-4.38314028,15.2068288,-44.0422482,15.085371,0.740209905,48.3032208,-12.0568617,-19.9962274,-86.3240357,-18.0278745,23.1796557,80.602755,-20.9364508,4.10997968
244,-12.5844955,3.21219824,86.1387491,17.3343787,14.6432913,8.85269929,-10.9572789,17.5309629,23.9496366,0,0,-11.1211001,21.4527824,-5.5303999,75.7052362,-15.3608564,-11.9348386,-15.8520324,-42.6176074,-62.7766785,32.4996964,81.946704,13.7231742,-4.37753654,15.4847611,-44.357499,14.9786988,0.682004047,48.4829572,-12.10991,-19.9962274,-86.6730174,-17.9932454,23.3499306,80.7317978,-20.9064441,4.12324091
245,-12.6205206,3.2322105,86.0502601,17.3691347,14.7572261,8.97284409,-10.8602373,17.7651803,23.9496366,0,0,-10.9351004,21.2516521,-5.24946696,75.5681543,-15.4968472,-11.6590988,-16.1789218,-42.7252716,-62.7920327,32.5247803,82.1199176,13.7696392,-4.37602024,15.3788334,-44.6992919,14.9022502,0.551081647,48.6697663,-12.1827523,-19.9962274,-86.9751166,-17.9654858,23.452643,80.8497142,-20.8957958,4.13678603
246,-12.6561999,3.24669294,85.9686613,17.4271708,14.8808684,9.10344459,-10.821429,17.9241154,23.9496366,0,0,-10.8804145,21.0583509,-5.15636338,75.6748282,-15.8846072,-11.5434483,-16.2416895,-42.6646742,-62.8702999,32.2648916,82.0133872,13.6908009,-4.22427393,15.2848654,-45.0558244,14.7960663,0.38981928,48.855807,-12.2220805,-19.9962274,-87.2988198,-17.9412984,23.5767048,80.9603701,-20.9030392,4.1463483
247,-12.6965404,3.25901099,85.892278,17.4663997,15.0087688,9.23870628,-10.7571936,18.1378832,23.9496366,0,0,-10.7907179,20.79879,-4.63060487,75.6386555,-15.7599563,-11.3170531,-16.5497669,-42.833414,-62.9325297,32.4039303,82.0760337,13.8662624,-4.07255152,15.1127378,-45.414843,14.7017039,0.240569401,49.0157358,-12.2663734,-19.9962274,-87.6044981,-17.9099871,23.6721909,81.0540325,-20.886254,4.13762102
248,-12.7287641,3.25472243,85.8116448,17.5382752,15.0993669,9.34586006,-10.7393455,18.2901726,23.9496366,0,0,-10.6477569,20.6917883,-4.69969266,75.6707984,-16.0615091,-11.2418126,-16.6162878,-42.9193173,-63.0217388,32.4325488,82.1231073,14.0220445,-4.0653875,15.2512558,-45.6679391,14.6029035,0.172968698,49.144461,-12.2907734,-19.9962274,-87.8816467,-17.8835629,23.8164718,81.155051,-20.8864009,4.1651565
249,-12.757799,3.25795598,85.7408702,17.6163408,15.1796567,9.45473428,-10.706342,18.4841328,23.9496366,0,0,-10.5371002,20.4616758,-4.32015484,75.6297011,-15.8694698,-10.9810454,-16.9040881,-43.1201761,-63.2173145,32.7952626,82.1095904,14.1075047,-3.94797869,15.2070491,-45.9004319,14.4946347,0.126578213,49.2704097,-12.3187482,-19.9962274,-88.1206486,-17.8923396,23.9359386,81.2162973,-20.9324176,4.15615175
250,-12.781474,3.26134413,85.6770813,17.6798829,15.280606,9.56073009,-10.7026571,18.6571432,23.9496366,0,0,-10.4283294,20.3388144,-4.25977127,75.6004065,-16.0223073,-10.8148797,-16.9877221,-43.3382777,-63.3227248,33.3542794,82.1247534,14.4664943,-3.88388761,15.0844984,-46.1360974,14.3932645,0.0347744541,49.354281,-12.3511608,-19.9962274,-88.3798748,-17.8711165,24.04592,81.2987377,-20.9476335,4.15186026
251,-12.8094584,3.26162465,85.625267,17.7184069,15.3768832,9.62933123,-10.6400226,18.8289293,23.9496366,0,0,-10.2907489,20.1035485,-3.89658109,75.5481145,-15.6233303,-10.7964749,-17.0021679,-43.5443274,-63.4866561,33.6906457,82.1288174,14.314573,-3.76159862,15.0207283,-46.3520679,14.3380065,-0.0398698586,49.4298912,-12.3828657,-19.9962274,-88.6060838,-17.8172281,24.1317909,81.3753314,-20.9537858,4.14854975
252,-12.8434688,3.25298049,85.5690002,17.7837797,15.4511484,9.72051303,-10.5783904,18.9695868,23.9496366,0,0,-10.1557485,20.0744775,-4.4520633,75.4195909,-15.8916953,-10.8181471,-16.7553539,-43.5409875,-63.5316808,33.7975245,82.1121107,14.4428107,-3.65623954,14.6820415,-46.5521822,14.2461123,-0.0918528442,49.5136122,-12.4037704,-19.9962274,-88.8265623,-17.8015357,24.2413983,81.4454365,-20.9756185,4.14893481
253,-12.8830254,3.23426276,85.5051696,17.8619869,15.4907117,9.80802824,-10.4589671,19.0550001,23.9496366,0,0,-10.0624848,19.9767034,-4.48646354,75.3625656,-15.8876689,-10.7702914,-16.5288119,-43.2923071,-63.7176327,33.7693807,81.8858539,14.6973172,-3.61138056,14.5169165,-46.7129512,14.1503983,-0.13290637,49.6037366,-12.4096384,-19.9962274,-89.0186068,-17.8093477,24.3546446,81.5139296,-21.0118322,4.16457637
254,-12.8986791,3.21867801,85.443157,17.9573399,15.548047,9.88864221,-10.4093142,19.0914647,23.9496366,0,0,-9.98866501,19.9345218,-4.4416067,75.3682756,-15.8633756,-10.6901237,-16.5894794,-43.237085,-63.7863375,33.5806865,81.8417309,14.4444414,-3.73621636,14.5380713,-46.855709,14.0479685,-0.146504343,49.6807401,-12.4374774,-19.9962274,-89.2403489,-17.8123018,24.4918528,81.5923538,-21.0555778,4.15916643
255,-12.9164159,3.21433134,85.3997588,18.0386383,15.6198931,9.9593738,-10.3462527,19.2351139,23.9496366,0,0,-9.8809811,19.7199873,-4.27338768,75.2636918,-15.5390185,-10.7877698,-16.3526801,-43.313409,-63.9313766,33.9118107,81.7531638,14.7662645,-3.59192904,14.3951633,-47.0009393,13.9512513,-0.160402617,49.7338756,-12.4640784,-19.9962274,-89.4615855,-17.7961535,24.6115417,81.6524322,-21.0651145,4.13573077
256,-12.9325971,3.20389494,85.3472233,18.1221732,15.7130128,10.0267031,-10.3146631,19.3338118,23.9496366,0,0,-9.89292113,19.6113173,-4.29840197,75.4112375,-15.5032351,-10.8028432,-16.2257257,-43.4494185,-64.0821598,34.0569249,81.6917331,14.5671491,-3.53498767,14.7367479,-47.1670359,13.8652593,-0.16285823,49.7908223,-12.4966106,-19.9962274,-89.70306,-17.756214,24.7465011,81.7230222,-21.0831308,4.14644008
257,-12.953113,3.20063159,85.3023231,18.1968011,15.7646817,10.0774382,-10.2975953,19.4377775,23.9496366,0,0,-9.78102641,19.5241196,-4.07189283,75.3944079,-15.2005484,-10.9044747,-16.3223114,-43.435946,-64.1760066,34.1622771,81.63466,14.8320119,-3.58866762,14.587708,-47.2680168,13.7840705,-0.137797119,49.8362362,-12.51914,-19.9962274,-89.8895105,-17.7447837,24.8715533,81.7733197,-21.0728787,4.18083136
258,-12.9693642,3.1931363,85.2549911,18.2749728,15.8159596,10.1167775,-10.2255308,19.5725201,23.9496366,0,0,-9.67882031,19.4733765,-4.27895301,75.3070567,-15.3150924,-10.8829921,-16.2216651,-43.5185469,-64.3685019,34.2505095,81.59665,14.7137813,-3.57853781,14.8357634,-47.3539406,13.7074264,-0.113603588,49.8797753,-12.5305942,-19.9962274,-90.0634755,-17.7275972,24.987588,81.8187609,-21.1126406,4.18509084
259,-12.9840657,3.18855383,85.2131903,18.3660369,15.8632613,10.1610049,-10.1930413,19.6127875,23.9496366,0,0,-9.61555568,19.4055868,-4.07516577,75.2821606,-15.0708961,-10.7878432,-16.1126365,-43.2810407,-64.2994213,34.1432858,81.4714253,15.1499862,-3.35817115,13.7566396,-47.4310807,13.6094832,-0.0949221338,49.9127207,-12.5459032,-19.9962274,-90.2437037,-17.7182654,25.1173923,81.8625834,-21.1418841,4.18391775
260,-12.9896462,3.18682902,85.1764202,18.4398024,15.9336063,10.2247016,-10.1931856,19.7601095,23.9496366,0,0,-9.62043585,19.2926753,-3.85245252,75.3686923,-14.8050053,-10.847744,-16.2009031,-43.5236968,-64.399668,34.2655052,81.5289697,15.0929354,-3.3859459,13.8761295,-47.5525522,13.5213874,-0.115046866,49.9443957,-12.5578637,-19.9962274,-90.4360076,-17.6971875,25.2312447,81.921002,-21.154578,4.16870052
261,-13.0021706,3.17631029,85.1489246,18.5120432,15.9684076,10.2688392,-10.160907,19.8749694,23.9496366,0,0,-9.52385015,19.1711645,-3.75763626,75.3210995,-14.6689224,-10.804053,-16.0346511,-43.5744486,-64.5278912,34.2291481,81.5570281,15.0783359,-3.20982072,13.8713424,-47.6104176,13.4422298,-0.0967938724,49.9605388,-12.556192,-19.9962274,-90.5794758,-17.7022777,25.333409,81.9514647,-21.1808503,4.18046253
262,-13.0142286,3.16349156,85.1105809,18.6278732,16.019931,10.3181338,-10.1261601,19.9962274,23.9496366,0,0,-9.56361551,19.1727593,-4.12171522,75.3521769,-14.9694917,-10.8040129,-16.1247891,-43.7789478,-64.660069,34.3335373,81.6218602,15.0924795,-3.26014747,13.7151923,-47.6704754,13.3270856,-0.0289931092,49.9809065,-12.5495258,-19.9962274,-90.7785484,-17.6872769,25.5041722,81.9992623,-21.1963053,4.21508135
263,-13.0369321,3.15378457,85.0577056,18.7446318,16.0809998,10.3681238,-10.2064755,19.9962274,23.9496366,0,0,-9.45580353,19.1767055,-4.06557491,75.3112914,-14.9619426,-10.670697,-16.0322059,-43.9831876,-64.7213016,34.6972859,81.5626971,15.3622327,-3.07371981,13.6577043,-47.7582058,13.2179947,0.0279519639,50.0172704,-12.570976,-19.9962274,-90.9988425,-17.6654442,25.6719473,82.04497,-21.2294471,4.21803583
264,-13.040024,3.13228182,85.0039423,18.9110509,16.1435779,10.3902156,-10.2274023,19.9962274,23.9496366,0,0,-9.38850226,19.085543,-3.99998033,75.2821265,-14.9201811,-10.717961,-15.7794531,-44.3498765,-64.7260759,34.8902763,81.7615308,15.2784058,-3.20170539,13.6664973,-47.7797653,13.0893566,0.148629705,50.0285026,-12.5994365,-19.9962274,-91.272255,-17.6041791,25.9348908,82.1420816,-21.2633744,4.21198599
265,-13.0429313,3.11194211,84.9428654,19.0695547,16.2019623,10.4409732,-10.2531991,19.9962274,23.9496366,0,0,-9.41592206,19.0594363,-4.00719344,75.3367543,-14.8682017,-10.7030738,-15.6375525,-44.4933481,-64.795539,34.8266565,81.6996493,15.2229702,-3.056477,13.617156,-47.8228501,12.9533214,0.243292592,50.0428597,-12.6303884,-19.9962274,-91.568453,-17.5574111,26.204171,82.2679893,-21.2651912,4.22937949
266,-13.0609125,3.09018325,84.8967075,19.1826273,16.1868833,10.467058,-10.2261345,19.9962274,23.9496366,0,0,-9.43704186,19.1147437,-4.19462023,75.4069892,-14.9869599,-10.6595629,-15.6258899,-44.5450902,-64.9111536,35.1788176,81.6974021,15.4666099,-3.12298063,13.509858,-47.8020795,12.8632082,0.334643331,50.0683261,-12.6396971,-19.9962274,-91.693746,-17.5660461,26.3786755,82.3245364,-21.318354,4.24122048
267,-13.0680189,3.06550302,84.8378658,19.3046811,16.2221692,10.4982059,-10.2445666,19.9962274,23.9496366,0,0,-9.4497093,19.1536331,-4.22936626,75.432295,-14.9691997,-10.6130024,-15.6593476,-44.621981,-65.000629,35.130798,81.647289,15.3874105,-3.10192934,13.6304664,-47.83259,12.7706147,0.418991151,50.0979725,-12.6511778,-19.9962274,-91.8842878,-17.5369188,26.571584,82.3974624,-21.380717,4.27317296
268,-13.0742937,3.04154959,84.7795188,19.4249908,16.2586913,10.5281555,-10.1897868,19.9962274,23.9496366,0,0,-9.50830805,19.1511828,-4.21331446,75.4781597,-14.7425586,-10.6385438,-15.6383226,-44.7153019,-65.0679474,35.4120378,81.6440242,15.6136707,-3.0175716,13.4926716,-47.8809341,12.6761353,0.477566507,50.1498444,-12.678344,-19.9962274,-92.0766054,-17.4998684,26.7581933,82.4798003,-21.4321859,4.26523073
269,-13.0734861,3.01709883,84.7236574,19.6133191,16.2954385,10.565131,-10.2726113,19.9962274,23.9496366,0,0,-9.54308994,19.0661896,-4.1455735,75.5181505,-14.4869934,-10.5294358,-15.5492962,-44.857824,-65.2690623,36.1232723,81.4578879,16.2607663,-3.08236213,13.5375528,-47.875808,12.5237888,0.613688281,50.1671555,-12.6981575,-19.9962274,-92.36598,-17.4455053,27.0750475,82.6100247,-21.4259858,4.26550479
270,-13.0777746,2.99347602,84.6590102,19.7427582,16.3447999,10.6112188,-10.3012725,19.9962274,23.9496366,0,0,-9.63949635,19.1817188,-4.44483183,75.5198922,-14.7488117,-10.4585709,-15.6209876,-44.8702413,-65.3507036,36.1251745,81.3856518,16.0809171,-2.98886154,13.4486476,-47.9329972,12.4219464,0.69519597,50.2034682,-12.7221596,-19.9962274,-92.5930224,-17.3922042,27.2909292,82.7132357,-21.4538154,4.25223074
271,-13.0765811,2.96161547,84.5919609,19.9533973,16.3402135,10.6414467,-10.2915421,19.9962274,23.9496366,0,0,-9.726612,19.1904922,-4.85159649,75.5142163,-15.1796532,-10.3625009,-15.6099397,-44.8606654,-65.5462109,36.3358277,81.3462758,16.4836678,-3.09395382,13.4502382,-47.8544978,12.2583761,0.884293546,50.2114014,-12.7428918,-19.9962274,-92.8513401,-17.3718878,27.6314791,82.8392322,-21.4811498,4.27326474
272,-13.0706578,2.94343326,84.5449328,20.0832273,16.3327714,10.7031863,-10.3873346,19.9962274,23.9496366,0,0,-9.82175738,19.2076223,-4.93797747,75.6006592,-15.0817253,-10.3692457,-15.5945479,-44.733378,-65.6532468,36.1688194,81.2158943,16.2845643,-2.96950201,13.6756575,-47.841377,12.1378318,0.946657282,50.2332136,-12.763957,-19.9962274,-93.0423668,-17.3884561,27.848843,82.9525723,-21.5090973,4.29641524
273,-13.0610898,2.92077772,84.4896913,20.2435521,16.3591538,10.7518721,-10.5047336,19.9962274,23.9496366,0,0,-9.85190755,19.1683846,-4.89121586,75.5337506,-15.0167788,-10.2757763,-15.4207196,-44.7473321,-65.7409054,36.4905281,81.1702208,16.5300567,-2.94931197,13.5854204,-47.8453966,12.0057044,1.03985126,50.2550088,-12.7975052,-19.9962274,-93.283855,-17.359882,28.1087454,83.073979,-21.5548664,4.29357943
274,-13.0574271,2.89251078,84.4382703,20.4098697,16.3590389,10.8032299,-10.5530914,19.9962274,23.9496366,0,0,-10.0064389,19.1976076,-5.12880612,75.567724,-15.0314261,-10.2202007,-15.3853955,-44.4676017,-65.839547,36.1374483,81.0843448,16.5242784,-2.93015905,13.4359008,-47.8117238,11.8678259,1.15774257,50.2599333,-12.8263525,-19.9962274,-93.5046955,-17.355509,28.3720731,83.1917178,-21.6021928,4.31264206
275,-13.0518645,2.86112297,84.3796015,20.5517574,16.3601352,10.8416315,-10.5640897,19.9962274,23.9496366,0,0,-10.1968756,19.225485,-5.19018562,75.6267437,-14.8620186,-10.2584916,-15.5174538,-44.2942241,-65.9299924,36.0917168,81.1599824,16.7703479,-3.01442672,13.5944653,-47.7845533,11.7620792,1.26307391,50.2783783,-12.8511281,-19.9962274,-93.6715229,-17.3361147,28.6033535,83.2922103,-21.6754602,4.32756901
276,-13.0449817,2.83367001,84.3327701,20.6503902,16.3542252,10.8392261,-10.5829128,19.9962274,23.9496366,0,0,-10.3723125,19.2906877,-5.28791239,75.7055777,-14.8426568,-10.2168377,-15.6166111,-43.9228155,-66.0367209,35.8969915,81.0600294,17.1051877,-3.03170753,13.7317538,-47.7317422,11.7235826,1.40516745,50.2896139,-12.8981378,-19.9962274,-93.7849928,-17.2868348,28.7880657,83.3894995,-21.719993,4.32720872
277,-13.0298287,2.80963704,84.283334,20.8048879,16.3600434,10.8868567,-10.6561931,19.9962274,23.9496366,0,0,-10.518248,19.3555489,-5.68564541,75.6823414,-15.0268448,-10.2312084,-15.4804667,-43.6241519,-66.1030216,35.4477426,81.0867696,16.8130485,-2.95038175,13.5493135,-47.682138,11.6106488,1.54809461,50.2754993,-12.952489,-19.9962274,-93.9968106,-17.2521853,29.0590296,83.5225106,-21.7586485,4.33692039
278,-13.0060315,2.78022606,84.2231572,21.0037214,16.3600135,10.9420511,-10.816787,19.9962274,23.9496366,0,0,-10.7057597,19.2638382,-5.4981661,75.8105714,-14.6588,-10.3355669,-15.5321405,-43.4873397,-66.1692676,35.1494136,81.1445598,16.6597825,-3.08017327,13.7742624,-47.6001996,11.4654202,1.7237755,50.2437082,-13.0232831,-19.9962274,-94.2291464,-17.2236488,29.3889926,83.6562253,-21.8313183,4.32731416
279,-12.9782692,2.7572576,84.1715872,21.1603434,16.3557876,11.0166283,-11.0094778,19.9962274,23.9496366,0,0,-10.7750341,19.2819109,-5.34553784,75.7054206,-14.4244904,-10.2569711,-15.6343986,-43.3018318,-66.2374875,35.0858519,81.0897748,16.7855468,-2.92606051,13.5757514,-47.5549906,11.3487819,1.84965109,50.2355598,-13.0701808,-19.9962274,-94.4319415,-17.233754,29.6457258,83.786757,-21.8918081,4.33978779
280,-12.9498839,2.71708593,84.1046214,21.3392951,16.3419532,11.0483704,-11.1045651,19.9962274,23.9496366,0,0,-10.9902013,19.416913,-6.09771072,75.6895541,-15.0128514,-10.1506916,-15.5063292,-42.9851228,-66.3782167,34.7175408,81.065596,16.967877,-3.1155893,13.8454551,-47.4418963,11.2556549,2.0510994,50.2069721,-13.1448083,-19.9962274,-94.6036661,-17.1682986,29.9710135,83.9477719,-21.9137945,4.35303665
281,-12.9159242,2.68278904,84.0419173,21.4792477,16.3408128,11.048135,-11.2392231,19.9962274,23.9496366,0,0,-11.1263227,19.4702107,-6.56614772,75.6443246,-15.2236328,-10.1506148,-15.2802824,-42.6353522,-66.4806218,34.626631,80.8821644,17.0709308,-2.93998342,13.6439662,-47.32802,11.2298632,2.26467707,50.1780633,-13.2304743,-19.9962274,-94.7785531,-17.0721193,30.2694723,84.1276244,-21.9497828,4.40333032
282,-12.8635302,2.64311861,83.9862406,21.6725279,16.3138182,11.050935,-11.456173,19.9962274,23.9496366,0,0,-11.2747819,19.4672942,-6.63326927,75.6822936,-15.1581415,-10.0776188,-15.3789,-42.2394778,-66.5997198,33.8523641,80.7772322,16.6541271,-3.10327639,13.8021987,-47.1123602,11.1524054,2.54042141,50.0804974,-13.2720198,-19.9962274,-94.9744293,-16.9898463,30.644979,84.3376391,-22.007252,4.49127328
283,-12.8167406,2.62805428,83.9472771,21.8672124,16.2929879,11.0507609,-11.7419387,19.9962274,23.9496366,0,0,-11.3398438,19.4125673,-6.80918719,75.6083705,-15.2560318,-9.99939951,-15.04593,-41.9849269,-66.7239609,34.0218724,80.5231697,17.141555,-3.07713064,13.661922,-46.8903893,11.061762,2.87111036,49.9772318,-13.3435668,-19.9962274,-95.1644725,-16.8937933,31.0586665,84.5245677,-21.9864541,4.55635431
284,-12.7467722,2.58997474,83.9078426,22.1200593,16.281798,11.0084212,-11.9475539,19.9962274,23.9496366,0,0,-11.5406343,19.3529858,-7.17251398,75.619169,-15.4922931,-9.97275579,-14.9387678,-41.4999801,-66.8277934,33.2427014,80.2652071,16.8740028,-3.07963048,13.3979241,-46.6032891,10.9639469,3.29504355,49.8663266,-13.3444326,-19.9962274,-95.3766318,-16.7434796,31.5676966,84.739261,-21.9644404,4.6614833
285,-12.6762703,2.56172772,83.8705003,22.3231108,16.3078456,10.9594363,-12.2513846,19.9962274,23.9496366,0,0,-11.6229175,19.4691537,-7.68590601,75.5339487,-16.1483584,-9.87929063,-15.1452427,-41.1574734,-67.015166,33.0974233,79.868134,17.1782365,-3.10572522,13.5401141,-46.3764824,10.9237947,3.71585428,49.7689315,-13.3501733,-19.9962274,-95.54238,-16.6393705,31.9163129,84.849712,-22.0447651,4.66954463
286,-12.5950232,2.54330765,83.8525712,22.6051217,16.2683207,10.8231771,-12.5947391,19.9962274,23.9496366,0,0,-11.6463135,19.1484831,-7.36810157,75.5291403,-15.7674712,-9.93554151,-15.1790402,-40.8985444,-67.0467215,32.7283575,79.6301088,17.3527137,-3.21302002,13.5372258,-45.9143348,10.8429338,4.3444716,49.6060349,-13.3914405,-19.9962274,-95.698846,-16.5263872,32.4280067,84.9929343,-22.0462575,4.78625293
287,-12.4904029,2.52884403,83.8323593,22.8789076,16.2622946,10.6536547,-12.964435,19.9962274,23.9496366,0,0,-11.6248326,18.8761686,-7.38711511,75.4542541,-15.772978,-9.85648634,-14.7087543,-40.8577716,-67.1682647,32.7663948,79.3633011,17.7553619,-3.34394472,13.7593947,-45.4561213,10.787728,4.99424158,49.4447298,-13.4762185,-19.9962274,-95.8801124,-16.3605553,32.9386863,85.1678554,-22.0292042,4.87004697
288,-12.3773955,2.50362828,83.8074505,23.2065625,16.2442919,10.5027979,-13.3933564,19.9962274,23.9496366,0,0,-11.5420951,18.6841806,-7.34950809,75.3305798,-15.7451536,-9.93726357,-15.0472756,-40.8415943,-67.1562367,32.5604509,79.0851758,17.4521886,-3.26834135,13.5182711,-44.9626777,10.6829973,5.65806083,49.2594199,-13.4450686,-19.9962274,-96.064507,-16.2178505,33.5145191,85.3059208,-22.0902303,4.96548093
289,-12.2426353,2.48008296,83.8009477,23.5143803,16.2071605,10.2532546,-13.8110694,19.9962274,23.9496366,0,0,-11.4681164,18.5568949,-7.91568467,75.2086678,-16.3488296,-9.82591612,-14.8799308,-41.0414832,-67.1390998,32.6052467,78.927494,17.0311911,-3.13838356,13.4567764,-44.3748682,10.6442744,6.43397203,49.1057168,-13.3780508,-19.9962274,-96.1149138,-16.0587139,34.0576899,85.3857043,-22.1869457,5.07548711
290,-12.1113807,2.4604816,83.7923467,23.7981159,16.1357436,10.0412609,-14.2756922,19.9962274,23.9496366,0,0,-11.4453155,18.3375758,-7.93105515,75.2194595,-16.0885994,-9.91592008,-15.05874,-41.2228213,-67.0673965,32.5131621,78.775092,16.7738159,-3.03367548,13.7757078,-43.7415389,10.5830016,7.15074147,48.8693171,-13.3289263,-19.9962274,-96.1284854,-15.9620052,34.5558565,85.4745787,-22.3009775,5.18988722
291,-11.9634464,2.43965592,83.7802589,24.0702435,16.0725511,9.74670021,-14.7853276,19.9962274,23.9496366,0,0,-11.405592,17.9890073,-7.70494943,75.2274781,-15.871063,-9.86674101,-14.8819321,-41.7136113,-66.9926332,32.8058938,78.7104511,16.1960502,-2.91267526,14.0182734,-43.047339,10.5754269,7.93474431,48.6260872,-13.2211827,-19.9962274,-96.0138816,-15.8507859,35.0067993,85.476539,-22.5754281,5.19181633
292,-11.7981777,2.40560751,83.7807655,24.4620209,16.0182377,9.40579284,-15.3092816,19.9962274,23.9496366,0,0,-11.2852304,17.6578558,-7.76586618,75.1808211,-15.9543418,-9.87870323,-14.8022596,-42.4380246,-66.8994011,33.0111,78.7600451,15.0263274,-2.7822592,14.1564234,-42.2501978,10.4510415,8.86352795,48.3337859,-13.0609336,-19.9962274,-95.9922231,-15.6732044,35.6589697,85.4965241,-22.7707988,5.16536044
293,-11.6144247,2.39659864,83.8012457,24.8230236,15.9218081,9.06783548,-15.8137577,19.9962274,23.9496366,0,0,-11.2167894,17.3910003,-7.85559181,75.1599207,-15.8990821,-9.94653299,-14.7825357,-43.2150816,-66.8331073,33.7695276,78.7810002,14.9159908,-2.77875702,14.3825581,-41.3813226,10.3278872,9.79373312,47.9954558,-12.8754718,-19.9962274,-95.9388247,-15.5422423,36.3177141,85.5358592,-22.8856536,5.3031117
294,-11.4256158,2.38134582,83.8840544,25.2269903,15.7421413,8.69155979,-16.2717526,19.9962274,23.9496366,0,0,-11.1060361,16.8972408,-7.49497234,75.1457071,-15.3758043,-9.96534333,-14.6343599,-43.7313722,-66.9388933,34.1871322,78.6671614,14.23836,-2.63636636,14.3076318,-40.3831076,10.1171016,10.7396776,47.6504186,-12.5343926,-19.9962274,-95.7639991,-15.5018998,37.0185769,85.4831369,-22.9551235,5.48106459
295,-11.2200923,2.38390137,83.9754224,25.5521112,15.5681053,8.20665171,-16.8372257,19.9962274,23.9496366,0,0,-10.8843624,16.4179682,-6.94658029,75.1431526,-14.8542203,-9.80777257,-14.6981129,-44.5639722,-66.8773533,34.9465468,78.5950073,13.4481977,-2.52374081,14.3217993,-39.3248927,9.97865878,11.6504961,47.305535,-12.2079736,-19.9962274,-95.4716466,-15.3991874,37.6319039,85.4213306,-23.059178,5.62854887
296,-11.0018641,2.38756537,84.0745091,25.9141525,15.4126829,7.66931742,-17.4253903,19.9962274,23.9496366,0,0,-10.6080112,16.1995285,-7.93451806,74.9884488,-16.1408486,-9.79104629,-14.3199501,-45.7095418,-66.7274853,36.1861544,78.5466632,13.3904843,-2.43014972,14.0907349,-38.2532019,9.7630391,12.4857514,46.978024,-11.8507684,-19.9962274,-95.211471,-15.2638421,38.2949138,85.3588002,-23.1690552,5.77296383
297,-10.8006321,2.40625758,84.1871083,26.2129212,15.262445,7.18306478,-17.9303155,19.9962274,23.9496366,0,0,-10.446899,15.8945178,-8.1070179,74.952201,-16.4088926,-9.71600727,-14.0786668,-46.6142584,-66.6617515,37.3356035,78.3877657,12.9017014,-2.27705487,13.9838271,-37.3159087,9.54052093,13.139316,46.7218919,-11.4797243,-19.9962274,-94.9158741,-15.1800066,38.8745168,85.2577885,-23.2540381,5.9165741
298,-10.5976179,2.41369326,84.3056262,26.5931227,15.0573639,6.6504054,-18.4890813,19.9962274,23.9496366,0,0,-10.3296929,15.3812428,-8.34154952,74.994876,-17.0815193,-9.71554453,-13.7672059,-47.731049,-66.5507132,38.1968494,78.3500767,13.0595556,-2.48785606,14.5920998,-36.3239296,9.19940079,13.7717796,46.5338978,-10.9588029,-19.9962274,-94.5868775,-15.1238574,39.5802905,85.1257131,-23.3353276,6.110309
299,-10.3871316,2.40673181,84.422785,26.9611589,14.9188454,6.06645798,-19.0149581,19.9962274,23.9496366,0,0,-10.3132382,14.8061306,-8.42564537,75.2653515,-17.6439291,-9.88080949,-13.6319537,-49.099351,-66.526787,39.7961484,78.1826414,12.6604404,-2.33057837,14.3937545,-35.4368861,8.84997856,14.2554355,46.4123307,-10.254116,-19.9962274,-94.2534208,-14.9879281,40.2429931,84.9782357,-23.4336124,6.26209672
300,-10.1532303,2.38292962,84.552753,27.2582965,14.8354078,5.44950603,-19.4103304,19.9962274,23.9496366,0,0,-10.3477605,14.4362076,-8.70158758,75.4094275,-18.1156783,-9.79588292,-13.683776,-50.468278,-66.3539696,41.1724794,78.1936244,12.2613968,-2.25915913,14.1359328,-34.7656116,8.63870288,14.5858553,46.5214464,-9.42730457,-19.9962274,-93.8796592,-14.784052,40.7914573,84.8429706,-23.5482912,6.36840264
301,-9.93342698,2.35330351,84.6833527,27.529435,14.7093487,4.82243753,-19.7921704,19.9962274,23.9496366,0,0,-10.3779414,14.0944019,-9.30027927,75.5698687,-18.8242711,-9.86369219,-13.5603707,-51.9832959,-66.2010075,43.1169932,78.206711,12.4128366,-2.14080028,14.5387031,-34.0835592,8.42932855,14.8435583,46.6394242,-8.52821603,-19.9962274,-93.4569935,-14.5917105,41.3325141,84.7284967,-23.6576494,6.48741442
302,-9.70258042,2.30709817,84.8212063,27.7815704,14.6527323,4.14626322,-20.1486124,19.9962274,23.9496366,0,0,-10.4797351,13.7397084,-9.31417358,75.8322094,-19.0236905,-9.7826665,-13.7648136,-53.2610468,-65.9830835,44.3622904,78.0794168,11.9269506,-1.89452948,14.5818392,-33.5869327,8.2879573,15.0862247,46.9585648,-7.44265053,-19.9962274,-93.0207561,-14.3399156,41.8228739,84.5777544,-23.7407096,6.60308965
303,-9.47527364,2.21710745,84.9604487,28.0682235,14.5384527,3.45765906,-20.3878568,19.9962274,23.9496366,0,0,-10.5747448,13.359885,-9.40100749,75.9687995,-18.9239629,-9.70394772,-13.8260898,-54.3480065,-65.927315,45.2604159,77.8998238,11.397447,-1.95552713,14.6309772,-33.177982,8.14485374,15.2349299,47.4688346,-6.03402518,-19.9962274,-92.5230607,-14.1272175,42.337655,84.4292729,-23.8406353,6.68968193
304,-9.24415067,2.13065762,85.1241291,28.2630548,14.4721403,2.75263676,-20.6130294,19.9962274,23.9496366,0,0,-10.5966799,13.1543911,-9.79451176,75.9180307,-18.9892561,-9.57514657,-13.8113853,-55.450317,-65.8762798,46.4688437,77.583586,11.2567716,-1.83435402,14.9880612,-32.9723284,8.12202639,15.2300719,48.1444052,-4.40135426,-19.9962274,-91.9740774,-13.8789256,42.7073834,84.250117,-23.916517,6.78344207
305,-8.99285004,2.0263629,85.302496,28.3805326,14.4728978,2.07330531,-20.7907834,19.9962274,23.9496366,0,0,-10.6454739,13.0877011,-10.2218588,75.8075456,-19.0981856,-9.56368296,-13.6325086,-56.3316505,-65.6276063,47.4070111,77.3003176,11.1475927,-1.55055283,14.7133579,-33.0308734,8.21786675,15.0070014,49.001874,-2.49540492,-19.9962274,-91.4102453,-13.5883625,42.9545611,84.0666718,-23.984614,6.82599159
306,-8.72307196,1.87679417,85.4722977,28.4622382,14.4940399,1.31866367,-20.9426133,19.9962274,23.9496366,0,0,-10.9027253,11.9748584,-6.43325913,76.2311471,-14.5881024,-9.52056995,-13.75018,-57.4274451,-65.3610308,48.3501066,77.2102206,10.9180856,-1.47497807,15.3976745,-33.2434664,8.32988783,14.4005813,49.968537,-0.24926674,-19.9962274,-90.8107733,-13.1970431,43.1649002,83.9611522,-23.9920333,6.88091869
307,-8.45896304,1.74980685,85.5924547,28.52521,14.5157032,0.55822784,-21.0548299,19.9962274,23.9496366,0,0,-11.2238048,11.0129629,-2.8586427,76.6297296,-10.5096548,-9.52191976,-14.0362974,-58.2590616,-65.0994551,49.2896913,77.0367884,10.6509953,-1.51666378,15.0863169,-33.4056595,8.35575205,13.6392688,50.7778734,1.04183917,-19.9962274,-90.2493181,-12.7896709,43.3870145,83.9208404,-23.9942804,6.96714898
308,-8.19725171,1.58771202,85.595876,28.4270103,14.6668329,-0.311028031,-20.9935614,19.9962274,23.9496366,0,0,-11.6066788,10.3027256,0.255850429,77.0016129,-7.11608595,-9.56957143,-14.0603406,-59.1054723,-64.7204479,50.39638,76.8925553,10.8724445,-1.33572556,15.1767674,-33.5619889,8.47333205,12.5189248,51.2235808,1.32395554,-19.9962274,-89.7527018,-12.0757343,43.4274048,84.0962329,-24.0694022,6.9426414
309,-7.94789791,1.47188539,85.6120706,28.3686447,14.7460182,-1.18614307,-20.9116572,19.9962274,23.9496366,0,0,-11.9745502,9.84725619,2.06018313,77.3896974,-5.02369976,-9.61399498,-14.0771334,-59.6860725,-64.4630727,51.110811,76.7497429,10.6236532,-1.27857449,14.9796618,-33.6201275,8.2883432,11.2535315,51.3360775,0.91731543,-19.9962274,-89.2420291,-11.4483891,43.5593163,84.2357736,-24.1737556,6.97696311
310,-7.71037489,1.42716793,85.7252121,28.3797757,14.7720094,-1.95148924,-20.8682855,19.9962274,23.9496366,0,0,-12.5420177,9.29162542,4.28005608,77.9294941,-2.17395146,-9.7001527,-14.1163712,-60.3788791,-64.3599846,52.1850256,76.6530274,10.6266909,-1.29168418,15.0184573,-33.6530797,7.83120633,10.1322697,51.0862974,0.156327022,-19.9962274,-88.7324014,-11.0608331,43.7720015,84.1705795,-24.1627214,7.07342074
311,-7.49724209,1.409862,85.8449578,28.4015116,14.8122071,-2.58707679,-20.8684272,19.9962274,23.9496366,0,0,-13.0516053,8.98524704,5.87624269,78.3591267,-0.229606654,-9.990913,-14.2829287,-60.9000635,-64.1819489,52.5886385,76.5183224,10.6542985,-1.19300684,15.3474931,-33.8478904,7.31533153,9.15329531,50.6428747,-0.737629321,-19.9962274,-88.2954468,-10.7942781,43.951014,84.0164699,-24.1557,7.17754356
312,-7.28021786,1.44643895,86.0088229,28.3400318,14.8514242,-3.17960285,-20.8446309,19.9962274,23.9496366,0,0,-13.5843404,8.81040957,7.35587809,78.7177731,1.64520506,-9.95979124,-14.4255047,-61.4667916,-63.9656505,52.9804626,76.564515,10.0636588,-1.12276144,15.5444297,-34.110938,6.83738349,8.28823392,49.9421725,-1.36976221,-19.9962274,-87.7839476,-10.6377191,43.9864968,83.7347383,-24.1552116,7.31900276
313,-7.05079734,1.45963822,86.1763477,28.4331173,14.8985076,-3.79722848,-20.881671,19.9962274,23.9496366,0,0,-13.9487276,8.65144631,8.31802635,78.9257524,2.99038062,-10.0694252,-14.5536646,-62.3064541,-63.7578693,53.7011193,76.6783332,9.65469437,-1.11929757,15.5202986,-34.2717617,6.25412973,7.65412428,48.9158785,-1.61078358,-19.9962274,-87.3679618,-10.4633461,44.2455181,83.4762293,-24.1412182,7.45433186
314,-6.85186386,1.41402297,86.1641884,28.3728668,15.0671422,-4.50095915,-20.77895,19.9962274,23.9496366,0,0,-14.4177183,8.54502257,9.75219276,79.1447282,4.78156272,-10.0444975,-14.8192702,-63.257756,-63.4645058,54.7302307,76.9369993,9.34735891,-1.1813111,15.7413731,-34.4421544,6.04713445,7.09837313,47.5206006,-2.01411286,-19.9962274,-87.080404,-9.94313924,44.33582,83.5010365,-24.2967929,7.43931825
315,-6.64870515,1.36693493,86.1806333,28.2398613,15.197093,-5.22015926,-20.5266582,19.9962274,23.9496366,0,0,-14.7521294,8.53159185,10.8383679,79.1797466,6.66950812,-9.92336157,-14.6288223,-63.8863178,-63.2678442,55.3793548,77.0878646,9.13142077,-1.24046075,15.7879532,-34.6139985,5.94716951,6.46189342,45.8710553,-2.10474478,-19.9962274,-86.6827231,-9.44370898,44.3401811,83.5070676,-24.4106453,7.42723735
316,-6.47854358,1.35022495,86.0838234,28.0706791,15.3784388,-5.96481432,-20.1872098,19.9962274,23.9496366,0,0,-15.1415049,8.53019166,11.8502928,79.2942001,7.91750491,-10.0789832,-14.5987968,-64.4871969,-63.0612105,55.9581314,77.2838637,8.71436601,-1.13666002,16.069229,-34.7055743,5.95390237,6.08407553,43.8546024,-2.58120383,-19.9962274,-86.4932331,-8.695472,44.4028139,83.8191184,-24.3632916,7.4332778
317,-6.29548356,1.27305277,85.9383881,27.8765355,15.5810143,-6.89002147,-19.7270907,19.9962274,23.9496366,0,0,-15.3645703,8.56213817,12.8038163,79.3899935,9.09955282,-10.2810159,-14.5894719,-65.1630236,-62.8733393,56.6654658,77.4498919,8.68356527,-0.989208507,16.0766261,-34.786512,6.27616094,5.81259088,41.6642905,-2.91373202,-19.9962274,-86.2209135,-7.78749482,44.4631279,84.1781064,-24.4567354,7.37382954
318,-6.11291453,1.19040245,85.7249856,27.6762462,15.861626,-7.78536202,-19.3232984,19.9962274,23.9496366,0,0,-15.5947084,8.59410089,13.6865354,79.5288717,9.9501453,-10.520315,-14.7187725,-66.073884,-62.5685285,57.7120591,77.7356329,8.6265588,-0.843954876,16.2876482,-34.89433,6.73791331,5.75870068,39.1832414,-2.78086307,-19.9962274,-86.1048276,-6.80008127,44.5099625,84.6426822,-24.5856467,7.31780064
319,-5.93551546,1.06785297,85.5479121,27.3909991,16.093608,-8.73177621,-18.8210985,19.9962274,23.9496366,0,0,-15.7375738,8.66165573,14.4921246,79.6499027,10.6442121,-10.7374305,-14.453575,-66.6436379,-62.2578027,58.255585,78.0367076,8.55556923,-0.777208613,16.4849775,-35.1366583,7.4887765,5.7508878,36.7785538,-1.93706022,-19.9962274,-85.8423707,-5.80799288,44.425818,85.0764606,-24.7028459,7.19750223
320,-5.78613579,1.02301417,85.3787124,27.0976818,16.3339436,-9.58916355,-18.2977643,19.9962274,23.9496366,0,0,-15.8337445,9.02574665,14.7288675,79.8284985,10.6726717,-11.1935087,-14.797808,-67.1194494,-61.9748484,58.4933781,78.313986,8.56552338,-0.761412893,16.4580819,-35.4353902,8.13589765,5.84711151,34.2183052,-0.67384624,-19.9962274,-85.6501214,-4.90311917,44.3434801,85.4331946,-24.7438458,7.12788126
321,-5.62968887,0.960545614,85.1570129,26.7634105,16.5734344,-10.5211661,-17.7560535,19.9962274,23.9496366,0,0,-15.805821,9.23761314,15.0041463,80.0238009,10.4777902,-11.5962627,-14.6812884,-67.7099055,-61.618333,58.6655125,78.7141394,8.12175489,-0.665963188,16.6460811,-35.6221276,8.87659239,6.01059592,31.4685598,1.09820253,-19.9962274,-85.4487879,-3.92803155,44.2095674,85.8671575,-24.877236,7.01895639
322,-5.46088442,0.907183718,84.9843264,26.4324907,16.8261616,-11.4753437,-17.263882,19.9962274,23.9496366,0,0,-15.7787564,9.43973295,15.5328901,80.2156131,10.4549296,-11.7118432,-14.6094451,-68.2585473,-61.1698287,58.9864426,79.0340245,8.26303991,-0.506919351,16.6410626,-35.8951508,9.56765215,6.02947713,28.7693954,3.44855568,-19.9962274,-85.2231116,-2.96271579,44.091108,86.2146092,-24.9918073,6.87727735
323,-5.28507456,0.911283866,84.7595751,26.0467008,17.1090344,-12.4207954,-16.7243431,19.9962274,23.9496366,0,0,-15.5638257,9.82631568,15.4614121,80.2746737,10.0655021,-11.8858653,-14.7570677,-68.8000447,-60.6607815,59.1239548,79.459477,8.23632704,-0.434664728,16.6875745,-36.1458051,10.2527901,6.07977464,26.0076596,5.26554181,-19.9962274,-85.0589822,-1.97061395,43.9504368,86.599306,-25.1717828,6.76860349
324,-5.10085002,0.879111234,84.5947921,25.7454772,17.3438002,-13.4233131,-16.0703133,19.9962274,23.9496366,0,0,-15.3707721,9.96347869,15.650511,80.2676318,10.3531034,-11.9146187,-14.4610882,-69.3184424,-60.3821371,59.4675065,79.6732619,8.58550681,-0.24608638,16.463406,-36.4220725,10.8149881,5.97477286,23.4083424,7.72033955,-19.9962274,-84.8253214,-1.03449789,43.9018059,86.9178455,-25.2642926,6.68659426
325,-4.90874872,0.863370299,84.3975365,25.287912,17.6209052,-14.5393675,-15.3153554,19.9962274,23.9496366,0,0,-14.8586326,10.3427138,15.1525988,80.0583411,9.87657734,-11.9511705,-14.3249199,-69.7147846,-60.0287909,59.7148618,79.9009941,9.02196529,-0.235179181,16.4604707,-36.6561226,11.5194444,5.66841882,20.7068898,10.043158,-19.9962274,-84.5694284,0.0540428746,43.7072035,87.2773183,-25.3107276,6.60108542
326,-4.68333848,0.833613332,84.2953622,24.9168286,17.8551382,-15.6852926,-14.5132999,19.9962274,23.9496366,0,0,-14.5403253,10.529353,15.5284658,80.1185698,10.0468685,-11.9772686,-14.5642326,-70.1870103,-59.7912506,59.7678026,80.0242312,9.02836432,-0.0284481414,16.3605041,-36.9506199,12.0805496,5.15417046,18.3410011,12.4848089,-19.9962274,-84.2184864,1.03936707,43.6370199,87.5101527,-25.3074372,6.55592164
327,-4.43729833,0.780094322,84.1244936,24.4750496,18.1977278,-16.9404089,-13.7018974,19.9962274,23.9496366,0,0,-14.0558207,10.7195934,15.3556245,80.1274422,9.86493699,-12.0034368,-14.2748444,-70.7477961,-59.3501092,59.9717657,80.1719272,8.91926229,0.262216485,16.1119638,-37.1852506,12.7888821,3.9323986,15.7818249,14.6562968,-19.9962274,-83.9565214,2.25048309,43.5330952,87.8411505,-25.3389619,6.44728962
328,-4.19471003,0.648451503,84.0526879,23.9800307,18.4839273,-18.1773954,-12.8251213,19.9962274,23.9496366,0,0,-13.519761,11.0067781,15.2888696,80.101665,9.86685456,-12.0089248,-14.2060959,-71.2345359,-59.0356131,60.3793299,80.2462328,8.98714925,0.409337239,16.2946525,-37.9199194,13.6320629,2.18045764,14.2120152,16.2889032,-19.9962274,-83.5029353,3.34461344,43.2751497,87.9744553,-25.3584604,6.4034001
329,-3.94291133,0.615868904,83.8915527,23.5124626,18.7304757,-19.5428359,-11.8035803,19.9962274,23.9496366,0,0,-12.8463837,11.2592749,14.79058,80.06261,9.5321309,-12.1188123,-14.1185167,-71.7004162,-58.8723852,60.7318291,80.2348059,9.44819299,0.504528572,16.565338,-38.3729317,14.3926002,0.622410113,12.5467928,16.4917718,-19.9962274,-83.119509,4.50293711,43.1800393,88.2543496,-25.4113466,6.37782446
330,-3.6929369,0.557346363,83.7229133,23.057941,18.9728514,-20.8969468,-10.8469696,19.9962274,23.9496366,0,0,-12.3818779,11.2999409,15.2268037,80.2437944,10.0182192,-12.0827293,-13.8574148,-72.2120521,-58.6051199,60.973891,80.2586706,9.27095215,0.378465504,16.3952749,-39.0503635,15.1880782,-0.904240633,11.2330777,16.0873887,-19.9962274,-82.7620852,5.66530894,43.0925924,88.5733467,-25.5040681,6.31129756
331,-3.43239456,0.532537792,83.5973501,22.5748663,19.2262787,-22.2831124,-9.77636395,19.9962274,23.9496366,0,0,-11.7209888,11.4747921,15.1405162,80.2999454,10.1663208,-12.1322695,-13.8530093,-72.6795512,-58.4536673,61.333521,80.1650492,9.17269731,0.525737216,16.2353289,-39.7707913,15.9468354,-2.27286305,10.0384673,15.3954547,-19.9962274,-82.4359641,6.83311633,42.9966521,88.8525307,-25.5046674,6.2442964
332,-3.14330757,0.599252619,83.4720612,22.0897604,19.5088346,-23.7059798,-8.69549761,19.9962274,23.9496366,0,0,-11.1935923,11.518221,15.5926815,80.4725511,10.8328149,-11.9899659,-13.7899436,-73.3492034,-58.2253204,61.8297889,80.1112888,9.328657,0.469046913,16.4791735,-40.4112753,16.6371882,-3.5854284,8.75371473,14.4755153,-19.9962274,-82.1054581,7.9532268,42.977391,89.014215,-25.5669929,6.18864487
333,-2.90559046,0.608435739,83.4183931,21.7314596,19.7516859,-25.0129245,-7.71554988,19.9962274,23.9496366,0,0,-10.4702762,11.5810502,15.5129408,80.4823866,11.0298283,-12.0141474,-13.9662923,-74.1311713,-58.0952736,62.5263042,80.0387658,9.25989066,0.334560088,16.2482209,-41.389092,17.0564013,-4.04171364,7.93560065,14.4185276,-19.9962274,-81.7601852,8.90769964,43.0168353,89.0480927,-25.5857571,6.11473112
334,-2.64255088,0.68355836,83.4486246,21.3883129,20.0246595,-26.1981776,-6.95809215,19.9962274,23.9496366,0,0,-9.75731284,11.6305366,15.6998404,80.5729959,11.2623331,-12.0513062,-14.1043449,-75.0473729,-57.7759623,63.3489595,79.8924905,9.82746998,0.330996703,16.1530934,-42.5224014,17.200351,-4.13738154,7.24730028,14.8640028,-19.9962274,-81.4595886,9.68350923,43.0464749,88.8994473,-25.532719,6.04966802
335,-2.35223826,0.767014176,83.5996926,21.2744799,20.2096202,-27.2469997,-6.4085411,19.9962274,23.9496366,0,0,-9.16242813,11.4060181,16.4127807,80.8761402,12.0380462,-12.0451376,-14.242862,-76.3488722,-57.4258878,64.8784711,79.956667,10.0585711,0.0797250162,15.8908313,-43.6113316,16.8748481,-3.84606373,6.76463344,15.6924313,-19.9962274,-81.1035377,10.105772,43.2773422,88.5823216,-25.4659112,6.04562711
336,-2.0626029,0.859811157,83.7763488,21.1365593,20.3937868,-28.263661,-5.844779,19.9962274,23.9496366,0,0,-8.45580066,11.27237,17.0489837,81.0204553,13.0729377,-11.9766035,-14.5781594,-77.4245041,-57.1319643,65.935839,79.8364351,10.3632812,0.0125298211,15.8995261,-44.7972232,16.4518613,-3.65040271,6.45773469,16.4778587,-19.9962274,-80.768551,10.4722313,43.4390947,88.2370282,-25.3562594,6.02436473
337,-1.78171303,0.967845973,83.8948429,20.9615166,20.5819428,-29.2431201,-5.45709746,19.9962274,23.9496366,0,0,-7.49789993,11.1702647,17.3176663,80.9729718,13.5452965,-11.7305946,-14.7116537,-78.5842156,-56.6045507,67.2924922,79.7556203,10.8991514,-0.11084115,15.7442315,-46.0194104,16.0109589,-3.73139339,6.14183459,17.0159939,-19.9962274,-80.5329778,10.8712603,43.5393482,88.0144324,-25.2373116,6.03372764
338,-1.51947243,1.0063692,84.0198994,20.7744364,20.8233607,-30.1659205,-4.91015128,19.9962274,23.9496366,0,0,-6.53563,11.17703,17.1373579,80.7120586,13.8889071,-11.2912418,-15.2107698,-79.454812,-56.2490735,67.9117513,79.5142278,11.5370552,-0.175406888,15.5921249,-47.4686741,15.5446414,-4.41508977,6.02353102,17.8139871,-19.9962274,-80.3307837,11.265545,43.5446826,87.7473173,-25.1463694,6.00719193
339,-1.27268741,1.02321785,83.9501143,20.435807,21.0314428,-31.2263208,-4.35210006,19.9962274,23.9496366,0,0,-5.46347387,11.230378,17.1054882,80.5545885,14.114889,-11.1819341,-15.5085712,-80.276634,-55.6980992,68.741831,79.3684647,12.0129333,-0.419895804,15.5432856,-48.8401624,15.3241185,-5.17690261,5.98571184,18.0046894,-19.9962274,-80.1437049,11.9103473,43.4583217,87.7781625,-25.2633347,5.99421372
340,-1.04337037,1.0216536,83.8222325,20.1788911,21.3407115,-32.4691069,-3.64076617,19.9962274,23.9496366,0,0,-4.31814677,11.0350602,16.5436198,80.2124302,13.7944456,-10.866241,-15.4906949,-81.1979446,-55.2162499,69.4850307,79.1236912,12.2457335,-0.525669288,15.4307583,-49.9732806,15.1369303,-6.1722204,5.71565,18.2707697,-19.9962274,-80.0347428,12.7973609,43.6025138,87.862406,-25.3387177,6.03688276
341,-0.861300994,0.983411539,83.6729646,19.9568302,21.6417369,-33.5779278,-2.89486469,19.9962274,23.9496366,0,0,-3.35909963,10.9186636,16.0733254,80.029026,13.8033735,-10.821353,-15.4358946,-81.8966661,-54.8882539,69.4634405,78.8262706,11.8494988,-0.517373009,15.64963,-51.3602734,14.7802186,-7.09504896,5.71021445,18.9599785,-19.9962274,-80.0088359,13.6452717,43.7067323,88.0156276,-25.4007734,6.01830764
342,-0.705356942,0.958808139,83.5187435,19.6193906,21.9666127,-34.6937592,-2.08873866,19.9962274,23.9496366,0,0,-2.32904285,10.949478,14.9236218,79.6952688,12.9228648,-10.531251,-15.4310468,-82.4880717,-54.5824732,69.6466193,78.4518328,12.2840372,-0.736067022,15.6522459,-52.7896134,14.4596778,-8.09851859,5.61937934,19.9046244,-19.9962274,-80.0082212,14.5850613,43.6921498,88.1650927,-25.3760652,5.98353215
343,-0.45789103,0.999703445,83.4728897,19.3773516,22.1854586,-35.857822,-1.24991384,19.9962274,23.9496366,0,0,-1.26045666,10.8901817,13.8352013,79.3494631,12.5752329,-10.5057838,-15.5948996,-82.9783495,-54.3922319,69.7862694,78.0052614,11.9891634,-0.720740184,15.5903917,-53.7384633,13.9501611,-9.27014192,5.2598211,20.6637879,-19.9962274,-79.8262445,15.3066896,43.8723814,88.1683848,-25.3465383,6.02359591
344,-0.247434108,1.00138551,83.4118247,19.1880143,22.4725475,-36.8786509,-0.535144201,19.9962274,23.9496366,0,0,-0.170996961,10.855597,12.3150155,78.8665005,11.3318823,-10.3227671,-15.4915555,-83.6528102,-54.1959596,70.2658853,77.6101828,12.4169569,-0.907637158,15.4686487,-55.1342978,13.2340132,-10.0763595,5.38864829,21.4083861,-19.9962274,-79.7540631,15.989396,44.0414388,88.1639384,-25.330805,6.08917768
345,-0.0423759309,1.02258604,83.4124506,19.0067668,22.7184078,-37.9466544,0.252686824,19.9962274,23.9496366,0,0,0.808717663,10.7984266,10.9824174,78.5040292,10.3818448,-10.2808579,-15.5363171,-84.2590373,-54.0689147,70.6293811,77.2005149,12.0515768,-0.918019366,15.5677189,-56.2785629,12.4660984,-11.031751,5.32808201,22.1945477,-19.9962274,-79.613327,16.6074684,44.2109846,88.0621959,-25.2312567,6.11072308
346,0.194879319,1.06426636,83.4215045,18.6762099,23.0011401,-38.9963542,0.98586086,19.9962274,23.9496366,0,0,1.94874048,11.0341749,8.75867003,77.956289,8.42507505,-10.2431664,-15.3761509,-84.7712263,-53.7931526,70.9960666,76.7932239,12.3969171,-0.926955495,15.4448011,-57.6309164,11.7379396,-12.0748951,5.42529268,22.6406786,-19.9962274,-79.5210238,17.253524,44.1986971,87.9395393,-25.0859393,6.1147943
347,0.45556738,1.10888155,83.5089922,18.4630523,23.2061588,-40.0018164,1.80273558,19.9962274,23.9496366,0,0,2.78523823,11.0644292,7.31812337,77.5975947,7.26044498,-10.1037332,-15.4592128,-85.2056673,-53.7522227,71.4817546,76.429687,12.3791971,-1.01568744,15.4409626,-58.7188563,10.8186235,-13.0452916,5.44659647,23.1007704,-19.9962274,-79.3733415,17.6952528,44.2586935,87.7560873,-24.8742171,6.10405212
348,0.668361131,1.12577295,83.5263073,18.221873,23.4322644,-41.1251263,2.67866188,19.9962274,23.9496366,0,0,3.79581701,11.2409939,4.93374787,77.0879943,5.07843732,-9.93993417,-15.3683611,-85.8341062,-53.6381996,72.8587139,76.0836492,13.0881451,-1.07393039,15.2253079,-59.7818249,10.0339466,-13.8859095,5.45230053,23.4323214,-19.9962274,-79.2069786,18.2454997,44.3092813,87.5546718,-24.8152264,5.95718
349,0.896855723,1.14095397,83.6173475,17.8949292,23.5921303,-42.1749699,3.4953794,19.9962274,23.9496366,0,0,4.47939686,11.3412141,3.75243891,76.9731789,3.92568922,-9.99324721,-15.49272,-86.1172039,-53.5396228,73.4676935,75.6804904,13.3008022,-1.24114804,15.1219159,-61.0006722,9.17361171,-15.1332899,5.74720206,24.134009,-19.9962274,-78.9077753,18.6615777,44.2520921,87.2292885,-24.7474317,5.96107193
350,1.12192035,1.17091872,83.635819,17.5112418,23.7939501,-43.3756106,4.3020463,19.9962274,23.9496366,0,0,5.36585723,11.5376785,1.85112107,76.6323661,1.73325516,-9.8094195,-15.6238016,-86.4000762,-53.2421101,74.0464428,75.3579757,13.3190226,-1.26589317,15.1788387,-61.9923679,8.5084452,-16.0718074,5.77978163,24.3701781,-19.9962274,-78.7873522,19.2486188,44.080289,87.0873913,-24.5200461,5.80539271
351,1.36646032,1.19141433,83.6421788,17.1366017,24.0113945,-44.4965344,5.09559902,19.9962274,23.9496366,0,0,5.92171168,11.4103971,1.514646,76.5458959,1.64773394,-9.72461417,-15.7817822,-86.7486207,-53.0049181,74.5137097,75.0463552,13.0203512,-1.30413391,15.3561726,-63.06996,7.7614257,-17.1782536,5.99204897,24.4632207,-19.9962274,-78.6828025,19.7944107,43.921651,86.9395518,-24.3930849,5.56421233
352,1.57823674,1.21467896,83.6035728,16.7305357,24.1849773,-45.6731176,5.82473367,19.9962274,23.9496366,0,0,6.7060206,11.492887,-0.0054849554,76.2318779,0.0211517101,-9.49670185,-15.920826,-86.8100446,-52.639462,74.714449,74.7639542,13.0179051,-1.47976219,15.0885607,-64.0980742,7.07033179,-18.1124374,6.30107064,24.442602,-19.9962274,-78.6489863,20.4138269,43.6602938,86.9370998,-24.2243416,5.33250157
353,1.76576935,1.21561131,83.5269392,16.3312008,24.3570629,-46.7529274,6.50368905,19.9962274,23.9496366,0,0,7.09852767,11.3213348,-0.113625199,76.3586258,-0.0921914655,-9.53057703,-16.2419696,-87.0112688,-52.3526453,74.9672069,74.4341721,12.3259788,-1.33766982,15.314184,-65.2354919,6.28994597,-19.0340826,6.81494547,24.4644706,-19.9962274,-78.6246435,20.9358822,43.3302556,86.8808259,-24.2001867,5.08522098
354,1.97077636,1.24148857,83.4901214,15.9859193,24.4948862,-47.7953159,7.01825587,19.9962274,23.9496366,0,0,7.6276462,11.1847225,-0.714401555,76.3656199,-0.658184563,-9.41538504,-16.501556,-87.1970705,-51.9032734,75.1575165,74.2575981,11.9017532,-1.3373202,15.5342424,-66.1864865,5.41044769,-19.6560106,7.20107015,24.6000499,-19.9962274,-78.5899119,21.419574,43.1140323,86.8837697,-24.049593,4.99896081
355,2.18351409,1.25716347,83.4617555,15.7400122,24.6373272,-48.805987,7.52454791,19.9962274,23.9496366,0,0,7.95922371,10.8992069,-0.983960253,76.4870743,-0.758929052,-9.15550829,-16.8642305,-87.3394594,-51.4825782,75.1044596,74.1877799,10.805816,-1.3949353,15.8418178,-67.0388941,4.44361094,-20.0295024,7.6475101,24.7110951,-19.9962274,-78.5223545,21.9188472,43.1180963,86.8981609,-23.929187,4.84475905
356,2.42006332,1.28480988,83.4654391,15.41167,24.7745651,-49.7038001,7.81598013,19.9962274,23.9496366,0,0,8.27367367,10.7363701,-1.22717027,76.6239103,-0.494220909,-8.9900572,-17.2538467,-87.4354577,-50.9494546,75.2421972,74.1173743,10.6191367,-1.50650035,15.8737626,-68.0216217,3.3946386,-20.4290412,8.28563333,24.9714414,-19.9962274,-78.4175658,22.3750509,43.0663474,86.8517634,-23.7948969,4.75404047
357,2.61836648,1.27712404,83.3938658,15.2913524,24.8667484,-50.5926263,8.15045193,19.9962274,23.9496366,0,0,8.45137214,10.4236268,-1.82726535,76.8574959,-0.400790058,-8.9810738,-17.3869296,-87.585032,-50.5857641,75.3372119,73.9577664,9.91339206,-1.29541656,16.0844381,-68.7503004,2.29328724,-20.2561742,8.81202064,25.077743,-19.9962274,-78.2363472,22.8797062,43.4052887,86.9627267,-23.8481058,4.83478355
358,2.82514077,1.27417836,83.3432853,15.0169641,24.9398151,-51.4438072,8.42259399,19.9962274,23.9496366,0,0,8.64947067,10.2656292,-2.25105234,76.9717992,-0.333424275,-8.80773213,-17.6665558,-87.7935782,-50.1910885,75.7916108,73.8886586,9.7331408,-1.27768432,16.255659,-69.5017579,1.25381206,-20.1788223,9.36270549,25.1896198,-19.9962274,-77.9693619,23.4394863,43.6613866,87.0122319,-23.860255,4.88084422
359,3.05553395,1.26264188,83.3188772,14.8334362,24.9635068,-52.2198647,8.49499058,19.9962274,23.9496366,0,0,8.81254827,10.0403004,-2.76272849,77.1217833,-0.160082439,-8.64647478,-17.9204561,-87.8005245,-49.6642077,75.8670092,73.9737627,9.3039727,-1.35581614,16.4502067,-70.1404762,0.122024024,-20.0850421,9.9454393,25.3555473,-19.9962274,-77.6917694,23.8879753,43.9802164,87.1032988,-23.9110545,4.98464303
360,3.25518064,1.22601846,83.2790792,14.6337314,24.970919,-52.9747931,8.73938072,19.9962274,23.9496366,0,0,8.85552041,9.94393837,-3.53788474,77.149869,0.194818606,-8.41710081,-18.1232871,-87.8742905,-49.5086023,76.41895,73.8368243,9.49506773,-1.31322244,16.3784453,-70.7119444,-0.958563049,-19.9900615,10.5085534,25.4284237,-19.9962274,-77.4086034,24.3604144,44.2285041,87.2332705,-23.9731205,4.93404328
361,3.43943015,1.19332438,83.2362413,14.3684791,24.9398935,-53.7519626,8.86031861,19.9962274,23.9496366,0,0,8.95997876,9.84525153,-4.04015764,77.1102812,0.536429504,-8.25299954,-18.2866892,-87.7827182,-49.2064962,76.616281,73.7829819,9.41036655,-1.42373991,16.3954234,-71.2064296,-1.96145253,-20.0762841,11.0492346,25.5077342,-19.9962274,-77.1251369,24.8181583,44.3234813,87.3533793,-23.9840675,4.8387425
362,3.6108572,1.15576778,83.1690192,14.1761613,24.8763953,-54.4455255,9.02841128,19.9962274,23.9496366,0,0,8.94414894,9.79428978,-4.77954184,77.0962998,0.851761088,-8.37491841,-18.4348582,-87.7025454,-49.3119338,77.0543625,73.4093706,9.68438691,-1.48525356,16.3116631,-71.5884694,-3.00646144,-20.326561,11.5114668,25.5958897,-19.9962274,-76.8377362,25.1321677,44.3950036,87.4604289,-24.154573,4.6968957
363,3.74468826,1.1156152,83.0500066,13.8617043,24.7446789,-55.1895848,9.18221262,19.9962274,23.9496366,0,0,8.96236505,9.75449539,-5.19050749,76.9419034,0.951065636,-8.11233094,-18.4304646,-87.3298493,-49.3661689,76.8592718,73.0993551,9.63930083,-1.58594292,16.3223097,-71.8692858,-3.87688666,-20.7688209,11.9223454,25.597336,-19.9962274,-76.5966374,25.4943573,44.2078666,87.6794184,-24.3364916,4.51510253
364,3.90724763,1.08569181,83.0187321,13.5326571,24.6387435,-56.0093011,9.30631631,19.9962274,23.9496366,0,0,9.00286637,9.69107025,-5.4318646,76.7713741,1.50221206,-8.26655319,-18.5692831,-86.9158784,-49.5139401,76.4229388,72.629561,9.21022494,-1.77775289,16.5169223,-72.0576351,-4.66649623,-21.1539565,12.2216289,25.5942163,-19.9962274,-76.272217,25.8453743,44.1229879,87.7297842,-24.502356,4.43918626
365,4.04890478,1.06321387,82.986325,13.1671179,24.5367323,-56.7332215,9.35556624,19.9962274,23.9496366,0,0,8.94660269,9.65043063,-5.60682972,76.5102286,1.64768122,-8.00081273,-18.5560035,-86.5639529,-49.6618922,76.2735489,72.1968344,8.98770676,-1.79148135,16.6647702,-72.3058852,-5.46277889,-21.5462825,12.605611,25.5111407,-19.9962274,-76.0324842,26.2083067,43.9273952,87.8464712,-24.5486715,4.33629116
366,4.19059694,1.05549106,82.9009414,12.8273596,24.4296307,-57.4556789,9.4524354,19.9962274,23.9496366,0,0,8.87092504,9.57304629,-5.73363175,76.1592594,1.93153011,-7.95990246,-18.4816791,-85.9817407,-49.9870605,75.7107208,71.5897057,8.37926583,-1.83391924,16.4585497,-72.4986058,-6.21611931,-21.4734369,12.9632286,25.1591572,-19.9962274,-75.7587166,26.6091278,43.8680886,87.9820095,-24.6937379,4.31004317
367,4.31945957,1.01617547,82.8779995,12.4662244,24.251697,-58.236339,9.59802002,19.9962274,23.9496366,0,0,8.7203945,9.45839986,-5.72831915,75.9563139,2.02842745,-8.09569345,-18.2860283,-85.4643744,-50.4028755,75.4596636,71.0399096,8.30448721,-1.93161955,16.6525049,-72.8173366,-6.95477225,-21.338614,13.8202159,24.8236703,-19.9962274,-75.2755148,27.0270534,43.8876776,87.9948092,-24.8082152,4.31320897
368,4.44742218,0.98597547,82.861948,12.1613629,24.1106961,-58.9425439,9.64455496,19.9962274,23.9496366,0,0,8.58754135,9.37639746,-5.91988546,75.6020389,1.94690444,-8.23562268,-18.1739944,-85.1705738,-50.7833854,75.469943,70.5874164,7.89122747,-1.86755472,16.8838554,-72.9705241,-7.6137664,-20.8311839,14.2957183,24.6533697,-19.9962274,-74.9857236,27.5347619,43.93414,88.187243,-24.4755355,4.30696318
369,4.55171242,0.980686955,82.8052402,11.7828036,23.9549311,-59.5280322,9.44893407,19.9962274,23.9496366,0,0,8.52604745,9.32531448,-6.05909283,75.1077517,1.58873551,-8.29086269,-18.0726857,-84.7367885,-50.9259827,75.3618348,70.2960952,7.91892901,-2.04967574,16.8163509,-73.1815496,-8.24915329,-20.3821075,14.7679891,24.537762,-19.9962274,-74.7011916,27.9585529,43.822142,88.3247279,-24.4992414,4.35784852
370,4.62489724,0.970258191,82.782042,11.427183,23.7000904,-60.0921553,9.27822886,19.9962274,23.9496366,0,0,8.42937893,9.31033587,-6.28362335,74.6449996,1.28718543,-8.27096891,-17.8423205,-84.3309045,-51.1299492,75.62826,70.1067965,7.83757462,-2.19468919,16.8352022,-73.3762373,-8.85146071,-20.0229454,15.5011058,24.3379687,-19.9962274,-74.2765177,28.289006,43.6793944,88.3896283,-24.5548545,4.29756484
371,4.60975468,0.909938198,82.6388896,11.0713628,23.561525,-60.7078417,9.27741351,19.9962274,23.9496366,0,0,8.13049326,9.25546811,-6.51467541,74.2683556,0.930536435,-8.47281125,-17.6917541,-84.0668357,-51.4825167,75.7082756,69.7688934,7.82506172,-2.00372137,16.7564058,-73.7563988,-9.2724343,-19.4821942,16.3004257,24.0300211,-19.9962274,-74.0365732,28.8171111,43.4830436,88.5630536,-24.6341171,4.20494876
372,4.58326191,0.844493322,82.4947238,10.7535748,23.4028443,-61.3319312,9.26475631,19.9962274,23.9496366,0,0,7.78272735,9.29494404,-7.11259316,73.8951883,0.0619665377,-8.62220712,-17.6406882,-83.8580983,-51.7229872,76.0016664,69.7099352,7.92115138,-1.83306973,16.6878904,-73.9899025,-9.5801975,-18.9102154,16.8730398,23.5872233,-19.9962274,-73.8072427,29.3283474,43.268941,88.7761009,-24.7006859,4.02755167
373,4.54063751,0.793866813,82.3795199,10.2923518,23.1976931,-61.8775112,9.12796555,19.9962274,23.9496366,0,0,7.49780516,9.62061088,-8.07699751,73.3966254,-0.866715734,-8.69889819,-17.4515244,-83.4578151,-51.7806784,75.8945964,69.7754299,7.86667123,-1.62512292,16.8058427,-74.2553919,-9.83559023,-18.6891956,17.5020695,23.1982474,-19.9962274,-73.570925,29.7871516,42.8184252,88.9144396,-24.747459,3.69177872
374,4.45621349,0.692121498,82.2788537,10.02386,22.9180917,-62.1583667,8.88226486,19.9962274,23.9496366,0,0,7.11487786,9.8313999,-8.84651565,72.9861857,-1.70009694,-8.91600515,-17.0614454,-83.257793,-51.869768,76.437733,70.4846767,8.36512221,-2.35356153,16.7147382,-74.1263287,-10.1674495,-18.8316973,17.6066448,22.8698878,-19.9962274,-73.38192,29.9656928,42.281685,89.1346858,-24.8398612,3.40739312
375,4.36284691,0.573908025,82.2220862,9.79575887,22.5867169,-62.3804007,8.50212471,19.9962274,23.9496366,0,0,6.77632118,9.91037653,-9.19042251,72.5255372,-2.0017927,-8.89418098,-16.7900513,-82.858746,-51.9877356,76.4655182,70.8086667,8.43294087,-2.47223884,16.9216246,-73.9007822,-10.5016506,-19.4365105,17.694896,22.6436719,-19.9962274,-73.0273991,29.9656928,41.7979608,89.186725,-25.1002639,3.0565961
376,4.24456634,0.436711172,82.1664393,9.47416205,22.2795189,-62.4953957,8.12978549,19.9962274,23.9496366,0,0,6.26744092,10.2879272,-9.87258082,72.1309504,-2.52421167,-9.14922452,-16.5805062,-82.2889648,-52.0630145,75.9683897,71.1973045,8.24659709,-2.49297999,16.91106,-73.6627228,-10.7721295,-20.398249,17.6628948,22.3785752,-19.9962274,-72.7525113,29.9656928,41.1113184,89.2045723,-25.2863182,2.74209342
377,4.12667356,0.325960456,82.1190715,9.11196989,21.9240633,-62.6131831,7.78266332,19.9962274,23.9496366,0,0,5.80359466,10.8736637,-10.9281072,71.6680411,-3.22719779,-9.34241556,-16.342317,-81.6023464,-52.2510428,75.4922641,71.4538191,8.41413565,-2.4393899,16.988429,-73.4037152,-10.9996824,-21.4921055,17.6626079,22.2922724,-19.9962274,-72.4461568,29.9656928,40.3722885,89.2026326,-25.4798004,2.41044014
378,4.00968716,0.223274971,82.1326435,8.83958459,21.6586475,-62.7354579,7.37527669,19.9962274,23.9496366,0,0,5.30579639,11.1705251,-11.5615594,71.1597385,-3.64019884,-9.38831529,-16.2388601,-81.2288307,-52.2873316,75.332745,71.962074,8.4300295,-2.52778258,17.072997,-73.2270591,-11.3246893,-22.5982512,17.7790575,22.6909061,-19.9962274,-72.1581892,29.9656928,39.8149451,89.108697,-25.5783549,2.17521888
379,4.0463049,0.20706614,82.2316289,8.49169757,21.3819094,-63.033609,7.152455,19.9962274,23.9496366,0,0,4.83660978,11.3422847,-11.6232889,70.6983797,-3.38804661,-9.46772904,-15.9914041,-80.6124334,-52.4262064,74.9674323,72.2193877,8.69303106,-2.28226972,16.9423969,-72.9044147,-11.5379312,-22.9965059,17.7972207,22.6762571,-19.3458995,-71.7379755,29.9656928,39.4302962,88.863623,-25.5969672,2.16564851
380,4.1391585,0.115009421,82.5507045,7.96893315,21.2646891,-63.6372793,7.25971757,19.9962274,23.9496366,0,0,4.38041376,11.7032081,-12.1971409,70.0319923,-3.89053893,-9.58857729,-15.6253384,-80.1896925,-52.4808206,74.6178837,72.5673107,8.81625536,-2.41198269,17.0978384,-72.3310135,-11.1676982,-23.0314286,17.2556875,22.7011309,-18.9491424,-71.0163796,29.9656928,39.0659978,87.9483639,-25.5487204,2.18848226
381,4.25647162,0.0323184271,82.9707444,7.38416397,21.1378777,-64.3440276,7.42540515,19.9962274,23.9496366,0,0,3.84040107,12.260368,-13.1824162,69.5054325,-5.21398413,-9.66575843,-15.4670368,-79.6238728,-52.5888708,74.0469551,72.8223636,8.75437043,-2.48081243,17.0363035,-71.9677635,-10.8031036,-23.1200981,17.138396,22.790772,-18.8904027,-70.1775846,29.9656928,38.783047,86.9045881,-25.4880991,2.14884453
382,4.35866788,-0.0378146768,83.2950413,6.83401256,20.9803103,-64.8966052,7.42546662,19.9962274,23.9496366,0,0,3.281644,12.5477499,-13.5552643,69.1023216,-5.92342307,-9.83882517,-15.3198513,-79.2239311,-52.6195212,73.8042101,73.1569336,8.89008543,-2.24317478,17.1737457,-71.5388959,-10.4779243,-23.2212242,16.9222957,22.6731101,-18.8849881,-69.4761788,29.9656928,38.4099786,86.0626853,-25.4239944,2.09378403
383,4.45320494,-0.0815332285,83.6054206,6.3344252,20.7976637,-65.4103388,7.44174467,19.9962274,23.9496366,0,0,2.60384548,12.7597803,-13.8378676,68.9635116,-6.16712849,-10.0245525,-15.0905704,-78.7402649,-52.8159302,73.5631181,73.2916181,8.95750879,-2.21905141,17.1380392,-71.1606469,-10.1860771,-23.2312441,16.8313346,22.5625515,-18.524238,-68.8058299,29.9656928,38.0872658,85.2814005,-25.3175868,2.02301068
384,4.51591052,-0.0891427917,83.8427842,5.88260494,20.6457438,-65.780047,7.3753595,19.9962274,23.9496366,0,0,1.89551239,13.1222072,-14.3252819,68.7944781,-6.73735068,-10.123177,-14.8676775,-78.4743588,-53.0293941,73.5784997,73.5089479,9.0847629,-2.20561664,17.3445738,-71.0059841,-10.0214602,-23.3043664,17.0021013,22.3720097,-18.3847177,-68.3306673,29.9656928,37.683325,84.6657545,-25.1792123,1.92284233
385,4.55679856,-0.0989118475,84.0679288,5.52143339,20.4722055,-66.077501,7.25656714,19.9962274,23.9496366,0,0,1.15563706,13.5440781,-15.1090017,68.5658649,-7.61673668,-10.1938157,-14.93169,-78.0569591,-53.3269171,73.3217187,73.5672914,8.80557892,-2.07532865,17.5275222,-70.7894739,-9.8545329,-23.2193305,17.0642919,22.3084377,-18.2913047,-67.8731197,29.9656928,37.3766495,84.1408886,-24.9359825,1.8616528
386,4.55861278,-0.0642366766,84.2261851,5.18953783,20.2523813,-66.2631434,7.04321637,19.9962274,23.9496366,0,0,0.460760453,14.0102036,-16.0109538,68.2927256,-8.23470317,-10.2795457,-14.8208138,-77.6740587,-53.6272576,73.4251073,73.6349717,9.06769682,-2.14658758,17.4345957,-70.7326399,-9.75793268,-23.1098102,17.3882939,22.2511068,-18.5446842,-67.4778362,29.9656928,37.0385005,83.7381807,-24.8216229,1.75317061
387,4.55201492,-0.0248384895,84.3117595,4.91500787,20.0539689,-66.2713338,6.71014091,19.9962274,23.9496366,0,0,-0.448984886,14.2696671,-16.2334301,68.332368,-8.22263935,-10.4268421,-14.9018318,-77.3971219,-53.8826691,73.5483376,73.8254384,9.10982713,-2.08629537,17.6396995,-70.771572,-9.77740726,-22.8714297,17.7312633,22.3666924,-18.626713,-67.2940768,29.9656928,36.6316945,83.6247654,-24.6306525,1.58641079
388,4.51276302,0.0349462614,84.3161821,4.76512993,19.8616643,-66.1455631,6.21357634,19.9962274,23.9496366,0,0,-1.20197018,14.6045837,-16.7630584,68.0820894,-8.3368051,-10.5078738,-15.3103608,-77.2553203,-54.1678397,73.8012322,73.9985154,8.84819417,-2.10509077,17.9926171,-70.9049792,-9.90190282,-22.4536544,18.1210297,22.5874561,-18.5672289,-67.2987828,29.9656928,36.2487736,83.813504,-24.3833758,1.42081926
389,4.42740284,0.133286021,84.2804968,4.61376416,19.5558153,-65.9676922,5.85446847,19.9962274,23.9496366,0,0,-1.99517552,15.2167035,-17.9356806,67.7396852,-8.68886977,-10.3815221,-15.2297833,-76.5678208,-54.6701967,73.3438486,73.9303706,8.6277225,-2.09389993,17.7572095,-71.0489391,-9.97743191,-21.9315342,18.5980365,22.8683083,-18.8031864,-67.1315388,29.9656928,35.9421527,83.8668341,-24.330073,1.36060751
390,4.3268241,0.212403829,84.1552556,4.50556534,19.3064026,-65.6052033,5.23512271,19.9962274,23.9496366,0,0,-2.70182583,15.6046941,-18.5901869,67.383805,-8.82979279,-10.494111,-15.2423833,-76.22737,-55.0750699,73.5549355,73.8826344,8.82386589,-2.00101171,17.6522875,-71.317188,-10.1775966,-21.3274911,19.0999444,23.1166164,-18.9349783,-67.1857432,29.9656928,35.5512063,84.1455742,-24.3148331,1.22248369
391,4.20034267,0.32110943,84.0346277,4.42004822,19.0045576,-65.1936762,4.7158674,19.9962274,23.9496366,0,0,-3.48364855,15.8988379,-19.219261,67.1273792,-8.52738873,-10.5515375,-14.8857211,-75.7626644,-55.5294345,73.4923847,74.0171481,8.90890858,-2.10685552,17.6912589,-71.509089,-10.3473276,-20.6723632,19.4738153,23.4416805,-19.2898305,-67.234661,29.9656928,35.1661305,84.4665452,-24.2290835,1.0527615
392,4.08336744,0.396722462,83.9643896,4.35242737,18.7084942,-64.8481336,4.14781807,19.9962274,23.9496366,0,0,-4.16086757,16.1434356,-19.7194392,66.8694098,-8.54187129,-10.6189728,-14.835106,-75.3051647,-55.9720274,73.4316028,74.007661,8.74887554,-2.1345609,18.0430119,-71.6571197,-10.4634101,-19.8538641,19.8076408,23.6678622,-19.374378,-67.2159189,29.9656928,34.8792899,84.7504011,-24.1716245,0.871713138
393,4.00230996,0.434468547,84.0877414,4.08444738,18.4843525,-64.809436,4.04077449,19.9962274,23.9496366,0,0,-4.95398103,16.4118039,-20.2375141,66.7158262,-8.43979753,-10.8170261,-14.6894112,-74.5451217,-56.4279288,72.902311,74.0142589,8.70392521,-2.24508489,17.8996018,-71.6622765,-10.0414393,-18.9512444,19.7536669,23.9247678,-19.3814148,-66.9158141,29.9656928,34.5242567,84.445597,-24.0042917,0.662553002
394,3.92248221,0.456976611,84.2251778,3.84507989,18.286483,-64.7546833,3.91225424,19.9962274,23.9496366,0,0,-5.75524503,16.5634222,-20.4875793,66.6310772,-8.38419466,-11.0451467,-14.6655243,-73.8379922,-56.8640364,72.2499528,73.9944036,8.43589237,-2.3690716,17.7597571,-71.6995693,-9.64522602,-18.1360801,19.7148902,24.1834852,-19.0517352,-66.6209207,29.9656928,34.2167616,84.137255,-23.7958549,0.518518133
395,3.83433178,0.475338614,84.3488693,3.62237289,18.0405665,-64.6983333,3.87494475,19.9962274,23.9496366,0,0,-6.52809375,16.6686771,-20.678408,66.5618327,-8.20490391,-11.175821,-14.669882,-73.2209598,-57.3988812,71.9933562,73.9467835,8.31848312,-2.15453622,18.221886,-71.6186179,-9.20446879,-17.3395451,19.5759078,24.14672,-18.8088913,-66.2775739,29.9656928,33.929757,83.8650788,-23.6163336,0.392193678
396,3.77067402,0.50767283,84.4851673,3.38909154,17.8103793,-64.6347425,3.80353129,19.9962274,23.9496366,0,0,-7.18905499,16.7423304,-20.619349,66.540304,-7.97873671,-11.4705736,-14.7811834,-72.3422901,-57.6492418,70.8926576,74.1787436,7.94788986,-2.29883549,18.243565,-71.5701919,-8.79921916,-16.7453323,19.4576534,24.1353818,-18.4138314,-65.9338378,29.9656928,33.6826578,83.5634508,-23.4392114,0.25812819
397,3.71066369,0.5343433,84.600091,3.16173226,17.6423288,-64.5250139,3.70286796,19.9962274,23.9496366,0,0,-7.83529932,16.8008788,-20.5895984,66.3213964,-7.86967822,-11.316038,-14.5851962,-71.5389506,-57.9239384,69.996045,74.3641286,7.58177977,-2.38058325,18.2194459,-71.5404396,-8.43615789,-16.3303454,19.2411978,24.0143919,-18.1540622,-65.6721528,29.9656928,33.4234897,83.2829622,-23.3117071,0.142559161
398,3.65828872,0.585439429,84.7348332,2.91540128,17.4407105,-64.4290513,3.63074372,19.9962274,23.9496366,0,0,-8.40313136,16.837323,-20.4745507,66.169855,-7.97509963,-11.3404679,-14.587305,-70.8681645,-58.1347453,69.3535086,74.6413318,7.06596815,-2.43836323,18.4944891,-71.6100187,-8.11717696,-16.0960221,19.2498141,23.9077931,-17.8113268,-65.3811047,29.9656928,33.1485644,82.9914293,-23.1233169,0.00917891297
399,3.59724313,0.632894365,84.841007,2.70556174,17.245205,-64.3423659,3.56807674,19.9962274,23.9496366,0,0,-8.8496251,17.0133114,-20.6822294,65.7538828,-8.15288689,-11.265504,-14.6435653,-70.2864305,-58.3870798,68.6779073,74.875457,6.3835742,-2.57851039,18.9558257,-71.5864409,-7.78700647,-15.9556515,19.1191048,23.6723531,-17.5981532,-65.1052061,29.9656928,32.9111641,82.7280572,-22.964059,-0.092914445
400,3.5624899,0.693779858,84.9630296,2.43614052,17.0486656,-64.2516181,3.53991309,19.9962274,23.9496366,0,0,-9.28709701,17.0372358,-20.4373552,65.5749455,-8.14607463,-11.4445617,-14.8369177,-69.5585099,-58.4858375,68.0190945,75.2283251,6.06903417,-2.74851743,18.6226183,-71.6347235,-7.47563436,-15.9922971,19.1215859,23.40504,-17.3756734,-64.8150665,29.9656928,32.6343331,82.4114438,-22.774803,-0.195039267
401,3.52151468,0.769138429,85.0927949,2.18092088,16.8338351,-64.149678,3.49839066,19.9962274,23.9496366,0,0,-9.66860491,17.0147474,-20.3019809,65.4671173,-8.12970865,-11.670775,-14.6948293,-68.9107143,-58.5798482,67.3232827,75.5605591,5.72646646,-2.80315809,18.982571,-71.6492171,-7.1807307,-16.1313103,19.0915808,23.2388222,-17.0598967,-64.524196,29.9656928,32.3619144,82.1134836,-22.5784385,-0.337228798
402,3.48322801,0.84308451,85.2189958,1.95580105,16.6340038,-64.0564547,3.47236828,19.9962274,23.9496366,0,0,-9.9609242,17.1052935,-20.4984376,65.0895649,-8.46231581,-11.4773423,-14.8285046,-68.3767301,-58.6557316,66.8372806,75.8632526,5.18400302,-2.77279619,19.0716299,-71.6929987,-6.89725181,-16.2763408,19.1244597,23.0279059,-16.7662429,-64.2435504,29.9656928,32.1416066,81.8275992,-22.412289,-0.425093979
403,3.42702828,0.926480349,85.3268206,1.68368966,16.4038128,-63.9103326,3.55755867,19.9962274,23.9496366,0,0,-10.4018565,17.3371409,-21.1010925,64.9298956,-9.05930251,-11.5699955,-14.7204681,-67.5766212,-58.7981684,65.9341178,76.1629272,5.0180085,-3.02352816,19.015706,-71.6872613,-6.58957142,-16.5406298,19.0590623,22.890906,-16.5241657,-63.9651929,29.9656928,31.8290709,81.552527,-22.2200465,-0.496202891
404,3.37602571,1.0158753,85.440129,1.36733399,16.1995972,-63.7661108,3.65603975,19.9962274,23.9496366,0,0,-10.8766007,17.5596753,-21.6343595,64.8268007,-9.34809316,-11.7068785,-14.5427636,-66.8032184,-58.9140426,65.0379834,76.4051325,4.64989119,-3.06659763,19.2153148,-71.7963258,-6.27770669,-16.917547,19.1596778,22.768439,-16.2776232,-63.6926683,29.9656928,31.466159,81.2063457,-22.0100199,-0.564437655
405,3.30886468,1.10626835,85.5609179,1.03839,15.9139963,-63.6224937,3.84472672,19.9962274,23.9496366,0,0,-11.4037829,17.6764083,-22.031465,64.9556454,-9.51411115,-12.1925536,-14.3775841,-65.7374767,-59.0999467,63.9435685,76.4950315,4.59208687,-2.97898018,19.0546534,-71.754846,-5.86525291,-17.2112776,19.1286449,22.6105199,-15.975541,-63.3492601,29.9656928,31.0554358,80.8776906,-21.7830971,-0.701448048
406,3.24193984,1.17004188,85.6844008,0.73066848,15.6556637,-63.4629618,3.95269194,19.9962274,23.9496366,0,0,-11.7564418,17.7227819,-22.0882495,64.922963,-9.29645266,-12.129406,-14.3572489,-64.9210505,-59.1603529,63.3311191,76.7012895,4.95100904,-2.95168525,19.0558419,-71.7257084,-5.43574928,-17.420669,19.1423104,22.3164734,-15.6399413,-63.0134675,29.9656928,30.6656506,80.5505861,-21.6171628,-0.896175781
407,3.172585,1.22403828,85.8403444,0.464215923,15.3667055,-63.2387574,4.14151594,19.9962274,23.9496366,0,0,-12.2385379,17.859775,-22.4602318,64.9878634,-9.1241859,-12.1972374,-14.5104654,-63.8980248,-59.3710164,62.4616633,76.7696939,5.22452909,-3.03409489,18.8865761,-71.6060162,-5.00229907,-17.5455539,19.1199705,21.9659259,-15.3519652,-62.6203969,29.8709615,30.2819408,80.1808133,-21.4386797,-1.03962117
408,3.10930256,1.25052286,86.0351562,0.213226065,15.049952,-62.8237494,4.11134187,19.9962274,23.9496366,0,0,-12.596047,18.0384408,-22.8711172,64.9090226,-9.14972227,-12.1121187,-14.3077454,-62.8497547,-59.4570836,61.6345547,76.8743802,5.22586482,-2.96565277,18.8515065,-71.4136303,-4.66966715,-17.702235,19.0987133,21.6797274,-15.1835857,-62.1716262,29.5766179,29.7628908,79.72957,-21.3000184,-1.16266511
409,3.02696377,1.26509173,86.235863,-0.0356184139,14.7193689,-62.367223,4.21204618,19.9962274,23.9496366,0,0,-13.0299587,18.1557237,-23.1114238,64.9216174,-8.70843997,-12.106325,-14.448157,-61.6142008,-59.7498938,60.4978951,76.8143223,5.22229178,-2.9849694,19.13617,-71.1796348,-4.29592432,-17.6936341,19.0716367,21.3348165,-14.8601694,-61.7332783,29.2832408,29.1895921,79.3082225,-21.0919418,-1.34052846
410,2.93637663,1.26376776,86.4488065,-0.246190548,14.3810079,-61.9134941,4.14443115,19.9962274,23.9496366,0,0,-13.2720957,18.3055695,-23.3943029,64.8264114,-8.5904604,-12.1109218,-14.5218855,-60.5113916,-59.8677829,59.4811737,76.7704725,5.05556131,-3.19050964,19.0986091,-70.9382832,-3.88220055,-17.6527093,19.1319951,20.8289641,-14.8829566,-61.2498033,28.9729794,28.6621683,78.8630649,-20.9391009,-1.56334236
411,2.84295511,1.26298955,86.6717815,-0.519172457,14.0001944,-61.4390185,4.2395966,19.9962274,23.9496366,0,0,-13.565624,18.4825517,-23.7446182,64.7338077,-8.29216384,-11.9679582,-14.4103878,-59.1321578,-60.093828,58.0501193,76.6232614,4.97398665,-3.2831396,19.4427192,-70.6491545,-3.41165068,-17.4796442,19.2224353,20.2231878,-14.6803134,-60.6913398,28.6605905,28.0587552,78.3560668,-20.8150117,-1.76309455
412,2.74036825,1.26698213,86.890161,-0.824542803,13.5930822,-60.9509994,4.28733237,19.9962274,23.9496366,0,0,-13.7859232,18.6288526,-23.935078,64.7151408,-7.79302898,-11.9453972,-14.3385598,-57.6547743,-60.2802853,56.6458016,76.3541451,4.805059,-3.19479601,19.6187519,-70.3560301,-2.87837789,-17.2065425,19.3587983,19.5173731,-14.3431753,-60.0725724,28.3444176,27.4216471,77.7856094,-20.734284,-1.90200299
413,2.59744618,1.23872999,87.1160328,-0.851678284,13.2564104,-60.5089409,4.36349367,19.7294044,23.9496366,0,0,-14.009792,18.742606,-24.1994149,64.8406933,-7.70966567,-12.0252259,-14.3151152,-56.2624504,-60.4694337,55.3913384,76.0426407,4.63472262,-3.2446184,19.6337459,-70.0125194,-2.41389344,-16.5650358,19.5083248,18.7760176,-14.0229837,-59.524559,27.9594101,27.1081927,77.3189094,-20.6655484,-1.96720184
414,2.4458481,1.19893802,87.3733044,-0.875124289,12.8837302,-60.0209453,4.37612525,19.3184712,23.9496366,0,0,-14.1921786,19.0949976,-24.8135325,64.9273616,-8.17991224,-11.968257,-14.1221333,-54.5872714,-60.4094305,53.6435886,75.5992931,4.46425177,-2.91358047,19.2262227,-69.6142989,-1.94115214,-16.0158083,19.7003658,18.0623994,-13.8955588,-58.9044052,27.533611,26.7790595,76.7958603,-20.6119075,-2.09293453
415,2.3080742,1.14233429,87.633723,-0.882000225,12.5727794,-59.4978265,4.2300655,19.0441076,23.9496366,0,0,-14.2386204,19.1482646,-24.8367706,65.0860269,-8.05820254,-12.0778952,-14.0342552,-53.3392558,-60.3824786,52.4993167,75.2396837,4.64239377,-2.75736466,19.2512604,-69.2959233,-1.51589763,-15.5037405,20.0196243,17.3796844,-13.7701036,-58.3148232,27.1004301,26.4762721,76.2516582,-20.6038479,-2.27138496
416,2.15836521,1.09927859,87.8788531,-0.900706341,12.2324278,-58.9424397,4.1984588,18.695406,23.9496366,0,0,-14.3622827,19.3424383,-25.1397065,65.314647,-8.22801556,-12.072099,-13.9451136,-51.9803248,-60.2270098,51.1514711,75.102028,4.88714122,-2.79267247,19.1430122,-68.9036928,-1.0745991,-15.0121821,20.3184092,16.743606,-13.6487124,-57.7369278,26.6409121,26.1049096,75.7265532,-20.5911711,-2.40690914
417,1.98961459,1.04145519,88.129741,-0.955611934,11.862827,-58.3942233,4.22660516,18.3607591,23.9496366,0,0,-14.4417434,19.4617207,-25.2048426,65.5850474,-8.15018385,-12.0971239,-13.9721722,-50.5166665,-59.9934105,49.7506881,74.9362252,5.22013642,-2.76517839,18.9296439,-68.5919972,-0.596248034,-14.6087262,20.8966342,16.1522243,-13.4910229,-57.0954125,26.2451026,25.7341635,75.1702206,-20.529462,-2.53258142
418,1.82795897,1.00398976,88.3995175,-0.973129572,11.500003,-57.7693206,4.16726789,18.035859,23.9496366,0,0,-14.5253176,19.6544926,-25.4882904,65.8282772,-8.23125051,-12.0457028,-13.9348794,-49.3089729,-59.6545717,48.6994673,74.9315465,5.63068885,-2.69831276,18.8153885,-68.1934556,-0.185449241,-14.1833292,21.4133824,15.6444373,-13.23778,-56.4803608,25.7508958,25.3378879,74.6059719,-20.4491048,-2.64774396
419,1.66728254,0.961015746,88.676852,-0.935358632,11.2018012,-57.0922524,3.98582818,17.765124,23.9496366,0,0,-14.5868935,19.6079534,-25.3868859,66.1333681,-8.15509475,-12.0542559,-14.0992402,-48.3615745,-59.3375075,47.7849289,74.96246,5.69269331,-2.60429265,18.9287594,-67.8148787,0.147534687,-13.822761,21.9952292,15.0688863,-12.9552492,-55.9494843,25.2170106,24.9854723,74.0577058,-20.3501576,-2.77971901
420,1.50940893,0.917122327,88.9634073,-0.8802488,10.8751146,-56.3631591,3.85090804,17.3943642,23.9496366,0,0,-14.6630877,19.7495517,-25.3402767,66.3824514,-7.80350393,-11.9236183,-14.2744166,-47.363537,-58.9099854,46.7960678,75.0204483,5.83547756,-2.60156569,18.7201039,-67.4329414,0.414617029,-13.4624668,22.7911118,14.2624962,-12.3050383,-55.3926156,24.6128718,24.5789446,73.5088113,-20.2642458,-2.90716394
421,1.35252522,0.868082885,89.2994881,-0.793228825,10.529707,-55.498377,3.52660852,17.087156,23.9496366,0,0,-14.7053734,19.7385159,-25.144392,66.7392332,-7.18658332,-11.9188491,-14.3254509,-46.5357386,-58.538792,46.2879564,75.0978275,5.75457269,-2.6642393,18.454162,-67.077751,0.586530969,-12.9764339,23.7859186,13.5698587,-11.6333139,-54.7714338,23.871267,24.1152208,72.8742526,-20.1896994,-2.97143815
422,1.17450347,0.813540164,89.6064937,-0.71899593,10.1688034,-54.6218135,3.25010752,16.7298312,23.9496366,0,0,-14.736864,19.8022228,-24.9072342,67.0504098,-6.61546851,-11.8893931,-14.4375651,-45.7443894,-58.0905881,45.4800713,75.1868726,5.78912661,-2.59800503,18.9080263,-66.7368973,0.805001667,-12.570386,24.9166786,12.7017878,-11.0648894,-54.1638475,23.1787029,23.6440266,72.291774,-20.1172686,-3.03612175
423,1.00252349,0.766526116,89.9166703,-0.670472299,9.83669327,-53.6751857,2.91783995,16.5089924,23.9496366,0,0,-14.8157629,19.9593854,-25.2327866,67.2535738,-6.69262446,-11.8173568,-14.4432512,-45.0229234,-57.7754022,45.0092903,75.2250261,5.74568192,-2.62772318,18.994891,-66.4648167,0.960651486,-12.2684165,26.207651,11.8678473,-10.2864152,-53.5249379,22.4314494,23.0997544,71.5527544,-20.1273876,-3.18003384
424,0.808597263,0.684484607,90.206641,-0.567265495,9.51962914,-52.6963134,2.59727377,16.1520775,23.9496366,0,0,-14.8095747,20.0885579,-25.0793703,67.3996169,-6.02227469,-11.7068759,-14.3828074,-44.280878,-57.2574143,44.3854721,75.3151368,5.58441176,-2.59829788,18.7043279,-66.1522536,1.12909089,-11.8724184,27.5202614,11.1462976,-9.9139231,-52.941773,21.6804411,22.5725799,70.9198622,-20.1712596,-3.4254865
425,0.600204105,0.616056984,90.5664086,-0.494935523,9.15646245,-51.6779811,2.21165026,15.9237101,23.9496366,0,0,-14.7477137,20.2663905,-25.304671,67.3889481,-5.93540024,-11.6136925,-14.3321445,-43.3918264,-56.9048058,43.4595477,75.2848449,5.1887342,-2.76447104,18.8457128,-65.8227106,1.32036361,-11.5872477,28.9206841,10.9398132,-9.5500277,-52.2728106,20.8908764,21.9828529,70.2030885,-20.0563434,-3.55887177
426,0.399882952,0.545818126,90.8504963,-0.429574717,8.80914102,-50.7209984,1.98935279,15.5747352,23.9496366,0,0,-14.8632634,20.4047035,-25.4094017,67.7059235,-5.89158159,-11.6604955,-14.2564003,-42.3534942,-56.4215631,42.3747224,75.1649477,5.10068837,-2.74317686,18.4981091,-65.3601975,1.62917792,-11.0971057,30.197062,10.1583926,-9.10223452,-51.6632811,20.2103009,21.4441166,69.6166758,-19.9967551,-3.72300933
427,0.193524291,0.45442041,91.1880374,-0.383536736,8.46599041,-49.6782413,1.65796204,15.3899103,23.9496366,0,0,-14.9266374,20.5207757,-25.7331578,67.8228905,-5.91565544,-11.6580085,-14.0129049,-41.3012592,-56.1720802,41.2410852,75.0105172,4.74349125,-3.05909808,18.6856883,-65.0121652,1.89022305,-10.7524748,31.7016229,9.75137912,-8.90814531,-51.0314169,19.4888895,20.8233941,68.970977,-19.8609982,-3.7495873
428,-0.0288019015,0.348505541,91.5162206,-0.259335497,8.09346867,-48.6477264,1.43649967,14.9998143,23.9496366,0,0,-14.9756098,20.6696465,-25.6972327,67.9987816,-5.79692498,-11.5925155,-14.084329,-40.0271625,-55.7209769,39.8596419,74.8027428,4.77077102,-3.13228719,18.5046832,-64.5703135,2.20718374,-10.2917521,33.2127101,9.27339138,-8.79822536,-50.3559214,18.6858437,20.2158966,68.3066592,-19.8179151,-3.87530974
429,-0.22851422,0.265640975,91.8700755,-0.271733409,7.73818248,-47.5920176,1.14571567,14.8543757,23.9496366,0,0,-14.9623029,20.856319,-26.0627827,67.9599861,-6.14261196,-11.4534016,-13.8407764,-38.7120984,-55.415927,38.4617651,74.4511793,4.57080571,-3.11232084,18.2401243,-64.1610007,2.554644,-9.96076027,34.7394862,8.68576971,-8.46446902,-49.6269012,17.966536,19.5135175,67.4994401,-19.6763987,-4.00183942
430,-0.453027571,0.167285232,92.1820104,-0.206205864,7.35346114,-46.4938862,0.862731706,14.6278473,23.9496366,0,0,-15.0036597,20.8273505,-25.989225,68.16412,-6.12068363,-11.4342139,-13.6684849,-37.5458709,-55.0717606,37.2064651,74.3140974,4.49071662,-3.19434778,18.2742394,-63.7601916,2.8374117,-9.69376818,36.4301663,8.05560792,-8.23093546,-48.893192,17.1735374,18.8030976,66.7342677,-19.6715083,-4.12287635
431,-0.658715237,0.0732045679,92.4938679,-0.163133444,7.03503203,-45.4266041,0.573974573,14.3999598,23.9496366,0,0,-15.1858379,20.9371219,-25.9686234,68.4699827,-6.2404113,-11.4524198,-13.6929882,-36.3675096,-54.6749369,35.873803,74.1310825,4.45809521,-3.23274219,17.9561507,-63.3909174,3.14655844,-9.46053344,38.0884953,7.37516484,-7.88529716,-48.1857381,16.4534869,18.167364,65.9114894,-19.6618248,-4.27086948
432,-0.854603853,-0.0406393898,92.8420186,-0.085494278,6.62705384,-44.3517723,0.429072724,14.0463165,23.9496366,0,0,-15.2209536,21.1152891,-25.9828097,68.5446913,-6.58240229,-11.3327131,-13.9344363,-34.9260186,-54.2633019,34.2086336,73.8975993,4.37349264,-3.23689068,18.2606935,-62.8283079,3.45816853,-9.27358177,39.6944332,6.69095491,-7.74878814,-47.3879754,15.6677744,17.4777284,65.1539736,-19.5824836,-4.36932068
433,-1.06093111,-0.147832371,93.1835771,0.0303557455,6.2421948,-43.2503765,0.24187226,13.6946343,23.9496366,0,0,-15.2544916,21.2393014,-26.1542355,68.5806112,-6.73704417,-11.2300323,-13.6669422,-33.600337,-53.826501,32.8993,73.7366254,4.72476671,-3.41711056,17.7850083,-62.2537524,3.73960413,-9.01202565,41.2652777,6.05622159,-7.43845935,-46.6369415,14.8357549,16.7716029,64.4067441,-19.4887922,-4.45210855
434,-1.25939157,-0.251936121,93.50999,0.154623936,5.88654018,-42.1808819,-0.004403496,13.335123,23.9496366,0,0,-15.3307165,21.2612741,-26.0193222,68.8045117,-6.96592338,-11.2605384,-13.7166096,-32.4986821,-53.3627688,31.7055366,73.6536045,4.56852955,-3.47447988,17.8640917,-61.6595874,4.0240004,-8.75090496,42.8004754,5.39340552,-6.89395624,-45.9302355,14.0345199,16.1051182,63.6914184,-19.3962312,-4.52102259
435,-1.42639112,-0.353595987,93.8562572,0.20421973,5.51400191,-41.0517553,-0.310751543,13.1490601,23.9496366,0,0,-15.4365639,21.389668,-26.2203551,68.9515588,-7.0481849,-11.1423395,-13.5709823,-31.4356315,-53.0134319,30.7377262,73.5610622,4.42848634,-3.51322114,17.9025901,-61.062581,4.30996078,-8.60415408,44.3763333,4.60292894,-6.36931575,-45.1262163,13.2386517,15.3126438,62.8686948,-19.3230167,-4.62920169
436,-1.62182897,-0.473698368,94.2003489,0.297748323,5.16650165,-39.8536537,-0.57230758,12.7979713,23.9496366,0,0,-15.5078352,21.5948554,-26.2773736,68.9811199,-7.32331517,-11.0486924,-13.5899924,-30.3469847,-52.5920161,29.8642918,73.4381188,4.73970135,-3.57073368,17.7781952,-60.3783054,4.5543155,-8.37820288,45.758183,3.84288641,-5.74545609,-44.3729421,12.3961453,14.4798883,62.0821985,-19.2454531,-4.71761977
437,-1.80141293,-0.579748163,94.5487261,0.364559459,4.74935497,-38.7080054,-0.733419043,12.4497606,23.9496366,0,0,-15.6802394,21.9660762,-27.1054606,69.0638335,-7.95963267,-11.0753549,-13.4684534,-29.1108024,-52.1713311,28.7823898,73.3046774,4.6907259,-3.55507889,17.9976492,-59.6207691,4.82724559,-8.3426987,47.1793985,3.0741373,-5.30266731,-43.5026462,11.594784,13.6658237,61.2579449,-19.1544613,-4.80241401
438,-1.97179299,-0.692253187,94.8875964,0.400800766,4.35474603,-37.504614,-1.0780682,12.2596338,23.9496366,0,0,-15.7048059,22.1534966,-27.3343829,69.0102438,-8.20964662,-10.8655725,-13.4500982,-28.1569938,-51.7547783,28.057466,73.299063,4.64354765,-3.70088464,18.045604,-58.8834228,5.0792181,-8.32478995,48.5977829,2.40107467,-5.10701867,-42.6420287,10.7869639,12.7460132,60.4244091,-19.0573718,-4.89177167
439,-2.13334449,-0.81398217,95.217061,0.430037017,3.98040902,-36.339454,-1.3118818,12.0239197,23.9496366,0,0,-15.8123524,22.4036028,-27.9740574,68.9684362,-8.97419238,-10.6024019,-13.232041,-27.1668384,-51.3334854,27.5000287,73.265677,5.07536245,-3.85786544,17.6582298,-58.1031898,5.40366617,-8.22718313,49.9163885,1.69587578,-4.90628624,-41.7741166,10.0396532,11.8623814,59.5764002,-18.9827145,-5.00078191
440,-2.30651796,-0.926433783,95.5507517,0.459113397,3.59510053,-35.1653423,-1.44650643,11.7730869,23.9496366,0,0,-15.9854533,22.6382351,-28.5933558,69.0133584,-9.44606881,-10.6008105,-13.0907013,-26.0926716,-50.9543587,26.9159706,73.1942811,5.33713372,-3.88369636,17.9543134,-57.2528928,5.78012699,-7.94596717,51.0997563,1.11479135,-4.62330895,-40.8641749,9.30314624,10.9766228,58.6750747,-18.9193098,-5.10338074
441,-2.47422177,-1.06762284,95.8842039,0.485343741,3.21267373,-34.0064523,-1.65066057,11.4603898,23.9496366,0,0,-16.1412277,22.9802705,-29.1939668,69.0620235,-9.8436157,-10.5388035,-13.2018276,-25.094086,-50.3421108,25.9706383,73.2145394,4.91861602,-3.79933371,17.9993243,-56.4126292,6.12187635,-7.91054239,52.3336232,0.699075304,-4.74112629,-39.9448143,8.60514872,10.0689155,57.7899779,-18.8319739,-5.22598691
442,-2.64547206,-1.2131569,96.2067127,0.500269134,2.83615816,-32.7702368,-1.89387549,11.2147975,23.9496366,0,0,-16.2868849,23.1623872,-29.6025419,69.1588482,-10.1990997,-10.5524382,-13.1595505,-24.1677057,-49.8899318,25.4809035,73.2452548,4.94953159,-4.03103635,17.8155769,-55.6159525,6.38470289,-7.99345149,53.5362453,0.471287108,-4.77280044,-38.9198898,7.88680663,9.07890089,56.7500645,-18.8670606,-5.46240964
443,-2.77263522,-1.34285921,96.5458512,0.500985758,2.46886242,-31.6350259,-2.21746125,11.0738762,23.9496366,0,0,-16.31592,23.2345567,-29.9763206,69.2255723,-10.5058521,-10.6511464,-13.12521,-23.4110983,-49.3972395,24.9994571,73.2884216,4.99164056,-4.18980111,17.7157912,-54.721208,6.70218033,-7.99528711,54.6535652,0.188308289,-4.82035606,-37.9616962,7.23680228,8.15162928,55.8179076,-18.7288005,-5.55549188
444,-2.90107373,-1.46043785,96.8815446,0.495941706,2.08649558,-30.4866666,-2.45370213,10.873271,23.9496366,0,0,-16.3676382,23.3286545,-30.1205161,69.2123559,-10.4668534,-10.4554589,-13.2305033,-22.603157,-48.906265,24.3846411,73.3315064,4.57697764,-4.09932543,17.9465987,-53.7214083,7.02729946,-7.9973558,55.6267135,-0.183398957,-4.88068541,-36.9765131,6.58883206,7.19047396,54.8710794,-18.5831467,-5.62052766
445,-3.00673991,-1.57965776,97.2012579,0.472815257,1.71448218,-29.3811518,-2.65439379,10.6972237,23.9496366,0,0,-16.3631901,23.3274114,-30.1397192,69.250482,-10.500866,-10.4054116,-13.1306067,-21.7985248,-48.5025837,24.1124905,73.2078185,4.87897189,-3.98775728,17.9684809,-52.6639619,7.38860921,-7.97112617,56.4694291,-0.659929409,-4.83420598,-35.985982,5.99069105,6.22064943,53.9386152,-18.4828146,-5.70944605
446,-3.12169157,-1.70636643,97.5479126,0.488213286,1.32775823,-28.2689461,-2.83602048,10.3805497,23.9496366,0,0,-16.3530472,23.3241688,-29.9186943,69.3712534,-10.6082409,-10.4886349,-13.0619061,-20.9679585,-47.869111,23.6378026,73.1965828,5.17328816,-4.10030087,17.6631783,-51.5739627,7.67458155,-8.00743289,57.2766379,-0.960123747,-4.90278748,-34.9460448,5.3650931,5.2416178,52.9455296,-18.3265194,-5.78411795
447,-3.20584364,-1.81331914,97.8717983,0.493264843,1.0231896,-27.2089015,-3.08676227,10.1576217,23.9496366,0,0,-16.3119158,23.4256671,-29.8532269,69.2776389,-10.8807074,-10.4512276,-13.3981682,-20.3768978,-47.3033289,23.2269018,73.2348865,5.02467605,-4.1413994,17.874214,-50.5630469,7.95036239,-8.00337917,58.0640255,-1.32250904,-5.1438129,-34.0065625,4.79317532,4.31658436,51.9807141,-18.1656821,-5.83557489
448,-3.27915065,-1.92891657,98.2155859,0.519021118,0.680889589,-26.1489901,-3.28165702,9.91656468,23.9496366,0,0,-16.3160242,23.4633886,-29.816337,69.3430311,-10.8763838,-10.5695777,-13.3314706,-19.6979907,-46.7649255,22.8306279,73.179521,5.10865578,-4.17047082,17.9537465,-49.3799728,8.24942649,-7.89194549,58.6754777,-1.68863439,-5.26279821,-32.9962375,4.20645482,3.38066979,50.9944587,-17.9774643,-5.83689866
449,-3.35136652,-2.04996057,98.5431135,0.520528615,0.299879829,-25.0983243,-3.5410723,9.67264496,23.9496366,0,0,-16.1704541,23.4828597,-29.7603193,69.2943933,-10.7427845,-10.4530487,-13.0472971,-19.0442989,-46.2190944,22.5617507,73.1169428,5.15604577,-4.24948757,18.0120387,-48.1519765,8.57441799,-7.78512389,59.2318649,-2.03863708,-5.42909198,-31.9205578,3.66024032,2.38552702,49.9962197,-17.8150373,-5.88632618
450,-3.42491642,-2.16539316,98.8806844,0.561821007,-0.0605762501,-24.0468351,-3.70543099,9.37971437,23.9496366,0,0,-16.0913195,23.5278741,-29.632663,69.262469,-10.5171791,-10.4355378,-13.0743951,-18.437913,-45.7510249,22.5227691,73.1682649,5.39722743,-4.50739679,18.1719676,-46.9078677,8.828618,-7.64518527,59.6938111,-2.27613279,-5.18531954,-30.8577155,3.09781522,1.42614755,48.9746762,-17.6290239,-5.90987369
451,-3.43490653,-2.28901785,99.1678953,0.572290554,-0.0082980343,-23.0929604,-3.76613685,9.20755519,23.4664639,0,0,-15.981403,23.4993563,-29.7903311,69.2739642,-10.6960523,-10.4069355,-13.0974674,-17.7532411,-45.3008916,22.5133605,72.9909942,5.49449146,-4.3926748,18.1020589,-46.2997965,9.10102387,-7.54903243,60.3550554,-2.42467938,-5.46929447,-30.3215935,2.68968111,0.609314292,48.0666367,-17.4402597,-5.9698991
452,-3.42811346,-2.41511501,99.4586229,0.563796471,0.103900952,-22.1192833,-3.84531966,9.03417852,22.8598218,0,0,-15.7074099,23.4862919,-29.5255622,69.2245751,-10.3657734,-10.3860446,-13.113065,-17.04632,-44.7755305,22.5865238,72.9169686,6.17416273,-4.42708786,17.8698205,-45.6317733,9.34680908,-7.42482032,60.7817305,-2.59399998,-5.54643847,-29.8104836,2.32021419,-0.225644157,47.0998678,-17.2464291,-6.0407145
453,-3.41637731,-2.54563745,99.7226357,0.607262262,0.271328112,-21.2199183,-3.63311892,8.6116929,22.1081629,0,0,-15.5022037,23.7307256,-29.9578108,69.1789495,-10.8223263,-10.3406358,-13.0789448,-16.138067,-44.035459,22.124914,72.9083557,5.90656019,-4.57400992,18.2328758,-44.9177931,9.59901211,-7.11804194,61.0754218,-2.8869914,-5.70847147,-29.4484972,1.94906684,-0.950890292,46.2808461,-17.0306361,-6.04442927
454,-3.41852345,-2.65187752,99.9856532,0.62294969,0.403202746,-20.2827416,-3.65622673,8.3867944,21.5238419,0,0,-15.3591386,23.702563,-29.9103375,69.2886901,-10.8356059,-10.4546632,-13.1684954,-15.5007301,-43.5056822,22.0063555,72.8016067,6.0563932,-4.54576069,17.8348243,-44.2413277,9.71022125,-6.9635674,61.3807586,-2.57840089,-5.67421807,-28.9853489,1.58568146,-1.74395124,45.3472071,-16.8330285,-6.03984237
455,-3.3538498,-2.77143437,100.264454,0.640288976,0.543240753,-19.4008286,-3.61043245,8.20008094,20.8523165,0,0,-15.1578188,23.7651719,-30.287866,69.2756171,-11.3013121,-10.4501502,-13.1607124,-14.822296,-43.0976979,22.1604053,72.6793873,6.02147172,-4.36208921,18.0892899,-43.4571742,9.97125571,-6.58609443,61.5129705,-2.6590825,-5.8022282,-28.4677008,1.24865228,-2.52689294,44.3783413,-16.6496704,-6.04968211
456,-3.30293514,-2.86449287,100.531793,0.593932553,0.685781208,-18.5613899,-3.59250576,8.13602828,20.2370787,0,0,-14.8692911,23.544007,-29.8351781,69.3374372,-11.0432522,-10.5393388,-13.2497696,-14.3713225,-42.6123071,22.4789192,72.782489,6.41435359,-4.52196687,17.8647576,-42.6525711,10.3150021,-6.16955065,61.4918994,-2.63238799,-5.9524343,-27.9895312,1.00587854,-3.29902683,43.4444701,-16.4122001,-6.01322256
457,-3.27612683,-2.955845,100.782132,0.597601743,0.811646612,-17.7414458,-3.57577863,8.00593964,19.7020136,0,0,-14.5951666,23.5052559,-30.0041707,69.1958815,-11.2486181,-10.4975773,-12.8999367,-13.9543429,-42.2198786,23.0249758,72.6929793,6.93268939,-4.38737586,18.0432305,-41.7593292,10.6270171,-5.61727308,61.267835,-2.43495454,-6.12527651,-27.5135354,0.740616568,-4.03004426,42.5092601,-16.1785427,-6.00948132
458,-3.24782208,-3.04652564,101.031518,0.638447057,0.816226448,-16.9117852,-3.50569171,7.69980373,19.2853618,0,0,-14.4613734,23.5615845,-29.8322958,69.2408788,-11.0405158,-10.4649478,-13.2729154,-13.3602701,-41.650094,23.326573,72.5226481,7.28486547,-4.33706554,17.6592543,-40.6358314,10.867695,-4.95568175,60.89059,-2.1726597,-6.24537002,-26.8783978,0.421556367,-4.79344853,41.561363,-15.9577176,-5.96237137
459,-3.18593569,-3.13163996,101.261413,0.664175339,0.869448235,-16.0338712,-3.53165219,7.4931871,18.7787155,0,0,-14.2496085,23.6034109,-30.1287943,69.2402982,-11.2691923,-10.660549,-13.230336,-12.9334012,-41.083219,24.0616226,72.5330095,8.06268315,-4.411051,17.8007468,-39.4848011,11.0742877,-4.3170518,60.2713309,-1.85174518,-6.53248214,-26.3150028,0.102761737,-5.6053433,40.6947418,-15.7807491,-5.88040569
460,-3.10586188,-3.20354477,101.496661,0.720886833,0.963545272,-15.2264329,-3.56464777,7.36460793,18.17555,0,0,-13.8415884,23.3351381,-29.8755787,69.2035791,-11.0889308,-10.4620902,-13.0236416,-12.4946563,-40.7753346,25.1555099,72.4225995,8.6542279,-4.40535974,17.9535825,-38.2293167,11.2232268,-3.5686795,59.3664743,-1.49400997,-6.69179716,-25.8099769,-0.207928127,-6.31460722,39.8360162,-15.6287603,-5.85648082
461,-3.038623,-3.28320116,101.722193,0.7767877,1.09185919,-14.3862091,-3.59678402,7.1849287,17.578197,0,0,-13.5769997,23.3689014,-30.1459039,69.1288978,-11.332083,-10.4325283,-13.0323604,-12.1040899,-40.3751026,26.1391766,72.3320038,9.0184042,-4.43750517,17.9026362,-37.100686,11.2816506,-2.96354544,58.4062112,-0.953438699,-7.01236824,-25.3368753,-0.507647247,-7.05315002,38.9569128,-15.5047463,-5.83602312
462,-2.96424385,-3.35284099,101.936996,0.807968565,1.2163113,-13.6312575,-3.55557557,6.98195085,16.9772309,0,0,-13.1422223,23.2821205,-29.8157599,69.0346139,-10.9378274,-10.3395848,-13.1589289,-11.6631858,-39.9959793,27.2296095,72.1633323,9.63661145,-4.56556012,18.2622627,-35.9003178,11.3644948,-2.26758246,57.2673591,-0.448117239,-7.35653123,-24.8194526,-0.740239734,-7.76211128,38.0068404,-15.346028,-5.7760754
463,-2.90247295,-3.43236998,102.129066,0.882008004,1.27813083,-12.8340183,-3.54910268,6.82010269,16.4784871,0,0,-12.8872214,23.2734359,-30.1876705,68.9452887,-11.2913383,-10.2868899,-13.0705488,-11.298598,-39.7113243,28.2516124,71.9537206,9.6308536,-4.48365847,18.3496567,-34.7742723,11.2878618,-1.74913653,56.1125551,0.423004341,-7.82125389,-24.2016586,-1.02420554,-8.51016043,37.0361714,-15.3065957,-5.68491415
464,-2.80793961,-3.44534554,102.340984,0.858745392,1.49423322,-12.0401624,-3.51798285,6.77784132,15.8448846,0,0,-12.5195779,23.0007013,-30.0770044,68.9314166,-10.9403136,-10.3188697,-12.9830396,-10.7633587,-39.397262,28.631347,71.6820635,9.4045959,-4.47781226,18.3846016,-33.7475993,11.1712516,-1.31427375,54.7075681,1.20449159,-7.98354601,-23.7915945,-1.19966883,-9.23551969,36.0960335,-15.0455458,-5.61920944
465,-2.69703995,-3.46566252,102.546275,0.763542156,1.71596428,-11.316626,-3.47637419,6.75265457,15.160013,0,0,-12.117273,22.9610828,-30.0973857,68.8459572,-10.9925329,-10.2698733,-13.0582869,-10.2794936,-39.0301666,29.1495842,71.4848282,9.30758416,-4.51380991,18.3194314,-32.7017812,11.1619182,-0.879580342,53.1574464,2.0794782,-8.66384566,-23.3454039,-1.23283538,-9.91495532,35.0938227,-14.7724851,-5.62762252
466,-2.57502906,-3.44647579,102.630544,0.387904225,1.91741513,-10.6554625,-3.48845167,6.87391263,14.4999793,0,0,-11.6307646,22.9741165,-30.1096015,68.7424184,-10.9400873,-10.0832862,-12.8825479,-9.91089135,-38.7024029,30.3875492,71.268236,9.75477287,-4.68549355,18.4122946,-31.275245,11.5872238,-0.131159602,51.0879025,-0.12532434,-11.1374337,-22.9000755,-0.939226463,-10.6833729,34.1952157,-14.6091685,-5.67341851
467,-2.42977757,-3.46018523,102.828586,0.209570608,1.91853303,-10.047698,-3.33103801,6.90120862,14.0621659,0,0,-11.2288344,22.8297622,-30.1620812,68.7620347,-10.9487369,-10.1888041,-12.8904888,-9.43332453,-38.3846625,31.1874668,70.9736568,9.68100512,-4.57896821,18.5331958,-30.0321881,11.8493554,0.759215654,49.3195256,-0.396958081,-13.7415919,-22.0705269,-0.832126002,-11.410421,33.0328985,-14.3426579,-5.63589047
468,-2.30324063,-3.41741554,102.954829,0.00615056975,2.08989797,-9.43496873,-3.21008795,6.88277736,13.4705785,0,0,-10.7738422,22.7549152,-30.0144569,68.7215112,-10.9946084,-10.1800452,-13.0014077,-9.19867765,-38.3500164,33.5786614,70.4529095,11.1007829,-4.16701346,18.1472901,-28.7929561,12.1070268,2.05792276,47.1928642,-1.83248469,-14.6233155,-21.5852897,-0.713690895,-12.0729237,32.073233,-14.1282352,-5.59403592
469,-2.21367683,-3.30962725,103.079128,-0.123630325,2.32472864,-8.78233441,-3.02293842,6.79640364,12.9151415,0,0,-10.4437887,22.6906329,-29.8367047,68.6933435,-10.6397007,-10.177349,-13.1732475,-8.81392199,-37.9111255,34.1754287,70.325506,10.7572534,-4.23605003,18.0144002,-27.8066154,11.9395865,2.7421058,45.1360723,-3.1636401,-13.9586638,-21.2972282,-0.733755643,-12.715992,31.2590028,-13.907486,-5.56192635
470,-2.11210735,-3.16845663,103.257704,-0.172363052,2.56340291,-8.11190878,-2.99778646,6.72152897,12.3086865,0,0,-10.048763,22.5097815,-29.7202875,68.6810014,-10.4169589,-10.0181313,-13.224351,-8.5136609,-37.585363,35.1304735,70.1952338,10.6519447,-4.2589969,17.9938858,-26.9864975,11.5117639,3.02720985,43.2338441,-4.10327969,-12.4895593,-20.9805738,-0.865045219,-13.3482122,30.36642,-13.585417,-5.47210509
471,-2.02264767,-3.05072907,103.380573,-0.309471344,2.73097841,-7.44554213,-2.93027538,6.7268356,11.7804644,0,0,-9.55441097,22.1753891,-29.1328468,68.7176453,-9.79933046,-10.0765567,-13.2959604,-8.34405876,-37.3978539,36.5934181,70.0869821,11.1031811,-4.22868964,17.9017004,-26.0811098,11.2350661,3.10371651,41.3003132,-5.03669419,-11.8665419,-20.6043294,-0.879145825,-14.0415618,29.5662189,-13.3215258,-5.31558704
472,-1.92204956,-2.93563381,103.543627,-0.373095268,2.86389394,-6.93194957,-2.8877662,6.70126337,11.394382,0,0,-9.16889888,21.967893,-28.9719959,68.7621167,-9.7903018,-10.0838949,-13.3926102,-8.43576345,-37.2509501,37.7620771,70.1048089,10.7742076,-4.2848052,18.084717,-25.1227677,11.0080212,3.65193097,39.4469379,-5.73184737,-11.7392203,-20.1976992,-0.929038382,-14.5546072,28.736047,-12.9420789,-5.11988163
473,-1.82075072,-2.79437751,103.691864,-0.475946113,2.99615206,-6.4520638,-2.74222832,6.72262607,10.9373151,0,0,-8.72555044,21.7110301,-28.5461353,68.7943893,-9.35170804,-10.0360085,-13.4156416,-8.26089011,-37.0906388,38.6780738,69.956143,10.5429511,-4.23729611,18.1038143,-24.2170163,10.8136306,4.25989422,37.6688177,-6.46322915,-10.9717555,-19.8283926,-0.942207094,-15.0522309,27.9755635,-12.5627003,-4.9175202
474,-1.71622336,-2.69615669,103.835869,-0.516361421,3.17274783,-6.00367493,-2.53542001,6.54053622,10.4184427,0,0,-8.22734705,21.4890182,-28.0054763,68.8553214,-8.79968532,-10.032864,-13.4704111,-8.1064288,-36.6571574,39.5186857,70.0862855,10.4710616,-4.45815625,18.058945,-23.3528761,10.5563314,4.80210409,35.8717676,-7.0734169,-10.3761946,-19.5375188,-0.973794157,-15.4455029,27.2470163,-12.2659517,-4.8032443
475,-1.62525624,-2.60348823,103.98773,-0.540073013,3.28802529,-5.50780511,-2.45023218,6.46586133,10.0516223,0,0,-7.93531549,21.2772465,-27.7124475,69.0304133,-8.5769076,-10.026202,-13.7635296,-7.98002932,-36.4159356,40.096605,70.0129839,10.0278857,-4.35402191,18.3952977,-22.6224625,10.2876292,5.21790808,34.3260275,-7.35564075,-9.8224515,-19.1146823,-1.0181319,-15.9605094,26.4067015,-12.0006364,-4.77573913
476,-1.54437618,-2.50857789,104.086936,-0.636144708,3.51931702,-5.00541656,-2.36038296,6.38958605,9.52106258,0,0,-7.424612,21.0459541,-26.9836066,69.0445723,-7.89671211,-9.89523571,-13.7590891,-7.89066312,-36.1230195,40.6779429,70.0814633,9.93274113,-4.49965605,18.4063592,-22.1105415,10.0956668,5.52265532,32.8245299,-7.55454866,-9.13170423,-18.8667361,-0.969470968,-16.4620895,25.6333243,-11.7445914,-4.70231716
477,-1.4743099,-2.44184565,104.227066,-0.61979307,3.61843713,-4.4933013,-2.34858082,6.27665484,9.194098,0,0,-7.04538367,20.7357389,-26.5535454,69.1910116,-7.44157562,-9.9785495,-13.6502287,-7.78035728,-35.8289218,41.2131702,70.051513,10.0995787,-4.50209742,18.2346995,-21.5538009,9.81386425,5.77973254,31.5078915,-7.43814858,-8.69715735,-18.4199086,-1.03178972,-16.9834208,24.7682484,-11.4592619,-4.58465605
478,-1.3784281,-2.37036739,104.376101,-0.562261288,3.82918377,-3.9796115,-2.38333133,6.18028941,8.69355613,0,0,-6.60635106,20.4882145,-26.0997238,69.3112024,-7.02775453,-9.96101726,-13.8367535,-7.66197558,-35.6042052,41.5946055,70.125361,9.92990233,-4.54714593,18.2336527,-21.1880442,9.46063931,5.85935974,30.2839181,-7.21011161,-8.32354173,-18.1045451,-1.13272444,-17.4747641,23.9093709,-11.1751278,-4.46646731
479,-1.277903,-2.3223931,104.518545,-0.520265991,3.99664562,-3.51057775,-2.31664926,5.94197216,8.21577244,0,0,-6.20668126,20.3463771,-25.6510538,69.446406,-6.40799639,-9.80233062,-14.048293,-7.56778044,-35.2996915,42.1753902,70.163289,10.3011257,-4.54086387,18.4541859,-20.7659659,9.16763785,6.00457255,29.0776214,-6.99707929,-7.94287992,-17.7547591,-1.19124379,-17.9526519,23.0865073,-10.9092874,-4.40295381
480,-1.19871236,-2.25690212,104.658127,-0.522715759,4.11092833,-2.97877396,-2.25242627,5.73465329,7.85031037,0,0,-5.91305613,20.3160835,-25.6642787,69.5751482,-6.30427698,-9.81143014,-14.1595721,-7.29168371,-34.8711005,42.1880055,70.1515342,10.1591815,-4.44557846,18.2780251,-20.299563,8.90212791,6.07695932,27.8519063,-6.81584748,-7.61624661,-17.3367294,-1.21956485,-18.5572005,22.2590896,-10.5781078,-4.29796398
481,-1.10116675,-2.19860319,104.808533,-0.443526726,4.19947449,-2.40356123,-2.366617,5.53363955,7.51181985,0,0,-5.54791336,20.0003836,-25.0706379,69.814198,-5.79024634,-9.79751875,-13.9890744,-7.10761779,-34.5832797,42.3579748,70.1574424,10.1934153,-4.56023172,18.3908205,-19.775725,8.52888881,6.03515814,26.6152528,-6.57964929,-7.33232419,-16.8521428,-1.33961407,-19.1470095,21.3890038,-10.2408954,-4.12606989
482,-1.01675298,-2.1334935,104.925323,-0.445791664,4.29356673,-1.85412251,-2.4082056,5.41976322,7.19034846,0,0,-5.26811765,19.792541,-24.8414287,70.05292,-5.43884933,-9.87132748,-14.0495745,-7.01107222,-34.3550968,42.8454966,70.19981,10.4979103,-4.66108459,18.3098315,-19.3027942,8.26722426,5.97333767,25.444444,-6.47423429,-7.23004296,-16.3758447,-1.34430812,-19.7339345,20.515233,-9.93016273,-3.95299717
483,-0.944290962,-2.07461715,105.041075,-0.438901062,4.37752705,-1.3342607,-2.35704343,5.25804013,6.89044126,0,0,-5.08817205,19.757526,-25.0041341,70.2439399,-5.32969693,-9.85012572,-14.13759,-6.75865788,-34.0217221,42.7215458,70.2034778,10.4611775,-4.63806813,18.4421989,-18.8570134,8.01299693,5.84689422,24.3283484,-6.33455692,-7.13663158,-15.9167996,-1.34285286,-20.2977957,19.6645449,-9.61896224,-3.8515616
484,-0.848565623,-2.02111322,105.165505,-0.435509659,4.49253569,-0.849548012,-2.2366003,4.95805396,6.51942666,0,0,-4.79441543,19.6139093,-24.5487859,70.500632,-4.55538229,-9.90620926,-14.2462728,-6.50213092,-33.6135397,42.9238184,70.1377509,10.7082664,-4.50577462,18.3298764,-18.4127454,7.7750451,5.67600161,23.1766709,-6.08914438,-7.02064729,-15.4713313,-1.31373075,-20.8251785,18.7720219,-9.23832604,-3.73496771
485,-0.766354799,-1.92898978,105.240369,-0.563218146,4.59647283,-0.329456091,-2.23276131,4.99851472,6.20094476,0,0,-4.5264543,19.2508421,-23.9520169,70.767993,-3.80949319,-9.90237496,-14.3245084,-6.24901862,-33.3940584,42.9452891,70.1015099,10.9470063,-4.68604893,18.3343246,-18.0343222,7.68373315,5.38795503,22.1132787,-6.0411892,-7.03083409,-15.0268396,-1.15548338,-21.3652586,17.927843,-8.87808479,-3.6091377
486,-0.662549911,-1.84982456,105.353248,-0.578906305,4.64443658,0.14830984,-2.20933141,4.85523143,5.8700793,0,0,-4.19416731,19.1223491,-23.9704311,70.9015505,-3.64500985,-9.94098261,-14.2294449,-5.98298787,-33.1956141,43.1867875,69.9705479,10.9500329,-4.47754673,18.3988118,-17.5396731,7.47952842,5.16938897,21.0292628,-5.78964614,-6.96434134,-14.5226607,-1.12280882,-21.8945846,17.0916127,-8.44455305,-3.41536929
487,-0.574141461,-1.76761821,105.44517,-0.630251739,4.7285972,0.549574923,-2.06642806,4.73048742,5.5615541,0,0,-3.96801249,19.1403638,-24.2116853,70.9556251,-3.75146518,-9.84915498,-14.4321556,-5.65268462,-32.8274601,42.8559229,69.9589502,10.8145066,-4.58234062,18.6129246,-17.1312414,7.33897082,4.95903964,20.0407244,-5.61544942,-6.81199098,-14.0824422,-1.02012056,-22.3309688,16.2452395,-8.01305926,-3.27199764
488,-0.497820275,-1.67334042,105.534351,-0.657977897,4.78112279,0.894181069,-1.99980596,4.66721383,5.31832466,0,0,-3.65456956,19.0606828,-24.0533684,70.8063513,-3.34432998,-9.46018937,-14.4319985,-5.4590368,-32.6130092,43.121146,69.9131948,11.2010151,-4.63596657,18.5657912,-16.7354439,7.18402541,4.79672019,19.1605692,-5.40660913,-6.69381591,-13.6613371,-0.957961245,-22.736501,15.4762439,-7.61923994,-3.10752562
489,-0.406490359,-1.60656124,105.608451,-0.739361386,4.81280052,1.28245062,-1.8334772,4.52828223,5.03645001,0,0,-3.36829776,19.0811341,-24.2239899,70.7473453,-3.43929608,-9.31674174,-14.4430548,-5.12221414,-32.2768888,42.9763938,69.8312325,11.2430036,-4.57662546,18.613512,-16.3488928,7.11283649,4.59490945,18.3309351,-5.30872697,-6.48330862,-13.1852533,-0.80749586,-23.1986607,14.6972096,-7.27639774,-3.02623207
490,-0.32770969,-1.49273556,105.673838,-0.821828879,4.81368716,1.52517136,-1.64116511,4.49956427,4.83050444,0,0,-3.19633259,18.986425,-24.530049,70.7978341,-3.82677058,-9.23832946,-14.3149478,-4.91913724,-32.0647055,43.1398095,69.7899714,11.300279,-4.5524897,18.7707771,-15.8670058,7.04292224,4.55897539,17.457832,-5.23113474,-6.22052691,-12.7380911,-0.679805153,-23.521131,13.9802942,-6.91651038,-2.86031567
491,-0.249720784,-1.36743961,105.709279,-0.956782872,4.91431063,1.7739519,-1.46266057,4.53437903,4.51316318,0,0,-2.87626651,19.0845782,-24.8287758,70.4949767,-3.72465156,-8.9521727,-14.3198604,-4.69234081,-31.884935,43.3545575,69.688987,11.4617063,-4.67245045,18.6044125,-15.5589353,7.03033676,4.47557622,16.6581296,-5.21102837,-6.00740068,-12.429107,-0.491550412,-23.847194,13.3001192,-6.56371873,-2.70018295
492,-0.156567444,-1.25435777,105.766368,-1.03211866,4.9658338,1.93506325,-1.25801775,4.5309221,4.22003665,0,0,-2.55143275,19.1051849,-25.0414935,70.3207727,-3.86294497,-8.80496932,-14.5385938,-4.47799923,-31.7715026,43.4651655,69.56478,11.2415445,-4.48758071,18.9315683,-15.1406921,6.96876389,4.52087831,15.8328856,-5.0682454,-5.75288947,-12.0802696,-0.368437159,-24.0639295,12.6438498,-6.17783396,-2.54599293
493,-0.078350777,-1.13104964,105.816805,-1.12097254,5.01619004,2.11111913,-0.9993174,4.48328068,3.99227545,0,0,-2.2698868,19.0805723,-25.2849966,70.1516777,-3.88511277,-8.83294407,-14.5433715,-4.33372088,-31.5468645,43.6762628,69.5564745,11.450077,-4.50619639,18.7855354,-14.7986123,6.91371171,4.53098528,15.1208043,-4.94520594,-5.3360076,-11.754222,-0.241997498,-24.3290433,12.0180841,-5.82493559,-2.40705429
494,0.00779801994,-0.982338563,105.856133,-1.23222986,5.08378731,2.18428803,-0.787411155,4.62565255,3.69448774,0,0,-1.91103464,18.8908996,-25.1429031,70.0408715,-3.34544458,-8.79690116,-14.5464144,-4.14437822,-31.4938793,43.8390023,69.4656467,11.1623579,-4.41860818,18.9043158,-14.3939168,6.89066153,4.60288284,14.2970066,-4.81853197,-4.92975435,-11.5035224,-0.102182725,-24.4724107,11.4790917,-5.52162268,-2.3018634
495,0.0883427158,-0.855073147,105.887759,-1.33941052,5.17142865,2.33427283,-0.593147822,4.66289544,3.42637977,0,0,-1.60084256,18.9762053,-25.6260297,69.6803605,-3.85138572,-8.68332365,-14.6066823,-3.99858655,-31.3169057,43.9771326,69.4931382,11.3323408,-4.49974954,18.8868066,-14.0614436,6.86518322,4.64485136,13.5259619,-4.67485083,-4.56082509,-11.1896368,0.0742884258,-24.7107536,10.7913582,-5.20313608,-2.17696805
496,0.180462096,-0.728578912,105.890214,-1.45333654,5.28284098,2.46736576,-0.51025243,4.73753575,3.08189021,0,0,-1.15024687,18.7243318,-25.0776765,69.5175971,-3.34090486,-8.71000579,-14.6133759,-3.87747833,-31.2828196,44.4182911,69.3368566,11.4465014,-4.35504857,19.0301672,-13.8121477,6.86337108,4.61826314,12.8765211,-4.61560535,-4.21635304,-10.9677385,0.235744539,-24.9376815,10.2425056,-4.97059077,-2.06751363
497,0.238598464,-0.630525453,105.901706,-1.54351461,5.3704196,2.5643784,-0.295288768,4.72598163,2.83849343,0,0,-0.813638334,18.6909083,-25.0577221,69.2420399,-3.43290729,-8.69871292,-14.4229143,-3.77699472,-31.0539093,44.2525873,69.4262911,11.005086,-4.46443192,19.2266683,-13.5614721,6.86217196,4.62878889,12.2442394,-4.46976074,-3.98530652,-10.7428289,0.396255986,-25.116407,9.6806841,-4.73283914,-2.03161416
498,0.321629317,-0.521157729,105.927372,-1.64279346,5.48354418,2.69707241,-0.140822813,4.64097608,2.52803487,0,0,-0.478101609,18.7501568,-25.0938777,69.0328859,-3.56743875,-8.82131653,-14.574968,-3.60009965,-30.7147187,44.2452414,69.4228965,11.2017971,-4.43427962,19.3194342,-13.3546941,6.86541843,4.576777,11.6433834,-4.33691741,-3.76668199,-10.5021364,0.574915699,-25.3343208,9.06243245,-4.45009065,-1.99295059
499,0.39460836,-0.384487864,105.95026,-1.75877197,5.53241606,2.83120386,-0.136445875,4.82109415,2.29043137,0,0,-0.0643869126,18.5844547,-24.9780069,68.7349598,-3.76503122,-8.76284071,-14.6056031,-3.53928514,-30.6763808,44.4771332,69.4160868,11.1976102,-4.39488736,19.3025142,-13.0898117,6.88267405,4.50968747,11.0790279,-4.22718615,-3.60922393,-10.2285711,0.736080255,-25.5935333,8.52750313,-4.18430707,-1.9078396
500,0.454928726,-0.286641112,105.958605,-1.85583098,5.51196438,2.93885112,0.0577472551,4.72920292,2.18143179,0,0,0.228797597,18.4331216,-24.4393936,68.6221115,-3.34877281,-8.82814671,-14.4974863,-3.42393605,-30.2991939,44.1713695,69.507584,11.1015837,-4.49392638,19.5683759,-12.7575699,6.91271152,4.5248983,10.5535925,-4.13720694,-3.53237149,-9.85525861,0.913688386,-25.8319803,7.93679337,-3.93344831,-1.80972607
501,0.514457049,-0.214957562,105.962408,-1.91601212,5.66053333,3.04640805,0.329879701,4.49860719,1.87522097,0,0,0.507360219,18.4070354,-24.0467772,68.4954046,-3.03297901,-8.85831395,-14.6041346,-3.23635046,-29.8779658,43.8575428,69.5096672,10.9358953,-4.43641363,19.6114419,-12.6854602,6.90202568,4.45572769,10.1105677,-3.983304,-3.40958177,-9.73439073,1.04901588,-25.9696667,7.42866486,-3.69550032,-1.73777301
502,0.582994055,-0.108694611,105.977559,-1.97330838,5.72748016,3.18080674,0.30553109,4.68622566,1.65798114,0,0,0.78148175,18.004686,-23.6613206,68.4618206,-2.92877018,-8.91040268,-14.5690291,-3.21652476,-29.8192057,43.9995425,69.5802845,11.2737199,-4.44357209,19.6872519,-12.5413902,6.87409235,4.38828342,9.73009368,-3.88488994,-3.35927679,-9.48732827,1.16859905,-26.1948512,6.88211654,-3.46779334,-1.68701766
503,0.664760452,-0.0165732039,105.998826,-2.05078341,5.78621705,3.31059618,0.349224477,4.62207183,1.42219746,0,0,1.11262426,17.8535425,-23.2222914,68.3267877,-2.63193015,-8.8348975,-14.3681755,-3.10038551,-29.4651799,43.8702094,69.67129,11.3501778,-4.38666167,19.7475966,-12.3633843,6.88282389,4.35029433,9.31243359,-3.78895737,-3.26904935,-9.21236876,1.332819,-26.422638,6.3146657,-3.20983673,-1.67744622
504,0.751475664,0.0775650202,106.009388,-2.06743352,5.94578534,3.37263032,0.546287655,4.55868596,1.08509134,0,0,1.25860675,17.670589,-22.9460478,68.4383589,-2.43850368,-8.97514519,-14.2252811,-2.88587915,-29.169542,43.5128368,69.7123872,11.2705976,-4.37615514,19.7554377,-12.3016778,6.81052292,4.36283285,8.92487415,-3.66426287,-3.19499451,-9.1365622,1.38883733,-26.4837187,5.88775156,-3.00050573,-1.59763333
505,0.813597348,0.16088885,106.017458,-2.11425448,5.98648967,3.46532338,0.732948454,4.41261127,0.908824437,0,0,1.38800394,17.6566144,-22.7835286,68.4343974,-2.60244465,-9.02152303,-14.2946323,-2.61489886,-28.684503,42.9201643,69.724545,11.372773,-4.44370827,19.7552669,-12.0902212,6.78646742,4.35006211,8.49473871,-3.52382309,-3.10895953,-8.91438639,1.4864038,-26.6459545,5.43989392,-2.73902539,-1.45319073
506,0.889225211,0.245559309,106.025469,-2.14662693,6.08932353,3.60205097,0.786019023,4.38143146,0.658806323,0,0,1.52377337,17.5516925,-22.6125912,68.4441714,-2.60463053,-9.0217544,-14.4095579,-2.44234096,-28.3136835,42.6533839,69.7980924,11.4485488,-4.27629265,19.6698349,-12.0385764,6.74030303,4.22722969,8.20964833,-3.42490338,-2.99645543,-8.77246787,1.55331063,-26.7598137,5.03195575,-2.51032077,-1.38034729
507,0.946339592,0.31772533,106.046057,-2.13326061,6.18703456,3.65744804,1.02271859,4.24596831,0.446546215,0,0,1.58969569,17.4515961,-22.4249761,68.473951,-2.50051838,-8.96539595,-14.2950967,-2.31312318,-27.8865576,42.3421117,69.9525572,11.6861207,-4.32468411,19.7789199,-11.9369568,6.65178676,4.20183889,7.85409258,-3.25425131,-2.85273288,-8.69495376,1.55914553,-26.818789,4.71020133,-2.32558656,-1.32917071
508,1.00976434,0.417643692,106.067097,-2.14330427,6.28093981,3.74869134,1.09856709,4.23461056,0.231295819,0,0,1.63253719,17.268144,-22.274338,68.5902281,-2.53553484,-8.87923653,-14.263093,-2.13933179,-27.4804807,41.8701422,70.0998297,11.6837583,-4.29645579,19.9580774,-11.8713956,6.57843437,4.09801148,7.56659455,-3.12338404,-2.74985316,-8.61107903,1.57043071,-26.9322624,4.40942883,-2.12409086,-1.23681108
509,1.06806206,0.504533853,106.079555,-2.15032567,6.35647333,3.75287947,1.2809817,4.06223238,0.0349117315,0,0,1.6806753,17.2117642,-21.9174299,68.7029263,-2.45680218,-8.9428845,-14.2521451,-1.98949814,-26.9390669,41.5662603,70.2202528,12.0044826,-4.2099301,20.0161631,-11.7297468,6.51084496,4.11848198,7.21565943,-2.98472799,-2.66485636,-8.56222013,1.55998735,-26.9243615,4.20069099,-1.9455971,-1.10546505
510,1.12192584,0.588407414,106.08778,-2.12588567,6.42092425,3.76595094,1.48401249,3.953366,-0.137920956,0,0,1.73001243,17.0597993,-21.5560121,68.7631275,-2.38111878,-8.88652263,-14.3156616,-1.8724112,-26.474223,41.1849376,70.4001395,11.8992115,-4.2471017,20.2318638,-11.5949966,6.40817868,4.11331622,6.89787208,-2.81109178,-2.5256046,-8.51748837,1.51006753,-26.9450997,4.01964146,-1.80336311,-0.982982256
511,1.17364023,0.673859613,106.099606,-2.10424038,6.4974208,3.76249412,1.62059322,3.7751574,-0.327091036,0,0,1.81498019,17.0059894,-21.3036845,68.836313,-2.524417,-8.89968526,-14.086011,-1.76746385,-25.9203323,40.9855746,70.5713382,11.976671,-4.33181782,20.1808901,-11.4997112,6.30890358,4.11396893,6.61992265,-2.65874035,-2.34948241,-8.50395179,1.45787816,-26.9489365,3.85807205,-1.65888081,-0.891780074
512,1.2100121,0.750492048,106.11372,-2.08388121,6.52165288,3.71896715,1.83294572,3.58462586,-0.415851745,0,0,1.77373876,16.9167069,-20.9114506,68.9707858,-2.47592949,-8.91610333,-14.1136536,-1.7294817,-25.3372749,40.7706286,70.7160972,12.2305218,-4.103453,20.2970426,-11.3369742,6.22749157,4.13941438,6.33677588,-2.5142255,-2.21742561,-8.48665177,1.39394439,-26.9225054,3.78737234,-1.57058599,-0.851087461
513,1.24840057,0.825539324,106.127477,-2.06313993,6.53929289,3.6678736,2.11464706,3.33694868,-0.45896422,0,0,1.69968393,16.8863911,-20.7350097,69.1132157,-2.83905756,-8.87416597,-14.0085558,-1.70882294,-24.6614686,40.3119131,70.9537946,12.2962171,-4.18968329,20.6132992,-11.1394178,6.14682447,4.19994821,6.00869457,-2.35660331,-2.0765504,-8.4786041,1.32442875,-26.9059644,3.75632401,-1.50191591,-0.772582814
514,1.30320508,0.933071785,106.147671,-2.05126179,6.54973604,3.61392801,2.15212217,3.28693548,-0.580912765,0,0,1.77511985,16.6590721,-20.3057989,69.2585007,-3.08687241,-8.90246344,-13.9738149,-1.76289498,-24.2162393,40.412252,71.1749903,12.584808,-4.17090496,20.8749484,-10.9538749,6.05416399,4.28830994,5.75188373,-2.22959124,-1.95867691,-8.44680274,1.24006823,-26.8784746,3.71852104,-1.36893042,-0.652085097
515,1.33938985,1.00972215,106.157744,-2.02599998,6.56558412,3.58072454,2.33113012,3.15247274,-0.668120727,0,0,1.84143736,16.4524333,-19.930591,69.340381,-3.38785942,-8.8639019,-13.7861401,-1.77415135,-23.6414482,40.2511176,71.4481364,12.5297549,-4.12125034,21.1339628,-10.8167554,5.96934927,4.30130651,5.53238791,-2.09147842,-1.88632643,-8.43949871,1.15476226,-26.851328,3.69646764,-1.29021815,-0.584631003
516,1.3716585,1.08585423,106.170428,-2.00587037,6.57144373,3.54332776,2.44611144,3.03950761,-0.710838491,0,0,1.75662113,16.2935546,-19.8575866,69.5797108,-4.05084859,-8.92276106,-13.5337518,-1.86620127,-23.0195116,40.0696326,71.8213926,12.5754728,-4.04378831,21.4833765,-10.6795899,5.89676357,4.29803186,5.33004313,-1.97534578,-1.81872698,-8.43893095,1.06980068,-26.8266898,3.70349932,-1.22753761,-0.511269061
517,1.40557429,1.19253555,106.182718,-2.01508844,6.57659373,3.50086963,2.46402682,3.08691125,-0.7856241,0,0,1.72030971,15.8958753,-19.4148503,69.8837089,-4.35747201,-8.99976632,-13.3035377,-2.05423809,-22.5015613,40.141131,72.360595,12.5362359,-4.14422368,21.8387973,-10.5616778,5.83766962,4.33853104,5.17048138,-1.91410054,-1.71214049,-8.45010343,0.998471524,-26.8211352,3.74160495,-1.17343429,-0.472438048
518,1.43651702,1.29587557,106.190443,-2.03625603,6.54135959,3.45828866,2.433952,3.16613953,-0.83417079,0,0,1.68714562,15.5602057,-19.0036934,70.2243509,-4.83371207,-9.0973313,-13.4607456,-2.17838169,-22.0027629,40.1707638,72.8480588,12.5137065,-4.15904946,21.9924971,-10.3863784,5.79715934,4.41461593,4.99705135,-1.86291723,-1.64112637,-8.42603128,0.934840201,-26.8158759,3.81479811,-1.1410513,-0.384321911
519,1.45688783,1.36792231,106.199145,-2.01929179,6.49491907,3.43334404,2.59478353,3.00442583,-0.830542359,0,0,1.5532451,15.4214675,-18.9768866,70.5304048,-5.62943978,-9.15620497,-13.4808195,-2.31254816,-21.3164279,39.9221962,73.3644621,12.2491434,-4.09102974,22.3810478,-10.2271658,5.72904357,4.47104012,4.85806383,-1.77853836,-1.60837519,-8.39156785,0.846153556,-26.8391737,3.88166267,-1.11236578,-0.292555145
520,1.48289967,1.44023383,106.207502,-2.02085148,6.48579878,3.41151342,2.66172856,2.9350087,-0.892442495,0,0,1.51865884,15.1525561,-18.7038942,70.8064674,-5.98897368,-9.0387667,-13.1361306,-2.4714856,-20.7015333,39.8931542,73.8619594,12.5349792,-3.97741168,22.5279327,-10.1582099,5.68566632,4.48474148,4.80088746,-1.73994469,-1.5130044,-8.38132342,0.78712338,-26.8461883,3.91129545,-1.06497622,-0.253569279
521,1.49763059,1.52681591,106.220877,-2.02546728,6.46804616,3.38377819,2.69706625,2.96353114,-0.90556505,0,0,1.39270684,14.8805524,-18.6251148,71.085146,-6.67486298,-9.09692234,-13.1329289,-2.69810423,-20.1924212,39.7873614,74.4295549,12.4474008,-3.99711123,22.8285805,-10.1001158,5.63978282,4.4900067,4.76997701,-1.71593605,-1.46697618,-8.39270849,0.710752046,-26.8487172,3.98368307,-1.00977293,-0.206343256
522,1.52039807,1.60682369,106.252491,-1.97046087,6.4444784,3.41183326,2.58778472,2.97068,-0.94883163,0,0,1.35375192,14.5974957,-18.4079028,71.3514687,-6.97004754,-9.07760486,-13.2694781,-2.85672192,-19.7433875,39.5789279,74.9229951,12.1477587,-4.05419325,23.0292942,-10.0617233,5.51316563,4.45635009,4.77637647,-1.55954488,-1.34755705,-8.38274922,0.563670753,-26.894085,4.0558897,-0.957616,-0.117184355
523,1.54022705,1.66788958,106.262946,-1.95049043,6.40223309,3.41225011,2.62662865,2.86149623,-0.959533576,0,0,1.18057536,14.4405413,-18.4573585,71.7502288,-7.38530511,-9.10345798,-13.1874757,-3.06630692,-19.2081824,39.4845791,75.47441,12.2134924,-4.10598401,23.2453911,-9.99341797,5.44962352,4.47960219,4.78195119,-1.53509259,-1.30578052,-8.35207399,0.475606296,-26.9182588,4.12770914,-0.935438056,-0.0258686711
524,1.5586663,1.71905886,106.270254,-1.93809726,6.36849493,3.40066142,2.72271639,2.76950809,-1.00223549,0,0,1.04785475,14.3402059,-18.5873165,72.0407441,-7.81184189,-9.01889853,-13.0109725,-3.14496893,-18.6644959,39.3200262,75.8635805,12.64598,-4.08740675,23.2134515,-9.96457408,5.40104765,4.51350853,4.83964067,-1.55128943,-1.23353761,-8.32482922,0.406977675,-26.9126102,4.17859149,-0.919936728,0.0336689006
525,1.56757683,1.77544318,106.285489,-1.92017514,6.31894787,3.38707743,2.78351147,2.71817794,-1.00864808,0,0,0.881759493,14.2405892,-18.8779359,72.3285683,-8.35835862,-8.85609414,-13.1864418,-3.28015715,-18.1671438,38.9524698,76.3092025,12.5395733,-4.11312412,23.1836479,-9.9274298,5.34266532,4.56774792,4.91130558,-1.54642793,-1.13557765,-8.28938481,0.319468198,-26.8685213,4.24230136,-0.903155487,0.0727453566
526,1.57339107,1.82999168,106.298459,-1.90942144,6.24725094,3.38793738,2.78456375,2.65966179,-0.958372124,0,0,0.668630163,14.2675053,-19.539549,72.5633628,-9.27206718,-8.79530375,-13.1432254,-3.44208024,-17.734161,38.7676961,76.6354055,12.8144381,-3.94863439,23.1321671,-9.85302855,5.29474258,4.59389602,4.95360665,-1.54118491,-1.10319689,-8.23719277,0.237065434,-26.8504333,4.33055637,-0.903241505,0.12880264
527,1.58570465,1.89757869,106.311548,-1.88646866,6.21692399,3.40946852,2.73534946,2.65587872,-0.98533088,0,0,0.515957826,14.1206136,-19.8239274,72.8291118,-9.5883775,-8.66799842,-13.0441621,-3.51024488,-17.3765716,38.4273,76.9478457,12.7951829,-3.95991017,23.236266,-9.88092646,5.22436132,4.57686152,5.09813217,-1.56327342,-1.04702905,-8.22954125,0.132858999,-26.8590444,4.42135477,-0.887400535,0.216922152
528,1.592719,1.95096359,106.319618,-1.8626993,6.16018672,3.43157169,2.75164523,2.59634167,-0.981524864,0,0,0.370571326,14.0112921,-20.0897976,73.061229,-9.7121892,-8.58218221,-13.0089354,-3.57523499,-16.9589431,38.2845183,77.2146738,13.1132793,-4.02198293,23.1750999,-9.897949,5.16451307,4.56000419,5.27588144,-1.61135422,-0.989427606,-8.21075311,0.0324088541,-26.8948073,4.54679973,-0.90731806,0.298714561
529,1.59869734,2.00824905,106.325316,-1.84483892,6.10126979,3.45222929,2.73191644,2.60274668,-0.980065338,0,0,0.242341195,13.7020912,-19.7880143,73.3826167,-9.29168604,-8.53028131,-12.9421583,-3.60089067,-16.6242006,38.0552118,77.4016366,13.3460957,-3.98210658,23.1460187,-9.91909356,5.11015971,4.54852222,5.46429861,-1.67521392,-0.938321783,-8.19661462,-0.0693122528,-26.9181648,4.68731892,-0.960333669,0.334747171
530,1.59821939,2.06026286,106.333315,-1.83517623,6.04289735,3.45205827,2.7984301,2.53313744,-0.952024103,0,0,0.0588450412,13.5517852,-19.6755074,73.7185732,-9.00652223,-8.55355433,-12.9858067,-3.65542802,-16.2279967,37.800012,77.5773842,13.4709763,-3.89452776,23.104235,-9.92528512,5.07328309,4.52840176,5.62232998,-1.72559649,-0.915754838,-8.18100593,-0.153943379,-26.9097859,4.80811892,-0.981986969,0.392995505
531,1.60116516,2.11911984,106.337559,-1.83047032,5.99773821,3.47701147,2.70447615,2.49605272,-0.939325394,0,0,-0.0277216234,13.4223351,-19.7128361,73.8626629,-9.0318904,-8.48494508,-12.8364313,-3.74684968,-15.9139754,37.805138,77.7127449,13.6512635,-3.89259994,23.343196,-9.92126726,5.03626517,4.47996505,5.72517043,-1.7546439,-0.918367279,-8.16621259,-0.231937856,-26.9159911,4.91549206,-0.988977774,0.456740353
532,1.59675479,2.17453111,106.33688,-1.81678304,5.9405076,3.4644909,2.69564024,2.46793688,-0.90495791,0,0,-0.129995122,13.349603,-19.8671488,73.9134044,-9.09111412,-8.39135612,-13.0794947,-3.83786707,-15.681363,37.8103563,77.7272386,13.751184,-3.75310869,23.3661284,-9.93014139,4.9879958,4.50240734,5.88849904,-1.8216202,-0.901363309,-8.16094566,-0.324130149,-26.8930212,5.04514911,-1.01711559,0.525525587
533,1.59124732,2.23099161,106.343579,-1.80426615,5.88501576,3.44307962,2.67488735,2.49283911,-0.874130758,0,0,-0.173668926,13.2473337,-20.0969505,73.9287586,-9.04830079,-8.30690083,-12.9132811,-3.92062335,-15.5247724,37.7215297,77.7369306,13.8411402,-3.68928271,23.5548755,-9.91193808,4.94085426,4.50329825,5.99514219,-1.84404841,-0.889919381,-8.15815297,-0.417860621,-26.8532251,5.16966218,-1.01855004,0.589025696
534,1.58934966,2.2922093,106.350875,-1.77688519,5.82820944,3.43121091,2.6034568,2.5426139,-0.857370114,0,0,-0.212739248,13.1128439,-20.2475647,73.9402743,-9.1162219,-8.26501725,-12.9204972,-3.99895666,-15.3858668,37.7995612,77.7996659,13.6593333,-3.80366277,23.5101651,-9.86386038,4.87076286,4.51270257,6.05640387,-1.85804987,-0.826244355,-8.15940716,-0.534958558,-26.8473938,5.31192221,-1.05109738,0.634643302
535,1.5861975,2.34378669,106.354618,-1.76784825,5.7696192,3.41411867,2.62898848,2.44373219,-0.812792191,0,0,-0.292803433,13.2352554,-20.6266044,73.8855235,-9.61277665,-8.20148881,-13.1198483,-4.12840881,-15.2473557,37.7585596,77.7072125,13.4343486,-3.62483603,23.7790628,-9.81482047,4.82919859,4.54160964,6.11920618,-1.89378286,-0.785184353,-8.15773633,-0.617149,-26.8645991,5.45176137,-1.07947116,0.680438279
536,1.57816056,2.40881424,106.358862,-1.74723482,5.69746887,3.35521774,2.60170635,2.42444758,-0.746360864,0,0,-0.362662448,13.2864818,-20.9397088,73.8039369,-9.88960763,-8.17856584,-13.1322237,-4.23818147,-15.1807955,37.8239996,77.5917344,13.36006,-3.68255497,23.9044378,-9.72872594,4.7691305,4.60437011,6.16029275,-1.9223497,-0.791943039,-8.15938667,-0.726088916,-26.8213145,5.6102145,-1.10720963,0.743843512
537,1.57441013,2.47187577,106.36431,-1.72151849,5.64395413,3.29636487,2.56879701,2.45106397,-0.700824313,0,0,-0.433643828,13.2122146,-21.088081,73.8121332,-10.0270609,-8.21759867,-13.0910095,-4.26572208,-15.1914848,37.8898495,77.3730933,13.2363303,-3.72072591,24.0896298,-9.66979336,4.70381724,4.66425721,6.20945048,-1.95656895,-0.797236329,-8.17499109,-0.839013554,-26.7507979,5.75042036,-1.12395459,0.816972534
538,1.57200154,2.53524352,106.366754,-1.70451176,5.60545061,3.25287131,2.52576767,2.45750676,-0.674638595,0,0,-0.477863833,13.1469949,-21.0984765,73.7776953,-10.124059,-8.25161386,-13.1187127,-4.32895255,-15.1835669,38.0220102,77.1982541,13.1632627,-3.57647381,24.0351761,-9.61511257,4.64381958,4.70137246,6.22277362,-1.97642922,-0.71832187,-8.18200399,-0.930907826,-26.7036645,5.84194874,-1.11815127,0.855427779
539,1.56147517,2.58361828,106.368148,-1.69459359,5.56717558,3.22460293,2.55282205,2.42051936,-0.649351154,0,0,-0.541400601,13.110508,-21.0806088,73.7324112,-10.1135934,-8.32496156,-13.3128617,-4.40268444,-15.1444845,38.267716,77.1129382,13.3272828,-3.72979598,24.0501001,-9.57228302,4.60176738,4.71475749,6.23889799,-1.98201375,-0.666351388,-8.18603124,-1.00295992,-26.6784542,5.92103422,-1.11259011,0.871989227
540,1.56180784,2.63474863,106.369269,-1.68792191,5.53225932,3.19928572,2.54041629,2.39463252,-0.64073391,0,0,-0.538864253,13.0821627,-21.0468762,73.6722987,-10.0395269,-8.34819018,-13.1963865,-4.45481287,-15.1413802,38.4146812,76.9372794,13.3234682,-3.64814619,23.9396679,-9.53732184,4.56526771,4.73022531,6.27771651,-2.01055113,-0.646431515,-8.18920386,-1.06896879,-26.6576956,6.00852254,-1.11673017,0.932296062
541,1.55713139,2.69813035,106.375909,-1.68759413,5.48967242,3.17264822,2.49439832,2.38204149,-0.617888101,0,0,-0.522218495,13.0192524,-20.7961519,73.5514795,-9.88569479,-8.28064473,-13.1795441,-4.5244697,-15.1558124,38.5982118,76.7948085,13.4326965,-3.62562577,24.0412704,-9.48892227,4.52601205,4.76459995,6.30108814,-2.04063406,-0.578690766,-8.19839559,-1.13880779,-26.6605813,6.11861195,-1.11499637,0.995215338
542,1.54059846,2.75141504,106.380749,-1.66984574,5.44020334,3.14487508,2.4708062,2.34424344,-0.563375827,0,0,-0.539324543,13.0521995,-20.8399436,73.4215351,-9.89743332,-8.23292988,-12.9931269,-4.60367642,-15.1551089,38.6996435,76.7010778,13.4300498,-3.5676174,24.0496596,-9.46148967,4.47416024,4.7757767,6.36622808,-2.07722915,-0.533557249,-8.20439933,-1.22615588,-26.6569767,6.22284277,-1.12643341,1.01806734
543,1.5279579,2.80909389,106.381416,-1.6494177,5.39974985,3.10629562,2.41327509,2.36649897,-0.51040627,0,0,-0.579561508,13.1164784,-21.1398743,73.2869394,-10.2245353,-8.13850934,-12.8806585,-4.71511138,-15.2366818,38.8639949,76.6139246,13.3478186,-3.49780369,23.9697037,-9.4468022,4.41541293,4.78433706,6.44246068,-2.11040145,-0.496510623,-8.22608859,-1.32068079,-26.6345617,6.33410997,-1.14253633,1.04507337
544,1.51642039,2.84827724,106.385016,-1.6316688,5.36801146,3.08299163,2.40655782,2.28277771,-0.488284728,0,0,-0.651559119,13.2075436,-21.1766412,73.2865569,-10.286667,-8.18730848,-12.818467,-4.79235314,-15.264105,38.9597064,76.5146478,13.2718618,-3.41478168,23.8413285,-9.44430747,4.37662471,4.77618181,6.5143783,-2.12373633,-0.474054882,-8.23514798,-1.38833061,-26.6181488,6.4065151,-1.15017792,1.045023
545,1.5010925,2.89125852,106.392622,-1.61230802,5.31914467,3.04453231,2.40879769,2.22897354,-0.45182219,0,0,-0.685534081,13.2338723,-21.0673941,73.2932369,-10.2618017,-8.27776409,-12.8346725,-4.89331913,-15.3216187,39.0915051,76.4749917,13.3369723,-3.32563298,23.9165545,-9.42202313,4.33139136,4.81504602,6.59195046,-2.14109056,-0.437825585,-8.24023477,-1.46857946,-26.5670624,6.50695431,-1.15934019,1.07862177
546,1.48931481,2.93166153,106.399965,-1.60441512,5.26765441,3.00989725,2.40468208,2.22185798,-0.412194099,0,0,-0.707042613,13.1997649,-20.804705,73.2744402,-10.0827756,-8.26840588,-12.9753095,-5.00958261,-15.3850438,39.078316,76.5375426,13.1905254,-3.39374341,23.8473681,-9.40543345,4.3001744,4.86019741,6.68695498,-2.17494247,-0.409981278,-8.23512237,-1.53190802,-26.5266703,6.59875077,-1.15569629,1.11587127
547,1.47520062,2.96406355,106.405461,-1.59757498,5.22674202,2.98691256,2.37994249,2.19309199,-0.370442753,0,0,-0.74662516,13.1434261,-20.4765605,73.339928,-9.61689781,-8.47294614,-12.9023981,-5.09890441,-15.4443281,39.1830058,76.5164919,13.3796806,-3.42435846,23.7205247,-9.42399705,4.27518616,4.88087324,6.81333354,-2.21603225,-0.375313666,-8.23306734,-1.58616704,-26.4951763,6.66642386,-1.14983172,1.14494771
548,1.45526985,3.01607698,106.406915,-1.5986365,5.18764757,2.96528821,2.27691891,2.295068,-0.331939109,0,0,-0.768381074,13.0275237,-20.2322583,73.4090154,-9.5981831,-8.58776248,-12.8386093,-5.18659635,-15.6153953,39.266416,76.4860771,13.434165,-3.30518105,23.7162592,-9.44238563,4.24949397,4.87775782,6.92855072,-2.2736814,-0.352877134,-8.23886275,-1.64232187,-26.4682552,6.74019161,-1.14973161,1.14795897
549,1.43749174,3.0542193,106.411564,-1.58434597,5.15762548,2.94527373,2.26790177,2.2674512,-0.306017181,0,0,-0.821150048,13.1523736,-20.4855883,73.3643118,-9.96337709,-8.50119922,-12.764126,-5.23861764,-15.7135878,39.2675362,76.4320093,13.3361791,-3.25736332,23.3974721,-9.45567376,4.21325854,4.86175853,7.01431528,-2.2916973,-0.325374737,-8.24274998,-1.69972374,-26.4442334,6.78884006,-1.1388682,1.15500121
550,1.41136944,3.095874,106.414008,-1.57761905,5.11783664,2.93066076,2.23727371,2.26953867,-0.240414148,0,0,-0.923383839,13.1776257,-20.532761,73.43079,-10.0462375,-8.53073637,-12.7884996,-5.33629062,-15.8252017,39.2934328,76.4261627,13.259039,-3.20343898,23.250104,-9.48016596,4.18428317,4.84195056,7.12724392,-2.31708298,-0.288847526,-8.24471025,-1.75750746,-26.407417,6.8517858,-1.13509836,1.17381635
551,1.39018949,3.14140841,106.413519,-1.5611866,5.08135064,2.90991336,2.16538981,2.269347,-0.217795616,0,0,-0.953202738,13.2343231,-20.5184074,73.4707057,-10.3597808,-8.59468743,-12.7184551,-5.39051848,-15.9639279,39.4219394,76.3655379,13.4417474,-3.25373393,23.1468212,-9.51279805,4.14143654,4.82788848,7.26462421,-2.36354299,-0.278194299,-8.2502538,-1.82903715,-26.3691013,6.91846851,-1.1349513,1.22722875
552,1.36036193,3.17210034,106.415367,-1.53874024,5.03477866,2.87365693,2.17507758,2.15569223,-0.145299948,0,0,-1.04416314,13.4792059,-20.5473025,73.4477699,-10.119096,-8.45146178,-12.7737797,-5.44314765,-16.0190715,39.5457981,76.2822369,13.6433131,-3.29246878,22.9478595,-9.52949359,4.10010962,4.83029057,7.38567053,-2.39438706,-0.252263672,-8.26763492,-1.89947091,-26.3535814,7.01100093,-1.14667329,1.24014944
553,1.3382758,3.21477391,106.418633,-1.52854421,4.99440956,2.8313264,2.13240896,2.14972563,-0.10877972,0,0,-1.04460348,13.3706818,-20.0056924,73.5680563,-9.45768952,-8.49905539,-12.7408368,-5.49119419,-16.174431,39.7050815,76.197604,13.571346,-3.2051207,22.7553148,-9.5232175,4.06558088,4.84745782,7.46557435,-2.42704924,-0.197085082,-8.27803218,-1.95945235,-26.3278896,7.08404126,-1.13073643,1.2727096
554,1.3167087,3.23816128,106.420016,-1.49497289,4.94694439,2.79921007,2.18362855,2.06150733,-0.0607131447,0,0,-1.06719379,13.4997852,-20.3224424,73.5019606,-10.0139896,-8.43642085,-12.5896523,-5.47513684,-16.225905,39.6287644,76.0992698,13.7163381,-3.20264091,22.5737206,-9.52017465,4.01521208,4.87158077,7.56525669,-2.46521121,-0.174410695,-8.27656625,-2.0322039,-26.3096684,7.15529251,-1.16858475,1.27797941
555,1.28870178,3.27462777,106.423783,-1.4892348,4.89232669,2.77070565,2.19866607,2.03400024,0.0148685898,0,0,-1.12283294,13.6982714,-20.6313121,73.4662455,-10.3852924,-8.47889694,-12.5796076,-5.49403768,-16.3557366,39.5117462,75.9719824,13.3853497,-3.25648009,22.4731085,-9.50558281,3.99153224,4.8915198,7.65321928,-2.49628025,-0.17306272,-8.2664977,-2.08563348,-26.2728059,7.23003784,-1.15462982,1.33420318
556,1.26264179,3.30679268,106.419539,-1.48391916,4.84986797,2.72843664,2.21627259,1.9927047,0.0584082693,0,0,-1.19125596,13.9820171,-20.9358976,73.4522778,-10.4335776,-8.44142738,-12.7191962,-5.5382734,-16.4709978,39.5300238,75.8781151,13.3102133,-3.15884019,22.5894624,-9.52190867,3.9712278,4.89671416,7.77670483,-2.55862067,-0.150508768,-8.27423459,-2.13274364,-26.2395975,7.3003017,-1.15737321,1.37646486
557,1.2332947,3.34192663,106.416142,-1.48257388,4.81351047,2.68393897,2.18896976,1.97657457,0.103444302,0,0,-1.21862848,13.9765538,-20.6639928,73.5556322,-10.2252278,-8.46353499,-12.5832592,-5.60309787,-16.572216,39.5911437,75.825591,13.2186376,-3.13923434,22.5643154,-9.55217409,3.95491944,4.88768977,7.90234531,-2.64301384,-0.115271408,-8.29127165,-2.17428678,-26.2021834,7.36569564,-1.16684316,1.38929473
558,1.20550115,3.37827802,106.416333,-1.4791209,4.77295282,2.63069947,2.16993104,1.95210456,0.145163198,0,0,-1.21565521,14.0270664,-20.686208,73.5714783,-10.4880389,-8.50046156,-12.4814971,-5.61689614,-16.6921525,39.7087493,75.7053386,13.2615918,-3.26762077,22.493401,-9.58883854,3.93956902,4.89418144,8.06190877,-2.74546305,-0.105647765,-8.30235363,-2.21893145,-26.1350819,7.42908492,-1.1712259,1.39459283
559,1.17100449,3.41701917,106.411302,-1.4785297,4.72531825,2.60152143,2.1186758,1.95845835,0.207277525,0,0,-1.21213414,14.0585502,-20.4193167,73.5926792,-10.0414735,-8.49194431,-12.5016786,-5.64117703,-16.8995751,39.8584022,75.5472676,13.1886966,-3.32471581,22.487124,-9.63728337,3.924768,4.88329199,8.24590126,-2.85938783,-0.110751677,-8.31142497,-2.26797114,-26.103617,7.51375792,-1.18048102,1.43378573
560,1.13774864,3.45468,106.403804,-1.46721567,4.68177363,2.56758002,2.07951,1.94505303,0.272040992,0,0,-1.21355119,14.1438396,-20.4600861,73.5646617,-10.2368169,-8.53036754,-12.4847568,-5.70516566,-17.0953778,40.0378517,75.4161689,13.2085477,-3.28969743,22.5859193,-9.65275716,3.89661182,4.85463763,8.36208278,-2.92881372,-0.135625399,-8.32628234,-2.32806592,-26.0842568,7.5963349,-1.19381611,1.50006439
561,1.10388398,3.50327566,106.39962,-1.48540661,4.64755095,2.53423767,2.05984568,1.98641879,0.323995199,0,0,-1.26653671,14.2257029,-20.38639,73.6394865,-10.2649504,-8.62107928,-12.6850922,-5.72213441,-17.2349698,39.9937356,75.2920029,13.2288513,-3.28612994,22.4668315,-9.70531547,3.8944014,4.84185109,8.51931032,-3.03074575,-0.0954211378,-8.34326817,-2.35212441,-26.074061,7.65736008,-1.18202763,1.50475257
562,1.06937848,3.53807062,106.395543,-1.48847794,4.62227572,2.48974572,2.03978605,1.97825266,0.350110348,0,0,-1.2283171,14.312442,-20.415099,73.5840868,-10.3074871,-8.35171968,-12.4796444,-5.79205847,-17.3479326,40.1224573,75.2561171,13.0670552,-3.2487957,22.4481936,-9.79142537,3.88780728,4.82268857,8.71589768,-3.13700898,-0.0613885663,-8.36204351,-2.37855532,-26.0410268,7.68788932,-1.1836641,1.48070945
563,1.0354232,3.56421545,106.396794,-1.48630561,4.57079435,2.43650028,2.1107784,1.92792292,0.411009942,0,0,-1.25698511,14.3744422,-20.3312585,73.6754406,-10.1952816,-8.46925955,-12.4319142,-5.80435836,-17.423594,39.9956173,75.1955948,12.9350421,-3.24399643,22.357154,-9.81188093,3.88133013,4.83172107,8.86050986,-3.2095426,-0.0636768464,-8.36423258,-2.41569298,-25.9859738,7.75225873,-1.19107603,1.47587848
564,1.00317914,3.60075235,106.395829,-1.47486503,4.53493521,2.40796619,2.07439633,1.94555078,0.462343456,0,0,-1.30534125,14.4761317,-20.2276052,73.7506683,-10.0754195,-8.55208327,-12.7771965,-5.87736156,-17.5603327,40.0942725,75.1655351,13.0291937,-3.22913863,22.3035132,-9.88035187,3.85356029,4.82428171,9.05785622,-3.29142569,-0.0644648062,-8.38431761,-2.47146959,-25.9646602,7.82790478,-1.19147549,1.52969023
565,0.965630449,3.6429286,106.393421,-1.48322039,4.47906089,2.34688781,2.08971174,1.97673892,0.544221255,0,0,-1.29182826,14.3673046,-19.8695992,73.8567343,-9.85005059,-8.53930484,-12.6364749,-5.95426864,-17.7252425,40.1570659,75.1381802,13.1511741,-3.29892203,22.3591109,-9.92692181,3.851533,4.85311237,9.2608725,-3.40214241,-0.0453450323,-8.39666147,-2.50748902,-25.9246643,7.91725817,-1.18985225,1.56264376
566,0.931215659,3.68472114,106.387472,-1.50153029,4.42799369,2.27532824,2.08334665,1.99469698,0.606644595,0,0,-1.24706095,14.3827323,-19.7814556,73.8702649,-9.80308792,-8.61780165,-12.491441,-5.98963365,-17.8710687,40.1654772,75.0718045,13.1309857,-3.36242209,22.5175115,-9.96718407,3.86144275,4.87052465,9.44653582,-3.53531232,-0.00818974199,-8.40936562,-2.5295945,-25.8640088,7.99086285,-1.19790387,1.53730077
567,0.884860195,3.7163306,106.382954,-1.50803803,4.37674034,2.21512423,2.07784408,1.99160461,0.681081758,0,0,-1.24984511,14.4393665,-19.5399093,73.9125506,-9.46552545,-8.62329995,-12.5912582,-5.98428774,-17.9989384,40.0417893,74.9394354,12.8313129,-3.24399429,22.3907296,-10.0165766,3.85887759,4.89591588,9.62826239,-3.65888794,0.02997721,-8.42561891,-2.56191431,-25.8033789,8.06064946,-1.21000654,1.5088779
568,0.846504141,3.75509523,106.373346,-1.52421215,4.3258178,2.15192613,2.05069941,2.02879393,0.757990275,0,0,-1.23093445,14.4967726,-19.4748859,73.9165258,-9.51305418,-8.53424367,-12.555398,-6.03934675,-18.1579691,40.0794852,74.8543107,12.7878942,-3.17748447,22.3102067,-10.0401066,3.86551226,4.9439526,9.77806979,-3.78217158,0.0301561056,-8.43982826,-2.58356025,-25.7480442,8.140263,-1.22546945,1.51174935
569,0.808664598,3.79270613,106.3694,-1.55320561,4.2688658,2.09881645,2.04651613,2.0272518,0.837911652,0,0,-1.21818665,14.6140435,-19.6264291,73.9189846,-9.76594193,-8.56668878,-12.5188907,-6.13527121,-18.2305416,40.1385595,74.855103,12.971208,-3.24766274,22.40112,-10.072328,3.89009582,4.97804677,9.95999273,-3.93248696,0.0253424681,-8.45160948,-2.59185957,-25.711547,8.23739512,-1.22500745,1.53853106
570,0.772148464,3.82297337,106.363511,-1.55384263,4.21555586,2.02990469,2.06963462,1.98668218,0.906085425,0,0,-1.22585151,14.7091846,-19.5776888,74.0035014,-9.7474509,-8.71925728,-12.7669606,-6.17640859,-18.265087,40.1967219,74.8359922,13.1096627,-3.28187943,22.3491883,-10.0838642,3.88702992,5.00370182,10.0932984,-4.06546392,0.0380430264,-8.48622403,-2.63630596,-25.6487264,8.3600969,-1.26784309,1.5295691
571,0.732219964,3.85653377,106.351924,-1.57933459,4.16666052,1.96968611,2.07016075,1.98819742,0.976904668,0,0,-1.17173048,14.7212177,-19.4144883,73.9774784,-9.66259093,-8.58537447,-12.530835,-6.20610966,-18.2897388,40.0424177,74.8440108,12.9315502,-3.28684754,22.2387442,-10.1067043,3.90912302,4.99289817,10.2345962,-4.23606369,0.0925947335,-8.51069318,-2.64731217,-25.5954116,8.44961165,-1.29827233,1.48957013
572,0.701214885,3.8940873,106.345046,-1.58990353,4.11684219,1.93212444,2.07784258,1.98156851,1.02410682,0,0,-1.11041438,14.8002379,-19.4546925,73.9385736,-9.6500729,-8.56712506,-12.3533866,-6.21398274,-18.3795336,39.9140443,74.7804901,12.8180248,-3.24057109,22.1508414,-10.1361211,3.9094133,4.98037416,10.3949204,-4.3851744,0.127726152,-8.52834922,-2.68206588,-25.5779332,8.55252724,-1.32430271,1.48569624
573,0.658044498,3.9261058,106.334519,-1.59910244,4.05758786,1.86110802,2.12885044,1.95369023,1.12568028,0,0,-1.14629517,14.8573314,-19.3176635,74.0567837,-9.45614077,-8.73211938,-12.5732675,-6.27903389,-18.411919,39.803467,74.779206,12.8530218,-3.31015983,22.1977357,-10.166746,3.91595748,4.98998637,10.5782666,-4.5394338,0.123685561,-8.56094288,-2.71769278,-25.5035097,8.67955339,-1.35626736,1.5121041
574,0.622187601,3.98104452,106.328392,-1.62372367,3.99634706,1.8020193,2.04833318,2.05360544,1.20555411,0,0,-1.0751912,14.7825169,-19.1802128,74.065178,-9.41379189,-8.64138544,-12.4823807,-6.28214802,-18.5890855,39.8449467,74.6404302,12.9539003,-3.32345991,22.1284571,-10.1932608,3.92534259,4.98342896,10.7661395,-4.69216451,0.145330084,-8.59777297,-2.75784277,-25.4446062,8.83846115,-1.37570287,1.55604985
575,0.584042864,4.02580053,106.323183,-1.62280276,3.94429761,1.74316129,2.03905586,2.07966667,1.26847765,0,0,-1.00866526,14.8083504,-19.1730172,73.996077,-9.44674329,-8.57875004,-12.5188531,-6.2458063,-18.7148754,39.7356842,74.4969143,12.93095,-3.30452321,22.1636036,-10.2335145,3.90999472,4.97595119,10.9432232,-4.79541989,0.191927955,-8.6335273,-2.81475319,-25.3818231,8.95900204,-1.41391895,1.54816056
576,0.551081309,4.07685973,106.31448,-1.62474409,3.89057393,1.68569808,1.94073998,2.18326442,1.32578646,0,0,-0.933430514,14.7195802,-19.0234924,73.9957901,-9.42021142,-8.60125039,-12.5585151,-6.27384806,-18.887517,39.8418321,74.4236195,13.0015084,-3.29048803,22.1698242,-10.2797506,3.89360227,4.96485042,11.1417717,-4.89011406,0.24313878,-8.66623623,-2.87653993,-25.3321744,9.08759401,-1.43931637,1.55935289
577,0.520292483,4.10837047,106.306601,-1.61536587,3.82805716,1.62199006,1.97146388,2.13031124,1.40417313,0,0,-0.938191796,14.8153616,-19.1178583,74.0419485,-9.37044751,-8.61764455,-12.5724189,-6.2904467,-18.9187173,39.8831582,74.3804254,13.2066386,-3.43715482,22.0847849,-10.294707,3.87699936,4.9857794,11.3098729,-4.9677524,0.244760896,-8.69063195,-2.93949315,-25.2653035,9.22380677,-1.46465146,1.60228447
578,0.49912408,4.13812175,106.310058,-1.62421331,3.76832082,1.55831225,2.02037423,2.06096817,1.46514569,0,0,-0.90910725,14.9662405,-19.2756152,74.0064998,-9.40631881,-8.5984022,-12.4601186,-6.24699774,-18.9072289,39.6500541,74.2828698,13.0737556,-3.49903355,22.0252495,-10.2920159,3.88308335,5.03281721,11.4452908,-5.02843649,0.216212453,-8.70503853,-2.9735284,-25.2108122,9.34357669,-1.46364689,1.62608192
579,0.464393524,4.16885726,106.304038,-1.63319155,3.71408422,1.50752117,2.07624901,2.02739267,1.55650726,0,0,-0.887910185,15.0357155,-19.4274964,73.9373715,-9.57141302,-8.54632543,-12.4030566,-6.27147842,-18.9396945,39.6848983,74.2022326,13.1666521,-3.52351914,22.0152758,-10.304843,3.886358,5.043296,11.5783275,-5.11090505,0.227505597,-8.73121438,-3.00764755,-25.1740692,9.46421662,-1.49799047,1.63811351
580,0.436569098,4.18618992,106.299543,-1.61358956,3.67088001,1.4595165,2.10662265,1.94171862,1.60848724,0,0,-0.85374275,15.072607,-19.288543,73.9610244,-9.43704015,-8.56675794,-12.5609894,-6.25512737,-18.9422353,39.6044523,74.0992402,13.1868746,-3.4390312,22.0858128,-10.3259329,3.86154136,5.0645413,11.7045742,-5.16525031,0.234280985,-8.75705811,-3.06446682,-25.1134103,9.5603447,-1.54225864,1.60432051
581,0.411711354,4.21236157,106.290948,-1.60998816,3.6301969,1.40990231,2.1162084,1.89716636,1.6508262,0,0,-0.807628515,15.1398912,-19.2430642,73.9567692,-9.34832709,-8.61973288,-12.6787606,-6.18983973,-18.9317527,39.5346615,73.9796982,13.1844695,-3.36555885,22.0589617,-10.3205892,3.84808205,5.08380073,11.7860387,-5.22081902,0.252263512,-8.77534594,-3.10168154,-25.0700898,9.64319831,-1.55856326,1.64717738
582,0.389198749,4.24374603,106.288362,-1.5940173,3.57973155,1.35419438,2.14072216,1.83191949,1.70506847,0,0,-0.777107067,15.2295989,-19.1945101,73.9635038,-9.16990718,-8.64478004,-12.8108727,-6.17301484,-18.9527197,39.5050867,73.8858992,13.2003267,-3.37712322,22.0051603,-10.2953448,3.81781278,5.13700619,11.8598252,-5.25305324,0.243525085,-8.79453962,-3.16409388,-25.0223588,9.7518615,-1.56789191,1.69141823
583,0.378831429,4.28712927,106.28792,-1.59395432,3.54194852,1.29890071,2.06128471,1.87104644,1.73381268,0,0,-0.670389364,15.2282244,-19.2812569,73.8906803,-9.43680365,-8.60962762,-12.6890768,-6.15983769,-19.0173367,39.5760387,73.8075228,13.103303,-3.38883976,21.8780897,-10.2799359,3.79744772,5.19012159,11.9392168,-5.32550447,0.251213984,-8.82299931,-3.21682892,-24.9744177,9.86462024,-1.58284821,1.72288982
584,0.357754389,4.32927832,106.287622,-1.58828433,3.51379663,1.25883032,1.99037155,1.92472319,1.76587401,0,0,-0.575012815,15.1490454,-19.1778991,73.8249261,-9.35322263,-8.5562753,-12.495493,-6.12298754,-19.0575187,39.6286244,73.7319058,13.0954969,-3.31667988,21.7882744,-10.2897884,3.76659405,5.21238715,12.0206386,-5.39644154,0.309178891,-8.86804356,-3.27620461,-24.9459084,9.97372397,-1.60742568,1.68932915
585,0.344196847,4.37784046,106.280506,-1.58835948,3.48588243,1.22764627,1.87339325,2.04406047,1.80106411,0,0,-0.481294989,15.0533681,-19.110842,73.7660635,-9.26768219,-8.55970918,-12.4698217,-6.20808956,-19.2341252,39.8009364,73.7081094,13.0925258,-3.2470555,21.8434316,-10.3021331,3.73782913,5.22136116,12.1171475,-5.48924502,0.366245122,-8.89785819,-3.32967218,-24.9265602,10.0668963,-1.62431237,1.72672454
586,0.326557946,4.39711884,106.27439,-1.54878449,3.46027372,1.21594249,1.88330471,1.88661308,1.82690058,0,0,-0.502694452,15.191285,-19.0920009,73.8461338,-9.20543356,-8.64468442,-12.6289685,-6.16063853,-19.1385008,39.7214159,73.6587408,13.0779442,-3.28408281,21.8752842,-10.3109637,3.67778153,5.22168005,12.1893289,-5.51502813,0.398675581,-8.92588587,-3.41288352,-24.9133728,10.1582467,-1.64434841,1.77958978
587,0.313078263,4.42233756,106.270325,-1.54548972,3.43030098,1.22050487,1.8743292,1.79579782,1.85903769,0,0,-0.504269878,15.3186902,-19.1114652,73.8626766,-9.11926389,-8.61880995,-12.7282863,-6.08878494,-19.0463889,39.493571,73.5874404,12.9250188,-3.30755966,21.7859026,-10.3301762,3.65983563,5.20400138,12.2845358,-5.57525162,0.386001818,-8.93118951,-3.45335752,-24.9164857,10.2263582,-1.64251792,1.83660585
588,0.291137747,4.45941351,106.273246,-1.5559648,3.39854382,1.24401196,1.82663847,1.79229649,1.91678309,0,0,-0.495111342,15.3150429,-18.9625091,73.8574036,-8.95182778,-8.56037256,-12.8572497,-6.05117877,-18.986063,39.4872019,73.573582,12.9820765,-3.32862951,21.7054328,-10.3672769,3.65204964,5.14521992,12.400818,-5.64184212,0.449303984,-8.94153383,-3.48904931,-24.9367457,10.3076733,-1.64655104,1.86382266
589,0.284605031,4.48833629,106.279433,-1.569611,3.37337854,1.25600622,1.83281979,1.74575815,1.9430123,0,0,-0.476950135,15.4205539,-18.9847208,73.8444878,-8.83307043,-8.55763536,-12.9261911,-5.98465743,-18.9950908,39.4711509,73.4542312,13.0235639,-3.29881552,21.6233236,-10.3889354,3.65044369,5.11954524,12.4949082,-5.69900867,0.509255009,-8.94558328,-3.51022183,-24.9580952,10.3713947,-1.62135767,1.85080688
590,0.276536425,4.50781211,106.273115,-1.56052096,3.35134565,1.27089092,1.7939637,1.67891685,1.96599205,0,0,-0.414284911,15.4933877,-19.0343968,73.7701343,-8.85431402,-8.54012874,-12.8117948,-5.9231059,-18.9448615,39.3318117,73.4270266,13.0003396,-3.29042592,21.7390766,-10.4198924,3.6265359,5.08665361,12.6005763,-5.75606807,0.514396648,-8.93864551,-3.54919916,-24.9730721,10.4094653,-1.63537503,1.87453218
591,0.26225734,4.53617945,106.270278,-1.54381943,3.31585106,1.30555066,1.72770329,1.66083574,2.01548338,0,0,-0.400563941,15.4839176,-18.9991189,73.7889447,-8.75037818,-8.57641326,-12.7409819,-5.86758414,-18.9205649,39.2575095,73.3996444,12.8865205,-3.35722154,21.7647939,-10.4829871,3.58896004,5.02283787,12.7789219,-5.81238469,0.510212196,-8.9265262,-3.61077737,-25.0042656,10.4695078,-1.65542665,1.91490052
592,0.242110295,4.58102711,106.270111,-1.54446497,3.28207888,1.35232218,1.61981565,1.71019741,2.08325722,0,0,-0.395107954,15.4055463,-18.7441513,73.8259643,-8.3648584,-8.60260362,-12.6118589,-5.80192852,-18.9495676,39.2092747,73.3176001,12.8391292,-3.3640703,21.5684687,-10.5439355,3.56300233,4.9234996,12.9330059,-5.86314708,0.531692127,-8.91787235,-3.66059848,-25.0575786,10.5310136,-1.6511501,1.94053785
593,0.233405642,4.64181677,106.27023,-1.56688786,3.25799007,1.38949651,1.46743754,1.86688728,2.11006336,0,0,-0.397958651,15.3155005,-18.7896609,73.8503412,-8.60576173,-8.53876441,-12.5836263,-5.7626639,-19.0912291,39.3905137,73.2434175,13.0893267,-3.32589509,21.6312176,-10.5850515,3.55088003,4.8488768,13.0478973,-5.92397248,0.594223256,-8.90922021,-3.69297272,-25.0824883,10.5790802,-1.62650785,1.95585861
594,0.21651031,4.67164814,106.259835,-1.58579313,3.21581652,1.43505347,1.49184928,1.81676116,2.17789866,0,0,-0.464346836,15.4046259,-18.8054062,73.8949219,-8.54448981,-8.58873065,-12.6774791,-5.68818965,-19.0698813,39.3150572,73.1690435,13.0232677,-3.3122187,21.5236114,-10.6370199,3.55422255,4.78682581,13.2132707,-6.00066526,0.610333218,-8.89648873,-3.72174361,-25.1036124,10.6646557,-1.63935511,2.00435338
595,0.200011279,4.69859317,106.246233,-1.59454267,3.16924814,1.48410962,1.5035939,1.73086054,2.25458077,0,0,-0.52982263,15.5385386,-18.9647306,73.8841575,-8.65503728,-8.56000117,-12.6747154,-5.61081471,-18.9782561,39.3942635,73.1182884,13.2645168,-3.25084625,21.4705152,-10.715573,3.55113296,4.70015455,13.4376544,-6.08820096,0.604143786,-8.87892576,-3.75757564,-25.1608391,10.7526089,-1.67885911,2.02474
596,0.17813968,4.73520905,106.244302,-1.60402785,3.12598547,1.55481896,1.4719364,1.66462105,2.34629143,0,0,-0.612549401,15.6325511,-18.8540354,73.908835,-8.29032567,-8.54208217,-12.7983598,-5.53814107,-18.9093941,39.2109481,73.0596444,12.9451124,-3.20791552,21.5456678,-10.8044389,3.54149513,4.57170559,13.6559609,-6.1461692,0.630560716,-8.84793206,-3.79433102,-25.2324776,10.8042203,-1.67728923,2.03936301
597,0.153896178,4.77053076,106.239021,-1.60392528,3.08695298,1.59901414,1.5069965,1.61631133,2.4315339,0,0,-0.700893255,15.7220334,-18.8548806,73.9263203,-7.98018129,-8.50574898,-12.7563798,-5.41404592,-18.8905684,39.0552607,72.9595343,12.8878447,-3.24381671,21.6656555,-10.869779,3.52057725,4.47140981,13.824477,-6.20509325,0.639818611,-8.84534342,-3.8430879,-25.2761396,10.883261,-1.7045959,2.03376353
598,0.148828782,4.79960516,106.227183,-1.61411547,3.05172937,1.63723912,1.5402337,1.5492631,2.46816442,0,0,-0.751707195,15.8800566,-19.15037,73.8958986,-8.34659703,-8.50519061,-12.7392992,-5.27399033,-18.8809259,39.0916315,72.8344257,12.888041,-3.23885415,21.5075434,-10.9056674,3.51569132,4.38901254,13.960525,-6.27427709,0.644151032,-8.82373953,-3.8741294,-25.2883349,10.9472846,-1.73407201,2.07722979
599,0.129072589,4.83336151,106.222653,-1.62276611,2.99389626,1.66556584,1.54084084,1.50914278,2.56996262,0,0,-0.801632196,15.8868236,-19.0841667,73.8958644,-8.33566019,-8.49513572,-12.5021985,-5.20473947,-18.8265285,39.0630164,72.8170292,12.860115,-3.21819218,21.4950817,-10.9652548,3.50694974,4.35468444,14.1797886,-6.33829773,0.671249327,-8.8073505,-3.91993009,-25.3150665,11.0510173,-1.74766227,2.12684428
600,0.103235862,4.87169921,106.214273,-1.61835908,2.94475899,1.68931749,1.57459019,1.44062563,2.6818614,0,0,-0.866712212,15.9395168,-18.9167058,73.8913702,-8.18411793,-8.51942131,-12.6760729,-5.14830247,-18.7399815,39.0257816,72.8326704,12.7369214,-3.22229051,21.4709882,-11.0330564,3.48045117,4.28556591,14.386436,-6.3975462,0.684896792,-8.79841405,-3.97725971,-25.327506,11.1329932,-1.77066027,2.15969941
601,0.0811808161,4.93494608,106.209671,-1.65452634,2.89853652,1.74552434,1.54139056,1.45863834,2.77063123,0,0,-0.968949952,16.0722667,-18.8595166,73.9137186,-7.83935303,-8.44347558,-12.8935479,-5.08494393,-18.7097545,39.0966005,72.8740545,12.7197494,-3.28145019,21.3486698,-11.1067303,3.48351921,4.1810098,14.588946,-6.47700692,0.728408512,-8.79659978,-4.0113082,-25.3868381,11.2451731,-1.77334496,2.19224228
602,0.0712836278,4.98933867,106.204605,-1.65396922,2.86701013,1.77857116,1.52257083,1.51279555,2.80394313,0,0,-0.999942789,16.1005061,-19.1667573,73.8657023,-8.26744795,-8.45219688,-12.6373654,-4.95852481,-18.7921163,39.1963622,72.8307784,12.7301578,-3.33111976,21.2778015,-11.1551691,3.44985384,4.13266572,14.7360904,-6.51496612,0.72221225,-8.78124381,-4.06911721,-25.4156889,11.3001757,-1.77536712,2.22748456
603,0.0532486185,5.04622422,106.190383,-1.6854115,2.80867519,1.79370267,1.52428371,1.56980842,2.90587559,0,0,-1.06509511,16.1858083,-19.7143814,73.7626484,-8.93736998,-8.35359029,-12.3593776,-4.88535897,-18.8378222,39.1762609,72.7974812,12.705453,-3.28863811,21.3470954,-11.2274624,3.4575694,4.12426117,14.9854163,-6.61267667,0.737110493,-8.76528507,-4.10047205,-25.4297266,11.4062136,-1.78010429,2.2794512
604,0.0330797484,5.08584939,106.17981,-1.67249634,2.75918888,1.8226594,1.51964046,1.53550283,3.01530611,0,0,-1.14148288,16.1444396,-19.2841136,73.8415918,-8.44139238,-8.47600436,-12.5248884,-4.83650946,-18.828651,39.1996953,72.8305735,12.5836981,-3.36176191,21.3156492,-11.2942856,3.41699786,4.06508527,15.1927415,-6.63462762,0.759550066,-8.75594905,-4.17491386,-25.450516,11.5013658,-1.80572208,2.35703318
605,0.0181699477,5.12066819,106.188416,-1.66686605,2.72076965,1.86749541,1.53986818,1.42149459,3.09576318,0,0,-1.17230059,16.2931004,-19.1152884,73.7720673,-8.10844371,-8.46228251,-12.5521247,-4.7590645,-18.747271,39.2303697,72.840006,12.6755948,-3.29103124,21.3101817,-11.4144883,3.39351418,3.98039007,15.4638369,-6.65054708,0.696118313,-8.74761622,-4.23396981,-25.4780229,11.5806711,-1.79446508,2.40237859
606,-0.012513189,5.17310128,106.192267,-1.66665129,2.66347499,1.93455527,1.51132674,1.37818703,3.21182218,0,0,-1.21656074,16.4989349,-19.3548283,73.6393157,-8.2003772,-8.35279202,-12.6211266,-4.64449875,-18.7172404,39.2954887,72.8227871,12.5745712,-3.40059068,21.1529678,-11.4872461,3.35747426,3.8684454,15.6707677,-6.63594755,0.73460915,-8.72876832,-4.30670193,-25.5480579,11.6803799,-1.79173706,2.44398213
607,-0.0315852842,5.22040054,106.191599,-1.6562624,2.61079999,1.96007651,1.5177612,1.34074009,3.31673388,0,0,-1.31195842,16.5080447,-19.4165066,73.6863279,-8.32379957,-8.46471918,-12.3635662,-4.54086131,-18.778625,39.3000445,72.7375805,12.3974883,-3.3232469,21.2434934,-11.566291,3.32232696,3.84234341,15.908209,-6.62522715,0.647431177,-8.71836423,-4.38133925,-25.5784557,11.7830351,-1.80325852,2.49481261
608,-0.0573039171,5.29018976,106.17131,-1.68484947,2.55449745,1.9943566,1.51312521,1.35197608,3.43491558,0,0,-1.39933917,16.6690306,-19.4089302,73.632465,-8.08012659,-8.44749771,-12.5812674,-4.4953842,-18.8230417,39.3985085,72.7175885,12.4155064,-3.37926085,21.1781695,-11.6194256,3.3138778,3.79838175,16.1047818,-6.68778442,0.67707137,-8.71584048,-4.43161713,-25.6012463,11.910898,-1.83174937,2.56117622
609,-0.0776913192,5.33511788,106.161535,-1.68581354,2.55488243,2.05574736,1.52175366,1.26746839,3.4945935,0,0,-1.46704619,16.7600531,-19.2082968,73.6272126,-7.88809412,-8.48078293,-12.6089723,-4.4321422,-18.789,39.4541096,72.7288037,12.5091363,-3.44597942,21.2856391,-11.7655814,3.28327748,3.69806036,16.3272086,-6.7146245,0.643296565,-8.77571818,-4.49880442,-25.6223345,12.0343272,-1.85867569,2.60800165
610,-0.0926854555,5.3815905,106.15567,-1.68937235,2.54252364,2.1052094,1.55371094,1.17466138,3.56779499,0,0,-1.60598964,16.9325666,-19.4793478,73.6682006,-7.87858991,-8.49391482,-12.4115269,-4.30117289,-18.7409821,39.3648459,72.7048707,12.4388511,-3.43355723,21.3475701,-11.8358956,3.25120441,3.63824924,16.4503808,-6.72677071,0.657491885,-8.81021661,-4.55923579,-25.6358668,12.1367697,-1.87431533,2.65849127
611,-0.11980253,5.43952733,106.149411,-1.69861479,2.49923499,2.17359791,1.48144071,1.17766943,3.68666077,0,0,-1.65266534,17.0249654,-19.5037315,73.5681998,-8.05842623,-8.48075988,-12.4633023,-4.24080426,-18.796783,39.3572951,72.7174997,12.3966858,-3.44834523,21.3321237,-11.8976201,3.21675913,3.57606528,16.6133321,-6.75126676,0.664980441,-8.80339326,-4.62249829,-25.7148426,12.2332521,-1.8880852,2.69953643
612,-0.1402486,5.47938533,106.144023,-1.68711226,2.46597197,2.21944997,1.5212034,1.06654578,3.78784874,0,0,-1.77200379,17.2447984,-19.6045946,73.5699278,-7.96743274,-8.40523592,-12.5312678,-4.15029956,-18.796544,39.3624519,72.6309202,12.2317905,-3.26312608,21.2884087,-11.9536643,3.17349372,3.55497451,16.7640197,-6.7646343,0.661672175,-8.79627961,-4.68886595,-25.7432442,12.3016753,-1.90806201,2.74555419
613,-0.164212321,5.54489978,106.137466,-1.70293473,2.42983662,2.26585989,1.49678558,1.08207485,3.89142557,0,0,-1.81286454,17.237958,-19.6027215,73.561595,-8.01512198,-8.42577344,-12.342863,-4.07739797,-18.8357817,39.3915109,72.6417188,12.2962419,-3.39469174,21.2931967,-11.9789941,3.14384429,3.52059796,16.857805,-6.78964133,0.711200117,-8.80012074,-4.74501395,-25.785921,12.394676,-1.89973494,2.79412964
614,-0.195417367,5.59954718,106.130767,-1.69266595,2.40856451,2.30098653,1.51318476,0.962459031,3.99438043,0,0,-1.92318127,17.4376283,-19.5182184,73.5804941,-7.96064524,-8.4665104,-12.6384241,-3.98984988,-18.8128972,39.2563176,72.6522577,12.0990867,-3.51142544,21.393872,-12.0237301,3.08894387,3.49529018,16.9462406,-6.81256771,0.757913329,-8.83555576,-4.82512439,-25.7967758,12.4920267,-1.92120628,2.81809699
615,-0.209660898,5.65294661,106.127822,-1.69007288,2.40057589,2.36586618,1.52156081,0.855190537,4.07299079,0,0,-2.00135194,17.5134622,-19.4145258,73.611189,-7.58605888,-8.47796206,-12.1675859,-3.93486045,-18.7959907,39.118481,72.6751935,11.9907454,-3.41335289,21.4904509,-12.0509928,3.037453,3.43998294,16.9812727,-6.82062605,0.812208904,-8.87103091,-4.90088186,-25.8509956,12.5971254,-1.93029854,2.83018536
616,-0.231833849,5.71284518,106.125915,-1.67589257,2.39670456,2.45847875,1.45248594,0.823941194,4.13824385,0,0,-2.08465015,17.6183722,-19.4732416,73.6384961,-7.83120035,-8.55890407,-12.2921685,-3.8194896,-18.8141659,39.0615787,72.6864087,11.9723697,-3.47111259,21.4040251,-12.1114186,2.96281589,3.36087782,17.0591983,-6.82925898,0.831041283,-8.8968883,-4.98995521,-25.9462289,12.676382,-1.93520241,2.87897404
617,-0.25721516,5.76898754,106.12042,-1.67740275,2.37256732,2.52595615,1.32470164,0.732300119,4.23226439,0,0,-2.08586315,17.7581589,-19.1746513,73.6058819,-7.41600083,-8.56146283,-12.2735187,-3.7951912,-18.7915289,39.176763,72.6764503,11.9011137,-3.44356132,21.2296589,-12.1310247,2.91392924,3.3059885,17.1109199,-6.84840614,0.873319086,-8.89782062,-5.05323435,-25.9951672,12.7436184,-1.9291308,2.93452738
618,-0.293003814,5.81943914,106.118417,-1.65787604,2.36287553,2.60593309,1.33183865,0.626863076,4.35576531,0,0,-2.23794136,17.915827,-19.5155068,73.6110456,-7.86780333,-8.57969773,-12.1743298,-3.75621515,-18.8376566,39.2041589,72.6506322,11.9825125,-3.3679285,21.3187792,-12.1884367,2.83824029,3.22651605,17.1774938,-6.84683434,0.917841248,-8.92063857,-5.1410629,-26.0443685,12.8063187,-1.92986504,2.95489053
619,-0.316954334,5.87377846,106.118238,-1.64985249,2.35204473,2.70063895,1.25863332,0.525435567,4.43667744,0,0,-2.24325482,18.0923122,-19.3124726,73.5502842,-7.68976762,-8.52215595,-12.1841935,-3.68663687,-18.7958968,39.2479301,72.6790253,12.1900025,-3.4637298,21.1826962,-12.239454,2.77438079,3.12709454,17.2455737,-6.8579953,0.969734997,-8.93013681,-5.22068113,-26.1184692,12.8704507,-1.93102489,2.98963378
620,-0.337001844,5.93618341,106.107533,-1.67586201,2.34620038,2.78435247,1.25835051,0.471604499,4.50068827,0,0,-2.3190029,18.2625957,-19.5281153,73.5185511,-7.79552969,-8.47956545,-12.1063216,-3.57640636,-18.826952,39.2247587,72.6110307,12.2639257,-3.27779434,21.1331261,-12.2614284,2.74607414,3.03568355,17.2615922,-6.89379659,1.06051003,-8.92700602,-5.25017005,-26.1955974,12.8999964,-1.92595156,3.04106894
621,-0.365128415,5.9987735,106.109428,-1.65366348,2.33147021,2.86293243,1.12334296,0.371367204,4.60096014,0,0,-2.33741795,18.3764857,-19.4576585,73.4987231,-7.82829837,-8.49640955,-11.8556221,-3.53697248,-18.8209073,39.18026,72.6590128,12.0732848,-3.32030223,21.1052692,-12.3075398,2.66151277,2.95698611,17.3294057,-6.87308703,1.05122097,-8.94688785,-5.35391806,-26.2388496,12.9731631,-1.89635101,3.11065022
622,-0.400571572,6.0806673,106.09796,-1.66959949,2.3196191,2.98722104,1.01555233,0.396872571,4.72767979,0,0,-2.50832806,18.4353175,-19.2599484,73.5839365,-7.61887111,-8.56406087,-12.0423654,-3.48022471,-18.9267257,39.0539903,72.682495,12.1263785,-3.49518666,21.2553609,-12.3636627,2.60161927,2.82498652,17.3939151,-6.90060244,1.12444593,-8.93164799,-5.41406385,-26.3479465,12.994814,-1.87294865,3.16967543
623,-0.429885788,6.15117177,106.088936,-1.68684199,2.30873191,3.07882561,0.910107766,0.381713073,4.83248989,0,0,-2.54107861,18.4966543,-19.3421054,73.5228473,-7.76347988,-8.45991585,-11.8137018,-3.43542571,-18.9547124,39.0056257,72.7232302,12.1152342,-3.44136221,21.2287897,-12.3982004,2.55541645,2.75019168,17.4321556,-6.92349596,1.21167182,-8.92153674,-5.46266662,-26.42801,13.016137,-1.85513082,3.21278246
624,-0.459557073,6.20870031,106.083679,-1.68316901,2.31671678,3.18016632,0.839935096,0.262652443,4.92526478,0,0,-2.64984937,18.6640452,-19.0967274,73.58255,-7.40330949,-8.52623699,-11.9407843,-3.31920342,-18.9601065,38.8445972,72.610539,12.1784604,-3.37230238,21.2234263,-12.4622966,2.48918539,2.65552163,17.4783977,-6.94016205,1.22614009,-8.94942185,-5.53335609,-26.5142992,13.0687516,-1.85388324,3.26548207
625,-0.495385984,6.27600774,106.082797,-1.67308568,2.33175756,3.27993446,0.795996382,0.237903066,4.99342622,0,0,-2.78935406,18.7442077,-19.2234598,73.6621627,-7.7120921,-8.592407,-12.0564553,-3.21978575,-19.016599,38.7914515,72.6364254,12.3737269,-3.48953916,21.2559602,-12.5318424,2.40929566,2.56000314,17.5102145,-6.92428356,1.2441594,-8.98978741,-5.61782974,-26.590898,13.1175397,-1.83277283,3.32983163
626,-0.526222168,6.34314194,106.080866,-1.67360681,2.33533811,3.37315399,0.708029362,0.131966605,5.09226589,0,0,-2.88008352,18.8196334,-18.9754062,73.670154,-7.23887695,-8.5385262,-11.6901761,-3.13609758,-19.020692,38.7769544,72.6400249,12.3408182,-3.54539261,21.2398393,-12.569732,2.34228638,2.48042119,17.5189332,-6.91435588,1.28738191,-9.01447684,-5.68949806,-26.6697252,13.1666351,-1.79850919,3.38121236
627,-0.550625566,6.40972257,106.076634,-1.66832934,2.36382096,3.4786561,0.630037406,0.0497690872,5.14350597,0,0,-2.97265841,19.0460679,-19.1180939,73.6632555,-7.46181177,-8.60467573,-12.0466505,-3.01522436,-19.0111349,38.7818722,72.6424496,12.4804427,-3.62252188,21.2308541,-12.6310962,2.2648045,2.39428247,17.5197989,-6.89325017,1.31809535,-9.05289836,-5.76468777,-26.7480743,13.1976911,-1.76405355,3.42202125
628,-0.579612423,6.47953749,106.065369,-1.66386401,2.38141146,3.55568449,0.650033159,-0.0921306275,5.23246065,0,0,-3.10817299,19.2049569,-19.3042695,73.6465557,-7.70572807,-8.52836544,-11.6754357,-2.88980138,-19.0199817,38.6323354,72.5459868,12.5588558,-3.4688693,21.2928262,-12.6951394,2.19266703,2.33402398,17.5485574,-6.88317308,1.35641741,-9.08644398,-5.83679792,-26.8117317,13.2220048,-1.72604867,3.49030009
629,-0.60104155,6.54995814,106.058979,-1.64666132,2.40764607,3.61871221,0.63196416,-0.256695424,5.27853454,0,0,-3.17454386,19.3803425,-19.1742517,73.6312083,-7.54477551,-8.52258625,-11.7587154,-2.71322712,-18.9166751,38.3362467,72.5533088,12.4027979,-3.59755327,21.3171621,-12.756162,2.10539023,2.29560502,17.5723436,-6.88351203,1.41572874,-9.13056102,-5.9232489,-26.8562645,13.2486383,-1.70443155,3.5506796
630,-0.633565756,6.62323013,106.054699,-1.65067282,2.41676792,3.71764107,0.539380999,-0.338211544,5.37001212,0,0,-3.35013927,19.5981965,-19.3441971,73.6959107,-7.60998333,-8.53859365,-11.7967604,-2.56448801,-18.904881,38.2308364,72.4954434,12.1138758,-3.50373529,21.2234929,-12.8481988,2.03819291,2.20235608,17.663892,-6.90144042,1.45004788,-9.15786727,-5.99591187,-26.9230723,13.2931208,-1.68598748,3.61923528
631,-0.666119158,6.70334324,106.050086,-1.65901121,2.40847769,3.81306911,0.461269782,-0.347234198,5.47893912,0,0,-3.39077954,19.6516222,-19.4708749,73.5618887,-7.76401861,-8.46597252,-11.5743967,-2.49578655,-18.9873061,38.2291118,72.4776713,12.2026034,-3.30859465,21.297638,-12.9004976,1.97195395,2.13471522,17.728579,-6.92316597,1.52132656,-9.13701043,-6.05649138,-27.0218266,13.2852071,-1.64851258,3.67363859
632,-0.702500204,6.75819591,106.044769,-1.65768941,2.39688057,3.91054857,0.42675713,-0.535897816,5.61587118,0,0,-3.59007763,19.7987684,-19.1604855,73.7221796,-7.409443,-8.58554779,-11.8683962,-2.44170661,-18.8593937,38.1948072,72.5768456,12.1533398,-3.37063902,21.2373684,-12.9433733,1.91047477,2.05609804,17.7744267,-6.91478405,1.55633235,-9.12313149,-6.11491127,-27.1282768,13.2964189,-1.62065523,3.709845
633,-0.743561378,6.85809478,106.035125,-1.67383242,2.39960371,4.01641885,0.301015455,-0.540742982,5.71978952,0,0,-3.63564993,19.9466625,-19.3546302,73.5728306,-7.56749187,-8.48097418,-11.8310078,-2.33590335,-18.927687,38.1424299,72.5821527,12.0067477,-3.39238036,21.1994045,-13.021847,1.83838554,1.94110881,17.8516727,-6.93171993,1.6321673,-9.13183998,-6.18265095,-27.2379389,13.3155656,-1.56978867,3.8128276
634,-0.774690602,6.94533959,106.030262,-1.6816593,2.42524716,4.07443985,0.324506503,-0.645051283,5.80544778,0,0,-3.8062672,19.9920832,-19.1951521,73.6845794,-7.25538979,-8.41470341,-11.9096335,-2.2519695,-18.9284657,38.0873888,72.5583358,12.0301052,-3.23947548,21.3511765,-13.1097917,1.77169952,1.88033507,17.9146505,-6.93661931,1.68947056,-9.19901233,-6.25681955,-27.2668682,13.3731612,-1.52965651,3.88716781
635,-0.808108691,7.02542067,106.028688,-1.68170959,2.41771051,4.14512184,0.293396219,-0.799465798,5.91710344,0,0,-3.95451646,20.2543847,-19.4640191,73.6861367,-7.44394058,-8.58822607,-11.7518391,-2.04858589,-18.8184518,37.8680236,72.5374901,11.8900932,-3.19428524,21.1415665,-13.1488501,1.70085147,1.81170021,17.9586642,-6.95302884,1.74561717,-9.20675861,-6.33333858,-27.319768,13.4015005,-1.49903144,3.93683353
636,-0.845096912,7.10546076,106.021953,-1.67706888,2.41915731,4.24705004,0.291929115,-0.905468573,6.05042959,0,0,-4.1025305,20.4699198,-19.6698417,73.5891548,-7.4999413,-8.40889434,-12.0324386,-1.9709736,-18.767374,37.58454,72.6871805,11.7889577,-3.30088208,21.236682,-13.197738,1.61596193,1.73033344,17.992267,-6.93817574,1.79379465,-9.22798172,-6.42297585,-27.4222055,13.4568046,-1.46911104,3.98864819
637,-0.880684331,7.19488412,106.014991,-1.68380053,2.41293654,4.31037923,0.19413983,-0.988604782,6.1537601,0,0,-4.22590335,20.5532328,-19.6973196,73.6573474,-7.3797607,-8.46732148,-11.6291381,-1.85403799,-18.7784047,37.5392934,72.8477378,11.9737365,-3.7561238,21.4136266,-13.2290152,1.5467545,1.67763597,18.0230507,-6.9406726,1.90334897,-9.24980161,-6.50312087,-27.4757559,13.5080062,-1.41670375,4.07383474
638,-0.910416432,7.29708001,106.016243,-1.67580874,2.4284524,4.40304731,0.0424492822,-0.988638506,6.23679813,0,0,-4.27004644,20.6544016,-19.7376792,73.5711299,-7.58226557,-8.43533571,-11.9102448,-1.73743417,-18.8393642,37.5618262,72.9363868,12.2119718,-3.78645965,21.3334248,-13.3340797,1.4446817,1.59550903,18.1321852,-6.93319226,1.91751478,-9.29825156,-6.6154079,-27.5335751,13.5752204,-1.3650355,4.12875715
639,-0.950760208,7.39206895,106.006968,-1.70555299,2.44190709,4.45465874,0.144125329,-1.09012775,6.37575918,0,0,-4.52117883,20.7370588,-19.5768965,73.6817722,-7.06343586,-8.52391984,-11.7758967,-1.6331375,-18.7460569,37.3434582,73.0905783,12.379945,-3.76908579,21.421676,-13.4114888,1.39635342,1.55276453,18.1907984,-6.95429115,2.05607178,-9.37527816,-6.68155401,-27.5474916,13.6683201,-1.31401933,4.17710635
640,-0.98520238,7.48527795,105.988359,-1.72573807,2.44854949,4.51389444,0.0415257159,-1.20187136,6.50145985,0,0,-4.61261671,20.935276,-19.7162409,73.6256895,-7.31842304,-8.4835483,-11.7213261,-1.55464177,-18.6351142,37.2065676,73.2890499,12.4861408,-3.83912255,21.3893111,-13.4626102,1.33897054,1.51606678,18.2309514,-6.97657421,2.19870961,-9.43159051,-6.75556935,-27.5611691,13.7550123,-1.28498163,4.24790852
641,-1.02229239,7.59292468,105.970669,-1.73855881,2.47385234,4.62027989,-0.11392342,-1.17239311,6.56014654,0,0,-4.69104863,20.8880606,-19.393844,73.6994282,-6.99748654,-8.5801434,-11.738072,-1.4391565,-18.6658876,37.1663753,73.5547716,12.7671689,-3.89824253,21.3137914,-13.5479517,1.25578022,1.41244406,18.2767888,-6.98560799,2.25024446,-9.48771076,-6.84735685,-27.6431928,13.8192443,-1.23007203,4.35697426
642,-1.06137479,7.65998289,105.968797,-1.71316103,2.49786611,4.66996685,-0.112618894,-1.46165248,6.70734864,0,0,-4.92685536,21.2672403,-19.5728377,73.6981031,-7.00504159,-8.43657197,-11.7935536,-1.38422172,-18.4349948,36.7961654,73.7641852,12.4915648,-3.80544075,21.4124979,-13.627736,1.16687144,1.39273662,18.3200819,-6.96082081,2.30095519,-9.57399654,-6.95491568,-27.6629918,13.9031591,-1.19720132,4.38951541
643,-1.09854834,7.76360109,105.97254,-1.70248287,2.52511581,4.73212665,-0.262644492,-1.505196,6.77728381,0,0,-4.91926232,21.2585181,-19.3080466,73.6881174,-6.8181992,-8.52590145,-11.6463801,-1.37706902,-18.4658126,36.8736198,74.0706353,12.7220111,-3.85420659,21.517063,-13.7219721,1.06822835,1.38861652,18.3805257,-6.93949525,2.29546735,-9.65013949,-7.06901698,-27.6891737,13.9653932,-1.13272722,4.43765202
644,-1.13090444,7.83768073,105.973935,-1.71178785,2.55439772,4.78706107,-0.287181173,-1.72092507,6.88040045,0,0,-5.1287549,21.630538,-19.7965537,73.6642049,-7.26151732,-8.43980606,-11.520352,-1.25600253,-18.3128744,36.6100359,74.2665183,12.5252197,-3.92875042,21.5591609,-13.817401,1.01272133,1.39560113,18.4455115,-6.9239587,2.35751407,-9.72399518,-7.13557973,-27.7170528,14.0236326,-1.07032415,4.47669595
645,-1.16494782,7.92444423,105.964756,-1.71115838,2.57601581,4.85405333,-0.417688693,-1.84902228,6.98689762,0,0,-5.190849,21.7153143,-19.3653417,73.7057188,-6.84861232,-8.45710779,-11.6235485,-1.25913545,-18.2633436,36.427021,74.5324927,12.5261537,-3.93795368,21.6856799,-13.9109831,0.934410966,1.39216256,18.5248903,-6.90786934,2.37195971,-9.77956645,-7.22233765,-27.7938873,14.0715557,-1.01299112,4.56868878
646,-1.21187726,8.00817832,105.95479,-1.70564105,2.60440211,4.89215622,-0.577674241,-2.02224719,7.11932303,0,0,-5.37225029,22.0921581,-19.8064967,73.7067092,-7.25653043,-8.53740605,-11.6092794,-1.22598662,-18.220298,36.1734946,74.7440988,12.1447286,-4.00515377,21.6868393,-13.9821153,0.859191534,1.40820262,18.5388495,-6.88462322,2.42095863,-9.86535619,-7.30826826,-27.8260797,14.1269947,-0.959807104,4.65090291
647,-1.25281094,8.09571072,105.953419,-1.69995305,2.65505207,4.94757946,-0.683005417,-2.20394965,7.20134336,0,0,-5.42149126,22.1505938,-19.2291699,73.7370625,-6.76305866,-8.55772843,-11.6722759,-1.05360908,-18.197352,35.791909,74.7486614,12.116905,-3.90509236,21.5596612,-14.0447746,0.773374422,1.38920135,18.487437,-6.83320854,2.50067846,-9.94378213,-7.38330899,-27.8798435,14.1293912,-0.88500618,4.68630762
648,-1.29502416,8.2093142,105.950713,-1.71184855,2.74071841,5.02829094,-0.989855134,-2.20985627,7.2370439,0,0,-5.47154843,22.2059695,-19.1334567,73.8267429,-6.74224109,-8.69025117,-11.5794127,-1.06763359,-18.3032985,35.6913174,75.0194989,11.9705076,-4.01476769,21.5209613,-14.2156428,0.684647117,1.32697918,18.5433591,-6.8009995,2.53919796,-10.0666615,-7.46259809,-27.9460007,14.1458451,-0.807466031,4.7138875
649,-1.3423671,8.28364342,105.942416,-1.73970889,2.77761589,5.05893358,-1.02401291,-2.47760502,7.36234372,0,0,-5.56571454,22.5661852,-19.2663586,73.6880286,-6.75463532,-8.49276991,-11.4544373,-0.928725794,-18.110805,35.1728685,75.1522299,11.992698,-4.19420188,21.5147732,-14.2809693,0.648286445,1.33653899,18.5255853,-6.76159315,2.63467589,-10.1537652,-7.50188278,-27.9204336,14.1794702,-0.722225804,4.75215193
650,-1.38787888,8.38124305,105.934787,-1.73157046,2.8541136,5.09856736,-1.25010103,-2.61041847,7.43794538,0,0,-5.64216442,22.7104336,-19.2261663,73.7250892,-6.84528517,-8.48252292,-11.4194787,-0.795535131,-18.1464722,34.9490091,75.1490949,12.1743921,-4.01965725,21.4262624,-14.4070563,0.550497452,1.29490483,18.5313943,-6.70960773,2.67307329,-10.2831529,-7.59324254,-27.9454065,14.1983872,-0.627769517,4.86583146
651,-1.44524816,8.45071748,105.930126,-1.72330172,2.93476396,5.08170314,-1.33314279,-2.93956977,7.54587774,0,0,-5.70672038,23.1149465,-19.3046281,73.5942023,-7.03859361,-8.35855157,-11.296046,-0.725638604,-17.915926,34.358809,75.327274,12.0419317,-4.06891487,21.4533151,-14.5698658,0.482809691,1.33520177,18.5869818,-6.66666334,2.7398719,-10.4150063,-7.63791197,-27.9112129,14.1618295,-0.566612377,4.85355932
652,-1.48644214,8.57032612,105.910969,-1.80054751,3.01567727,5.06498652,-1.49621911,-2.95093286,7.57928248,0,0,-5.76306048,23.1485561,-18.9660488,73.7601418,-6.67475199,-8.59542851,-11.3996395,-0.556829144,-17.9963395,34.3091843,75.3314678,12.3455183,-4.07130971,21.3421453,-14.6282588,0.48265409,1.39221795,18.4853281,-6.69170282,2.97227976,-10.5505924,-7.62696574,-27.8689169,14.1713969,-0.49708644,4.88899434
653,-1.53698483,8.65569934,105.919087,-1.80216946,3.17180672,5.12125132,-1.72948116,-3.13165326,7.60275699,0,0,-5.76583951,23.3333418,-18.9420902,73.6491443,-7.05428597,-8.56143722,-11.1380552,-0.483402049,-17.982493,33.7892771,75.4046054,12.2220011,-4.07317264,21.3657077,-14.9818253,0.402253452,1.33320672,18.7041315,-6.61389586,2.82589451,-10.762236,-7.69025086,-27.829797,14.1626098,-0.390294218,4.98703359
654,-1.58091374,8.74303654,105.909705,-1.84097187,3.23766739,5.07815203,-1.81619533,-3.35192622,7.66347481,0,0,-5.84615357,23.7914477,-19.1423684,73.5974535,-7.04789462,-8.47081768,-11.3882886,-0.313774115,-17.8841929,33.4307126,75.4275344,12.2744134,-4.08794036,21.4148714,-15.1019154,0.389854284,1.40010863,18.7354104,-6.57233971,2.86251008,-10.8640314,-7.68864576,-27.7184137,14.1216808,-0.304901619,5.08713599
655,-1.64635554,8.84460211,105.897272,-1.88002055,3.31422547,4.98761675,-1.93324022,-3.51388303,7.76711525,0,0,-5.81663435,23.9240848,-18.9116276,73.5264127,-7.16553182,-8.50488838,-11.2117939,-0.313957756,-17.8801768,33.228078,75.5000368,12.3880831,-4.05404299,21.4676397,-15.2295136,0.37081668,1.45891848,18.7369113,-6.52872682,2.95533086,-11.0072264,-7.69184998,-27.5374154,14.0647093,-0.192946681,5.21066423
656,-1.70338098,8.94512385,105.89484,-1.92714738,3.41084,4.92229544,-2.02280428,-3.69976193,7.87471549,0,0,-5.94914898,24.2722588,-18.9605027,73.5186877,-7.10115601,-8.43729085,-11.305931,-0.284788659,-17.8219614,32.8206128,75.5965201,12.4069404,-4.11847045,21.6088812,-15.3844632,0.354673101,1.47772626,18.7447985,-6.48837278,3.07146563,-11.1569023,-7.68278119,-27.3463887,14.002996,-0.0717352824,5.33312355
657,-1.75299831,9.04890746,105.894625,-1.95725898,3.52881326,4.79293046,-2.1824354,-3.84446461,7.90587822,0,0,-5.95957569,24.5449815,-18.8027014,73.5043785,-7.20115211,-8.59171459,-11.361405,-0.179392437,-17.8318532,32.3411506,75.5623828,12.293865,-4.11737549,21.4223505,-15.5761747,0.32924468,1.57563062,18.8018562,-6.46476466,3.11980374,-11.3422343,-7.68929122,-27.0452866,13.9224126,0.06609458,5.499568
658,-1.80689618,9.13117826,105.894661,-1.97562868,3.64999596,4.67813473,-2.12917444,-4.03604629,7.97939753,0,0,-6.06808392,24.7846016,-18.7068909,73.4586299,-7.00223737,-8.46954727,-11.228983,-0.107918316,-17.8195401,31.7768506,75.6145723,12.4142095,-4.12374464,21.4773437,-15.7630674,0.300449323,1.64412632,18.8331043,-6.41815459,3.10531797,-11.5390471,-7.70382415,-26.7848839,13.8616282,0.197873115,5.72053487
659,-1.87278409,9.24749374,105.895054,-2.02771679,3.76041417,4.5555097,-2.29811853,-4.17771594,8.05590504,0,0,-6.14133813,25.1579944,-18.9418221,73.3768998,-7.37640025,-8.38872735,-11.2344309,-0.0772357791,-17.8673087,31.3892101,75.6288405,12.3558455,-4.189069,21.5994077,-15.9235035,0.290680311,1.71443821,18.8222221,-6.36967647,3.18492169,-11.7277789,-7.69912157,-26.4863552,13.8020928,0.363295547,6.03471503
660,-1.93749294,9.34224203,105.888343,-2.06952033,3.82953309,4.36424265,-2.2902429,-4.38537717,8.15035289,0,0,-6.2110718,25.4195889,-18.587728,73.44652,-7.0946844,-8.44797753,-11.2699931,-0.0235032529,-17.799946,31.0467649,75.6506357,12.610235,-4.00933556,21.4412052,-16.0137952,0.299066396,1.86760787,18.7925483,-6.37080132,3.28859158,-11.8757353,-7.6754985,-26.1021041,13.7106596,0.438148551,6.15650499
661,-2.00443808,9.44106355,105.863905,-2.12419093,4.00425611,4.18945868,-2.30571797,-4.44882024,8.18835777,0,0,-6.29286331,25.5334994,-18.1583841,73.4579947,-6.75366757,-8.60636876,-11.3058234,-0.0447823521,-17.8977731,30.6675118,75.7398926,12.9234223,-4.08037251,21.6888252,-16.2724766,0.308313405,1.96889936,18.8235728,-6.38401603,3.36231387,-12.1518645,-7.62151269,-25.751297,13.6281305,0.453246711,6.24940239
662,-2.05375664,9.55318734,105.848551,-2.15117329,4.10827681,4.00994918,-2.40799514,-4.58378563,8.21341518,0,0,-6.3150849,25.8530583,-18.1805753,73.3892078,-6.9153834,-8.42176497,-11.1804476,-0.0366896551,-17.9366881,30.5888383,75.8267384,13.3533195,-4.1292327,21.5072463,-16.3967741,0.284851358,2.11372477,18.7991173,-6.37178913,3.38168151,-12.381048,-7.64490011,-25.2501797,13.6738099,0.438020218,6.63923971
663,-2.12601181,9.65518057,105.843437,-2.18631863,4.21431439,3.83007632,-2.36972986,-4.71608853,8.3152661,0,0,-6.45457103,26.1775572,-18.3399271,73.3647353,-7.15611043,-8.43523496,-11.230349,-0.116048649,-17.9668536,30.4421668,75.9451739,13.7992719,-4.14165169,21.393078,-16.5760375,0.276640057,2.24936592,18.8402333,-6.33130362,3.43932874,-12.6071743,-7.63000603,-24.6342759,13.6477331,0.444079637,6.7928037
664,-2.19417736,9.76045802,105.832255,-2.24217473,4.33940661,3.68073505,-2.51859597,-4.71558224,8.38197656,0,0,-6.52983075,26.3603399,-18.2172091,73.3564366,-7.16069135,-8.49605523,-11.121778,-0.147630857,-18.1641419,30.5005581,75.8957643,14.3406293,-4.25123994,21.3519944,-16.775964,0.281659339,2.32906932,18.868138,-6.31564498,3.55027235,-12.8874007,-7.62424391,-23.8349748,13.7283609,0.404834837,6.90352918
665,-2.25192662,9.83143672,105.823624,-2.21722053,4.46481718,3.45325749,-2.45925635,-5.02883734,8.40470828,0,0,-6.57546623,26.7497802,-18.1875677,73.2601104,-7.20273245,-8.39090874,-10.7934517,-0.255162047,-18.075901,30.407408,76.0397652,14.4847429,-4.20138041,21.3098965,-16.9416063,0.225801518,2.49656818,18.8609544,-6.29164668,3.61916442,-13.2324243,-7.6851581,-22.8347892,13.9226841,0.29043808,7.22046362
666,-2.31034607,9.94125381,105.805528,-2.26881818,4.55116005,3.28956739,-2.51655076,-4.97405709,8.49099492,0,0,-6.69387994,26.9807003,-18.2762321,73.2329809,-7.59346622,-8.39628751,-10.9807304,-0.321973944,-18.3452017,30.2940917,76.0941403,14.6849972,-4.31951878,21.3604621,-17.0629173,0.230011529,2.60543414,18.8483424,-6.27809986,3.66411688,-13.4390939,-7.68115219,-21.8519369,13.9935994,0.224989606,7.50908095
667,-2.3761943,10.0221224,105.789948,-2.29431571,4.62575465,3.1022029,-2.44634111,-5.26027617,8.58481098,0,0,-6.7679781,27.3874279,-18.0379746,73.1815428,-7.41043679,-8.28062851,-10.8747181,-0.281727721,-18.2575721,29.7992889,76.034827,14.6018772,-4.39307351,21.5408679,-17.1868733,0.22870627,2.73844247,18.8607666,-6.26582601,3.7221705,-13.6791955,-7.70686273,-20.805779,14.1935472,0.118408613,7.91922783
668,-2.43345518,10.1142906,105.782521,-2.28996943,4.6849859,2.92124819,-2.47447508,-5.43525622,8.6906994,0,0,-6.868352,27.6275995,-17.8605383,73.2420787,-7.53079668,-8.40094656,-10.7820623,-0.142483322,-17.9394884,27.6285404,76.286697,12.7058645,-4.49515154,21.6828146,-17.3092122,0.187157068,2.88506038,18.9199928,-6.24200914,3.7907631,-13.8434419,-7.79009969,-19.8357351,14.3553774,-0.0673902749,8.36386204
669,-2.49745063,10.1852998,105.776334,-2.30052185,4.74779165,2.76506185,-2.44546556,-5.62589448,8.83206554,0,0,-6.97742414,27.9429972,-17.676632,73.1901351,-7.43198604,-8.32881464,-10.7674159,-0.214596633,-17.9197611,27.3189638,76.3253969,13.1449356,-4.52126592,21.6732831,-17.4414567,0.169629429,3.00304485,18.9677905,-6.2184881,3.84778323,-13.9822843,-7.89907877,-19.1492806,14.5843732,-0.322340533,8.89995079
670,-2.55747996,10.2892727,105.786133,-2.41483643,4.80873111,2.62249105,-2.45663185,-5.65400754,8.92779832,0,0,-7.12978389,28.2364084,-17.594779,73.2658478,-7.56258865,-8.40476719,-10.8978264,-0.202967982,-17.9688019,26.9140616,76.2977346,12.8299853,-4.60937579,21.6844419,-17.6082516,0.257434766,3.09614204,19.0810026,-6.21241692,3.91982251,-14.0663212,-7.94751847,-18.6863047,14.8535492,-0.447307355,9.42667619
671,-2.61376556,10.3669509,105.799818,-2.52878017,4.84603986,2.51720287,-2.42583325,-5.74593591,9.08927168,0,0,-7.27618942,28.5453857,-17.681811,73.262822,-7.92985304,-8.45306602,-10.6075356,-0.263600292,-17.9456903,26.7373578,76.3069417,12.8888205,-4.6897748,21.4280434,-17.7825187,0.363161131,3.16365825,19.2514363,-6.20299552,3.93092157,-14.0456719,-8.01894005,-18.4876453,15.1110934,-0.679879751,9.90187721
672,-2.672421,10.4293458,105.799448,-2.62011955,4.91288359,2.46521575,-2.44214844,-5.83732342,9.18003038,0,0,-7.47536542,28.8899141,-17.6753053,73.3700013,-7.81733251,-8.51652873,-10.7475118,-0.255493418,-17.9792675,26.4882659,76.2275544,13.104891,-4.62819253,21.3125125,-18.0267765,0.435698621,3.14091628,19.4745274,-6.19865537,3.92912395,-13.9982558,-8.15817004,-18.5497829,15.3788778,-1.11133304,9.98031254
673,-2.71919966,10.5118819,105.827188,-2.78210532,5.00172661,2.3794428,-2.56204643,-5.66503531,9.22876292,0,0,-7.47863025,29.0041422,-17.5352403,73.2871921,-8.03703664,-8.50405338,-10.5936524,-0.351653757,-18.2289006,26.4313943,76.2691298,13.2775266,-4.59477754,21.3821411,-18.3121658,0.587782868,3.12787809,19.733897,-6.16605359,3.93727578,-13.9269504,-8.25557452,-18.7956783,15.6244983,-1.45099023,9.87766163
674,-2.77805664,10.5695583,105.837834,-2.99733245,5.13995275,2.35735572,-2.57423661,-5.68860544,9.29029695,0,0,-7.72234165,29.3972127,-17.5098286,73.4066112,-7.99471252,-8.63936882,-10.6970658,-0.374716664,-18.1673299,26.0819926,76.2775514,13.2625275,-4.77696686,21.3510245,-18.69112,0.801088822,2.99440104,20.0027042,-6.176231,3.92027074,-13.9236053,-8.33933996,-19.1564608,16.0140359,-1.88543722,9.6151638
675,-2.82353163,10.6326543,105.837357,-3.1909585,5.24189178,2.35037205,-2.57074767,-5.60049557,9.33855565,0,0,-7.92310055,29.6581908,-17.5857068,73.4634315,-8.02899494,-8.72555898,-10.8781879,-0.369088909,-18.2621415,25.829892,76.2498072,13.4884992,-4.80224069,21.3981306,-19.0373304,0.990297815,2.8893809,20.3201253,-6.22957179,3.88750846,-13.7543652,-8.46247375,-19.7302445,16.2670483,-2.19281388,9.21490447
676,-2.88887918,10.698057,105.819929,-3.38501371,5.32520456,2.3640624,-2.63347292,-5.40839821,9.42035656,0,0,-8.09022247,29.8145612,-17.4776601,73.4646883,-7.88805143,-8.66365356,-10.7400738,-0.451863918,-18.5099049,25.5521543,76.3014639,13.504323,-4.92239738,21.460649,-19.3422454,1.17075291,2.77193089,20.5794436,-6.3392292,3.84095261,-13.5266697,-8.61477587,-20.3733734,16.5037212,-2.58141984,8.72407512
677,-2.91981027,10.7648574,105.832005,-3.63218495,5.4799062,2.41701075,-2.64188686,-5.32607821,9.42299813,0,0,-8.39309782,30.1741024,-17.8036291,73.5827549,-8.24906364,-8.76670916,-10.848439,-0.400540169,-18.5466615,25.1674508,76.2887802,13.5203492,-4.89240303,21.3317651,-19.7097113,1.39747058,2.57617126,20.8032997,-6.38497396,3.80954271,-13.3392041,-8.73719592,-21.1378372,16.7532997,-2.78644782,8.29385004
678,-2.96487082,10.7989915,105.808628,-3.82521979,5.61743777,2.46008036,-2.58733521,-5.27855247,9.45560204,0,0,-8.65862483,30.4552978,-17.6735123,73.6615548,-7.94168549,-8.83549088,-11.0296174,-0.397741926,-18.5816748,24.8049965,76.2766225,13.6301548,-4.88166341,21.3679821,-20.139255,1.59178754,2.40684298,21.1767044,-6.52625344,3.73674612,-13.1026046,-8.9119574,-21.8294946,16.9975746,-3.13354522,7.90526778
679,-3.01860701,10.8412385,105.773497,-4.0313245,5.74736293,2.52990439,-2.65665266,-5.1811544,9.50049261,0,0,-8.95790494,30.6863939,-17.4102205,73.7866429,-7.8283035,-8.85694962,-11.1259325,-0.450049702,-18.637836,24.4887912,76.325233,13.6572322,-4.92651556,21.275206,-20.5827409,1.78401617,2.20008056,21.5751418,-6.65093384,3.69648472,-12.8394144,-9.09805701,-22.5166492,17.2523987,-3.46078279,7.59260135
680,-3.06760371,10.9129921,105.752003,-4.26751737,5.85228751,2.57949259,-2.58981265,-4.96379772,9.54055167,0,0,-9.17387638,30.9408252,-17.56927,73.68934,-8.0277066,-8.78987973,-11.2680107,-0.38840367,-18.8071752,23.9892875,76.3136763,13.6876675,-4.88041989,21.1990033,-21.0085076,2.00474739,2.00639624,22.0081775,-6.79266667,3.63661854,-12.5408087,-9.27371154,-23.0785723,17.5313522,-3.69491207,7.37029492
681,-3.10369637,10.9627604,105.723178,-4.47923447,5.97755172,2.64611601,-2.58566779,-4.80971975,9.57889208,0,0,-9.46054795,31.1041385,-17.5135339,73.7291327,-7.95930226,-8.73339918,-11.0239048,-0.415145114,-18.9005866,23.6646128,76.408008,13.6691107,-5.00260728,21.0287523,-21.4604407,2.20247134,1.7732122,22.4549863,-6.9318813,3.56898024,-12.2254598,-9.46419015,-23.5413483,17.7528825,-3.83931123,7.21956716
682,-3.15678008,10.9980695,105.676579,-4.68015371,6.12061686,2.7362163,-2.54811776,-4.72792439,9.60951182,0,0,-9.79901712,31.371817,-17.6226701,73.7803591,-8.11556076,-8.70559605,-10.887669,-0.458558837,-18.9894661,23.3816995,76.4665701,13.7382288,-5.01329951,21.1705299,-22.0252171,2.38175185,1.50007709,23.030288,-7.09069088,3.50688827,-11.9080668,-9.64974675,-23.9727448,17.9453248,-3.95390388,7.08347521
683,-3.18181291,11.0656753,105.663514,-4.92334295,6.1960961,2.76984235,-2.39002257,-4.54378889,9.68669296,0,0,-10.0459114,31.6255927,-17.5914015,73.6642254,-8.02455361,-8.71079297,-10.9977444,-0.435109037,-19.1143066,23.0883497,76.4523428,13.7977949,-4.86621224,20.9042106,-22.4225668,2.61417358,1.3314742,23.4895738,-7.21481932,3.42793257,-11.5699844,-9.80184311,-24.2106369,18.2307414,-3.7914427,6.86300738
684,-3.2160636,11.0890932,105.597687,-5.08540337,6.36769361,2.81847875,-2.22278155,-4.56668284,9.69128626,0,0,-10.4367433,31.9119347,-17.5503879,73.7140994,-7.9179429,-8.73929364,-10.9922452,-0.446279091,-19.1090012,22.9950476,76.4896083,13.9299736,-4.92316876,20.8865255,-23.0163015,2.75550343,1.07736202,24.0838003,-7.38709889,3.34564202,-11.3166783,-10.0153693,-24.3289597,18.4695948,-3.75010811,6.7652853
685,-3.24980356,11.1264534,105.533814,-5.27488819,6.5134401,2.82445703,-2.0782366,-4.49956854,9.68968799,0,0,-10.7309999,32.2755501,-17.5098695,73.672811,-7.78774156,-8.73610565,-11.2932994,-0.438620501,-19.254404,22.8762792,76.4217708,13.9460339,-4.85854578,20.9938261,-23.6092387,2.93640761,0.883342015,24.741276,-7.59497057,3.26231691,-11.0609945,-10.1908915,-24.3227766,18.7255647,-3.66956481,6.79854576
686,-3.28947678,11.1864567,105.459869,-5.51694864,6.62987698,2.81933154,-1.98841983,-4.26874443,9.73585068,0,0,-10.9686546,32.4020418,-17.5285945,73.6036963,-8.01379607,-8.7234365,-11.0115729,-0.484654535,-19.409866,22.7798437,76.4671711,14.0700181,-4.90792207,20.8519135,-24.1750533,3.1674394,0.669884837,25.4041834,-7.87561878,3.22632011,-10.8025025,-10.3332327,-24.1912665,19.0678425,-3.61178952,6.75115705
687,-3.32389362,11.2211347,105.360901,-5.65132557,6.77420443,2.83230088,-1.79402176,-4.19432952,9.76785268,0,0,-11.3340287,32.7292556,-17.6140163,73.5727145,-7.8768448,-8.6682443,-11.2247636,-0.509646998,-19.6064627,22.8293558,76.3922371,14.235126,-4.73531167,20.7064613,-24.7563878,3.27717898,0.494799714,26.0609232,-8.14107237,3.21783488,-10.5351536,-10.5661507,-23.9801453,19.3176055,-3.55985063,6.80802819
688,-3.36203612,11.2432271,105.25347,-5.81977217,6.8774661,2.791541,-1.58248802,-4.22016002,9.80187983,0,0,-11.5606604,33.02015,-17.4370563,73.5106349,-7.50546436,-8.63182232,-11.1063999,-0.54358274,-19.6905901,22.8716159,76.4219006,14.357587,-4.89521835,20.9379039,-25.2980371,3.45376221,0.366132984,26.7299163,-8.42091974,3.21064824,-10.2673453,-10.7454491,-23.6914503,19.6175054,-3.55608762,6.80776182
689,-3.40659209,11.2659767,105.142212,-5.98162606,7.02318245,2.75435923,-1.34694297,-4.17733559,9.84049516,0,0,-11.8552174,33.3591015,-17.5591306,73.3667638,-7.76963388,-8.71932814,-11.1378734,-0.607072656,-19.8340583,22.9360484,76.4018335,14.3068481,-4.84313858,20.9828261,-25.95219,3.61294297,0.197890911,27.4833084,-8.68839934,3.15191267,-10.0444395,-10.931051,-23.3618715,19.9179057,-3.55139805,6.81689463
690,-3.46014947,11.2539984,105.01579,-6.081315,7.15125032,2.73369686,-1.10076214,-4.27576203,9.89211516,0,0,-12.2210389,33.865543,-17.9585071,73.3056678,-7.94088465,-8.73839803,-11.2804578,-0.628146405,-19.8525476,23.0373128,76.3969226,14.4348381,-4.89773741,20.7097807,-26.5992804,3.71343853,0.0268527153,28.2708565,-8.99806218,3.1072443,-9.76229547,-11.158445,-23.0330115,20.1432763,-3.62467809,6.7558511
691,-3.48614603,11.292015,104.924583,-6.27311024,7.35128456,2.68946923,-0.884616913,-4.1339498,9.85476769,0,0,-12.4848584,34.0724601,-17.8423273,73.217654,-7.67302854,-8.70726517,-11.2472981,-0.650795899,-20.0807049,22.9944175,76.3409834,14.3672397,-4.86109771,20.9057832,-27.2869711,3.88045544,-0.187377449,28.9830915,-9.26625127,3.06963237,-9.68694738,-11.3521603,-22.7410021,20.5769848,-3.46873334,6.79859613
692,-3.544439,11.2813421,104.796159,-6.39135015,7.47900763,2.66485935,-0.705073064,-4.15155077,9.92755702,0,0,-12.7025229,34.482029,-17.8570651,72.9837815,-7.5907794,-8.53223645,-11.271068,-0.752040967,-20.1393643,22.9177982,76.4108016,14.2844638,-4.93952066,20.8103894,-27.9346831,3.99299091,-0.390267751,29.7617775,-9.59609647,3.02251538,-9.43820043,-11.6094996,-22.5026422,20.8847343,-3.4995059,6.86767282
693,-3.58736403,11.2589836,104.644525,-6.46813013,7.69627336,2.57724424,-0.414473248,-4.34959851,9.86190609,0,0,-13.0531566,34.9057227,-17.8020241,73.0332115,-7.27930143,-8.61737561,-11.3235896,-0.787232556,-20.1615522,23.026849,76.3664941,14.579703,-4.82766564,20.8750047,-28.6623493,4.06177391,-0.58004421,30.5179546,-9.95391813,2.98718537,-9.25563033,-11.9001063,-22.1582709,21.0677714,-3.62358782,6.84768513
694,-3.64241712,11.2368211,104.480469,-6.55851158,7.83785071,2.53724574,-0.252085607,-4.41519308,9.9119415,0,0,-13.3404856,35.3123171,-18.0305195,72.995625,-7.26199714,-8.60193853,-11.0872062,-0.971199753,-20.3082271,23.2700037,76.4624719,14.7351189,-4.9285057,20.8931081,-29.351611,4.14534383,-0.797924897,31.3472352,-10.325068,2.97537554,-8.95221539,-12.2125302,-22.1422473,21.2966562,-3.75527899,6.82923465
695,-3.69095281,11.2436891,104.312491,-6.67804083,8.08899133,2.41477449,-0.0102634431,-4.37072855,9.84576123,0,0,-13.5862827,35.620444,-18.0337263,72.8328958,-7.08204172,-8.42161898,-11.0177346,-1.02652834,-20.4651729,23.1789914,76.3928108,14.6984851,-4.71821016,20.7102862,-30.1784942,4.23816055,-1.01409174,32.1854087,-10.6925911,2.94371249,-8.92180312,-12.548129,-21.9483365,21.6817593,-3.7892421,6.9517136
696,-3.75064909,11.2274028,104.1399,-6.76964155,8.2314253,2.36773022,0.165697401,-4.41834393,9.9045333,0,0,-13.886911,36.0707481,-18.2634904,72.8280532,-7.09196385,-8.4944194,-11.0655639,-1.15043758,-20.6384565,23.3693198,76.3763638,14.9790949,-4.76938705,21.0138454,-30.8697503,4.30835996,-1.24381715,33.0184868,-11.075617,2.88087945,-8.64004416,-12.9116735,-21.9310271,21.9430294,-3.90610536,7.25069318
697,-3.83040458,11.216867,103.95242,-6.87031492,8.42421812,2.30266878,0.329228752,-4.41741972,9.92464394,0,0,-14.1739112,36.4330623,-18.4736126,72.7469993,-7.17516239,-8.47187636,-10.8720373,-1.27062842,-20.8149844,23.3076176,76.3460309,14.8412685,-4.87830253,20.797325,-31.6912308,4.36731217,-1.53359209,33.9384416,-11.464242,2.83676283,-8.3826647,-13.2716501,-21.9766169,22.103363,-3.97923705,7.05871748
698,-3.9007891,11.1920491,103.753531,-6.97606971,8.63487965,2.19135182,0.555298061,-4.47219699,9.93232619,0,0,-14.4746393,36.8704984,-18.6809669,72.6748315,-7.24514451,-8.27757883,-10.9826129,-1.41641432,-20.90906,23.4756334,76.3075633,15.1873115,-4.70620055,20.8145575,-32.5599899,4.45600432,-1.7793837,34.9071263,-11.8711505,2.7846502,-8.16367176,-13.6208674,-21.9815449,22.280743,-4.09574385,6.81671833
699,-3.95963341,11.1818589,103.542984,-7.12353356,8.82973627,2.12870132,0.763086076,-4.47734396,9.93110444,0,0,-14.8126176,37.2267781,-18.819169,72.721188,-7.11952537,-8.33894978,-10.7688263,-1.52391872,-21.0133314,23.3821418,76.3473696,15.0124638,-4.85544402,20.931294,-33.4315767,4.56537144,-2.08304889,35.9025171,-12.2893553,2.73610441,-7.90182024,-13.9534771,-22.2502138,22.4932917,-4.14071254,6.72602324
700,-4.02814373,11.1447401,103.306639,-7.25470377,9.0346827,2.00150798,1.0000478,-4.53824107,9.94692743,0,0,-15.18704,37.7301323,-19.0054539,72.7092147,-6.99690768,-8.23931952,-10.9544307,-1.5720992,-21.1842005,23.4468715,76.1389054,15.0630072,-4.84661045,20.8593926,-34.327595,4.69551002,-2.2954554,36.9178247,-12.7120595,2.6862419,-7.66374546,-14.3004729,-22.2576553,22.6498857,-4.1958582,6.61272107
701,-4.11501825,11.1329623,103.05624,-7.42877849,9.18996319,1.88758687,1.19058863,-4.44285834,10.019826,0,0,-15.4681672,38.043194,-19.0083021,72.686477,-6.94774185,-8.26993499,-10.8007916,-1.76698189,-21.3407229,23.5650286,76.1564043,15.3171022,-4.80946618,20.9114745,-35.2297128,4.85295143,-2.55680746,38.0117069,-13.1608849,2.65199255,-7.33849356,-14.6172161,-22.4892465,22.7717824,-4.241886,6.49507832
702,-4.17192802,11.1238271,102.825797,-7.58676301,9.38575705,1.7296891,1.50225294,-4.4648635,10.0184122,0,0,-15.8219078,38.4232463,-19.0714659,72.7131284,-6.54420659,-8.33892759,-10.7835018,-1.85030977,-21.4692773,23.7077813,76.1161199,15.4128222,-4.9192905,20.9272693,-36.1331999,4.99323797,-2.80084052,39.0569614,-13.5759239,2.64839817,-7.08368865,-14.9746314,-22.6957129,22.9230916,-4.16879315,6.44172045
703,-4.25248481,11.0760905,102.55177,-7.68592422,9.62339372,1.57237682,1.76866905,-4.50479108,9.98375496,0,0,-16.1976741,38.9202176,-19.3725936,72.6368147,-6.7465424,-8.26427874,-10.8208553,-1.92981083,-21.606004,23.7908995,76.0320403,15.6901193,-4.86679366,20.9001927,-37.1565501,5.0692631,-3.07265964,40.2012162,-14.0115039,2.66428369,-6.86061894,-15.3873182,-22.8998075,23.0109176,-4.35084203,6.27410334
704,-4.33430895,11.0425197,102.27778,-7.79034824,9.80653953,1.38852164,2.06849355,-4.54928762,10.0252484,0,0,-16.6474472,39.3583265,-19.5805831,72.6988123,-6.81640926,-8.37916508,-11.0941533,-2.03189547,-21.7853101,24.0742926,75.9229826,15.8514791,-4.85982431,20.8385435,-38.0889324,5.16836103,-3.27461702,41.3119279,-14.4235512,2.63101726,-6.61957218,-15.838331,-23.1013902,23.1818618,-4.37742171,6.1683972
705,-4.42875177,11.0187508,101.990128,-7.89953124,9.97578205,1.190539,2.34043433,-4.56944138,10.0760778,0,0,-16.9970009,39.7814464,-19.5819321,72.6480162,-6.92737294,-8.3442244,-11.4333704,-2.12915139,-21.9528205,24.0405976,75.864564,15.9284434,-4.88458545,20.9905852,-39.000848,5.26335146,-3.49983354,42.3936694,-14.823592,2.58602232,-6.35606604,-16.289996,-23.2946778,23.3069414,-4.3685954,6.15797134
706,-4.50877249,10.9909721,101.69611,-7.95453266,10.2257308,0.993099967,2.5382953,-4.69770635,10.0576243,0,0,-16.8739841,40.3789616,-19.2652828,72.1696298,-6.89820462,-8.36398413,-11.4823847,-2.23597768,-22.07212,24.2768077,75.7262937,16.0631433,-4.86080017,20.7420704,-39.9735182,5.27619264,-3.7197556,43.433996,-15.1814205,2.60799696,-6.21517887,-16.8287716,-23.5048751,23.4686973,-4.27651762,6.21281307
707,-4.6039179,10.9495342,101.384366,-8.01134389,10.5645089,0.768477895,2.83851221,-4.85439388,9.93217593,0,0,-17.2302826,40.8124772,-19.4165851,72.1010068,-6.82796979,-8.2890544,-11.3901396,-2.29752537,-22.1647766,24.4087124,75.566918,16.3632652,-4.75408914,20.7915569,-41.1053454,5.26924847,-3.99600815,44.5297735,-15.5362266,2.6466808,-6.20945219,-17.3624245,-23.5710101,23.6161799,-4.34126183,6.08561488
708,-4.69945334,10.9119974,101.088667,-8.0836677,10.8394564,0.583839856,3.07153692,-4.94286959,9.93342415,0,0,-17.6622237,41.3033287,-19.6614696,72.0697177,-6.92833173,-8.26987608,-11.5729761,-2.40012976,-22.2300169,24.3404617,75.4705782,16.1579019,-4.82338568,20.6145235,-42.1364718,5.26823504,-4.30696276,45.5896856,-15.8798193,2.64626886,-6.11942176,-17.8787954,-23.612063,23.7803845,-4.22237428,6.10255845
709,-4.79696766,10.8707987,100.776112,-8.15517733,11.1417872,0.419738519,3.26924721,-4.98330687,9.87842234,0,0,-17.9913432,41.7710054,-19.7428052,71.9365222,-7.13975938,-8.27705717,-11.6385066,-2.50128187,-22.4049705,24.6025873,75.3910748,16.4378116,-4.92257667,20.5074569,-43.1909334,5.24697224,-4.63790207,46.6270411,-16.2117511,2.59909466,-6.01161192,-18.3759597,-23.7192133,23.8702595,-4.1287802,6.01828757
710,-4.9272757,10.805545,100.447011,-8.17216996,11.3892226,0.258371281,3.57233749,-5.14920918,9.94713234,0,0,-18.456445,42.1922915,-20.0179492,71.7717166,-7.31746511,-8.20380595,-11.5949257,-2.6049889,-22.4901361,24.5228995,75.3238453,16.4389027,-4.93033363,20.6400035,-44.2062308,5.19499322,-4.91200952,47.6898937,-16.5149278,2.52507953,-5.87935042,-18.9312678,-23.7706053,24.0032126,-4.0767047,5.8841196
711,-5.04882373,10.7512228,100.127923,-8.24285138,11.6845488,0.11486877,3.77699643,-5.24874553,10.0298195,0,0,-18.98385,42.5938588,-20.0072906,71.7435147,-7.16363559,-8.21612847,-11.5326028,-2.79015042,-22.5674709,24.8079301,75.1817705,16.8267772,-4.90468328,20.375192,-45.3043613,5.16039105,-5.25308312,48.7537571,-16.7568395,2.51627904,-5.80486977,-19.41289,-23.8831652,24.1499011,-4.01928415,5.67612668
712,-5.17090261,10.6977098,99.7822344,-8.33965482,12.0530482,-0.0544606803,4.06431858,-5.28367725,9.98915337,0,0,-19.5158654,42.9075284,-20.1806101,71.6920424,-7.24301605,-8.32557457,-11.4077393,-2.84580259,-22.651904,24.7806315,75.0360074,16.7611886,-4.83274517,20.2822877,-46.5120446,5.13815879,-5.59718891,49.8309428,-17.0433523,2.5245822,-5.84906579,-19.8680692,-23.9709519,24.3223514,-3.90435854,5.57138701
713,-5.28139099,10.6622502,99.4560421,-8.45057336,12.3240375,-0.177972915,4.28750526,-5.20903182,10.0786989,0,0,-20.028915,43.2035522,-20.3370744,71.6049234,-7.38504215,-8.37457605,-11.4191397,-2.91999573,-22.8446861,24.7919491,74.863429,16.6458984,-4.74951419,20.1511139,-47.5284417,5.13863989,-5.91695702,50.813264,-17.3770155,2.46188214,-5.75041524,-20.3135358,-24.1261748,24.4683928,-3.52804265,5.77521096
714,-5.42513058,10.5835043,99.0898669,-8.45741485,12.5854281,-0.289691244,4.57677615,-5.32283131,10.2064686,0,0,-20.6332365,43.5044596,-20.5367174,71.5104072,-7.4297705,-8.52989284,-11.37672,-2.97459541,-22.8927724,24.781738,74.7007134,16.8898028,-4.7471565,20.0959226,-48.5469834,5.05896915,-6.15095076,51.8158265,-17.6877516,2.42729833,-5.58491719,-20.8460037,-24.4224103,24.5445751,-3.33497369,5.96549619
715,-5.58127351,10.5176613,98.722589,-8.50380788,12.8571655,-0.377301826,4.73347819,-5.23247047,10.329862,0,0,-21.0961645,43.7829503,-20.9216088,71.2667744,-7.996111,-8.52569484,-11.434371,-3.04809507,-23.0740217,24.8171594,74.5636452,17.2428672,-4.71966456,20.0349478,-49.6293532,4.97950032,-6.45548713,52.8538753,-17.9298152,2.40477364,-5.37707197,-21.3112318,-24.7692217,24.5188696,-3.16460658,6.12554459
716,-5.70416339,10.441982,98.4016597,-8.51522663,13.0796288,-0.517737037,5.00149353,-5.43315039,10.5259183,0,0,-21.6342315,44.0912924,-20.8586584,71.1830294,-7.96435403,-8.51829945,-11.5507506,-3.18784992,-22.9969601,25.0347777,74.4588974,17.5156069,-4.70040855,19.8673025,-50.5582692,4.9310555,-6.65575126,53.7836997,-18.1246515,2.41014559,-5.21835759,-21.8221419,-24.9939657,24.5816545,-2.76487402,6.29262511
717,-5.85662015,10.3654921,98.0478644,-8.52344293,13.30602,-0.607994351,5.23262671,-5.48912379,10.7507365,0,0,-22.2684231,44.4059865,-21.37353,71.1154652,-8.53551238,-8.7645235,-11.5947635,-3.37891977,-23.0118072,25.230852,74.4442057,17.8429454,-4.8087584,19.8066743,-51.5250483,4.84196678,-6.89567532,54.7340044,-18.3288536,2.41247874,-5.03573583,-22.3217037,-25.2377727,24.6141201,-2.42327449,6.58937719
718,-6.00622036,10.255532,97.6632178,-8.53120237,13.5594993,-0.7387859,5.42921577,-5.64674876,10.9184689,0,0,-22.7056064,44.6123095,-21.3524435,70.9659455,-8.75977481,-8.71113021,-11.6034028,-3.48700837,-22.9487441,25.2457674,74.2918173,17.936227,-4.64022647,19.9171953,-52.5514652,4.77481492,-7.13646552,55.7300338,-18.5758162,2.36761741,-4.86050349,-22.7482251,-25.4843271,24.5599071,-2.28462485,6.58889865
719,-6.13848865,10.1912491,97.3094165,-8.54175737,13.7835039,-0.8388177,5.57568833,-5.70996558,11.0525737,0,0,-23.1438706,44.8292329,-21.4694088,70.9725162,-8.93449959,-8.96084107,-11.6132836,-3.62332443,-22.9035009,25.4693434,74.3303259,18.2895527,-4.70977146,19.9792749,-53.4679229,4.6827333,-7.36187842,56.6367516,-18.8128306,2.33585767,-4.70076543,-23.1941459,-25.5820296,24.5589441,-1.7819209,6.82259613
720,-6.29146025,10.0979313,96.9534695,-8.5390967,13.9523233,-0.973993759,5.77069236,-5.80841421,11.3447607,0,0,-23.6760311,45.11189,-21.6526986,70.8681918,-9.17757407,-8.99738087,-11.8670481,-3.85966306,-22.7895136,25.5712328,74.3680013,18.3957143,-4.62537209,19.9281288,-54.3521353,4.62791676,-7.55740709,57.5666853,-19.0464692,2.33091902,-4.50404445,-23.6011023,-25.6585311,24.5133987,-1.41889592,6.90193561
721,-6.45629019,10.0147039,96.6048956,-8.56013309,14.1065424,-1.03346217,5.90940368,-5.90045016,11.6528201,0,0,-24.1965189,45.3332257,-21.7225065,70.8075193,-9.16525924,-8.85258257,-11.7666879,-4.04916922,-22.6388567,25.7228886,74.3413021,18.4241501,-4.62534946,19.7602171,-55.2177423,4.53420913,-7.85425992,58.4639673,-19.2536868,2.31370673,-4.2391044,-23.9647244,-25.7607825,24.4353484,-0.869780835,7.07985948
722,-6.59838617,9.91507322,96.2373018,-8.55002227,14.256821,-1.09722544,6.02999153,-6.01545945,11.9197541,0,0,-24.6992823,45.6319884,-22.2256268,70.7881557,-9.57574849,-8.87874817,-11.6405224,-4.24908502,-22.5058234,25.8663208,74.4001441,18.6748744,-4.71898453,19.8209802,-56.0586069,4.44541581,-8.07258521,59.3764259,-19.4750635,2.30818666,-4.02119447,-24.3278054,-25.8004488,24.4000261,-0.28251522,7.2803917
723,-6.77080825,9.82473195,95.8380282,-8.49385946,14.4544775,-1.12720997,6.10184469,-6.09390161,12.1540561,0,0,-25.1958165,45.7411587,-22.3243965,70.7997055,-9.56809953,-8.86444661,-11.5818246,-4.40120613,-22.4433971,25.9111559,74.3779392,18.3470953,-4.58295363,19.80698,-56.9445609,4.2560057,-8.30215897,60.2632235,-19.7077015,2.26202781,-3.87093501,-24.7079276,-25.7403721,24.3366334,0.334567372,7.53062251
724,-6.96436763,9.71635208,95.4396784,-8.44542777,14.6053978,-1.12809524,6.17348996,-6.22620749,12.5106048,0,0,-25.9024918,46.0654356,-22.8709533,70.8914623,-9.7974846,-8.99728184,-11.4411039,-4.59300254,-22.2662357,26.0157534,74.3050747,18.4316804,-4.43983555,19.7283765,-57.8107758,4.08403093,-8.54862635,61.1675952,-19.9371087,2.23679475,-3.62925517,-24.9928626,-25.6589495,24.189868,0.97499467,7.80299594
725,-7.16097876,9.62086171,95.0455606,-8.43154129,14.7415636,-1.13850138,6.25697494,-6.2455523,12.8221272,0,0,-26.4251345,46.190896,-23.0805343,70.9480641,-9.62446822,-8.99735867,-11.5105883,-4.75417622,-22.1941345,26.1312348,74.2629734,18.4360586,-4.40619175,19.636314,-58.6836671,3.94092737,-8.80295271,62.080129,-20.1635807,2.22481417,-3.41740447,-25.2032563,-25.4561355,24.0308782,1.78526054,7.99391424
726,-7.35614151,9.52921882,94.6770787,-8.35368523,14.8435699,-1.15009471,6.35245372,-6.39211023,13.2355542,0,0,-27.0541676,46.3857817,-23.3858813,71.0237767,-9.62007214,-9.05571923,-11.5523685,-5.01452382,-22.0400642,26.2949989,74.3040912,18.278773,-4.19793629,19.7626794,-59.4423236,3.77067551,-8.95826011,62.9158709,-20.3395589,2.22214122,-3.3434363,-25.4917533,-25.0142633,24.0164358,2.80575761,8.46696375
727,-7.53194168,9.46001261,94.3453252,-8.21281736,14.8631568,-1.13802996,6.42076287,-6.53425116,13.7861477,0,0,-27.6534313,46.4824016,-23.3853588,71.104332,-9.40348599,-9.07547811,-11.5279591,-5.24817435,-21.9444757,26.4393959,74.2765041,17.8975186,-4.28213801,19.428328,-59.9719433,3.5760053,-9.01352403,63.6214704,-20.5126239,2.22218497,-3.39727974,-25.9736248,-24.2670833,24.3213115,3.88707432,10.9027654
728,-7.80616924,9.26406011,93.8104033,-7.98713043,14.9973558,-1.05667427,6.41625196,-6.7479204,14.1599145,0,0,-28.2048888,46.6563529,-23.8047136,71.1604556,-9.66435055,-9.0234722,-11.6440681,-5.40895615,-21.8673492,26.4906548,74.249074,17.3732914,-4.18822547,19.7134149,-60.9168453,3.23099004,-9.19623415,64.6707787,-20.777251,2.21654089,-3.18097704,-26.4300659,-24.0726807,24.2570156,3.38779987,14.9458285
729,-8.04473236,9.06906202,93.3277488,-7.72772429,15.101824,-0.971381026,6.52285798,-7.13493343,14.6436199,0,0,-28.6863096,47.0348034,-24.3486767,71.0773732,-9.93083209,-9.04760496,-11.6478776,-5.47662625,-21.5869324,26.6305985,74.145542,17.3894721,-4.18041173,19.2920845,-61.7218924,2.89154628,-9.31435885,65.6023619,-21.0244202,2.18120576,-2.86990312,-26.8362555,-24.2530336,23.9474543,3.04556876,19.0512503
730,-8.32418352,8.80856961,93.1474984,-8.17517882,15.1568585,-1.13158772,6.7859082,-6.78421517,15.120391,0,0,-29.3772754,47.1201705,-24.5227663,71.2211897,-10.0998955,-9.01441366,-11.6618667,-5.69496648,-21.3391297,26.3137734,74.2179079,16.9859155,-4.04429118,19.552132,-62.5857883,3.29146709,-10.0095731,66.1492278,-20.962566,1.9384222,-3.10087344,-26.1848569,-24.2632515,23.9499917,2.75597813,19.9962274
731,-8.57927725,8.52923691,93.0496395,-8.84157594,15.225934,-1.34707486,7.06440788,-6.15558078,15.5084431,0,0,-29.9835059,47.090968,-24.3930917,71.4389225,-10.0634513,-9.11000984,-11.8572724,-5.89053401,-21.2026438,26.5145741,74.2789698,16.8419556,-4.06673305,19.1509506,-63.4869362,3.88471619,-10.9132515,66.5732869,-20.8223286,1.63460973,-3.5014444,-25.1924441,-24.0813363,24.0112927,2.47026619,19.9962274
732,-8.86798576,8.26212764,92.8709209,-9.31840759,15.2611897,-1.49791705,7.2536831,-5.73945705,16.1056253,0,0,-30.5649633,47.3252538,-24.5002915,71.3701015,-10.2086611,-8.9176811,-11.7727753,-6.23009771,-20.9739434,26.5385617,74.3495939,16.5366393,-3.9255539,19.1261758,-64.3343987,4.2821649,-11.6596537,67.0623831,-20.7341423,1.39043687,-3.72000661,-24.4263274,-24.002439,23.9176764,1.53915378,19.9962274
733,-9.09995064,8.07521045,92.6682651,-9.61587714,15.326796,-1.57530442,7.31909923,-5.36922793,16.5175865,0,0,-31.1250184,47.4289019,-24.6864347,71.5970755,-10.3509912,-9.06435942,-11.9400927,-6.4073757,-20.8517496,26.7129211,74.451794,16.7816262,-3.93214375,19.0986859,-65.0807881,4.46130625,-12.2047899,67.5494781,-20.7001092,1.29290454,-3.94403212,-23.9699683,-23.7181768,23.9214757,0.525174526,19.9962274
734,-9.35500935,7.91764632,92.4501538,-9.92537817,15.3265574,-1.64827951,7.40641808,-4.92201702,17.0462995,0,0,-31.668599,47.315169,-24.5531811,71.845025,-10.3376339,-9.15024734,-12.0454552,-6.62756307,-20.8289607,26.90766,74.5616713,17.0559181,-3.9431395,19.1675121,-65.8001437,4.64420506,-12.7487812,68.0859348,-20.6795554,1.17444719,-4.11489784,-23.5318919,-23.3497376,23.9585534,-0.551730568,19.9962274
735,-9.60716084,7.72339031,92.2525525,-10.2145705,15.3740559,-1.7504265,7.64550117,-4.66236781,17.5584885,0,0,-32.3630004,47.3547841,-24.6199991,72.0926808,-10.3805044,-9.34175047,-12.1354968,-6.77158871,-20.4997678,26.688276,74.7144421,16.9070627,-4.10027141,19.2259887,-66.541267,4.83035034,-13.2788978,68.5504286,-20.5610551,1.04543761,-4.34798872,-23.068981,-22.9188449,23.9312821,-1.51965348,19.9962274
736,-9.86588448,7.51907751,92.09252,-10.7018449,15.3876165,-1.91247611,7.83390937,-4.02856297,18.0047133,0,0,-32.9162901,47.3207766,-24.4097915,72.3353575,-10.1970225,-9.50380952,-12.6234139,-6.91234866,-20.437222,26.5880054,74.8640916,16.5025345,-4.04240093,19.0482313,-67.3235559,5.18248116,-14.0164634,68.9800065,-20.4478088,0.807073722,-4.50187672,-22.3250931,-22.8022348,23.7687561,-2.00889438,19.9962274
737,-10.1510108,7.23894238,91.9989526,-11.3658103,15.457973,-2.25625775,8.14657238,-3.37366714,18.3615719,0,0,-33.5577132,47.4231338,-24.7875027,72.655625,-10.7732941,-9.58721637,-12.8501036,-6.98311412,-20.3596772,26.9131737,74.7539821,16.7855485,-3.94759662,18.9180343,-68.2580692,5.78475615,-14.8794681,69.2867025,-20.2437364,0.539489055,-4.89047179,-21.3289835,-22.7894726,23.5988756,-2.23939683,19.9962274
738,-10.4652658,6.97710514,91.8732107,-11.9438661,15.4982112,-2.5466243,8.44502006,-2.79050196,18.793537,0,0,-34.0541347,47.5015444,-24.8319023,72.7090713,-11.1625884,-9.55486006,-12.8464051,-7.13134971,-20.2365323,27.0998649,74.7796294,16.974603,-3.97888188,18.765663,-69.1537119,6.27093627,-15.6902952,69.6130353,-20.0454168,0.32811407,-5.1699102,-20.4327585,-22.891589,23.401379,-2.78233796,19.9962274
739,-10.7160419,6.78920448,91.7364359,-12.3860634,15.5342474,-2.85222095,8.58610103,-2.24025061,19.183756,0,0,-34.3520983,47.4942839,-24.6786688,72.9199192,-11.3909472,-9.74938812,-12.8546824,-7.21205053,-20.2247519,27.0032827,74.827632,16.4199848,-4.03098598,18.6390996,-69.9145267,6.6695444,-16.280888,69.9390949,-19.9313372,0.15759709,-5.54422634,-19.8201708,-22.7052461,23.4180276,-3.31805809,19.9962274
740,-10.9868206,6.61212876,91.6036844,-12.784145,15.4901295,-3.06616565,8.74436164,-1.7374029,19.7370047,0,0,-34.7071452,47.4777241,-24.3238336,73.0526776,-11.5245884,-9.77493729,-12.9425169,-7.35900803,-20.1498384,27.0301099,74.8193743,16.373951,-3.93669052,18.6827018,-70.5619671,6.99554677,-16.8750683,70.2535704,-19.7677081,-0.0397903376,-5.75066112,-19.2325679,-22.5339757,23.4088717,-4.00293439,19.9962274
741,-11.2337314,6.45983219,91.4662957,-13.1539183,15.486942,-3.31655073,8.8623284,-1.28439402,20.1965398,0,0,-35.0044907,47.4447957,-24.350234,73.2465252,-11.9811046,-9.90849566,-12.7962348,-7.46992859,-20.1249099,27.1358122,74.859126,16.2188511,-4.14590049,18.6939392,-71.2315443,7.2945319,-17.4123583,70.5700131,-19.6008756,-0.209151411,-6.01905127,-18.7187191,-22.3021557,23.3850531,-4.55896344,19.9962274
742,-11.4851721,6.32775426,91.3556159,-13.5198569,15.3876967,-3.5459294,8.92794858,-0.795806845,20.7942548,0,0,-35.2449133,47.5692247,-24.2742567,73.3391904,-12.6604173,-10.0254072,-13.0763041,-7.58812246,-20.0784612,27.022899,74.846217,15.9328728,-4.05246094,18.6142821,-71.7533024,7.61724894,-17.9326617,70.8366705,-19.4484019,-0.353941603,-6.1711677,-18.2046381,-22.1464,23.3662786,-5.07329205,19.9962274
743,-11.7259748,6.24108873,91.2096024,-13.8573003,15.2918414,-3.76534849,8.97893253,-0.307691591,21.4274031,0,0,-35.3569626,47.5215466,-23.6832438,73.3955394,-12.8221622,-10.079095,-13.1817887,-7.76650907,-20.1388828,27.0703688,74.8268124,15.9833223,-4.00647712,18.5990815,-72.2921224,7.87720338,-18.416724,71.1803315,-19.3134305,-0.460855755,-6.29866171,-17.785956,-21.8949688,23.3301521,-5.64832269,19.9962274
744,-11.9748622,6.19481504,91.0729229,-14.1672649,15.1595595,-3.93697633,8.99406225,0.161427519,22.1276443,0,0,-35.5769425,47.5387143,-23.3813665,73.5146511,-13.3320247,-10.2816741,-13.3142978,-7.93947934,-20.199487,27.1375915,74.8099008,16.0295712,-4.04725634,18.4974671,-72.7585355,8.08052189,-18.8731975,71.5151405,-19.1747264,-0.544500386,-6.41221276,-17.443948,-21.6864141,23.4064419,-6.19646458,19.9962274
745,-12.2187965,6.14085346,90.9022093,-14.4578134,15.067258,-4.15447887,9.04862437,0.568883361,22.7899814,0,0,-35.7515904,47.5836979,-22.9491163,73.5526543,-13.8213104,-10.3632147,-13.5103182,-8.06648841,-20.1958056,26.8565821,74.8319897,16.0681396,-4.20101073,18.6675678,-73.2914064,8.27949213,-19.3086084,71.8802141,-19.0565232,-0.642824268,-6.55707125,-17.1206461,-21.4717771,23.4287868,-6.85771099,19.9962274
746,-12.4413013,6.13159761,90.8018291,-14.7570088,14.9940279,-4.37667338,9.03003942,1.03465296,23.3998217,0,0,-35.8167573,47.5987585,-22.7739561,73.6167283,-14.4077547,-10.4424397,-13.4782735,-8.18176152,-20.238233,26.9678528,74.7854146,16.2722444,-4.16788986,18.32529,-73.7285385,8.48234363,-19.6899532,72.0921139,-18.8996508,-0.708768357,-6.8345797,-16.8382314,-21.2274681,23.614235,-7.24385275,19.9962274
747,-12.6579121,6.13954291,90.6601429,-15.007886,15.010534,-4.66171031,9.0488472,1.41296134,23.9496366,0,0,-35.8057709,47.6235589,-22.1791679,73.5641426,-14.7016646,-10.583764,-13.5521489,-8.23967384,-20.308724,26.7768824,74.7004334,16.2090498,-4.22713449,18.2764661,-74.2732051,8.63069875,-19.9921464,72.3565925,-18.7628695,-0.701571472,-7.2516127,-16.652271,-20.9654381,23.7989216,-7.76733894,19.9962274
748,-12.8182992,6.19139113,90.4949844,-15.3468249,15.3794686,-5.12909775,9.06887076,1.76695425,23.9496366,0,0,-35.6634195,47.6957676,-21.8922419,73.623415,-15.3388632,-10.7367457,-13.7436307,-8.19488999,-20.3734195,26.6075449,74.6705991,16.4297059,-4.31215029,18.3074905,-75.255154,8.73044513,-20.3255587,72.6185508,-18.6129178,-0.659436515,-8.28699339,-16.4706819,-20.5389031,24.1635461,-8.16050938,19.9962274
749,-12.9559427,6.20730184,90.3785467,-15.7357744,15.7693702,-5.64096337,9.19050703,2.10913509,23.9496366,0,0,-35.5534227,47.8079057,-21.602816,73.5722296,-15.6155251,-10.7599795,-14.1029866,-8.14236157,-20.3832687,26.3399723,74.6360725,16.4206268,-4.34303896,18.1839068,-76.2307714,8.89685756,-20.7204085,72.7840462,-18.4299251,-0.697898164,-9.38394397,-16.1853985,-20.0148329,24.561852,-8.50935361,19.9962274
750,-13.1047517,6.255918,90.1876628,-16.0431533,16.2107777,-6.1112726,9.16473673,2.39804569,23.9496366,0,0,-35.3254003,47.8939934,-21.1575013,73.495267,-16.0465681,-10.7924494,-14.0919029,-8.12641393,-20.490045,26.3095045,74.5634745,16.473764,-4.44170531,18.0712991,-77.266392,8.91349676,-21.0437343,73.0384571,-18.3023696,-0.64521953,-10.4915881,-16.0328172,-19.5583235,24.9330199,-8.9197276,19.9962274
751,-13.2392153,6.31008968,90.0271058,-16.2631919,16.6498746,-6.64617074,9.20470102,2.56583761,23.9496366,0,0,-35.0824539,47.9972488,-20.7020592,73.382282,-16.0825051,-10.8718691,-13.941573,-8.14742701,-20.582116,26.097393,74.5485641,16.5492888,-4.51454074,18.2511688,-78.1935766,8.96456181,-21.1825886,73.2101066,-18.1520149,-0.604240902,-11.6629698,-15.9927582,-19.0020883,25.2901688,-9.24180346,19.9962274
752,-13.3673385,6.36183172,89.8699939,-16.5576129,17.0596892,-7.07743445,9.07166003,2.89379833,23.9496366,0,0,-34.7906375,47.9012402,-19.8955231,73.5366033,-16.0604624,-11.1072963,-13.9236651,-8.1215756,-20.7354622,26.065443,74.5064765,16.3775676,-4.57562654,17.9665684,-79.1405208,8.97187439,-21.4807076,73.4100877,-17.9776436,-0.595584438,-12.6848122,-15.8229563,-18.5072445,25.6342566,-9.52395687,19.9962274
753,-13.4878412,6.42807633,89.7179842,-16.8558003,17.5432994,-7.54595661,9.04857399,3.08474096,23.9496366,0,0,-34.6850222,48.0485537,-19.6560362,73.5674963,-16.0587515,-11.1508311,-13.6975627,-8.13969438,-20.7856027,25.8737726,74.4297393,16.3432801,-4.63355508,17.9365822,-80.1466896,8.94609811,-21.7536881,73.5808425,-17.7825512,-0.594024487,-13.8569717,-15.6781904,-18.0144156,26.0504696,-9.74384029,19.9962274
754,-13.5925472,6.474448,89.5792127,-17.1220464,17.9667503,-7.97136912,9.06514659,3.29155311,23.9496366,0,0,-34.5570826,48.2187962,-19.6114675,73.5094738,-16.4757601,-11.1597027,-13.7866327,-8.04821083,-20.8777778,25.94669,74.2640253,16.5391511,-4.62219691,17.7172956,-81.0334941,8.93070798,-22.0019005,73.7266602,-17.6077291,-0.592100028,-14.8490806,-15.5146227,-17.5747905,26.3285812,-9.96748118,19.9962274
755,-13.7094423,6.53351471,89.4327521,-17.4227225,18.3827094,-8.37341,8.93659048,3.48735841,23.9496366,0,0,-34.391109,48.3899403,-19.4923063,73.6208059,-16.8297347,-11.2360172,-13.6714168,-7.99289227,-20.8927888,25.9006716,74.1790577,16.7061936,-4.78200327,17.5807123,-81.9382892,8.89731433,-22.2941985,73.8799433,-17.4269476,-0.577922956,-15.8800754,-15.3131236,-17.1251284,26.7182947,-10.1619059,19.9962274
756,-13.8028592,6.59673437,89.2826498,-17.7110321,18.829331,-8.82172816,8.90602197,3.65400308,23.9496366,0,0,-34.2928943,48.5619791,-19.3994909,73.7161485,-17.0280799,-11.3587882,-13.6668756,-7.97078295,-20.9563471,25.6004608,74.1073271,16.6821053,-4.78792333,17.5687304,-82.8651937,8.8823639,-22.5245552,74.0369625,-17.2634449,-0.557107475,-16.9562588,-15.1374204,-16.6372941,27.0807899,-10.3117432,19.9962274
757,-13.9065981,6.6814281,89.1181827,-17.9574788,19.2476006,-9.17409562,8.65117224,3.91737901,23.9496366,0,0,-33.9098436,48.5003127,-18.5663512,73.8631615,-16.8070943,-11.2917089,-13.6730919,-7.93989683,-21.1370637,25.6256096,73.9743775,16.6870708,-4.68196063,17.3316187,-83.7333108,8.76919194,-22.7372165,74.218024,-17.0967182,-0.486135993,-17.9303872,-15.0231172,-16.2681651,27.4362108,-10.4849372,19.9962274
758,-13.9850646,6.7786932,88.953048,-18.1969332,19.661648,-9.49375036,8.44471014,4.10299751,23.9496366,0,0,-33.6776445,48.6569323,-18.3820949,73.9732983,-17.1701018,-11.3293705,-13.8474939,-7.82651143,-21.1979036,25.4621922,73.8880575,16.9374485,-4.81911681,17.1543923,-84.5760946,8.63139629,-22.931672,74.4210855,-16.9325837,-0.412619679,-18.8458631,-14.9183233,-15.9256089,27.7623335,-10.60006,19.9962274
759,-14.0723854,6.85713515,88.8144791,-18.4492447,20.0710265,-9.83290687,8.16185408,4.36454595,23.9496366,0,0,-33.2968648,48.5904985,-17.5764929,74.1484175,-17.1464454,-11.4037538,-13.8259182,-7.83104667,-21.3891557,25.4728524,73.8903388,16.956923,-4.93276048,17.1106826,-85.3945221,8.54036096,-23.1114716,74.5497253,-16.733709,-0.345799804,-19.732396,-14.7620708,-15.6515988,28.0207059,-10.7121818,19.9962274
760,-14.1578048,6.92539215,88.6649489,-18.6357298,20.5161144,-10.1897365,8.04036379,4.37110336,23.9496366,0,0,-33.1663433,48.7549114,-17.2545076,74.3297659,-17.282204,-11.4959477,-13.8791228,-7.79018506,-21.3820267,25.5619864,73.7678325,17.4363221,-4.95878308,16.8664282,-86.199535,8.41813729,-23.2131646,74.6696224,-16.5663899,-0.306002533,-20.7255892,-14.6931439,-15.3003631,28.3560631,-10.8556619,19.9962274
761,-14.2366707,7.00623989,88.512671,-18.7744883,20.9774127,-10.5343104,7.84889993,4.42314812,23.9496366,0,0,-32.9711195,48.8640886,-17.0507801,74.491614,-17.7421711,-11.6043796,-13.7806844,-7.76492105,-21.4963146,25.3353966,73.6795728,17.3280397,-5.00977983,16.7874729,-86.9947261,8.25935759,-23.2322157,74.8104951,-16.3962123,-0.211117972,-21.7304193,-14.699817,-14.9694951,28.6890416,-11.0049271,19.9962274
762,-14.2911732,7.07455203,88.382709,-18.9100109,21.3826337,-10.8603693,7.68853136,4.48343606,23.9496366,0,0,-32.8536163,48.909021,-16.7579067,74.7487365,-17.6871847,-11.6095867,-13.7126617,-7.69833524,-21.5272468,25.2368711,73.6307506,17.7309662,-5.06222459,16.4370039,-87.6893632,8.15824091,-23.2314849,74.9212193,-16.2817742,-0.129331833,-22.5882723,-14.6777965,-14.6447213,28.9306732,-11.1097851,19.9962274
763,-14.3390536,7.14888349,88.2514834,-19.0214932,21.7807749,-11.1806661,7.45081858,4.50140202,23.9496366,0,0,-32.6752698,48.9927249,-16.5707902,75.0254958,-17.9951647,-11.7172869,-13.7121204,-7.63232744,-21.5983149,24.917319,73.5591156,17.6207338,-5.06536007,16.3530114,-88.3359977,8.05406089,-23.1944294,75.0107631,-16.1790208,-0.0711707846,-23.4275642,-14.6821712,-14.3346222,29.1527944,-11.1874332,19.9962274
764,-14.3992603,7.20340088,88.1378829,-19.1180799,22.1544328,-11.4762795,7.27579498,4.52341231,23.9496366,0,0,-32.6365802,49.0655552,-16.5098701,75.3071045,-18.1536388,-11.8096105,-13.4920261,-7.52415261,-21.713518,24.8974261,73.399658,17.7223226,-5.05796596,16.0656363,-88.9234076,7.9558957,-23.1643356,75.0572766,-16.0691402,-0.0423958646,-24.2374471,-14.674057,-14.0632827,29.3918784,-11.283318,19.9962274
765,-14.4478723,7.27977604,88.0027056,-19.218487,22.5461737,-11.8187964,7.07642603,4.5501414,23.9496366,0,0,-32.5833696,49.0532165,-16.2115616,75.6267983,-18.2960755,-11.8296716,-13.4027342,-7.54058861,-21.8246896,24.7184068,73.4359195,17.7106447,-5.18120776,16.0955389,-89.5564432,7.86062651,-23.1094806,75.155242,-16.0003226,0.00445513263,-25.0818907,-14.6808871,-13.7030098,29.592242,-11.3622408,19.9962274
766,-14.4910127,7.34332204,87.8764927,-19.3290224,22.8882955,-12.1206324,6.89823151,4.67344595,23.9496366,0,0,-32.4770543,49.0739017,-16.1075173,75.8347707,-18.3969762,-11.8531325,-13.438147,-7.46989957,-21.9899119,24.8580364,73.3439852,18.1942016,-5.16906753,15.6708394,-90.1366268,7.7743783,-23.093889,75.2623121,-15.9512818,0.0700247469,-25.7694039,-14.6546046,-13.4390478,29.7040078,-11.4781303,19.9962274
767,-14.5324916,7.40706846,87.741524,-19.3901062,23.2209078,-12.3932989,6.75777977,4.64701995,23.9496366,0,0,-32.469828,49.0493062,-15.8730096,76.0838336,-18.4973902,-11.9229268,-13.3496952,-7.36680896,-22.0164932,24.8641255,73.2804371,18.4697177,-5.26349617,15.3459956,-90.6808767,7.65582158,-23.0308651,75.4003092,-15.9067473,0.121811861,-26.4585768,-14.6966939,-13.18052,29.8603474,-11.6433475,19.9962274
768,-14.574267,7.46797919,87.6115322,-19.450532,23.5351636,-12.7205217,6.6615296,4.58575102,23.9496366,0,0,-32.473851,49.2115983,-15.9838755,76.2039015,-18.8727621,-11.9060656,-13.3847794,-7.32959723,-22.0463019,24.6273331,73.3443745,18.1289476,-5.49674884,15.339384,-91.2058656,7.60579557,-22.9368459,75.5140182,-15.8748452,0.156053361,-27.1960647,-14.7335103,-12.8839241,30.0593244,-11.7836336,19.9962274
769,-14.608404,7.53720328,87.4808252,-19.5647311,23.8208518,-13.0361154,6.54546462,4.67831417,23.9496366,0,0,-32.3472192,49.139311,-15.6427724,76.2797576,-19.0074329,-11.8561472,-13.4175156,-7.30977005,-22.199614,24.8745535,73.3642776,18.391676,-5.65874044,15.13601,-91.7345973,7.56290881,-22.927579,75.6477875,-15.8605325,0.161964209,-27.8538751,-14.7061759,-12.6208756,30.2217737,-11.8994352,19.9962274
770,-14.6333113,7.60820732,87.361604,-19.6571574,24.0856814,-13.3280813,6.46703527,4.73461115,23.9496366,0,0,-32.2703147,49.1400829,-15.4886817,76.317829,-19.0266599,-11.9343878,-13.2137403,-7.25445747,-22.2612445,24.559639,73.4735538,18.0829719,-5.79969334,15.214663,-92.1916668,7.51594358,-22.8909658,75.7534163,-15.8893884,0.209741823,-28.4724205,-14.7071134,-12.3722798,30.3792198,-11.9746962,19.9962274
771,-14.6543786,7.68566728,87.2238457,-19.7613115,24.3070919,-13.5783169,6.43881378,4.75648995,23.9496366,0,0,-32.3011223,49.1310226,-15.5386291,76.4057199,-19.2608859,-12.1365281,-13.0390608,-7.11571925,-22.2811238,24.4549579,73.4967697,18.0968714,-5.9209403,15.0707851,-92.6458061,7.44481313,-22.9145385,75.9428038,-15.9312421,0.237990818,-28.9598177,-14.7004181,-12.2310383,30.4753991,-12.0985335,19.9962274
772,-14.6756724,7.76524544,87.0978117,-19.8571573,24.5619387,-13.8560222,6.2661466,4.85676012,23.9496366,0,0,-32.1735036,49.036906,-15.2123015,76.4557101,-19.2227273,-12.1420452,-12.8271815,-7.15084222,-22.4339817,24.6365623,73.6045637,18.30232,-5.97503924,15.0498318,-93.1038112,7.37634988,-22.9054389,76.0903359,-15.9547635,0.289235299,-29.53048,-14.6983844,-12.0455227,30.6013136,-12.184529,19.9962274
773,-14.6918923,7.84508288,86.9738519,-19.9544262,24.7637347,-14.1171773,6.17856735,4.91717741,23.9496366,0,0,-32.0914594,49.000344,-14.9468291,76.49497,-19.2383104,-12.1885665,-12.8832872,-7.10504751,-22.4374668,24.3321135,73.7769372,17.7723383,-6.03112192,14.9883993,-93.5132947,7.33713947,-22.9039568,76.2554967,-16.0050354,0.265599296,-30.0038155,-14.695596,-11.9348284,30.6947199,-12.2758273,19.9962274
774,-14.7020996,7.90997073,86.8611157,-20.1085033,24.9476365,-14.4239281,6.24562914,4.97829223,23.9496366,0,0,-32.0989794,49.0070683,-14.8230456,76.3943818,-19.4996129,-11.96887,-13.0296121,-7.06638309,-22.5124384,24.6320117,73.7984113,17.9312973,-5.88371278,15.0808203,-93.9534799,7.3518628,-22.9698715,76.4245985,-16.0696439,0.257197016,-30.4865494,-14.6158484,-11.7659912,30.8119362,-12.3653181,19.9962274
775,-14.7130355,7.97618404,86.7409289,-20.2071128,25.0849776,-14.675498,6.23348378,4.96510442,23.9496366,0,0,-32.1378637,48.9131191,-14.6961765,76.5758121,-19.5127508,-12.2157771,-12.962105,-6.95690455,-22.4248088,24.4833083,73.8327535,17.6965796,-5.72796739,14.8828439,-94.3086088,7.34308088,-23.0044391,76.6158985,-16.1772655,0.26963866,-30.887321,-14.6018977,-11.6107615,30.9296989,-12.486741,19.9962274
776,-14.7122473,8.04248452,86.6315782,-20.3470313,25.246125,-14.9366347,6.29729952,4.98486159,23.9496366,0,0,-32.2334693,48.9895796,-14.7396951,76.539216,-19.5894675,-12.1860402,-13.1003062,-6.9326006,-22.3937673,24.6417499,73.8933168,18.0293106,-5.73763809,14.6922628,-94.6890162,7.34107281,-23.0737433,76.780308,-16.2681207,0.253180198,-31.2971665,-14.5339254,-11.4543929,31.0300446,-12.5503044,19.9962274
777,-14.7157162,8.11406747,86.5082979,-20.4935,25.39879,-15.2300485,6.33668025,4.98418498,23.9496366,0,0,-32.3472978,49.1453079,-15.1716943,76.5005161,-20.3249901,-12.1694044,-13.2393612,-6.92965807,-22.3069573,24.4793963,74.0559299,17.8792206,-5.75076144,14.8966682,-95.0829951,7.3663317,-23.1320117,76.9633844,-16.3993354,0.242750526,-31.7166459,-14.4622391,-11.3035131,31.1262068,-12.6352207,19.9962274
778,-14.7271201,8.18750262,86.4017606,-20.6104232,25.4824449,-15.4984448,6.32718757,5.10400571,23.9496366,0,0,-32.1894419,49.0498697,-14.820976,76.4205346,-20.109764,-12.0821854,-13.3490336,-6.88274022,-22.4313162,24.5569958,74.0940902,17.5834153,-5.65368524,14.9137539,-95.3812353,7.42393666,-23.1618289,77.1334561,-16.5350854,0.253245058,-32.0708288,-14.4142946,-11.1180163,31.2342433,-12.7179275,19.9962274
779,-14.7113979,8.23977515,86.3230169,-20.6951468,25.5946859,-15.7320333,6.32980908,5.02002383,23.9496366,0,0,-32.0554541,49.134687,-14.3656107,76.2504151,-19.739204,-12.0321287,-13.4887698,-6.85516674,-22.396262,24.8824833,74.1312737,17.841424,-5.52545698,14.882195,-95.6185229,7.4555869,-23.1711521,77.2462293,-16.7031269,0.282086653,-32.4026155,-14.3923851,-10.9766254,31.3098911,-12.7628112,19.9962274
780,-14.7139534,8.30156878,86.214745,-20.7942235,25.7226774,-16.0032748,6.3974382,4.99519183,23.9496366,0,0,-32.1352682,49.2964191,-14.8899251,76.0859783,-20.3386146,-11.9572732,-13.4322475,-6.88664324,-22.3377529,24.8995451,74.2531311,17.8515019,-5.71905314,14.9262361,-95.9370556,7.4673741,-23.2007883,77.411356,-16.8479593,0.33367195,-32.7896072,-14.3705114,-10.8160673,31.3980757,-12.8670818,19.9962274
781,-14.6931514,8.35345909,86.1200869,-20.8678134,25.8262709,-16.2097723,6.36442107,4.93865579,23.9496366,0,0,-31.9899969,49.5004914,-14.8007809,75.8353718,-20.2348555,-11.7399819,-13.6981425,-6.93610619,-22.2777121,24.8624367,74.3881708,17.8371517,-5.62293787,15.091624,-96.1760166,7.48119584,-23.2120222,77.5586285,-17.0176554,0.339210246,-33.0541063,-14.3626259,-10.7304475,31.4371239,-12.9883705,19.9962274
782,-14.6825656,8.40344653,86.036855,-20.9428269,25.8896591,-16.4043731,6.38469734,4.88717452,23.9496366,0,0,-32.1292747,49.5428967,-15.0703889,75.966327,-20.6002125,-12.1120385,-13.43058,-6.92912659,-22.1441085,24.7628645,74.5345964,17.7640994,-5.61369107,15.1686719,-96.3784225,7.51078337,-23.2423227,77.7029709,-17.1705475,0.316776383,-33.2762582,-14.3379553,-10.631618,31.4793583,-13.0922714,19.9962274
783,-14.6679163,8.44367296,85.9503865,-21.0372422,25.9808373,-16.6244686,6.38974869,4.82149414,23.9496366,0,0,-32.0181476,49.6946122,-14.8798454,75.7827588,-20.4604361,-12.1450437,-13.520257,-6.99460463,-22.051416,25.047668,74.6082532,17.9694696,-5.441429,15.1024567,-96.6355791,7.54672041,-23.28036,77.8527023,-17.2874496,0.313044031,-33.5443192,-14.2848796,-10.5010188,31.5268657,-13.2025823,19.9962274
784,-14.6544501,8.48554522,85.8620703,-21.1273195,26.0294281,-16.8089556,6.34306776,4.81939428,23.9496366,0,0,-32.0261662,49.7590892,-14.6708553,75.7687433,-20.3044517,-12.0639915,-13.5029305,-7.03853769,-22.0300307,25.1740641,74.6932685,18.2038355,-5.34611884,15.1256025,-96.8706401,7.5701343,-23.3462884,78.0426294,-17.3805621,0.321124119,-33.7240522,-14.2412757,-10.4299277,31.5499415,-13.3349728,19.9962274
785,-14.6297634,8.52829888,85.7795537,-21.246208,26.0773787,-16.9935472,6.39757566,4.74491918,23.9496366,0,0,-32.0469197,50.00932,-15.0483086,75.6518378,-20.6587216,-12.2072829,-13.3134978,-7.04291114,-21.8537469,25.2243753,74.7427533,18.4221301,-5.3012526,14.9856109,-97.1257613,7.60108274,-23.4507834,78.2442907,-17.4549651,0.278879025,-33.8791624,-14.1659524,-10.3566039,31.5686392,-13.4370013,19.9962274
786,-14.6062061,8.56517777,85.7126534,-21.3101501,26.1188284,-17.1261396,6.3704184,4.72033093,23.9496366,0,0,-32.0551023,50.1665442,-15.0302035,75.6753746,-20.7056041,-12.1190949,-13.6200162,-7.03900171,-21.7976676,25.2767406,74.7267365,18.5082485,-5.29022526,15.0536447,-97.2866669,7.62850168,-23.4785584,78.3740985,-17.552589,0.284177358,-34.0260354,-14.1487796,-10.3115656,31.6280516,-13.5316831,19.9962274
787,-14.5847261,8.59739482,85.6553137,-21.3584202,26.1760708,-17.2487562,6.31879284,4.58327763,23.9496366,0,0,-32.123411,50.3368891,-14.9635443,75.729497,-20.7887394,-12.1508254,-13.8387112,-7.06915188,-21.5971008,25.1173035,74.8134594,18.2497856,-5.30898182,15.0662328,-97.4506939,7.64238745,-23.4817925,78.4894057,-17.59503,0.277962846,-34.2223316,-14.1502967,-10.2205986,31.7382464,-13.5877794,19.9962274
788,-14.5565867,8.63218531,85.5817497,-21.3894524,26.1924818,-17.3441692,6.17211795,4.57862542,23.9496366,0,0,-32.0167303,50.3254212,-14.5759584,75.7522757,-20.6690557,-12.2542917,-13.6874063,-7.08572234,-21.6026009,25.0929214,74.8592148,18.1597194,-5.35156549,15.0659391,-97.5910269,7.64671523,-23.4917987,78.6695929,-17.6349303,0.326913558,-34.3496087,-14.1811572,-10.1436377,31.8455931,-13.677698,19.9962274
789,-14.5231664,8.6473681,85.5202258,-21.4337494,26.2580008,-17.4539292,6.16684547,4.47712454,23.9496366,0,0,-32.1513704,50.4870952,-14.5916678,75.7603695,-20.8257181,-12.2097922,-13.6707824,-7.14696182,-21.4750505,24.8996903,74.91415,18.0618786,-5.34854355,15.2306986,-97.7828391,7.63576559,-23.5224765,78.8254237,-17.6109598,0.3380997,-34.5230067,-14.1739667,-10.0741098,31.9306665,-13.750717,19.9962274
790,-14.498122,8.66735131,85.4613125,-21.4224001,26.2804306,-17.5217753,6.08662874,4.30637835,23.9496366,0,0,-32.1185411,50.6501386,-14.5888947,75.7506023,-20.9263285,-12.0037826,-13.5261651,-7.19307883,-21.360638,25.028231,74.9067188,18.1633137,-5.27250946,15.0667314,-97.8896018,7.63274152,-23.4882129,78.9744584,-17.6137704,0.376506361,-34.6601911,-14.2332434,-10.0095253,32.0507925,-13.8258064,19.9962274
791,-14.4767672,8.68985876,85.3944778,-21.444549,26.3404265,-17.603609,6.07205696,4.20761083,23.9496366,0,0,-32.2917479,50.7736968,-14.6613972,75.8130302,-20.8072168,-12.2064419,-13.3333608,-7.24774766,-21.2925666,25.0411691,74.8737016,18.3264391,-5.14866404,15.0259364,-98.0659027,7.60826298,-23.48705,79.1275366,-17.5871207,0.43132079,-34.850043,-14.2557275,-9.92429389,32.180911,-13.8775877,19.9962274
792,-14.4521669,8.7093845,85.3411376,-21.4674436,26.3525399,-17.6729922,6.00717998,4.10682199,23.9496366,0,0,-32.3530112,50.9944656,-14.9444795,75.8197102,-21.3410217,-12.1357964,-13.4602512,-7.28646544,-21.2077937,24.9707037,74.8970062,18.1882525,-5.14442847,15.0329902,-98.1848436,7.6148063,-23.4933065,79.2808129,-17.5828091,0.472440396,-34.9737822,-14.272587,-9.85757148,32.3086218,-13.8950269,19.9962274
793,-14.4309193,8.71552825,85.2637172,-21.5049682,26.3906758,-17.7306756,5.94960831,4.04202057,23.9496366,0,0,-32.4000815,51.1198405,-14.8325874,75.8125453,-21.3062833,-12.1177425,-13.5573663,-7.33807265,-21.1514822,24.8696511,74.9049019,18.1472713,-5.1119616,14.9893214,-98.3607141,7.58619037,-23.5295936,79.4576328,-17.5629265,0.504533854,-35.1042251,-14.2772307,-9.8315792,32.4297792,-13.964466,19.9962274
794,-14.4055218,8.72099549,85.2133751,-21.5678674,26.4009489,-17.7998813,5.93134182,3.98970773,23.9496366,0,0,-32.5646788,51.1460889,-15.0200026,75.9245126,-21.7041897,-12.1667304,-13.2329929,-7.42398447,-21.0668169,24.5781267,74.9408356,17.8151397,-4.99544455,14.8923686,-98.5210528,7.59748408,-23.6008103,79.6204441,-17.5072433,0.521865246,-35.1979592,-14.2379613,-9.77712295,32.5447551,-13.977703,19.9962274
795,-14.3775955,8.73563513,85.1646304,-21.6006479,26.4248615,-17.8415034,5.85849871,3.87306517,23.9496366,0,0,-32.6412452,51.344926,-15.1280323,75.9376539,-21.8177074,-12.222399,-13.2570454,-7.53660234,-20.9995874,24.7349854,74.9511218,17.8568107,-4.99007217,14.7297794,-98.6488525,7.58001161,-23.6342031,79.7633794,-17.494102,0.558716945,-35.3053913,-14.2442827,-9.73551686,32.6792894,-13.996381,19.9962274
796,-14.3466398,8.75379592,85.1035535,-21.6495646,26.4779295,-17.8748165,5.8317995,3.84667503,23.9496366,0,0,-32.9205658,51.3712359,-15.4652729,76.0583706,-21.9840413,-12.3292914,-12.9229322,-7.63921056,-21.0527536,24.9455191,74.8375768,17.9180758,-4.87670598,14.5848513,-98.8171005,7.5269214,-23.6871934,79.919702,-17.4742962,0.600402496,-35.4108596,-14.2395605,-9.73008002,32.7847543,-14.0285221,19.9962274
797,-14.3158853,8.75982642,85.0536704,-21.7148706,26.5384694,-17.9208151,5.80343928,3.79115626,23.9496366,0,0,-32.9362684,51.488862,-15.2672521,75.9257625,-21.925831,-12.1871262,-13.0215986,-7.75037787,-21.0818484,24.9724676,74.7378833,17.6403125,-4.8081185,14.6565495,-98.9853964,7.49492196,-23.7390891,80.0349136,-17.4343259,0.652684019,-35.5120899,-14.2007914,-9.72705596,32.8633288,-14.0141984,19.9962274
798,-14.2944738,8.75466764,85.0027859,-21.7981319,26.5175078,-17.9527667,5.8370929,3.69927015,23.9496366,0,0,-33.2549753,51.6655965,-15.6815543,76.0738137,-22.1078299,-12.2152076,-13.1329733,-7.85728143,-21.0650974,25.123741,74.6812952,17.6177814,-4.78183337,14.4777351,-99.0956835,7.50582807,-23.8494394,80.1677198,-17.4263073,0.711105775,-35.4855136,-14.1233029,-9.77669692,32.9027493,-14.0685675,19.9962274
799,-14.2597035,8.76334161,84.9558771,-21.8366563,26.5423931,-18.0119494,5.8842481,3.57609922,23.9496366,0,0,-33.2984221,51.8283053,-15.6425231,75.8816463,-22.0495753,-12.1252745,-13.2465432,-8.01534567,-21.1102433,25.0586697,74.5959588,17.0878851,-4.69670232,14.4615066,-99.207439,7.49970224,-23.8942574,80.2919883,-17.4604156,0.75049665,-35.5755833,-14.1125659,-9.72943286,32.9928326,-14.0991898,19.9962274
800,-14.2116591,8.76710042,84.9137962,-21.8899301,26.5643826,-18.0698182,5.84795461,3.47042894,23.9496366,0,0,-33.4493591,52.0620412,-16.0398506,75.9201139,-22.2152074,-12.241544,-13.3123922,-8.17164857,-21.1505602,24.927332,74.4541914,16.4623473,-4.56630291,14.2459569,-99.3316733,7.50202707,-23.9583177,80.4353061,-17.5024998,0.767009967,-35.6227731,-14.0833062,-9.70182182,33.0524841,-14.1603533,19.9962274
801,-14.1931728,8.78329128,84.8469138,-21.9632321,26.6009208,-18.1367303,5.873847,3.45643687,23.9496366,0,0,-33.3884782,52.0698788,-15.7146892,75.6562842,-21.7990149,-12.0272758,-13.026092,-8.37725775,-21.3331192,25.059667,74.294044,16.0979465,-4.53896934,13.9240851,-99.5007615,7.47032048,-24.0415538,80.5872573,-17.5249301,0.779982417,-35.731578,-14.0441103,-9.65178386,33.153769,-14.2406541,19.9962274
802,-14.1739592,8.78517032,84.7894669,-22.0280665,26.6175777,-18.1848472,5.92292362,3.30064111,23.9496366,0,0,-33.6433296,52.2298863,-15.9977852,75.6959335,-21.929562,-12.0791827,-12.887516,-8.63662906,-21.4179228,25.1510907,74.1277562,15.340511,-4.23921881,13.5308592,-99.6359104,7.45313145,-24.128328,80.7229664,-17.5438446,0.812080998,-35.7937737,-14.0008812,-9.63515491,33.2443885,-14.3086231,19.9962274
803,-14.1377047,8.79015177,84.7469151,-22.0949132,26.653548,-18.237146,5.93377081,3.17277847,23.9496366,0,0,-33.7258793,52.4550571,-16.1149178,75.5621369,-21.9194926,-12.0696324,-13.1249513,-8.91805932,-21.5696008,25.2433188,73.904088,14.8872852,-4.04561581,13.168761,-99.7515114,7.43677571,-24.2124486,80.8158501,-17.5714659,0.810351679,-35.8443273,-13.9532697,-9.63245528,33.2854379,-14.3322538,19.9962274
804,-14.1127601,8.80082175,84.7125888,-22.1251156,26.6655151,-18.3156653,5.90271479,2.99722297,23.9496366,0,0,-33.7680967,52.6724279,-16.3141595,75.4855295,-21.7598557,-12.1749283,-12.8806679,-9.23391118,-21.7433506,25.3373056,73.6687333,14.2107968,-3.84196561,12.7283521,-99.8371893,7.44452114,-24.262519,80.9116503,-17.6055041,0.824152983,-35.9324368,-13.9410283,-9.55388505,33.3497305,-14.3694305,19.9962274
805,-14.0825287,8.81133154,84.6634686,-22.1415186,26.634582,-18.361927,5.96005381,2.84183062,23.9496366,0,0,-33.8920236,52.7753998,-16.5306236,75.4198436,-21.8370795,-12.1315447,-12.7770453,-9.50364901,-21.9483809,25.35218,73.4366981,13.5528268,-3.61373015,12.2229283,-99.8920357,7.45172614,-24.313911,81.0614364,-17.6718577,0.817948237,-35.929633,-13.9554818,-9.52792777,33.3954176,-14.4617969,19.9962274
806,-14.0462071,8.80644023,84.6188426,-22.2062135,26.6535238,-18.451012,6.07956718,2.66210678,23.9496366,0,0,-33.9800409,52.9364864,-16.7656333,75.2131962,-22.1914007,-12.1393908,-12.7174349,-9.89221676,-22.1044114,25.3960811,73.2338074,13.2177437,-3.37572751,11.6480236,-100.023408,7.46752522,-24.3997085,81.1898439,-17.680737,0.810969598,-35.9792645,-13.8998354,-9.49970457,33.4162566,-14.5123044,19.9962274
807,-14.0008256,8.79372358,84.5945776,-22.282014,26.663755,-18.5390836,6.16157512,2.35992876,23.9496366,0,0,-34.0796387,53.2868717,-16.7575908,75.1033053,-21.9677172,-12.2473061,-12.8536818,-10.2531957,-22.2377675,25.5605367,72.847205,12.4359329,-3.12349673,11.2586021,-100.147068,7.51674954,-24.5076818,81.2999329,-17.5951803,0.753633948,-35.9866309,-13.816029,-9.48724887,33.3987098,-14.5133529,19.9962274
808,-13.9729142,8.80079046,84.5732033,-22.3132783,26.6429027,-18.6015148,6.21606979,2.1570557,23.9496366,0,0,-34.0315097,53.3382928,-16.6336826,74.9441004,-21.9264935,-12.2248835,-12.6271167,-10.694717,-22.4666608,25.7133844,72.5862576,11.9755995,-2.92030458,10.6251686,-100.196259,7.52433703,-24.5860702,81.4062107,-17.6020668,0.739072412,-35.9898138,-13.7972425,-9.460355,33.4140265,-14.5499524,19.9962274
809,-13.9375761,8.78969431,84.5599174,-22.3303447,26.6354606,-18.6621803,6.33775601,1.83584919,23.9496366,0,0,-34.1621781,53.5691498,-16.723182,74.8786877,-21.8182333,-12.4492039,-12.7742603,-11.0351311,-22.6832085,26.012866,72.0471166,11.3248447,-2.68603656,9.84355764,-100.246379,7.53487089,-24.6578145,81.5023934,-17.5717613,0.698591482,-35.9872183,-13.7806639,-9.42895235,33.4075071,-14.627779,19.9962274
810,-13.9118358,8.77874643,84.5377624,-22.3406199,26.5984726,-18.7074085,6.50385298,1.54578621,23.9496366,0,0,-34.3375808,53.7166887,-17.0440353,74.7189227,-22.1289711,-12.4471481,-12.580335,-11.4164597,-22.8954925,25.7729624,71.6341088,10.4853623,-2.53408705,9.76384848,-100.265893,7.55072205,-24.7258619,81.6032411,-17.5603754,0.683382091,-35.9549218,-13.778322,-9.41325316,33.4156179,-14.6990981,19.9962274
811,-13.8739929,8.75179172,84.5143795,-22.3401464,26.5754017,-18.7695009,6.64215492,1.12070139,23.9496366,0,0,-34.4141472,54.0133853,-17.160519,74.5303275,-22.3264336,-12.3590822,-12.5940176,-11.8313527,-23.0865209,25.8744573,71.0478122,9.49840769,-2.24133426,9.49501394,-100.290434,7.58807038,-24.780611,81.705933,-17.5480315,0.655897997,-35.9331095,-13.7708413,-9.38142021,33.4120184,-14.7744607,19.9962274
812,-13.8286605,8.72167572,84.511739,-22.3694122,26.5181183,-18.842918,6.8620392,0.732097508,23.9496366,0,0,-34.6623768,54.0860516,-17.3832071,74.5947157,-22.6215114,-12.4983531,-12.524891,-12.2232118,-23.3522306,26.0609915,70.3765753,8.922376,-1.78436963,9.54102978,-100.312407,7.65603673,-24.8912994,81.8183784,-17.5152791,0.606864549,-35.8782768,-13.7237727,-9.34721462,33.4243845,-14.8304068,19.9962274
813,-13.7896597,8.69022459,84.5160902,-22.3696992,26.4507763,-18.9171774,7.07892545,0.261929564,23.9496366,0,0,-34.8009715,54.3265221,-17.3499731,74.3920777,-22.2913827,-12.5211574,-12.3565627,-12.6560246,-23.5597011,26.2823767,69.7304053,7.83706236,-1.32288555,9.26187824,-100.295796,7.7368225,-24.9659055,81.9125599,-17.5360719,0.585570794,-35.8267328,-13.7070456,-9.28070907,33.4350669,-14.9174388,19.9962274
814,-13.7413234,8.63806233,84.5184863,-22.3884237,26.3966989,-18.9768913,7.33266143,-0.238597317,23.9496366,0,0,-35.1903709,54.4166396,-17.5679432,74.48309,-22.389343,-12.7383207,-12.1424687,-13.1178906,-23.7640347,26.4585392,69.0075937,7.15902094,-1.1180199,9.20474456,-100.289081,7.83007508,-25.0465735,81.9872139,-17.5749254,0.582102659,-35.7432815,-13.6648658,-9.26499708,33.4327071,-15.0170759,19.9962274
815,-13.6816412,8.56952146,84.5309198,-22.3845469,26.2903757,-18.9600291,7.61444515,-0.792760527,23.9496366,0,0,-35.4471108,54.649491,-17.6714701,74.3325184,-22.211811,-12.8468781,-11.9843626,-13.5568404,-24.0126741,26.8706575,68.2618873,6.46838594,-1.07209435,9.48336164,-100.175147,7.93044044,-25.1431575,82.044205,-17.6499192,0.470817906,-35.5126533,-13.6355617,-9.33270645,33.4009911,-15.1291132,19.9962274
816,-13.6182502,8.49004909,84.5440865,-22.3952732,26.1453509,-18.967274,7.95682631,-1.33315464,23.9496366,0,0,-35.8557542,54.9157489,-18.2177743,74.2403792,-22.4320795,-12.9721616,-11.9606089,-13.9758964,-24.3410508,27.3085955,67.4702205,5.97010998,-1.05695801,9.54257084,-100.061349,8.08070972,-25.2697789,82.121229,-17.7203452,0.400871833,-35.2513201,-13.5701311,-9.34898535,33.3624722,-15.2300122,19.9962274
817,-13.5567978,8.39671493,84.5652223,-22.358776,26.0338779,-18.9645195,8.31065743,-1.95779902,23.9496366,0,0,-36.2549788,55.1221504,-18.3082726,74.0752047,-22.5981522,-12.9178471,-12.2117277,-14.5921937,-24.719071,28.2925304,66.8158338,6.04541281,-1.07307875,9.84682503,-99.9390274,8.19778941,-25.3587746,82.1799208,-17.7530414,0.327888621,-35.059402,-13.5525817,-9.32406541,33.3625781,-15.3494073,19.9962274
818,-13.4497494,8.29661787,84.6086323,-22.380266,25.8697355,-18.8400258,8.63953702,-2.51337536,23.9496366,0,0,-36.6383027,55.2053489,-18.1972137,73.936948,-22.4009629,-12.8190305,-12.386286,-15.0780763,-25.0553144,28.8807514,66.0884255,5.73025849,-1.1454461,10.1519825,-99.7428097,8.27866568,-25.5862814,82.2500601,-17.8337486,0.224976479,-34.5676728,-13.4671309,-9.51096073,33.2265207,-15.4698286,19.9962274
819,-13.3474484,8.17036182,84.659642,-22.3362156,25.7064047,-18.685543,9.06065404,-3.15604216,23.9496366,0,0,-37.0694174,55.4252776,-18.655895,73.7030141,-22.4502495,-12.6994382,-12.5394948,-15.6347453,-25.4303669,29.8341604,65.3530258,5.97195328,-1.23631472,10.2320477,-99.4838431,8.38030316,-25.7271301,82.273754,-17.9115359,0.053416635,-34.1003717,-13.4320673,-9.62173017,33.1409043,-15.6203319,19.9962274
820,-13.2220268,8.04160833,84.7320735,-22.2536304,25.5155908,-18.435644,9.40188517,-3.78001708,23.9496366,0,0,-37.5685983,55.4148957,-18.831226,73.6417473,-22.059561,-12.8179121,-12.4434205,-16.1423735,-25.9174124,30.8118474,64.5466264,6.2921487,-1.25925188,10.5431423,-99.1071582,8.46453989,-25.8324209,82.2628872,-17.999939,-0.138541916,-33.4625516,-13.4213243,-9.85217649,32.9628549,-15.7560972,19.9962274
821,-13.0816728,7.89892226,84.8255932,-22.2007541,25.3078807,-18.2045751,9.77285067,-4.47050353,23.9496366,0,0,-38.0269245,55.5735371,-19.0467953,73.4725771,-21.6568377,-12.5905965,-12.8764801,-16.645924,-26.2542927,31.6941644,63.7797532,6.67643521,-1.4545939,10.6584325,-98.6951338,8.59073361,-25.9672266,82.1861841,-18.1253635,-0.205934499,-32.8219891,-13.3583141,-10.0263625,32.8107125,-15.833094,19.9962274
822,-12.9353151,7.74237365,84.9066615,-22.1231156,25.097411,-17.870237,10.2808947,-5.16060322,23.9496366,0,0,-38.5516401,55.5889767,-19.0761907,73.1756756,-20.8633029,-12.3764061,-13.2222012,-16.997146,-26.528996,32.2591132,63.0195873,7.16544388,-1.56532418,10.5854101,-98.2967016,8.62315652,-26.1769527,82.205616,-18.2069074,-0.405920704,-32.108651,-13.3266118,-10.2985063,32.6884453,-15.9876065,19.9962274
823,-12.7460644,7.58531913,85.0261748,-22.0195828,24.8248082,-17.4866382,10.7321567,-5.92975423,23.9496366,0,0,-39.2191272,55.5762418,-19.5170931,73.144086,-20.2276462,-12.4307326,-13.1365745,-17.2996397,-26.7122824,32.9285332,62.363049,7.4236737,-1.88106761,10.587349,-97.7379785,8.72073174,-26.3175334,82.1532011,-18.3414434,-0.623239714,-31.206646,-13.301749,-10.6201211,32.453094,-16.0700059,19.9962274
824,-12.5868529,7.4317582,85.1195574,-21.9674408,24.5659607,-17.0772221,11.2173674,-6.55260089,23.9496366,0,0,-39.8191627,55.4809743,-19.9379284,72.8936298,-19.6031757,-12.4084935,-12.9445976,-17.5787503,-26.9805586,33.4121619,61.7510914,7.90026466,-2.1862823,10.6666663,-97.2409319,8.77301001,-26.544434,82.1101027,-18.4426924,-0.87423193,-30.3213988,-13.2236654,-11.0146106,32.2549741,-16.1579565,19.9962274
825,-12.3762593,7.27499425,85.243994,-21.9135167,24.3312629,-16.6587917,11.9367041,-7.3223393,23.9496366,0,0,-40.8326501,55.3479428,-20.8071775,72.8008212,-18.7419879,-12.2775212,-12.8117615,-17.7391402,-27.0784796,33.910069,61.1364495,8.85906954,-2.52391434,10.7183819,-96.7163802,8.84276332,-26.74803,82.0326825,-18.5468391,-1.18137182,-29.4649682,-13.1380388,-11.3038948,32.0966469,-16.0619582,19.9962274
826,-12.165527,7.09781349,85.3363276,-21.8053224,24.059892,-16.220022,12.7022514,-8.09297674,23.9496366,0,0,-41.7702643,55.1347316,-21.424321,72.635879,-17.7095962,-12.1040822,-13.0868636,-17.8186112,-27.2207712,34.3052125,60.5538412,9.51947114,-2.63701374,10.6642988,-96.1677863,8.89917129,-26.9414848,82.0378461,-18.6864226,-1.38357018,-28.5498919,-13.1000826,-11.6154897,31.9136627,-16.1292936,19.9962274
827,-11.9409904,6.94154724,85.4134381,-21.7650951,23.8288385,-15.7166791,13.3579606,-8.7105411,23.9496366,0,0,-42.7409059,54.854728,-22.3094144,72.4599333,-17.2944112,-11.7878077,-13.4127003,-17.8623158,-27.4170675,34.7266488,59.8728577,10.5351023,-2.67811675,10.4861965,-95.676962,8.8425439,-27.2634787,82.072721,-18.817108,-1.65956457,-27.6050923,-13.0058037,-11.9993165,31.7625482,-16.1644742,19.9962274
828,-11.7321253,6.787204,85.5461776,-21.8500833,23.4537123,-15.2384691,14.1535197,-9.17195026,23.9496366,0,0,-43.7853272,54.5721664,-23.4374082,72.3921778,-16.4289665,-11.5507822,-13.4743436,-17.9157518,-27.6981656,35.4842022,59.4034393,11.6992065,-2.9348356,10.3854196,-95.1117229,8.93342384,-27.7489344,82.0677213,-18.9163301,-2.03416288,-26.5591752,-12.7249566,-12.385299,31.6694084,-15.960868,19.9962274
829,-11.5220159,6.63802922,85.6612086,-21.8826566,23.1067572,-14.7603866,14.9818389,-9.73937591,23.9496366,0,0,-44.9159011,54.1229108,-24.3556947,72.4427075,-15.2720537,-11.4033526,-13.3809075,-17.9423554,-27.9343723,36.1101651,58.9770989,12.8907748,-3.08318048,10.3630559,-94.58754,8.95798093,-28.1787702,82.1449844,-18.9122867,-2.32397955,-25.6303856,-12.5135085,-12.6237452,31.6915587,-15.7357552,19.9962274
830,-11.2766981,6.49189204,85.7809305,-21.9732085,22.7629441,-14.2825442,15.9340698,-10.2026301,23.9496366,0,0,-46.0870122,53.6057186,-25.4594943,72.4888318,-14.2473289,-11.3625217,-13.3383494,-17.9811184,-28.215479,36.8396771,58.78306,14.3844177,-3.4855529,10.5659603,-94.0657409,9.04302276,-28.6477036,82.2029659,-19.0511205,-2.61406515,-24.784996,-12.2602912,-12.7464555,31.8683479,-15.3801551,19.9962274
831,-11.0392906,6.35681748,85.8950078,-22.0512109,22.4084329,-13.7746297,16.7730561,-10.5162425,23.9496366,0,0,-47.1231963,52.9176453,-25.9382427,72.566935,-12.2031746,-10.9782399,-13.3006826,-18.0672283,-28.5004499,37.5689125,58.814677,15.4433736,-3.59121272,10.8073998,-93.473987,9.1017769,-29.1182815,82.2004661,-19.2597469,-2.89286814,-23.964791,-12.0161281,-12.8208994,32.0994234,-14.9536508,19.9962274
832,-10.7800186,6.21784814,86.0288382,-22.1668844,21.9780824,-13.2062301,17.7040928,-10.8584922,23.9496366,0,0,-48.0626273,52.3121388,-26.6938085,72.5265345,-11.1608518,-10.8257277,-13.5538436,-17.970559,-28.5985468,38.0813133,58.9325592,16.8932144,-3.97459978,11.1666472,-92.8029687,9.20318045,-29.6572585,82.2033757,-19.4896852,-3.26755396,-23.0499265,-11.6973128,-12.7782372,32.3955292,-14.4353299,19.9962274
833,-10.536658,6.12088293,86.1615598,-22.320307,21.5416653,-12.6055633,18.5562972,-11.0773579,23.9496366,0,0,-48.8725785,51.7291412,-27.2034021,72.3980518,-9.32217088,-10.4546948,-13.6267345,-17.9886453,-28.6445139,38.4893147,59.3240042,17.9231728,-4.19550688,11.8758668,-92.1109954,9.28885151,-30.2132393,82.1672987,-19.7560814,-3.58089188,-22.2470309,-11.3869149,-12.6786778,32.8900759,-13.7332069,19.9962274
834,-10.28741,6.00388125,86.3121986,-22.3416336,21.1209401,-11.8916601,19.0628923,-11.316155,23.9496366,0,0,-49.4314007,51.3322662,-27.8217118,72.2473505,-8.03467425,-10.0798071,-13.6968533,-18.1893248,-28.7437515,39.2696877,59.8367738,19.1055213,-4.50609948,12.5481666,-91.3054975,9.29494575,-30.6228765,82.1075277,-19.9883437,-3.86210272,-21.448032,-11.211922,-12.6467433,33.4762051,-13.0232019,19.9962274
835,-10.0107864,5.94374426,86.4720881,-22.3553303,20.6905801,-11.0974823,19.5057123,-11.4287395,23.9496366,0,0,-49.809496,50.8473911,-28.2446388,72.1433062,-6.50161267,-9.80251845,-13.88541,-18.3806145,-28.9519834,40.0867457,60.2958035,20.0360953,-4.54309093,13.0637827,-90.4477692,9.24806077,-30.9804233,82.069948,-20.2361447,-4.08577989,-20.7187761,-11.0895071,-12.4754472,34.2108056,-12.1150139,19.9962274
836,-9.71986651,5.93107827,86.573112,-22.2558058,20.2365225,-10.1877838,19.8055354,-11.5340414,23.9496366,0,0,-50.0239776,50.3544051,-29.2534133,72.2022371,-6.18170156,-9.96320121,-13.4105275,-18.4673477,-29.1486519,40.4492511,60.8297126,20.3769763,-4.64624301,13.9865498,-89.4098537,9.14116575,-31.1456763,82.0511581,-20.7590213,-4.17139375,-19.9510697,-11.1634593,-12.2916588,35.0415137,-11.3537774,19.9962274
837,-9.42774713,5.92408776,86.6808474,-22.13086,19.8648268,-9.25433025,20.024443,-11.6536389,23.9496366,0,0,-50.3047155,50.0425523,-30.1440837,71.9654822,-5.89298306,-9.69230396,-13.8837366,-18.549981,-29.3070201,40.6597131,61.3048342,20.5163856,-4.63048747,14.5022299,-88.4462711,8.94362045,-31.2884341,82.022403,-21.1219861,-4.26963663,-19.3790362,-11.2678263,-11.901573,36.0061721,-10.597777,19.9962274
838,-9.10054818,5.95484488,86.744678,-21.8885255,19.5514962,-8.30744066,20.2092884,-11.9567371,23.9496366,0,0,-50.5482459,49.8030313,-31.1571749,71.7048354,-5.66513093,-9.38071499,-13.7912379,-18.3345244,-29.3938284,40.3144949,61.4477286,20.3604951,-4.33864886,14.7036914,-87.4773609,8.65321532,-31.2505197,82.0824814,-21.564917,-4.31818262,-18.9633372,-11.5646287,-11.3318157,37.0083657,-9.89312262,19.9962274
839,-8.77853632,5.97479232,86.8207037,-21.621326,19.2089878,-7.35561425,20.4003492,-12.2933638,23.9496366,0,0,-50.8490747,49.649434,-32.4812241,71.5154616,-5.4294433,-9.22285652,-13.8662513,-18.2825432,-29.5972861,40.6102011,61.7044344,20.5704244,-4.33213969,14.7626565,-86.489538,8.35414781,-31.1949356,82.1648398,-21.9849275,-4.31460232,-18.4475726,-11.8727864,-10.7801516,37.731051,-9.3894713,19.9962274
840,-8.4717162,5.96725196,86.9027376,-21.3628749,18.916692,-6.44675007,20.5552989,-12.7642865,23.9496366,0,0,-51.1759437,49.6120831,-33.8193402,71.3661809,-5.33378095,-9.09940426,-13.6959013,-18.0154845,-29.5724276,40.3673298,61.6906921,20.2922957,-4.34252371,14.6979473,-85.5489731,8.08298247,-31.1250525,82.1800438,-22.3909447,-4.33186136,-18.0502929,-12.229242,-10.3870998,38.2466961,-8.91226989,19.9962274
841,-8.2030952,5.96871115,86.9268417,-21.0589095,18.6237818,-5.49247486,20.7350456,-13.1349532,23.9496366,0,0,-51.5026589,49.4060504,-35.1914978,71.2862746,-5.47168802,-9.05082369,-14.1218242,-17.5914049,-29.6868981,40.2401824,61.5826453,20.5913589,-4.27399173,14.3008059,-84.6560625,7.71243617,-31.0247751,82.2906587,-22.7740842,-4.24721354,-17.5860279,-12.7271013,-10.2138359,38.4667375,-8.55067113,19.9962274
842,-7.91942105,5.96422628,87.0695114,-20.8989644,18.2763621,-4.64514031,20.9051463,-13.3737341,23.9496366,0,0,-51.6704289,49.3006606,-36.6834366,71.1713498,-6.0994157,-8.95987716,-13.6617726,-17.1875205,-29.6764206,39.9988548,61.5563627,20.7163189,-4.08401813,13.969044,-83.6914144,7.5711187,-31.0186552,82.1859792,-23.0846597,-4.19808826,-17.3019927,-13.1450978,-10.2732269,38.5664514,-7.92363757,19.9962274
843,-7.67141581,5.92797324,87.1529937,-20.7416839,17.9806264,-3.81306246,21.0814847,-13.67023,23.9496366,0,0,-51.941,49.1044088,-37.6479754,71.1897776,-6.00208892,-8.79955127,-13.7043118,-16.8146382,-29.6354224,40.0724603,61.5437269,21.4318956,-4.39858846,13.5689896,-82.9039141,7.3615241,-31.057642,82.1911975,-23.3420912,-4.13989121,-17.0324683,-13.7185203,-10.7545939,38.3329341,-7.6323872,19.9962274
844,-7.44427741,5.93360551,87.236321,-20.609903,17.6613291,-2.93164646,21.2263411,-13.7476554,23.9496366,0,0,-52.115262,48.783506,-38.3199772,71.2494462,-5.74639994,-8.41974751,-13.6446313,-16.2595215,-29.6741257,39.7881298,61.5357492,22.0536461,-4.58874435,13.545988,-82.0921051,7.09852297,-31.1407927,82.196648,-23.5837245,-4.04682988,-16.8377516,-14.3713788,-11.34,38.0201661,-7.36617119,19.9962274
845,-7.2444424,5.93784265,87.2936606,-20.4018938,17.3192741,-1.98542412,21.1581707,-13.741795,23.9496366,0,0,-51.9654896,48.5114869,-38.8666963,71.2132462,-6.02195282,-8.33323889,-13.658985,-15.8110786,-29.8019527,40.0091171,61.5188308,22.9121291,-4.73224235,13.4187775,-81.2263923,6.75446286,-31.1619185,82.232807,-23.8193609,-3.94761797,-16.5777178,-15.1774795,-12.0840313,37.3707722,-7.19404274,19.9962274
846,-7.06964135,5.98172992,87.3127401,-20.2061862,17.0023573,-0.984530565,20.9821055,-13.5344194,23.9496366,0,0,-51.7705731,48.0287735,-38.5961491,71.3056586,-5.30149123,-8.05676735,-13.7144615,-15.306471,-30.0387075,40.0652203,61.5009494,23.9741501,-4.83136334,13.3359264,-80.4255526,6.29065972,-31.2250841,82.3436268,-24.036911,-3.7981905,-16.427848,-16.0491533,-12.8603779,36.6233548,-6.83089097,19.9962274
847,-6.89951777,6.02263175,87.3835564,-20.0872065,16.707154,-0.0875433079,21.0293909,-13.3243544,23.9496366,0,0,-51.8122509,47.6561491,-39.2747113,71.3154053,-5.29458634,-7.86487062,-13.7503977,-14.543737,-30.170998,39.5547866,61.4310014,24.715463,-5.05387425,13.7170817,-79.657088,5.94829222,-31.3084192,82.3300689,-24.2310711,-3.55901243,-16.4037648,-16.8121486,-13.7038337,35.578329,-6.06318838,19.9962274
848,-6.74122348,6.0758993,87.3845518,-19.8151379,16.4953694,0.802292006,20.9648678,-13.1914662,23.9496366,0,0,-51.6835941,47.1747369,-39.1303313,71.4057551,-4.79487476,-7.6145809,-14.0856686,-13.8935755,-30.3099787,39.2940202,61.3752466,25.4552356,-4.97596869,13.7154843,-78.9520008,5.43330023,-31.2333076,82.4227887,-24.4530796,-3.25264793,-16.5593326,-17.7892857,-14.4235068,34.3799587,-5.25955131,19.9962274
849,-6.62284642,6.13691397,87.3957634,-19.5245866,16.2702902,1.75140924,20.7932132,-12.90488,23.9496366,0,0,-51.5562281,46.6152454,-39.3714404,71.644798,-4.77294473,-7.64898713,-14.3449443,-12.9136961,-30.4163726,38.2903513,61.2430278,25.5698667,-5.00765906,14.1858658,-78.2294624,4.85689074,-31.1585341,82.5070391,-24.5690852,-2.90434222,-16.7399672,-18.7020381,-15.1045604,32.9830928,-4.0976896,19.9962274
850,-6.47855997,6.20536394,87.4409437,-19.1869708,16.0664814,2.64837471,20.6727304,-12.743364,23.9496366,0,0,-51.3703821,45.9731017,-39.2766579,71.9177597,-4.35479073,-7.55943822,-14.3486565,-12.0298841,-30.5057183,37.7241081,61.1252548,25.9208923,-5.01209014,14.5762794,-77.4545842,4.29616594,-31.005695,82.5244151,-24.6804668,-2.53528853,-17.1483989,-19.6037221,-15.5908886,31.53178,-2.6537302,19.9962274
851,-6.35472015,6.2458273,87.4915063,-18.8702179,15.8799813,3.54423478,20.5087102,-12.5736722,23.9496366,0,0,-51.1206123,45.4331889,-39.4148975,72.1197284,-4.71787462,-7.62716638,-14.3845765,-11.2181366,-30.5243579,37.2435531,61.0959875,26.2279367,-4.99589448,14.9110987,-76.7314448,3.72849227,-30.9089351,82.5086374,-24.7606242,-2.24928033,-17.6542051,-20.3396938,-16.0207158,29.9408616,-1.18066586,19.9962274
852,-6.25989586,6.28670231,87.5204563,-18.5051767,15.7427255,4.38267493,20.3224407,-12.4569733,23.9496366,0,0,-51.0060666,44.8777955,-39.5013404,72.4238494,-4.60333491,-7.54006695,-14.5071989,-10.39299,-30.5005649,36.7930645,61.0838502,26.5498981,-5.07230723,15.2479995,-76.1015648,3.11720143,-30.7465508,82.5126467,-24.7555562,-2.02031105,-18.3764874,-21.0636221,-16.2750413,28.2423763,0.288094204,19.9962274
853,-6.18893877,6.31994754,87.541461,-18.1828737,15.5228334,5.17872334,20.0955435,-12.1893801,23.9496366,0,0,-50.6924619,44.3222143,-39.5647041,72.7176431,-4.61633575,-7.74637623,-14.7432536,-9.60272602,-30.5201539,36.4953878,60.9755371,26.8817668,-4.92777402,15.160001,-75.4586459,2.57689526,-30.6474071,82.5540308,-24.7512481,-1.87949923,-19.1898502,-21.6486654,-16.4373147,26.5411384,1.88603444,19.9962274
854,-6.11231774,6.33553714,87.5667632,-17.751643,15.3390185,5.92077116,19.7874473,-12.1333615,23.9496366,0,0,-50.265155,43.8991319,-39.4612438,72.8638707,-4.85893809,-7.53850284,-15.038007,-8.9797402,-30.489944,36.4195829,61.0165387,26.6825899,-4.82208922,15.4261393,-74.8111439,2.0062558,-30.4166731,82.5600004,-24.7341145,-1.80144233,-20.2071061,-22.2869807,-16.4845813,24.816671,3.78846645,19.9962274
855,-6.0463544,6.36340678,87.5614762,-17.2860617,15.1744938,6.73461178,19.3938594,-11.988418,23.9496366,0,0,-49.8355634,43.3147887,-39.2046028,73.1646722,-4.9269719,-7.62705795,-15.0426891,-8.38442177,-30.5400229,36.4543486,61.0557372,26.9586696,-4.83769364,15.4168708,-74.1512384,1.3297119,-30.1874417,82.5679985,-24.7538401,-1.64643151,-21.3419164,-22.9343528,-16.4593506,23.1372129,5.77728307,19.9962274
856,-5.98012656,6.39871955,87.6534641,-16.9369104,14.9834598,7.40220823,18.9739957,-11.8082368,23.9496366,0,0,-49.2844662,43.0408981,-38.6479082,73.1280146,-4.55263527,-7.43406327,-15.7607503,-7.89698702,-30.5604554,36.5401529,61.0925451,26.7109813,-4.81107853,15.6266139,-73.4154836,0.890759761,-29.9893184,82.3593431,-24.8308624,-1.48223515,-22.7804106,-23.345952,-16.0554832,21.6353892,7.73241874,19.9962274
857,-5.93544766,6.37628958,87.7074778,-16.5352504,14.7862436,8.14035883,18.4403035,-11.7137428,23.9496366,0,0,-48.7441778,42.6158588,-38.3727746,73.4207155,-4.7768072,-7.4823971,-15.6629522,-7.58971389,-30.5650624,37.0336818,61.2167589,26.6835274,-4.88465034,15.686361,-72.7043106,0.378783135,-29.7995655,82.1822636,-24.9007865,-1.26952,-24.178231,-23.7010604,-15.748765,20.1259327,9.06952133,19.9962274
858,-5.88882565,6.33758977,87.7491057,-16.1496078,14.5721202,8.79404687,18.017093,-11.5868439,23.9496366,0,0,-48.2959193,42.3331129,-38.3318208,73.5120693,-4.68158753,-7.43912444,-15.7746156,-7.12204486,-30.4510597,37.0761759,61.263532,26.0734309,-4.83173644,15.6293136,-72.0036562,-0.0196262901,-29.5609324,81.9467177,-25.0208732,-1.01447039,-25.7556564,-23.9828791,-15.2977215,18.7540278,10.2604937,19.9962274
859,-5.82656525,6.29191995,87.7926588,-15.7034538,14.4131457,9.51311552,17.4568468,-11.6529123,23.9496366,0,0,-47.8390821,42.1209946,-38.2243682,73.6318435,-4.60014863,-7.28661058,-15.7329702,-6.77125872,-30.2519153,37.3476076,61.2903883,25.8946542,-4.73867468,15.6212522,-71.4138078,-0.552794744,-29.277442,81.839313,-24.9308308,-0.723248518,-27.5044836,-24.2969175,-14.7800581,17.580632,11.5871461,19.9962274
860,-5.78010269,6.25409931,87.7955616,-15.1792076,14.2554611,10.2856092,16.7219423,-11.6331987,23.9496366,0,0,-47.2802872,41.860778,-37.937531,73.7926876,-4.83800826,-7.34622021,-15.7847635,-6.45115679,-30.1502548,37.5979306,61.4082501,25.7032381,-4.79074634,15.5905744,-70.8416224,-1.19041894,-28.9149775,81.8002716,-24.8356316,-0.42806439,-29.2765848,-24.6598891,-14.1736483,16.4276517,13.113643,19.9962274
861,-5.72406985,6.23428151,87.7674162,-14.6127355,14.1657428,11.0950617,15.9795298,-11.8027778,23.9496366,0,0,-46.9747558,41.7172074,-38.1120184,73.9736466,-5.12528046,-7.25690951,-15.8650558,-6.18447333,-29.880978,37.9106303,61.5623733,25.5279959,-4.82759307,15.3383919,-70.4070038,-1.94232053,-28.488176,81.8417923,-24.7037987,-0.142759625,-31.0038918,-25.0095043,-13.4465849,15.0391989,15.1111191,19.9962274
862,-5.65562174,6.2196862,87.7502918,-14.0024046,14.0849674,11.9912025,15.1027555,-11.8894973,23.9496366,0,0,-46.6489216,41.5407871,-38.2822677,74.1271142,-5.09899747,-7.12548642,-15.7718938,-5.82758229,-29.5827104,37.9883579,61.7368232,25.4793035,-4.85120717,15.3623898,-69.8733202,-2.71510393,-28.0148081,81.7513948,-24.680419,0.186221493,-32.8897139,-25.3819836,-12.601705,13.9363871,17.2437773,19.9962274
863,-5.55407032,6.24347478,87.6906455,-13.3463662,14.0344434,13.0325732,14.1686486,-12.0756583,23.9496366,0,0,-46.5097633,41.4061435,-38.6928816,74.4156896,-5.35356844,-7.1254527,-15.9837901,-5.35870005,-29.1784759,37.9691787,61.8018261,25.5528852,-4.87085506,15.2206548,-69.3434136,-3.62304482,-27.5168975,81.700305,-24.7085542,0.620111274,-34.704116,-25.8365463,-11.6538429,12.8858229,19.4093059,19.9962274
864,-5.47151379,6.28605112,87.594527,-12.7395229,13.9755895,14.1346277,13.0396926,-12.1554102,23.9496366,0,0,-46.2575313,41.2478744,-38.8084894,74.6959323,-5.43481482,-7.11943018,-16.1466799,-4.94263096,-28.7955209,37.9474997,61.887866,25.5812851,-4.90825163,15.071159,-68.8598977,-4.58609381,-27.1199474,81.7130159,-24.7301769,0.94101117,-36.4275025,-26.2132671,-10.592744,11.7937841,21.5140696,19.9962274
865,-5.36522567,6.32505268,87.5001907,-12.0819002,13.9564472,15.2958505,11.9621987,-12.1898822,23.9496366,0,0,-46.1153336,41.0262894,-39.2012936,74.874009,-5.61090478,-7.12049953,-16.0222697,-4.37601768,-28.3999676,37.5906018,61.9730316,25.1235002,-4.83884069,15.210389,-68.3706034,-5.64484271,-26.7550924,81.6871227,-24.7496856,1.21937852,-38.2621836,-26.6199451,-9.20740321,10.8614872,23.3595219,19.9962274
866,-5.25919497,6.37691692,87.4104917,-11.3995796,13.8960643,16.4902012,10.8082254,-12.3015873,23.9496366,0,0,-45.9874178,40.6803506,-38.9570699,75.3037304,-4.82851558,-7.05302281,-16.0134724,-3.81851202,-27.956456,37.5255203,62.0416477,25.0635806,-4.72009742,15.0050701,-67.824318,-6.7482316,-26.4196327,81.6589004,-24.7751827,1.45781007,-40.0794817,-27.0254244,-7.63393339,10.0110023,25.1005183,19.9962274
867,-5.16386628,6.41974434,87.3323798,-10.7544177,13.8229897,17.6724746,9.79524259,-12.256491,23.9496366,0,0,-46.0382617,40.3879604,-39.4814509,75.5394402,-5.11774549,-6.99110885,-16.3464424,-3.07383208,-27.5389829,37.0453205,62.0975118,24.8834003,-4.71406636,15.0913986,-67.2770355,-7.85997081,-26.2173908,81.6201117,-24.7842157,1.65298849,-41.922359,-27.308032,-5.80205104,9.2687349,26.6618944,19.9962274
868,-5.05024306,6.44968972,87.2597337,-10.1494788,13.8322972,18.819688,8.8098401,-12.3131457,23.9496366,0,0,-46.2240224,40.1897312,-40.4691338,75.7710997,-5.50989567,-7.11942975,-16.0110836,-2.47172935,-27.0548916,36.8643614,62.1247164,24.643524,-4.76780928,14.9094441,-66.8397258,-8.97672211,-26.1051725,81.5642339,-24.7383612,1.79282434,-43.9116755,-27.4475455,-3.74615428,8.67039496,28.0513018,19.9962274
869,-4.94753756,6.46358132,87.2340441,-9.60232122,13.7779579,19.983075,7.82006885,-12.2602741,23.9496366,0,0,-46.3448484,39.9170872,-40.9494634,75.9713267,-5.53953144,-7.05122178,-16.0606041,-1.81866892,-26.5191349,36.3653034,62.2652749,23.8188555,-4.66821616,15.1433439,-66.4219914,-10.0790156,-26.0823341,81.5641656,-24.4332447,1.91871198,-45.8553493,-27.4575278,-1.70725584,8.2548804,29.1854393,19.9962274
870,-4.84337993,6.49873987,87.1968448,-8.97787583,13.7245092,21.1180299,6.87354806,-12.240744,23.9496366,0,0,-46.4279001,39.6011909,-41.1858699,76.0883552,-5.15542166,-7.00235305,-15.9780084,-1.19851506,-26.031304,36.1296414,62.3936346,23.4603901,-4.73986442,15.2472738,-65.9263997,-11.1867596,-25.958472,81.4668081,-24.2634786,2.11752022,-47.9464185,-27.4858782,0.367170426,8.01364751,29.9656928,19.9962274
871,-4.71225679,6.50387406,87.1557176,-8.46048041,13.67903,22.2209103,5.96157608,-12.1569342,23.9496366,0,0,-46.5806505,39.2652583,-41.3603096,76.2316935,-4.82789616,-7.05523622,-15.704712,-0.727326247,-25.6403594,36.1142632,62.5293505,22.7884498,-4.73918012,15.7264115,-65.481809,-12.2033129,-25.9901095,81.4034308,-24.1625148,2.27216552,-50.243015,-27.3036334,2.4621071,8.32854143,29.9656928,19.9962274
872,-4.60143089,6.50397092,87.1629357,-8.03275489,13.5393498,23.2564783,5.13698954,-11.9991389,23.9496366,0,0,-46.7297876,38.9358485,-41.5155666,76.4144352,-4.73891417,-7.12637947,-15.8767594,-0.245551971,-25.1751706,36.1737234,62.7613515,22.0632681,-4.77353981,15.8045489,-64.917533,-13.0546114,-26.0675536,81.2498745,-24.1244518,2.41416558,-52.2727491,-26.913732,3.94106654,8.56715153,29.9656928,19.9962274
873,-4.48420532,6.50150403,87.1796131,-7.6793321,13.4470485,24.1843224,4.40567137,-11.8558885,23.9496366,0,0,-46.9845264,38.8669388,-42.2064505,76.3955634,-4.86038225,-7.14408716,-15.8670963,0.241977114,-24.7523597,36.0460092,62.7813093,21.321542,-4.83925818,16.2440511,-64.4751758,-13.7934987,-26.1665811,81.1333993,-24.0094998,2.45784016,-54.247893,-26.3183393,5.09972104,8.77325505,29.9656928,19.9962274
874,-4.39361781,6.47439659,87.1513069,-7.32601296,13.3337401,25.0574342,3.61871362,-11.7190157,23.9496366,0,0,-47.1397766,38.7833407,-42.5448385,76.3920732,-5.05800267,-7.24508389,-15.8540626,0.492618643,-24.3667289,36.3862414,62.9107414,20.6971602,-4.90884799,16.6648812,-64.0845914,-14.5100385,-26.254197,81.0871247,-23.9081824,2.50346027,-56.0871127,-25.6378954,5.80563732,8.87311924,29.9656928,19.9962274
875,-4.2970296,6.47951961,87.1614277,-6.99288717,13.160089,25.923004,2.85230301,-11.5333849,23.9496366,0,0,-47.1868776,38.5221884,-42.4692591,76.5067521,-5.09841434,-7.24762813,-15.8769796,0.830182706,-24.0310541,36.5375232,62.9414978,19.9366323,-4.8621423,16.8114759,-63.5790003,-15.1675654,-26.332179,80.9781286,-23.8400581,2.56691935,-57.9017197,-24.9343125,6.22145966,9.2466418,29.9656928,19.9962274
876,-4.18288223,6.45614639,87.1360004,-6.66565099,13.0414419,26.8099068,2.10064047,-11.374711,23.9496366,0,0,-47.2676548,38.3337195,-42.6384907,76.490305,-5.2263186,-7.18191745,-15.5600708,1.05549218,-23.6940014,36.7350557,63.0436501,18.9670767,-4.91447607,17.0601118,-63.1890238,-15.8513972,-26.4338515,80.9472425,-23.8046248,2.66512124,-59.5607864,-24.2079014,6.48896146,9.50500139,29.9656928,19.9962274
877,-4.06958759,6.45432547,87.1196449,-6.39707702,12.8786927,27.7650109,1.25974558,-11.1914212,23.9496366,0,0,-47.281544,38.2701237,-42.7279047,76.3798335,-5.66551385,-7.07949406,-15.1932179,1.37225331,-23.2336176,36.7512194,63.0489981,18.419299,-4.97672257,17.1569451,-62.8006183,-16.5515052,-26.6001444,81.0064739,-23.6662674,2.72740787,-61.0034726,-23.4960352,6.46937418,9.84290536,29.9656928,19.9962274
878,-3.94456908,6.45854473,87.1026635,-6.13743271,12.70496,28.7724122,0.32827498,-10.9328021,23.9496366,0,0,-47.2930563,38.1661477,-42.6213708,76.3164971,-5.97870364,-7.12245126,-15.5355436,1.53334865,-22.9793023,37.0380292,63.0858538,17.6727456,-4.85462782,17.3166298,-62.4330858,-17.2720663,-26.783605,81.1108391,-23.4483741,2.73174825,-62.4019743,-22.8152668,6.50552552,10.3808937,29.9656928,19.9962274
879,-3.8217891,6.49648234,87.0304644,-5.79417428,12.5265191,29.843251,-0.677316296,-10.8662256,23.9496366,0,0,-47.2084575,38.1479555,-42.3599112,76.2026242,-6.17528118,-7.26539431,-15.4876486,1.71679035,-22.6085153,37.1263777,63.112915,17.2708471,-5.05116566,17.745733,-62.0317234,-18.1204731,-26.9034304,81.2361731,-23.3091988,2.79968088,-63.7132887,-22.2752942,6.76874137,10.8582753,29.9656928,19.9962274
880,-3.6993891,6.58484101,86.9812191,-5.42921938,12.2853362,30.9007024,-1.75350721,-10.7195251,23.9496366,0,0,-47.0690602,38.1911496,-42.5060191,75.9701109,-6.87620501,-7.16696787,-15.279169,1.9056469,-22.3161268,37.2641836,63.1381526,16.605141,-5.02011263,17.553885,-61.5053344,-18.9301835,-26.9344753,81.2958075,-23.2287664,2.97309682,-65.0624013,-21.7566968,7.5708805,11.6048483,29.9656928,19.9962274
881,-3.58984247,6.70425892,86.8664384,-5.09781653,12.1087455,31.9968802,-2.76332613,-10.6693958,23.9496366,0,0,-47.0591496,38.179692,-42.409208,75.8932645,-7.20304237,-7.2406511,-15.5177544,2.04388544,-21.9403742,37.3698228,63.1258036,16.2347108,-5.03841113,17.745885,-60.9368031,-19.7738416,-27.0839609,81.281389,-23.4560137,3.18756796,-66.2449256,-21.247612,8.45397615,12.1391518,29.9656928,19.9962274
882,-3.4688089,6.78733885,86.8081927,-4.73907707,11.8772407,33.0340776,-3.84074984,-10.5798247,23.9496366,0,0,-46.9402326,38.3958606,-42.4553187,75.5618022,-7.30312598,-7.20703034,-15.7613326,2.14600318,-21.6720161,37.5676045,63.1564507,16.0605239,-5.10142219,17.7721744,-60.363115,-20.6101914,-27.21341,81.2949332,-23.507708,3.34150847,-67.3381588,-20.6258394,9.49010389,12.7291418,29.9656928,19.9962274
883,-3.34405452,6.80264756,86.7628992,-4.45203526,11.6648561,33.9904281,-4.70184502,-10.6399048,23.9496366,0,0,-46.9263912,38.5295684,-42.5692428,75.4306421,-7.46486828,-7.2872031,-15.5961666,2.34402338,-21.1518494,37.4985513,63.0440599,15.5703076,-4.92880794,17.6409221,-59.8861902,-21.336804,-27.4327171,81.3488234,-23.5141181,3.33065232,-68.2071297,-19.8053646,10.3772148,13.126255,29.9656928,19.9962274
884,-3.20356824,6.76977262,86.8118823,-4.27784441,11.4343311,34.8529494,-5.57950341,-10.5024907,23.9496366,0,0,-46.7297603,38.6496499,-42.4120699,75.2431261,-7.53322225,-7.83410233,-15.5325947,2.42024167,-20.8068941,37.8219232,62.9944181,15.5565003,-4.96250852,17.3847712,-59.3352467,-21.8565387,-27.7803055,81.2739372,-23.4802967,3.24100779,-68.9103454,-18.7557712,11.0924202,13.557864,29.9656928,19.9962274
885,-3.07404902,6.75073415,86.8199944,-4.03107299,11.1967423,35.643397,-6.28343978,-10.471649,23.9496366,0,0,-46.7205942,38.7701652,-42.5820596,75.1135642,-7.7400122,-7.86320576,-15.5723891,2.66293452,-20.3550736,37.6484091,62.8741658,15.3763695,-5.01656477,17.3698831,-58.799876,-22.4150177,-28.0347488,81.2321228,-23.5077438,3.20114958,-69.536141,-17.744618,11.7049959,13.8132235,29.9656928,19.9962274
886,-2.94664539,6.72274604,86.8624747,-3.89820421,10.9555616,36.3938389,-6.9608635,-10.3172919,23.9496366,0,0,-46.7917238,38.9317538,-42.7463086,75.0269438,-7.40340255,-7.83328527,-15.7132941,2.71712118,-20.078673,38.0351549,62.808555,15.6241004,-5.01563032,17.3177039,-58.2627021,-22.8317566,-28.3641535,81.1745033,-23.5244761,3.12567258,-70.0529541,-16.6158985,12.1998269,14.1451365,29.9656928,19.9962274
887,-2.8440509,6.71120957,86.8443608,-3.73668252,10.7421007,37.143329,-7.55329617,-10.1990972,23.9496366,0,0,-46.8491862,38.8901716,-42.6552212,75.0627954,-7.2742394,-7.99506769,-15.7028286,2.87975503,-19.6690187,38.040117,62.7762687,15.6713431,-5.15874242,17.1241636,-57.8284455,-23.3121272,-28.6124462,81.2015031,-23.5191895,3.07812144,-70.467854,-15.5726708,12.6344976,14.2535529,29.9656928,19.9962274
888,-2.71228291,6.72188252,86.8818104,-3.65265544,10.4433969,37.8684558,-8.18695929,-9.918402,23.9496366,0,0,-46.7742556,38.952422,-42.9654826,74.9647822,-7.50928158,-8.04280388,-15.466306,3.11799267,-19.3880401,37.8906042,62.6348086,15.1494654,-5.07627258,17.0998328,-57.2262004,-23.6680518,-28.9306254,81.1717508,-23.557039,3.04305525,-70.8887644,-14.4779042,13.1476249,14.7512876,29.9656928,19.9962274
889,-2.60023493,6.73819035,86.856395,-3.4580691,10.2267937,38.5914387,-8.78855723,-9.74895525,23.9496366,0,0,-46.8809397,38.8532955,-42.9240199,75.1199095,-7.26004542,-8.29781155,-15.5727972,3.00117231,-19.3345255,38.5055637,62.5417814,15.7104528,-5.11039919,17.1478832,-56.7653231,-24.1773619,-29.1440996,81.1941879,-23.5960769,3.08726877,-71.3492831,-13.492745,13.5886024,15.0325924,29.9656928,19.9962274
890,-2.47919206,6.74589723,86.8685067,-3.31061811,9.97423136,39.3106594,-9.37413411,-9.5875613,23.9496366,0,0,-46.8882446,38.9292301,-43.2758054,75.0341223,-7.24431037,-8.139539,-15.350232,3.07474178,-19.144677,38.5678072,62.4976379,15.6516466,-5.38253228,17.5443722,-56.2576488,-24.5743359,-29.3297271,81.1760538,-23.6303747,3.1264589,-71.6758754,-12.524126,13.8393643,15.298618,29.9656928,19.9962274
891,-2.34747678,6.73689619,86.9006336,-3.33085622,9.69398202,39.8973196,-9.75871132,-9.24291337,23.9496366,0,0,-46.764888,38.8457174,-43.1115701,74.957269,-7.10046146,-8.09548513,-15.3810737,3.21199165,-18.9219138,38.4939421,62.3869137,15.2211261,-5.33872174,17.5733664,-55.7578873,-24.7114195,-29.5580022,81.198047,-23.7474766,3.10645925,-71.8914361,-11.3850801,13.8068876,15.6644259,29.9656928,19.9962274
892,-2.22078152,6.73225895,86.8944287,-3.13496737,9.44356263,40.5548595,-10.3073668,-9.15616143,23.9496366,0,0,-46.7234048,38.942204,-43.0764697,74.9243543,-6.86402123,-8.29814623,-15.6322762,3.12814212,-18.7584145,38.5751975,62.4597782,15.3992403,-5.53266795,17.8472262,-55.2562201,-25.1250148,-29.7254989,81.183123,-23.7989097,3.11486615,-72.1456899,-10.5265031,13.7534414,15.8277015,29.9656928,19.9962274
893,-2.09252276,6.73768744,86.9192481,-2.9760613,9.19077141,41.2298636,-10.7844179,-9.09137708,23.9496366,0,0,-46.6195484,39.0373451,-43.557858,74.7481696,-7.33831853,-8.25625924,-15.4372384,3.0567105,-18.5753569,38.9003828,62.456165,15.2653772,-5.6285557,17.7684912,-54.7023259,-25.5134442,-29.9750126,81.1091043,-23.8498133,3.09488486,-72.4985443,-9.71284746,13.8357315,16.2727464,29.9656928,19.9962274
894,-1.9967854,6.75581619,86.8954778,-2.71419275,8.96417077,41.9457435,-11.337005,-9.066855,23.9496366,0,0,-46.4265443,39.0341964,-43.3800511,74.5573205,-7.15146377,-8.24363193,-15.5793166,2.95493257,-18.4301761,38.8488797,62.4392876,14.9726421,-5.54656184,18.1234254,-54.225992,-26.0694814,-30.1363143,81.0883405,-23.8656389,3.14033528,-72.844712,-9.09758487,13.9938709,16.5378243,29.9656928,19.9962274
895,-1.91403795,6.80861175,86.876297,-2.46832369,8.71396576,42.7243389,-11.8183515,-9.12166641,23.9496366,0,0,-46.3754818,39.1335415,-43.8738192,74.4256344,-7.37817439,-8.31304031,-15.3852214,2.9183695,-18.2098786,38.8945156,62.4692107,15.0625803,-5.78869845,18.3129171,-53.683733,-26.6640886,-30.3463119,81.0482814,-23.8940542,3.17339746,-73.2023885,-8.61728255,14.2361752,16.8798597,29.9656928,19.9962274
896,-1.85366441,6.8953827,86.9238377,-2.29090636,8.4420878,43.3898539,-12.2337328,-9.03903051,23.9496366,0,0,-46.0470522,39.0370549,-43.6026504,74.2843588,-7.34879519,-8.41500906,-15.4603364,2.90736201,-18.0561839,38.9015098,62.4860403,15.1264699,-5.91949187,18.3829709,-53.0830076,-27.0922732,-30.5192933,80.9099633,-23.8921861,3.17812501,-73.6516579,-8.05956602,14.5943469,17.5443244,29.9656928,19.9962274
897,-1.81896873,6.97112307,86.9137049,-2.04959541,8.17589734,44.0918943,-12.69036,-9.0035417,23.9496366,0,0,-45.9519213,39.0203448,-43.6909784,74.2388561,-7.25136254,-8.4324158,-15.4760868,2.90481094,-17.9699203,38.9103378,62.4428393,15.0653687,-6.01530235,18.2847699,-52.5602215,-27.6472414,-30.6515497,80.8541538,-23.8531021,3.23077531,-73.9419067,-7.6490836,14.89772,17.7937681,29.9656928,19.9962274
898,-1.77334137,7.05527291,86.9535089,-1.92610137,7.96390162,44.7108466,-13.0359735,-8.79014183,23.9496366,0,0,-45.7155148,38.8808553,-43.574633,74.1447019,-7.17483027,-8.49509303,-15.5072444,2.88871667,-17.9450158,38.8654532,62.4257843,14.6440058,-6.10547494,18.0889774,-52.0594491,-28.0408396,-30.8666699,80.7376308,-23.8500029,3.2900255,-74.3306743,-7.10715377,15.1544891,18.3203056,29.9656928,19.9962274
899,-1.69390105,7.05577657,86.9701266,-1.75657238,7.74463247,45.267373,-13.2332576,-8.76638388,23.9496366,0,0,-45.5863764,38.8892666,-43.7395445,73.9576777,-7.30345042,-8.29230301,-15.4895508,2.77880825,-17.8076624,39.0591778,62.5152735,14.9258877,-6.31677836,18.0757729,-51.620729,-28.397104,-31.0252054,80.6687552,-23.8658814,3.28510477,-74.5143586,-6.5357077,15.2140483,18.447313,29.9656928,19.9962274
900,-1.58269871,7.01228604,87.0326459,-1.67467316,7.50740295,45.7320099,-13.4324259,-8.60543901,23.9496366,0,0,-45.4265602,38.9083946,-43.5613107,73.8921556,-6.9999992,-8.49530818,-15.8563098,2.76147622,-17.7993227,39.1305875,62.4350256,14.6088167,-6.09414536,17.8609259,-51.1359597,-28.5601662,-31.2463055,80.54922,-23.9204785,3.18232409,-74.4983486,-5.84289472,15.0570018,18.4265714,29.9656928,19.9962274
901,-1.47855766,6.98632821,87.081176,-1.60177581,7.29021318,46.2145204,-13.6032216,-8.42879068,23.9496366,0,0,-45.2632743,38.7933571,-43.4378721,73.8994298,-6.67724501,-8.43363072,-15.893203,2.6879757,-17.8220929,39.21618,62.4621551,14.6347765,-6.21581195,17.891047,-50.6836919,-28.759314,-31.4896992,80.4601953,-23.9701852,3.11447982,-74.5305871,-5.23285979,14.659355,18.4482095,29.8883307,19.9962274
902,-1.35310218,6.95156232,87.1299744,-1.50208719,7.03949959,46.7044944,-13.7245505,-8.34484765,23.9496366,0,0,-45.1476255,38.7907958,-43.6042828,73.8892596,-6.32222587,-8.44513873,-15.7567171,2.61210553,-17.7764194,39.2755377,62.4745792,14.5923355,-6.24012699,17.8925002,-50.1723669,-28.9708689,-31.7481707,80.3577357,-24.0549393,3.03719196,-74.5102331,-4.69757701,14.2750117,18.5078917,29.5880619,19.9962274
903,-1.21661685,6.91062585,87.2153819,-1.41726659,6.81068155,47.12833,-13.8779899,-8.23739597,23.9496366,0,0,-44.9462374,38.7517476,-43.2647166,73.9453833,-5.93687812,-8.61861871,-16.007052,2.47672819,-17.8462871,39.4768132,62.4431945,14.358994,-6.26103719,17.7860653,-49.6753955,-29.0988632,-31.9772757,80.2011741,-24.0824445,2.96105947,-74.6184302,-4.0991995,14.0329173,18.7810651,29.3654045,19.9962274
904,-1.10347057,6.90786764,87.2394562,-1.27424981,6.58740001,47.578481,-13.9721825,-8.16037619,23.9496366,0,0,-44.7689599,38.6033857,-43.0243178,74.0288482,-5.69440769,-8.58098864,-15.8044789,2.36848037,-17.9153898,39.5999478,62.3786834,14.0568819,-6.13832985,17.7933361,-49.226577,-29.3399518,-32.1310608,80.1194713,-24.1280855,2.90102787,-74.6992176,-3.67684366,13.8654343,18.9531483,28.9626659,19.9962274
905,-1.0348578,6.93011507,87.2984886,-1.18660569,6.3222503,48.0119917,-14.1521742,-8.00009641,23.9496366,0,0,-44.4352505,38.5068068,-42.4251941,74.0423993,-5.09622441,-8.70947047,-16.0197494,2.15958821,-18.1307662,39.8582451,62.4245891,13.7715149,-6.17678382,17.9067906,-48.7270886,-29.5587228,-32.3096874,80.0258773,-24.0805269,2.89159815,-74.7777648,-3.2936122,13.8298806,19.2557154,28.6824095,19.9962274
906,-0.963450223,6.95202872,87.3453617,-1.07462145,6.07247401,48.4349569,-14.2881419,-7.9229093,23.9496366,0,0,-44.1351081,38.4054604,-42.0603015,74.1272098,-4.63713581,-8.78666356,-15.8615366,1.96658371,-18.303862,40.1095038,62.3598115,14.0610458,-6.29177176,17.9247352,-48.2690698,-29.8134547,-32.4666963,79.9626843,-24.0186539,2.91634457,-74.8606013,-2.94849533,13.8698158,19.5382428,28.412769,19.9962274
907,-0.926303677,7.0177637,87.4177694,-1.03580116,5.82909231,48.7973597,-14.3829082,-7.70280475,23.9496366,0,0,-43.7886877,38.2747955,-41.5242273,74.1402349,-4.23840431,-8.73459105,-15.9409905,1.86257274,-18.4868393,40.100751,62.3444026,13.41481,-6.3553399,17.7246141,-47.803326,-29.9656928,-32.593451,79.8583191,-23.9693536,2.97098821,-74.8865287,-2.61611933,14.0231988,19.775544,28.2865488,19.9962274
908,-0.848932657,7.08606765,87.5268698,-1.04889194,5.63629332,49.0846607,-14.3463155,-7.55357109,23.9496366,0,0,-43.5230411,38.294446,-41.36339,74.1907715,-4.10570739,-9.05161001,-15.8977946,1.63560043,-18.6806937,40.172485,62.3268422,13.3596255,-6.42981885,18.0447912,-47.3373466,-29.9656928,-32.7365947,79.674184,-23.9774115,3.02847365,-74.8060896,-2.22701114,14.1525763,19.8569462,28.2238187,19.9962274
909,-0.788639393,7.14962929,87.6539588,-1.10744164,5.45188015,49.401906,-14.4172384,-7.28418928,23.9496366,0,0,-43.1382249,38.2676204,-40.7779062,74.135365,-3.78294467,-8.97695946,-16.074869,1.47145647,-18.9093241,40.2473951,62.2349079,13.0140333,-6.36800863,17.814957,-46.8705134,-29.9656928,-32.9665945,79.5023159,-23.9465322,3.01550696,-74.7862206,-1.87245623,14.3316971,20.0311297,28.2941782,19.9962274
910,-0.714920135,7.18433559,87.7756894,-1.17549181,5.30534336,49.7232788,-14.4942232,-7.03827558,23.9496366,0,0,-42.7159518,38.3288257,-40.1544601,74.0009264,-3.4885554,-8.99981669,-16.2215285,1.35818568,-19.1018176,40.1475173,62.0830045,13.1987404,-6.45388331,17.7533607,-46.4632258,-29.9656928,-33.2470523,79.3499276,-23.9466279,2.9942877,-74.7322279,-1.54500864,14.4049065,20.0849584,28.3024786,19.9962274
911,-0.63955267,7.21571371,87.9311979,-1.20623092,5.14831194,50.045958,-14.5112628,-6.81360761,23.9496366,0,0,-42.241322,38.2809256,-39.7335771,73.905577,-3.4664384,-9.13604652,-16.005879,1.1911597,-19.3027344,40.1887921,62.0770485,13.0068197,-6.440135,17.5235436,-46.013796,-29.9656928,-33.5125212,79.1161985,-23.9273497,3.0182019,-74.6554361,-1.31458869,14.4560664,20.0972101,28.2892809,19.9962274
912,-0.548745785,7.21967518,88.0531311,-1.24760981,4.99186583,50.3655163,-14.5878583,-6.62158111,23.9496366,0,0,-41.8448876,38.3847376,-38.7988042,73.8381903,-2.88113131,-9.19883645,-16.4882696,1.10293745,-19.5466593,39.9566066,61.9246397,13.1255481,-6.31801079,17.6076539,-45.5903687,-29.9656928,-33.806315,78.9400616,-23.9177174,2.96959784,-74.5447802,-1.11844657,14.4368701,20.0623864,28.1279006,19.9962274
913,-0.47905487,7.22524449,88.182044,-1.32180419,4.87702785,50.6930465,-14.641132,-6.43036228,23.9496366,0,0,-41.3635778,38.5336563,-38.375896,73.5914566,-2.74638513,-9.30431591,-16.6685764,0.948706019,-19.7076468,39.8573264,61.863209,13.1613417,-6.51159969,17.3502412,-45.2236046,-29.9656928,-34.1343314,78.7808704,-23.8136168,2.83269375,-74.5709467,-0.950341315,14.4681148,20.1963964,28.0241996,19.9962274
914,-0.419267919,7.22798556,88.2858038,-1.34925678,4.75670511,50.9999878,-14.7387628,-6.29554757,23.9496366,0,0,-40.7986836,38.7390571,-37.6743433,73.2597484,-2.59435942,-9.2545375,-16.9625443,0.829136727,-19.8060784,39.9305631,61.8356082,13.642117,-6.55434344,16.7557996,-44.8640258,-29.9656928,-34.3645668,78.5679597,-23.7913964,2.73570164,-74.5711106,-0.862271576,14.4990692,20.2262426,27.8455765,19.9962274
915,-0.355272647,7.23256022,88.3994937,-1.39033847,4.63029633,51.30907,-14.7745803,-6.1498511,23.9496366,0,0,-40.2267406,38.8823374,-37.268613,72.952308,-2.39146801,-9.22966707,-16.8333683,0.705729563,-20.0246325,39.8269014,61.7814516,13.7377951,-6.41042709,16.796067,-44.4960631,-29.9656928,-34.6350355,78.3728007,-23.7795307,2.7279052,-74.5043933,-0.833839953,14.4521202,20.2095155,27.479451,19.9962274
916,-0.317456899,7.23346546,88.4893954,-1.37867124,4.50198069,51.5519247,-14.7959724,-6.01751832,23.9496366,0,0,-39.401022,38.8712042,-37.0281904,72.4994937,-3.36906231,-9.03003345,-15.6295168,0.533224171,-20.2493577,39.7416572,61.7796758,14.1054429,-6.38467685,16.7647779,-44.1633543,-29.9656928,-34.7880625,78.1543781,-23.8185106,2.63014,-74.4754948,-0.84587037,14.3436158,20.1825396,27.2013496,19.9962274
917,-0.302189402,7.22358227,88.5730803,-1.42658845,4.40179437,51.8129724,-14.797026,-5.83528247,23.9496366,0,0,-38.8804045,39.0308087,-36.666624,72.2005978,-3.34717753,-9.02434902,-15.9052839,0.336584492,-20.4540362,39.6368991,61.8627309,14.59322,-6.29306309,16.9479789,-43.8918953,-29.9656928,-35.0128474,77.9919084,-23.7875818,2.61275632,-74.4029035,-0.904441163,14.1318262,20.1110515,26.9035704,19.9962274
918,-0.277135056,7.21697807,88.6711657,-1.45654749,4.32714545,52.0271768,-14.7672737,-5.79185015,23.9496366,0,0,-38.3692809,39.3406909,-36.5930561,71.8860881,-3.59007037,-9.08137,-15.8101531,0.196695481,-20.516821,39.3254938,61.8913152,14.7154291,-6.22796371,17.0037559,-43.6441028,-29.9656928,-35.220229,77.8253406,-23.6589625,2.47233894,-74.3391779,-0.966292582,13.9345746,20.059977,26.6477713,19.9962274
919,-0.253349636,7.18216449,88.759315,-1.47058842,4.28168864,52.2112877,-14.6840376,-5.71605938,23.9496366,0,0,-37.8161039,39.5555448,-36.0676096,71.5237124,-3.44135111,-9.13218063,-15.8079247,0.0201602505,-20.5193858,39.1889105,62.006158,14.9713307,-6.28366902,16.5402798,-43.4574816,-29.9656928,-35.406519,77.6448323,-23.5626671,2.44862645,-74.3473673,-1.01924629,13.7303801,20.0912883,26.45022,19.9962274
920,-0.233825087,7.14323297,88.8407052,-1.46459509,4.22860667,52.357406,-14.6033082,-5.64455883,23.9496366,0,0,-37.2882225,39.5394631,-35.4362918,71.4614348,-3.07096148,-9.18851518,-15.7109241,-0.241309063,-20.7574572,39.171712,61.9851074,15.0014792,-5.98859418,16.673378,-43.2911835,-29.9656928,-35.5401483,77.4816455,-23.4938153,2.4286396,-74.3711432,-1.05883983,13.7192068,20.1860777,26.329476,19.9962274
921,-0.24741888,7.10620359,88.9254272,-1.43443732,4.14409823,52.4606568,-14.5288932,-5.60821241,23.9496366,0,0,-36.6750559,39.639259,-34.7231108,71.2892662,-2.77674276,-9.36488005,-15.7448752,-0.447255621,-20.9617857,39.1532705,62.0131521,15.0959577,-6.1220454,16.5526954,-43.1055561,-29.9656928,-35.6033617,77.2837612,-23.3861921,2.43827124,-74.3943248,-1.13448951,13.7612688,20.3461688,26.3275908,19.9962274
922,-0.291940384,7.08412006,88.9879405,-1.43381417,4.08076947,52.5376598,-14.3764793,-5.52473383,23.9496366,0,0,-36.1039633,39.6488486,-33.9490625,71.1768549,-2.32346238,-9.34888887,-15.8031436,-0.612465731,-21.1863725,38.8702753,62.0539215,15.0640198,-6.16937349,16.8458966,-42.9759088,-29.9656928,-35.6574055,77.1332512,-23.2616179,2.45966723,-74.4477984,-1.2158107,13.8772949,20.5625611,26.3849747,19.9962274
923,-0.306236395,7.0449397,89.0616059,-1.42096174,4.04933564,52.6173807,-14.2799439,-5.43909308,23.9496366,0,0,-35.5548059,39.5878516,-32.9667106,71.1477788,-1.70650846,-9.53721768,-15.7448462,-0.832586613,-21.3861829,38.8642921,62.0776291,15.4029901,-6.36646543,16.6368313,-42.8632073,-29.9656928,-35.7443299,76.9609392,-23.1279375,2.42409753,-74.4761437,-1.3090747,13.9099287,20.7717374,26.3801457,19.9962274
924,-0.336176157,7.00265467,89.1239345,-1.41914288,3.99913023,52.6909182,-14.1600733,-5.35266301,23.9496366,0,0,-35.0349977,39.6664158,-32.3964376,71.0377308,-1.42771807,-9.48217233,-15.8347264,-0.972211261,-21.6482829,38.8161119,61.9735234,15.4625664,-6.23454758,16.4320691,-42.7717886,-29.9656928,-35.8022534,76.8372991,-23.0052929,2.483981,-74.4322597,-1.45046047,13.8649903,20.9391863,26.3068014,19.9962274
925,-0.370500144,6.93663359,89.1766429,-1.38701502,3.94289956,52.713548,-14.0439549,-5.29520618,23.9496366,0,0,-34.4535062,39.7581111,-31.8862156,70.8949798,-1.55600418,-9.58098553,-15.844193,-1.09223519,-21.7775527,38.5742617,61.9608055,15.3904738,-6.29596635,16.3421889,-42.699918,-29.9656928,-35.8081786,76.7006133,-22.8955727,2.52165782,-74.4263926,-1.57675269,13.8614847,21.1877181,26.2694727,19.9962274
926,-0.419294368,6.8775475,89.227736,-1.338785,3.88418528,52.7095949,-13.8451162,-5.22548147,23.9496366,0,0,-33.9188492,39.7511921,-31.1270162,70.7619824,-1.11771713,-9.45374594,-15.9221989,-1.24472919,-22.0373356,38.3940438,61.9515916,15.4452417,-6.22055978,16.4824349,-42.629065,-29.9656928,-35.7806426,76.5441678,-22.7542271,2.53523239,-74.3871326,-1.73822199,13.8007276,21.4377696,26.1730885,19.9962274
927,-0.473394105,6.79951012,89.2590761,-1.32274777,3.84279964,52.7176277,-13.739413,-5.17038661,23.9496366,0,0,-33.2565497,39.8311122,-30.4644776,70.5448917,-1.0030168,-9.45091483,-15.810568,-1.4368685,-22.2853824,38.5498062,61.9108769,15.9149128,-6.31723428,16.2504424,-42.6099678,-29.9656928,-35.7915197,76.4471177,-22.6054331,2.53670238,-74.4157989,-1.88992892,13.7032198,21.8534396,26.0657658,19.9962274
928,-0.547177857,6.74158335,89.2999828,-1.31327168,3.78869569,52.7191808,-13.6786756,-5.09886001,23.9496366,0,0,-32.5660756,39.9073337,-29.8631238,70.3509485,-1.14116303,-9.54245046,-15.710726,-1.53451619,-22.4850647,38.4430777,61.860511,15.8489127,-6.38102056,16.093319,-42.5827119,-29.9656928,-35.7714151,76.349849,-22.4383223,2.57815714,-74.3978697,-2.12760862,13.5213422,22.2878123,25.81853,19.9962274
929,-0.603921106,6.72476143,89.3994272,-1.31677397,3.72037779,52.5922017,-13.4457277,-5.05135946,23.9496366,0,0,-31.9103945,40.0028983,-29.110881,70.1427643,-1.01795581,-9.49521031,-15.8867707,-1.76775135,-22.6803876,38.5230319,61.9460797,16.0044668,-6.4938762,16.1690232,-42.4875981,-29.8168732,-35.6505993,76.1376077,-22.2957814,2.67621475,-74.2381799,-2.31643283,13.3616651,22.7069519,25.5002449,19.9962274
930,-0.675562862,6.71519488,89.4855559,-1.24372988,3.64820823,52.3402634,-13.0789747,-5.11363286,23.9496366,0,0,-31.2510422,40.0583935,-28.5889777,69.9875824,-1.06830658,-9.65614664,-15.7508534,-1.99957673,-22.9360638,38.6086176,62.0071347,15.8732128,-6.39435693,16.2508147,-42.4348042,-29.6842548,-35.3752299,75.9234334,-22.139061,2.7968344,-74.0602466,-2.50717333,13.0867432,23.1246658,25.1426025,19.9962274
931,-0.780881569,6.74282461,89.5660758,-1.24248762,3.53944702,52.194591,-12.9293201,-4.99132637,23.9496366,0,0,-30.4183328,40.0430154,-27.6511312,69.7419278,-0.794859316,-9.58183077,-15.856571,-2.10144089,-23.200416,38.5698289,61.9753334,16.1416017,-6.45533558,16.0395245,-42.3024898,-29.5996664,-35.2303411,75.7522142,-21.9483775,2.89805396,-73.8145579,-2.85113526,12.7458997,23.6551666,24.6345662,19.9962274
932,-0.867129769,6.74385801,89.652133,-1.25031652,3.45797966,51.996281,-12.7112928,-4.9291725,23.9496366,0,0,-29.5683397,40.1016184,-27.0737685,69.4277459,-0.941663453,-9.66187205,-15.6828417,-2.29405798,-23.4187413,38.5256308,62.0615577,15.9972285,-6.56792442,16.3514319,-42.2108867,-29.4508092,-35.0947721,75.5738507,-21.8269299,2.94102119,-73.5705425,-3.13006738,12.4056103,24.2547531,24.1980881,19.9962274
933,-0.943284482,6.73213676,89.7750556,-1.19487287,3.34779962,51.6820632,-12.4255271,-4.97615951,23.9496366,0,0,-28.6753096,40.1261012,-26.1288221,69.1670513,-0.828580654,-9.68505627,-15.7200697,-2.49491891,-23.7319123,38.6397837,61.9825324,16.0221929,-6.4614947,16.2410902,-42.08516,-29.2547145,-34.8520853,75.3067493,-21.6695743,3.02655095,-73.305176,-3.3504191,12.1772045,24.965535,23.7994151,19.9962274
934,-1.05691738,6.7532979,89.8722589,-1.18999177,3.24613697,51.4205802,-12.1712793,-4.90214032,23.9496366,0,0,-27.8438518,40.1516393,-25.5132462,68.8817474,-0.710161715,-9.71687983,-15.615771,-2.558483,-23.8913648,38.4693022,62.0234657,16.0398779,-6.55526765,16.1431197,-41.968917,-29.0936484,-34.6697124,75.0838461,-21.5461801,3.12333836,-73.06726,-3.64899911,11.925623,25.8327436,23.4119572,19.9962274
935,-1.1770579,6.77438229,89.9726272,-1.17527119,3.14568022,51.0793637,-11.9110824,-4.85569461,23.9496366,0,0,-26.7979416,40.1374222,-24.5952619,68.4885198,-0.683634755,-9.70697093,-15.6141676,-2.63327976,-24.1613314,38.2420038,61.8797039,15.7910559,-6.44669497,16.1935691,-41.8585719,-28.8987831,-34.452526,74.83604,-21.4136864,3.15876868,-72.7784796,-3.92755941,11.6290903,26.6752816,23.1223128,19.9962274
936,-1.27400178,6.77867681,90.0797069,-1.09706468,3.04056117,50.6959429,-11.5504825,-4.90149828,23.9496366,0,0,-25.7746973,40.0553473,-23.4166632,68.0275435,-0.568774718,-9.65280497,-15.6910329,-2.8030885,-24.37346,38.4640703,61.9238474,16.5011787,-6.50785589,16.0643181,-41.7263633,-28.7102665,-34.1871629,74.5339271,-21.2851268,3.15780371,-72.5603917,-4.1864462,11.4072483,27.6999244,22.851127,19.9962274
937,-1.39578972,6.80777952,90.2123988,-1.12884804,2.91654706,50.362269,-11.3142903,-4.7399673,23.9496366,0,0,-24.8615846,40.0045648,-22.7811415,67.8130892,-0.552275863,-9.78258881,-15.7554057,-2.92677021,-24.6573637,38.3779416,61.9546789,16.1509266,-6.54932966,15.9953536,-41.5555881,-28.4622503,-34.0073138,74.2559179,-21.1569464,3.22729512,-72.2101464,-4.4862454,11.1132548,28.730016,22.596991,19.9962274
938,-1.50795793,6.81271851,90.362519,-1.11930335,2.79127656,49.959735,-11.0167903,-4.75208747,23.9496366,0,0,-23.9671611,40.0187511,-22.1477592,67.5782195,-0.707472808,-9.88800595,-15.6953632,-3.05931046,-24.8202808,38.5013734,61.9784616,16.8043332,-6.54917555,15.9973668,-41.3865272,-28.1975105,-33.7855888,73.9306506,-21.0002721,3.28211678,-71.8796951,-4.73438874,10.9354488,29.8422576,22.3425187,19.9962274
939,-1.60316415,6.81689829,90.5040443,-1.15293733,2.67288738,49.4799835,-10.7158727,-4.67770969,23.9496366,0,0,-22.9469767,39.9372943,-21.3579742,67.2796583,-0.940777983,-9.94383762,-15.7501037,-3.26426074,-24.9576051,38.5661441,62.1297161,16.7888082,-6.74869093,15.8811256,-41.2436533,-27.8522974,-33.5517163,73.6473617,-20.8939021,3.290586,-71.450363,-4.91011969,10.608526,30.9203586,22.0292776,19.9962274
940,-1.70915145,6.84345663,90.6490088,-1.11937595,2.55889461,49.0234165,-10.405946,-4.6497691,23.9496366,0,0,-21.9418871,39.7681446,-20.4550095,66.9135806,-0.96191966,-9.8425408,-15.6742272,-3.44822762,-25.1942866,38.7404266,62.1477342,17.0753517,-6.59886945,16.0996967,-41.0669939,-27.5724252,-33.2774466,73.2847059,-20.7606093,3.32518133,-71.062381,-5.18709752,10.3916854,32.0982008,21.6050922,19.9962274
941,-1.80827044,6.84783161,90.827477,-1.16897757,2.43909347,48.5127648,-10.0694431,-4.55310143,23.9496366,0,0,-20.9249829,39.7755178,-19.7846675,66.5217941,-1.27390349,-9.80645691,-15.8037924,-3.53515821,-25.2584681,38.7043154,62.2040696,17.1867555,-6.74307181,15.7463045,-40.8857617,-27.1520117,-33.0306548,72.9095237,-20.6406012,3.38159016,-70.625283,-5.37419732,10.0454836,33.3280617,21.1953833,19.8232973
942,-1.89318117,6.83059245,91.0168886,-1.19921954,2.3013575,47.9716054,-9.79762547,-4.49210016,23.9496366,0,0,-19.9631557,39.6132701,-19.0725485,66.3772195,-1.52214255,-10.0423307,-15.7569544,-3.76501969,-25.4612889,38.7841125,62.3152787,17.0193715,-6.69192565,16.128346,-40.6710786,-26.7155695,-32.7878279,72.4973012,-20.5168484,3.41805633,-70.1398546,-5.56223669,9.63023803,34.598033,20.6088852,19.372095
943,-1.97926108,6.82187229,91.2251413,-1.21293272,2.14949373,47.3894713,-9.4693811,-4.46519007,23.9496366,0,0,-18.8654316,39.4650618,-18.204481,66.006914,-1.60792141,-9.99431955,-15.8132181,-3.83691341,-25.5343395,38.8104941,62.3031483,17.1488718,-6.80814089,15.9868159,-40.4327221,-26.2500443,-32.4762791,72.049152,-20.3740496,3.42760045,-69.599894,-5.77699364,9.12971835,35.8862954,19.875789,18.996742
944,-2.06342638,6.81537688,91.422236,-1.22452604,2.07305958,46.7991304,-9.1082707,-4.40859683,23.9496366,0,0,-17.9317413,39.3063658,-17.448905,65.6964136,-1.74685546,-10.0334719,-15.831523,-3.93485362,-25.6856265,38.6812566,62.1618931,16.8978129,-6.64094597,15.988059,-40.2876079,-25.7962226,-32.1580606,71.6092674,-20.2310459,3.42708712,-69.1678504,-5.97519591,8.72015886,37.2491572,19.0649721,18.333172
945,-2.12865584,6.80731237,91.6510105,-1.24527392,1.90467583,46.1781783,-8.79732805,-4.3654518,23.9496366,0,0,-16.8356257,39.1384832,-16.6085749,65.3661739,-1.71472006,-9.98083505,-15.6011322,-4.19742573,-25.8693534,39.0836641,62.2115623,16.9153289,-6.52929244,15.7245366,-40.002748,-25.2759671,-31.825625,71.1250821,-20.1003998,3.42579066,-68.6278488,-6.20418013,8.27285831,38.7116407,18.133044,17.7939098
946,-2.20442396,6.80255294,91.8747663,-1.26182676,1.77479602,45.5135459,-8.38564437,-4.31409262,23.9496366,0,0,-15.8214826,38.9394822,-15.8891852,65.0344112,-1.86397591,-10.0258673,-15.4473846,-4.37108756,-26.0335853,39.2196053,62.2339175,16.873301,-6.60636771,15.8656979,-39.764289,-24.7405622,-31.458096,70.6182206,-19.9648052,3.46258019,-68.1009749,-6.40991952,7.8251266,40.1674443,17.1729961,17.1671289
947,-2.28508878,6.81674778,92.1041846,-1.29050674,1.59939766,44.8930585,-8.11227032,-4.25456027,23.9496366,0,0,-14.8517597,38.663826,-15.1452751,64.9063519,-2.00147104,-10.2205252,-15.3884999,-4.45387372,-26.1996511,39.2693223,62.1845421,16.7991081,-6.59717257,15.9297804,-39.4424573,-24.2124827,-31.116566,70.0866953,-19.8616283,3.54499859,-67.4528855,-6.74298089,7.24431464,41.6152464,16.0610191,16.4096507
948,-2.33751182,6.80876896,92.3441887,-1.28384551,1.44474746,44.2573505,-7.75526828,-4.21049189,23.9496366,0,0,-13.8441437,38.4130693,-14.4299887,64.5613591,-2.17567736,-10.1144831,-15.2627151,-4.53568616,-26.2367356,39.0914129,62.2110842,16.3756432,-6.58135129,15.8913384,-39.1278417,-23.6946075,-30.7687694,69.5324869,-19.7365334,3.53809434,-66.8026993,-7.08824055,6.72423159,43.0576833,14.9084247,15.7238451
949,-2.4054883,6.82895184,92.586422,-1.29763372,1.28234607,43.5975451,-7.39107235,-4.14965667,23.9496366,0,0,-12.9649567,38.1296369,-13.7517833,64.4216681,-2.13043888,-10.1906448,-15.3351339,-4.58496811,-26.352924,39.244293,62.1125382,16.5767376,-6.53753947,15.6812742,-38.8069663,-23.1622028,-30.3881776,68.9871646,-19.6019804,3.55241938,-66.1979954,-7.45360273,6.25417797,44.6139624,13.9270904,15.4683123
950,-2.47410424,6.84866533,92.8285241,-1.29689708,1.08088744,42.8954246,-7.10412586,-4.01611452,23.9496366,0,0,-11.908673,37.6912822,-12.976445,64.1363232,-2.23724362,-10.1993678,-15.1808331,-4.75602464,-26.5649126,39.4878815,62.1710046,16.7395728,-6.44155525,15.6464266,-38.4347859,-22.6055919,-29.9511855,68.4231412,-19.4887461,3.57511866,-65.4183498,-7.81237976,5.76218109,46.0543024,12.9476891,14.9574979
951,-2.54954286,6.87156543,93.0476665,-1.29092689,0.897762608,42.2433958,-6.82450645,-3.9904091,23.9496366,0,0,-10.9916689,37.3606669,-12.3172259,63.9383161,-2.45433883,-10.193528,-15.1917426,-4.82336433,-26.6386872,39.643463,62.1072175,16.7680905,-6.35102237,15.4892366,-38.0875151,-22.1204982,-29.5730969,67.8966019,-19.3756074,3.59467306,-64.6359243,-8.26194111,5.21347144,47.5063972,11.9744144,14.5149426
952,-2.61687227,6.90075904,93.3020949,-1.27631266,0.725129486,41.5310665,-6.53975288,-3.95411988,23.9496366,0,0,-10.0943579,36.9465525,-11.4950086,63.7798215,-2.45724486,-10.2036879,-15.2394908,-4.94732629,-26.6309588,39.7095519,62.2089736,16.9733975,-6.62494455,15.4906146,-37.724938,-21.5885272,-29.1436454,67.3071156,-19.2210539,3.60810207,-63.8515112,-8.6477008,4.82954096,48.9620471,11.1041613,14.110066
953,-2.6732184,6.92673102,93.5557306,-1.26717526,0.548760189,40.8190857,-6.2036175,-3.9004124,23.9496366,0,0,-9.28599479,36.5751405,-10.9369172,63.603869,-2.39797825,-10.1152079,-15.1989877,-4.99064506,-26.7767441,39.7491636,62.0895819,16.9485373,-6.48144996,15.639593,-37.3418566,-21.0539796,-28.7339365,66.7117485,-19.0899587,3.61291778,-63.0939749,-9.04829652,4.43334089,50.4640638,10.2624369,13.7471115
954,-2.70977095,6.93507642,93.8022554,-1.23917032,0.339101535,40.0994475,-5.95931273,-3.88286052,23.9496366,0,0,-8.36974028,36.2248201,-10.4107007,63.396846,-2.78770756,-10.0980317,-15.2005006,-5.06066389,-26.7185748,39.6963355,62.1854436,16.8639129,-6.57686002,15.6350424,-36.9169915,-20.5078445,-28.2835641,66.1207596,-18.98594,3.6026614,-62.0935708,-9.47947868,4.02420317,51.7891205,8.97176425,13.370827
955,-2.76918728,6.97392672,94.0839767,-1.27316644,0.14372087,39.3395682,-5.63663752,-3.76524509,23.9496366,0,0,-7.58876022,35.8041214,-9.74880499,63.28716,-2.64709317,-10.1508504,-15.3414382,-5.25375376,-26.8386222,40.0938559,62.2589979,17.1035501,-6.67497696,15.6263219,-36.4631151,-19.9178869,-27.8716883,65.4714408,-18.7878816,3.65692939,-61.4530288,-9.76003297,3.92614898,53.4755967,8.74476035,13.2559466
956,-2.81251743,7.00994432,94.3552673,-1.30050308,-5.81606665e-05,38.571568,-5.28027411,-3.50476494,23.9496366,0,0,-6.90224041,35.2411636,-9.34761504,63.1894746,-2.65629664,-10.1362808,-15.1788318,-5.33757342,-26.9387152,39.9428097,62.3409124,17.0241099,-6.73436119,15.8310722,-36.0800918,-19.3046315,-27.4190397,64.827395,-18.6587039,3.66171351,-60.6891268,-10.1000893,3.62296072,54.9670675,7.79846667,12.791107
957,-2.85569746,7.03864172,94.6167111,-1.30772934,-0.182458966,37.7817828,-4.97153632,-3.40323396,23.9496366,0,0,-6.21356481,34.8753694,-8.99504153,63.1294646,-2.80697894,-10.1680096,-15.3124167,-5.40163333,-26.9474151,40.0274801,62.3478792,17.132225,-6.65333551,15.6736842,-35.6620911,-18.6811053,-26.8914366,64.181785,-18.5541781,3.67145165,-59.7728842,-10.4869444,3.24783947,56.3141242,6.70628442,12.1094003
958,-2.89342701,7.04271495,94.903928,-1.31336432,-0.369109383,37.0234493,-4.66908743,-3.34105448,23.9496366,0,0,-5.53749305,34.456829,-8.68329292,63.072371,-2.95329995,-10.1017038,-15.0965161,-5.4519778,-26.9362819,40.1986856,62.296605,17.395107,-6.55738843,15.4720382,-35.1936733,-18.0726857,-26.4474555,63.4722171,-18.4063814,3.62022651,-58.8211383,-10.8992248,2.86538538,57.636203,5.68835998,11.5247677
959,-2.93601267,7.06343502,95.1675534,-1.30759206,-0.494633629,36.2248779,-4.42747803,-3.25112437,23.9496366,0,0,-4.91617124,33.9621765,-8.13805343,63.0517507,-2.90825613,-10.1249597,-15.1347976,-5.69526701,-26.9580156,40.3631293,62.4141867,17.1000394,-6.41758897,15.4510661,-34.8188666,-17.482057,-25.940273,62.8055224,-18.2669738,3.59473881,-57.9179688,-11.2516225,2.63179568,58.9033397,4.70999899,11.2419894
960,-2.97301468,7.07688034,95.4554379,-1.3247408,-0.712098768,35.4099606,-4.10777011,-3.16516836,23.9496366,0,0,-4.26758245,33.523091,-7.67668013,63.0110564,-2.92768332,-10.0681633,-15.0809894,-5.69762086,-26.901728,40.3178827,62.4373683,16.9699311,-6.49139428,15.5166018,-34.2988434,-16.8215333,-25.4181136,62.0727797,-18.1311504,3.54491599,-56.9310611,-11.5941701,2.39925912,60.2052147,3.87676244,10.7769038
961,-3.00188344,7.0858039,95.7434177,-1.31108537,-0.882801054,34.5673316,-3.78872984,-3.11944857,23.9496366,0,0,-3.685156,33.1040657,-7.33170776,63.0428031,-3.04093255,-10.0786169,-15.0020546,-5.86832735,-26.8385983,40.5366161,62.608369,16.9477945,-6.49027883,15.6176698,-33.8323858,-16.182231,-24.8470432,61.3401189,-17.9734601,3.55096647,-55.9076836,-11.9272247,2.19473593,61.3722686,3.00270078,10.3590832
962,-3.03240996,7.10716918,96.0555255,-1.37020149,-1.07898559,33.718931,-3.45591756,-2.96974725,23.9496366,0,0,-3.09151757,32.5390315,-6.63561629,63.0600357,-2.70412461,-10.1227203,-15.0425918,-5.89725491,-26.6609502,40.5121025,62.7355198,16.8437963,-6.54350009,15.3434667,-33.2996447,-15.4630172,-24.3149031,60.5615798,-17.8415333,3.52881382,-54.8417813,-12.1865396,1.97757925,62.5014697,2.57210752,9.85354252
963,-3.06924563,7.11284131,96.3407874,-1.34814589,-1.27214962,32.885587,-3.19595821,-2.96239882,23.9496366,0,0,-2.56260565,32.0736838,-6.25418779,63.1640527,-3.0025185,-10.1027591,-15.1782496,-6.09611928,-26.6577178,40.9108558,62.8002631,16.886135,-6.51948685,15.4730405,-32.7691952,-14.8387533,-23.7196897,59.7772009,-17.6886446,3.50357734,-53.7194105,-12.5859896,1.71269736,63.502106,1.88917824,9.49208635
964,-3.09663918,7.14100599,96.6249406,-1.32066126,-1.42985784,32.0290354,-2.89096124,-2.93190609,23.9496366,0,0,-2.10948023,31.7204811,-5.93488584,63.1880813,-2.9913409,-10.0774532,-15.2143061,-6.19888162,-26.5430457,40.9483125,62.9681697,16.6300336,-6.6270666,15.6595542,-32.252447,-14.2321284,-23.1139971,58.9821737,-17.5327268,3.47493409,-52.6316243,-13.0456792,1.37586552,64.4499041,1.30297822,9.21381505
965,-3.13340649,7.14752376,96.9011724,-1.28176194,-1.63909779,31.2050151,-2.64590173,-2.90295206,23.9496366,0,0,-1.70051796,31.2697364,-5.6700158,63.4364747,-2.9595754,-10.1918981,-15.1550167,-6.29833984,-26.3809773,41.0149342,63.0835657,16.4876088,-6.65168773,15.5550131,-31.6894276,-13.6457566,-22.5006375,58.1949466,-17.3624928,3.47161184,-51.2189705,-13.6036955,0.730539051,65.0137362,0.43720209,8.74820874
966,-3.16480882,7.17210174,97.1829414,-1.2826439,-1.81006708,30.3719378,-2.4437546,-2.77831519,23.9496366,0,0,-1.29353847,30.8088284,-5.47582754,63.5683725,-3.11474662,-10.200663,-15.0669346,-6.42067664,-26.3547818,41.167104,63.1392386,16.493744,-6.64892406,15.5691037,-31.1535207,-13.0294413,-21.8938572,57.4028974,-17.2156352,3.49102964,-49.8592301,-14.1047103,0.153513531,65.5552746,-0.327250612,8.55312232
967,-3.17914896,7.18310773,97.4825978,-1.25315195,-2.00150277,29.5447916,-2.2557165,-2.74956181,23.9496366,0,0,-0.851619842,30.330664,-4.99174002,63.6494674,-3.07843605,-10.1954148,-15.0103891,-6.64993322,-26.2515333,41.5017833,63.3439667,16.323411,-6.59317734,15.6294502,-30.5414812,-12.4249226,-21.2613339,56.5374407,-17.0325315,3.46750455,-48.5933433,-14.6130446,-0.332149138,66.2353975,-0.917627484,8.34930606
968,-3.19473669,7.19298348,97.7724612,-1.29564276,-2.19662678,28.7284705,-2.11186055,-2.5447191,23.9496366,0,0,-0.549239897,29.8734852,-4.97341804,63.856183,-3.4546433,-10.097312,-15.1292788,-6.77601552,-26.2780532,41.676561,63.4378818,16.2734021,-6.56648752,15.6690533,-29.9584699,-11.7611478,-20.6565104,55.7441552,-16.8631343,3.39196266,-47.1587884,-15.0759641,-1.05198979,66.7241522,-1.7906899,7.96297946
969,-3.18861119,7.17428029,98.0731189,-1.26176904,-2.35217305,27.9109516,-1.87642223,-2.5716262,23.9496366,0,0,-0.217054354,29.485954,-4.77108308,63.9491761,-3.4286508,-9.99771843,-14.968614,-6.88203372,-26.1410908,41.8260158,63.4539532,15.9875655,-6.59788206,15.7032179,-29.3686147,-11.1670622,-20.0378848,54.8713151,-16.6522027,3.32377368,-45.8554585,-15.5668566,-1.62111104,67.2003871,-2.48823023,7.63690964
970,-3.19476612,7.17178807,98.3837426,-1.26932018,-2.57041476,27.1213853,-1.72280615,-2.44772465,23.9496366,0,0,0.102442899,28.9864042,-4.5453069,64.1395061,-3.27596641,-10.0861933,-14.8502058,-6.77908143,-25.979451,41.5726157,63.4690411,15.5969077,-6.4833099,15.6062907,-28.7043891,-10.551546,-19.4169984,53.9991341,-16.4356601,3.31379456,-44.4555737,-16.0358498,-2.28170388,67.6329635,-3.03949736,7.27319865
971,-3.18627767,7.14446381,98.663944,-1.25284175,-2.71810513,26.3364964,-1.48159129,-2.39891846,23.9496366,0,0,0.203164124,28.7736677,-4.75907005,64.3503677,-3.62508875,-9.91990379,-14.9387524,-6.90280134,-25.9062552,41.8473464,63.5397131,15.905441,-6.57079438,15.6852221,-28.1329977,-9.96546798,-18.7884536,53.1659637,-16.244717,3.27020621,-42.9564052,-16.469922,-3.00329245,67.7683242,-3.82421566,6.92714883
972,-3.17067206,7.11952224,98.9595711,-1.24129088,-2.95405103,25.5929859,-1.33729768,-2.30022949,23.9496366,0,0,0.450067471,28.2878773,-4.76208174,64.5515236,-3.73063865,-9.98292509,-14.8232368,-6.89192469,-25.7747229,41.8556895,63.6821567,15.8420722,-6.67768385,15.7921077,-27.4198371,-9.39165696,-18.1825578,52.2882024,-16.0148555,3.18847531,-41.3791301,-16.8944405,-3.74256374,67.8785771,-4.36522342,6.65144568
973,-3.11988089,7.10131228,99.2235065,-1.25934689,-2.88442064,24.8678454,-1.12728452,-2.27874257,23.6347683,0,0,0.546668117,27.9967644,-4.79609395,64.8838123,-3.57691308,-10.0445684,-14.6777231,-6.73290679,-25.5057125,41.5447622,63.7440518,15.4403956,-6.62896369,15.8260811,-27.0909874,-8.85541966,-17.6761539,51.4955248,-15.7970271,3.09182429,-40.1386722,-17.2255493,-4.47573972,67.8944436,-4.75771042,6.28404298
974,-3.06056179,7.08720163,99.4712591,-1.22205201,-2.6549049,24.1462181,-1.03024909,-2.23788843,23.1535507,0,0,0.7612709,27.6726292,-5.010605,65.0767515,-3.77926533,-10.0355235,-14.5117717,-6.7295045,-25.446283,41.8676355,63.8155776,15.8379024,-6.69527458,15.9491235,-26.9527,-8.42425714,-17.1807996,50.7204384,-15.5662726,3.05540466,-39.1832243,-17.541717,-5.04527376,67.8579704,-4.9605013,6.21441688
975,-2.98904032,7.07608983,99.7262061,-1.20141904,-2.3980696,23.3802443,-0.927165736,-2.12748525,22.5122369,0,0,1.0387737,27.1992971,-5.14179714,65.3521584,-3.90207,-10.0418969,-14.42726,-6.40588202,-25.2736517,41.6766805,63.8671045,15.5742793,-6.64986833,15.908501,-26.8134154,-7.9517788,-16.6576122,49.9075912,-15.3601119,3.0345301,-38.2185387,-17.7847522,-5.69266214,67.6508107,-5.1836312,5.49746089
976,-2.91157793,7.04176873,99.97558,-1.17655956,-2.21551495,22.692886,-0.835368314,-2.09795962,22.0207928,0,0,1.1997112,26.924061,-5.18259386,65.6088369,-3.78481401,-10.046953,-14.5335173,-6.34463956,-25.1595141,41.7843414,64.0102858,15.607626,-6.70457132,16.0446283,-26.5989645,-7.50579477,-16.1651077,49.125958,-15.1348113,2.9130394,-36.9870624,-18.0561908,-6.54070355,67.1730254,-5.37385624,5.37670699
977,-2.83778962,7.00638071,100.204563,-1.13759314,-2.03652604,21.9909748,-0.722914799,-1.98266176,21.5468375,0,0,1.28102055,26.4772881,-5.48946871,65.8767784,-4.13169029,-10.140086,-14.1933013,-6.22425662,-25.0834787,41.7774155,64.1267815,15.3354156,-6.53548785,16.0506304,-26.3602835,-7.07555262,-15.6365023,48.3254564,-14.9414503,2.85208956,-35.7647146,-18.2668031,-7.31030024,66.5709783,-5.53499833,5.35005815
978,-2.75682174,6.94714189,100.430787,-1.1451048,-1.83271498,21.3205291,-0.734392772,-1.9249202,21.0474824,0,0,1.40273922,26.0398845,-5.51540934,66.1217568,-4.11323127,-10.1016842,-14.1015394,-6.0856136,-24.8816825,41.7304512,64.3049196,15.0930003,-6.62777011,16.037933,-26.2230053,-6.62064622,-15.1673418,47.6331655,-14.7176933,2.71450714,-34.3514495,-18.3768477,-8.33610245,65.6047115,-5.81873762,4.96239113
979,-2.67400462,6.88610375,100.633085,-1.14095655,-1.67959792,20.6330456,-0.590241896,-1.85865285,20.588731,0,0,1.51406436,25.8423264,-5.7216294,66.2492013,-4.34850354,-9.9940028,-14.3573428,-5.93325769,-24.7249484,41.7492444,64.3779139,14.7899687,-6.29798296,16.016727,-25.8982229,-6.14670537,-14.6715793,46.7798768,-14.6424588,2.83174264,-32.956175,-18.4337482,-9.30428262,64.5932971,-5.92728896,4.72778352
980,-2.58267708,6.80967867,100.841093,-1.11051952,-1.50311522,19.9541399,-0.459135081,-1.79671136,20.1052731,0,0,1.54529775,25.4634968,-6.03907952,66.4709502,-4.07570963,-10.0605237,-13.8590498,-5.81582241,-24.4931181,41.7366154,64.7014053,14.743397,-6.51245773,16.1886719,-25.6899227,-5.71404704,-14.1480906,46.0610916,-14.4776378,2.69807861,-31.4227634,-18.4127608,-10.3278821,63.1793728,-5.95662334,4.4115099
981,-2.48458162,6.74860477,101.030862,-1.1055106,-1.34571055,19.33249,-0.473052552,-1.66950079,19.62424,0,0,1.65167677,25.0775484,-6.09124338,66.5930672,-4.19330926,-10.0371798,-14.1661846,-5.8075233,-24.4421649,42.0434378,64.8852467,14.6347595,-6.44033905,16.185448,-25.3851733,-5.28177205,-13.6685814,45.2577521,-14.3810384,2.68316831,-29.8743595,-18.3556041,-11.3905648,61.6665405,-5.74809553,4.29503042
982,-2.38297749,6.66922629,101.218402,-1.07571305,-1.18522522,18.7396254,-0.518440493,-1.5539706,19.1124454,0,0,1.7580654,24.7932418,-6.50243742,66.7070903,-4.16122658,-10.0255754,-13.7675858,-5.65362633,-24.3676168,42.0212533,65.0941821,14.1466306,-6.42765795,16.2144354,-25.1500867,-4.89531525,-13.1898329,44.5492907,-14.2472922,2.54234304,-28.2531014,-18.2210886,-12.4728108,59.8765118,-5.44101962,4.38269974
983,-2.27462519,6.56273514,101.383102,-0.943209701,-1.04190982,18.1092437,-0.506031854,-1.52649552,18.6651124,0,0,1.8731241,24.4505234,-6.56322354,66.6742781,-3.88241698,-9.93285127,-13.8411939,-5.52850709,-24.1911913,41.9035896,65.3330817,13.9349682,-6.3806321,16.2853054,-24.8670181,-4.60072236,-12.6322317,43.8193313,-14.1229469,2.4240653,-26.6279484,-18.0941427,-13.4664138,57.8906617,-5.11938217,4.73245025
984,-2.1304287,6.38375729,101.465428,-0.659876325,-0.918379471,17.584229,-0.510763254,-1.78184086,18.2108109,0,0,1.98104856,24.2450149,-6.61653274,66.6383718,-3.67729744,-9.8124965,-13.9478345,-5.35670819,-24.0053504,41.9819695,65.4397419,13.8482572,-6.33500174,16.2899141,-24.6440909,-4.50989493,-12.1088172,43.2865698,-14.0385932,2.32398915,-24.9858907,-18.110221,-14.4951589,55.8226955,-5.97307684,7.93511399
985,-1.98898315,6.11406416,101.476812,-0.310870977,-0.744968283,17.1417788,-0.614753044,-2.03160925,17.6819766,0,0,2.0251274,24.0168593,-6.91901365,66.7113729,-3.65688072,-9.80169541,-13.5585052,-5.13037152,-23.8129252,41.8401679,65.6156876,13.5208026,-6.35369554,16.219348,-24.5582525,-4.4996774,-11.6757277,42.8613119,-14.0147277,2.15319942,-22.7001866,-18.1037442,-16.4762451,52.6699349,-8.38218317,11.6690162
986,-1.83602199,5.87250367,101.543832,0.00657794862,-0.671978186,16.6831023,-0.747151352,-2.2355064,17.2377821,0,0,2.12879409,23.8038598,-7.03615011,66.7182235,-3.53002639,-9.79634481,-13.6562871,-4.9381034,-23.7148966,41.8890618,65.7518064,13.2505405,-6.33426834,16.1863838,-24.2604648,-4.43539123,-11.1986484,42.310645,-13.9388708,1.96410136,-20.5688876,-17.9913688,-18.5294016,49.5275185,-9.51759882,15.2360039
987,-1.7348621,5.57641238,101.722622,0.0124960384,-0.478415305,16.0602756,-0.627952758,-2.23774265,16.6872484,0,0,2.21211108,23.6256602,-7.13955106,66.7023912,-3.66364303,-9.76513426,-13.5343699,-4.71178465,-23.453536,41.8242399,65.9231759,13.0222483,-6.23623848,16.2146488,-24.1129788,-3.92052346,-10.749058,41.6332132,-13.7282448,1.71936491,-19.5190346,-17.10981,-19.1201123,47.2905496,-10.7820495,14.5986158
988,-1.65250916,5.26895672,101.901066,-0.0466810955,-0.157861984,15.3498115,-0.386511627,-2.1663565,16.0541633,0,0,2.19627977,23.5131516,-7.35549048,66.7226017,-3.54348741,-9.8199841,-13.1965889,-4.53602767,-23.1538,41.7449687,66.1385795,12.8592945,-6.20664839,16.3597272,-24.1633224,-3.31569442,-10.2792716,41.019367,-13.5025327,1.45670828,-18.9280747,-16.0583843,-19.2887308,45.4470098,-12.4672971,11.9497822
989,-1.56093398,5.03912568,102.056289,-0.0497664015,0.113491463,14.7203635,-0.364688746,-1.95747587,15.3679956,0,0,2.32639893,23.1876624,-7.28049927,66.7146445,-3.47709627,-9.76836238,-13.47621,-4.26003765,-23.1645592,41.8760606,66.1982208,12.940835,-6.09764071,16.3528679,-24.1280138,-2.85709268,-9.80848803,40.4221728,-13.3221431,1.2573311,-18.2846555,-15.226317,-19.3384871,43.5815554,-13.5816032,10.9333775
990,-1.48104886,4.78865467,102.197087,0.0272140756,0.34104679,14.0816485,-0.172597533,-2.07027601,14.8275689,0,0,2.32649925,23.1133055,-7.54163619,66.6692033,-3.73307874,-9.70461623,-13.2933376,-4.04100245,-22.8002796,41.6090753,66.4726509,12.5838867,-6.02370434,16.3774617,-24.0021061,-2.46961156,-9.26370361,39.7664269,-13.1520219,1.01961299,-17.35757,-14.5453181,-20.2308137,41.3563549,-14.7797917,10.3414631
991,-1.40190674,4.58253734,102.370715,0.0559605374,0.582797127,13.452446,-0.0267470074,-2.01468681,14.2743543,0,0,2.30376774,22.8632403,-7.56731428,66.6923713,-3.89361166,-9.76389971,-13.1136635,-3.83850954,-22.690095,41.7708415,66.5489578,12.7796101,-5.8538179,16.3651537,-23.8326559,-2.06085868,-8.73129207,39.0184016,-12.9387731,0.785032755,-16.5967142,-13.8722815,-20.9748177,39.2533533,-15.4790391,9.36440706
992,-1.31451311,4.45875004,102.568018,0.0141156256,0.85919591,12.7682552,0.0538054322,-1.80224317,13.6190156,0,0,2.37388326,22.611681,-7.6419896,66.7188178,-3.95174511,-9.78490168,-13.2652621,-3.6862531,-22.5390556,41.8503756,66.8993055,12.8557522,-5.98409351,16.5021144,-23.6740504,-1.60827199,-8.15489838,38.2570985,-12.7221725,0.600235904,-16.1885558,-13.1907798,-21.2909923,37.5536539,-15.6136229,8.34443784
993,-1.25516895,4.35661934,102.774525,-0.0170946385,1.04462595,11.9698582,0.472576253,-1.74899437,13.223627,0,0,2.21929815,22.4225941,-7.60854643,66.7403602,-3.94509763,-9.80716042,-13.1552107,-3.54849095,-22.3385435,41.5615099,67.0904347,12.4716548,-5.80862254,16.5319948,-23.3330498,-1.13326232,-7.40015138,37.3856517,-12.529025,0.460443649,-15.9691445,-12.606761,-21.3805463,36.2387264,-15.2967414,7.63034412
994,-1.18428757,4.26155403,102.932394,0.0112735608,1.34143313,11.1989058,0.58563392,-1.52860295,12.573784,0,0,2.36687228,22.0287534,-7.72942541,66.668288,-4.2786576,-9.86379037,-12.9515558,-3.53161398,-22.3369725,41.7611187,67.5220275,12.534373,-5.80853673,16.6005528,-23.1567592,-0.773112207,-6.67406556,36.5995789,-12.3817601,0.33069236,-15.8289429,-12.0867753,-21.3891813,34.8711176,-15.2615386,7.22836871
995,-1.15398774,4.18759063,103.101146,0.069436909,1.59606317,10.2926055,0.827693636,-1.35794235,12.0869077,0,0,2.32188524,21.6896721,-7.68427103,66.7055126,-4.3285675,-9.78766876,-13.1853472,-3.49242022,-22.2910703,41.7079457,67.8822449,12.3669685,-5.80812649,16.7724243,-22.8732141,-0.425430312,-5.8054687,35.7166677,-12.1598584,0.217009824,-16.006714,-11.6961705,-20.7181272,33.996768,-14.9937525,6.69777101
996,-1.11153014,4.14875448,103.338802,0.014177515,1.84380576,9.32478559,1.25254773,-1.16938538,11.6455938,0,0,2.3131791,21.4281561,-7.55479455,66.6124854,-4.13772775,-9.7878011,-13.2591824,-3.56001754,-22.1753942,41.6919187,68.2715998,12.0876359,-5.74119662,16.6807221,-22.5208925,0.0432900291,-4.88559803,34.7455002,-11.8413239,0.120190959,-16.1735379,-11.1795947,-20.0846972,33.0894286,-14.2582794,6.53920988
997,-1.10341785,4.11853939,103.557408,0.0771043384,2.06501076,8.26137792,1.71879469,-1.12520899,11.2409332,0,0,2.26865779,21.1436326,-7.71304747,66.6162966,-4.38370719,-9.76676241,-13.0731007,-3.7206145,-22.0657492,41.8733217,68.7207462,12.3147184,-5.6312707,16.7682049,-22.0554953,0.373619752,-3.83842672,33.6492241,-11.4950436,0.061565631,-16.3833477,-10.8043023,-19.1263294,32.1879461,-13.4689008,6.83523455
998,-1.10084275,4.09392864,103.760827,0.151127669,2.22331356,7.16812971,2.07808804,-0.950700967,10.888025,0,0,2.25338656,20.589788,-7.60301398,66.7088252,-4.3838963,-9.87433618,-12.7963364,-3.862828,-22.0746028,41.6306416,69.164852,11.6573289,-5.42762092,16.9236173,-21.5108082,0.679358309,-2.7426774,32.5737391,-11.1734399,0.00720871022,-16.5930584,-10.4795917,-18.1725413,31.4375405,-12.8309927,6.89690603
999,-1.11740977,4.07564007,103.952849,0.257045195,2.48493059,6.0766435,2.40380888,-0.843054358,10.4519448,0,0,2.29635997,20.2456079,-7.56909952,66.6738751,-4.7048264,-9.89157643,-12.9914057,-4.09826932,-22.0482058,41.8296084,69.6577799,11.6500257,-5.24965992,16.8154476,-21.0930636,0.898564853,-1.7152621,31.4902013,-10.8106928,-0.0233701626,-16.9968574,-10.1907899,-17.0816799,30.7696573,-12.1925528,7.0541865
1000,-1.14102745,4.04541306,104.155219,0.340880125,2.59870632,5.02914973,2.68219394,-0.853770498,10.2605859,0,0,2.28148169,19.9669789,-7.39180062,66.6761837,-4.91120782,-9.89893682,-13.3139563,-4.45664038,-21.8696169,41.8748926,70.1767172,11.4719063,-5.01037235,16.968548,-20.4575879,1.13534617,-0.639628059,30.3312889,-10.4526116,-0.0566001501,-17.148182,-9.88086755,-16.0711243,30.038646,-11.51087,7.1922925
1001,-1.15694217,4.02362645,104.349601,0.38100638,2.70195694,4.06540399,2.8726177,-0.737541169,9.99182141,0,0,2.31816343,19.6287769,-7.46782575,66.7145899,-5.13743607,-9.83573964,-13.4544165,-4.69688588,-21.7979306,41.8869684,70.6776364,11.4400973,-5.03499732,17.089777,-19.7942895,1.36789629,0.337086297,29.1501375,-10.1345997,-0.0790098741,-17.1760714,-9.52934076,-15.2260404,29.2100348,-10.9098671,7.17978557
1002,-1.15932403,3.98408622,104.533339,0.401333111,2.7832804,3.2432691,2.91267889,-0.721901156,9.7399394,0,0,2.33043429,19.3037299,-7.47966759,66.8822984,-5.31970308,-9.93481921,-13.3952048,-4.98859813,-21.5811711,41.9785407,71.1893952,11.2181682,-4.8673277,16.98297,-19.134804,1.58151888,1.22156983,27.9988391,-9.80204119,-0.134745558,-17.0801414,-9.18426168,-14.5446573,28.3489751,-10.3680795,7.16025465
1003,-1.13859968,3.94732803,104.724181,0.450131886,2.90584001,2.51840992,2.8447723,-0.756102475,9.43387777,0,0,2.32681173,19.2203555,-7.64567107,67.0923881,-5.41583714,-10.3295896,-13.9508313,-5.20544768,-21.4462783,42.2704835,71.5051616,11.6239233,-4.70031847,17.0145647,-18.5009898,1.71191317,2.01453313,26.7990122,-9.40931044,-0.173150965,-16.9685497,-8.89936424,-13.9516159,27.4498353,-9.86466036,7.07577929
1004,-1.09885475,3.88416983,104.900181,0.478284345,2.99068983,1.98253983,2.58383218,-0.752327568,9.11898471,0,0,2.41903679,19.011782,-7.92843663,67.1810918,-5.57955635,-10.3367869,-13.8433352,-5.40544586,-21.3203535,42.4667968,71.8178955,11.514099,-4.48809382,17.082035,-17.8804705,1.83157712,2.6419033,25.6656447,-9.02107395,-0.228591304,-16.7189353,-8.62222846,-13.5834252,26.540913,-9.45304584,6.91599897
1005,-1.04879774,3.81602943,105.066323,0.473560978,3.05977316,1.61273655,2.25550199,-0.686874399,8.82747138,0,0,2.57779322,18.9185773,-8.26922209,67.0842466,-5.68207706,-10.2344169,-13.9306498,-5.60962199,-21.1714554,42.5847268,72.1816304,11.6831265,-4.51377277,16.9635142,-17.3088315,1.94560607,3.12189698,24.6102251,-8.6011727,-0.292261047,-16.3465381,-8.34204813,-13.4346517,25.5646297,-9.00608253,6.70596084
1006,-0.970613677,3.72566022,105.209577,0.513225348,3.2309005,1.33539798,1.77309107,-0.682160127,8.37206852,0,0,2.72697693,18.7743134,-8.74121036,67.1265596,-6.07097693,-10.2438895,-13.8652038,-5.66759065,-21.0620511,42.6268349,72.3188352,11.5882817,-4.32886291,16.9383552,-16.8858259,1.98983752,3.5081096,23.6064025,-8.14504584,-0.428501389,-16.0783865,-8.12031372,-13.3507496,24.6189729,-8.6356993,6.4424483
1007,-0.884138048,3.64332609,105.343306,0.545342221,3.36846768,1.03915445,1.41137311,-0.677276596,7.9775824,0,0,2.82691263,18.7295637,-9.26424576,67.0607234,-6.17158818,-10.0858338,-13.8004408,-5.71110579,-20.9293132,42.6593945,72.4594688,11.7034865,-4.23045909,16.8651816,-16.4128199,2.03719293,3.92828981,22.6031843,-7.73766432,-0.509388518,-15.7712944,-7.89436509,-13.2814873,23.6866435,-8.29158157,6.07153914
1008,-0.776093127,3.55490446,105.482841,0.586413011,3.5638282,0.794449955,0.983526643,-0.664660809,7.47929278,0,0,3.02121081,18.6441266,-9.50205501,66.9169821,-6.10593384,-9.68291415,-13.9492689,-5.81388007,-20.8342199,42.8518316,72.7191185,11.7812943,-4.26741169,17.1321379,-16.0536835,2.0636614,4.29090626,21.6870408,-7.32053357,-0.603666686,-15.5585272,-7.68653353,-13.1837472,22.8367375,-7.97099639,5.64699507
1009,-0.687842956,3.4569446,105.605316,0.638454469,3.77150927,0.618090547,0.590935801,-0.740209585,6.99502639,0,0,3.04572265,18.6376072,-10.1798992,67.0283893,-6.52210452,-9.72112479,-13.8809021,-5.66460074,-20.6752217,42.599883,72.6881231,11.4040766,-4.23034981,17.0992983,-15.8135067,2.07175155,4.57215638,20.915407,-6.89100646,-0.728523238,-15.3701335,-7.51109756,-13.1084436,22.0105117,-7.66589782,5.28089437
1010,-0.586022437,3.36200036,105.711973,0.677646894,3.94256314,0.386951432,0.27687175,-0.746621959,6.55076827,0,0,3.1087939,18.8214161,-10.7743365,66.8905629,-6.46969349,-9.33679859,-14.213394,-5.60580049,-20.6102324,42.4642013,72.7446429,11.3835484,-4.2307895,17.4373893,-15.4530793,2.09564846,4.97334248,20.0547707,-6.48137781,-0.848975065,-15.1184922,-7.31743352,-12.9889221,21.1595214,-7.33153445,4.92398881
1011,-0.508230459,3.27677988,105.792117,0.70404423,4.1488347,0.176869439,0.0455751276,-0.762799262,6.10590225,0,0,2.93072254,19.0362358,-11.4459516,67.0205414,-6.17448503,-9.34489236,-14.716971,-5.52669068,-20.508063,42.3247425,72.7641431,11.238529,-4.14178232,17.4286723,-15.2180508,2.11824337,5.30375971,19.3045752,-6.11255528,-0.96067966,-14.939613,-7.12899501,-12.8837124,20.335097,-7.01488816,4.62368162
1012,-0.432793796,3.23202647,105.862761,0.68719017,4.37211889,-0.0624479661,-0.213079064,-0.591603665,5.67291351,0,0,2.83511206,18.7598556,-11.3963397,67.1936047,-5.52425615,-9.25356419,-15.1047431,-5.54009792,-20.5814363,42.2315753,72.8415769,10.9282455,-4.1375984,17.7053854,-15.078271,2.17702013,5.61347763,18.6867811,-5.82426922,-1.04239391,-14.8077033,-6.91642116,-12.7566709,19.5432817,-6.70163434,4.39909091
1013,-0.360843143,3.16995047,105.94517,0.64608419,4.59018282,-0.314098285,-0.421541106,-0.470222613,5.26708373,0,0,2.68418943,18.5715661,-11.5175559,67.3768655,-5.05026407,-9.22122069,-14.9323423,-5.52436244,-20.5714011,42.1230948,72.8637546,10.84441,-4.05171987,17.9255617,-14.970132,2.27659191,5.9171171,18.1246241,-5.52453192,-1.08960663,-14.6632004,-6.66935444,-12.5571918,18.734309,-6.32893525,4.28504212
1014,-0.282068714,3.10535002,106.000173,0.627061105,4.80455043,-0.533520346,-0.643759897,-0.325012684,4.83458847,0,0,2.54590136,18.5326204,-11.9293753,67.4626185,-4.99032276,-9.08029339,-14.9473841,-5.48457147,-20.5832105,41.8442319,72.9778051,10.3885956,-4.08323137,18.1024038,-14.8240957,2.33832828,6.19929612,17.5146012,-5.22538585,-1.18783831,-14.4971602,-6.45937222,-12.3652626,17.9303992,-6.00710399,4.18644834
1015,-0.209346134,3.04835793,106.048536,0.591688167,4.99490976,-0.753459746,-0.747083904,-0.231771504,4.4422052,0,0,2.37428731,18.441369,-11.9659979,67.593403,-4.6676992,-9.02598571,-15.0437256,-5.38642891,-20.6400906,41.6335718,72.8973932,10.2361185,-3.89786815,18.2455987,-14.7153984,2.42043697,6.47787521,17.0230478,-4.96044836,-1.29020534,-14.345238,-6.25884811,-12.1526107,17.1926107,-5.66608844,4.28345367
1016,-0.149055594,2.99930014,106.104243,0.521854488,5.14123071,-0.953724659,-0.947824391,-0.105000538,4.15558741,0,0,2.19316136,18.3689434,-12.0376466,67.7026314,-4.47350411,-9.0055882,-15.008767,-5.51788998,-20.61577,41.5038631,73.1737427,10.1558143,-4.06029517,18.6089648,-14.5979601,2.54136227,6.67039305,16.5818108,-4.71348751,-1.40548623,-14.1344216,-6.0197693,-11.9444367,16.4445376,-5.28241025,4.27192133
1017,-0.0637514633,2.94371787,106.155145,0.460038399,5.29121933,-1.11682251,-1.1502791,0.0740377565,3.78973943,0,0,2.05908688,18.0901846,-11.7818654,67.9104331,-3.83571684,-8.86449954,-15.1081274,-5.48499878,-20.6875177,41.4445975,73.2210691,9.75298677,-3.81785248,18.6568974,-14.5350746,2.65559441,6.83759267,16.249604,-4.53728186,-1.46255855,-13.9057845,-5.79433165,-11.7893829,15.702108,-4.97925059,4.21660064
1018,0.0123636608,2.89240889,106.204081,0.392369615,5.44844722,-1.26302352,-1.33778454,0.239205604,3.42110344,0,0,1.93213352,17.9302404,-11.6621869,68.0708264,-3.73891855,-8.89837216,-15.0273519,-5.39536706,-20.6843246,41.1974471,73.3807452,9.60030643,-3.96408897,18.7749845,-14.4673276,2.76664411,7.01360067,15.879558,-4.34983244,-1.51018343,-13.6373597,-5.56245611,-11.6032415,14.8714494,-4.63606475,4.12994304
1019,0.0696484931,2.82382704,106.233346,0.34591856,5.55476984,-1.42356432,-1.47589769,0.340496323,3.17746846,0,0,1.70845603,17.987643,-12.1998175,68.1592774,-4.30125955,-8.92686173,-14.9108972,-5.37444918,-20.6942335,41.0121304,73.4154153,9.71098623,-3.82534221,18.7981986,-14.3842264,2.87260745,7.20219115,15.5942064,-4.18253251,-1.62306586,-13.3695489,-5.35221094,-11.4838805,14.1376429,-4.35477707,3.94461567
1020,0.137399603,2.76615582,106.268013,0.28236475,5.67886994,-1.53170944,-1.61453271,0.47125189,2.87928844,0,0,1.52654077,17.9163375,-12.435535,68.2897749,-4.71499442,-8.87019677,-14.7219332,-5.34139021,-20.6530116,40.8222921,73.7200622,9.69963531,-3.95724555,18.8846176,-14.3495393,2.98939942,7.30550545,15.3451982,-4.01303752,-1.73602555,-13.0729701,-5.12534877,-11.4076223,13.343677,-4.03138981,3.71815307
1021,0.183722947,2.70340852,106.297076,0.248047564,5.78745547,-1.64666099,-1.77116624,0.616104514,2.63964443,0,0,1.34673529,17.6963764,-12.3136477,68.4621279,-4.73792379,-9.05485606,-14.9490045,-5.3606697,-20.6120937,40.61447,73.974398,9.645775,-3.91271058,18.8933892,-14.3215868,3.07327627,7.41469371,15.1148518,-3.8651921,-1.79949188,-12.8049894,-4.93238867,-11.3863488,12.5986903,-3.77698021,3.4095267
1022,0.243412843,2.6409151,106.330061,0.234638955,5.85931714,-1.71174106,-1.99161635,0.714867075,2.38579276,0,0,1.29522243,17.3499731,-11.9747286,68.513491,-4.79111474,-8.83579055,-14.7117972,-5.31618126,-20.636626,40.5316403,74.1487522,9.99184959,-3.82053461,19.1385965,-14.2615332,3.12556436,7.48283424,14.9135729,-3.72949588,-1.81856882,-12.4233534,-4.76687056,-11.4502452,11.7655293,-3.51178274,3.0258818
1023,0.286782533,2.59089097,106.33496,0.182744435,5.9242253,-1.78816474,-2.11223707,0.820295581,2.21468905,0,0,1.11811232,17.2421996,-12.0590439,68.6155613,-4.95806804,-8.92868112,-14.7037427,-5.33490836,-20.5811956,40.2586,74.3833829,9.97191397,-3.7410295,19.2458099,-14.2332733,3.2272503,7.5835172,14.7870846,-3.66853089,-1.8926038,-12.14061,-4.57574906,-11.530319,11.1199612,-3.3178075,2.70364308
1024,0.33861238,2.53174249,106.34222,0.180499282,5.94384911,-1.87170224,-2.19187686,0.872953458,2.06706092,0,0,0.972984887,17.2195933,-12.4870065,68.648394,-5.7059268,-9.11070652,-14.8815086,-5.2893335,-20.5153867,40.1543884,74.616586,10.2324208,-3.72459095,19.1460243,-14.0981482,3.27454082,7.70990387,14.5911009,-3.59393797,-1.98832207,-11.7477222,-4.42800225,-11.6776086,10.378668,-3.10633759,2.32433472
1025,0.403301232,2.47766059,106.356013,0.202902236,6.00227833,-1.93737244,-2.33156362,0.926201186,1.83402617,0,0,0.938200441,17.2058817,-12.7749186,68.6088336,-6.05007869,-8.97271791,-15.0286975,-5.27189859,-20.4463591,40.1367973,74.8998681,10.4133243,-3.71958655,19.1965506,-14.02666,3.28209842,7.80028777,14.4254466,-3.48790056,-2.04747385,-11.4744463,-4.32907507,-11.8206788,9.7864786,-2.94221946,2.02015118
1026,0.456355792,2.38903519,106.368005,0.250207357,6.05753957,-2.0338052,-2.27650483,0.730775493,1.68102129,0,0,0.737282102,17.2830407,-13.1163034,68.7014236,-6.31973285,-9.06614551,-14.8675682,-5.24164896,-20.1778217,39.7536749,75.1819822,10.3639805,-3.77849565,19.5588921,-13.9586476,3.28363159,7.92082439,14.2666302,-3.39241195,-2.11089515,-11.1760089,-4.23190069,-11.9258433,9.11631069,-2.76883404,1.68330748
1027,0.513575925,2.33257804,106.379354,0.279152779,6.1071047,-2.10192863,-2.39621243,0.722340156,1.49103083,0,0,0.703340491,17.2326697,-13.2050233,68.6319674,-6.3292473,-9.0402275,-15.0113539,-5.2056513,-20.0801705,39.737501,75.3239136,10.4322679,-3.62794889,19.5822155,-13.8786524,3.28276607,8.01495976,14.0995339,-3.30618018,-2.14602196,-10.9036448,-4.1494078,-11.9997476,8.53015068,-2.58454508,1.40790935
1028,0.575794559,2.23722681,106.387544,0.325898128,6.08370852,-2.24606311,-2.26046413,0.486202267,1.38657973,0,0,0.540503285,17.5395843,-14.0288534,68.5696283,-6.93849591,-9.01018235,-15.0311683,-5.16583471,-19.7335896,39.5051858,75.5832627,10.3293574,-3.62581915,19.7725405,-13.6905635,3.30253285,8.22980848,13.9441027,-3.23493469,-2.24638006,-10.5873857,-4.06367099,-12.0774444,8.01672195,-2.45446989,1.1553647
1029,0.63464283,2.17815712,106.394398,0.348976632,6.11481442,-2.37709082,-2.26947869,0.413402696,1.20012464,0,0,0.47829643,17.5647945,-14.2936427,68.5342479,-6.85456483,-9.06001285,-14.8764372,-5.13097642,-19.6157757,39.5904709,75.7080093,10.4513224,-3.54401483,20.013863,-13.5823101,3.32082474,8.38192619,13.7987332,-3.18970987,-2.30534423,-10.3779252,-3.98536202,-12.0786414,7.56362342,-2.27340456,0.96032289
1030,0.692163687,2.10815407,106.398976,0.405580599,6.14381551,-2.53764316,-2.20856557,0.312305304,1.04266061,0,0,0.415023318,17.5670314,-14.6112517,68.5123367,-6.85429248,-9.13279364,-14.8824699,-5.1124205,-19.4744095,39.5754616,75.8474134,10.3927885,-3.52198128,20.2403948,-13.4570197,3.30537976,8.57187375,13.6390075,-3.13612981,-2.34432007,-10.2265468,-3.96417178,-11.9499504,7.21031908,-2.15443334,0.826287898
1031,0.757956877,2.05423366,106.410122,0.44149019,6.15380631,-2.64694777,-2.21797672,0.384129439,0.862197351,0,0,0.419980648,17.3981259,-14.7418278,68.4427165,-6.33894873,-9.062873,-14.5641234,-5.07441647,-19.4591441,39.6557266,76.0015571,10.4249442,-3.60080359,20.3866206,-13.3023509,3.29955617,8.70380568,13.4575123,-3.08554436,-2.37830026,-10.0534886,-3.93545425,-11.8963625,6.896915,-2.04698507,0.710540524
1032,0.811769627,1.99881978,106.414938,0.48873944,6.16821359,-2.77703039,-2.20999159,0.377279426,0.722230233,0,0,0.35478105,17.4842136,-15.2116987,68.3901377,-6.38791991,-9.20262891,-14.6945834,-5.05860928,-19.4093349,39.7132265,76.0868662,10.3504977,-3.5943196,20.6645529,-13.1525555,3.28191443,8.87224839,13.2717551,-3.01351148,-2.44535372,-9.90490384,-3.92728108,-11.7468906,6.59612243,-1.93189638,0.644313569
1033,0.874529593,1.90126169,106.42457,0.532411676,6.17589562,-2.92927348,-2.02994908,0.0501892739,0.563938731,0,0,0.199087701,17.8696139,-15.9476055,68.4137497,-6.43122886,-9.14929453,-14.6639107,-4.96550356,-19.0345778,39.6238125,76.1514115,10.2456688,-3.58401114,20.9299809,-12.971418,3.29851521,9.05936825,13.0605349,-2.92528464,-2.55330614,-9.78262979,-3.89284028,-11.570121,6.3739748,-1.84038807,0.581175994
1034,0.944044534,1.872495,106.435001,0.546387334,6.23511522,-3.03035557,-2.15654643,0.285853582,0.332297241,0,0,0.145966465,17.6441101,-16.0293321,68.5050284,-6.11654582,-9.05777341,-14.7966554,-4.90038453,-19.2317175,39.8841896,76.0626668,9.94944094,-3.39876254,21.1215421,-12.8873666,3.29776944,9.13782066,12.8931799,-2.86455935,-2.59806351,-9.71102038,-3.87042744,-11.4144107,6.14797963,-1.71418207,0.520569751
1035,1.00052897,1.78629328,106.4502,0.586994838,6.20339266,-3.20064035,-2.01391393,0.0986140044,0.248590845,0,0,-0.0127704986,17.8688113,-16.4295727,68.5982604,-5.58314262,-8.91361458,-14.7855905,-4.87103308,-19.0238254,39.9145258,76.1000758,9.90618706,-3.43446884,21.3775086,-12.6441034,3.30974276,9.32339605,12.6574103,-2.7788424,-2.65474661,-9.55685789,-3.84564922,-11.2465673,5.9396388,-1.63381679,0.484898768
1036,1.05746118,1.73289366,106.454277,0.619200527,6.21895262,-3.2365021,-2.07393593,0.175820328,0.0805400032,0,0,-0.0462496721,17.6729335,-16.4909931,68.6801339,-5.50633501,-8.96021952,-14.7549196,-4.82495278,-19.0593782,40.0179793,76.0951034,9.75618074,-3.4969369,21.62693,-12.5294681,3.29933697,9.36233069,12.4995578,-2.72403888,-2.71610327,-9.45583,-3.84014153,-11.184965,5.78590661,-1.60529338,0.456550548
1037,1.11858984,1.6781671,106.473505,0.625891723,6.19711312,-3.32398888,-2.0302876,0.178103332,-0.0111032721,0,0,-0.163278247,17.6809726,-16.9383859,68.7959398,-5.75490566,-8.96914146,-14.683737,-4.81106999,-19.0160987,40.1753093,76.097412,9.64123463,-3.58663607,21.8683225,-12.3160178,3.32211735,9.47184765,12.2656759,-2.64283882,-2.81082988,-9.33891851,-3.80607425,-11.0787991,5.67268384,-1.52800392,0.420375732
1038,1.16792629,1.62422713,106.475091,0.635879813,6.23699963,-3.35020151,-2.11097007,0.214413138,-0.155501476,0,0,-0.297299378,17.6644316,-17.0797384,68.9474334,-5.29150166,-8.75453008,-14.7330152,-4.82876146,-18.9611396,40.2734762,76.13715,9.47687211,-3.5481503,22.0433359,-12.263492,3.34087412,9.46932389,12.1470287,-2.59222712,-2.86652837,-9.32560476,-3.77727775,-11.0262681,5.61646669,-1.50423102,0.391818471
1039,1.22257564,1.55899627,106.47614,0.659254055,6.2805534,-3.37969212,-2.19062672,0.250290495,-0.332766389,0,0,-0.324232228,17.524814,-17.0937966,69.0929369,-5.26216984,-8.71753009,-14.5613759,-4.84977924,-18.9187122,40.4583489,76.2408869,9.53229994,-3.60136195,22.1831208,-12.1939504,3.34627488,9.50252459,11.9974194,-2.53740375,-2.88057359,-9.30243334,-3.75107842,-11.0135161,5.53238706,-1.51423682,0.302835113
1040,1.26662226,1.49088269,106.478024,0.68885167,6.30147221,-3.38605634,-2.28344899,0.21194712,-0.472078343,0,0,-0.375446427,17.4629803,-17.0602279,69.2623051,-4.8797326,-8.58889885,-14.6004139,-4.89311124,-18.8118095,40.7046968,76.3231019,9.5228222,-3.546434,22.5320957,-12.1080966,3.34436328,9.50901412,11.849013,-2.47278376,-2.91093676,-9.26949476,-3.74116525,-10.9924339,5.47771481,-1.52522084,0.242677582
1041,1.31619703,1.42741445,106.473792,0.723750382,6.31513012,-3.34778791,-2.42755254,0.192207033,-0.585907341,0,0,-0.419302912,17.4608066,-17.2083235,69.3980824,-5.1069461,-8.53647459,-14.7125365,-4.95398914,-18.6770515,40.825417,76.4825459,9.50978081,-3.54880813,22.708458,-12.0277326,3.33256093,9.48254202,11.7182132,-2.4081151,-2.98325139,-9.20489568,-3.73653994,-11.0388185,5.41087287,-1.5334716,0.215196155
1042,1.37093719,1.37023935,106.47707,0.734304496,6.31270063,-3.31119501,-2.55515178,0.244604149,-0.710297145,0,0,-0.446583141,17.4696841,-17.5003483,69.5334841,-5.12582218,-8.4822685,-14.678903,-4.98680948,-18.6021346,40.8260078,76.6409175,9.44471728,-3.53393475,22.8422887,-11.9207275,3.34454684,9.47550094,11.578675,-2.36801378,-3.03762311,-9.13937965,-3.70967381,-11.1118828,5.38728695,-1.55639147,0.196188646
1043,1.42019,1.30067393,106.477499,0.746451956,6.31478196,-3.27920334,-2.6184337,0.222764685,-0.820956882,0,0,-0.427435133,17.3154243,-17.3466468,69.6904282,-5.19147482,-8.34986016,-14.7140409,-5.03817506,-18.4995196,40.8812128,76.7761689,9.45560034,-3.42890971,23.0170545,-11.8523248,3.36552278,9.49610933,11.4978056,-2.35440292,-3.04280957,-9.09235978,-3.67849357,-11.1952948,5.37911932,-1.61167225,0.165741904
1044,1.45412497,1.22935651,106.474984,0.778038146,6.29104099,-3.21540679,-2.7552298,0.15444992,-0.881545302,0,0,-0.462852358,17.2255561,-17.2016709,69.9330433,-5.14541031,-8.35572302,-14.8916736,-5.13672445,-18.3651612,40.9680313,76.9154296,9.39065207,-3.25072566,23.2607232,-11.7794757,3.36863158,9.47597223,11.4366796,-2.32343911,-3.0444422,-9.01794999,-3.67081559,-11.3163983,5.36935727,-1.67868996,0.1273296
1045,1.49474898,1.1387337,106.468689,0.819265036,6.28000902,-3.12704571,-2.83402457,-0.0354381497,-0.957961352,0,0,-0.487322151,17.1929334,-17.2296781,70.1345066,-5.21599989,-8.1620735,-14.7383615,-5.19588755,-18.0651503,40.7605985,77.1408054,9.17394639,-3.30096255,23.4351952,-11.7190439,3.36542225,9.44291155,11.3695389,-2.28319265,-3.09015965,-8.95775382,-3.66644555,-11.449628,5.37884526,-1.75475735,0.0955784723
1046,1.53877605,1.07130706,106.471741,0.829216345,6.2414967,-3.08475834,-2.86323045,-0.124551328,-1.02889489,0,0,-0.441234729,17.0810139,-17.2935711,70.2873526,-5.09200506,-8.1993595,-14.3790628,-5.28167942,-17.9141997,40.979144,77.2927634,9.41149439,-3.24189315,23.6108233,-11.5939729,3.38793733,9.46633825,11.2673166,-2.24469429,-3.16675915,-8.87316193,-3.63501899,-11.5798097,5.40007733,-1.79380255,0.0718203329
1047,1.57714114,1.01383664,106.475687,0.829326732,6.21748943,-3.05697951,-2.92140296,-0.190717304,-1.09071141,0,0,-0.490850531,17.073692,-17.3769865,70.552883,-5.42112114,-8.32217911,-14.7590177,-5.38837551,-17.71964,40.8185355,77.567822,9.16654844,-3.37533136,23.7324502,-11.4929297,3.41924606,9.48377999,11.1686049,-2.21848749,-3.17606849,-8.78661831,-3.59538682,-11.6121813,5.36431233,-1.79760462,0.0636862913
1048,1.61191244,0.944806915,106.473744,0.833399915,6.23346696,-2.97399222,-2.99504201,-0.253528191,-1.19232243,0,0,-0.543137497,16.9995059,-17.3711364,70.8062967,-5.25725381,-8.26364182,-15.1192863,-5.43339201,-17.5597333,40.7154065,77.6879581,9.040464,-3.22753183,23.8537253,-11.477589,3.45137548,9.41216802,11.1095042,-2.19703045,-3.17382541,-8.73462264,-3.54807602,-11.715318,5.31231879,-1.84371458,-0.00195119899
1049,1.65008567,0.8771725,106.470525,0.819911465,6.23983411,-2.87699031,-3.07926571,-0.260010708,-1.26453727,0,0,-0.586346554,16.7712546,-17.5397158,71.024733,-5.34050399,-8.21287303,-14.7487126,-5.44437367,-17.4292221,40.6063045,77.7265897,9.03609097,-3.11523946,23.9694663,-11.4533214,3.49927624,9.35257035,11.0553331,-2.18510153,-3.19001979,-8.6519876,-3.48579622,-11.8130222,5.23852031,-1.85761829,-0.0518688601
1050,1.68684721,0.81709018,106.464601,0.815166903,6.26488371,-2.8278474,-3.14935754,-0.25940717,-1.3751461,0,0,-0.561942181,16.7098153,-17.6206808,71.1189622,-5.40035609,-8.13956717,-14.9107384,-5.47099006,-17.3751594,40.6742102,77.7782737,9.03658957,-3.09370558,24.0677664,-11.4305086,3.5354946,9.33434911,10.9814424,-2.16122788,-3.23177871,-8.61028332,-3.44484475,-11.799717,5.18014012,-1.87100909,-0.0157908287
1051,1.7272044,0.765286898,106.46652,0.812342552,6.29260815,-2.81015853,-3.24760917,-0.257956742,-1.49631964,0,0,-0.476076618,16.6409278,-17.778424,71.1539396,-5.46113794,-8.14030739,-14.9858158,-5.49059826,-17.2294903,40.5858139,77.8916685,8.88072466,-3.10621187,24.0276015,-11.4065346,3.57065791,9.31985716,10.9116447,-2.13217204,-3.31557531,-8.59780115,-3.40314026,-11.8080251,5.15759494,-1.87195486,-0.00377255602
1052,1.76894907,0.708068535,106.478238,0.815092613,6.31994595,-2.75401895,-3.36763267,-0.213974632,-1.61223499,0,0,-0.400694462,16.4928971,-17.862975,71.2091754,-5.54454309,-8.16363846,-15.1429272,-5.58912758,-17.1533627,40.9646982,78.0556409,9.20497508,-3.11965134,24.1233675,-11.3956251,3.59738252,9.28488829,10.8489188,-2.09070447,-3.34671265,-8.56057064,-3.36876434,-11.8287171,5.10391948,-1.88300824,-0.016621949
1053,1.81172397,0.662265718,106.48247,0.800104857,6.33913432,-2.67670047,-3.47913017,-0.168975572,-1.72897851,0,0,-0.313521104,16.4209649,-17.8653706,71.2062726,-5.37930673,-7.9781237,-15.4154262,-5.62058743,-17.1079641,41.0607067,78.079246,9.07840058,-2.96337042,24.1394356,-11.3822388,3.63458613,9.21989648,10.7941979,-2.08250248,-3.36908109,-8.51246989,-3.31914985,-11.9007509,5.05735551,-1.90927287,-0.0388935951
1054,1.83776505,0.601097476,106.475735,0.819593983,6.35270253,-2.60675729,-3.55478369,-0.201655559,-1.79250802,0,0,-0.292063211,16.3217803,-17.8423512,71.2488178,-5.28343734,-7.90305053,-15.7008188,-5.67747223,-17.0309384,41.0738036,78.1141415,8.98209747,-2.96747622,24.2547257,-11.3835954,3.64950369,9.16085035,10.7736843,-2.05786151,-3.4402205,-8.47820966,-3.30035744,-11.9483453,5.03287484,-1.94994131,-0.0611802456
1055,1.86627973,0.538290013,106.469429,0.831751523,6.36927664,-2.56808414,-3.55321019,-0.247811563,-1.85663453,0,0,-0.234144408,16.2522114,-17.9388669,71.1878925,-5.03501183,-7.76226496,-15.7583205,-5.70955235,-16.9623616,41.1108779,78.1440782,8.92328442,-3.00991389,24.3764892,-11.3797995,3.67472416,9.13363717,10.7458751,-2.02317524,-3.50931555,-8.45417849,-3.27079425,-11.9715347,5.00795959,-1.98095912,-0.0968329125
1056,1.89537704,0.489509571,106.479466,0.809373793,6.3695775,-2.51443801,-3.54940812,-0.220519034,-1.89717341,0,0,-0.202570084,16.0915517,-18.0912809,71.2331972,-5.07478317,-7.83938804,-15.7112656,-5.74480424,-16.9913096,41.1886464,78.0505729,9.00989378,-2.9308679,24.4316618,-11.3602763,3.72977421,9.0808936,10.710546,-1.99465622,-3.53694324,-8.40870053,-3.21040598,-12.0203449,4.9850712,-1.98236614,-0.132293681
1057,1.93261262,0.440386217,106.476736,0.816913214,6.3907089,-2.50003607,-3.52518251,-0.307471051,-1.98180628,0,0,-0.176288516,16.1987311,-18.3097991,71.2029326,-4.97319734,-7.73081023,-15.9661068,-5.74937534,-16.9039139,41.2890468,77.9592123,9.15340459,-2.86749527,24.5418771,-11.3406694,3.75126753,9.07342137,10.6653865,-1.98858332,-3.55379225,-8.3920195,-3.18090746,-12.0390528,4.96273989,-2.01823467,-0.182794645
1058,1.9591514,0.405219756,106.472564,0.824197586,6.40545984,-2.46359055,-3.52937347,-0.325940523,-2.05221038,0,0,-0.104244355,16.0261236,-18.2536225,71.2628197,-4.97716995,-7.82604185,-16.0634472,-5.78820753,-16.8592035,41.3322853,77.9780909,9.02412619,-3.01645486,24.4767803,-11.3370869,3.76246477,9.0546392,10.6425865,-1.97482988,-3.58212302,-8.36424197,-3.15840882,-12.1004118,4.93038742,-2.04290083,-0.224774936
1059,1.97709817,0.365059427,106.466639,0.831381038,6.421423,-2.44221575,-3.48915988,-0.370535841,-2.09407752,0,0,-0.0192314431,15.9172504,-18.0735172,71.1918199,-4.60397567,-7.71865164,-16.0029591,-5.77430083,-16.8135283,41.1493762,77.8692177,8.86354502,-2.9992605,24.7019187,-11.3364423,3.77692983,9.04690999,10.6215247,-1.9669265,-3.60922009,-8.35951634,-3.13801238,-12.1338925,4.92157477,-2.07014176,-0.25144517
1060,1.99824031,0.316666369,106.466401,0.853775671,6.43576544,-2.42191672,-3.39389325,-0.499308546,-2.14436308,0,0,0.0667058953,15.9124676,-18.150111,71.1099532,-4.6673547,-7.71303893,-16.1234555,-5.75727189,-16.6831212,41.09607,77.7781713,8.83762531,-3.00901913,24.526668,-11.3333952,3.77712748,9.02725527,10.6006824,-1.94097989,-3.633749,-8.35235659,-3.12840785,-12.1801491,4.90915748,-2.08814379,-0.27702124
1061,2.02617813,0.279409601,106.468296,0.859260441,6.45811033,-2.39985755,-3.37269917,-0.529638001,-2.21442331,0,0,0.1659794,15.8870593,-18.2511944,71.0562748,-4.68568565,-7.7184732,-16.2054434,-5.74523539,-16.6931172,41.2235589,77.6411782,8.96685761,-3.0093837,24.5654669,-11.3209685,3.79391822,9.00924064,10.5476981,-1.90689085,-3.6710444,-8.33086882,-3.09852514,-12.2303314,4.86333204,-2.09289269,-0.333419393
1062,2.04536226,0.220006285,106.463945,0.862298684,6.46974987,-2.38527879,-3.22518886,-0.690571986,-2.24440144,0,0,0.224858552,15.951106,-18.2530641,71.0121313,-4.54227814,-7.74172316,-16.3837114,-5.68624134,-16.5668151,41.0512333,77.4731828,8.86475482,-3.02062235,24.4319487,-11.2978407,3.82141059,9.01808915,10.4951824,-1.87426175,-3.68728659,-8.3177096,-3.05891815,-12.2769833,4.84893528,-2.12054236,-0.380815383
1063,2.06501782,0.201377319,106.465328,0.857674736,6.4837112,-2.39737928,-3.20338924,-0.666056089,-2.28631789,0,0,0.351346345,15.8118435,-18.2582636,70.9581523,-4.87819666,-7.71852272,-16.2077913,-5.70062444,-16.5728188,41.2168483,77.3939868,9.17656832,-3.08445324,24.4118969,-11.2599007,3.83494204,9.03394288,10.4219936,-1.84112744,-3.69711907,-8.33069891,-3.03726858,-12.2878049,4.86667072,-2.10339475,-0.368532141
1064,2.08702013,0.18004172,106.469131,0.862980629,6.49363803,-2.3954469,-3.16700312,-0.680658019,-2.33397553,0,0,0.458460813,15.7325724,-18.3058154,70.9097945,-5.06019474,-7.78893258,-16.1900448,-5.68042159,-16.5716577,41.1408009,77.270497,8.95979093,-3.01456461,24.4112754,-11.2341918,3.84134748,9.03111432,10.3708636,-1.80726934,-3.73598925,-8.33589669,-3.02889392,-12.3002409,4.87855269,-2.10199349,-0.337193259
1065,2.10770406,0.157958432,106.479609,0.853733622,6.50131102,-2.3732263,-3.15850935,-0.669370652,-2.38503098,0,0,0.5555535,15.6430747,-18.2224973,70.9467117,-5.09246141,-7.8886781,-16.4131683,-5.66859725,-16.5845309,41.1930314,77.1641441,9.03023152,-3.03501548,24.3145872,-11.2142349,3.86381966,9.01466125,10.3273963,-1.77400973,-3.76938973,-8.31860265,-3.00172279,-12.3183657,4.86529828,-2.08835318,-0.338404044
1066,2.11797319,0.139112258,106.480002,0.84656338,6.51178699,-2.35573549,-3.13167973,-0.643360011,-2.40118182,0,0,0.633152079,15.5811761,-18.2512917,70.9246365,-5.24988787,-7.87758502,-16.4513746,-5.71343147,-16.6637611,41.2876876,77.0651542,9.01514619,-2.97512411,24.4512952,-11.1966685,3.87657077,8.9902271,10.2690229,-1.75219293,-3.77288295,-8.33944839,-2.98830488,-12.3361011,4.89869406,-2.10400178,-0.329810598
1067,2.12936439,0.121659774,106.47707,0.853590565,6.51912582,-2.34824803,-3.08815734,-0.632248627,-2.42188007,0,0,0.724139004,15.4443606,-18.043753,70.9132369,-4.91412303,-7.81450566,-16.3172587,-5.72254849,-16.7090111,41.2664354,76.9946939,9.10423747,-3.06528111,24.527445,-11.180113,3.87632616,8.98306309,10.2327521,-1.72615966,-3.78642294,-8.34254673,-2.98752901,-12.334263,4.90532233,-2.09239366,-0.308987326
1068,2.14816704,0.0992124202,106.483126,0.857719599,6.52465482,-2.34751174,-3.03816248,-0.659037963,-2.46020212,0,0,0.811617345,15.4161519,-18.0559483,70.9313301,-5.17064445,-7.85038464,-16.4653048,-5.73782549,-16.6928526,41.2936674,76.9600854,9.09432346,-3.06165791,24.5970958,-11.1630204,3.88770739,8.99241533,10.2088626,-1.69051067,-3.82537551,-8.35773451,-2.98020129,-12.3397425,4.94724561,-2.09200669,-0.289766907
1069,2.15861164,0.078528194,106.489456,0.859920625,6.523868,-2.31777258,-3.01601794,-0.664351797,-2.47123693,0,0,0.874679628,15.2578366,-18.0019983,70.9862107,-5.22671304,-7.89540669,-16.2810775,-5.76054654,-16.7039636,41.2978202,76.9085721,9.12625203,-3.06416544,24.5168001,-11.1597436,3.89890762,8.95963042,10.1981947,-1.66613052,-3.85827824,-8.34324853,-2.97199247,-12.3575761,4.94845711,-2.09064428,-0.29713396
1070,2.16561686,0.060604309,106.490612,0.858517443,6.52250965,-2.30611598,-2.98092422,-0.667126508,-2.47774525,0,0,0.961990096,15.1412778,-17.8859705,70.9617791,-5.34757324,-7.91571199,-16.2841135,-5.83035534,-16.711779,41.4008843,76.9199717,9.0953181,-3.0776604,24.5449405,-11.1570944,3.91476775,8.92756609,10.1988974,-1.64667867,-3.89828991,-8.3462615,-2.96488779,-12.3539416,4.9735572,-2.09602625,-0.298940731
1071,2.1730341,0.0391686364,106.487906,0.858589914,6.5200495,-2.30830563,-2.91114786,-0.714235389,-2.47841525,0,0,0.99900748,15.1425448,-17.8288786,70.9866751,-5.32506691,-7.87895789,-16.5511671,-5.9115125,-16.7185016,41.4244075,76.9347795,9.19603266,-3.15799581,24.5972256,-11.1483697,3.93088059,8.92896287,10.197948,-1.64451094,-3.91602237,-8.34637932,-2.95330507,-12.3474512,4.99295451,-2.12190862,-0.306866259
1072,2.17770338,0.0319300685,106.488335,0.861087096,6.51733936,-2.28206839,-2.92810402,-0.685120748,-2.48599953,0,0,1.03728077,15.128186,-17.9474149,70.9991539,-5.53353539,-7.89667369,-16.4863606,-5.96877083,-16.7830093,41.5011856,76.9125268,9.096393,-3.10568787,24.6096036,-11.1493344,3.93201056,8.90522967,10.1996325,-1.64526867,-3.91695853,-8.33526916,-2.9522434,-12.3726896,4.99742743,-2.15460751,-0.333902709
1073,2.18347851,0.0239791028,106.493688,0.854044645,6.51074517,-2.25022322,-2.89738247,-0.668758923,-2.49547087,0,0,1.09546939,15.0737613,-17.9281879,71.0314402,-5.52675941,-7.91095732,-16.3920613,-6.0018678,-16.8068911,41.6651477,76.9166795,9.30142931,-3.18919739,24.3627554,-11.1472623,3.94605044,8.87159611,10.2009866,-1.63336685,-3.92966567,-8.32485569,-2.94235862,-12.3934184,5.01301265,-2.15751098,-0.327046426
1074,2.1922918,0.00914656484,106.490946,0.857862148,6.49676986,-2.20658968,-2.92344348,-0.676389685,-2.50133608,0,0,1.19873288,15.0474549,-17.8281359,71.0077463,-5.57863299,-7.85748548,-16.4708202,-6.0138091,-16.8585598,41.7393782,76.8522299,9.16036199,-3.06519146,24.333442,-11.1499739,3.95315597,8.83483774,10.2296956,-1.64184994,-3.94792234,-8.27917282,-2.93736746,-12.4272116,4.98939471,-2.17174573,-0.318093516
1075,2.19337661,0.002426846,106.491649,0.845287474,6.48149431,-2.14799326,-2.93108945,-0.642505917,-2.48786716,0,0,1.2621815,15.0136044,-17.883387,70.9973371,-5.85922485,-7.85346591,-16.7946565,-6.11715114,-16.94733,41.8353014,76.8601734,9.18907611,-3.02885443,24.4084272,-11.1562355,3.97368453,8.77143224,10.2497507,-1.63952651,-3.97730325,-8.25370646,-2.91849778,-12.4923793,5.00129588,-2.1790455,-0.331886015
1076,2.18864251,0.000614430019,106.491578,0.833841563,6.46930653,-2.09927251,-2.93959261,-0.603212639,-2.47026961,0,0,1.31744029,14.8882568,-17.7945296,71.0398277,-5.8502901,-7.85553119,-16.7293565,-6.16836817,-17.0037508,41.9846879,76.8402907,9.33157776,-2.96411747,24.2991168,-11.1648031,3.98797926,8.72356371,10.2617095,-1.64440059,-3.98284381,-8.22793018,-2.90267053,-12.5380118,4.99285804,-2.18363752,-0.349971796
1077,2.18164641,0.00125848564,106.493604,0.83051211,6.43793452,-2.04559589,-2.93875442,-0.573784555,-2.4185433,0,0,1.35452267,14.8160737,-17.8465057,71.0333868,-5.82120076,-7.91204503,-16.5669295,-6.21824606,-17.0487293,41.9331678,76.8825218,9.43023301,-3.026123,24.2528082,-11.1832344,3.99689565,8.66534659,10.3331866,-1.67085071,-3.9664027,-8.19283582,-2.90020803,-12.5991411,5.01116508,-2.21273583,-0.349628179
1078,2.17733923,-0.00509000783,106.494582,0.82467464,6.40971828,-2.00700263,-2.90175293,-0.6015862,-2.38329227,0,0,1.39425505,14.8006818,-17.8535459,71.0422387,-5.83368634,-7.86202243,-16.5605723,-6.25393294,-17.080908,42.0991994,76.8729595,9.43888686,-3.06106688,24.2415469,-11.2053001,4.01516,8.6268286,10.4168222,-1.69668377,-3.97627104,-8.15757838,-2.89128482,-12.6395792,5.01823475,-2.23215918,-0.353520693
1079,2.1719398,-0.00491531137,106.490529,0.805814652,6.38699236,-1.97165644,-2.86468486,-0.56923074,-2.3619872,0,0,1.44068615,14.7160712,-17.8436643,71.0602909,-5.92783922,-7.84775929,-16.4944578,-6.25505864,-17.1936079,42.0196004,76.7877802,9.44095641,-2.94653208,24.2801306,-11.2161388,4.03804455,8.60165081,10.4663488,-1.73054305,-3.98359257,-8.13328766,-2.8717381,-12.6836596,5.03661394,-2.24052318,-0.354783157
1080,2.15911623,-0.00113385731,106.493688,0.791137129,6.36058177,-1.9426656,-2.80003157,-0.563943107,-2.31197763,0,0,1.43081289,14.6637178,-17.7806131,71.0876527,-5.84129475,-7.82930156,-16.519545,-6.2424881,-17.2415097,41.9828437,76.7440875,9.54106393,-2.95938479,24.1061264,-11.2292528,4.05665596,8.56920656,10.520811,-1.74096036,-4.00421035,-8.12118884,-2.85982283,-12.7100753,5.07119134,-2.23558281,-0.335894323
1081,2.15435885,0.00112248563,106.497276,0.775413257,6.33625773,-1.91744914,-2.75420356,-0.560189971,-2.29535679,0,0,1.48452924,14.5961826,-17.6258479,71.1086965,-5.70168696,-7.80037741,-16.4992064,-6.25248366,-17.3024111,42.1125866,76.7400235,9.72873021,-2.95911905,24.1719609,-11.2480657,4.08208433,8.54001518,10.5914821,-1.76821218,-4.01141193,-8.09033346,-2.8402219,-12.755076,5.07252366,-2.23235406,-0.339159873
1082,2.14463286,0.00725927166,106.500971,0.759606127,6.31564855,-1.90551971,-2.70064079,-0.549976223,-2.26556884,0,0,1.52227692,14.5652896,-17.4549224,71.098581,-5.53664269,-7.80180663,-16.5054646,-6.26130143,-17.3673013,42.1770807,76.7267251,9.75057401,-3.00163421,24.2367231,-11.264406,4.10223936,8.52591682,10.6488011,-1.78873519,-3.99241419,-8.09258827,-2.82947523,-12.7701298,5.11663985,-2.23840496,-0.321580354
1083,2.12526713,0.010706373,106.497014,0.745293787,6.28572826,-1.89031569,-2.60750817,-0.542207684,-2.20265789,0,0,1.51541332,14.5824863,-17.5246893,71.0770385,-5.54989796,-7.82281373,-16.4388361,-6.26054841,-17.4478497,42.1411778,76.6948213,9.71549842,-3.08391515,24.1020454,-11.2803972,4.1215641,8.52073698,10.7186364,-1.8131529,-4.0133611,-8.09268048,-2.82040239,-12.7934122,5.1759101,-2.26472915,-0.326801687
1084,2.11436935,0.0159676405,106.491792,0.744533491,6.26796605,-1.87020639,-2.55221587,-0.53625336,-2.16883138,0,0,1.53100056,14.686295,-17.7922962,70.9756239,-5.75542048,-7.70657672,-16.5001576,-6.27120051,-17.5485489,42.2759579,76.6483487,9.83331321,-3.06839781,24.0152593,-11.2947304,4.12466842,8.48711622,10.766557,-1.82890567,-4.03961976,-8.0898912,-2.82486528,-12.8169678,5.21022411,-2.28209768,-0.293823399
1085,2.10203119,0.0234548759,106.497145,0.738831589,6.25278128,-1.85255871,-2.49036723,-0.515623253,-2.13640206,0,0,1.5510477,14.6936511,-17.8368273,70.9300119,-5.79260275,-7.76789901,-16.510951,-6.27112581,-17.6248643,42.2928592,76.6288963,9.95532686,-3.00736473,23.9871497,-11.3090157,4.12857785,8.46715756,10.7974909,-1.82311943,-4.02723023,-8.08734781,-2.82644775,-12.8327421,5.22553227,-2.26172451,-0.27792544
1086,2.09546555,0.0342139014,106.505215,0.720514436,6.23580262,-1.82441308,-2.43824712,-0.48622169,-2.11689291,0,0,1.57109623,14.691363,-17.8366241,70.9100404,-5.79363881,-7.77991246,-16.4766788,-6.26418762,-17.7235691,42.1903141,76.6303375,9.79192397,-3.03684917,24.0580197,-11.3073824,4.13990444,8.43902145,10.8086958,-1.8280869,-4.0128245,-8.09316884,-2.81814331,-12.8654126,5.27748867,-2.26694619,-0.272908453
1087,2.08518747,0.0399310578,106.505322,0.712973652,6.22299703,-1.80010824,-2.36303329,-0.510472971,-2.09666765,0,0,1.60182632,14.7550698,-17.8377528,70.8650226,-5.79122775,-7.70643158,-16.6456355,-6.27318127,-17.8042422,42.1726581,76.6313825,9.71027077,-3.03410194,24.1639594,-11.312879,4.14764305,8.40841281,10.8246349,-1.83277326,-4.0241639,-8.08457305,-2.81429578,-12.8822004,5.29160838,-2.27174888,-0.235536992
1088,2.06238441,0.0468427257,106.499517,0.708196548,6.20885208,-1.7816795,-2.31160922,-0.526595259,-2.0574248,0,0,1.63190604,14.8036957,-17.9529968,70.7818309,-6.00991291,-7.62613331,-16.4758831,-6.26536155,-17.8482849,42.1478509,76.6016302,9.71953848,-3.03682483,24.0818571,-11.3153857,4.14898817,8.38782918,10.8284376,-1.83219056,-4.03377184,-8.09247302,-2.81476535,-12.9028515,5.32146484,-2.27736735,-0.206726588
1089,2.05289442,0.0351384631,106.500757,0.703224626,6.19839368,-1.76964887,-2.13709533,-0.655216525,-2.0417525,0,0,1.65242062,14.935129,-18.0220893,70.7421134,-5.99026117,-7.63845753,-16.3707306,-6.23120335,-17.7878224,42.1385891,76.6156936,9.82987506,-3.05531992,23.9492046,-11.3079861,4.15934999,8.37755913,10.8190376,-1.81673683,-4.02866627,-8.09432485,-2.80746111,-12.9059361,5.34339274,-2.2814804,-0.188457699
1090,2.04772968,0.0325844856,106.50456,0.699056235,6.1899199,-1.7525352,-2.02724966,-0.719553599,-2.04218515,0,0,1.74075706,14.9867738,-17.9841937,70.6476587,-6.04686893,-7.51897191,-16.4297742,-6.17424598,-17.7992066,42.113676,76.5681418,9.85667929,-3.0395821,23.8830559,-11.3015204,4.16446666,8.36049561,10.8046071,-1.80324913,-4.03400407,-8.09655235,-2.80421869,-12.91981,5.36535521,-2.28966788,-0.164415073
1091,2.04773042,0.0774217653,106.506264,0.675457969,6.19053164,-1.75053565,-2.17120807,-0.462619545,-2.06868266,0,0,1.84847693,14.715494,-17.7914356,70.645999,-6.30907818,-7.55315274,-16.412849,-6.17607647,-18.0772568,42.2826481,76.5263274,9.7410032,-3.06549413,23.8143852,-11.29301,4.16378449,8.34900126,10.7847304,-1.81705358,-4.02854931,-8.09984706,-2.80360803,-12.9314452,5.36901833,-2.26255886,-0.133031995
1092,2.01559123,0.0483927492,106.503582,0.681484548,6.17273013,-1.7394442,-1.88742182,-0.755717423,-1.97868403,0,0,1.75881,15.0288255,-17.9894564,70.6410266,-6.39516674,-7.69861613,-16.4363687,-6.16127715,-17.9209189,42.0084706,76.5091904,9.61817164,-3.06132899,23.8889179,-11.2951863,4.17383938,8.34158709,10.7847398,-1.79717432,-4.05564637,-8.11231301,-2.79670505,-12.9363339,5.40265573,-2.27710631,-0.113556577
1093,2.00548712,0.057651964,106.508684,0.68754043,6.17089875,-1.72392055,-1.85126771,-0.724925383,-1.98348587,0,0,1.81273797,15.0070321,-18.0607636,70.6080914,-6.46364536,-7.56221555,-16.2236749,-6.15057766,-18.0352716,42.0211235,76.5043683,9.66915644,-3.09635121,23.9659334,-11.2894412,4.15442244,8.32361601,10.76282,-1.7790217,-4.02379976,-8.11536098,-2.8146819,-12.9474987,5.40624072,-2.28549122,-0.0876624364
1094,1.99568756,0.0718952389,106.512511,0.683110999,6.16964328,-1.70770787,-1.83873666,-0.712422081,-1.97550629,0,0,1.85239127,15.0626879,-18.1282356,70.5445843,-6.48504648,-7.52159471,-16.2693245,-6.1316098,-18.0965179,42.0130195,76.4997921,9.7755725,-3.10016054,23.8996806,-11.2840317,4.1449733,8.31945045,10.7302468,-1.77081363,-3.98269355,-8.11792742,-2.8206771,-12.970694,5.40413532,-2.27619832,-0.0380881831
1095,1.98234729,0.0868063071,106.509626,0.679266075,6.16637918,-1.69129127,-1.8450136,-0.668190043,-1.96795338,0,0,1.89026595,15.0295632,-18.0775061,70.5356231,-6.55970215,-7.55846748,-16.2440784,-6.10798546,-18.1816477,42.0182275,76.4832016,9.78575631,-3.10547528,23.9047537,-11.2848027,4.13454146,8.30441379,10.7148166,-1.7670836,-3.98895214,-8.11761238,-2.8312513,-12.980106,5.39953775,-2.26208758,-0.000110585417
1096,1.9696014,0.10984909,106.509173,0.676281777,6.16587011,-1.67150792,-1.84435363,-0.585402227,-1.96494916,0,0,1.89695271,14.975521,-18.1147852,70.5678753,-6.65915782,-7.6318886,-16.2249744,-6.04485231,-18.3141226,41.9978906,76.4186768,9.84682674,-3.14099354,23.8202933,-11.2845636,4.11771188,8.29179928,10.692907,-1.75773008,-3.97268092,-8.11785912,-2.84260606,-13.0006316,5.39225292,-2.25313576,0.0332756845
1097,1.94925349,0.131673052,106.509101,0.667885809,6.1650042,-1.65393562,-1.78638827,-0.577875252,-1.93331941,0,0,1.89498711,14.9526126,-18.0278028,70.5832978,-6.39342461,-7.64804712,-16.1936665,-6.00910481,-18.3676457,41.9228542,76.3568362,9.83493965,-3.07838376,23.7403681,-11.2783354,4.11034765,8.27756602,10.6463234,-1.74623957,-3.9622858,-8.12743078,-2.84194566,-13.0231994,5.39283477,-2.24218227,0.0579266543
1098,1.93346422,0.150148303,106.520152,0.652411851,6.16105592,-1.62490378,-1.74460128,-0.559798142,-1.91651373,0,0,1.91189054,14.9739979,-18.0797413,70.5456771,-6.29817336,-7.57950105,-16.1021778,-5.95307122,-18.4335399,41.8696333,76.2904195,9.79816335,-3.02448119,23.7076344,-11.2773117,4.11189469,8.26061434,10.6124764,-1.72122603,-3.93328652,-8.13390494,-2.83749302,-13.0520031,5.40094007,-2.22522441,0.0601304708
1099,1.92188285,0.16605925,106.527841,0.646499015,6.1572819,-1.59684679,-1.73202199,-0.52783942,-1.90310457,0,0,1.95365438,15.0041429,-18.1911775,70.4563246,-6.36774993,-7.50730168,-16.0343404,-5.9274785,-18.5388273,41.7918068,76.2484685,9.57215666,-2.98265802,23.7033707,-11.2767499,4.09973354,8.25989461,10.5908435,-1.70195315,-3.91686589,-8.13247914,-2.84785719,-13.0586284,5.39753864,-2.19665415,0.110669849
1100,1.90859642,0.197163341,106.522799,0.63881335,6.1556581,-1.57497449,-1.82015022,-0.385551052,-1.90298675,0,0,1.99344813,14.9212381,-18.1667749,70.4563451,-6.3889978,-7.51281877,-16.088765,-5.89076581,-18.7106202,41.8444914,76.1887111,9.57438757,-3.03562165,23.6304584,-11.276697,4.08314045,8.24595932,10.5688443,-1.69682155,-3.92693359,-8.13707671,-2.86374549,-13.0784334,5.39898749,-2.18692006,0.187419991
1101,1.89566538,0.209918455,106.52926,0.641186316,6.15049996,-1.55548293,-1.79633826,-0.407844896,-1.89860817,0,0,2.0267739,14.9739176,-18.1798223,70.4475615,-6.32466553,-7.54983839,-16.2554507,-5.83570893,-18.7372101,41.8637321,76.1418902,9.63295132,-3.03395509,23.5400643,-11.2777437,4.07138526,8.22699359,10.5590319,-1.67365974,-3.93357424,-8.13480055,-2.87217203,-13.0919965,5.39772348,-2.16902582,0.215760713
1102,1.87839437,0.224805227,106.533575,0.63768971,6.14904375,-1.53648434,-1.73140856,-0.428360757,-1.88875413,0,0,2.03538783,14.892442,-17.9592277,70.5020596,-5.97962913,-7.58458186,-16.2569721,-5.7921938,-18.7566096,41.8580903,76.119815,9.75128605,-2.99560592,23.5108242,-11.2798593,4.06323514,8.21927889,10.5289868,-1.66939236,-3.88780429,-8.14112445,-2.87414019,-13.1040842,5.39545714,-2.17731532,0.197545373
1103,1.86663773,0.265729777,106.54093,0.602829824,6.14910917,-1.52150228,-1.77990077,-0.257597196,-1.89430387,0,0,2.06858085,14.7420925,-17.8114053,70.531525,-5.88582544,-7.59650224,-16.2436003,-5.77929541,-18.96387,42.0499708,76.0627283,9.88101867,-2.98533716,23.537783,-11.2678365,4.07223178,8.21555559,10.4777381,-1.66928361,-3.8647793,-8.15369456,-2.86146784,-13.1034285,5.40404695,-2.14223782,0.21543688
1104,1.85356103,0.290478952,106.540442,0.597885089,6.14494651,-1.48236196,-1.79460894,-0.205320596,-1.89984935,0,0,2.09433813,14.793686,-18.1434259,70.4675739,-6.26502816,-7.52111318,-16.1103689,-5.68375558,-19.0789433,42.0194638,75.9722146,9.90449232,-3.03343194,23.5444783,-11.274484,4.05529846,8.19740009,10.4679001,-1.65016474,-3.88999252,-8.14629405,-2.87706009,-13.1236433,5.39609832,-2.10105221,0.276682612
1105,1.82779562,0.283765281,106.538486,0.608935918,6.13606841,-1.44546836,-1.69589264,-0.373590083,-1.86065772,0,0,2.06932598,14.9679224,-18.3752818,70.430848,-6.35271882,-7.48165517,-15.9054991,-5.61598687,-18.9715488,41.8117782,75.9642643,10.0352008,-3.17091618,23.4669215,-11.2876338,4.04267414,8.16659081,10.4631096,-1.61688464,-3.91864388,-8.14329987,-2.88648533,-13.1560158,5.39372739,-2.10158091,0.31368012
1106,1.81889553,0.316204503,106.545186,0.611433103,6.1381841,-1.413605,-1.80682601,-0.260414249,-1.89405222,0,0,2.15483803,14.8233939,-18.1792793,70.4420017,-6.18957506,-7.54907683,-15.8230604,-5.56154685,-19.1178276,41.8920808,75.9312608,10.0852089,-3.19637571,23.4981952,-11.2939347,4.01404711,8.15735469,10.44607,-1.6093868,-3.86174499,-8.14270393,-2.91010626,-13.1808094,5.38685835,-2.0920592,0.332727783
1107,1.79559328,0.342544308,106.55117,0.59595845,6.13170569,-1.367655,-1.80403353,-0.232676504,-1.85766311,0,0,2.16416422,14.808376,-18.1026668,70.4047908,-5.97487233,-7.57034603,-15.7470438,-5.50136904,-19.1661187,41.834977,75.8902933,10.0444318,-3.22128882,23.3843462,-11.304933,4.00930397,8.12096942,10.4263111,-1.59666664,-3.81973377,-8.16318682,-2.91222724,-13.2246686,5.4276491,-2.08792074,0.347784882
1108,1.78199448,0.37694741,106.552744,0.566546455,6.1271576,-1.33331457,-1.81877223,-0.13609871,-1.8591856,0,0,2.21624292,14.8310779,-18.2471987,70.3025702,-6.13932151,-7.55627158,-15.8810282,-5.42103321,-19.2623219,41.7802091,75.8585193,10.1111747,-3.30903712,23.3232809,-11.3038615,4.016138,8.11008807,10.4018377,-1.5906628,-3.83792598,-8.15921848,-2.90342932,-13.2450525,5.42774685,-2.04073972,0.408148759
1109,1.76353157,0.382669875,106.547928,0.577384162,6.11634135,-1.30784482,-1.76231602,-0.204702504,-1.85027285,0,0,2.22437084,14.966179,-18.464689,70.2413239,-6.16661324,-7.51049479,-15.9399471,-5.31744656,-19.2861251,41.7471407,75.7610798,10.316071,-3.29679912,23.2526414,-11.3113098,3.9918682,8.10057618,10.4109278,-1.57617639,-3.87217554,-8.15628235,-2.92333484,-13.272783,5.43579239,-2.04446836,0.428381354
1110,1.74469985,0.406412594,106.552136,0.581671222,6.10797962,-1.27564277,-1.74202182,-0.193627152,-1.83813837,0,0,2.24065209,14.981366,-18.6905019,70.1853505,-6.30187532,-7.43569654,-15.7276256,-5.22545885,-19.3361563,41.6532632,75.7054138,10.4010701,-3.22375793,23.1694838,-11.3181835,3.96899817,8.07429191,10.4031661,-1.56191667,-3.83890996,-8.16062037,-2.94721702,-13.2887324,5.44569616,-2.03530032,0.474144795
1111,1.72680169,0.423835684,106.560564,0.572028257,6.10307565,-1.23497446,-1.68707818,-0.20712522,-1.82582376,0,0,2.21411126,14.9937935,-18.7841609,70.2371917,-6.35829311,-7.48921705,-15.7736286,-5.11893223,-19.3463469,41.4911692,75.6521861,10.4017873,-3.14408634,23.1592334,-11.3368658,3.96473058,8.04509114,10.4013263,-1.55597088,-3.77951079,-8.16835129,-2.95086413,-13.3163827,5.45834183,-2.04097749,0.481623159
1112,1.71691421,0.458034873,106.562746,0.560106141,6.09277853,-1.19219123,-1.73127292,-0.122931132,-1.84297009,0,0,2.24446868,14.9679959,-18.907497,70.2294667,-6.56790863,-7.56244521,-15.8402827,-4.9920461,-19.4385101,41.4327437,75.5962674,10.4842832,-3.2002591,23.0197217,-11.3321837,3.94885124,8.03282241,10.3893811,-1.55948202,-3.76920233,-8.17610697,-2.97020189,-13.3400288,5.50549106,-2.04102488,0.543465933
1113,1.70220267,0.513865706,106.555259,0.542963188,6.08626398,-1.15857358,-1.85907632,0.115067316,-1.852895,0,0,2.30050141,14.8198866,-18.9854943,70.1466029,-6.74124431,-7.51734462,-15.8409931,-4.89474493,-19.6659229,41.4883585,75.54681,10.6995562,-3.27378245,22.825174,-11.3340227,3.92456096,8.01082579,10.3782786,-1.56729469,-3.76765614,-8.17726811,-2.99021605,-13.3742899,5.51785583,-2.02042567,0.597971002
1114,1.67996585,0.496491697,106.556475,0.57385802,6.0728747,-1.14540614,-1.653076,-0.214174175,-1.81848664,0,0,2.22312519,15.1592907,-19.2072791,70.1240427,-6.64593756,-7.50336664,-16.0231098,-4.74933447,-19.4194009,41.3076795,75.4921684,11.0402341,-3.26307656,22.790521,-11.3219154,3.89444751,8.01567693,10.3525826,-1.52084461,-3.77362658,-8.19604003,-3.02166032,-13.3781916,5.5595742,-2.04338513,0.600760227
1115,1.67414285,0.564345019,106.56234,0.554504641,6.07230668,-1.11195058,-1.8254498,0.105853385,-1.85288774,0,0,2.28911677,14.9138803,-19.1282111,70.0965444,-6.55154904,-7.46266127,-16.0836868,-4.70831492,-19.7439288,41.6068862,75.4789247,11.500781,-3.31310385,22.759512,-11.3180794,3.86598269,7.98438015,10.3178272,-1.52968789,-3.68636195,-8.21535836,-3.05019429,-13.3973042,5.59094782,-2.04602329,0.640104732
1116,1.65384561,0.585194072,106.565404,0.549337213,6.06347031,-1.0646565,-1.77267955,0.0996522799,-1.83345137,0,0,2.27170021,14.9490096,-19.1965318,70.0584729,-6.38234562,-7.37490871,-16.1076624,-4.61174714,-19.7763978,41.4680285,75.4253829,11.6468702,-3.23442135,22.7259382,-11.3259315,3.8512504,7.94057815,10.3073847,-1.52621399,-3.65472366,-8.2204793,-3.06379597,-13.4312554,5.61343323,-2.05818978,0.64979709
1117,1.6527256,0.627399795,106.563318,0.533179975,6.06233611,-1.01846507,-1.84862229,0.272544451,-1.8847828,0,0,2.35477559,14.802555,-19.1905093,70.0077724,-6.39028443,-7.35255606,-16.1005454,-4.44310593,-19.9724294,41.3803357,75.3202458,11.7874662,-3.27792432,22.7509298,-11.3143262,3.83324218,7.92417459,10.2753229,-1.52312397,-3.66019592,-8.21427151,-3.07982408,-13.4676261,5.62290115,-2.02490115,0.729741573
1118,1.63076036,0.651952345,106.557405,0.53283623,6.05091366,-0.963494233,-1.82734753,0.280403998,-1.86226687,0,0,2.34075492,14.8358027,-19.3944758,69.9377971,-6.49347749,-7.32015194,-15.9998701,-4.34620646,-20.0317359,41.2218138,75.2651261,11.731836,-3.29244787,22.7664224,-11.3250351,3.81104663,7.88417017,10.2722118,-1.50914161,-3.65914151,-8.21760464,-3.10259123,-13.5094414,5.65114569,-2.02035224,0.775561684
1119,1.61489192,0.677447347,106.561613,0.532677008,6.04670457,-0.933242532,-1.81922259,0.326221067,-1.86380943,0,0,2.31012238,14.829635,-19.623142,69.9441424,-6.71125167,-7.38561588,-15.9363613,-4.27192559,-20.1078447,41.2421814,75.2293223,11.8158149,-3.22751283,22.800114,-11.3323306,3.78638068,7.85708933,10.2569728,-1.50181911,-3.61080725,-8.23590955,-3.1250267,-13.539367,5.67938468,-2.03209398,0.806263117
1120,1.599757,0.702457968,106.571639,0.530729127,6.04335727,-0.891799978,-1.81278087,0.37474732,-1.85921378,0,0,2.28855712,14.7460181,-19.6460061,69.9568875,-6.55200837,-7.31279582,-15.7801224,-4.18804191,-20.1983737,41.31494,75.1305441,12.0137213,-3.11304164,22.6928203,-11.3432367,3.76804717,7.80151037,10.2437743,-1.48244005,-3.57279213,-8.24056176,-3.14118372,-13.5657512,5.68347639,-2.03524547,0.806719246
1121,1.58959664,0.730362115,106.569993,0.517623199,6.04199768,-0.831238616,-1.81067653,0.418220113,-1.87632233,0,0,2.31389328,14.7189894,-19.7000841,69.91745,-6.58048428,-7.27351455,-15.7349185,-4.04973869,-20.2294152,41.2198399,75.0802124,12.1115578,-3.17056592,22.605913,-11.3476788,3.75548218,7.77029299,10.2167856,-1.47710066,-3.54724786,-8.23332091,-3.14901005,-13.6063891,5.68510155,-2.02645075,0.840689779
1122,1.58002041,0.760803139,106.56631,0.508014057,6.0398466,-0.772094156,-1.79700036,0.481545892,-1.90346956,0,0,2.34796547,14.7106736,-19.8477733,69.8292518,-6.6884367,-7.19498189,-15.8119579,-3.85848485,-20.2815603,40.9929752,74.9985575,12.2248818,-3.24353325,22.5777675,-11.3523977,3.73729211,7.75105406,10.1978532,-1.47326497,-3.53906657,-8.22041441,-3.16011743,-13.6564928,5.67496726,-2.0217249,0.885154524
1123,1.57160833,0.785933807,106.567264,0.497064856,6.03831654,-0.728132262,-1.7659326,0.495428198,-1.92738568,0,0,2.37691159,14.6646911,-19.785038,69.8184328,-6.59217543,-7.20739405,-15.7714447,-3.71576463,-20.3023702,40.9990506,74.9440936,12.3578237,-3.37383597,22.3948294,-11.3474338,3.72732943,7.72795265,10.161135,-1.45173238,-3.52533384,-8.22200841,-3.1675506,-13.6909614,5.68884492,-1.99271303,0.934841588
1124,1.55814728,0.782802515,106.578612,0.503041434,6.03620273,-0.69316574,-1.60902843,0.32265931,-1.93872123,0,0,2.32982747,14.7988155,-19.8896184,69.8473313,-6.52065866,-7.24570117,-15.8083072,-3.57352104,-20.1890198,40.8656024,74.8828131,12.4685266,-3.3483694,22.4806524,-11.3500267,3.71566304,7.70429031,10.1324985,-1.4237921,-3.49113722,-8.22870285,-3.17400043,-13.7203713,5.6958019,-2.00898147,0.938463616
1125,1.55817596,0.824502576,106.581366,0.489869876,6.0507472,-0.625012384,-1.72855482,0.494208903,-2.00104522,0,0,2.38589756,14.6771049,-19.8627485,69.8190953,-6.40107912,-7.19951714,-15.8139899,-3.4389567,-20.3455489,41.0051705,74.7545285,12.6651327,-3.26170881,22.3725373,-11.3626028,3.69150722,7.65322355,10.0885403,-1.42590498,-3.45080153,-8.22288609,-3.18655688,-13.7627458,5.66883204,-2.00709378,0.9561553
1126,1.54417269,0.811493862,106.580925,0.496371965,6.04183578,-0.572344481,-1.52871021,0.247772849,-1.98773062,0,0,2.35482895,14.953007,-20.1047796,69.7301594,-6.38392126,-7.10190178,-15.7851204,-3.24559063,-20.1271656,40.6389596,74.6656473,12.6090731,-3.2994042,22.2419817,-11.3558785,3.6810566,7.62977466,10.0557366,-1.39476796,-3.45924429,-8.21978177,-3.19410275,-13.7979682,5.69056698,-2.00947431,0.993346854
1127,1.53942034,0.838375092,106.581616,0.501116976,6.03913161,-0.509647517,-1.49841469,0.307940786,-2.01997188,0,0,2.38598934,14.9287923,-20.2412417,69.6735303,-6.40281271,-7.12460704,-15.7303799,-3.10500784,-20.2278067,40.4624129,74.5849964,12.5552571,-3.26015815,22.3679031,-11.361142,3.64872505,7.60639065,10.0439554,-1.37032132,-3.45943084,-8.21456777,-3.22401556,-13.8533559,5.70601773,-1.98341522,1.04946625
1128,1.52869178,0.859892182,106.584811,0.514703361,6.04576968,-0.465015967,-1.47797695,0.327615386,-2.05155553,0,0,2.38379365,14.9567978,-20.4406354,69.6284442,-6.50518657,-7.09932039,-15.7512119,-2.98297605,-20.2713577,40.4214249,74.5161344,12.7467458,-3.22883575,22.3205511,-11.3752148,3.60807774,7.59659018,10.0217487,-1.34298573,-3.41603032,-8.21746206,-3.25750718,-13.8716079,5.69431462,-1.97295414,1.09186145
1129,1.51901022,0.888756011,106.592083,0.48852031,6.04603368,-0.406833297,-1.4813739,0.385704865,-2.07336881,0,0,2.40679858,14.8625531,-20.3563253,69.6438463,-6.43336969,-7.12381644,-15.7673875,-2.83804349,-20.3090279,40.375328,74.4155872,12.9287976,-3.21678324,22.2236392,-11.3762905,3.60986597,7.55653198,9.9834015,-1.34593275,-3.36250789,-8.22419748,-3.25206352,-13.9043672,5.71695329,-1.95352716,1.13887919
1130,1.51128359,0.918120891,106.592453,0.477375538,6.04575123,-0.358826276,-1.49306078,0.45767326,-2.10898035,0,0,2.46218736,14.7742285,-20.2209099,69.618718,-6.34949369,-7.18279854,-15.8810948,-2.69630127,-20.3549268,40.2545532,74.3647842,12.9396388,-3.26179633,22.1758552,-11.3786725,3.59656076,7.53682347,9.95902882,-1.3425296,-3.36093823,-8.22671953,-3.25880043,-13.9432745,5.72994345,-1.95070971,1.13828059
1131,1.50563633,0.947808009,106.587529,0.458861843,6.04827009,-0.30673788,-1.47839466,0.519414969,-2.14651907,0,0,2.5121519,14.7991433,-20.3802053,69.4922229,-6.5126699,-7.078642,-15.8606452,-2.55840872,-20.3594193,40.1757157,74.3325184,13.0731537,-3.30826274,22.2636078,-11.3725151,3.58977198,7.51997254,9.91671324,-1.34062857,-3.34965753,-8.21792822,-3.2574726,-13.9851573,5.72245372,-1.92931841,1.16777633
1132,1.49874706,0.979476422,106.585622,0.458875904,6.05165246,-0.228029374,-1.49042753,0.592225426,-2.17759899,0,0,2.50991139,14.7672276,-20.5515406,69.4796144,-6.66234752,-7.11235154,-15.8752909,-2.43856515,-20.4389586,40.1522028,74.2361718,13.3557835,-3.25718851,22.2314325,-11.3813525,3.55675143,7.45839753,9.88603715,-1.31969735,-3.31861261,-8.22063383,-3.28651542,-14.0496274,5.74226767,-1.92045902,1.21483644
1133,1.4964099,1.00305453,106.590271,0.457125608,6.0578959,-0.165640257,-1.49767554,0.64445028,-2.22998227,0,0,2.55610822,14.702836,-20.6187019,69.4635088,-6.78744841,-7.10272354,-15.8880394,-2.33129682,-20.5041135,40.1359367,74.1765511,13.4916223,-3.2092393,22.367746,-11.3843279,3.53366795,7.42070513,9.84734157,-1.30471714,-3.28939541,-8.22022146,-3.30394713,-14.0906666,5.74581126,-1.91988549,1.2784922
1134,1.48304738,1.02067683,106.60249,0.462412539,6.05517676,-0.115001317,-1.46680479,0.653263998,-2.23976759,0,0,2.56215934,14.6494256,-20.5200671,69.4511667,-6.65532864,-7.05350605,-15.9426536,-2.19980927,-20.4982224,39.9822233,74.0982839,13.5709276,-3.18632444,22.2163753,-11.3999358,3.50999238,7.37617742,9.84419712,-1.27315004,-3.29062997,-8.22295866,-3.32727842,-14.1159409,5.75574364,-1.90713844,1.30982837
1135,1.47872856,1.03492523,106.601465,0.457144883,6.06389955,-0.0475893546,-1.43331285,0.637998739,-2.29079892,0,0,2.57295937,14.6608354,-20.6011961,69.4497938,-6.7750943,-7.07474836,-15.981893,-2.02157058,-20.4559487,39.7883552,73.9928121,13.7423509,-3.20465197,22.3009706,-11.3998948,3.49505134,7.34206318,9.79115045,-1.25423404,-3.28533017,-8.21933439,-3.33471948,-14.1599367,5.75057703,-1.90953328,1.3366407
1136,1.47344889,1.05116172,106.600475,0.448724901,6.06444411,0.0278406606,-1.39646131,0.634438236,-2.32251426,0,0,2.56322165,14.7163888,-20.8055895,69.4137714,-6.94298633,-7.05508766,-16.0154412,-1.82425025,-20.4065716,39.5705951,73.8772932,13.9576333,-3.28985069,22.1745797,-11.3930766,3.4798324,7.29977407,9.73987281,-1.22682855,-3.27528424,-8.20966711,-3.34194219,-14.219116,5.75400877,-1.87663844,1.35393303
1137,1.46852843,1.07411603,106.600046,0.441857983,6.06271984,0.110613198,-1.37683668,0.668999153,-2.37023508,0,0,2.55999567,14.7160865,-21.0151158,69.4074534,-7.04541697,-7.05056138,-16.0246859,-1.68205553,-20.4455122,39.554872,73.7834054,14.1141975,-3.32130413,22.1733861,-11.3989548,3.46217038,7.24812418,9.71055251,-1.21972088,-3.23641193,-8.20436517,-3.35223892,-14.3000571,5.77223684,-1.88382231,1.38137438
1138,1.47051169,1.10634826,106.600726,0.444622193,6.06631236,0.212619929,-1.46814148,0.789126173,-2.43768897,0,0,2.62054999,14.53363,-20.8205715,69.4225072,-6.74268932,-7.04599753,-16.0083327,-1.52332194,-20.4998805,39.6163847,73.6881447,14.6477163,-3.2943934,22.1381287,-11.4203102,3.42608585,7.16844746,9.7015324,-1.2150533,-3.20249043,-8.18977418,-3.38188983,-14.3834085,5.77278112,-1.8991326,1.41417509
1139,1.46840811,1.10638859,106.60646,0.452032742,6.06917681,0.282660747,-1.42608384,0.706356873,-2.48156034,0,0,2.638196,14.6188502,-20.9664644,69.392748,-6.79793915,-6.98862053,-15.9687091,-1.3669455,-20.3845186,39.4922323,73.6105128,14.896675,-3.27527165,22.1094299,-11.4215354,3.40466617,7.12677733,9.66898227,-1.18664558,-3.20616977,-8.18402402,-3.39911216,-14.428469,5.77900299,-1.89887412,1.43941029
1140,1.46726873,1.14022959,106.604898,0.432129266,6.0765187,0.348269908,-1.48008833,0.866346797,-2.53301322,0,0,2.69110136,14.5450466,-21.0752027,69.3284213,-6.93759048,-6.94739906,-16.0267896,-1.22578129,-20.4553101,39.2957244,73.5376142,14.9861488,-3.30852869,21.9941312,-11.4080424,3.39350521,7.09139183,9.60217363,-1.18124707,-3.17392103,-8.17508586,-3.40242651,-14.4783789,5.77278539,-1.87190107,1.51044212
1141,1.4565777,1.15415985,106.60224,0.415821649,6.08342435,0.414883011,-1.45233727,0.859367625,-2.54537544,0,0,2.70259273,14.5801111,-21.1285584,69.2564653,-6.96695901,-6.90426257,-16.0395057,-1.13944215,-20.3699549,39.1223605,73.5132919,15.2225843,-3.34404973,22.0194353,-11.4233095,3.39260939,7.06079898,9.57436623,-1.18401447,-3.17250718,-8.17232817,-3.39275965,-14.5225787,5.76531657,-1.85320577,1.51947419
1142,1.44993914,1.17426459,106.602812,0.415958842,6.08801318,0.490328471,-1.53549504,0.924365466,-2.59035821,0,0,2.76224782,14.488993,-21.0469735,69.2238238,-6.95902788,-6.84636178,-16.0814311,-1.05166066,-20.3218823,39.1613609,73.5308455,15.5771275,-3.36283297,21.9854603,-11.4366224,3.36735882,7.01207967,9.5475381,-1.17868254,-3.11789406,-8.16362822,-3.40950749,-14.5777786,5.75723262,-1.86493235,1.53209862
1143,1.4412473,1.18514933,106.605065,0.413301354,6.08821861,0.569492957,-1.54756996,0.925826379,-2.61842474,0,0,2.78396675,14.4727645,-21.063745,69.2019262,-6.95470053,-6.83560764,-16.0906672,-0.921077797,-20.23393,38.9532621,73.4625641,15.7577177,-3.2893937,22.0309971,-11.4487503,3.35465702,6.94373167,9.52486784,-1.16128413,-3.11385827,-8.16389289,-3.41687385,-14.6508924,5.77365282,-1.87070344,1.54388091
1144,1.43628102,1.20237581,106.60131,0.415091014,6.08893683,0.663681558,-1.59082213,0.989904332,-2.67255889,0,0,2.82029802,14.4773424,-21.3009831,69.1252573,-7.24709453,-6.72643262,-16.074408,-0.750249536,-20.2181505,38.6516546,73.3585335,15.8663126,-3.23471697,21.9436442,-11.467144,3.33060237,6.87833902,9.51831599,-1.16189586,-3.11173707,-8.15124679,-3.43738299,-14.7182807,5.77968687,-1.89189111,1.6008036
1145,1.42936148,1.20884068,106.601977,0.410228536,6.08697489,0.736865764,-1.55226806,0.977992269,-2.70066811,0,0,2.81342258,14.5842553,-21.6408755,69.0598856,-7.67712665,-6.64512519,-16.1225608,-0.659354713,-20.1259293,38.5324268,73.3538958,16.1453224,-3.24428842,21.9237922,-11.4770862,3.3194459,6.85036768,9.50408956,-1.14687264,-3.11061158,-8.13965767,-3.44379952,-14.7749218,5.78379096,-1.88055876,1.63108727
1146,1.42131895,1.23317651,106.604254,0.394375055,6.08511148,0.796621137,-1.57092291,1.06339076,-2.73429057,0,0,2.81249794,14.5056057,-21.7129033,69.1106066,-7.80218485,-6.6485198,-16.2056296,-0.590769368,-20.114651,38.574511,73.3534586,16.4662218,-3.28963383,22.0213427,-11.4801111,3.31666921,6.81314827,9.47954869,-1.15444476,-3.10339314,-8.13942544,-3.44373464,-14.825957,5.80274089,-1.87364383,1.66563779
1147,1.4130963,1.25213237,106.609178,0.376657205,6.08252567,0.860574179,-1.57429809,1.08015525,-2.76248047,0,0,2.82067368,14.4453173,-21.5891471,69.1594903,-7.70614727,-6.65464989,-16.3521081,-0.520476316,-20.0159257,38.4926273,73.367604,16.5422793,-3.32027961,21.9753328,-11.4857665,3.31910204,6.75361677,9.45357945,-1.16110537,-3.06568196,-8.13443599,-3.43688225,-14.8825365,5.81373835,-1.8733512,1.65648939
1148,1.40947672,1.28744571,106.611454,0.366546548,6.08283658,0.953234586,-1.71604501,1.25683207,-2.80430833,0,0,2.89074737,14.2915117,-21.5471585,69.0984489,-7.82848194,-6.57529547,-16.4150995,-0.47728807,-20.1241825,38.4411994,73.3297852,16.5341309,-3.08695736,22.1441187,-11.5077221,3.29662944,6.68561584,9.44981602,-1.15737385,-3.02367587,-8.12220227,-3.45395452,-14.9538915,5.8169464,-1.86317486,1.67981267
1149,1.39816012,1.28198583,106.607115,0.373023154,6.0738428,1.03887864,-1.66188598,1.18919869,-2.81403538,0,0,2.88318122,14.3276127,-21.5874276,69.1086395,-7.79540674,-6.61396032,-16.4988479,-0.436044666,-19.931035,38.3262917,73.4115904,17.0555817,-3.1753479,22.2422225,-11.526903,3.28074775,6.62385812,9.45632092,-1.13407095,-3.03010841,-8.11303274,-3.46927506,-15.0118764,5.84153594,-1.89024461,1.70974245
1150,1.39118833,1.28117604,106.606698,0.384829824,6.06803566,1.10275433,-1.62803172,1.11280622,-2.83580895,0,0,2.8991771,14.3159416,-21.5422561,69.1283309,-7.82046244,-6.59639649,-16.6339217,-0.373740481,-19.7510527,38.1949745,73.4429341,17.1509499,-3.16990104,22.150143,-11.5411175,3.26256792,6.56304126,9.46440616,-1.11432754,-3.03298734,-8.1000383,-3.4880933,-15.05275,5.8471384,-1.89143626,1.7684681
1151,1.38550634,1.30000608,106.610298,0.370340929,6.06440776,1.16121945,-1.629908,1.13162307,-2.87859027,0,0,2.90985802,14.2217832,-21.4500639,69.2006148,-7.73723915,-6.60126087,-16.7048583,-0.266183704,-19.6250852,38.1281787,73.4811968,17.4025673,-3.2348508,21.9659925,-11.5446111,3.26069197,6.5225344,9.44704723,-1.11872864,-2.99648168,-8.09143141,-3.48452239,-15.10733,5.85503837,-1.88776013,1.7947464
1152,1.37261264,1.32280765,106.613898,0.342827345,6.06429867,1.19937189,-1.61273381,1.19651243,-2.91072908,0,0,2.90538531,14.154773,-21.4835011,69.2441846,-7.75729941,-6.56035017,-16.8036707,-0.204607335,-19.5099248,38.0646442,73.5546214,17.6287422,-3.22975569,21.7121332,-11.544092,3.27234299,6.49512442,9.41272041,-1.13470189,-2.97346864,-8.09680421,-3.46995744,-15.1360014,5.86760036,-1.90294641,1.79012471
1153,1.37262354,1.33551033,106.617999,0.336833699,6.06376211,1.23616965,-1.59972635,1.24520624,-2.96000933,0,0,2.91199993,14.1033818,-21.6166335,69.2587534,-7.97387959,-6.50031152,-16.8826294,-0.084023393,-19.4114915,37.966853,73.4854042,18.096745,-3.21241384,21.8001607,-11.5453257,3.2647713,6.4754428,9.40185528,-1.13089363,-2.95754405,-8.09667273,-3.47600621,-15.1652159,5.88504083,-1.89982437,1.79774378
1154,1.37130646,1.36173666,106.614399,0.345459522,6.0634491,1.27028644,-1.64708048,1.3861855,-3.00370418,0,0,2.95627855,13.9579039,-21.6368594,69.2166316,-8.04744499,-6.43677881,-16.9690517,-0.113666888,-19.4512876,38.0609662,73.6259832,18.0815581,-3.30993806,21.9568572,-11.5562173,3.23304998,6.45650696,9.41420256,-1.1281908,-2.97279886,-8.09064509,-3.50670941,-15.191203,5.8863535,-1.8982545,1.83793069
1155,1.36515871,1.36555191,106.610858,0.3392414,6.05543588,1.2919339,-1.55117438,1.33716043,-3.01832762,0,0,2.9664519,13.9719699,-21.6923427,69.1923503,-7.96599413,-6.43705885,-16.9320543,-0.0350589775,-19.225806,37.8812844,73.6892785,18.2347302,-3.21427592,21.7355539,-11.5541538,3.23574769,6.44798929,9.41171808,-1.12131301,-2.97897591,-8.08695422,-3.50488254,-15.2061902,5.90035411,-1.88232927,1.88308166
1156,1.35815954,1.38366399,106.613421,0.335989995,6.05537531,1.30954128,-1.53751155,1.37301007,-3.05263566,0,0,2.99228261,13.8877152,-21.6328261,69.1973568,-7.87582625,-6.44779633,-16.9032565,-0.00881957932,-19.096531,37.9061668,73.7729757,18.5787515,-3.22710494,21.7608307,-11.5574749,3.22610048,6.43950662,9.40259124,-1.12071558,-2.96405899,-8.08417092,-3.51152298,-15.2202108,5.89378731,-1.88444364,1.88813088
1157,1.35324877,1.39736449,106.625116,0.338908637,6.05227645,1.33504277,-1.52147811,1.41327585,-3.10315067,0,0,3.02648307,13.7935278,-21.5545283,69.2329558,-7.74975291,-6.40920278,-16.957758,0.0712605309,-19.0141675,37.7445713,73.8112657,18.4133687,-3.30152348,22.0177807,-11.5613263,3.21295343,6.41027426,9.40110226,-1.0992452,-2.98617984,-8.08017526,-3.52925202,-15.2228797,5.89715758,-1.87311044,1.91187454
1158,1.35194706,1.41141638,106.628001,0.330535681,6.03782931,1.36092194,-1.51471771,1.43512221,-3.1267462,0,0,3.03373289,13.8043382,-21.6738568,69.2291445,-7.85680075,-6.37785733,-16.969354,0.0693210773,-18.9071862,37.8340536,73.9107201,18.4945916,-3.24943219,21.8470687,-11.550608,3.20891401,6.39813872,9.40110738,-1.10843181,-2.97428357,-8.09303394,-3.53897714,-15.274516,5.96502448,-1.89028409,1.94360311
1159,1.35268243,1.41215743,106.620443,0.34853701,6.03101713,1.37847049,-1.48671244,1.41896369,-3.1542042,0,0,3.04746136,13.8209322,-21.829037,69.2117685,-7.94619768,-6.36693159,-16.9352013,0.120204686,-18.7686751,37.7928471,73.9389903,18.4765633,-3.0850163,21.6680153,-11.54867,3.18349546,6.38750796,9.41393362,-1.09927487,-2.9933748,-8.08406591,-3.5644149,-15.2839877,5.97388793,-1.90744238,1.96104998
1160,1.34287123,1.43334307,106.6167,0.344495798,6.02478607,1.36951571,-1.48504908,1.47731613,-3.18711269,0,0,3.10097312,13.7090153,-21.6894109,69.2261734,-7.78624917,-6.35564001,-16.9337089,0.166266415,-18.6719409,37.8133616,73.9442017,18.6389903,-3.04342685,21.7143923,-11.5534127,3.17534214,6.38974058,9.42721663,-1.10119501,-2.98759923,-8.08745112,-3.57408709,-15.2708413,5.97555535,-1.88785447,1.98195356
1161,1.34290475,1.48096122,106.618166,0.331733954,6.02854565,1.37199774,-1.60561953,1.77170635,-3.23765139,0,0,3.16280362,13.3696419,-21.5154152,69.2649552,-7.72615887,-6.34134399,-16.8339865,0.0972746003,-18.8727108,37.9664603,74.0859349,18.4764335,-3.22570838,21.8377062,-11.5521773,3.15950016,6.39198942,9.41882489,-1.11552314,-2.9432284,-8.10385809,-3.5942291,-15.2580825,5.99771291,-1.88528162,2.01611987
1162,1.32660344,1.47422003,106.620264,0.324125684,6.01618205,1.37984324,-1.47536643,1.65442422,-3.21708569,0,0,3.13328418,13.4473917,-21.5806435,69.2559189,-7.78039996,-6.29693837,-16.8189498,0.11601047,-18.6322899,37.9413832,74.1427075,18.5593862,-3.21050118,21.7831706,-11.5573093,3.17008119,6.39055423,9.43009812,-1.12058634,-2.9107246,-8.11349975,-3.58828556,-15.2488191,6.03032151,-1.89856549,2.01519844
1163,1.32920612,1.4916162,106.620204,0.320136806,6.01548566,1.37342761,-1.46937433,1.70740546,-3.26874305,0,0,3.16640782,13.4112643,-21.6195619,69.2594774,-7.8902627,-6.27246068,-16.8826362,0.198829421,-18.5504915,38.0642925,74.116623,18.9731249,-3.14277473,21.6082358,-11.5457987,3.16234472,6.39469759,9.42299472,-1.12331319,-2.9087955,-8.11270404,-3.59740557,-15.2463824,6.03593678,-1.8853098,2.04196958
1164,1.32508595,1.50403203,106.617129,0.315667736,6.01094099,1.36502726,-1.44047804,1.70503592,-3.29340858,0,0,3.15822995,13.4191659,-21.6915555,69.2855414,-8.04458485,-6.29190495,-16.9608675,0.196725203,-18.4171372,38.0952572,74.1441418,18.9951334,-3.17836813,21.6720997,-11.5380635,3.1598216,6.39784716,9.41618502,-1.12145442,-2.91928262,-8.11508009,-3.6013722,-15.2410788,6.04257658,-1.87131687,2.07835698
1165,1.31971119,1.52036669,106.617153,0.315979338,6.00950543,1.36775078,-1.4440657,1.74232683,-3.3279672,0,0,3.18458893,13.3250596,-21.6007021,69.3277861,-7.9432035,-6.25934629,-16.9587194,0.179034599,-18.3468921,38.1218573,74.2482612,18.9209542,-3.23710455,21.5937267,-11.538878,3.15008474,6.39171237,9.41056378,-1.10960649,-2.86966556,-8.12395421,-3.61290284,-15.245976,6.05374949,-1.87595457,2.0710299
1166,1.3087023,1.53439278,106.61937,0.308230974,6.00524753,1.37761322,-1.42016079,1.78104354,-3.34178766,0,0,3.18359834,13.2480603,-21.5588006,69.3778992,-7.90344412,-6.23268508,-16.9887705,0.148819817,-18.2782778,38.1125409,74.3466296,18.7686034,-3.16968503,21.5442301,-11.5437394,3.14586795,6.38404207,9.41106323,-1.11586743,-2.84576374,-8.12728393,-3.61631922,-15.246823,6.05820875,-1.86995532,2.09089721
1167,1.31088197,1.54485954,106.616771,0.29731971,6.00488158,1.38525246,-1.40124276,1.78891768,-3.37832277,0,0,3.18336548,13.2449355,-21.6124244,69.4322265,-7.99434796,-6.2510506,-17.0809934,0.16007957,-18.1567226,38.1398378,74.4175338,18.9824754,-3.18377059,21.4637329,-11.5357421,3.14900023,6.39129744,9.40094431,-1.13004423,-2.8294874,-8.12663933,-3.61251992,-15.2542884,6.07044503,-1.87877096,2.11773644
1168,1.30283572,1.55272521,106.618345,0.301025071,6.0019611,1.36843251,-1.33062234,1.76662587,-3.3977474,0,0,3.19936776,13.2643759,-21.6985633,69.4282514,-8.11905355,-6.27322054,-17.1225842,0.196472166,-18.0490532,37.9518539,74.4113456,18.7891998,-3.25117816,21.6096991,-11.5310583,3.14090155,6.40991141,9.40005297,-1.13204687,-2.8599319,-8.12876864,-3.62240406,-15.2415586,6.06488867,-1.86604354,2.15798653
1169,1.29503254,1.56294573,106.618774,0.297787695,6.00000478,1.36597534,-1.34782674,1.80322842,-3.42162916,0,0,3.21902333,13.201954,-21.6543139,69.463502,-8.08067813,-6.28995066,-17.0931034,0.131398712,-18.0062672,38.052145,74.522384,18.79018,-3.20358156,21.5452136,-11.5312982,3.13709372,6.40261805,9.39374614,-1.13465023,-2.85377961,-8.13699475,-3.6260437,-15.242006,6.07407314,-1.87985589,2.15149081
1170,1.29039353,1.57739371,106.625438,0.294231789,5.99699363,1.3671959,-1.37119954,1.86345767,-3.45465355,0,0,3.27468617,13.0659495,-21.4157047,69.5049476,-7.83457105,-6.28836392,-17.0585836,0.0832598926,-17.9992048,38.1352138,74.6036155,18.7405638,-3.11170548,21.5519482,-11.5344034,3.13136682,6.39789454,9.39681717,-1.12982524,-2.82072384,-8.14567848,-3.63513297,-15.2403514,6.08549877,-1.87007527,2.15313347
1171,1.29142413,1.60072912,106.624985,0.280279956,5.99546051,1.36900374,-1.42798349,1.98599874,-3.5000139,0,0,3.35911499,12.8666745,-21.1815385,69.5513655,-7.73337923,-6.3659903,-16.9638796,0.083854746,-18.0103739,38.1976246,74.6587624,18.8474391,-3.07452983,21.5078456,-11.5261355,3.13097238,6.40260097,9.38206993,-1.14205811,-2.77492187,-8.15756728,-3.63728491,-15.2559686,6.11184025,-1.87374693,2.16851014
1172,1.28861777,1.60861723,106.622744,0.276717585,5.98955354,1.36748507,-1.43684331,2.0059907,-3.51907312,0,0,3.3994479,12.8210207,-21.0983177,69.5509625,-7.77975537,-6.37134731,-16.8752391,0.0539621263,-17.9312495,38.1480818,74.7450277,19.0151835,-3.04660545,21.3848066,-11.5271284,3.12968083,6.41453929,9.39837701,-1.1373965,-2.80725236,-8.15327536,-3.64005156,-15.2469937,6.1127794,-1.85156589,2.20588579
1173,1.2796836,1.60957649,106.623709,0.279923293,5.9870896,1.35275933,-1.40306632,1.97437098,-3.53730268,0,0,3.43020531,12.8103835,-20.9956002,69.565183,-7.72246032,-6.34700281,-16.9179466,0.0217594236,-17.8327684,37.9945494,74.8059188,18.8731736,-2.91856523,21.2991851,-11.5228049,3.12632102,6.42584069,9.39262514,-1.13338676,-2.82332828,-8.15717027,-3.64346495,-15.2350119,6.11231324,-1.84971704,2.23724447
1174,1.26732476,1.62134655,106.633961,0.277809389,5.98379601,1.35036471,-1.45655097,2.02927631,-3.55040127,0,0,3.46859631,12.6756819,-20.812657,69.6210813,-7.63962294,-6.30439267,-16.8677891,-0.0358894091,-17.8167568,38.0522611,74.8887964,18.9178584,-2.89224958,21.3163767,-11.5231686,3.12328713,6.40777271,9.38272307,-1.11884272,-2.80266973,-8.17087078,-3.65195018,-15.2348001,6.12503276,-1.83851404,2.26063147
1175,1.25486804,1.62001979,106.640136,0.26927524,5.97938732,1.3547529,-1.44622532,2.00669848,-3.54365838,0,0,3.46580148,12.6412979,-20.6682259,69.6688243,-7.53508774,-6.27463909,-16.87075,-0.0713849751,-17.7123129,38.0550444,74.9533416,19.0939458,-2.9496379,21.3935732,-11.5216079,3.13117066,6.40092075,9.36502007,-1.11596615,-2.78261629,-8.18457214,-3.64544784,-15.233125,6.14795274,-1.8419065,2.23699175
1176,1.25431335,1.62777435,106.63594,0.26474536,5.9811156,1.34967819,-1.4739434,2.04734622,-3.56686865,0,0,3.48776438,12.5907639,-20.6036191,69.7012745,-7.59882792,-6.28232219,-16.8555647,-0.0726595124,-17.6816334,37.9328148,74.9818167,19.0790252,-2.83879033,21.3560225,-11.5162121,3.12904306,6.414938,9.35543903,-1.11996202,-2.78536352,-8.18186141,-3.64419877,-15.2217664,6.13636831,-1.83521057,2.24687354
1177,1.25165731,1.63543075,106.627464,0.268792102,5.97941329,1.33919024,-1.49627567,2.06909098,-3.58818524,0,0,3.51237099,12.5715156,-20.6601799,69.7024835,-7.79457773,-6.24940111,-16.823275,-0.0574527699,-17.6423342,37.9071503,74.9865842,19.2478983,-2.79187611,21.2351281,-11.5095296,3.12084534,6.42713416,9.35086963,-1.12461284,-2.80779109,-8.18516124,-3.6505406,-15.2198027,6.14198016,-1.84825709,2.25959904
1178,1.24859279,1.64088309,106.63352,0.272421437,5.97848919,1.32690227,-1.523696,2.08563071,-3.61392523,0,0,3.55261425,12.5213179,-20.5604421,69.7253646,-7.72418751,-6.23189021,-16.7945319,-0.0882395474,-17.653546,38.0230996,74.9913448,19.4429872,-2.67735838,21.2593138,-11.5038298,3.11328475,6.4300784,9.3444706,-1.11520682,-2.79308441,-8.19111461,-3.65983478,-15.2041684,6.14641765,-1.84014517,2.29915395
1179,1.23684071,1.60910785,106.638002,0.280963462,5.97619155,1.31339946,-1.36778754,1.83471325,-3.60412178,0,0,3.48982902,12.711146,-20.617107,69.7935094,-7.61055536,-6.22366538,-16.7715722,-0.0753078182,-17.3460355,37.7636617,75.0771935,19.4279198,-2.67369036,21.2845855,-11.4977782,3.12410953,6.42914565,9.32279926,-1.09736242,-2.79451278,-8.20655083,-3.6516441,-15.1962027,6.15913162,-1.86005325,2.27689863
1180,1.23896971,1.62715744,106.637514,0.259375693,5.98017361,1.30204719,-1.42746194,1.92604974,-3.65775114,0,0,3.52466768,12.6180923,-20.572663,69.8604657,-7.57251974,-6.23453008,-16.6989126,-0.0826880577,-17.3968538,37.8939168,75.1068911,19.4862445,-2.66508795,21.3070603,-11.47641,3.13811718,6.43892989,9.28010119,-1.1082967,-2.78523503,-8.21289523,-3.63594149,-15.1881704,6.16428457,-1.85096248,2.28153184
1181,1.23514533,1.63396373,106.632757,0.275935843,5.97660101,1.28279716,-1.4505467,1.93808539,-3.67707759,0,0,3.53340648,12.6145867,-20.6630861,69.8884695,-7.70157958,-6.25728784,-16.7086235,-0.0984956701,-17.3962596,37.8669239,75.1404888,19.4702568,-2.6896619,21.3188885,-11.4747835,3.11526849,6.46013592,9.29542386,-1.08999179,-2.80202001,-8.20994971,-3.65753599,-15.1722612,6.15349757,-1.83756592,2.29344113
1182,1.22991186,1.63597763,106.628716,0.262566716,5.96995921,1.26333883,-1.41603514,1.90243287,-3.68420745,0,0,3.53497593,12.6375037,-20.6380074,69.9176549,-7.59034312,-6.26637626,-16.6684261,-0.116223553,-17.3226336,37.8160595,75.1907249,19.4419132,-2.70722552,21.3612561,-11.4579591,3.13096875,6.47323537,9.27451238,-1.08519486,-2.80689633,-8.21636155,-3.64348544,-15.1567157,6.16700982,-1.8157646,2.30778453
1183,1.22558875,1.63497236,106.63197,0.272233057,5.96261261,1.25752491,-1.43235641,1.92251063,-3.70499385,0,0,3.55355511,12.5772572,-20.5635891,69.9578096,-7.35077338,-6.23280674,-16.6006604,-0.155240235,-17.3304456,37.9413354,75.241965,19.5337588,-2.68240888,21.3337253,-11.4621076,3.12089336,6.46688159,9.2961009,-1.08222053,-2.78877819,-8.22514944,-3.66176302,-15.1400056,6.18747861,-1.81752166,2.3209288
1184,1.22891683,1.65393408,106.639934,0.265123134,5.96405751,1.2438023,-1.53650015,2.04923135,-3.74548279,0,0,3.5957151,12.4476629,-20.4558889,69.9951024,-7.21850421,-6.21909471,-16.502152,-0.183153404,-17.430303,38.0598187,75.2560966,19.4943947,-2.68219907,21.3088652,-11.4529952,3.11864047,6.45725316,9.28355128,-1.08643934,-2.77545036,-8.23446923,-3.66738982,-15.1328134,6.19863573,-1.80964133,2.34690657
1185,1.21708941,1.6369164,106.638587,0.268586315,5.9567423,1.23224091,-1.44510474,1.9174104,-3.73022927,0,0,3.54723719,12.6353462,-20.7079998,69.9848298,-7.35624863,-6.20186171,-16.4578872,-0.208106206,-17.293858,37.9315375,75.2976925,19.3627513,-2.68884783,21.254543,-11.4489714,3.12617972,6.46876032,9.28814971,-1.08879299,-2.80509807,-8.23305282,-3.66126656,-15.1031841,6.19933881,-1.81456312,2.350419
1186,1.20786699,1.60714425,106.635499,0.275330875,5.94186362,1.22307496,-1.32151738,1.69279099,-3.73518841,0,0,3.52257103,12.8262133,-20.7924789,70.0285021,-7.33687907,-6.24559712,-16.4718464,-0.20589792,-17.0821375,37.7821066,75.3489052,19.2950539,-2.66646359,21.2697504,-11.4335369,3.13846765,6.48558265,9.28410282,-1.07583281,-2.82254601,-8.23573879,-3.65246244,-15.0960465,6.23063175,-1.83890827,2.34775053
1187,1.20090721,1.62456911,106.633842,0.257719824,5.93424382,1.21070125,-1.36264078,1.80523778,-3.74886032,0,0,3.53246306,12.6674737,-20.6344915,70.1134628,-7.21968327,-6.28748326,-16.4067223,-0.225460089,-17.1843222,37.8250105,75.3511114,19.2230432,-2.62575075,21.2260781,-11.4274094,3.1530849,6.47831191,9.28010631,-1.07941919,-2.81595573,-8.24828329,-3.64326901,-15.0970045,6.25499973,-1.8233762,2.35379887
1188,1.20485388,1.65492836,106.637132,0.236126612,5.93843583,1.2014472,-1.5031812,2.00886706,-3.79744516,0,0,3.55985554,12.4961999,-20.5200995,70.1790258,-7.1888407,-6.27200861,-16.3857502,-0.218462213,-17.3728867,37.984994,75.3108269,19.2549248,-2.58909633,21.0621912,-11.4259255,3.15950613,6.47191245,9.2750588,-1.09111322,-2.7901453,-8.24955712,-3.63737882,-15.0863613,6.24278052,-1.78827202,2.35906644
1189,1.18682869,1.60829052,106.636596,0.249062494,5.9270577,1.19990125,-1.31643006,1.65976617,-3.75853186,0,0,3.45048969,12.8491474,-20.7562072,70.2000013,-7.27146806,-6.24805257,-16.3663576,-0.200378954,-17.0495506,37.7060866,75.3183265,19.2248908,-2.55160926,20.9690684,-11.4365336,3.17605013,6.47862354,9.29350372,-1.06871063,-2.80141041,-8.24861455,-3.6243417,-15.0677439,6.24745408,-1.80299833,2.33905271
1190,1.18253417,1.60759259,106.637716,0.247229802,5.92384958,1.19438469,-1.32117758,1.66614952,-3.77863823,0,0,3.47700342,12.8103843,-20.6968017,70.2116126,-7.29576645,-6.25461425,-16.3304461,-0.163020434,-17.0573678,37.615409,75.3041743,19.2337632,-2.54115481,20.9148862,-11.4294465,3.178544,6.47968734,9.29005363,-1.07406059,-2.82097506,-8.25350924,-3.6232271,-15.061315,6.26171551,-1.80971497,2.37743645
1191,1.17299696,1.60014126,106.638157,0.254186385,5.92136386,1.18922403,-1.32708815,1.64446857,-3.78001366,0,0,3.47798078,12.7970305,-20.671127,70.2256281,-7.35936491,-6.26544992,-16.229887,-0.166220591,-17.0470132,37.5657604,75.3390834,19.3282571,-2.60569881,20.9161737,-11.4335343,3.17484567,6.48467252,9.29740632,-1.07913115,-2.83738843,-8.25450389,-3.6265995,-15.0535371,6.25967414,-1.82261079,2.39148295
1192,1.16646718,1.59459803,106.637585,0.246402905,5.92101731,1.18660608,-1.33904984,1.62330032,-3.79526206,0,0,3.46317912,12.8363203,-20.7053548,70.2650588,-7.48297425,-6.29405945,-16.1990401,-0.149718547,-17.0079889,37.5748275,75.3556056,19.4676494,-2.61528626,20.8059856,-11.4329341,3.18638698,6.47904573,9.2823227,-1.08380769,-2.81766669,-8.25804534,-3.61229751,-15.0515581,6.25602383,-1.83223816,2.37035781
1193,1.15984594,1.59764048,106.641352,0.235396853,5.90766662,1.18685457,-1.36058425,1.66221885,-3.79504648,0,0,3.48515888,12.7937025,-20.6354461,70.27736,-7.50574184,-6.31675787,-16.1790089,-0.137642786,-17.0285717,37.5217876,75.378678,19.5110484,-2.62015384,20.6916193,-11.4279097,3.20040872,6.47227787,9.29053259,-1.08084425,-2.81013769,-8.2769163,-3.61137544,-15.048645,6.31279893,-1.82564639,2.38483184
1194,1.15290349,1.60044748,106.639838,0.231721966,5.90316056,1.17881672,-1.37853132,1.66876804,-3.78942481,0,0,3.47144727,12.8214458,-20.6830525,70.2866764,-7.68443154,-6.32119408,-16.2361059,-0.131470323,-17.0242465,37.5096675,75.3792791,19.5897817,-2.67776563,20.5590163,-11.4242572,3.20389489,6.47349193,9.28361703,-1.06505979,-2.82265422,-8.28001293,-3.60952232,-15.0352357,6.31480316,-1.80522882,2.39700089
1195,1.14786401,1.60212349,106.641698,0.233889195,5.90028132,1.1696304,-1.39916116,1.67400808,-3.79357415,0,0,3.4874773,12.7813595,-20.6350192,70.3149329,-7.77791719,-6.35121917,-16.1958538,-0.130483227,-17.0445288,37.4935721,75.3988134,19.6836319,-2.76319166,20.5452842,-11.4183576,3.20353289,6.47726604,9.28274874,-1.06487953,-2.83932308,-8.28513643,-3.61247339,-15.0275756,6.32436158,-1.80739825,2.41361319
1196,1.14388885,1.59942601,106.64854,0.234590949,5.89935423,1.15951002,-1.42295241,1.66515113,-3.80648748,0,0,3.49098162,12.8140812,-20.6676624,70.338497,-7.87331444,-6.3784332,-16.2477718,-0.124710943,-17.0550216,37.4115279,75.4278212,19.6807888,-2.78320518,20.5917585,-11.416359,3.20508398,6.48078999,9.27965722,-1.06937945,-2.83760273,-8.28703181,-3.61075944,-15.0131144,6.32240303,-1.81146222,2.43520086
1197,1.13043841,1.60083789,106.648946,0.229511849,5.89501379,1.15107036,-1.43023852,1.69283549,-3.78506843,0,0,3.46960078,12.7454122,-20.5742407,70.3873465,-7.79670192,-6.3622051,-16.2052658,-0.133280256,-17.0860341,37.3684909,75.4339411,19.7119857,-2.80235084,20.5939049,-11.4196033,3.21079637,6.47602935,9.28029158,-1.07333509,-2.82548534,-8.3002764,-3.60651704,-15.0096481,6.33725655,-1.82596634,2.41646885
1198,1.12373605,1.59734786,106.64587,0.229718275,5.89298275,1.14250361,-1.44490507,1.68645972,-3.7898931,0,0,3.46350526,12.7320984,-20.5494659,70.4453075,-7.80596195,-6.39675945,-16.1720643,-0.124702512,-17.0822297,37.3834524,75.462102,19.7740653,-2.92210775,20.6111357,-11.4199875,3.21222665,6.48548318,9.27711383,-1.07706672,-2.82377693,-8.30461613,-3.60457983,-15.0057087,6.33551058,-1.82936244,2.40391752
1199,1.11892596,1.59319565,106.643987,0.228723719,5.88805887,1.12881798,-1.41425481,1.64461276,-3.79271355,0,0,3.45787953,12.7681806,-20.6079341,70.4761526,-7.88780725,-6.40126055,-16.1758192,-0.124015945,-17.0700702,37.3549329,75.4700386,19.8173943,-2.85935005,20.7162455,-11.4120175,3.21891341,6.49417503,9.266031,-1.05140666,-2.81983399,-8.30912747,-3.59898718,-14.9964675,6.34182766,-1.80750498,2.40772685
1200,1.1091115,1.58436913,106.644762,0.229870908,5.87969343,1.10263554,-1.34419681,1.57640478,-3.77852212,0,0,3.43882971,12.8320267,-20.6365065,70.5002905,-7.85880285,-6.41191265,-16.2080099,-0.118581956,-17.0275677,37.257391,75.4906248,19.9939291,-2.8602717,20.7438924,-11.4084411,3.22628212,6.51803202,9.27726324,-1.04969773,-2.83563734,-8.3132623,-3.59502397,-14.9683237,6.3447497,-1.78579543,2.41008454
1201,1.10507393,1.58073176,106.644762,0.229337568,5.88256841,1.084728,-1.34971422,1.57841147,-3.79907715,0,0,3.43727306,12.8374575,-20.6505459,70.5447892,-7.88692616,-6.43349434,-16.1981932,-0.0983979063,-17.0531587,37.2063729,75.5188881,19.9640163,-2.88657946,20.8452114,-11.3952759,3.22798817,6.51877694,9.24993309,-1.05574522,-2.82433488,-8.31936422,-3.59316701,-14.9558432,6.34127228,-1.80318659,2.42199255
1202,1.09923687,1.57731492,106.651914,0.220057977,5.88055398,1.06119901,-1.34883942,1.57610468,-3.80114029,0,0,3.43521077,12.832036,-20.5832685,70.5884273,-7.7502259,-6.42496813,-16.1204639,-0.116125502,-17.0727989,37.2330994,75.5609075,19.9975064,-2.93173469,20.9386228,-11.3819169,3.24087695,6.54730835,9.23167514,-1.05367439,-2.8165967,-8.32965304,-3.5804191,-14.9345775,6.35077734,-1.79138722,2.42975655
1203,1.08672865,1.58114359,106.649399,0.231843884,5.87610362,1.03559746,-1.34379746,1.59139139,-3.79021839,0,0,3.41704204,12.7664159,-20.463829,70.6602945,-7.58240217,-6.44587107,-16.1287387,-0.120812373,-17.1103752,37.2504276,75.5872583,19.953158,-2.98412608,20.9071561,-11.3828279,3.22778881,6.55616027,9.24065087,-1.05946031,-2.82122735,-8.34679938,-3.59728945,-14.9026941,6.36649147,-1.80170508,2.44074249
1204,1.08975023,1.59802232,106.643653,0.220845021,5.87760774,1.01263604,-1.42022418,1.69019989,-3.81348543,0,0,3.43568675,12.7046189,-20.4373569,70.7136861,-7.66318026,-6.45385343,-16.1400649,-0.116523708,-17.1942072,37.3327929,75.6173453,19.9347848,-3.02107143,20.7983478,-11.3692409,3.23482071,6.56939206,9.22281468,-1.06459469,-2.81993004,-8.3532078,-3.59279092,-14.8888084,6.36735122,-1.79213428,2.44798291
1205,1.08920839,1.60576385,106.643951,0.205569597,5.87268782,0.99289969,-1.44904982,1.76385868,-3.81071109,0,0,3.43025462,12.6799431,-20.4977563,70.7454738,-7.88307478,-6.46771871,-16.1579514,-0.108241289,-17.2747608,37.4291908,75.6042177,20.0658083,-3.07912847,20.7899176,-11.3581179,3.24577142,6.60321174,9.21998613,-1.06290614,-2.83967036,-8.35727091,-3.58163978,-14.8663729,6.37697666,-1.76807152,2.47255751
1206,1.09035382,1.57541856,106.642687,0.217671524,5.87081452,0.969745959,-1.31548056,1.57767455,-3.80986842,0,0,3.39205892,12.8581163,-20.6264592,70.7919191,-7.95407033,-6.48403476,-16.1840479,-0.0713799858,-17.1067535,37.2240119,75.6337173,20.0284472,-3.09909012,20.8029206,-11.3474731,3.25090281,6.64513501,9.21352306,-1.06305555,-2.85474458,-8.36266762,-3.57671522,-14.8455084,6.38851669,-1.7999796,2.45212628
1207,1.0634847,1.58697534,106.649899,0.217130591,5.86014108,0.931795411,-1.30431864,1.61298556,-3.77664425,0,0,3.34410565,12.8077428,-20.5575512,70.883792,-7.92505313,-6.51088252,-16.2109964,-0.082790784,-17.1700198,37.2394959,75.6141351,20.0580048,-3.08801155,20.8112517,-11.3520946,3.25416935,6.65316305,9.22886367,-1.06174746,-2.8544114,-8.39019498,-3.58314328,-14.8009431,6.41429468,-1.79134475,2.47030013
1208,1.06123481,1.58589818,106.654358,0.222984174,5.86073116,0.89492416,-1.28484738,1.60860048,-3.77141616,0,0,3.32026595,12.813703,-20.5416642,70.9403869,-7.97343904,-6.46746002,-16.2093776,-0.0817893208,-17.1907648,37.2453323,75.6198657,20.1254922,-3.08560797,20.8332364,-11.3448196,3.25365837,6.67132409,9.2294596,-1.07924075,-2.86403748,-8.396816,-3.58431679,-14.7637612,6.40760707,-1.79495002,2.45872509
1209,1.06344493,1.58396419,106.652641,0.218030158,5.85862809,0.873373934,-1.26561751,1.63087842,-3.77329276,0,0,3.3203144,12.8151604,-20.5628429,70.9708837,-8.07310601,-6.45317553,-16.2393485,-0.0534750785,-17.2324068,37.2409405,75.6068883,20.1949091,-3.12540022,20.8786845,-11.3358182,3.25996093,6.70326931,9.22572605,-1.06437997,-2.87538414,-8.39883688,-3.57904474,-14.7490473,6.40944055,-1.78000301,2.46501591
1210,1.06113441,1.57837644,106.644344,0.21387321,5.85617067,0.845115743,-1.24688444,1.63089646,-3.78317775,0,0,3.33549044,12.8301415,-20.5170704,70.9862175,-8.03119256,-6.44522306,-16.2484992,-0.0206271196,-17.2487924,37.2212388,75.6097911,20.1530452,-3.16798581,20.7916218,-11.3263789,3.26689592,6.74481309,9.22310582,-1.06918981,-2.86581547,-8.40040953,-3.5720741,-14.7278345,6.40605278,-1.76367939,2.47972366
1211,1.05526093,1.57789551,106.642294,0.207217669,5.85180002,0.817507414,-1.23770434,1.63268202,-3.78013746,0,0,3.34001736,12.8166826,-20.4255731,71.0290633,-7.96222131,-6.45601945,-16.2173519,-0.0264932566,-17.2714225,37.2292609,75.6231373,20.1470244,-3.16394704,20.8488997,-11.3180751,3.27818558,6.75989841,9.21799513,-1.07951033,-2.87830468,-8.41730913,-3.56293638,-14.7177309,6.43141284,-1.77078855,2.4758091
1212,1.04747629,1.58343539,106.653666,0.204666191,5.85374272,0.786569123,-1.23573533,1.65936479,-3.78251095,0,0,3.32014236,12.8447069,-20.4537033,71.0667728,-7.97970318,-6.41414997,-16.2753163,-0.0276957634,-17.3107832,37.2262351,75.6164232,20.1254837,-3.1113057,20.8524873,-11.3162446,3.28535258,6.76387785,9.21179759,-1.0732796,-2.86425157,-8.42261362,-3.55796784,-14.6749381,6.41087916,-1.74707893,2.46210903
1213,1.04416059,1.57565251,106.657422,0.208632094,5.85220286,0.771466605,-1.22084295,1.66281137,-3.77556977,0,0,3.32050095,12.8198057,-20.3543667,71.0980345,-7.9206246,-6.43041734,-16.3084768,-0.00396901567,-17.3304763,37.1965374,75.5929889,20.2095838,-3.11247366,20.8422522,-11.3147539,3.28730345,6.77664049,9.21418986,-1.06537131,-2.86644598,-8.42849527,-3.56017655,-14.6436473,6.41886493,-1.76036771,2.48053986
1214,1.04224663,1.57720931,106.645691,0.196803502,5.85060411,0.744773038,-1.21792155,1.70075211,-3.78088963,0,0,3.3516893,12.8148018,-20.3303398,71.0677358,-7.99005604,-6.40937439,-16.2932967,0.0560301228,-17.3499031,37.1576156,75.5506007,20.3836529,-3.22106342,20.7895368,-11.3011559,3.29969384,6.79826956,9.20800427,-1.08481611,-2.86843655,-8.43353339,-3.54882649,-14.6295719,6.42521744,-1.75856326,2.50302186
1215,1.03526888,1.57208629,106.63898,0.195808247,5.84808819,0.717013064,-1.19109567,1.69699646,-3.79031487,0,0,3.37528675,12.8132735,-20.278345,71.0784865,-7.96284029,-6.43684626,-16.31237,0.0661191593,-17.3545954,37.139922,75.567,20.4764939,-3.23309352,20.7966659,-11.2944111,3.30449077,6.81840923,9.20357148,-1.07478341,-2.89198619,-8.43952517,-3.5439175,-14.6124862,6.4240546,-1.74371144,2.49471016
1216,1.02840243,1.57898441,106.647158,0.186931427,5.84676379,0.689119636,-1.18694547,1.73783417,-3.79961503,0,0,3.41207031,12.7456922,-20.1094959,71.098178,-7.79795526,-6.44404784,-16.3617557,0.0561678005,-17.3908262,37.2008268,75.5900997,20.5475945,-3.243904,20.8106387,-11.2872547,3.31588609,6.82783532,9.18408922,-1.06667128,-2.87899282,-8.45630524,-3.53355546,-14.5943555,6.4321949,-1.73093994,2.48474811
1217,1.02456482,1.57775339,106.657386,0.188787683,5.84786698,0.667054981,-1.18531754,1.75411371,-3.77944249,0,0,3.39140706,12.7572762,-20.1357016,71.0941208,-7.8382141,-6.39639831,-16.4063927,0.0169128924,-17.423512,37.2976106,75.5959258,20.6221887,-3.22689214,20.8580983,-11.2875715,3.31703399,6.84262823,9.18109332,-1.06829196,-2.86417622,-8.46219116,-3.53003493,-14.5695534,6.42076928,-1.73121112,2.46378904
1218,1.0214787,1.57438703,106.656635,0.187411085,5.84769998,0.647325015,-1.16026238,1.78382311,-3.76918653,0,0,3.4057829,12.7293331,-20.1051263,71.0654477,-7.82085176,-6.39115315,-16.3862778,-0.000410793914,-17.4859775,37.3059263,75.5993136,20.6534385,-3.29321135,20.9625933,-11.2794837,3.32035175,6.85917052,9.17241898,-1.06343068,-2.8701742,-8.46938761,-3.52778716,-14.5523532,6.42498222,-1.72808674,2.49029188
1219,1.02295233,1.57126468,106.651151,0.18693787,5.84875327,0.618013611,-1.15076617,1.7910359,-3.7839598,0,0,3.45900032,12.7268853,-20.0757684,71.0226361,-7.8314821,-6.36273657,-16.3761213,0.0269003532,-17.5325116,37.2894348,75.5812204,20.6617423,-3.37134338,21.0589315,-11.2635488,3.32470578,6.87793219,9.16220188,-1.05612302,-2.90436996,-8.47156132,-3.52674342,-14.5259426,6.42300744,-1.71280899,2.51508675
1220,1.01121776,1.57554243,106.648755,0.187273645,5.8454902,0.596765758,-1.13982154,1.82194912,-3.77432412,0,0,3.46015783,12.7078308,-20.0713544,71.0199791,-7.79459481,-6.36268919,-16.4121967,0.0350782041,-17.5785847,37.3106119,75.5556004,20.6310355,-3.38760329,21.0521149,-11.2625764,3.32591494,6.87703018,9.15995987,-1.05449615,-2.88453936,-8.48487336,-3.529709,-14.5053479,6.42923444,-1.70050462,2.52859537
1221,1.01146754,1.57767162,106.655586,0.179994406,5.8461481,0.585096184,-1.12786487,1.84307361,-3.75677821,0,0,3.43901305,12.6600246,-20.0009574,71.0666771,-7.71900596,-6.3819294,-16.4167883,0.0323896375,-17.599608,37.352276,75.5165932,20.7176167,-3.33586674,21.0162086,-11.2573786,3.33539033,6.88789488,9.14134333,-1.0521614,-2.8424496,-8.49379444,-3.51736151,-14.502638,6.43371931,-1.70977169,2.50493367
1222,1.01300115,1.57157108,106.661081,0.172753935,5.84514253,0.578403414,-1.12581955,1.85902552,-3.75053329,0,0,3.44788376,12.6486711,-19.9852752,71.0583033,-7.74596471,-6.36807266,-16.4209188,0.0445653235,-17.6081594,37.4079386,75.4855022,20.7407727,-3.32186784,20.9618659,-11.2536758,3.34630071,6.88742487,9.13756453,-1.0546652,-2.86028515,-8.49521341,-3.50668934,-14.4936768,6.43265594,-1.69019616,2.50697761
1223,1.01152388,1.56142451,106.653619,0.177024913,5.84692629,0.568556097,-1.12680288,1.86087629,-3.74953992,0,0,3.4490084,12.6946306,-20.0597892,71.0306957,-7.86463754,-6.34863565,-16.4425039,0.0571463385,-17.6450441,37.3881038,75.4413655,20.678063,-3.32325415,20.9341217,-11.2463308,3.3431601,6.9126462,9.12647999,-1.04480006,-2.85428056,-8.49464992,-3.5076874,-14.4772621,6.42631411,-1.69025816,2.53402878
1224,1.00433826,1.56000862,106.651747,0.169345732,5.84353627,0.560511032,-1.13973435,1.87510592,-3.74577222,0,0,3.46548302,12.7006548,-20.0315071,71.0190024,-7.85799433,-6.36143329,-16.4316832,0.058455467,-17.6604308,37.3716806,75.4385993,20.5688432,-3.34265616,20.8809572,-11.2404654,3.356054,6.90179346,9.12177911,-1.04217065,-2.86175834,-8.49818113,-3.49906408,-14.4726449,6.43346489,-1.66836143,2.54474194
1225,1.00740902,1.54947164,106.662285,0.182419604,5.84481563,0.556556672,-1.12655497,1.8507595,-3.74686974,0,0,3.46888638,12.7055324,-20.0165114,71.0351353,-7.78418987,-6.36365481,-16.4249862,0.023831839,-17.6586772,37.4226782,75.4676139,20.606539,-3.31794966,20.8545039,-11.2411527,3.35082421,6.90330293,9.12423968,-1.03003586,-2.86253911,-8.50088247,-3.50565926,-14.4751106,6.43664818,-1.68287494,2.53754569
1226,0.999112893,1.55170243,106.66945,0.164547982,5.84035341,0.55587424,-1.13889658,1.88275829,-3.73613012,0,0,3.46526467,12.6673269,-19.926983,71.0693136,-7.69429604,-6.36715186,-16.3807146,-0.00217886912,-17.6999622,37.4722141,75.4577443,20.6476038,-3.26626455,20.9153301,-11.2448836,3.37242981,6.89722406,9.1239383,-1.03360879,-2.85696055,-8.51053097,-3.48777377,-14.4626336,6.45279134,-1.66939994,2.54274987
1227,0.998961739,1.54481819,106.661057,0.166832232,5.84095137,0.554657786,-1.13846372,1.88123687,-3.73828676,0,0,3.47257831,12.694786,-19.9902032,71.0534266,-7.78295616,-6.3680193,-16.359302,-0.0168223924,-17.7076001,37.5150223,75.4686726,20.7505074,-3.29633275,20.8983059,-11.2441793,3.37357792,6.89930087,9.12157164,-1.02718585,-2.88135308,-8.51018092,-3.48330278,-14.4697797,6.4506727,-1.68195457,2.51841881
1228,1.00486632,1.54042505,106.653464,0.160379979,5.83709287,0.548063244,-1.12850072,1.88352584,-3.74014798,0,0,3.48552365,12.7112237,-19.9820668,71.0516507,-7.8085873,-6.40211261,-16.3775915,-0.0210225302,-17.7214073,37.4893579,75.4858642,20.7263747,-3.37094296,20.9567928,-11.232562,3.38741994,6.90327049,9.12003741,-1.03191085,-2.91227996,-8.50658312,-3.47311,-14.4650105,6.46165479,-1.67211302,2.51853002
1229,0.996469799,1.53307952,106.656015,0.164568491,5.83561825,0.55095846,-1.15368032,1.88666708,-3.7327526,0,0,3.50019703,12.7017946,-19.9106093,71.0501481,-7.74069095,-6.4257852,-16.4065566,-0.0604109955,-17.7279558,37.500638,75.5310254,20.7276707,-3.42196405,21.0290101,-11.2360488,3.38786945,6.89083058,9.11890189,-1.02063474,-2.9198937,-8.5160361,-3.4739881,-14.4598264,6.47577322,-1.69105794,2.5186346
1230,0.990729127,1.52680045,106.667554,0.165220723,5.83553145,0.555334431,-1.17267977,1.89896142,-3.72018761,0,0,3.49865896,12.6737362,-19.846385,71.0691428,-7.73705217,-6.41100467,-16.3448578,-0.110105844,-17.7637238,37.550109,75.5451571,20.7231645,-3.3621984,21.0850655,-11.2457323,3.3903994,6.89438654,9.12369071,-1.01829465,-2.90501862,-8.52685597,-3.47416441,-14.4465912,6.49053838,-1.70138732,2.54521471
1231,0.988519099,1.52260968,106.669462,0.16157916,5.83191592,0.554099824,-1.1716768,1.9116485,-3.69775727,0,0,3.49131117,12.6298326,-19.7794765,71.0928914,-7.75278892,-6.46008427,-16.325315,-0.144653948,-17.7851125,37.5115424,75.5476432,20.7603532,-3.36410765,21.0497671,-11.2460123,3.39875891,6.89273022,9.13100413,-1.02147944,-2.90802369,-8.52680218,-3.46657735,-14.443842,6.49446958,-1.70227225,2.549684
1232,0.992149487,1.51128061,106.662118,0.173662348,5.83251175,0.552971294,-1.15837853,1.89338948,-3.69407921,0,0,3.49180807,12.6441905,-19.7674059,71.0864915,-7.77549162,-6.49619633,-16.2999067,-0.162402662,-17.7990307,37.4736997,75.5478345,20.7331075,-3.37256577,21.0427644,-11.244613,3.39162051,6.89425464,9.13451485,-1.00335436,-2.9375888,-8.52463274,-3.47321266,-14.4456606,6.4969912,-1.70498448,2.54128906
1233,0.992657803,1.50222359,106.653714,0.171633458,5.83238458,0.563280015,-1.17067148,1.90027431,-3.70698998,0,0,3.49957976,12.6315615,-19.7438281,71.1078564,-7.75157913,-6.49739759,-16.2784752,-0.164146708,-17.8123837,37.4239964,75.5457376,20.6826154,-3.35978371,21.0054682,-11.2464401,3.39845133,6.88662702,9.12947161,-0.995983948,-2.94127177,-8.52495462,-3.46592421,-14.457972,6.50231789,-1.71083389,2.51870995
1234,0.984703004,1.49549153,106.655991,0.162211708,5.82985193,0.567712103,-1.1771545,1.88970203,-3.68853822,0,0,3.49054662,12.6039513,-19.5652596,71.1457502,-7.53301222,-6.50231789,-16.3517205,-0.186419235,-17.8071501,37.4283677,75.5325827,20.7251674,-3.38525456,20.9682351,-11.2500268,3.41605337,6.86241016,9.12667892,-1.00092143,-2.92356322,-8.53523832,-3.45261345,-14.4568057,6.51764014,-1.70993818,2.52430942
1235,0.982042309,1.49184987,106.663859,0.144275533,5.82479726,0.568298172,-1.1677822,1.90321364,-3.67738495,0,0,3.46625228,12.6312293,-19.6465713,71.1637478,-7.63963745,-6.48377692,-16.343473,-0.186842546,-17.8215294,37.3991892,75.5112657,20.7442868,-3.4149932,20.9469146,-11.243965,3.44050374,6.85755091,9.11645583,-1.0073258,-2.92813945,-8.53695782,-3.43017586,-14.4578815,6.53309899,-1.70657612,2.51821497
1236,0.986057706,1.47629539,106.662536,0.164187798,5.82517324,0.569609368,-1.16685287,1.86032539,-3.69097019,0,0,3.48707603,12.6911113,-19.769653,71.1236204,-7.78432818,-6.47566393,-16.2916609,-0.168790356,-17.8185412,37.3745732,75.4792321,20.7351788,-3.39956764,20.9275101,-11.24435,3.42977223,6.85752401,9.13187242,-0.998503967,-2.9800555,-8.53017374,-3.44126061,-14.4460243,6.53093297,-1.72992267,2.53924214
1237,0.983310025,1.47091979,106.655383,0.155934124,5.82078697,0.571197161,-1.15334222,1.87086821,-3.67679841,0,0,3.45427362,12.7690993,-19.9976515,71.094879,-7.98768169,-6.46417427,-16.3332653,-0.179403536,-17.8394006,37.3256588,75.4634133,20.773561,-3.36532449,20.9542383,-11.2442023,3.44296154,6.85619085,9.13798629,-1.01497614,-2.9799046,-8.53259418,-3.42925463,-14.4480597,6.54759394,-1.7381729,2.52146444
1238,0.981313176,1.46223204,106.656337,0.153787583,5.82044621,0.572345495,-1.14610372,1.88435698,-3.67401596,0,0,3.45169864,12.7174118,-19.9266432,71.1270833,-7.86051552,-6.45405108,-16.3173919,-0.203699613,-17.8747485,37.342724,75.4655922,20.7905238,-3.34483029,20.9777,-11.2529458,3.45178786,6.83813738,9.14582906,-1.00683114,-2.97955455,-8.54472801,-3.42749287,-14.4356099,6.56785356,-1.73597241,2.53409026
1239,0.979074836,1.45873949,106.662941,0.144150072,5.81748947,0.576220389,-1.15031613,1.89737383,-3.66228041,0,0,3.43706175,12.6484508,-19.7539145,71.1922229,-7.61713625,-6.46265925,-16.3554258,-0.236119506,-17.8997384,37.4011631,75.463789,20.8346246,-3.33158421,21.0644622,-11.2561671,3.46521003,6.8320346,9.14825036,-1.00976119,-2.96303467,-8.55122267,-3.41611335,-14.4357824,6.58040616,-1.72377892,2.53492439
1240,0.98576732,1.44733172,106.661594,0.1462045,5.81658114,0.580581434,-1.14258873,1.86923388,-3.66475123,0,0,3.43106848,12.7263414,-19.9332258,71.1654075,-7.79591815,-6.45180139,-16.345949,-0.230992008,-17.8951229,37.4033795,75.4322677,20.8140214,-3.31714007,21.0797874,-11.2500951,3.47451254,6.82485949,9.14542778,-1.01205922,-3.00256119,-8.54761121,-3.40865884,-14.4418203,6.58913301,-1.75056169,2.5114851
1241,0.982798357,1.44086601,106.660616,0.151166377,5.81367858,0.579440035,-1.12913678,1.87633194,-3.666005,0,0,3.42404683,12.775693,-20.1209791,71.1279508,-8.00456848,-6.41574994,-16.336776,-0.223243359,-17.9123043,37.363761,75.426947,20.7812535,-3.34005919,21.0306681,-11.2505638,3.47600088,6.82832453,9.15263363,-1.00331157,-3.04361532,-8.55277312,-3.41006607,-14.4401998,6.60134411,-1.75436162,2.50962345
1242,0.985491648,1.43048838,106.665945,0.146724437,5.8083832,0.586610822,-1.1319506,1.87920254,-3.66020916,0,0,3.43203644,12.7821501,-20.1743178,71.1071802,-8.13532391,-6.41753347,-16.3288069,-0.217126978,-17.9234631,37.3423278,75.3998175,20.7211086,-3.33839732,20.9930013,-11.2504127,3.48819084,6.81647159,9.16582871,-1.00910282,-3.03301594,-8.55150954,-3.40472913,-14.4371689,6.61894423,-1.74816077,2.53908056
1243,0.984700397,1.42434509,106.665289,0.144773945,5.80949629,0.591453782,-1.1458288,1.91919458,-3.65544553,0,0,3.44947541,12.6797194,-20.0581824,71.1277117,-8.08051165,-6.44403119,-16.2627504,-0.249667427,-17.9604759,37.4191948,75.420629,20.7547097,-3.36211409,20.8971277,-11.2529902,3.48827985,6.81837721,9.16005037,-1.02284431,-2.9972949,-8.55892371,-3.40383032,-14.4344317,6.62817565,-1.75826155,2.56209382
1244,0.978333224,1.41983666,106.664586,0.142611498,5.80495611,0.590320156,-1.13148775,1.93458363,-3.62874931,0,0,3.4394854,12.6190964,-19.9640538,71.1440495,-8.02111888,-6.48971022,-16.283159,-0.255689946,-17.9874791,37.4329849,75.3941484,20.7874639,-3.37501589,20.8685433,-11.253336,3.49723978,6.79806807,9.16193721,-1.0181636,-3.01631058,-8.57073311,-3.39979688,-14.4385794,6.65284331,-1.76649962,2.55764288
1245,0.993768685,1.41174244,106.663454,0.141550366,5.81018646,0.584519975,-1.10810631,1.91843472,-3.64161354,0,0,3.4144327,12.7117598,-20.1662035,71.1413653,-8.2213288,-6.50322417,-16.3253201,-0.246534264,-17.949329,37.3624871,75.4225893,20.7913042,-3.50404414,20.8182288,-11.2405892,3.50682958,6.80171582,9.14686639,-1.01345472,-3.02468033,-8.56420942,-3.38652156,-14.4411151,6.64843997,-1.78813211,2.51278199
1246,0.990742911,1.40864588,106.664574,0.131674055,5.80592223,0.572696582,-1.09106648,1.94028834,-3.6384819,0,0,3.41783584,12.6526155,-20.0954786,71.1752498,-8.18886321,-6.53951425,-16.2939849,-0.248442928,-17.9890073,37.354909,75.396539,20.7858298,-3.41023768,20.8258325,-11.2387382,3.52364678,6.82180554,9.1518123,-1.02325433,-3.02961365,-8.57345835,-3.37363512,-14.4202113,6.67380644,-1.80840976,2.51918806
1247,0.985716004,1.39778657,106.660295,0.12679027,5.80488409,0.559269602,-1.05798915,1.92416311,-3.62652181,0,0,3.40619485,12.628335,-20.0378455,71.2140248,-8.14114665,-6.56172474,-16.2889749,-0.244324164,-17.999326,37.3389674,75.3636243,20.7807003,-3.41296613,20.8615885,-11.2341543,3.53659084,6.82475063,9.14336507,-1.03942448,-3.01348608,-8.58572281,-3.3618571,-14.4150476,6.68919486,-1.83085718,2.53284076
1248,0.980180316,1.3921706,106.654394,0.12221444,5.80247097,0.546905915,-1.02834165,1.93939294,-3.60160699,0,0,3.38941201,12.5082424,-19.7495125,71.281029,-7.78964377,-6.59472736,-16.3327701,-0.27665828,-18.0218571,37.3134737,75.3799348,20.7504613,-3.35937454,20.9225343,-11.2354802,3.54649142,6.82544518,9.14993229,-1.05092343,-3.00512614,-8.59347508,-3.35401839,-14.4132137,6.69778681,-1.83921498,2.5213496
1249,0.991268456,1.38439927,106.657636,0.125058939,5.80781745,0.530245135,-1.02171669,1.93077815,-3.620501,0,0,3.39408514,12.5276606,-19.7305109,71.283604,-7.77390104,-6.58645088,-16.4155264,-0.271269847,-18.0173236,37.3362763,75.3904396,20.7380423,-3.37070497,20.9339766,-11.2225301,3.55219206,6.83801529,9.1357827,-1.04030899,-3.04668421,-8.59423152,-3.34902766,-14.3845628,6.69662397,-1.84627356,2.50859316
1250,0.989455078,1.37792807,106.660426,0.127942744,5.80282543,0.516590942,-1.00229643,1.93385622,-3.60387333,0,0,3.37688715,12.5658849,-19.8409755,71.2604838,-7.87272705,-6.58065547,-16.4871256,-0.288999044,-18.0263548,37.3481198,75.3998379,20.7411074,-3.37867687,20.9386279,-11.2270005,3.55345287,6.86857654,9.15928624,-1.04448736,-3.04627013,-8.60091827,-3.34965732,-14.3689849,6.71490582,-1.85243204,2.49689923
1251,0.991932489,1.37242386,106.663692,0.121862026,5.80205589,0.503207712,-0.989047784,1.94778618,-3.59893083,0,0,3.38061024,12.5688467,-19.8684209,71.2484968,-7.91293039,-6.55995914,-16.5059,-0.298815467,-18.0393168,37.3686309,75.4077951,20.8431333,-3.40707509,20.9877643,-11.2182032,3.56755785,6.86153931,9.15004585,-1.04749136,-3.04922974,-8.60945943,-3.34052642,-14.3661862,6.73104812,-1.8472332,2.52544153
1252,0.994748063,1.36294849,106.659031,0.123442739,5.80437438,0.493519674,-0.99561992,1.94577831,-3.59659704,0,0,3.38511347,12.5856088,-19.891676,71.2396722,-7.91767055,-6.57873917,-16.5252414,-0.310372467,-18.0418525,37.3769842,75.4135461,20.8295464,-3.45336136,20.98285,-11.2145644,3.57237463,6.86156663,9.14548413,-1.05246364,-3.04725389,-8.61154349,-3.33525501,-14.360261,6.73141439,-1.86745056,2.51021554
1253,0.999627821,1.35907838,106.655228,0.114139258,5.80616707,0.487922231,-1.00842503,1.95588337,-3.60340247,0,0,3.39283009,12.63947,-20.0092424,71.2110059,-8.05283487,-6.5812911,-16.5413914,-0.311878791,-18.0598671,37.3595946,75.4002273,20.7896598,-3.4714953,21.0127525,-11.2037181,3.58979716,6.86313544,9.13031599,-1.04922986,-3.08019141,-8.61558354,-3.32129432,-14.3498176,6.74332795,-1.87243959,2.50052436
1254,1.00247925,1.35404989,106.655049,0.11603125,5.80524861,0.470860611,-1.02436157,1.96895635,-3.59576931,0,0,3.41270039,12.6184825,-19.9248571,71.1944973,-7.99926484,-6.58082451,-16.5561839,-0.332003169,-18.0725354,37.3562102,75.4036765,20.6613342,-3.48602226,20.9492694,-11.2043977,3.59500049,6.87440355,9.1442103,-1.04903659,-3.09622656,-8.62085816,-3.31887942,-14.3331742,6.74949988,-1.87018818,2.48791796
1255,1.00714117,1.34068346,106.659269,0.124369594,5.80768239,0.460637195,-1.03030768,1.95461807,-3.58513599,0,0,3.41234821,12.6484884,-19.9829035,71.1698608,-8.05715923,-6.57670335,-16.5239505,-0.342211634,-18.0794305,37.3111446,75.3753859,20.596917,-3.47298962,20.9387304,-11.2057868,3.59466709,6.88081709,9.14929111,-1.0403091,-3.09660777,-8.62294905,-3.32141171,-14.3112783,6.74878185,-1.86643948,2.50329058
1256,1.01165269,1.32569112,106.658673,0.123561225,5.80760117,0.466007694,-1.05760581,1.95144353,-3.58232323,0,0,3.42583634,12.6420851,-19.9691526,71.1711312,-8.10140007,-6.59667952,-16.514098,-0.350376538,-18.0790429,37.3375535,75.3553256,20.6354939,-3.4742103,20.8929954,-11.2016033,3.60263536,6.8793819,9.1452041,-1.04600676,-3.10826776,-8.62695922,-3.31239522,-14.3256132,6.76840456,-1.8928578,2.50428267
1257,1.0080738,1.31934881,106.656229,0.125122448,5.80781107,0.457935307,-1.05746099,1.97776238,-3.56236904,0,0,3.41612744,12.6046403,-19.9437613,71.1741775,-8.05636607,-6.57789522,-16.5245328,-0.372932277,-18.123019,37.3123775,75.3300676,20.607403,-3.45960885,20.9237415,-11.1999495,3.6073802,6.87552284,9.14149786,-1.04181686,-3.12357187,-8.63404554,-3.30975493,-14.3197264,6.77644583,-1.89786859,2.48841486
1258,1.01413773,1.31248664,106.65772,0.121561623,5.81516214,0.445145406,-1.06485627,1.98340881,-3.56811473,0,0,3.41630652,12.5787547,-19.9021535,71.195112,-7.91694825,-6.58567736,-16.5423493,-0.367584186,-18.1279778,37.3292549,75.2954863,20.6537851,-3.45510519,20.848758,-11.1965199,3.61944189,6.87142388,9.12892946,-1.03514484,-3.1293438,-8.62957775,-3.29559125,-14.2966685,6.75501184,-1.90280789,2.47885089
1259,1.01244682,1.30939931,106.660342,0.112072218,5.8135487,0.443770285,-1.08524716,2.00568121,-3.54689781,0,0,3.39407916,12.55005,-19.9181823,71.2280335,-7.96027812,-6.60387128,-16.51989,-0.378549628,-18.1585531,37.3559711,75.256684,20.6551956,-3.44106531,20.8584603,-11.1932978,3.63422242,6.86565237,9.12156054,-1.03850465,-3.12483054,-8.64375466,-3.28305636,-14.2944581,6.78543009,-1.90839306,2.49680148
1260,1.01937661,1.30089195,106.658173,0.10344751,5.81473793,0.442936767,-1.09589948,2.02299616,-3.52965906,0,0,3.38583235,12.5682934,-20.1171269,71.2024408,-8.17292325,-6.57090793,-16.4339372,-0.369516836,-18.1756474,37.2866447,75.2237352,20.625264,-3.46487514,20.864353,-11.1865718,3.64755282,6.87457686,9.11285632,-1.03556842,-3.13116426,-8.64605729,-3.26977313,-14.2937008,6.79606042,-1.91103207,2.49949769
1261,1.0248092,1.28621235,106.653512,0.105600626,5.81795502,0.441749834,-1.0970081,2.0210946,-3.52536393,0,0,3.369032,12.5937179,-20.2845827,71.1914579,-8.35091713,-6.51280095,-16.4089045,-0.348587242,-18.1784938,37.2465276,75.179298,20.6211829,-3.45938217,20.846043,-11.1843955,3.65542888,6.87954582,9.10910569,-1.03321702,-3.14832639,-8.64284795,-3.26107809,-14.2899007,6.79092369,-1.91985134,2.49016936
1262,1.02533,1.27704283,106.650651,0.104884287,5.82022986,0.434854458,-1.11579592,2.02433339,-3.50634314,0,0,3.39254962,12.5194456,-20.0929617,71.2044967,-8.15870621,-6.53776785,-16.3811296,-0.377921704,-18.1702071,37.2460802,75.1961207,20.5759944,-3.4724686,20.887492,-11.1826188,3.6652874,6.87602486,9.10382596,-1.04457295,-3.1513353,-8.64840175,-3.2519632,-14.2778829,6.79598444,-1.9376521,2.4655476
1263,1.03291953,1.26475338,106.659508,0.105287301,5.82139955,0.428204924,-1.11732023,2.01977594,-3.49837935,0,0,3.4097267,12.508881,-20.076238,71.2031033,-8.1188717,-6.53006169,-16.3585985,-0.390583994,-18.1687284,37.2047507,75.2014756,20.5412185,-3.46067649,20.9387714,-11.1760917,3.67518862,6.87937422,9.09688563,-1.03377944,-3.15483919,-8.65982524,-3.2467539,-14.2809745,6.82142049,-1.945278,2.46929823
1264,1.03291953,1.26475338,106.659508,0.105287301,5.82139955,0.428204924,-1.11732023,2.01977594,-3.49837935,0,0,3.4097267,12.508881,-20.076238,71.2031033,-8.1188717,-6.53006169,-16.3585985,-0.390583994,-18.1687284,37.2047507,75.2014756,20.5412185,-3.46067649,20.9387714,-11.1760917,3.67518862,6.87937422,9.09688563,-1.03377944,-3.15483919,-8.65982524,-3.2467539,-14.2809745,6.82142049,-1.945278,2.46929823
1265,1.03291953,1.26475338,106.659508,0.105287301,5.82139955,0.428204924,-1.11732023,2.01977594,-3.49837935,0,0,3.4097267,12.508881,-20.076238,71.2031033,-8.1188717,-6.53006169,-16.3585985,-0.390583994,-18.1687284,37.2047507,75.2014756,20.5412185,-3.46067649,20.9387714,-11.1760917,3.67518862,6.87937422,9.09688563,-1.03377944,-3.15483919,-8.65982524,-3.2467539,-14.2809745,6.82142049,-1.945278,2.46929823
1266,1.03291953,1.26475338,106.659508,0.105287301,5.82139955,0.428204924,-1.11732023,2.01977594,-3.49837935,0,0,3.4097267,12.508881,-20.076238,71.2031033,-8.1188717,-6.53006169,-16.3585985,-0.390583994,-18.1687284,37.2047507,75.2014756,20.5412185,-3.46067649,20.9387714,-11.1760917,3.67518862,6.87937422,9.09688563,-1.03377944,-3.15483919,-8.65982524,-3.2467539,-14.2809745,6.82142049,-1.945278,2.46929823
1267,1.03291953,1.26475338,106.659508,0.105287301,5.82139955,0.428204924,-1.11732023,2.01977594,-3.49837935,0,0,3.4097267,12.508881,-20.076238,71.2031033,-8.1188717,-6.53006169,-16.3585985,-0.390583994,-18.1687284,37.2047507,75.2014756,20.5412185,-3.46067649,20.9387714,-11.1760917,3.67518862,6.87937422,9.09688563,-1.03377944,-3.15483919,-8.65982524,-3.2467539,-14.2809745,6.82142049,-1.945278,2.46929823
1268,1.03291953,1.26475338,106.659508,0.105287301,5.82139955,0.428204924,-1.11732023,2.01977594,-3.49837935,0,0,3.4097267,12.508881,-20.076238,71.2031033,-8.1188717,-6.53006169,-16.3585985,-0.390583994,-18.1687284,37.2047507,75.2014756,20.5412185,-3.46067649,20.9387714,-11.1760917,3.67518862,6.87937422,9.09688563,-1.03377944,-3.15483919,-8.65982524,-3.2467539,-14.2809745,6.82142049,-1.945278,2.46929823
1269,1.03291953,1.26475338,106.659508,0.105287301,5.82139955,0.428204924,-1.11732023,2.01977594,-3.49837935,0,0,3.4097267,12.508881,-20.076238,71.2031033,-8.1188717,-6.53006169,-16.3585985,-0.390583994,-18.1687284,37.2047507,75.2014756,20.5412185,-3.46067649,20.9387714,-11.1760917,3.67518862,6.87937422,9.09688563,-1.03377944,-3.15483919,-8.65982524,-3.2467539,-14.2809745,6.82142049,-1.945278,2.46929823
1270,1.03291953,1.26475338,106.659508,0.105287301,5.82139955,0.428204924,-1.11732023,2.01977594,-3.49837935,0,0,3.4097267,12.508881,-20.076238,71.2031033,-8.1188717,-6.53006169,-16.3585985,-0.390583994,-18.1687284,37.2047507,75.2014756,20.5412185,-3.46067649,20.9387714,-11.1760917,3.67518862,6.87937422,9.09688563,-1.03377944,-3.15483919,-8.65982524,-3.2467539,-14.2809745,6.82142049,-1.945278,2.46929823
1271,1.03291953,1.26475338,106.659508,0.105287301,5.82139955,0.428204924,-1.11732023,2.01977594,-3.49837935,0,0,3.4097267,12.508881,-20.076238,71.2031033,-8.1188717,-6.53006169,-16.3585985,-0.390583994,-18.1687284,37.2047507,75.2014756,20.5412185,-3.46067649,20.9387714,-11.1760917,3.67518862,6.87937422,9.09688563,-1.03377944,-3.15483919,-8.65982524,-3.2467539,-14.2809745,6.82142049,-1.945278,2.46929823
1272,1.03291953,1.26475338,106.659508,0.105287301,5.82139955,0.428204924,-1.11732023,2.01977594,-3.49837935,0,0,3.4097267,12.508881,-20.076238,71.2031033,-8.1188717,-6.53006169,-16.3585985,-0.390583994,-18.1687284,37.2047507,75.2014756,20.5412185,-3.46067649,20.9387714,-11.1760917,3.67518862,6.87937422,9.09688563,-1.03377944,-3.15483919,-8.65982524,-3.2467539,-14.2809745,6.82142049,-1.945278,2.46929823
1273,1.03291953,1.26475338,106.659508,0.105287301,5.82139955,0.428204924,-1.11732023,2.01977594,-3.49837935,0,0,3.4097267,12.508881,-20.076238,71.2031033,-8.1188717,-6.53006169,-16.3585985,-0.390583994,-18.1687284,37.2047507,75.2014756,20.5412185,-3.46067649,20.9387714,-11.1760917,3.67518862,6.87937422,9.09688563,-1.03377944,-3.15483919,-8.65982524,-3.2467539,-14.2809745,6.82142049,-1.945278,2.46929823
1274,1.03291953,1.26475338,106.659508,0.105287301,5.82139955,0.428204924,-1.11732023,2.01977594,-3.49837935,0,0,3.4097267,12.508881,-20.076238,71.2031033,-8.1188717,-6.53006169,-16.3585985,-0.390583994,-18.1687284,37.2047507,75.2014756,20.5412185,-3.46067649,20.9387714,-11.1760917,3.67518862,6.87937422,9.09688563,-1.03377944,-3.15483919,-8.65982524,-3.2467539,-14.2809745,6.82142049,-1.945278,2.46929823
1275,1.03291953,1.26475338,106.659508,0.105287301,5.82139955,0.428204924,-1.11732023,2.01977594,-3.49837935,0,0,3.4097267,12.508881,-20.076238,71.2031033,-8.1188717,-6.53006169,-16.3585985,-0.390583994,-18.1687284,37.2047507,75.2014756,20.5412185,-3.46067649,20.9387714,-11.1760917,3.67518862,6.87937422,9.09688563,-1.03377944,-3.15483919,-8.65982524,-3.2467539,-14.2809745,6.82142049,-1.945278,2.46929823
1276,1.03291953,1.26475338,106.659508,0.105287301,5.82139955,0.428204924,-1.11732023,2.01977594,-3.49837935,0,0,3.4097267,12.508881,-20.076238,71.2031033,-8.1188717,-6.53006169,-16.3585985,-0.390583994,-18.1687284,37.2047507,75.2014756,20.5412185,-3.46067649,20.9387714,-11.1760917,3.67518862,6.87937422,9.09688563,-1.03377944,-3.15483919,-8.65982524,-3.2467539,-14.2809745,6.82142049,-1.945278,2.46929823
1277,1.03291953,1.26475338,106.659508,0.105287301,5.82139955,0.428204924,-1.11732023,2.01977594,-3.49837935,0,0,3.4097267,12.508881,-20.076238,71.2031033,-8.1188717,-6.53006169,-16.3585985,-0.390583994,-18.1687284,37.2047507,75.2014756,20.5412185,-3.46067649,20.9387714,-11.1760917,3.67518862,6.87937422,9.09688563,-1.03377944,-3.15483919,-8.65982524,-3.2467539,-14.2809745,6.82142049,-1.945278,2.46929823
1278,1.03291953,1.26475338,106.659508,0.105287301,5.82139955,0.428204924,-1.11732023,2.01977594,-3.49837935,0,0,3.4097267,12.508881,-20.076238,71.2031033,-8.1188717,-6.53006169,-16.3585985,-0.390583994,-18.1687284,37.2047507,75.2014756,20.5412185,-3.46067649,20.9387714,-11.1760917,3.67518862,6.87937422,9.09688563,-1.03377944,-3.15483919,-8.65982524,-3.2467539,-14.2809745,6.82142049,-1.945278,2.46929823
1279,1.03291953,1.26475338,106.659508,0.105287301,5.82139955,0.428204924,-1.11732023,2.01977594,-3.49837935,0,0,3.4097267,12.508881,-20.076238,71.2031033,-8.1188717,-6.53006169,-16.3585985,-0.390583994,-18.1687284,37.2047507,75.2014756,20.5412185,-3.46067649,20.9387714,-11.1760917,3.67518862,6.87937422,9.09688563,-1.03377944,-3.15483919,-8.65982524,-3.2467539,-14.2809745,6.82142049,-1.945278,2.46929823
1280,1.03291953,1.26475338,106.659508,0.105287301,5.82139955,0.428204924,-1.11732023,2.01977594,-3.49837935,0,0,3.4097267,12.508881,-20.076238,71.2031033,-8.1188717,-6.53006169,-16.3585985,-0.390583994,-18.1687284,37.2047507,75.2014756,20.5412185,-3.46067649,20.9387714,-11.1760917,3.67518862,6.87937422,9.09688563,-1.03377944,-3.15483919,-8.65982524,-3.2467539,-14.2809745,6.82142049,-1.945278,2.46929823
1281,1.03291953,1.26475338,106.659508,0.105287301,5.82139955,0.428204924,-1.11732023,2.01977594,-3.49837935,0,0,3.4097267,12.508881,-20.076238,71.2031033,-8.1188717,-6.53006169,-16.3585985,-0.390583994,-18.1687284,37.2047507,75.2014756,20.5412185,-3.46067649,20.9387714,-11.1760917,3.67518862,6.87937422,9.09688563,-1.03377944,-3.15483919,-8.65982524,-3.2467539,-14.2809745,6.82142049,-1.945278,2.46929823
1282,1.03291953,1.26475338,106.659508,0.105287301,5.82139955,0.428204924,-1.11732023,2.01977594,-3.49837935,0,0,3.4097267,12.508881,-20.076238,71.2031033,-8.1188717,-6.53006169,-16.3585985,-0.390583994,-18.1687284,37.2047507,75.2014756,20.5412185,-3.46067649,20.9387714,-11.1760917,3.67518862,6.87937422,9.09688563,-1.03377944,-3.15483919,-8.65982524,-3.2467539,-14.2809745,6.82142049,-1.945278,2.46929823
1283,1.03291953,1.26475338,106.659508,0.105287301,5.82139955,0.428204924,-1.11732023,2.01977594,-3.49837935,0,0,3.4097267,12.508881,-20.076238,71.2031033,-8.1188717,-6.53006169,-16.3585985,-0.390583994,-18.1687284,37.2047507,75.2014756,20.5412185,-3.46067649,20.9387714,-11.1760917,3.67518862,6.87937422,9.09688563,-1.03377944,-3.15483919,-8.65982524,-3.2467539,-14.2809745,6.82142049,-1.945278,2.46929823
1284,1.03291953,1.26475338,106.659508,0.105287301,5.82139955,0.428204924,-1.11732023,2.01977594,-3.49837935,0,0,3.4097267,12.508881,-20.076238,71.2031033,-8.1188717,-6.53006169,-16.3585985,-0.390583994,-18.1687284,37.2047507,75.2014756,20.5412185,-3.46067649,20.9387714,-11.1760917,3.67518862,6.87937422,9.09688563,-1.03377944,-3.15483919,-8.65982524,-3.2467539,-14.2809745,6.82142049,-1.945278,2.46929823
1285,1.03291953,1.26475338,106.659508,0.105287301,5.82139955,0.428204924,-1.11732023,2.01977594,-3.49837935,0,0,3.4097267,12.508881,-20.076238,71.2031033,-8.1188717,-6.53006169,-16.3585985,-0.390583994,-18.1687284,37.2047507,75.2014756,20.5412185,-3.46067649,20.9387714,-11.1760917,3.67518862,6.87937422,9.09688563,-1.03377944,-3.15483919,-8.65982524,-3.2467539,-14.2809745,6.82142049,-1.945278,2.46929823
1286,1.03291953,1.26475338,106.659508,0.105287301,5.82139955,0.428204924,-1.11732023,2.01977594,-3.49837935,0,0,3.4097267,12.508881,-20.076238,71.2031033,-8.1188717,-6.53006169,-16.3585985,-0.390583994,-18.1687284,37.2047507,75.2014756,20.5412185,-3.46067649,20.9387714,-11.1760917,3.67518862,6.87937422,9.09688563,-1.03377944,-3.15483919,-8.65982524,-3.2467539,-14.2809745,6.82142049,-1.945278,2.46929823
1287,1.03291953,1.26475338,106.659508,0.105287301,5.82139955,0.428204924,-1.11732023,2.01977594,-3.49837935,0,0,3.4097267,12.508881,-20.076238,71.2031033,-8.1188717,-6.53006169,-16.3585985,-0.390583994,-18.1687284,37.2047507,75.2014756,20.5412185,-3.46067649,20.9387714,-11.1760917,3.67518862,6.87937422,9.09688563,-1.03377944,-3.15483919,-8.65982524,-3.2467539,-14.2809745,6.82142049,-1.945278,2.46929823
1288,1.03291953,1.26475338,106.659508,0.105287301,5.82139955,0.428204924,-1.11732023,2.01977594,-3.49837935,0,0,3.4097267,12.508881,-20.076238,71.2031033,-8.1188717,-6.53006169,-16.3585985,-0.390583994,-18.1687284,37.2047507,75.2014756,20.5412185,-3.46067649,20.9387714,-11.1760917,3.67518862,6.87937422,9.09688563,-1.03377944,-3.15483919,-8.65982524,-3.2467539,-14.2809745,6.82142049,-1.945278,2.46929823
1289,1.03291953,1.26475338,106.659508,0.105287301,5.82139955,0.428204924,-1.11732023,2.01977594,-3.49837935,0,0,3.4097267,12.508881,-20.076238,71.2031033,-8.1188717,-6.53006169,-16.3585985,-0.390583994,-18.1687284,37.2047507,75.2014756,20.5412185,-3.46067649,20.9387714,-11.1760917,3.67518862,6.87937422,9.09688563,-1.03377944,-3.15483919,-8.65982524,-3.2467539,-14.2809745,6.82142049,-1.945278,2.46929823
1290,1.03291953,1.26475338,106.659508,0.105287301,5.82139955,0.428204924,-1.11732023,2.01977594,-3.49837935,0,0,3.4097267,12.508881,-20.076238,71.2031033,-8.1188717,-6.53006169,-16.3585985,-0.390583994,-18.1687284,37.2047507,75.2014756,20.5412185,-3.46067649,20.9387714,-11.1760917,3.67518862,6.87937422,9.09688563,-1.03377944,-3.15483919,-8.65982524,-3.2467539,-14.2809745,6.82142049,-1.945278,2.46929823
1291,1.03291953,1.26475338,106.659508,0.105287301,5.82139955,0.428204924,-1.11732023,2.01977594,-3.49837935,0,0,3.4097267,12.508881,-20.076238,71.2031033,-8.1188717,-6.53006169,-16.3585985,-0.390583994,-18.1687284,37.2047507,75.2014756,20.5412185,-3.46067649,20.9387714,-11.1760917,3.67518862,6.87937422,9.09688563,-1.03377944,-3.15483919,-8.65982524,-3.2467539,-14.2809745,6.82142049,-1.945278,2.46929823
1292,1.03291953,1.26475338,106.659508,0.105287301,5.82139955,0.428204924,-1.11732023,2.01977594,-3.49837935,0,0,3.4097267,12.508881,-20.076238,71.2031033,-8.1188717,-6.53006169,-16.3585985,-0.390583994,-18.1687284,37.2047507,75.2014756,20.5412185,-3.46067649,20.9387714,-11.1760917,3.67518862,6.87937422,9.09688563,-1.03377944,-3.15483919,-8.65982524,-3.2467539,-14.2809745,6.82142049,-1.945278,2.46929823
1293,1.03291953,1.26475338,106.659508,0.105287301,5.82139955,0.428204924,-1.11732023,2.01977594,-3.49837935,0,0,3.4097267,12.508881,-20.076238,71.2031033,-8.1188717,-6.53006169,-16.3585985,-0.390583994,-18.1687284,37.2047507,75.2014756,20.5412185,-3.46067649,20.9387714,-11.1760917,3.67518862,6.87937422,9.09688563,-1.03377944,-3.15483919,-8.65982524,-3.2467539,-14.2809745,6.82142049,-1.945278,2.46929823
1294,1.03291953,1.26475338,106.659508,0.105287301,5.82139955,0.428204924,-1.11732023,2.01977594,-3.49837935,0,0,3.4097267,12.508881,-20.076238,71.2031033,-8.1188717,-6.53006169,-16.3585985,-0.390583994,-18.1687284,37.2047507,75.2014756,20.5412185,-3.46067649,20.9387714,-11.1760917,3.67518862,6.87937422,9.09688563,-1.03377944,-3.15483919,-8.65982524,-3.2467539,-14.2809745,6.82142049,-1.945278,2.46929823
1295,1.03291953,1.26475338,106.659508,0.105287301,5.82139955,0.428204924,-1.11732023,2.01977594,-3.49837935,0,0,3.4097267,12.508881,-20.076238,71.2031033,-8.1188717,-6.53006169,-16.3585985,-0.390583994,-18.1687284,37.2047507,75.2014756,20.5412185,-3.46067649,20.9387714,-11.1760917,3.67518862,6.87937422,9.09688563,-1.03377944,-3.15483919,-8.65982524,-3.2467539,-14.2809745,6.82142049,-1.945278,2.46929823
1296,1.03291953,1.26475338,106.659508,0.105287301,5.82139955,0.428204924,-1.11732023,2.01977594,-3.49837935,0,0,3.4097267,12.508881,-20.076238,71.2031033,-8.1188717,-6.53006169,-16.3585985,-0.390583994,-18.1687284,37.2047507,75.2014756,20.5412185,-3.46067649,20.9387714,-11.1760917,3.67518862,6.87937422,9.09688563,-1.03377944,-3.15483919,-8.65982524,-3.2467539,-14.2809745,6.82142049,-1.945278,2.46929823
1297,1.03291953,1.26475338,106.659508,0.105287301,5.82139955,0.428204924,-1.11732023,2.01977594,-3.49837935,0,0,3.4097267,12.508881,-20.076238,71.2031033,-8.1188717,-6.53006169,-16.3585985,-0.390583994,-18.1687284,37.2047507,75.2014756,20.5412185,-3.46067649,20.9387714,-11.1760917,3.67518862,6.87937422,9.09688563,-1.03377944,-3.15483919,-8.65982524,-3.2467539,-14.2809745,6.82142049,-1.945278,2.46929823
1298,1.03291953,1.26475338,106.659508,0.105287301,5.82139955,0.428204924,-1.11732023,2.01977594,-3.49837935,0,0,3.4097267,12.508881,-20.076238,71.2031033,-8.1188717,-6.53006169,-16.3585985,-0.390583994,-18.1687284,37.2047507,75.2014756,20.5412185,-3.46067649,20.9387714,-11.1760917,3.67518862,6.87937422,9.09688563,-1.03377944,-3.15483919,-8.65982524,-3.2467539,-14.2809745,6.82142049,-1.945278,2.46929823
1299,1.03291953,1.26475338,106.659508,0.105287301,5.82139955,0.428204924,-1.11732023,2.01977594,-3.49837935,0,0,3.4097267,12.508881,-20.076238,71.2031033,-8.1188717,-6.53006169,-16.3585985,-0.390583994,-18.1687284,37.2047507,75.2014756,20.5412185,-3.46067649,20.9387714,-11.1760917,3.67518862,6.87937422,9.09688563,-1.03377944,-3.15483919,-8.65982524,-3.2467539,-14.2809745,6.82142049,-1.945278,2.46929823
1300,1.03291953,1.26475338,106.659508,0.105287301,5.82139955,0.428204924,-1.11732023,2.01977594,-3.49837935,0,0,3.4097267,12.508881,-20.076238,71.2031033,-8.1188717,-6.53006169,-16.3585985,-0.390583994,-18.1687284,37.2047507,75.2014756,20.5412185,-3.46067649,20.9387714,-11.1760917,3.67518862,6.87937422,9.09688563,-1.03377944,-3.15483919,-8.65982524,-3.2467539,-14.2809745,6.82142049,-1.945278,2.46929823
1301,1.03291953,1.26475338,106.659508,0.105287301,5.82139955,0.428204924,-1.11732023,2.01977594,-3.49837935,0,0,3.4097267,12.508881,-20.076238,71.2031033,-8.1188717,-6.53006169,-16.3585985,-0.390583994,-18.1687284,37.2047507,75.2014756,20.5412185,-3.46067649,20.9387714,-11.1760917,3.67518862,6.87937422,9.09688563,-1.03377944,-3.15483919,-8.65982524,-3.2467539,-14.2809745,6.82142049,-1.945278,2.46929823
1302,1.03291953,1.26475338,106.659508,0.105287301,5.82139955,0.428204924,-1.11732023,2.01977594,-3.49837935,0,0,3.4097267,12.508881,-20.076238,71.2031033,-8.1188717,-6.53006169,-16.3585985,-0.390583994,-18.1687284,37.2047507,75.2014756,20.5412185,-3.46067649,20.9387714,-11.1760917,3.67518862,6.87937422,9.09688563,-1.03377944,-3.15483919,-8.65982524,-3.2467539,-14.2809745,6.82142049,-1.945278,2.46929823
1303,1.03291953,1.26475338,106.659508,0.105287301,5.82139955,0.428204924,-1.11732023,2.01977594,-3.49837935,0,0,3.4097267,12.508881,-20.076238,71.2031033,-8.1188717,-6.53006169,-16.3585985,-0.390583994,-18.1687284,37.2047507,75.2014756,20.5412185,-3.46067649,20.9387714,-11.1760917,3.67518862,6.87937422,9.09688563,-1.03377944,-3.15483919,-8.65982524,-3.2467539,-14.2809745,6.82142049,-1.945278,2.46929823
1304,1.03291953,1.26475338,106.659508,0.105287301,5.82139955,0.428204924,-1.11732023,2.01977594,-3.49837935,0,0,3.4097267,12.508881,-20.076238,71.2031033,-8.1188717,-6.53006169,-16.3585985,-0.390583994,-18.1687284,37.2047507,75.2014756,20.5412185,-3.46067649,20.9387714,-11.1760917,3.67518862,6.87937422,9.09688563,-1.03377944,-3.15483919,-8.65982524,-3.2467539,-14.2809745,6.82142049,-1.945278,2.46929823
1305,1.03291953,1.26475338,106.659508,0.105287301,5.82139955,0.428204924,-1.11732023,2.01977594,-3.49837935,0,0,3.4097267,12.508881,-20.076238,71.2031033,-8.1188717,-6.53006169,-16.3585985,-0.390583994,-18.1687284,37.2047507,75.2014756,20.5412185,-3.46067649,20.9387714,-11.1760917,3.67518862,6.87937422,9.09688563,-1.03377944,-3.15483919,-8.65982524,-3.2467539,-14.2809745,6.82142049,-1.945278,2.46929823
1306,1.03291953,1.26475338,106.659508,0.105287301,5.82139955,0.428204924,-1.11732023,2.01977594,-3.49837935,0,0,3.4097267,12.508881,-20.076238,71.2031033,-8.1188717,-6.53006169,-16.3585985,-0.390583994,-18.1687284,37.2047507,75.2014756,20.5412185,-3.46067649,20.9387714,-11.1760917,3.67518862,6.87937422,9.09688563,-1.03377944,-3.15483919,-8.65982524,-3.2467539,-14.2809745,6.82142049,-1.945278,2.46929823
1307,1.03291953,1.26475338,106.659508,0.105287301,5.82139955,0.428204924,-1.11732023,2.01977594,-3.49837935,0,0,3.4097267,12.508881,-20.076238,71.2031033,-8.1188717,-6.53006169,-16.3585985,-0.390583994,-18.1687284,37.2047507,75.2014756,20.5412185,-3.46067649,20.9387714,-11.1760917,3.67518862,6.87937422,9.09688563,-1.03377944,-3.15483919,-8.65982524,-3.2467539,-14.2809745,6.82142049,-1.945278,2.46929823
1308,1.03291953,1.26475338,106.659508,0.105287301,5.82139955,0.428204924,-1.11732023,2.01977594,-3.49837935,0,0,3.4097267,12.508881,-20.076238,71.2031033,-8.1188717,-6.53006169,-16.3585985,-0.390583994,-18.1687284,37.2047507,75.2014756,20.5412185,-3.46067649,20.9387714,-11.1760917,3.67518862,6.87937422,9.09688563,-1.03377944,-3.15483919,-8.65982524,-3.2467539,-14.2809745,6.82142049,-1.945278,2.46929823
1309,1.03291953,1.26475338,106.659508,0.105287301,5.82139955,0.428204924,-1.11732023,2.01977594,-3.49837935,0,0,3.4097267,12.508881,-20.076238,71.2031033,-8.1188717,-6.53006169,-16.3585985,-0.390583994,-18.1687284,37.2047507,75.2014756,20.5412185,-3.46067649,20.9387714,-11.1760917,3.67518862,6.87937422,9.09688563,-1.03377944,-3.15483919,-8.65982524,-3.2467539,-14.2809745,6.82142049,-1.945278,2.46929823
1310,1.03291953,1.26475338,106.659508,0.105287301,5.82139955,0.428204924,-1.11732023,2.01977594,-3.49837935,0,0,3.4097267,12.508881,-20.076238,71.2031033,-8.1188717,-6.53006169,-16.3585985,-0.390583994,-18.1687284,37.2047507,75.2014756,20.5412185,-3.46067649,20.9387714,-11.1760917,3.67518862,6.87937422,9.09688563,-1.03377944,-3.15483919,-8.65982524,-3.2467539,-14.2809745,6.82142049,-1.945278,2.46929823
1311,1.03291953,1.26475338,106.659508,0.105287301,5.82139955,0.428204924,-1.11732023,2.01977594,-3.49837935,0,0,3.4097267,12.508881,-20.076238,71.2031033,-8.1188717,-6.53006169,-16.3585985,-0.390583994,-18.1687284,37.2047507,75.2014756,20.5412185,-3.46067649,20.9387714,-11.1760917,3.67518862,6.87937422,9.09688563,-1.03377944,-3.15483919,-8.65982524,-3.2467539,-14.2809745,6.82142049,-1.945278,2.46929823
1312,1.03291953,1.26475338,106.659508,0.105287301,5.82139955,0.428204924,-1.11732023,2.01977594,-3.49837935,0,0,3.4097267,12.508881,-20.076238,71.2031033,-8.1188717,-6.53006169,-16.3585985,-0.390583994,-18.1687284,37.2047507,75.2014756,20.5412185,-3.46067649,20.9387714,-11.1760917,3.67518862,6.87937422,9.09688563,-1.03377944,-3.15483919,-8.65982524,-3.2467539,-14.2809745,6.82142049,-1.945278,2.46929823
1313,1.03291953,1.26475338,106.659508,0.105287301,5.82139955,0.428204924,-1.11732023,2.01977594,-3.49837935,0,0,3.4097267,12.508881,-20.076238,71.2031033,-8.1188717,-6.53006169,-16.3585985,-0.390583994,-18.1687284,37.2047507,75.2014756,20.5412185,-3.46067649,20.9387714,-11.1760917,3.67518862,6.87937422,9.09688563,-1.03377944,-3.15483919,-8.65982524,-3.2467539,-14.2809745,6.82142049,-1.945278,2.46929823
1314,1.03291953,1.26475338,106.659508,0.105287301,5.82139955,0.428204924,-1.11732023,2.01977594,-3.49837935,0,0,3.4097267,12.508881,-20.076238,71.2031033,-8.1188717,-6.53006169,-16.3585985,-0.390583994,-18.1687284,37.2047507,75.2014756,20.5412185,-3.46067649,20.9387714,-11.1760917,3.67518862,6.87937422,9.09688563,-1.03377944,-3.15483919,-8.65982524,-3.2467539,-14.2809745,6.82142049,-1.945278,2.46929823
1315,1.03291953,1.26475338,106.659508,0.105287301,5.82139955,0.428204924,-1.11732023,2.01977594,-3.49837935,0,0,3.4097267,12.508881,-20.076238,71.2031033,-8.1188717,-6.53006169,-16.3585985,-0.390583994,-18.1687284,37.2047507,75.2014756,20.5412185,-3.46067649,20.9387714,-11.1760917,3.67518862,6.87937422,9.09688563,-1.03377944,-3.15483919,-8.65982524,-3.2467539,-14.2809745,6.82142049,-1.945278,2.46929823
1316,1.03291953,1.26475338,106.659508,0.105287301,5.82139955,0.428204924,-1.11732023,2.01977594,-3.49837935,0,0,3.4097267,12.508881,-20.076238,71.2031033,-8.1188717,-6.53006169,-16.3585985,-0.390583994,-18.1687284,37.2047507,75.2014756,20.5412185,-3.46067649,20.9387714,-11.1760917,3.67518862,6.87937422,9.09688563,-1.03377944,-3.15483919,-8.65982524,-3.2467539,-14.2809745,6.82142049,-1.945278,2.46929823
1317,1.03291953,1.26475338,106.659508,0.105287301,5.82139955,0.428204924,-1.11732023,2.01977594,-3.49837935,0,0,3.4097267,12.508881,-20.076238,71.2031033,-8.1188717,-6.53006169,-16.3585985,-0.390583994,-18.1687284,37.2047507,75.2014756,20.5412185,-3.46067649,20.9387714,-11.1760917,3.67518862,6.87937422,9.09688563,-1.03377944,-3.15483919,-8.65982524,-3.2467539,-14.2809745,6.82142049,-1.945278,2.46929823
1318,1.03291953,1.26475338,106.659508,0.105287301,5.82139955,0.428204924,-1.11732023,2.01977594,-3.49837935,0,0,3.4097267,12.508881,-20.076238,71.2031033,-8.1188717,-6.53006169,-16.3585985,-0.390583994,-18.1687284,37.2047507,75.2014756,20.5412185,-3.46067649,20.9387714,-11.1760917,3.67518862,6.87937422,9.09688563,-1.03377944,-3.15483919,-8.65982524,-3.2467539,-14.2809745,6.82142049,-1.945278,2.46929823
1319,1.03291953,1.26475338,106.659508,0.105287301,5.82139955,0.428204924,-1.11732023,2.01977594,-3.49837935,0,0,3.4097267,12.508881,-20.076238,71.2031033,-8.1188717,-6.53006169,-16.3585985,-0.390583994,-18.1687284,37.2047507,75.2014756,20.5412185,-3.46067649,20.9387714,-11.1760917,3.67518862,6.87937422,9.09688563,-1.03377944,-3.15483919,-8.65982524,-3.2467539,-14.2809745,6.82142049,-1.945278,2.46929823
1320,1.03291953,1.26475338,106.659508,0.105287301,5.82139955,0.428204924,-1.11732023,2.01977594,-3.49837935,0,0,3.4097267,12.508881,-20.076238,71.2031033,-8.1188717,-6.53006169,-16.3585985,-0.390583994,-18.1687284,37.2047507,75.2014756,20.5412185,-3.46067649,20.9387714,-11.1760917,3.67518862,6.87937422,9.09688563,-1.03377944,-3.15483919,-8.65982524,-3.2467539,-14.2809745,6.82142049,-1.945278,2.46929823
1321,1.03291953,1.26475338,106.659508,0.105287301,5.82139955,0.428204924,-1.11732023,2.01977594,-3.49837935,0,0,3.4097267,12.508881,-20.076238,71.2031033,-8.1188717,-6.53006169,-16.3585985,-0.390583994,-18.1687284,37.2047507,75.2014756,20.5412185,-3.46067649,20.9387714,-11.1760917,3.67518862,6.87937422,9.09688563,-1.03377944,-3.15483919,-8.65982524,-3.2467539,-14.2809745,6.82142049,-1.945278,2.46929823
1322,1.03291953,1.26475338,106.659508,0.105287301,5.82139955,0.428204924,-1.11732023,2.01977594,-3.49837935,0,0,3.4097267,12.508881,-20.076238,71.2031033,-8.1188717,-6.53006169,-16.3585985,-0.390583994,-18.1687284,37.2047507,75.2014756,20.5412185,-3.46067649,20.9387714,-11.1760917,3.67518862,6.87937422,9.09688563,-1.03377944,-3.15483919,-8.65982524,-3.2467539,-14.2809745,6.82142049,-1.945278,2.46929823
1323,1.03291953,1.26475338,106.659508,0.105287301,5.82139955,0.428204924,-1.11732023,2.01977594,-3.49837935,0,0,3.4097267,12.508881,-20.076238,71.2031033,-8.1188717,-6.53006169,-16.3585985,-0.390583994,-18.1687284,37.2047507,75.2014756,20.5412185,-3.46067649,20.9387714,-11.1760917,3.67518862,6.87937422,9.09688563,-1.03377944,-3.15483919,-8.65982524,-3.2467539,-14.2809745,6.82142049,-1.945278,2.46929823
1324,1.03291953,1.26475338,106.659508,0.105287301,5.82139955,0.428204924,-1.11732023,2.01977594,-3.49837935,0,0,3.4097267,12.508881,-20.076238,71.2031033,-8.1188717,-6.53006169,-16.3585985,-0.390583994,-18.1687284,37.2047507,75.2014756,20.5412185,-3.46067649,20.9387714,-11.1760917,3.67518862,6.87937422,9.09688563,-1.03377944,-3.15483919,-8.65982524,-3.2467539,-14.2809745,6.82142049,-1.945278,2.46929823
1325,1.03291953,1.26475338,106.659508,0.105287301,5.82139955,0.428204924,-1.11732023,2.01977594,-3.49837935,0,0,3.4097267,12.508881,-20.076238,71.2031033,-8.1188717,-6.53006169,-16.3585985,-0.390583994,-18.1687284,37.2047507,75.2014756,20.5412185,-3.46067649,20.9387714,-11.1760917,3.67518862,6.87937422,9.09688563,-1.03377944,-3.15483919,-8.65982524,-3.2467539,-14.2809745,6.82142049,-1.945278,2.46929823
1326,1.03291953,1.26475338,106.659508,0.105287301,5.82139955,0.428204924,-1.11732023,2.01977594,-3.49837935,0,0,3.4097267,12.508881,-20.076238,71.2031033,-8.1188717,-6.53006169,-16.3585985,-0.390583994,-18.1687284,37.2047507,75.2014756,20.5412185,-3.46067649,20.9387714,-11.1760917,3.67518862,6.87937422,9.09688563,-1.03377944,-3.15483919,-8.65982524,-3.2467539,-14.2809745,6.82142049,-1.945278,2.46929823
1327,1.03291953,1.26475338,106.659508,0.105287301,5.82139955,0.428204924,-1.11732023,2.01977594,-3.49837935,0,0,3.4097267,12.508881,-20.076238,71.2031033,-8.1188717,-6.53006169,-16.3585985,-0.390583994,-18.1687284,37.2047507,75.2014756,20.5412185,-3.46067649,20.9387714,-11.1760917,3.67518862,6.87937422,9.09688563,-1.03377944,-3.15483919,-8.65982524,-3.2467539,-14.2809745,6.82142049,-1.945278,2.46929823
1328,1.03291953,1.26475338,106.659508,0.105287301,5.82139955,0.428204924,-1.11732023,2.01977594,-3.49837935,0,0,3.4097267,12.508881,-20.076238,71.2031033,-8.1188717,-6.53006169,-16.3585985,-0.390583994,-18.1687284,37.2047507,75.2014756,20.5412185,-3.46067649,20.9387714,-11.1760917,3.67518862,6.87937422,9.09688563,-1.03377944,-3.15483919,-8.65982524,-3.2467539,-14.2809745,6.82142049,-1.945278,2.46929823
1329,1.03291953,1.26475338,106.659508,0.105287301,5.82139955,0.428204924,-1.11732023,2.01977594,-3.49837935,0,0,3.4097267,12.508881,-20.076238,71.2031033,-8.1188717,-6.53006169,-16.3585985,-0.390583994,-18.1687284,37.2047507,75.2014756,20.5412185,-3.46067649,20.9387714,-11.1760917,3.67518862,6.87937422,9.09688563,-1.03377944,-3.15483919,-8.65982524,-3.2467539,-14.2809745,6.82142049,-1.945278,2.46929823
1330,1.03291953,1.26475338,106.659508,0.105287301,5.82139955,0.428204924,-1.11732023,2.01977594,-3.49837935,0,0,3.4097267,12.508881,-20.076238,71.2031033,-8.1188717,-6.53006169,-16.3585985,-0.390583994,-18.1687284,37.2047507,75.2014756,20.5412185,-3.46067649,20.9387714,-11.1760917,3.67518862,6.87937422,9.09688563,-1.03377944,-3.15483919,-8.65982524,-3.2467539,-14.2809745,6.82142049,-1.945278,2.46929823
1331,1.03291953,1.26475338,106.659508,0.105287301,5.82139955,0.428204924,-1.11732023,2.01977594,-3.49837935,0,0,3.4097267,12.508881,-20.076238,71.2031033,-8.1188717,-6.53006169,-16.3585985,-0.390583994,-18.1687284,37.2047507,75.2014756,20.5412185,-3.46067649,20.9387714,-11.1760917,3.67518862,6.87937422,9.09688563,-1.03377944,-3.15483919,-8.65982524,-3.2467539,-14.2809745,6.82142049,-1.945278,2.46929823
1332,1.03291953,1.26475338,106.659508,0.105287301,5.82139955,0.428204924,-1.11732023,2.01977594,-3.49837935,0,0,3.4097267,12.508881,-20.076238,71.2031033,-8.1188717,-6.53006169,-16.3585985,-0.390583994,-18.1687284,37.2047507,75.2014756,20.5412185,-3.46067649,20.9387714,-11.1760917,3.67518862,6.87937422,9.09688563,-1.03377944,-3.15483919,-8.65982524,-3.2467539,-14.2809745,6.82142049,-1.945278,2.46929823
1333,1.03291953,1.26475338,106.659508,0.105287301,5.82139955,0.428204924,-1.11732023,2.01977594,-3.49837935,0,0,3.4097267,12.508881,-20.076238,71.2031033,-8.1188717,-6.53006169,-16.3585985,-0.390583994,-18.1687284,37.2047507,75.2014756,20.5412185,-3.46067649,20.9387714,-11.1760917,3.67518862,6.87937422,9.09688563,-1.03377944,-3.15483919,-8.65982524,-3.2467539,-14.2809745,6.82142049,-1.945278,2.46929823
1334,1.03291953,1.26475338,106.659508,0.105287301,5.82139955,0.428204924,-1.11732023,2.01977594,-3.49837935,0,0,3.4097267,12.508881,-20.076238,71.2031033,-8.1188717,-6.53006169,-16.3585985,-0.390583994,-18.1687284,37.2047507,75.2014756,20.5412185,-3.46067649,20.9387714,-11.1760917,3.67518862,6.87937422,9.09688563,-1.03377944,-3.15483919,-8.65982524,-3.2467539,-14.2809745,6.82142049,-1.945278,2.46929823
1335,1.03291953,1.26475338,106.659508,0.105287301,5.82139955,0.428204924,-1.11732023,2.01977594,-3.49837935,0,0,3.4097267,12.508881,-20.076238,71.2031033,-8.1188717,-6.53006169,-16.3585985,-0.390583994,-18.1687284,37.2047507,75.2014756,20.5412185,-3.46067649,20.9387714,-11.1760917,3.67518862,6.87937422,9.09688563,-1.03377944,-3.15483919,-8.65982524,-3.2467539,-14.2809745,6.82142049,-1.945278,2.46929823
1336,1.03291953,1.26475338,106.659508,0.105287301,5.82139955,0.428204924,-1.11732023,2.01977594,-3.49837935,0,0,3.4097267,12.508881,-20.076238,71.2031033,-8.1188717,-6.53006169,-16.3585985,-0.390583994,-18.1687284,37.2047507,75.2014756,20.5412185,-3.46067649,20.9387714,-11.1760917,3.67518862,6.87937422,9.09688563,-1.03377944,-3.15483919,-8.65982524,-3.2467539,-14.2809745,6.82142049,-1.945278,2.46929823
1337,1.03291953,1.26475338,106.659508,0.105287301,5.82139955,0.428204924,-1.11732023,2.01977594,-3.49837935,0,0,3.4097267,12.508881,-20.076238,71.2031033,-8.1188717,-6.53006169,-16.3585985,-0.390583994,-18.1687284,37.2047507,75.2014756,20.5412185,-3.46067649,20.9387714,-11.1760917,3.67518862,6.87937422,9.09688563,-1.03377944,-3.15483919,-8.65982524,-3.2467539,-14.2809745,6.82142049,-1.945278,2.46929823
1338,1.03291953,1.26475338,106.659508,0.105287301,5.82139955,0.428204924,-1.11732023,2.01977594,-3.49837935,0,0,3.4097267,12.508881,-20.076238,71.2031033,-8.1188717,-6.53006169,-16.3585985,-0.390583994,-18.1687284,37.2047507,75.2014756,20.5412185,-3.46067649,20.9387714,-11.1760917,3.67518862,6.87937422,9.09688563,-1.03377944,-3.15483919,-8.65982524,-3.2467539,-14.2809745,6.82142049,-1.945278,2.46929823
1339,1.03291953,1.26475338,106.659508,0.105287301,5.82139955,0.428204924,-1.11732023,2.01977594,-3.49837935,0,0,3.4097267,12.508881,-20.076238,71.2031033,-8.1188717,-6.53006169,-16.3585985,-0.390583994,-18.1687284,37.2047507,75.2014756,20.5412185,-3.46067649,20.9387714,-11.1760917,3.67518862,6.87937422,9.09688563,-1.03377944,-3.15483919,-8.65982524,-3.2467539,-14.2809745,6.82142049,-1.945278,2.46929823
1340,1.03291953,1.26475338,106.659508,0.105287301,5.82139955,0.428204924,-1.11732023,2.01977594,-3.49837935,0,0,3.4097267,12.508881,-20.076238,71.2031033,-8.1188717,-6.53006169,-16.3585985,-0.390583994,-18.1687284,37.2047507,75.2014756,20.5412185,-3.46067649,20.9387714,-11.1760917,3.67518862,6.87937422,9.09688563,-1.03377944,-3.15483919,-8.65982524,-3.2467539,-14.2809745,6.82142049,-1.945278,2.46929823
1341,1.03291953,1.26475338,106.659508,0.105287301,5.82139955,0.428204924,-1.11732023,2.01977594,-3.49837935,0,0,3.4097267,12.508881,-20.076238,71.2031033,-8.1188717,-6.53006169,-16.3585985,-0.390583994,-18.1687284,37.2047507,75.2014756,20.5412185,-3.46067649,20.9387714,-11.1760917,3.67518862,6.87937422,9.09688563,-1.03377944,-3.15483919,-8.65982524,-3.2467539,-14.2809745,6.82142049,-1.945278,2.46929823
1342,1.03291953,1.26475338,106.659508,0.105287301,5.82139955,0.428204924,-1.11732023,2.01977594,-3.49837935,0,0,3.4097267,12.508881,-20.076238,71.2031033,-8.1188717,-6.53006169,-16.3585985,-0.390583994,-18.1687284,37.2047507,75.2014756,20.5412185,-3.46067649,20.9387714,-11.1760917,3.67518862,6.87937422,9.09688563,-1.03377944,-3.15483919,-8.65982524,-3.2467539,-14.2809745,6.82142049,-1.945278,2.46929823
1343,1.03291953,1.26475338,106.659508,0.105287301,5.82139955,0.428204924,-1.11732023,2.01977594,-3.49837935,0,0,3.4097267,12.508881,-20.076238,71.2031033,-8.1188717,-6.53006169,-16.3585985,-0.390583994,-18.1687284,37.2047507,75.2014756,20.5412185,-3.46067649,20.9387714,-11.1760917,3.67518862,6.87937422,9.09688563,-1.03377944,-3.15483919,-8.65982524,-3.2467539,-14.2809745,6.82142049,-1.945278,2.46929823
1344,1.03291953,1.26475338,106.659508,0.105287301,5.82139955,0.428204924,-1.11732023,2.01977594,-3.49837935,0,0,3.4097267,12.508881,-20.076238,71.2031033,-8.1188717,-6.53006169,-16.3585985,-0.390583994,-18.1687284,37.2047507,75.2014756,20.5412185,-3.46067649,20.9387714,-11.1760917,3.67518862,6.87937422,9.09688563,-1.03377944,-3.15483919,-8.65982524,-3.2467539,-14.2809745,6.82142049,-1.945278,2.46929823
1345,1.03291953,1.26475338,106.659508,0.105287301,5.82139955,0.428204924,-1.11732023,2.01977594,-3.49837935,0,0,3.4097267,12.508881,-20.076238,71.2031033,-8.1188717,-6.53006169,-16.3585985,-0.390583994,-18.1687284,37.2047507,75.2014756,20.5412185,-3.46067649,20.9387714,-11.1760917,3.67518862,6.87937422,9.09688563,-1.03377944,-3.15483919,-8.65982524,-3.2467539,-14.2809745,6.82142049,-1.945278,2.46929823
1346,1.03291953,1.26475338,106.659508,0.105287301,5.82139955,0.428204924,-1.11732023,2.01977594,-3.49837935,0,0,3.4097267,12.508881,-20.076238,71.2031033,-8.1188717,-6.53006169,-16.3585985,-0.390583994,-18.1687284,37.2047507,75.2014756,20.5412185,-3.46067649,20.9387714,-11.1760917,3.67518862,6.87937422,9.09688563,-1.03377944,-3.15483919,-8.65982524,-3.2467539,-14.2809745,6.82142049,-1.945278,2.46929823
1347,1.03291953,1.26475338,106.659508,0.105287301,5.82139955,0.428204924,-1.11732023,2.01977594,-3.49837935,0,0,3.4097267,12.508881,-20.076238,71.2031033,-8.1188717,-6.53006169,-16.3585985,-0.390583994,-18.1687284,37.2047507,75.2014756,20.5412185,-3.46067649,20.9387714,-11.1760917,3.67518862,6.87937422,9.09688563,-1.03377944,-3.15483919,-8.65982524,-3.2467539,-14.2809745,6.82142049,-1.945278,2.46929823
1348,1.03291953,1.26475338,106.659508,0.105287301,5.82139955,0.428204924,-1.11732023,2.01977594,-3.49837935,0,0,3.4097267,12.508881,-20.076238,71.2031033,-8.1188717,-6.53006169,-16.3585985,-0.390583994,-18.1687284,37.2047507,75.2014756,20.5412185,-3.46067649,20.9387714,-11.1760917,3.67518862,6.87937422,9.09688563,-1.03377944,-3.15483919,-8.65982524,-3.2467539,-14.2809745,6.82142049,-1.945278,2.46929823
1349,1.03291953,1.26475338,106.659508,0.105287301,5.82139955,0.428204924,-1.11732023,2.01977594,-3.49837935,0,0,3.4097267,12.508881,-20.076238,71.2031033,-8.1188717,-6.53006169,-16.3585985,-0.390583994,-18.1687284,37.2047507,75.2014756,20.5412185,-3.46067649,20.9387714,-11.1760917,3.67518862,6.87937422,9.09688563,-1.03377944,-3.15483919,-8.65982524,-3.2467539,-14.2809745,6.82142049,-1.945278,2.46929823
1350,1.03291953,1.26475338,106.659508,0.105287301,5.82139955,0.428204924,-1.11732023,2.01977594,-3.49837935,0,0,3.4097267,12.508881,-20.076238,71.2031033,-8.1188717,-6.53006169,-16.3585985,-0.390583994,-18.1687284,37.2047507,75.2014756,20.5412185,-3.46067649,20.9387714,-11.1760917,3.67518862,6.87937422,9.09688563,-1.03377944,-3.15483919,-8.65982524,-3.2467539,-14.2809745,6.82142049,-1.945278,2.46929823
1351,1.03291953,1.26475338,106.659508,0.105287301,5.82139955,0.428204924,-1.11732023,2.01977594,-3.49837935,0,0,3.4097267,12.508881,-20.076238,71.2031033,-8.1188717,-6.53006169,-16.3585985,-0.390583994,-18.1687284,37.2047507,75.2014756,20.5412185,-3.46067649,20.9387714,-11.1760917,3.67518862,6.87937422,9.09688563,-1.03377944,-3.15483919,-8.65982524,-3.2467539,-14.2809745,6.82142049,-1.945278,2.46929823
1352,1.03291953,1.26475338,106.659508,0.105287301,5.82139955,0.428204924,-1.11732023,2.01977594,-3.49837935,0,0,3.4097267,12.508881,-20.076238,71.2031033,-8.1188717,-6.53006169,-16.3585985,-0.390583994,-18.1687284,37.2047507,75.2014756,20.5412185,-3.46067649,20.9387714,-11.1760917,3.67518862,6.87937422,9.09688563,-1.03377944,-3.15483919,-8.65982524,-3.2467539,-14.2809745,6.82142049,-1.945278,2.46929823
1353,1.03291953,1.26475338,106.659508,0.105287301,5.82139955,0.428204924,-1.11732023,2.01977594,-3.49837935,0,0,3.4097267,12.508881,-20.076238,71.2031033,-8.1188717,-6.53006169,-16.3585985,-0.390583994,-18.1687284,37.2047507,75.2014756,20.5412185,-3.46067649,20.9387714,-11.1760917,3.67518862,6.87937422,9.09688563,-1.03377944,-3.15483919,-8.65982524,-3.2467539,-14.2809745,6.82142049,-1.945278,2.46929823
1354,1.03291953,1.26475338,106.659508,0.105287301,5.82139955,0.428204924,-1.11732023,2.01977594,-3.49837935,0,0,3.4097267,12.508881,-20.076238,71.2031033,-8.1188717,-6.53006169,-16.3585985,-0.390583994,-18.1687284,37.2047507,75.2014756,20.5412185,-3.46067649,20.9387714,-11.1760917,3.67518862,6.87937422,9.09688563,-1.03377944,-3.15483919,-8.65982524,-3.2467539,-14.2809745,6.82142049,-1.945278,2.46929823
1355,1.03291953,1.26475338,106.659508,0.105287301,5.82139955,0.428204924,-1.11732023,2.01977594,-3.49837935,0,0,3.4097267,12.508881,-20.076238,71.2031033,-8.1188717,-6.53006169,-16.3585985,-0.390583994,-18.1687284,37.2047507,75.2014756,20.5412185,-3.46067649,20.9387714,-11.1760917,3.67518862,6.87937422,9.09688563,-1.03377944,-3.15483919,-8.65982524,-3.2467539,-14.2809745,6.82142049,-1.945278,2.46929823
1356,1.03291953,1.26475338,106.659508,0.105287301,5.82139955,0.428204924,-1.11732023,2.01977594,-3.49837935,0,0,3.4097267,12.508881,-20.076238,71.2031033,-8.1188717,-6.53006169,-16.3585985,-0.390583994,-18.1687284,37.2047507,75.2014756,20.5412185,-3.46067649,20.9387714,-11.1760917,3.67518862,6.87937422,9.09688563,-1.03377944,-3.15483919,-8.65982524,-3.2467539,-14.2809745,6.82142049,-1.945278,2.46929823
1357,1.03291953,1.26475338,106.659508,0.105287301,5.82139955,0.428204924,-1.11732023,2.01977594,-3.49837935,0,0,3.4097267,12.508881,-20.076238,71.2031033,-8.1188717,-6.53006169,-16.3585985,-0.390583994,-18.1687284,37.2047507,75.2014756,20.5412185,-3.46067649,20.9387714,-11.1760917,3.67518862,6.87937422,9.09688563,-1.03377944,-3.15483919,-8.65982524,-3.2467539,-14.2809745,6.82142049,-1.945278,2.46929823
1358,1.03291953,1.26475338,106.659508,0.105287301,5.82139955,0.428204924,-1.11732023,2.01977594,-3.49837935,0,0,3.4097267,12.508881,-20.076238,71.2031033,-8.1188717,-6.53006169,-16.3585985,-0.390583994,-18.1687284,37.2047507,75.2014756,20.5412185,-3.46067649,20.9387714,-11.1760917,3.67518862,6.87937422,9.09688563,-1.03377944,-3.15483919,-8.65982524,-3.2467539,-14.2809745,6.82142049,-1.945278,2.46929823
1359,1.03291953,1.26475338,106.659508,0.105287301,5.82139955,0.428204924,-1.11732023,2.01977594,-3.49837935,0,0,3.4097267,12.508881,-20.076238,71.2031033,-8.1188717,-6.53006169,-16.3585985,-0.390583994,-18.1687284,37.2047507,75.2014756,20.5412185,-3.46067649,20.9387714,-11.1760917,3.67518862,6.87937422,9.09688563,-1.03377944,-3.15483919,-8.65982524,-3.2467539,-14.2809745,6.82142049,-1.945278,2.46929823
1360,1.03291953,1.26475338,106.659508,0.105287301,5.82139955,0.428204924,-1.11732023,2.01977594,-3.49837935,0,0,3.4097267,12.508881,-20.076238,71.2031033,-8.1188717,-6.53006169,-16.3585985,-0.390583994,-18.1687284,37.2047507,75.2014756,20.5412185,-3.46067649,20.9387714,-11.1760917,3.67518862,6.87937422,9.09688563,-1.03377944,-3.15483919,-8.65982524,-3.2467539,-14.2809745,6.82142049,-1.945278,2.46929823
1361,1.03291953,1.26475338,106.659508,0.105287301,5.82139955,0.428204924,-1.11732023,2.01977594,-3.49837935,0,0,3.4097267,12.508881,-20.076238,71.2031033,-8.1188717,-6.53006169,-16.3585985,-0.390583994,-18.1687284,37.2047507,75.2014756,20.5412185,-3.46067649,20.9387714,-11.1760917,3.67518862,6.87937422,9.09688563,-1.03377944,-3.15483919,-8.65982524,-3.2467539,-14.2809745,6.82142049,-1.945278,2.46929823
1362,1.03291953,1.26475338,106.659508,0.105287301,5.82139955,0.428204924,-1.11732023,2.01977594,-3.49837935,0,0,3.4097267,12.508881,-20.076238,71.2031033,-8.1188717,-6.53006169,-16.3585985,-0.390583994,-18.1687284,37.2047507,75.2014756,20.5412185,-3.46067649,20.9387714,-11.1760917,3.67518862,6.87937422,9.09688563,-1.03377944,-3.15483919,-8.65982524,-3.2467539,-14.2809745,6.82142049,-1.945278,2.46929823
1363,1.03291953,1.26475338,106.659508,0.105287301,5.82139955,0.428204924,-1.11732023,2.01977594,-3.49837935,0,0,3.4097267,12.508881,-20.076238,71.2031033,-8.1188717,-6.53006169,-16.3585985,-0.390583994,-18.1687284,37.2047507,75.2014756,20.5412185,-3.46067649,20.9387714,-11.1760917,3.67518862,6.87937422,9.09688563,-1.03377944,-3.15483919,-8.65982524,-3.2467539,-14.2809745,6.82142049,-1.945278,2.46929823
1364,1.03291953,1.26475338,106.659508,0.105287301,5.82139955,0.428204924,-1.11732023,2.01977594,-3.49837935,0,0,3.4097267,12.508881,-20.076238,71.2031033,-8.1188717,-6.53006169,-16.3585985,-0.390583994,-18.1687284,37.2047507,75.2014756,20.5412185,-3.46067649,20.9387714,-11.1760917,3.67518862,6.87937422,9.09688563,-1.03377944,-3.15483919,-8.65982524,-3.2467539,-14.2809745,6.82142049,-1.945278,2.46929823
1365,1.03291953,1.26475338,106.659508,0.105287301,5.82139955,0.428204924,-1.11732023,2.01977594,-3.49837935,0,0,3.4097267,12.508881,-20.076238,71.2031033,-8.1188717,-6.53006169,-16.3585985,-0.390583994,-18.1687284,37.2047507,75.2014756,20.5412185,-3.46067649,20.9387714,-11.1760917,3.67518862,6.87937422,9.09688563,-1.03377944,-3.15483919,-8.65982524,-3.2467539,-14.2809745,6.82142049,-1.945278,2.46929823
1366,1.03291953,1.26475338,106.659508,0.105287301,5.82139955,0.428204924,-1.11732023,2.01977594,-3.49837935,0,0,3.4097267,12.508881,-20.076238,71.2031033,-8.1188717,-6.53006169,-16.3585985,-0.390583994,-18.1687284,37.2047507,75.2014756,20.5412185,-3.46067649,20.9387714,-11.1760917,3.67518862,6.87937422,9.09688563,-1.03377944,-3.15483919,-8.65982524,-3.2467539,-14.2809745,6.82142049,-1.945278,2.46929823
1367,1.03291953,1.26475338,106.659508,0.105287301,5.82139955,0.428204924,-1.11732023,2.01977594,-3.49837935,0,0,3.4097267,12.508881,-20.076238,71.2031033,-8.1188717,-6.53006169,-16.3585985,-0.390583994,-18.1687284,37.2047507,75.2014756,20.5412185,-3.46067649,20.9387714,-11.1760917,3.67518862,6.87937422,9.09688563,-1.03377944,-3.15483919,-8.65982524,-3.2467539,-14.2809745,6.82142049,-1.945278,2.46929823
1368,1.03291953,1.26475338,106.659508,0.105287301,5.82139955,0.428204924,-1.11732023,2.01977594,-3.49837935,0,0,3.4097267,12.508881,-20.076238,71.2031033,-8.1188717,-6.53006169,-16.3585985,-0.390583994,-18.1687284,37.2047507,75.2014756,20.5412185,-3.46067649,20.9387714,-11.1760917,3.67518862,6.87937422,9.09688563,-1.03377944,-3.15483919,-8.65982524,-3.2467539,-14.2809745,6.82142049,-1.945278,2.46929823
1369,1.03291953,1.26475338,106.659508,0.105287301,5.82139955,0.428204924,-1.11732023,2.01977594,-3.49837935,0,0,3.4097267,12.508881,-20.076238,71.2031033,-8.1188717,-6.53006169,-16.3585985,-0.390583994,-18.1687284,37.2047507,75.2014756,20.5412185,-3.46067649,20.9387714,-11.1760917,3.67518862,6.87937422,9.09688563,-1.03377944,-3.15483919,-8.65982524,-3.2467539,-14.2809745,6.82142049,-1.945278,2.46929823
1370,1.03291953,1.26475338,106.659508,0.105287301,5.82139955,0.428204924,-1.11732023,2.01977594,-3.49837935,0,0,3.4097267,12.508881,-20.076238,71.2031033,-8.1188717,-6.53006169,-16.3585985,-0.390583994,-18.1687284,37.2047507,75.2014756,20.5412185,-3.46067649,20.9387714,-11.1760917,3.67518862,6.87937422,9.09688563,-1.03377944,-3.15483919,-8.65982524,-3.2467539,-14.2809745,6.82142049,-1.945278,2.46929823
1371,1.03291953,1.26475338,106.659508,0.105287301,5.82139955,0.428204924,-1.11732023,2.01977594,-3.49837935,0,0,3.4097267,12.508881,-20.076238,71.2031033,-8.1188717,-6.53006169,-16.3585985,-0.390583994,-18.1687284,37.2047507,75.2014756,20.5412185,-3.46067649,20.9387714,-11.1760917,3.67518862,6.87937422,9.09688563,-1.03377944,-3.15483919,-8.65982524,-3.2467539,-14.2809745,6.82142049,-1.945278,2.46929823
1372,1.03291953,1.26475338,106.659508,0.105287301,5.82139955,0.428204924,-1.11732023,2.01977594,-3.49837935,0,0,3.4097267,12.508881,-20.076238,71.2031033,-8.1188717,-6.53006169,-16.3585985,-0.390583994,-18.1687284,37.2047507,75.2014756,20.5412185,-3.46067649,20.9387714,-11.1760917,3.67518862,6.87937422,9.09688563,-1.03377944,-3.15483919,-8.65982524,-3.2467539,-14.2809745,6.82142049,-1.945278,2.46929823
1373,1.03291953,1.26475338,106.659508,0.105287301,5.82139955,0.428204924,-1.11732023,2.01977594,-3.49837935,0,0,3.4097267,12.508881,-20.076238,71.2031033,-8.1188717,-6.53006169,-16.3585985,-0.390583994,-18.1687284,37.2047507,75.2014756,20.5412185,-3.46067649,20.9387714,-11.1760917,3.67518862,6.87937422,9.09688563,-1.03377944,-3.15483919,-8.65982524,-3.2467539,-14.2809745,6.82142049,-1.945278,2.46929823
1374,1.03291953,1.26475338,106.659508,0.105287301,5.82139955,0.428204924,-1.11732023,2.01977594,-3.49837935,0,0,3.4097267,12.508881,-20.076238,71.2031033,-8.1188717,-6.53006169,-16.3585985,-0.390583994,-18.1687284,37.2047507,75.2014756,20.5412185,-3.46067649,20.9387714,-11.1760917,3.67518862,6.87937422,9.09688563,-1.03377944,-3.15483919,-8.65982524,-3.2467539,-14.2809745,6.82142049,-1.945278,2.46929823
1375,1.03291953,1.26475338,106.659508,0.105287301,5.82139955,0.428204924,-1.11732023,2.01977594,-3.49837935,0,0,3.4097267,12.508881,-20.076238,71.2031033,-8.1188717,-6.53006169,-16.3585985,-0.390583994,-18.1687284,37.2047507,75.2014756,20.5412185,-3.46067649,20.9387714,-11.1760917,3.67518862,6.87937422,9.09688563,-1.03377944,-3.15483919,-8.65982524,-3.2467539,-14.2809745,6.82142049,-1.945278,2.46929823
1376,1.03291953,1.26475338,106.659508,0.105287301,5.82139955,0.428204924,-1.11732023,2.01977594,-3.49837935,0,0,3.4097267,12.508881,-20.076238,71.2031033,-8.1188717,-6.53006169,-16.3585985,-0.390583994,-18.1687284,37.2047507,75.2014756,20.5412185,-3.46067649,20.9387714,-11.1760917,3.67518862,6.87937422,9.09688563,-1.03377944,-3.15483919,-8.65982524,-3.2467539,-14.2809745,6.82142049,-1.945278,2.46929823
1377,1.03291953,1.26475338,106.659508,0.105287301,5.82139955,0.428204924,-1.11732023,2.01977594,-3.49837935,0,0,3.4097267,12.508881,-20.076238,71.2031033,-8.1188717,-6.53006169,-16.3585985,-0.390583994,-18.1687284,37.2047507,75.2014756,20.5412185,-3.46067649,20.9387714,-11.1760917,3.67518862,6.87937422,9.09688563,-1.03377944,-3.15483919,-8.65982524,-3.2467539,-14.2809745,6.82142049,-1.945278,2.46929823
1378,1.03291953,1.26475338,106.659508,0.105287301,5.82139955,0.428204924,-1.11732023,2.01977594,-3.49837935,0,0,3.4097267,12.508881,-20.076238,71.2031033,-8.1188717,-6.53006169,-16.3585985,-0.390583994,-18.1687284,37.2047507,75.2014756,20.5412185,-3.46067649,20.9387714,-11.1760917,3.67518862,6.87937422,9.09688563,-1.03377944,-3.15483919,-8.65982524,-3.2467539,-14.2809745,6.82142049,-1.945278,2.46929823
1379,1.03291953,1.26475338,106.659508,0.105287301,5.82139955,0.428204924,-1.11732023,2.01977594,-3.49837935,0,0,3.4097267,12.508881,-20.076238,71.2031033,-8.1188717,-6.53006169,-16.3585985,-0.390583994,-18.1687284,37.2047507,75.2014756,20.5412185,-3.46067649,20.9387714,-11.1760917,3.67518862,6.87937422,9.09688563,-1.03377944,-3.15483919,-8.65982524,-3.2467539,-14.2809745,6.82142049,-1.945278,2.46929823
1380,1.03291953,1.26475338,106.659508,0.105287301,5.82139955,0.428204924,-1.11732023,2.01977594,-3.49837935,0,0,3.4097267,12.508881,-20.076238,71.2031033,-8.1188717,-6.53006169,-16.3585985,-0.390583994,-18.1687284,37.2047507,75.2014756,20.5412185,-3.46067649,20.9387714,-11.1760917,3.67518862,6.87937422,9.09688563,-1.03377944,-3.15483919,-8.65982524,-3.2467539,-14.2809745,6.82142049,-1.945278,2.46929823
1381,1.03291953,1.26475338,106.659508,0.105287301,5.82139955,0.428204924,-1.11732023,2.01977594,-3.49837935,0,0,3.4097267,12.508881,-20.076238,71.2031033,-8.1188717,-6.53006169,-16.3585985,-0.390583994,-18.1687284,37.2047507,75.2014756,20.5412185,-3.46067649,20.9387714,-11.1760917,3.67518862,6.87937422,9.09688563,-1.03377944,-3.15483919,-8.65982524,-3.2467539,-14.2809745,6.82142049,-1.945278,2.46929823
1382,1.03291953,1.26475338,106.659508,0.105287301,5.82139955,0.428204924,-1.11732023,2.01977594,-3.49837935,0,0,3.4097267,12.508881,-20.076238,71.2031033,-8.1188717,-6.53006169,-16.3585985,-0.390583994,-18.1687284,37.2047507,75.2014756,20.5412185,-3.46067649,20.9387714,-11.1760917,3.67518862,6.87937422,9.09688563,-1.03377944,-3.15483919,-8.65982524,-3.2467539,-14.2809745,6.82142049,-1.945278,2.46929823
1383,1.03291953,1.26475338,106.659508,0.105287301,5.82139955,0.428204924,-1.11732023,2.01977594,-3.49837935,0,0,3.4097267,12.508881,-20.076238,71.2031033,-8.1188717,-6.53006169,-16.3585985,-0.390583994,-18.1687284,37.2047507,75.2014756,20.5412185,-3.46067649,20.9387714,-11.1760917,3.67518862,6.87937422,9.09688563,-1.03377944,-3.15483919,-8.65982524,-3.2467539,-14.2809745,6.82142049,-1.945278,2.46929823
1384,1.03291953,1.26475338,106.659508,0.105287301,5.82139955,0.428204924,-1.11732023,2.01977594,-3.49837935,0,0,3.4097267,12.508881,-20.076238,71.2031033,-8.1188717,-6.53006169,-16.3585985,-0.390583994,-18.1687284,37.2047507,75.2014756,20.5412185,-3.46067649,20.9387714,-11.1760917,3.67518862,6.87937422,9.09688563,-1.03377944,-3.15483919,-8.65982524,-3.2467539,-14.2809745,6.82142049,-1.945278,2.46929823
1385,1.03291953,1.26475338,106.659508,0.105287301,5.82139955,0.428204924,-1.11732023,2.01977594,-3.49837935,0,0,3.4097267,12.508881,-20.076238,71.2031033,-8.1188717,-6.53006169,-16.3585985,-0.390583994,-18.1687284,37.2047507,75.2014756,20.5412185,-3.46067649,20.9387714,-11.1760917,3.67518862,6.87937422,9.09688563,-1.03377944,-3.15483919,-8.65982524,-3.2467539,-14.2809745,6.82142049,-1.945278,2.46929823
1386,1.03291953,1.26475338,106.659508,0.105287301,5.82139955,0.428204924,-1.11732023,2.01977594,-3.49837935,0,0,3.4097267,12.508881,-20.076238,71.2031033,-8.1188717,-6.53006169,-16.3585985,-0.390583994,-18.1687284,37.2047507,75.2014756,20.5412185,-3.46067649,20.9387714,-11.1760917,3.67518862,6.87937422,9.09688563,-1.03377944,-3.15483919,-8.65982524,-3.2467539,-14.2809745,6.82142049,-1.945278,2.46929823
1387,1.03291953,1.26475338,106.659508,0.105287301,5.82139955,0.428204924,-1.11732023,2.01977594,-3.49837935,0,0,3.4097267,12.508881,-20.076238,71.2031033,-8.1188717,-6.53006169,-16.3585985,-0.390583994,-18.1687284,37.2047507,75.2014756,20.5412185,-3.46067649,20.9387714,-11.1760917,3.67518862,6.87937422,9.09688563,-1.03377944,-3.15483919,-8.65982524,-3.2467539,-14.2809745,6.82142049,-1.945278,2.46929823
1388,1.03291953,1.26475338,106.659508,0.105287301,5.82139955,0.428204924,-1.11732023,2.01977594,-3.49837935,0,0,3.4097267,12.508881,-20.076238,71.2031033,-8.1188717,-6.53006169,-16.3585985,-0.390583994,-18.1687284,37.2047507,75.2014756,20.5412185,-3.46067649,20.9387714,-11.1760917,3.67518862,6.87937422,9.09688563,-1.03377944,-3.15483919,-8.65982524,-3.2467539,-14.2809745,6.82142049,-1.945278,2.46929823
1389,1.03291953,1.26475338,106.659508,0.105287301,5.82139955,0.428204924,-1.11732023,2.01977594,-3.49837935,0,0,3.4097267,12.508881,-20.076238,71.2031033,-8.1188717,-6.53006169,-16.3585985,-0.390583994,-18.1687284,37.2047507,75.2014756,20.5412185,-3.46067649,20.9387714,-11.1760917,3.67518862,6.87937422,9.09688563,-1.03377944,-3.15483919,-8.65982524,-3.2467539,-14.2809745,6.82142049,-1.945278,2.46929823
1390,1.03291953,1.26475338,106.659508,0.105287301,5.82139955,0.428204924,-1.11732023,2.01977594,-3.49837935,0,0,3.4097267,12.508881,-20.076238,71.2031033,-8.1188717,-6.53006169,-16.3585985,-0.390583994,-18.1687284,37.2047507,75.2014756,20.5412185,-3.46067649,20.9387714,-11.1760917,3.67518862,6.87937422,9.09688563,-1.03377944,-3.15483919,-8.65982524,-3.2467539,-14.2809745,6.82142049,-1.945278,2.46929823
1391,1.03291953,1.26475338,106.659508,0.105287301,5.82139955,0.428204924,-1.11732023,2.01977594,-3.49837935,0,0,3.4097267,12.508881,-20.076238,71.2031033,-8.1188717,-6.53006169,-16.3585985,-0.390583994,-18.1687284,37.2047507,75.2014756,20.5412185,-3.46067649,20.9387714,-11.1760917,3.67518862,6.87937422,9.09688563,-1.03377944,-3.15483919,-8.65982524,-3.2467539,-14.2809745,6.82142049,-1.945278,2.46929823
1392,1.03291953,1.26475338,106.659508,0.105287301,5.82139955,0.428204924,-1.11732023,2.01977594,-3.49837935,0,0,3.4097267,12.508881,-20.076238,71.2031033,-8.1188717,-6.53006169,-16.3585985,-0.390583994,-18.1687284,37.2047507,75.2014756,20.5412185,-3.46067649,20.9387714,-11.1760917,3.67518862,6.87937422,9.09688563,-1.03377944,-3.15483919,-8.65982524,-3.2467539,-14.2809745,6.82142049,-1.945278,2.46929823
1393,1.03291953,1.26475338,106.659508,0.105287301,5.82139955,0.428204924,-1.11732023,2.01977594,-3.49837935,0,0,3.4097267,12.508881,-20.076238,71.2031033,-8.1188717,-6.53006169,-16.3585985,-0.390583994,-18.1687284,37.2047507,75.2014756,20.5412185,-3.46067649,20.9387714,-11.1760917,3.67518862,6.87937422,9.09688563,-1.03377944,-3.15483919,-8.65982524,-3.2467539,-14.2809745,6.82142049,-1.945278,2.46929823
1394,1.03291953,1.26475338,106.659508,0.105287301,5.82139955,0.428204924,-1.11732023,2.01977594,-3.49837935,0,0,3.4097267,12.508881,-20.076238,71.2031033,-8.1188717,-6.53006169,-16.3585985,-0.390583994,-18.1687284,37.2047507,75.2014756,20.5412185,-3.46067649,20.9387714,-11.1760917,3.67518862,6.87937422,9.09688563,-1.03377944,-3.15483919,-8.65982524,-3.2467539,-14.2809745,6.82142049,-1.945278,2.46929823
1395,1.03291953,1.26475338,106.659508,0.105287301,5.82139955,0.428204924,-1.11732023,2.01977594,-3.49837935,0,0,3.4097267,12.508881,-20.076238,71.2031033,-8.1188717,-6.53006169,-16.3585985,-0.390583994,-18.1687284,37.2047507,75.2014756,20.5412185,-3.46067649,20.9387714,-11.1760917,3.67518862,6.87937422,9.09688563,-1.03377944,-3.15483919,-8.65982524,-3.2467539,-14.2809745,6.82142049,-1.945278,2.46929823
1396,1.03291953,1.26475338,106.659508,0.105287301,5.82139955,0.428204924,-1.11732023,2.01977594,-3.49837935,0,0,3.4097267,12.508881,-20.076238,71.2031033,-8.1188717,-6.53006169,-16.3585985,-0.390583994,-18.1687284,37.2047507,75.2014756,20.5412185,-3.46067649,20.9387714,-11.1760917,3.67518862,6.87937422,9.09688563,-1.03377944,-3.15483919,-8.65982524,-3.2467539,-14.2809745,6.82142049,-1.945278,2.46929823
1397,1.03291953,1.26475338,106.659508,0.105287301,5.82139955,0.428204924,-1.11732023,2.01977594,-3.49837935,0,0,3.4097267,12.508881,-20.076238,71.2031033,-8.1188717,-6.53006169,-16.3585985,-0.390583994,-18.1687284,37.2047507,75.2014756,20.5412185,-3.46067649,20.9387714,-11.1760917,3.67518862,6.87937422,9.09688563,-1.03377944,-3.15483919,-8.65982524,-3.2467539,-14.2809745,6.82142049,-1.945278,2.46929823
1398,1.03291953,1.26475338,106.659508,0.105287301,5.82139955,0.428204924,-1.11732023,2.01977594,-3.49837935,0,0,3.4097267,12.508881,-20.076238,71.2031033,-8.1188717,-6.53006169,-16.3585985,-0.390583994,-18.1687284,37.2047507,75.2014756,20.5412185,-3.46067649,20.9387714,-11.1760917,3.67518862,6.87937422,9.09688563,-1.03377944,-3.15483919,-8.65982524,-3.2467539,-14.2809745,6.82142049,-1.945278,2.46929823
1399,1.03291953,1.26475338,106.659508,0.105287301,5.82139955,0.428204924,-1.11732023,2.01977594,-3.49837935,0,0,3.4097267,12.508881,-20.076238,71.2031033,-8.1188717,-6.53006169,-16.3585985,-0.390583994,-18.1687284,37.2047507,75.2014756,20.5412185,-3.46067649,20.9387714,-11.1760917,3.67518862,6.87937422,9.09688563,-1.03377944,-3.15483919,-8.65982524,-3.2467539,-14.2809745,6.82142049,-1.945278,2.46929823
1400,1.03291953,1.26475338,106.659508,0.105287301,5.82139955,0.428204924,-1.11732023,2.01977594,-3.49837935,0,0,3.4097267,12.508881,-20.076238,71.2031033,-8.1188717,-6.53006169,-16.3585985,-0.390583994,-18.1687284,37.2047507,75.2014756,20.5412185,-3.46067649,20.9387714,-11.1760917,3.67518862,6.87937422,9.09688563,-1.03377944,-3.15483919,-8.65982524,-3.2467539,-14.2809745,6.82142049,-1.945278,2.46929823
1401,1.03291953,1.26475338,106.659508,0.105287301,5.82139955,0.428204924,-1.11732023,2.01977594,-3.49837935,0,0,3.4097267,12.508881,-20.076238,71.2031033,-8.1188717,-6.53006169,-16.3585985,-0.390583994,-18.1687284,37.2047507,75.2014756,20.5412185,-3.46067649,20.9387714,-11.1760917,3.67518862,6.87937422,9.09688563,-1.03377944,-3.15483919,-8.65982524,-3.2467539,-14.2809745,6.82142049,-1.945278,2.46929823
1402,1.03291953,1.26475338,106.659508,0.105287301,5.82139955,0.428204924,-1.11732023,2.01977594,-3.49837935,0,0,3.4097267,12.508881,-20.076238,71.2031033,-8.1188717,-6.53006169,-16.3585985,-0.390583994,-18.1687284,37.2047507,75.2014756,20.5412185,-3.46067649,20.9387714,-11.1760917,3.67518862,6.87937422,9.09688563,-1.03377944,-3.15483919,-8.65982524,-3.2467539,-14.2809745,6.82142049,-1.945278,2.46929823
1403,1.03291953,1.26475338,106.659508,0.105287301,5.82139955,0.428204924,-1.11732023,2.01977594,-3.49837935,0,0,3.4097267,12.508881,-20.076238,71.2031033,-8.1188717,-6.53006169,-16.3585985,-0.390583994,-18.1687284,37.2047507,75.2014756,20.5412185,-3.46067649,20.9387714,-11.1760917,3.67518862,6.87937422,9.09688563,-1.03377944,-3.15483919,-8.65982524,-3.2467539,-14.2809745,6.82142049,-1.945278,2.46929823
1404,1.03291953,1.26475338,106.659508,0.105287301,5.82139955,0.428204924,-1.11732023,2.01977594,-3.49837935,0,0,3.4097267,12.508881,-20.076238,71.2031033,-8.1188717,-6.53006169,-16.3585985,-0.390583994,-18.1687284,37.2047507,75.2014756,20.5412185,-3.46067649,20.9387714,-11.1760917,3.67518862,6.87937422,9.09688563,-1.03377944,-3.15483919,-8.65982524,-3.2467539,-14.2809745,6.82142049,-1.945278,2.46929823
1405,1.03291953,1.26475338,106.659508,0.105287301,5.82139955,0.428204924,-1.11732023,2.01977594,-3.49837935,0,0,3.4097267,12.508881,-20.076238,71.2031033,-8.1188717,-6.53006169,-16.3585985,-0.390583994,-18.1687284,37.2047507,75.2014756,20.5412185,-3.46067649,20.9387714,-11.1760917,3.67518862,6.87937422,9.09688563,-1.03377944,-3.15483919,-8.65982524,-3.2467539,-14.2809745,6.82142049,-1.945278,2.46929823
1406,1.03291953,1.26475338,106.659508,0.105287301,5.82139955,0.428204924,-1.11732023,2.01977594,-3.49837935,0,0,3.4097267,12.508881,-20.076238,71.2031033,-8.1188717,-6.53006169,-16.3585985,-0.390583994,-18.1687284,37.2047507,75.2014756,20.5412185,-3.46067649,20.9387714,-11.1760917,3.67518862,6.87937422,9.09688563,-1.03377944,-3.15483919,-8.65982524,-3.2467539,-14.2809745,6.82142049,-1.945278,2.46929823
1407,1.03291953,1.26475338,106.659508,0.105287301,5.82139955,0.428204924,-1.11732023,2.01977594,-3.49837935,0,0,3.4097267,12.508881,-20.076238,71.2031033,-8.1188717,-6.53006169,-16.3585985,-0.390583994,-18.1687284,37.2047507,75.2014756,20.5412185,-3.46067649,20.9387714,-11.1760917,3.67518862,6.87937422,9.09688563,-1.03377944,-3.15483919,-8.65982524,-3.2467539,-14.2809745,6.82142049,-1.945278,2.46929823
1408,1.03291953,1.26475338,106.659508,0.105287301,5.82139955,0.428204924,-1.11732023,2.01977594,-3.49837935,0,0,3.4097267,12.508881,-20.076238,71.2031033,-8.1188717,-6.53006169,-16.3585985,-0.390583994,-18.1687284,37.2047507,75.2014756,20.5412185,-3.46067649,20.9387714,-11.1760917,3.67518862,6.87937422,9.09688563,-1.03377944,-3.15483919,-8.65982524,-3.2467539,-14.2809745,6.82142049,-1.945278,2.46929823
1409,1.03291953,1.26475338,106.659508,0.105287301,5.82139955,0.428204924,-1.11732023,2.01977594,-3.49837935,0,0,3.4097267,12.508881,-20.076238,71.2031033,-8.1188717,-6.53006169,-16.3585985,-0.390583994,-18.1687284,37.2047507,75.2014756,20.5412185,-3.46067649,20.9387714,-11.1760917,3.67518862,6.87937422,9.09688563,-1.03377944,-3.15483919,-8.65982524,-3.2467539,-14.2809745,6.82142049,-1.945278,2.46929823
1410,1.03291953,1.26475338,106.659508,0.105287301,5.82139955,0.428204924,-1.11732023,2.01977594,-3.49837935,0,0,3.4097267,12.508881,-20.076238,71.2031033,-8.1188717,-6.53006169,-16.3585985,-0.390583994,-18.1687284,37.2047507,75.2014756,20.5412185,-3.46067649,20.9387714,-11.1760917,3.67518862,6.87937422,9.09688563,-1.03377944,-3.15483919,-8.65982524,-3.2467539,-14.2809745,6.82142049,-1.945278,2.46929823
1411,1.03291953,1.26475338,106.659508,0.105287301,5.82139955,0.428204924,-1.11732023,2.01977594,-3.49837935,0,0,3.4097267,12.508881,-20.076238,71.2031033,-8.1188717,-6.53006169,-16.3585985,-0.390583994,-18.1687284,37.2047507,75.2014756,20.5412185,-3.46067649,20.9387714,-11.1760917,3.67518862,6.87937422,9.09688563,-1.03377944,-3.15483919,-8.65982524,-3.2467539,-14.2809745,6.82142049,-1.945278,2.46929823
1412,1.03291953,1.26475338,106.659508,0.105287301,5.82139955,0.428204924,-1.11732023,2.01977594,-3.49837935,0,0,3.4097267,12.508881,-20.076238,71.2031033,-8.1188717,-6.53006169,-16.3585985,-0.390583994,-18.1687284,37.2047507,75.2014756,20.5412185,-3.46067649,20.9387714,-11.1760917,3.67518862,6.87937422,9.09688563,-1.03377944,-3.15483919,-8.65982524,-3.2467539,-14.2809745,6.82142049,-1.945278,2.46929823
1413,1.03291953,1.26475338,106.659508,0.105287301,5.82139955,0.428204924,-1.11732023,2.01977594,-3.49837935,0,0,3.4097267,12.508881,-20.076238,71.2031033,-8.1188717,-6.53006169,-16.3585985,-0.390583994,-18.1687284,37.2047507,75.2014756,20.5412185,-3.46067649,20.9387714,-11.1760917,3.67518862,6.87937422,9.09688563,-1.03377944,-3.15483919,-8.65982524,-3.2467539,-14.2809745,6.82142049,-1.945278,2.46929823
1414,1.03291953,1.26475338,106.659508,0.105287301,5.82139955,0.428204924,-1.11732023,2.01977594,-3.49837935,0,0,3.4097267,12.508881,-20.076238,71.2031033,-8.1188717,-6.53006169,-16.3585985,-0.390583994,-18.1687284,37.2047507,75.2014756,20.5412185,-3.46067649,20.9387714,-11.1760917,3.67518862,6.87937422,9.09688563,-1.03377944,-3.15483919,-8.65982524,-3.2467539,-14.2809745,6.82142049,-1.945278,2.46929823
1415,1.03291953,1.26475338,106.659508,0.105287301,5.82139955,0.428204924,-1.11732023,2.01977594,-3.49837935,0,0,3.4097267,12.508881,-20.076238,71.2031033,-8.1188717,-6.53006169,-16.3585985,-0.390583994,-18.1687284,37.2047507,75.2014756,20.5412185,-3.46067649,20.9387714,-11.1760917,3.67518862,6.87937422,9.09688563,-1.03377944,-3.15483919,-8.65982524,-3.2467539,-14.2809745,6.82142049,-1.945278,2.46929823
1416,1.03291953,1.26475338,106.659508,0.105287301,5.82139955,0.428204924,-1.11732023,2.01977594,-3.49837935,0,0,3.4097267,12.508881,-20.076238,71.2031033,-8.1188717,-6.53006169,-16.3585985,-0.390583994,-18.1687284,37.2047507,75.2014756,20.5412185,-3.46067649,20.9387714,-11.1760917,3.67518862,6.87937422,9.09688563,-1.03377944,-3.15483919,-8.65982524,-3.2467539,-14.2809745,6.82142049,-1.945278,2.46929823
1417,1.03291953,1.26475338,106.659508,0.105287301,5.82139955,0.428204924,-1.11732023,2.01977594,-3.49837935,0,0,3.4097267,12.508881,-20.076238,71.2031033,-8.1188717,-6.53006169,-16.3585985,-0.390583994,-18.1687284,37.2047507,75.2014756,20.5412185,-3.46067649,20.9387714,-11.1760917,3.67518862,6.87937422,9.09688563,-1.03377944,-3.15483919,-8.65982524,-3.2467539,-14.2809745,6.82142049,-1.945278,2.46929823
1418,1.03291953,1.26475338,106.659508,0.105287301,5.82139955,0.428204924,-1.11732023,2.01977594,-3.49837935,0,0,3.4097267,12.508881,-20.076238,71.2031033,-8.1188717,-6.53006169,-16.3585985,-0.390583994,-18.1687284,37.2047507,75.2014756,20.5412185,-3.46067649,20.9387714,-11.1760917,3.67518862,6.87937422,9.09688563,-1.03377944,-3.15483919,-8.65982524,-3.2467539,-14.2809745,6.82142049,-1.945278,2.46929823
1419,1.03291953,1.26475338,106.659508,0.105287301,5.82139955,0.428204924,-1.11732023,2.01977594,-3.49837935,0,0,3.4097267,12.508881,-20.076238,71.2031033,-8.1188717,-6.53006169,-16.3585985,-0.390583994,-18.1687284,37.2047507,75.2014756,20.5412185,-3.46067649,20.9387714,-11.1760917,3.67518862,6.87937422,9.09688563,-1.03377944,-3.15483919,-8.65982524,-3.2467539,-14.2809745,6.82142049,-1.945278,2.46929823
1420,1.03291953,1.26475338,106.659508,0.105287301,5.82139955,0.428204924,-1.11732023,2.01977594,-3.49837935,0,0,3.4097267,12.508881,-20.076238,71.2031033,-8.1188717,-6.53006169,-16.3585985,-0.390583994,-18.1687284,37.2047507,75.2014756,20.5412185,-3.46067649,20.9387714,-11.1760917,3.67518862,6.87937422,9.09688563,-1.03377944,-3.15483919,-8.65982524,-3.2467539,-14.2809745,6.82142049,-1.945278,2.46929823
1421,1.03291953,1.26475338,106.659508,0.105287301,5.82139955,0.428204924,-1.11732023,2.01977594,-3.49837935,0,0,3.4097267,12.508881,-20.076238,71.2031033,-8.1188717,-6.53006169,-16.3585985,-0.390583994,-18.1687284,37.2047507,75.2014756,20.5412185,-3.46067649,20.9387714,-11.1760917,3.67518862,6.87937422,9.09688563,-1.03377944,-3.15483919,-8.65982524,-3.2467539,-14.2809745,6.82142049,-1.945278,2.46929823
1422,1.03291953,1.26475338,106.659508,0.105287301,5.82139955,0.428204924,-1.11732023,2.01977594,-3.49837935,0,0,3.4097267,12.508881,-20.076238,71.2031033,-8.1188717,-6.53006169,-16.3585985,-0.390583994,-18.1687284,37.2047507,75.2014756,20.5412185,-3.46067649,20.9387714,-11.1760917,3.67518862,6.87937422,9.09688563,-1.03377944,-3.15483919,-8.65982524,-3.2467539,-14.2809745,6.82142049,-1.945278,2.46929823
1423,1.03291953,1.26475338,106.659508,0.105287301,5.82139955,0.428204924,-1.11732023,2.01977594,-3.49837935,0,0,3.4097267,12.508881,-20.076238,71.2031033,-8.1188717,-6.53006169,-16.3585985,-0.390583994,-18.1687284,37.2047507,75.2014756,20.5412185,-3.46067649,20.9387714,-11.1760917,3.67518862,6.87937422,9.09688563,-1.03377944,-3.15483919,-8.65982524,-3.2467539,-14.2809745,6.82142049,-1.945278,2.46929823
1424,1.03291953,1.26475338,106.659508,0.105287301,5.82139955,0.428204924,-1.11732023,2.01977594,-3.49837935,0,0,3.4097267,12.508881,-20.076238,71.2031033,-8.1188717,-6.53006169,-16.3585985,-0.390583994,-18.1687284,37.2047507,75.2014756,20.5412185,-3.46067649,20.9387714,-11.1760917,3.67518862,6.87937422,9.09688563,-1.03377944,-3.15483919,-8.65982524,-3.2467539,-14.2809745,6.82142049,-1.945278,2.46929823
1425,1.03291953,1.26475338,106.659508,0.105287301,5.82139955,0.428204924,-1.11732023,2.01977594,-3.49837935,0,0,3.4097267,12.508881,-20.076238,71.2031033,-8.1188717,-6.53006169,-16.3585985,-0.390583994,-18.1687284,37.2047507,75.2014756,20.5412185,-3.46067649,20.9387714,-11.1760917,3.67518862,6.87937422,9.09688563,-1.03377944,-3.15483919,-8.65982524,-3.2467539,-14.2809745,6.82142049,-1.945278,2.46929823
1426,1.03291953,1.26475338,106.659508,0.105287301,5.82139955,0.428204924,-1.11732023,2.01977594,-3.49837935,0,0,3.4097267,12.508881,-20.076238,71.2031033,-8.1188717,-6.53006169,-16.3585985,-0.390583994,-18.1687284,37.2047507,75.2014756,20.5412185,-3.46067649,20.9387714,-11.1760917,3.67518862,6.87937422,9.09688563,-1.03377944,-3.15483919,-8.65982524,-3.2467539,-14.2809745,6.82142049,-1.945278,2.46929823
1427,1.03291953,1.26475338,106.659508,0.105287301,5.82139955,0.428204924,-1.11732023,2.01977594,-3.49837935,0,0,3.4097267,12.508881,-20.076238,71.2031033,-8.1188717,-6.53006169,-16.3585985,-0.390583994,-18.1687284,37.2047507,75.2014756,20.5412185,-3.46067649,20.9387714,-11.1760917,3.67518862,6.87937422,9.09688563,-1.03377944,-3.15483919,-8.65982524,-3.2467539,-14.2809745,6.82142049,-1.945278,2.46929823
1428,1.03291953,1.26475338,106.659508,0.105287301,5.82139955,0.428204924,-1.11732023,2.01977594,-3.49837935,0,0,3.4097267,12.508881,-20.076238,71.2031033,-8.1188717,-6.53006169,-16.3585985,-0.390583994,-18.1687284,37.2047507,75.2014756,20.5412185,-3.46067649,20.9387714,-11.1760917,3.67518862,6.87937422,9.09688563,-1.03377944,-3.15483919,-8.65982524,-3.2467539,-14.2809745,6.82142049,-1.945278,2.46929823
1429,1.03291953,1.26475338,106.659508,0.105287301,5.82139955,0.428204924,-1.11732023,2.01977594,-3.49837935,0,0,3.4097267,12.508881,-20.076238,71.2031033,-8.1188717,-6.53006169,-16.3585985,-0.390583994,-18.1687284,37.2047507,75.2014756,20.5412185,-3.46067649,20.9387714,-11.1760917,3.67518862,6.87937422,9.09688563,-1.03377944,-3.15483919,-8.65982524,-3.2467539,-14.2809745,6.82142049,-1.945278,2.46929823
1430,1.03291953,1.26475338,106.659508,0.105287301,5.82139955,0.428204924,-1.11732023,2.01977594,-3.49837935,0,0,3.4097267,12.508881,-20.076238,71.2031033,-8.1188717,-6.53006169,-16.3585985,-0.390583994,-18.1687284,37.2047507,75.2014756,20.5412185,-3.46067649,20.9387714,-11.1760917,3.67518862,6.87937422,9.09688563,-1.03377944,-3.15483919,-8.65982524,-3.2467539,-14.2809745,6.82142049,-1.945278,2.46929823
1431,1.03291953,1.26475338,106.659508,0.105287301,5.82139955,0.428204924,-1.11732023,2.01977594,-3.49837935,0,0,3.4097267,12.508881,-20.076238,71.2031033,-8.1188717,-6.53006169,-16.3585985,-0.390583994,-18.1687284,37.2047507,75.2014756,20.5412185,-3.46067649,20.9387714,-11.1760917,3.67518862,6.87937422,9.09688563,-1.03377944,-3.15483919,-8.65982524,-3.2467539,-14.2809745,6.82142049,-1.945278,2.46929823
1432,1.03291953,1.26475338,106.659508,0.105287301,5.82139955,0.428204924,-1.11732023,2.01977594,-3.49837935,0,0,3.4097267,12.508881,-20.076238,71.2031033,-8.1188717,-6.53006169,-16.3585985,-0.390583994,-18.1687284,37.2047507,75.2014756,20.5412185,-3.46067649,20.9387714,-11.1760917,3.67518862,6.87937422,9.09688563,-1.03377944,-3.15483919,-8.65982524,-3.2467539,-14.2809745,6.82142049,-1.945278,2.46929823
1433,1.03291953,1.26475338,106.659508,0.105287301,5.82139955,0.428204924,-1.11732023,2.01977594,-3.49837935,0,0,3.4097267,12.508881,-20.076238,71.2031033,-8.1188717,-6.53006169,-16.3585985,-0.390583994,-18.1687284,37.2047507,75.2014756,20.5412185,-3.46067649,20.9387714,-11.1760917,3.67518862,6.87937422,9.09688563,-1.03377944,-3.15483919,-8.65982524,-3.2467539,-14.2809745,6.82142049,-1.945278,2.46929823
1434,1.03291953,1.26475338,106.659508,0.105287301,5.82139955,0.428204924,-1.11732023,2.01977594,-3.49837935,0,0,3.4097267,12.508881,-20.076238,71.2031033,-8.1188717,-6.53006169,-16.3585985,-0.390583994,-18.1687284,37.2047507,75.2014756,20.5412185,-3.46067649,20.9387714,-11.1760917,3.67518862,6.87937422,9.09688563,-1.03377944,-3.15483919,-8.65982524,-3.2467539,-14.2809745,6.82142049,-1.945278,2.46929823
1435,1.03291953,1.26475338,106.659508,0.105287301,5.82139955,0.428204924,-1.11732023,2.01977594,-3.49837935,0,0,3.4097267,12.508881,-20.076238,71.2031033,-8.1188717,-6.53006169,-16.3585985,-0.390583994,-18.1687284,37.2047507,75.2014756,20.5412185,-3.46067649,20.9387714,-11.1760917,3.67518862,6.87937422,9.09688563,-1.03377944,-3.15483919,-8.65982524,-3.2467539,-14.2809745,6.82142049,-1.945278,2.46929823
1436,1.03291953,1.26475338,106.659508,0.105287301,5.82139955,0.428204924,-1.11732023,2.01977594,-3.49837935,0,0,3.4097267,12.508881,-20.076238,71.2031033,-8.1188717,-6.53006169,-16.3585985,-0.390583994,-18.1687284,37.2047507,75.2014756,20.5412185,-3.46067649,20.9387714,-11.1760917,3.67518862,6.87937422,9.09688563,-1.03377944,-3.15483919,-8.65982524,-3.2467539,-14.2809745,6.82142049,-1.945278,2.46929823
1437,1.03291953,1.26475338,106.659508,0.105287301,5.82139955,0.428204924,-1.11732023,2.01977594,-3.49837935,0,0,3.4097267,12.508881,-20.076238,71.2031033,-8.1188717,-6.53006169,-16.3585985,-0.390583994,-18.1687284,37.2047507,75.2014756,20.5412185,-3.46067649,20.9387714,-11.1760917,3.67518862,6.87937422,9.09688563,-1.03377944,-3.15483919,-8.65982524,-3.2467539,-14.2809745,6.82142049,-1.945278,2.46929823
1438,1.03291953,1.26475338,106.659508,0.105287301,5.82139955,0.428204924,-1.11732023,2.01977594,-3.49837935,0,0,3.4097267,12.508881,-20.076238,71.2031033,-8.1188717,-6.53006169,-16.3585985,-0.390583994,-18.1687284,37.2047507,75.2014756,20.5412185,-3.46067649,20.9387714,-11.1760917,3.67518862,6.87937422,9.09688563,-1.03377944,-3.15483919,-8.65982524,-3.2467539,-14.2809745,6.82142049,-1.945278,2.46929823
1439,1.03291953,1.26475338,106.659508,0.105287301,5.82139955,0.428204924,-1.11732023,2.01977594,-3.49837935,0,0,3.4097267,12.508881,-20.076238,71.2031033,-8.1188717,-6.53006169,-16.3585985,-0.390583994,-18.1687284,37.2047507,75.2014756,20.5412185,-3.46067649,20.9387714,-11.1760917,3.67518862,6.87937422,9.09688563,-1.03377944,-3.15483919,-8.65982524,-3.2467539,-14.2809745,6.82142049,-1.945278,2.46929823
1440,1.03291953,1.26475338,106.659508,0.105287301,5.82139955,0.428204924,-1.11732023,2.01977594,-3.49837935,0,0,3.4097267,12.508881,-20.076238,71.2031033,-8.1188717,-6.53006169,-16.3585985,-0.390583994,-18.1687284,37.2047507,75.2014756,20.5412185,-3.46067649,20.9387714,-11.1760917,3.67518862,6.87937422,9.09688563,-1.03377944,-3.15483919,-8.65982524,-3.2467539,-14.2809745,6.82142049,-1.945278,2.46929823
1441,1.03291953,1.26475338,106.659508,0.105287301,5.82139955,0.428204924,-1.11732023,2.01977594,-3.49837935,0,0,3.4097267,12.508881,-20.076238,71.2031033,-8.1188717,-6.53006169,-16.3585985,-0.390583994,-18.1687284,37.2047507,75.2014756,20.5412185,-3.46067649,20.9387714,-11.1760917,3.67518862,6.87937422,9.09688563,-1.03377944,-3.15483919,-8.65982524,-3.2467539,-14.2809745,6.82142049,-1.945278,2.46929823
1442,1.03291953,1.26475338,106.659508,0.105287301,5.82139955,0.428204924,-1.11732023,2.01977594,-3.49837935,0,0,3.4097267,12.508881,-20.076238,71.2031033,-8.1188717,-6.53006169,-16.3585985,-0.390583994,-18.1687284,37.2047507,75.2014756,20.5412185,-3.46067649,20.9387714,-11.1760917,3.67518862,6.87937422,9.09688563,-1.03377944,-3.15483919,-8.65982524,-3.2467539,-14.2809745,6.82142049,-1.945278,2.46929823
1443,1.03291953,1.26475338,106.659508,0.105287301,5.82139955,0.428204924,-1.11732023,2.01977594,-3.49837935,0,0,3.4097267,12.508881,-20.076238,71.2031033,-8.1188717,-6.53006169,-16.3585985,-0.390583994,-18.1687284,37.2047507,75.2014756,20.5412185,-3.46067649,20.9387714,-11.1760917,3.67518862,6.87937422,9.09688563,-1.03377944,-3.15483919,-8.65982524,-3.2467539,-14.2809745,6.82142049,-1.945278,2.46929823
1444,1.03291953,1.26475338,106.659508,0.105287301,5.82139955,0.428204924,-1.11732023,2.01977594,-3.49837935,0,0,3.4097267,12.508881,-20.076238,71.2031033,-8.1188717,-6.53006169,-16.3585985,-0.390583994,-18.1687284,37.2047507,75.2014756,20.5412185,-3.46067649,20.9387714,-11.1760917,3.67518862,6.87937422,9.09688563,-1.03377944,-3.15483919,-8.65982524,-3.2467539,-14.2809745,6.82142049,-1.945278,2.46929823
1445,1.03291953,1.26475338,106.659508,0.105287301,5.82139955,0.428204924,-1.11732023,2.01977594,-3.49837935,0,0,3.4097267,12.508881,-20.076238,71.2031033,-8.1188717,-6.53006169,-16.3585985,-0.390583994,-18.1687284,37.2047507,75.2014756,20.5412185,-3.46067649,20.9387714,-11.1760917,3.67518862,6.87937422,9.09688563,-1.03377944,-3.15483919,-8.65982524,-3.2467539,-14.2809745,6.82142049,-1.945278,2.46929823
1446,1.03291953,1.26475338,106.659508,0.105287301,5.82139955,0.428204924,-1.11732023,2.01977594,-3.49837935,0,0,3.4097267,12.508881,-20.076238,71.2031033,-8.1188717,-6.53006169,-16.3585985,-0.390583994,-18.1687284,37.2047507,75.2014756,20.5412185,-3.46067649,20.9387714,-11.1760917,3.67518862,6.87937422,9.09688563,-1.03377944,-3.15483919,-8.65982524,-3.2467539,-14.2809745,6.82142049,-1.945278,2.46929823
1447,1.03291953,1.26475338,106.659508,0.105287301,5.82139955,0.428204924,-1.11732023,2.01977594,-3.49837935,0,0,3.4097267,12.508881,-20.076238,71.2031033,-8.1188717,-6.53006169,-16.3585985,-0.390583994,-18.1687284,37.2047507,75.2014756,20.5412185,-3.46067649,20.9387714,-11.1760917,3.67518862,6.87937422,9.09688563,-1.03377944,-3.15483919,-8.65982524,-3.2467539,-14.2809745,6.82142049,-1.945278,2.46929823
1448,1.03291953,1.26475338,106.659508,0.105287301,5.82139955,0.428204924,-1.11732023,2.01977594,-3.49837935,0,0,3.4097267,12.508881,-20.076238,71.2031033,-8.1188717,-6.53006169,-16.3585985,-0.390583994,-18.1687284,37.2047507,75.2014756,20.5412185,-3.46067649,20.9387714,-11.1760917,3.67518862,6.87937422,9.09688563,-1.03377944,-3.15483919,-8.65982524,-3.2467539,-14.2809745,6.82142049,-1.945278,2.46929823
1449,1.03291953,1.26475338,106.659508,0.105287301,5.82139955,0.428204924,-1.11732023,2.01977594,-3.49837935,0,0,3.4097267,12.508881,-20.076238,71.2031033,-8.1188717,-6.53006169,-16.3585985,-0.390583994,-18.1687284,37.2047507,75.2014756,20.5412185,-3.46067649,20.9387714,-11.1760917,3.67518862,6.87937422,9.09688563,-1.03377944,-3.15483919,-8.65982524,-3.2467539,-14.2809745,6.82142049,-1.945278,2.46929823
1450,1.03291953,1.26475338,106.659508,0.105287301,5.82139955,0.428204924,-1.11732023,2.01977594,-3.49837935,0,0,3.4097267,12.508881,-20.076238,71.2031033,-8.1188717,-6.53006169,-16.3585985,-0.390583994,-18.1687284,37.2047507,75.2014756,20.5412185,-3.46067649,20.9387714,-11.1760917,3.67518862,6.87937422,9.09688563,-1.03377944,-3.15483919,-8.65982524,-3.2467539,-14.2809745,6.82142049,-1.945278,2.46929823
1451,1.03291953,1.26475338,106.659508,0.105287301,5.82139955,0.428204924,-1.11732023,2.01977594,-3.49837935,0,0,3.4097267,12.508881,-20.076238,71.2031033,-8.1188717,-6.53006169,-16.3585985,-0.390583994,-18.1687284,37.2047507,75.2014756,20.5412185,-3.46067649,20.9387714,-11.1760917,3.67518862,6.87937422,9.09688563,-1.03377944,-3.15483919,-8.65982524,-3.2467539,-14.2809745,6.82142049,-1.945278,2.46929823
1452,1.03291953,1.26475338,106.659508,0.105287301,5.82139955,0.428204924,-1.11732023,2.01977594,-3.49837935,0,0,3.4097267,12.508881,-20.076238,71.2031033,-8.1188717,-6.53006169,-16.3585985,-0.390583994,-18.1687284,37.2047507,75.2014756,20.5412185,-3.46067649,20.9387714,-11.1760917,3.67518862,6.87937422,9.09688563,-1.03377944,-3.15483919,-8.65982524,-3.2467539,-14.2809745,6.82142049,-1.945278,2.46929823
1453,1.03291953,1.26475338,106.659508,0.105287301,5.82139955,0.428204924,-1.11732023,2.01977594,-3.49837935,0,0,3.4097267,12.508881,-20.076238,71.2031033,-8.1188717,-6.53006169,-16.3585985,-0.390583994,-18.1687284,37.2047507,75.2014756,20.5412185,-3.46067649,20.9387714,-11.1760917,3.67518862,6.87937422,9.09688563,-1.03377944,-3.15483919,-8.65982524,-3.2467539,-14.2809745,6.82142049,-1.945278,2.46929823
1454,1.03291953,1.26475338,106.659508,0.105287301,5.82139955,0.428204924,-1.11732023,2.01977594,-3.49837935,0,0,3.4097267,12.508881,-20.076238,71.2031033,-8.1188717,-6.53006169,-16.3585985,-0.390583994,-18.1687284,37.2047507,75.2014756,20.5412185,-3.46067649,20.9387714,-11.1760917,3.67518862,6.87937422,9.09688563,-1.03377944,-3.15483919,-8.65982524,-3.2467539,-14.2809745,6.82142049,-1.945278,2.46929823
1455,1.03291953,1.26475338,106.659508,0.105287301,5.82139955,0.428204924,-1.11732023,2.01977594,-3.49837935,0,0,3.4097267,12.508881,-20.076238,71.2031033,-8.1188717,-6.53006169,-16.3585985,-0.390583994,-18.1687284,37.2047507,75.2014756,20.5412185,-3.46067649,20.9387714,-11.1760917,3.67518862,6.87937422,9.09688563,-1.03377944,-3.15483919,-8.65982524,-3.2467539,-14.2809745,6.82142049,-1.945278,2.46929823
1456,1.03291953,1.26475338,106.659508,0.105287301,5.82139955,0.428204924,-1.11732023,2.01977594,-3.49837935,0,0,3.4097267,12.508881,-20.076238,71.2031033,-8.1188717,-6.53006169,-16.3585985,-0.390583994,-18.1687284,37.2047507,75.2014756,20.5412185,-3.46067649,20.9387714,-11.1760917,3.67518862,6.87937422,9.09688563,-1.03377944,-3.15483919,-8.65982524,-3.2467539,-14.2809745,6.82142049,-1.945278,2.46929823
1457,1.03291953,1.26475338,106.659508,0.105287301,5.82139955,0.428204924,-1.11732023,2.01977594,-3.49837935,0,0,3.4097267,12.508881,-20.076238,71.2031033,-8.1188717,-6.53006169,-16.3585985,-0.390583994,-18.1687284,37.2047507,75.2014756,20.5412185,-3.46067649,20.9387714,-11.1760917,3.67518862,6.87937422,9.09688563,-1.03377944,-3.15483919,-8.65982524,-3.2467539,-14.2809745,6.82142049,-1.945278,2.46929823
1458,1.03291953,1.26475338,106.659508,0.105287301,5.82139955,0.428204924,-1.11732023,2.01977594,-3.49837935,0,0,3.4097267,12.508881,-20.076238,71.2031033,-8.1188717,-6.53006169,-16.3585985,-0.390583994,-18.1687284,37.2047507,75.2014756,20.5412185,-3.46067649,20.9387714,-11.1760917,3.67518862,6.87937422,9.09688563,-1.03377944,-3.15483919,-8.65982524,-3.2467539,-14.2809745,6.82142049,-1.945278,2.46929823
1459,1.03291953,1.26475338,106.659508,0.105287301,5.82139955,0.428204924,-1.11732023,2.01977594,-3.49837935,0,0,3.4097267,12.508881,-20.076238,71.2031033,-8.1188717,-6.53006169,-16.3585985,-0.390583994,-18.1687284,37.2047507,75.2014756,20.5412185,-3.46067649,20.9387714,-11.1760917,3.67518862,6.87937422,9.09688563,-1.03377944,-3.15483919,-8.65982524,-3.2467539,-14.2809745,6.82142049,-1.945278,2.46929823
1460,1.03291953,1.26475338,106.659508,0.105287301,5.82139955,0.428204924,-1.11732023,2.01977594,-3.49837935,0,0,3.4097267,12.508881,-20.076238,71.2031033,-8.1188717,-6.53006169,-16.3585985,-0.390583994,-18.1687284,37.2047507,75.2014756,20.5412185,-3.46067649,20.9387714,-11.1760917,3.67518862,6.87937422,9.09688563,-1.03377944,-3.15483919,-8.65982524,-3.2467539,-14.2809745,6.82142049,-1.945278,2.46929823
1461,1.03291953,1.26475338,106.659508,0.105287301,5.82139955,0.428204924,-1.11732023,2.01977594,-3.49837935,0,0,3.4097267,12.508881,-20.076238,71.2031033,-8.1188717,-6.53006169,-16.3585985,-0.390583994,-18.1687284,37.2047507,75.2014756,20.5412185,-3.46067649,20.9387714,-11.1760917,3.67518862,6.87937422,9.09688563,-1.03377944,-3.15483919,-8.65982524,-3.2467539,-14.2809745,6.82142049,-1.945278,2.46929823
1462,1.03291953,1.26475338,106.659508,0.105287301,5.82139955,0.428204924,-1.11732023,2.01977594,-3.49837935,0,0,3.4097267,12.508881,-20.076238,71.2031033,-8.1188717,-6.53006169,-16.3585985,-0.390583994,-18.1687284,37.2047507,75.2014756,20.5412185,-3.46067649,20.9387714,-11.1760917,3.67518862,6.87937422,9.09688563,-1.03377944,-3.15483919,-8.65982524,-3.2467539,-14.2809745,6.82142049,-1.945278,2.46929823
1463,1.03291953,1.26475338,106.659508,0.105287301,5.82139955,0.428204924,-1.11732023,2.01977594,-3.49837935,0,0,3.4097267,12.508881,-20.076238,71.2031033,-8.1188717,-6.53006169,-16.3585985,-0.390583994,-18.1687284,37.2047507,75.2014756,20.5412185,-3.46067649,20.9387714,-11.1760917,3.67518862,6.87937422,9.09688563,-1.03377944,-3.15483919,-8.65982524,-3.2467539,-14.2809745,6.82142049,-1.945278,2.46929823
1464,1.03291953,1.26475338,106.659508,0.105287301,5.82139955,0.428204924,-1.11732023,2.01977594,-3.49837935,0,0,3.4097267,12.508881,-20.076238,71.2031033,-8.1188717,-6.53006169,-16.3585985,-0.390583994,-18.1687284,37.2047507,75.2014756,20.5412185,-3.46067649,20.9387714,-11.1760917,3.67518862,6.87937422,9.09688563,-1.03377944,-3.15483919,-8.65982524,-3.2467539,-14.2809745,6.82142049,-1.945278,2.46929823
1465,1.03291953,1.26475338,106.659508,0.105287301,5.82139955,0.428204924,-1.11732023,2.01977594,-3.49837935,0,0,3.4097267,12.508881,-20.076238,71.2031033,-8.1188717,-6.53006169,-16.3585985,-0.390583994,-18.1687284,37.2047507,75.2014756,20.5412185,-3.46067649,20.9387714,-11.1760917,3.67518862,6.87937422,9.09688563,-1.03377944,-3.15483919,-8.65982524,-3.2467539,-14.2809745,6.82142049,-1.945278,2.46929823
1466,1.03291953,1.26475338,106.659508,0.105287301,5.82139955,0.428204924,-1.11732023,2.01977594,-3.49837935,0,0,3.4097267,12.508881,-20.076238,71.2031033,-8.1188717,-6.53006169,-16.3585985,-0.390583994,-18.1687284,37.2047507,75.2014756,20.5412185,-3.46067649,20.9387714,-11.1760917,3.67518862,6.87937422,9.09688563,-1.03377944,-3.15483919,-8.65982524,-3.2467539,-14.2809745,6.82142049,-1.945278,2.46929823
1467,1.03291953,1.26475338,106.659508,0.105287301,5.82139955,0.428204924,-1.11732023,2.01977594,-3.49837935,0,0,3.4097267,12.508881,-20.076238,71.2031033,-8.1188717,-6.53006169,-16.3585985,-0.390583994,-18.1687284,37.2047507,75.2014756,20.5412185,-3.46067649,20.9387714,-11.1760917,3.67518862,6.87937422,9.09688563,-1.03377944,-3.15483919,-8.65982524,-3.2467539,-14.2809745,6.82142049,-1.945278,2.46929823
1468,1.03291953,1.26475338,106.659508,0.105287301,5.82139955,0.428204924,-1.11732023,2.01977594,-3.49837935,0,0,3.4097267,12.508881,-20.076238,71.2031033,-8.1188717,-6.53006169,-16.3585985,-0.390583994,-18.1687284,37.2047507,75.2014756,20.5412185,-3.46067649,20.9387714,-11.1760917,3.67518862,6.87937422,9.09688563,-1.03377944,-3.15483919,-8.65982524,-3.2467539,-14.2809745,6.82142049,-1.945278,2.46929823
1469,1.03291953,1.26475338,106.659508,0.105287301,5.82139955,0.428204924,-1.11732023,2.01977594,-3.49837935,0,0,3.4097267,12.508881,-20.076238,71.2031033,-8.1188717,-6.53006169,-16.3585985,-0.390583994,-18.1687284,37.2047507,75.2014756,20.5412185,-3.46067649,20.9387714,-11.1760917,3.67518862,6.87937422,9.09688563,-1.03377944,-3.15483919,-8.65982524,-3.2467539,-14.2809745,6.82142049,-1.945278,2.46929823
1470,1.03291953,1.26475338,106.659508,0.105287301,5.82139955,0.428204924,-1.11732023,2.01977594,-3.49837935,0,0,3.4097267,12.508881,-20.076238,71.2031033,-8.1188717,-6.53006169,-16.3585985,-0.390583994,-18.1687284,37.2047507,75.2014756,20.5412185,-3.46067649,20.9387714,-11.1760917,3.67518862,6.87937422,9.09688563,-1.03377944,-3.15483919,-8.65982524,-3.2467539,-14.2809745,6.82142049,-1.945278,2.46929823
1471,1.03291953,1.26475338,106.659508,0.105287301,5.82139955,0.428204924,-1.11732023,2.01977594,-3.49837935,0,0,3.4097267,12.508881,-20.076238,71.2031033,-8.1188717,-6.53006169,-16.3585985,-0.390583994,-18.1687284,37.2047507,75.2014756,20.5412185,-3.46067649,20.9387714,-11.1760917,3.67518862,6.87937422,9.09688563,-1.03377944,-3.15483919,-8.65982524,-3.2467539,-14.2809745,6.82142049,-1.945278,2.46929823
1472,1.03291953,1.26475338,106.659508,0.105287301,5.82139955,0.428204924,-1.11732023,2.01977594,-3.49837935,0,0,3.4097267,12.508881,-20.076238,71.2031033,-8.1188717,-6.53006169,-16.3585985,-0.390583994,-18.1687284,37.2047507,75.2014756,20.5412185,-3.46067649,20.9387714,-11.1760917,3.67518862,6.87937422,9.09688563,-1.03377944,-3.15483919,-8.65982524,-3.2467539,-14.2809745,6.82142049,-1.945278,2.46929823
1473,1.03291953,1.26475338,106.659508,0.105287301,5.82139955,0.428204924,-1.11732023,2.01977594,-3.49837935,0,0,3.4097267,12.508881,-20.076238,71.2031033,-8.1188717,-6.53006169,-16.3585985,-0.390583994,-18.1687284,37.2047507,75.2014756,20.5412185,-3.46067649,20.9387714,-11.1760917,3.67518862,6.87937422,9.09688563,-1.03377944,-3.15483919,-8.65982524,-3.2467539,-14.2809745,6.82142049,-1.945278,2.46929823
1474,1.03291953,1.26475338,106.659508,0.105287301,5.82139955,0.428204924,-1.11732023,2.01977594,-3.49837935,0,0,3.4097267,12.508881,-20.076238,71.2031033,-8.1188717,-6.53006169,-16.3585985,-0.390583994,-18.1687284,37.2047507,75.2014756,20.5412185,-3.46067649,20.9387714,-11.1760917,3.67518862,6.87937422,9.09688563,-1.03377944,-3.15483919,-8.65982524,-3.2467539,-14.2809745,6.82142049,-1.945278,2.46929823
1475,1.03291953,1.26475338,106.659508,0.105287301,5.82139955,0.428204924,-1.11732023,2.01977594,-3.49837935,0,0,3.4097267,12.508881,-20.076238,71.2031033,-8.1188717,-6.53006169,-16.3585985,-0.390583994,-18.1687284,37.2047507,75.2014756,20.5412185,-3.46067649,20.9387714,-11.1760917,3.67518862,6.87937422,9.09688563,-1.03377944,-3.15483919,-8.65982524,-3.2467539,-14.2809745,6.82142049,-1.945278,2.46929823
1476,1.03291953,1.26475338,106.659508,0.105287301,5.82139955,0.428204924,-1.11732023,2.01977594,-3.49837935,0,0,3.4097267,12.508881,-20.076238,71.2031033,-8.1188717,-6.53006169,-16.3585985,-0.390583994,-18.1687284,37.2047507,75.2014756,20.5412185,-3.46067649,20.9387714,-11.1760917,3.67518862,6.87937422,9.09688563,-1.03377944,-3.15483919,-8.65982524,-3.2467539,-14.2809745,6.82142049,-1.945278,2.46929823
1477,1.03291953,1.26475338,106.659508,0.105287301,5.82139955,0.428204924,-1.11732023,2.01977594,-3.49837935,0,0,3.4097267,12.508881,-20.076238,71.2031033,-8.1188717,-6.53006169,-16.3585985,-0.390583994,-18.1687284,37.2047507,75.2014756,20.5412185,-3.46067649,20.9387714,-11.1760917,3.67518862,6.87937422,9.09688563,-1.03377944,-3.15483919,-8.65982524,-3.2467539,-14.2809745,6.82142049,-1.945278,2.46929823
1478,1.03291953,1.26475338,106.659508,0.105287301,5.82139955,0.428204924,-1.11732023,2.01977594,-3.49837935,0,0,3.4097267,12.508881,-20.076238,71.2031033,-8.1188717,-6.53006169,-16.3585985,-0.390583994,-18.1687284,37.2047507,75.2014756,20.5412185,-3.46067649,20.9387714,-11.1760917,3.67518862,6.87937422,9.09688563,-1.03377944,-3.15483919,-8.65982524,-3.2467539,-14.2809745,6.82142049,-1.945278,2.46929823
1479,1.03291953,1.26475338,106.659508,0.105287301,5.82139955,0.428204924,-1.11732023,2.01977594,-3.49837935,0,0,3.4097267,12.508881,-20.076238,71.2031033,-8.1188717,-6.53006169,-16.3585985,-0.390583994,-18.1687284,37.2047507,75.2014756,20.5412185,-3.46067649,20.9387714,-11.1760917,3.67518862,6.87937422,9.09688563,-1.03377944,-3.15483919,-8.65982524,-3.2467539,-14.2809745,6.82142049,-1.945278,2.46929823
1480,1.03291953,1.26475338,106.659508,0.105287301,5.82139955,0.428204924,-1.11732023,2.01977594,-3.49837935,0,0,3.4097267,12.508881,-20.076238,71.2031033,-8.1188717,-6.53006169,-16.3585985,-0.390583994,-18.1687284,37.2047507,75.2014756,20.5412185,-3.46067649,20.9387714,-11.1760917,3.67518862,6.87937422,9.09688563,-1.03377944,-3.15483919,-8.65982524,-3.2467539,-14.2809745,6.82142049,-1.945278,2.46929823
1481,1.03291953,1.26475338,106.659508,0.105287301,5.82139955,0.428204924,-1.11732023,2.01977594,-3.49837935,0,0,3.4097267,12.508881,-20.076238,71.2031033,-8.1188717,-6.53006169,-16.3585985,-0.390583994,-18.1687284,37.2047507,75.2014756,20.5412185,-3.46067649,20.9387714,-11.1760917,3.67518862,6.87937422,9.09688563,-1.03377944,-3.15483919,-8.65982524,-3.2467539,-14.2809745,6.82142049,-1.945278,2.46929823
1482,1.03291953,1.26475338,106.659508,0.105287301,5.82139955,0.428204924,-1.11732023,2.01977594,-3.49837935,0,0,3.4097267,12.508881,-20.076238,71.2031033,-8.1188717,-6.53006169,-16.3585985,-0.390583994,-18.1687284,37.2047507,75.2014756,20.5412185,-3.46067649,20.9387714,-11.1760917,3.67518862,6.87937422,9.09688563,-1.03377944,-3.15483919,-8.65982524,-3.2467539,-14.2809745,6.82142049,-1.945278,2.46929823
1483,1.03291953,1.26475338,106.659508,0.105287301,5.82139955,0.428204924,-1.11732023,2.01977594,-3.49837935,0,0,3.4097267,12.508881,-20.076238,71.2031033,-8.1188717,-6.53006169,-16.3585985,-0.390583994,-18.1687284,37.2047507,75.2014756,20.5412185,-3.46067649,20.9387714,-11.1760917,3.67518862,6.87937422,9.09688563,-1.03377944,-3.15483919,-8.65982524,-3.2467539,-14.2809745,6.82142049,-1.945278,2.46929823
1484,1.03291953,1.26475338,106.659508,0.105287301,5.82139955,0.428204924,-1.11732023,2.01977594,-3.49837935,0,0,3.4097267,12.508881,-20.076238,71.2031033,-8.1188717,-6.53006169,-16.3585985,-0.390583994,-18.1687284,37.2047507,75.2014756,20.5412185,-3.46067649,20.9387714,-11.1760917,3.67518862,6.87937422,9.09688563,-1.03377944,-3.15483919,-8.65982524,-3.2467539,-14.2809745,6.82142049,-1.945278,2.46929823
1485,1.03291953,1.26475338,106.659508,0.105287301,5.82139955,0.428204924,-1.11732023,2.01977594,-3.49837935,0,0,3.4097267,12.508881,-20.076238,71.2031033,-8.1188717,-6.53006169,-16.3585985,-0.390583994,-18.1687284,37.2047507,75.2014756,20.5412185,-3.46067649,20.9387714,-11.1760917,3.67518862,6.87937422,9.09688563,-1.03377944,-3.15483919,-8.65982524,-3.2467539,-14.2809745,6.82142049,-1.945278,2.46929823
1486,1.03291953,1.26475338,106.659508,0.105287301,5.82139955,0.428204924,-1.11732023,2.01977594,-3.49837935,0,0,3.4097267,12.508881,-20.076238,71.2031033,-8.1188717,-6.53006169,-16.3585985,-0.390583994,-18.1687284,37.2047507,75.2014756,20.5412185,-3.46067649,20.9387714,-11.1760917,3.67518862,6.87937422,9.09688563,-1.03377944,-3.15483919,-8.65982524,-3.2467539,-14.2809745,6.82142049,-1.945278,2.46929823
1487,1.03291953,1.26475338,106.659508,0.105287301,5.82139955,0.428204924,-1.11732023,2.01977594,-3.49837935,0,0,3.4097267,12.508881,-20.076238,71.2031033,-8.1188717,-6.53006169,-16.3585985,-0.390583994,-18.1687284,37.2047507,75.2014756,20.5412185,-3.46067649,20.9387714,-11.1760917,3.67518862,6.87937422,9.09688563,-1.03377944,-3.15483919,-8.65982524,-3.2467539,-14.2809745,6.82142049,-1.945278,2.46929823
1488,1.03291953,1.26475338,106.659508,0.105287301,5.82139955,0.428204924,-1.11732023,2.01977594,-3.49837935,0,0,3.4097267,12.508881,-20.076238,71.2031033,-8.1188717,-6.53006169,-16.3585985,-0.390583994,-18.1687284,37.2047507,75.2014756,20.5412185,-3.46067649,20.9387714,-11.1760917,3.67518862,6.87937422,9.09688563,-1.03377944,-3.15483919,-8.65982524,-3.2467539,-14.2809745,6.82142049,-1.945278,2.46929823
1489,1.03291953,1.26475338,106.659508,0.105287301,5.82139955,0.428204924,-1.11732023,2.01977594,-3.49837935,0,0,3.4097267,12.508881,-20.076238,71.2031033,-8.1188717,-6.53006169,-16.3585985,-0.390583994,-18.1687284,37.2047507,75.2014756,20.5412185,-3.46067649,20.9387714,-11.1760917,3.67518862,6.87937422,9.09688563,-1.03377944,-3.15483919,-8.65982524,-3.2467539,-14.2809745,6.82142049,-1.945278,2.46929823
1490,1.03291953,1.26475338,106.659508,0.105287301,5.82139955,0.428204924,-1.11732023,2.01977594,-3.49837935,0,0,3.4097267,12.508881,-20.076238,71.2031033,-8.1188717,-6.53006169,-16.3585985,-0.390583994,-18.1687284,37.2047507,75.2014756,20.5412185,-3.46067649,20.9387714,-11.1760917,3.67518862,6.87937422,9.09688563,-1.03377944,-3.15483919,-8.65982524,-3.2467539,-14.2809745,6.82142049,-1.945278,2.46929823
1491,1.03291953,1.26475338,106.659508,0.105287301,5.82139955,0.428204924,-1.11732023,2.01977594,-3.49837935,0,0,3.4097267,12.508881,-20.076238,71.2031033,-8.1188717,-6.53006169,-16.3585985,-0.390583994,-18.1687284,37.2047507,75.2014756,20.5412185,-3.46067649,20.9387714,-11.1760917,3.67518862,6.87937422,9.09688563,-1.03377944,-3.15483919,-8.65982524,-3.2467539,-14.2809745,6.82142049,-1.945278,2.46929823
1492,1.03291953,1.26475338,106.659508,0.105287301,5.82139955,0.428204924,-1.11732023,2.01977594,-3.49837935,0,0,3.4097267,12.508881,-20.076238,71.2031033,-8.1188717,-6.53006169,-16.3585985,-0.390583994,-18.1687284,37.2047507,75.2014756,20.5412185,-3.46067649,20.9387714,-11.1760917,3.67518862,6.87937422,9.09688563,-1.03377944,-3.15483919,-8.65982524,-3.2467539,-14.2809745,6.82142049,-1.945278,2.46929823
1493,1.03291953,1.26475338,106.659508,0.105287301,5.82139955,0.428204924,-1.11732023,2.01977594,-3.49837935,0,0,3.4097267,12.508881,-20.076238,71.2031033,-8.1188717,-6.53006169,-16.3585985,-0.390583994,-18.1687284,37.2047507,75.2014756,20.5412185,-3.46067649,20.9387714,-11.1760917,3.67518862,6.87937422,9.09688563,-1.03377944,-3.15483919,-8.65982524,-3.2467539,-14.2809745,6.82142049,-1.945278,2.46929823
1494,1.03291953,1.26475338,106.659508,0.105287301,5.82139955,0.428204924,-1.11732023,2.01977594,-3.49837935,0,0,3.4097267,12.508881,-20.076238,71.2031033,-8.1188717,-6.53006169,-16.3585985,-0.390583994,-18.1687284,37.2047507,75.2014756,20.5412185,-3.46067649,20.9387714,-11.1760917,3.67518862,6.87937422,9.09688563,-1.03377944,-3.15483919,-8.65982524,-3.2467539,-14.2809745,6.82142049,-1.945278,2.46929823
1495,1.03291953,1.26475338,106.659508,0.105287301,5.82139955,0.428204924,-1.11732023,2.01977594,-3.49837935,0,0,3.4097267,12.508881,-20.076238,71.2031033,-8.1188717,-6.53006169,-16.3585985,-0.390583994,-18.1687284,37.2047507,75.2014756,20.5412185,-3.46067649,20.9387714,-11.1760917,3.67518862,6.87937422,9.09688563,-1.03377944,-3.15483919,-8.65982524,-3.2467539,-14.2809745,6.82142049,-1.945278,2.46929823
1496,1.03291953,1.26475338,106.659508,0.105287301,5.82139955,0.428204924,-1.11732023,2.01977594,-3.49837935,0,0,3.4097267,12.508881,-20.076238,71.2031033,-8.1188717,-6.53006169,-16.3585985,-0.390583994,-18.1687284,37.2047507,75.2014756,20.5412185,-3.46067649,20.9387714,-11.1760917,3.67518862,6.87937422,9.09688563,-1.03377944,-3.15483919,-8.65982524,-3.2467539,-14.2809745,6.82142049,-1.945278,2.46929823
1497,1.03291953,1.26475338,106.659508,0.105287301,5.82139955,0.428204924,-1.11732023,2.01977594,-3.49837935,0,0,3.4097267,12.508881,-20.076238,71.2031033,-8.1188717,-6.53006169,-16.3585985,-0.390583994,-18.1687284,37.2047507,75.2014756,20.5412185,-3.46067649,20.9387714,-11.1760917,3.67518862,6.87937422,9.09688563,-1.03377944,-3.15483919,-8.65982524,-3.2467539,-14.2809745,6.82142049,-1.945278,2.46929823
1498,1.03291953,1.26475338,106.659508,0.105287301,5.82139955,0.428204924,-1.11732023,2.01977594,-3.49837935,0,0,3.4097267,12.508881,-20.076238,71.2031033,-8.1188717,-6.53006169,-16.3585985,-0.390583994,-18.1687284,37.2047507,75.2014756,20.5412185,-3.46067649,20.9387714,-11.1760917,3.67518862,6.87937422,9.09688563,-1.03377944,-3.15483919,-8.65982524,-3.2467539,-14.2809745,6.82142049,-1.945278,2.46929823
1499,1.03291953,1.26475338,106.659508,0.105287301,5.82139955,0.428204924,-1.11732023,2.01977594,-3.49837935,0,0,3.4097267,12.508881,-20.076238,71.2031033,-8.1188717,-6.53006169,-16.3585985,-0.390583994,-18.1687284,37.2047507,75.2014756,20.5412185,-3.46067649,20.9387714,-11.1760917,3.67518862,6.87937422,9.09688563,-1.03377944,-3.15483919,-8.65982524,-3.2467539,-14.2809745,6.82142049,-1.945278,2.46929823
1500,1.03291953,1.26475338,106.659508,0.105287301,5.82139955,0.428204924,-1.11732023,2.01977594,-3.49837935,0,0,3.4097267,12.508881,-20.076238,71.2031033,-8.1188717,-6.53006169,-16.3585985,-0.390583994,-18.1687284,37.2047507,75.2014756,20.5412185,-3.46067649,20.9387714,-11.1760917,3.67518862,6.87937422,9.09688563,-1.03377944,-3.15483919,-8.65982524,-3.2467539,-14.2809745,6.82142049,-1.945278,2.46929823
1501,1.03291953,1.26475338,106.659508,0.105287301,5.82139955,0.428204924,-1.11732023,2.01977594,-3.49837935,0,0,3.4097267,12.508881,-20.076238,71.2031033,-8.1188717,-6.53006169,-16.3585985,-0.390583994,-18.1687284,37.2047507,75.2014756,20.5412185,-3.46067649,20.9387714,-11.1760917,3.67518862,6.87937422,9.09688563,-1.03377944,-3.15483919,-8.65982524,-3.2467539,-14.2809745,6.82142049,-1.945278,2.46929823
1502,1.03291953,1.26475338,106.659508,0.105287301,5.82139955,0.428204924,-1.11732023,2.01977594,-3.49837935,0,0,3.4097267,12.508881,-20.076238,71.2031033,-8.1188717,-6.53006169,-16.3585985,-0.390583994,-18.1687284,37.2047507,75.2014756,20.5412185,-3.46067649,20.9387714,-11.1760917,3.67518862,6.87937422,9.09688563,-1.03377944,-3.15483919,-8.65982524,-3.2467539,-14.2809745,6.82142049,-1.945278,2.46929823
1503,1.03291953,1.26475338,106.659508,0.105287301,5.82139955,0.428204924,-1.11732023,2.01977594,-3.49837935,0,0,3.4097267,12.508881,-20.076238,71.2031033,-8.1188717,-6.53006169,-16.3585985,-0.390583994,-18.1687284,37.2047507,75.2014756,20.5412185,-3.46067649,20.9387714,-11.1760917,3.67518862,6.87937422,9.09688563,-1.03377944,-3.15483919,-8.65982524,-3.2467539,-14.2809745,6.82142049,-1.945278,2.46929823
