pitch,roll,J00,J01,J10,J11,det,m0,m1,err,reachable,near_singular
-0.907600,-0.349100,0.703551445,-0.35187621,-0.811122011,-0.902198401,-0.920157528,-0.689953571,1.07719028,1.991e-06,1,0
-0.907600,-0.331645,0.698299709,-0.36319961,-0.81736644,-0.90693583,-0.930180198,-0.696698875,1.06396618,1.695e-06,1,0
-0.907600,-0.314190,0.692900621,-0.374439796,-0.823678669,-0.911064248,-0.939695056,-0.703584347,1.05097967,1.431e-06,1,0
-0.907600,-0.296735,0.687351504,-0.385593426,-0.830047878,-0.914617273,-0.948724563,-0.710609212,1.03822186,1.196e-06,1,0
-0.907600,-0.279280,0.681649901,-0.396657055,-0.836463379,-0.917625672,-0.957288548,-0.717772713,1.02568482,9.884e-07,1,0
-0.907600,-0.261825,0.675793562,-0.407627173,-0.842914571,-0.920117735,-0.965404525,-0.725074115,1.01336147,8.062e-07,1,0
-0.907600,-0.244370,0.669780475,-0.418500224,-0.849390932,-0.922119592,-0.973087993,-0.732512707,1.00124542,6.472e-07,1,0
-0.907600,-0.226915,0.663608856,-0.429272632,-0.855881994,-0.923655487,-0.980352677,-0.740087805,0.98933095,5.095e-07,1,0
-0.907600,-0.209460,0.657277158,-0.439940817,-0.862377326,-0.924748015,-0.987210732,-0.747798749,0.977612914,4.566e-07,1,0
-0.907600,-0.192005,0.650784076,-0.450501222,-0.868866522,-0.925418324,-0.993672939,-0.755644914,0.966086675,4.508e-07,1,0
-0.907600,-0.174550,0.644128547,-0.460950327,-0.875339194,-0.925686296,-0.999748856,-0.763625704,0.954748059,4.289e-07,1,0
-0.907600,-0.157095,0.637309757,-0.471284664,-0.881784947,-0.92557069,-1.00544695,-0.77174056,0.943593308,3.941e-07,1,0
-0.907600,-0.139640,0.63032714,-0.481500835,-0.888193391,-0.925089291,-1.01077475,-0.77998896,0.932619035,3.492e-07,1,0
-0.907600,-0.122185,0.623180386,-0.491595526,-0.894554116,-0.924259009,-1.01573889,-0.788370422,0.921822193,2.967e-07,1,0
-0.907600,-0.104730,0.615869434,-0.501565522,-0.900856697,-0.923096003,-1.02034527,-0.796884506,0.911200041,2.390e-07,1,0
-0.907600,-0.087275,0.608394478,-0.511407721,-0.907090671,-0.921615752,-1.02459911,-0.805530818,0.900750117,1.782e-07,1,0
-0.907600,-0.069820,0.600755966,-0.52111914,-0.913245556,-0.919833145,-1.02850499,-0.814309014,0.890470214,1.161e-07,1,0
-0.907600,-0.052365,0.5929546,-0.530696938,-0.919310825,-0.917762545,-1.03206696,-0.8232188,0.880358356,5.473e-08,1,0
-0.907600,-0.034910,0.584991332,-0.54013842,-0.925275895,-0.915417852,-1.03528857,-0.83225994,0.87041278,5.100e-08,1,0
-0.907600,-0.017455,0.57686737,-0.549441045,-0.931130147,-0.912812559,-1.0381729,-0.841432254,0.860631918,5.923e-08,1,0
-0.907600,0.000000,0.568584163,-0.558602446,-0.936862887,-0.909959795,-1.04072263,-0.850735626,0.851014383,1.083e-07,1,0
-0.907600,0.017455,0.560143412,-0.56762043,-0.942463358,-0.906872365,-1.04294004,-0.860170008,0.841558949,1.498e-07,1,0
-0.907600,0.034910,0.551547057,-0.576492992,-0.947920722,-0.903562798,-1.04482706,-0.869735423,0.832264546,1.817e-07,1,0
-0.907600,0.052365,0.542797275,-0.585218322,-0.953224049,-0.900043359,-1.04638526,-0.879431969,0.823130242,2.020e-07,1,0
-0.907600,0.069820,0.533896482,-0.593794807,-0.958362309,-0.8963261,-1.04761591,-0.889259827,0.814155237,2.084e-07,1,0
-0.907600,0.087275,0.52484732,-0.602221052,-0.963324353,-0.892422863,-1.04851995,-0.899219265,0.805338847,1.983e-07,1,0
-0.907600,0.104730,0.515652653,-0.610495871,-0.968098893,-0.888345314,-1.049098,-0.909310645,0.796680504,2.100e-07,1,0
-0.907600,0.122185,0.506315572,-0.618618299,-0.972674494,-0.884104969,-1.04935035,-0.919534426,0.788179738,2.771e-07,1,0
-0.907600,0.139640,0.496839374,-0.626587599,-0.977039541,-0.879713187,-1.04927701,-0.929891177,0.779836179,3.535e-07,1,0
-0.907600,0.157095,0.487227566,-0.634403262,-0.981182211,-0.875181206,-1.04887761,-0.940381581,0.771649542,4.400e-07,1,0
-0.907600,0.174550,0.477483858,-0.642065015,-0.985090462,-0.870520145,-1.04815144,-0.951006446,0.763619626,5.374e-07,1,0
-0.907600,0.192005,0.467612153,-0.649572818,-0.988751978,-0.865741022,-1.04709743,-0.961766713,0.755746305,6.469e-07,1,0
-0.907600,0.209460,0.457616548,-0.656926869,-0.992154145,-0.860854758,-1.0457141,-0.972663465,0.748029525,7.695e-07,1,0
-0.907600,0.226915,0.447501318,-0.664127608,-0.995284007,-0.855872198,-1.04399952,-0.983697945,0.740469295,9.235e-07,1,0
-0.907600,0.244370,0.43727092,-0.671175718,-0.998128207,-0.850804099,-1.04195131,-0.994871561,0.733065686,1.273e-06,1,0
-0.907600,0.261825,0.426929982,-0.678072119,-1.00067295,-0.845661162,-1.03956653,-1.00618591,0.725818825,1.693e-06,1,0
-0.907600,0.279280,0.416483304,-0.684817974,-1.00290391,-0.840454023,-1.0368417,-1.01764277,0.71872889,2.193e-06,1,0
-0.907600,0.296735,0.405935842,-0.691414689,-1.00480622,-0.835193275,-1.03377266,-1.02924417,0.711796107,2.783e-06,1,0
-0.907600,0.314190,0.395292716,-0.697863904,-1.0063643,-0.829889458,-1.03035458,-1.04099234,0.705020744,3.476e-06,1,0
-0.907600,0.331645,0.384559202,-0.704167501,-1.00756186,-0.824553089,-1.02658179,-1.0528898,0.698403111,4.283e-06,1,0
-0.907600,0.349100,0.37374073,-0.710327594,-1.00838173,-0.819194661,-1.02244778,-1.06493934,0.691943552,5.218e-06,1,0
-0.889710,-0.349100,0.698996336,-0.356127754,-0.807498054,-0.901667509,-0.917834754,-0.672395801,1.06143595,1.663e-06,1,0
-0.889710,-0.331645,0.693842307,-0.367238204,-0.813419881,-0.905806324,-0.927205605,-0.679238929,1.04825914,1.416e-06,1,0
-0.889710,-0.314190,0.688546129,-0.378264245,-0.819415834,-0.909382557,-0.936107551,-0.686222337,1.03530942,1.195e-06,1,0
-0.889710,-0.296735,0.683105055,-0.389202526,-0.82547546,-0.912426917,-0.944560574,-0.693345174,1.02257884,9.980e-07,1,0
-0.889710,-0.279280,0.677516545,-0.400049638,-0.831588426,-0.914967606,-0.95258234,-0.700606614,1.01006028,8.240e-07,1,0
-0.889710,-0.261825,0.671778278,-0.410802133,-0.837744509,-0.917030637,-0.960188493,-0.708005847,0.997747354,6.710e-07,1,0
-0.889710,-0.244370,0.665888152,-0.421456546,-0.843933563,-0.918640114,-0.967392892,-0.715542089,0.985634317,5.374e-07,1,0
-0.889710,-0.226915,0.65984429,-0.43200942,-0.850145507,-0.919818468,-0.974207831,-0.723214581,0.97371602,4.413e-07,1,0
-0.889710,-0.209460,0.653645047,-0.442457316,-0.856370306,-0.920586662,-0.980644219,-0.731022593,0.961987824,4.413e-07,1,0
-0.889710,-0.192005,0.647289008,-0.452796832,-0.862597965,-0.920964372,-0.98671174,-0.738965423,0.950445555,4.264e-07,1,0
-0.889710,-0.174550,0.640774996,-0.463024621,-0.868818504,-0.920970137,-0.992418995,-0.7470424,0.939085458,3.993e-07,1,0
-0.889710,-0.157095,0.634102073,-0.473137404,-0.875021963,-0.920621501,-0.997773622,-0.755252891,0.927904153,3.625e-07,1,0
-0.889710,-0.139640,0.627269541,-0.48313198,-0.881198377,-0.919935125,-1.0027824,-0.763596296,0.916898601,3.182e-07,1,0
-0.889710,-0.122185,0.620276946,-0.493005247,-0.887337789,-0.918926896,-1.00745135,-0.772072055,0.906066073,2.684e-07,1,0
-0.889710,-0.104730,0.613124079,-0.502754204,-0.893430225,-0.917612017,-1.01178582,-0.780679651,0.89540412,2.150e-07,1,0
-0.889710,-0.087275,0.605810974,-0.512375973,-0.899465694,-0.916005083,-1.01579054,-0.789418611,0.88491055,1.594e-07,1,0
-0.889710,-0.069820,0.598337912,-0.521867802,-0.905434181,-0.914120159,-1.01946969,-0.798288508,0.874583406,1.032e-07,1,0
-0.889710,-0.052365,0.590705415,-0.531227084,-0.911325642,-0.911970832,-1.02282697,-0.807288967,0.864420944,5.021e-08,1,0
-0.889710,-0.034910,0.582914249,-0.540451358,-0.917129996,-0.909570279,-1.02586563,-0.816419665,0.854421618,4.963e-08,1,0
-0.889710,-0.017455,0.574965422,-0.549538328,-0.922837119,-0.906931301,-1.02858851,-0.825680338,0.844584064,5.470e-08,1,0
-0.889710,0.000000,0.566860183,-0.55848586,-0.928436835,-0.904066379,-1.03099808,-0.83507078,0.834907084,9.935e-08,1,0
-0.889710,0.017455,0.558600015,-0.567292005,-0.93391891,-0.900987698,-1.03309647,-0.844590852,0.825389632,1.377e-07,1,0
-0.889710,0.034910,0.550186636,-0.575954996,-0.939273039,-0.89770719,-1.0348855,-0.854240481,0.816030807,1.682e-07,1,0
-0.889710,0.052365,0.541621994,-0.584473259,-0.944488842,-0.894236564,-1.03636666,-0.864019669,0.806829838,1.892e-07,1,0
-0.889710,0.069820,0.532908262,-0.592845421,-0.949555843,-0.89058732,-1.03754117,-0.873928496,0.797786076,1.988e-07,1,0
-0.889710,0.087275,0.524047837,-0.601070317,-0.954463467,-0.886770783,-1.03840997,-0.883967123,0.788898985,1.951e-07,1,0
-0.889710,0.104730,0.515043331,-0.609146988,-0.959201013,-0.882798115,-1.03897369,-0.894135803,0.780168133,1.800e-07,1,0
-0.889710,0.122185,0.505897567,-0.617074696,-0.963757642,-0.878680343,-1.0392327,-0.90443488,0.771593187,2.391e-07,1,0
-0.889710,0.139640,0.49661358,-0.624852923,-0.968122363,-0.874428364,-1.03918709,-0.914864803,0.763173903,3.064e-07,1,0
-0.889710,0.157095,0.4871946,-0.632481376,-0.972283992,-0.87005296,-1.03883662,-0.925426129,0.75491012,3.827e-07,1,0
-0.889710,0.174550,0.477644055,-0.63995999,-0.976231144,-0.865564817,-1.03818076,-0.936119529,0.746801755,4.688e-07,1,0
-0.889710,0.192005,0.467965567,-0.647288929,-0.97995219,-0.860974528,-1.03721864,-0.946945805,0.7388488,5.655e-07,1,0
-0.889710,0.209460,0.458162938,-0.654468589,-0.983435236,-0.856292615,-1.03594901,-0.957905889,0.731051311,6.741e-07,1,0
-0.889710,0.226915,0.448240151,-0.661499605,-0.986668059,-0.851529522,-1.03437025,-0.969000862,0.723409408,7.956e-07,1,0
-0.889710,0.244370,0.438201362,-0.668382842,-0.989638096,-0.846695636,-1.0324803,-0.980231963,0.715923268,9.592e-07,1,0
-0.889710,0.261825,0.4280509,-0.675119399,-0.992332368,-0.841801295,-1.03027663,-0.991600601,0.708593121,1.296e-06,1,0
-0.889710,0.279280,0.417793252,-0.681710615,-0.994737431,-0.836856789,-1.02775619,-1.00310837,0.701419247,1.697e-06,1,0
-0.889710,0.296735,0.407433073,-0.688158058,-0.996839321,-0.831872378,-1.02491533,-1.01475707,0.694401973,2.173e-06,1,0
-0.889710,0.314190,0.39697517,-0.694463533,-0.998623472,-0.826858297,-1.0217498,-1.02654871,0.687541664,2.731e-06,1,0
-0.889710,0.331645,0.386424502,-0.700629074,-1.00007463,-0.82182476,-1.01825458,-1.03848555,0.680838725,3.382e-06,1,0
-0.889710,0.349100,0.375786188,-0.706656949,-1.00117676,-0.816781976,-1.0144239,-1.05057012,0.674293598,4.137e-06,1,0
-0.871820,-0.349100,0.69446932,-0.360217141,-0.803840159,-0.900858201,-0.915175386,-0.654803387,1.04570984,1.367e-06,1,0
-0.871820,-0.331645,0.689414759,-0.371118843,-0.809456638,-0.904435508,-0.923935799,-0.661744248,1.03257552,1.164e-06,1,0
-0.871820,-0.314190,0.684223026,-0.38193482,-0.815153341,-0.907493432,-0.932263346,-0.668825455,1.01965845,9.820e-07,1,0
-0.871820,-0.296735,0.678891305,-0.392661745,-0.820920141,-0.910060063,-0.940175798,-0.676046085,1.00695149,8.197e-07,1,0
-0.871820,-0.279280,0.673416982,-0.403296265,-0.826747048,-0.912161285,-0.947688896,-0.683405237,0.99444826,6.760e-07,1,0
-0.871820,-0.261825,0.667797655,-0.413835013,-0.832624178,-0.913821052,-0.954816594,-0.690902029,0.982143016,5.494e-07,1,0
-0.871820,-0.244370,0.662031141,-0.424274636,-0.838541743,-0.915061614,-0.961571277,-0.698535603,0.970030606,4.387e-07,1,0
-0.871820,-0.226915,0.65611547,-0.434611801,-0.84449002,-0.915903747,-0.967963946,-0.706305128,0.958106397,4.218e-07,1,0
-0.871820,-0.209460,0.650048898,-0.444843217,-0.850459346,-0.916366914,-0.974004374,-0.714209796,0.946366222,4.125e-07,1,0
-0.871820,-0.192005,0.643829905,-0.454965645,-0.856440102,-0.916469433,-0.979701251,-0.722248833,0.934806334,3.921e-07,1,0
-0.871820,-0.174550,0.637457204,-0.464975909,-0.862422701,-0.916228607,-0.985062306,-0.730421494,0.923423365,3.626e-07,1,0
-0.871820,-0.157095,0.630929736,-0.47487092,-0.86839758,-0.915660848,-0.990094415,-0.738727068,0.912214289,3.260e-07,1,0
-0.871820,-0.139640,0.624246678,-0.484647671,-0.874355186,-0.914781781,-0.994803692,-0.747164879,0.901176391,2.840e-07,1,0
-0.871820,-0.122185,0.617407437,-0.494303263,-0.880285977,-0.913606328,-0.999195573,-0.755734292,0.890307241,2.381e-07,1,0
-0.871820,-0.104730,0.610411662,-0.503834913,-0.886180406,-0.912148806,-1.0032749,-0.76443471,0.879604663,1.896e-07,1,0
-0.871820,-0.087275,0.603259233,-0.513239953,-0.892028923,-0.910422981,-1.00704595,-0.77326558,0.869066721,1.399e-07,1,0
-0.871820,-0.069820,0.595950269,-0.52251586,-0.897821958,-0.908442143,-1.01051255,-0.782226396,0.858691693,9.002e-08,1,0
-0.871820,-0.052365,0.588485123,-0.531660244,-0.903549926,-0.906219158,-1.01367807,-0.7913167,0.848478057,4.817e-08,1,0
-0.871820,-0.034910,0.580864383,-0.540670879,-0.909203208,-0.903766512,-1.01654548,-0.800536085,0.838424472,4.732e-08,1,0
-0.871820,-0.017455,0.57308887,-0.549545689,-0.914772162,-0.901096367,-1.0191174,-0.809884202,0.828529766,4.975e-08,1,0
-0.871820,0.000000,0.565159636,-0.558282777,-0.920247095,-0.898220587,-1.02139612,-0.819360756,0.818792924,8.959e-08,1,0
-0.871820,0.017455,0.557077962,-0.566880421,-0.92561827,-0.895150772,-1.02338364,-0.828965518,0.809213072,1.243e-07,1,0
-0.871820,0.034910,0.548845353,-0.575337082,-0.930875893,-0.891898298,-1.02508166,-0.838698323,0.799789471,1.526e-07,1,0
-0.871820,0.052365,0.540463536,-0.583651412,-0.936010098,-0.88847434,-1.0264916,-0.848559076,0.790521504,1.732e-07,1,0
-0.871820,0.069820,0.53193446,-0.591822262,-0.941010946,-0.884889883,-1.02761465,-0.858547756,0.78140867,1.847e-07,1,0
-0.871820,0.087275,0.523260283,-0.599848686,-0.9458684,-0.881155766,-1.02845173,-0.868664423,0.772450573,1.854e-07,1,0
-0.871820,0.104730,0.514443378,-0.607729945,-0.950572324,-0.87728268,-1.02900353,-0.87890922,0.763646916,1.735e-07,1,0
-0.871820,0.122185,0.505486318,-0.615465516,-0.95511245,-0.87328119,-1.02927047,-0.889282381,0.754997495,2.030e-07,1,0
-0.871820,0.139640,0.496391884,-0.623055088,-0.959478379,-0.869161755,-1.02925273,-0.899784234,0.74650219,2.614e-07,1,0
-0.871820,0.157095,0.487163043,-0.630498571,-0.963659538,-0.864934734,-1.0289502,-0.910415213,0.738160962,3.276e-07,1,0
-0.871820,0.174550,0.47780296,-0.637796101,-0.967645177,-0.860610405,-1.02836252,-0.92117586,0.729973844,4.024e-07,1,0
-0.871820,0.192005,0.468314981,-0.644948035,-0.971424325,-0.856198972,-1.02748901,-0.932066837,0.721940941,4.866e-07,1,0
-0.871820,0.209460,0.458702631,-0.651954961,-0.974985761,-0.851710567,-1.02632868,-0.943088931,0.714062419,5.811e-07,1,0
-0.871820,0.226915,0.448969614,-0.658817691,-0.978317993,-0.847155279,-1.02488018,-0.954243068,0.706338505,6.869e-07,1,0
-0.871820,0.244370,0.439119801,-0.66553727,-0.981409197,-0.84254314,-1.02314177,-0.965530321,0.69876948,8.050e-07,1,0
-0.871820,0.261825,0.429157227,-0.672114969,-0.984247185,-0.837884153,-1.02111131,-0.97695192,0.691355679,9.749e-07,1,0
-0.871820,0.279280,0.419086093,-0.678552291,-0.98681935,-0.833188291,-1.01878616,-0.988509271,0.684097482,1.294e-06,1,0
-0.871820,0.296735,0.40891075,-0.684850966,-0.989112609,-0.828465507,-1.01616318,-1.00020396,0.676995312,1.672e-06,1,0
-0.871820,0.314190,0.398635709,-0.69101295,-0.991113338,-0.823725747,-1.01323865,-1.0120378,0.670049633,2.118e-06,1,0
-0.871820,0.331645,0.388265631,-0.697040429,-0.992807297,-0.818978953,-1.0100082,-1.02401279,0.663260947,2.638e-06,1,0
-0.871820,0.349100,0.377805326,-0.702935812,-0.994179545,-0.814235088,-1.00646676,-1.03613119,0.656629788,3.241e-06,1,0
-0.853930,-0.349100,0.689969143,-0.364153581,-0.800150664,-0.899794737,-0.912208332,-0.637175138,1.0300072,1.107e-06,1,0
-0.853930,-0.331645,0.685015674,-0.374850452,-0.805478052,-0.902844622,-0.920396529,-0.644213703,1.016911,9.420e-07,1,0
-0.853930,-0.314190,0.6799298,-0.385460186,-0.810891523,-0.905415408,-0.928185315,-0.651392637,1.00402277,7.942e-07,1,0
-0.853930,-0.296735,0.674708633,-0.395979508,-0.816381257,-0.907532823,-0.935590479,-0.658710943,0.991336115,6.623e-07,1,0
-0.853930,-0.279280,0.669349486,-0.406405138,-0.821937579,-0.909220646,-0.942626027,-0.666167646,0.978845317,5.453e-07,1,0
-0.853930,-0.261825,0.66384988,-0.416733814,-0.827550924,-0.910500943,-0.949304395,-0.67376179,0.966545232,4.422e-07,1,0
-0.853930,-0.244370,0.658207546,-0.426962297,-0.833211832,-0.911394287,-0.955636635,-0.681492444,0.954431238,3.947e-07,1,0
-0.853930,-0.226915,0.652420425,-0.437087393,-0.838910917,-0.911919921,-0.961632568,-0.689358701,0.942499184,3.898e-07,1,0
-0.853930,-0.209460,0.64648668,-0.44710596,-0.844638861,-0.912095933,-0.967300941,-0.697359682,0.930745337,3.749e-07,1,0
-0.853930,-0.192005,0.64040469,-0.457014923,-0.850386405,-0.911939387,-0.972649538,-0.705494535,0.919166347,3.517e-07,1,0
-0.853930,-0.174550,0.634173058,-0.466811285,-0.856144323,-0.911466436,-0.977685289,-0.713762442,0.907759204,3.220e-07,1,0
-0.853930,-0.157095,0.627790611,-0.476492138,-0.861903427,-0.910692442,-0.982414371,-0.722162615,0.896521215,2.872e-07,1,0
-0.853930,-0.139640,0.621256399,-0.48605467,-0.867654551,-0.909632058,-0.986842284,-0.730694304,0.885449967,2.486e-07,1,0
-0.853930,-0.122185,0.614569704,-0.495496184,-0.873388542,-0.908299316,-0.990973931,-0.739356795,0.874543308,2.072e-07,1,0
-0.853930,-0.104730,0.607730033,-0.504814095,-0.879096261,-0.906707695,-0.994813681,-0.748149413,0.863799324,1.642e-07,1,0
-0.853930,-0.087275,0.600737121,-0.514005956,-0.884768567,-0.904870189,-0.998365425,-0.757071528,0.853216317,1.205e-07,1,0
-0.853930,-0.069820,0.593590932,-0.523069449,-0.890396316,-0.90279936,-1.00163262,-0.766122553,0.84279279,7.702e-08,1,0
-0.853930,-0.052365,0.586291658,-0.532002407,-0.89597035,-0.900507388,-1.00461835,-0.775301947,0.832527427,4.528e-08,1,0
-0.853930,-0.034910,0.578839715,-0.540802817,-0.901481495,-0.898006118,-1.00732534,-0.784609223,0.822419086,4.423e-08,1,0
-0.853930,-0.017455,0.571235749,-0.549468829,-0.906920561,-0.8953071,-1.009756,-0.794043944,0.812466778,4.459e-08,1,0
-0.853930,0.000000,0.563480622,-0.557998759,-0.912278311,-0.892421617,-1.01191245,-0.803605731,0.802669661,7.950e-08,1,0
-0.853930,0.017455,0.555575423,-0.566391106,-0.917545487,-0.889360725,-1.01379656,-0.813294264,0.793027027,1.102e-07,1,0
-0.853930,0.034910,0.547521454,-0.574644547,-0.922712771,-0.88613527,-1.01540993,-0.823109286,0.783538292,1.358e-07,1,0
-0.853930,0.052365,0.539320236,-0.582757951,-0.927770798,-0.882755921,-1.01675394,-0.833050608,0.774202989,1.553e-07,1,0
-0.853930,0.069820,0.530973498,-0.590730383,-0.932710129,-0.879233188,-1.01782973,-0.843118111,0.765020758,1.676e-07,1,0
-0.853930,0.087275,0.522483177,-0.598561106,-0.937521251,-0.875577438,-1.01863824,-0.853311753,0.755991339,1.712e-07,1,0
-0.853930,0.104730,0.513851415,-0.606249588,-0.942194558,-0.871798918,-1.01918017,-0.863631572,0.747114565,1.648e-07,1,0
-0.853930,0.122185,0.505080551,-0.613795508,-0.946720336,-0.867907766,-1.01945602,-0.874077691,0.738390358,1.697e-07,1,0
-0.853930,0.139640,0.496173117,-0.621198755,-0.951088745,-0.863914029,-1.01946606,-0.884650323,0.72981872,2.196e-07,1,0
-0.853930,0.157095,0.487131838,-0.628459433,-0.955289806,-0.859827667,-1.01921032,-0.895349782,0.721399729,2.762e-07,1,0
-0.853930,0.174550,0.47795962,-0.635577866,-0.959313367,-0.855658574,-1.01868859,-0.906176483,0.713133532,3.402e-07,1,0
-0.853930,0.192005,0.468659554,-0.642554599,-0.963149089,-0.851416582,-1.01790039,-0.917130952,0.705020343,4.123e-07,1,0
-0.853930,0.209460,0.459234899,-0.649390396,-0.966786412,-0.847111475,-1.01684496,-0.928213836,0.697060438,4.932e-07,1,0
-0.853930,0.226915,0.449689088,-0.656086245,-0.970214522,-0.842752995,-1.01552123,-0.939425909,0.68925415,5.839e-07,1,0
-0.853930,0.244370,0.44002572,-0.662643358,-0.973422314,-0.838350853,-1.01392777,-0.950768084,0.681601862,6.852e-07,1,0
-0.853930,0.261825,0.430248557,-0.669063172,-0.976398363,-0.833914738,-1.0120628,-0.962241421,0.674104009,7.981e-07,1,0
-0.853930,0.279280,0.420361511,-0.675347345,-0.979130857,-0.82945433,-1.0099241,-0.973847141,0.666761072,9.709e-07,1,0
-0.853930,0.296735,0.410368656,-0.681497764,-0.981607562,-0.824979296,-1.007509,-0.985586639,0.659573572,1.269e-06,1,0
-0.853930,0.314190,0.400274213,-0.687516531,-0.983815754,-0.820499316,-1.00481431,-0.997461497,0.652542069,1.620e-06,1,0
-0.853930,0.331645,0.390082551,-0.693405978,-0.985742153,-0.816024086,-1.00183626,-1.00947351,0.645667159,2.031e-06,1,0
-0.853930,0.349100,0.379798189,-0.699168649,-0.987372861,-0.811563332,-0.998570434,-1.02162467,0.63894947,2.509e-06,1,0
-0.836040,-0.349100,0.685494597,-0.367945617,-0.796431684,-0.898498712,-0.90895956,-0.619509896,1.01432372,8.805e-07,1,0
-0.836040,-0.331645,0.68064373,-0.378441313,-0.801485316,-0.901052583,-0.916610946,-0.626646199,1.00126163,7.494e-07,1,0
-0.836040,-0.314190,0.675665019,-0.388848391,-0.806630652,-0.903164998,-0.923894028,-0.633922849,0.98839873,6.314e-07,1,0
-0.836040,-0.296735,0.670555508,-0.399163647,-0.811858162,-0.90485954,-0.930822814,-0.641338776,0.975729324,5.259e-07,1,0
-0.836040,-0.279280,0.665312438,-0.409383895,-0.817158455,-0.906158072,-0.937409748,-0.648892929,0.963248286,4.322e-07,1,0
-0.836040,-0.261825,0.65993325,-0.419505981,-0.822522268,-0.907080942,-0.943665885,-0.65658428,0.950951017,3.624e-07,1,0
-0.836040,-0.244370,0.654415595,-0.429526797,-0.827940444,-0.907647167,-0.949601067,-0.664411823,0.938833388,3.607e-07,1,0
-0.836040,-0.226915,0.64875733,-0.43944329,-0.833403919,-0.907874595,-0.955224057,-0.672374577,0.926891689,3.502e-07,1,0
-0.836040,-0.209460,0.64295652,-0.449252472,-0.838903695,-0.907780036,-0.960542652,-0.680471588,0.91512259,3.323e-07,1,0
-0.836040,-0.192005,0.63701145,-0.458951436,-0.844430846,-0.907379389,-0.965563809,-0.68870193,0.903523109,3.086e-07,1,0
-0.836040,-0.174550,0.630920615,-0.468537358,-0.84997649,-0.906687744,-0.970293728,-0.697064709,0.892090573,2.801e-07,1,0
-0.836040,-0.157095,0.624682732,-0.478007513,-0.85553179,-0.905719483,-0.974737944,-0.705559063,0.880822594,2.481e-07,1,0
-0.836040,-0.139640,0.618296734,-0.48735928,-0.861087943,-0.904488352,-0.978901394,-0.714184165,0.869717047,2.135e-07,1,0
-0.836040,-0.122185,0.611761775,-0.496590154,-0.866636167,-0.903007545,-0.982788487,-0.722939224,0.858772041,1.771e-07,1,0
-0.836040,-0.104730,0.605077232,-0.505697757,-0.872167703,-0.90128976,-0.986403165,-0.731823489,0.847985905,1.397e-07,1,0
-0.836040,-0.087275,0.598242699,-0.514679837,-0.877673799,-0.89934726,-0.98974894,-0.74083625,0.837357169,1.020e-07,1,0
-0.836040,-0.069820,0.591257992,-0.523534287,-0.88314571,-0.897191922,-0.992828954,-0.749976841,0.826884547,6.465e-08,1,0
-0.836040,-0.052365,0.584123148,-0.532259149,-0.888574688,-0.894835285,-0.995646011,-0.759244642,0.816566924,4.175e-08,1,0
-0.836040,-0.034910,0.576838425,-0.540852615,-0.893951983,-0.892288587,-0.998202611,-0.768639081,0.806403341,4.059e-08,1,0
-0.836040,-0.017455,0.569404291,-0.549313049,-0.899268818,-0.889562798,-1.00050097,-0.778159639,0.796392988,3.942e-08,1,0
-0.836040,0.000000,0.561821436,-0.557638976,-0.904516411,-0.886668655,-1.00254306,-0.787805851,0.786535187,6.949e-08,1,0
-0.836040,0.017455,0.554090762,-0.565829102,-0.909685941,-0.883616695,-1.00433063,-0.797577308,0.776829389,9.621e-08,1,0
-0.836040,0.034910,0.546213383,-0.573882312,-0.914768556,-0.880417263,-1.00586519,-0.807473664,0.76727516,1.189e-07,1,0
-0.836040,0.052365,0.538190616,-0.581797683,-0.919755358,-0.877080557,-1.00714806,-0.817494636,0.757872175,1.367e-07,1,0
-0.836040,0.069820,0.530023989,-0.58957448,-0.924637393,-0.873616626,-1.00818038,-0.82764001,0.748620212,1.488e-07,1,0
-0.836040,0.087275,0.521715224,-0.597212166,-0.929405646,-0.870035403,-1.00896307,-0.837909644,0.739519142,1.543e-07,1,0
-0.836040,0.104730,0.513266243,-0.604710408,-0.934051015,-0.866346711,-1.00949689,-0.84830347,0.730568926,1.518e-07,1,0
-0.836040,0.122185,0.504679163,-0.612069074,-0.938564318,-0.862560285,-1.0097824,-0.858821507,0.721769607,1.401e-07,1,0
-0.836040,0.139640,0.495956282,-0.619288244,-0.942936253,-0.858685782,-1.00981994,-0.869463854,0.713121305,1.817e-07,1,0
-0.836040,0.157095,0.487100088,-0.626368209,-0.947157402,-0.854732788,-1.0096097,-0.880230706,0.704624212,2.294e-07,1,0
-0.836040,0.174550,0.478113249,-0.633309469,-0.951218195,-0.850710835,-1.00915161,-0.891122356,0.696278587,2.834e-07,1,0
-0.836040,0.192005,0.468998603,-0.640112747,-0.955108896,-0.846629411,-1.00844539,-0.902139199,0.688084754,3.442e-07,1,0
-0.836040,0.209460,0.45975916,-0.646778976,-0.958819573,-0.842497967,-1.0074905,-0.913281745,0.680043093,4.125e-07,1,0
-0.836040,0.226915,0.450398096,-0.653309312,-0.962340071,-0.838325926,-1.00628613,-0.924550622,0.67215404,4.890e-07,1,0
-0.836040,0.244370,0.440918749,-0.659705127,-0.965659978,-0.834122696,-1.00483117,-0.935946586,0.664418083,5.746e-07,1,0
-0.836040,0.261825,0.43132461,-0.665968015,-0.968768585,-0.829897675,-1.00312418,-0.947470535,0.656835754,6.698e-07,1,0
-0.836040,0.279280,0.421619331,-0.672099784,-0.971654856,-0.825660264,-1.00116335,-0.959123511,0.649407633,7.756e-07,1,0
-0.836040,0.296735,0.411806707,-0.678102468,-0.974307361,-0.821419875,-0.99894644,-0.970906722,0.642134337,9.481e-07,1,0
-0.836040,0.314190,0.401890682,-0.683978312,-0.97671424,-0.81718594,-0.996470772,-0.982821546,0.635016523,1.222e-06,1,0
-0.836040,0.331645,0.391875346,-0.689729785,-0.978863142,-0.812967926,-0.993733152,-0.994869552,0.62805488,1.543e-06,1,0
-0.836040,0.349100,0.381764934,-0.695359568,-0.980741148,-0.808775345,-0.990729807,-1.00705251,0.621250132,1.917e-06,1,0
-0.818150,-0.349100,0.681044522,-0.371601186,-0.792685129,-0.896989415,-0.905452461,-0.601806535,0.998655417,6.877e-07,1,0
-0.818150,-0.331645,0.676297663,-0.381899135,-0.797479493,-0.899076286,-0.91259992,-0.609040668,0.98562375,5.851e-07,1,0
-0.818150,-0.314190,0.671427325,-0.392106936,-0.802370945,-0.900756941,-0.919408036,-0.616415082,0.972782967,4.926e-07,1,0
-0.818150,-0.296735,0.666430486,-0.402221469,-0.807350221,-0.902053012,-0.92588922,-0.623928634,0.960127982,4.098e-07,1,0
-0.818150,-0.279280,0.661304314,-0.412239656,-0.812408198,-0.90298461,-0.932054494,-0.631580198,0.947654227,3.360e-07,1,0
-0.818150,-0.261825,0.656046175,-0.422158463,-0.817535893,-0.903570504,-0.937913669,-0.639368671,0.935357601,3.275e-07,1,0
-0.818150,-0.244370,0.65065364,-0.431974919,-0.822724438,-0.903828288,-0.943475489,-0.647292973,0.923234426,3.203e-07,1,0
-0.818150,-0.226915,0.64512448,-0.441686117,-0.827965059,-0.90377451,-0.948747733,-0.655352048,0.911281403,3.067e-07,1,0
-0.818150,-0.209460,0.639456675,-0.451289225,-0.833249069,-0.903424801,-0.953737346,-0.663544867,0.899495575,2.880e-07,1,0
-0.818150,-0.192005,0.633648409,-0.460781504,-0.83856785,-0.902793977,-0.958450522,-0.671870431,0.887874301,2.651e-07,1,0
-0.818150,-0.174550,0.62769808,-0.470160301,-0.843912846,-0.901896138,-0.962892792,-0.68032777,0.876415222,2.389e-07,1,0
-0.818150,-0.157095,0.621604295,-0.479423073,-0.84927555,-0.900744749,-0.967069098,-0.688915947,0.865116239,2.104e-07,1,0
-0.818150,-0.139640,0.615365872,-0.488567385,-0.8546475,-0.899352708,-0.970983858,-0.697634059,0.853975493,1.801e-07,1,0
-0.818150,-0.122185,0.60898185,-0.497590923,-0.860020266,-0.897732424,-0.97464103,-0.706481239,0.842991341,1.487e-07,1,0
-0.818150,-0.104730,0.602451472,-0.5064915,-0.865385444,-0.895895856,-0.978044149,-0.715456659,0.832162341,1.167e-07,1,0
-0.818150,-0.087275,0.595774203,-0.515267064,-0.870734653,-0.893854581,-0.981196389,-0.724559532,0.821487239,8.475e-08,1,0
-0.818150,-0.069820,0.588949718,-0.523915705,-0.876059528,-0.891619835,-0.984100595,-0.733789113,0.81096495,5.323e-08,1,0
-0.818150,-0.052365,0.581977905,-0.532435665,-0.881351709,-0.889202544,-0.986759316,-0.7431447,0.800594545,3.780e-08,1,0
-0.818150,-0.034910,0.574858863,-0.540825341,-0.886602836,-0.886613371,-0.989174835,-0.752625643,0.790375247,3.659e-08,1,0
-0.818150,-0.017455,0.567592905,-0.549083291,-0.891804549,-0.883862743,-0.991349198,-0.762231338,0.78030641,3.440e-08,1,0
-0.818150,0.000000,0.56018055,-0.557208246,-0.896948475,-0.880960881,-0.993284238,-0.771961236,0.770387518,5.986e-08,1,0
-0.818150,0.017455,0.552622523,-0.565199109,-0.902026225,-0.877917824,-0.994981582,-0.781814841,0.760618172,8.268e-08,1,0
-0.818150,0.034910,0.544919754,-0.573054965,-0.907029382,-0.874743453,-0.996442678,-0.791791719,0.750998082,1.023e-07,1,0
-0.818150,0.052365,0.537073376,-0.580775084,-0.911949496,-0.871447505,-0.997668799,-0.801891495,0.741527063,1.182e-07,1,0
-0.818150,0.069820,0.529084715,-0.588358924,-0.91677808,-0.868039605,-0.998661051,-0.81211386,0.732205024,1.297e-07,1,0
-0.818150,0.087275,0.520955294,-0.595806139,-0.921506586,-0.86452927,-0.999420382,-0.822458575,0.723031964,1.359e-07,1,0
-0.818150,0.104730,0.512686825,-0.603116583,-0.926126404,-0.860925923,-0.99994757,-0.832925472,0.714007966,1.360e-07,1,0
-0.818150,0.122185,0.504281211,-0.610290308,-0.930628853,-0.857238919,-1.00024325,-0.843514463,0.705133192,1.290e-07,1,0
-0.818150,0.139640,0.495740533,-0.617327572,-0.935005155,-0.853477546,-1.00030788,-0.854225538,0.696407877,1.482e-07,1,0
-0.818150,0.157095,0.487067051,-0.624228842,-0.939246421,-0.849651034,-1.00014173,-0.865058779,0.687832325,1.878e-07,1,0
-0.818150,0.174550,0.4782632,-0.630994792,-0.943343647,-0.84576858,-0.999744916,-0.876014356,0.679406904,2.326e-07,1,0
-0.818150,0.192005,0.469331583,-0.637626307,-0.947287672,-0.841839346,-0.999117333,-0.887092539,0.671132044,2.831e-07,1,0
-0.818150,0.209460,0.460274971,-0.644124487,-0.951069167,-0.837872468,-0.998258665,-0.898293704,0.66300823,3.399e-07,1,0
-0.818150,0.226915,0.451096293,-0.650490644,-0.95467861,-0.833877072,-0.997168359,-0.909618338,0.655035999,4.036e-07,1,0
-0.818150,0.244370,0.441798635,-0.656726303,-0.958106246,-0.829862285,-0.995845598,-0.92106705,0.647215938,4.747e-07,1,0
-0.818150,0.261825,0.432385238,-0.662833207,-0.961342071,-0.82583723,-0.994289275,-0.932640574,0.639548681,5.539e-07,1,0
-0.818150,0.279280,0.42285949,-0.668813312,-0.964375772,-0.821811052,-0.992497956,-0.944339787,0.632034902,6.418e-07,1,0
-0.818150,0.296735,0.413224926,-0.674668788,-0.967196703,-0.817792922,-0.990469847,-0.956165712,0.624675315,7.390e-07,1,0
-0.818150,0.314190,0.403485227,-0.680402019,-0.969793834,-0.813792043,-0.98820275,-0.968119534,0.617470673,9.082e-07,1,0
-0.818150,0.331645,0.393644209,-0.686015605,-0.972155688,-0.809817673,-0.98569401,-0.980202612,0.610421758,1.156e-06,1,0
-0.818150,0.349100,0.383705831,-0.691512358,-0.974270291,-0.805879123,-0.982940466,-0.992416492,0.603529385,1.445e-06,1,0
-0.800260,-0.349100,0.676617803,-0.375127691,-0.788912733,-0.895284115,-0.901708182,-0.584063955,0.982998656,5.262e-07,1,0
-0.800260,-0.331645,0.671976264,-0.385231115,-0.793461532,-0.896930857,-0.908382317,-0.591396069,0.969994015,4.476e-07,1,0
-0.800260,-0.314190,0.667215427,-0.395242825,-0.798112567,-0.898204432,-0.914744119,-0.598868356,0.957172366,3.766e-07,1,0
-0.800260,-0.296735,0.6623322,-0.405159801,-0.802856815,-0.899124689,-0.92080454,-0.606479596,0.944529185,3.127e-07,1,0
-0.800260,-0.279280,0.657323682,-0.414979082,-0.807685415,-0.899710132,-0.926573329,-0.614228588,0.932060412,2.921e-07,1,0
-0.800260,-0.261825,0.652187165,-0.424697763,-0.812589636,-0.899978081,-0.932059154,-0.622114156,0.919762405,2.873e-07,1,0
-0.800260,-0.244370,0.646920142,-0.434313013,-0.817560882,-0.899944805,-0.937269751,-0.630135144,0.907631903,2.772e-07,1,0
-0.800260,-0.226915,0.641520301,-0.443822074,-0.822590659,-0.899625657,-0.942212014,-0.638290421,0.895665985,2.625e-07,1,0
-0.800260,-0.209460,0.635985533,-0.453222276,-0.827670559,-0.899035169,-0.946892096,-0.646578886,0.883862043,2.443e-07,1,0
-0.800260,-0.192005,0.630313934,-0.462511041,-0.832792266,-0.898187153,-0.951315496,-0.654999463,0.872217751,2.232e-07,1,0
-0.800260,-0.174550,0.6245038,-0.471685892,-0.837947522,-0.897094779,-0.955487122,-0.663551108,0.860731046,1.999e-07,1,0
-0.800260,-0.157095,0.618553638,-0.48074446,-0.843128138,-0.895770655,-0.959411379,-0.672232809,0.849400098,1.750e-07,1,0
-0.800260,-0.139640,0.612462157,-0.489684493,-0.848325969,-0.894226883,-0.963092198,-0.681043588,0.838223299,1.491e-07,1,0
-0.800260,-0.122185,0.606228277,-0.498503863,-0.853532919,-0.892475128,-0.966533117,-0.689982502,0.827199239,1.225e-07,1,0
-0.800260,-0.104730,0.599851123,-0.50720057,-0.858740925,-0.890526664,-0.969737306,-0.699048647,0.816326694,9.576e-08,1,0
-0.800260,-0.087275,0.593330029,-0.515772751,-0.863941954,-0.888392416,-0.972707616,-0.708241157,0.805604612,6.912e-08,1,0
-0.800260,-0.069820,0.586664538,-0.524218691,-0.869128,-0.886083011,-0.975446622,-0.717559211,0.795032098,4.295e-08,1,0
-0.800260,-0.052365,0.579854394,-0.532536822,-0.874291068,-0.883608795,-0.977956629,-0.727002029,0.784608406,3.362e-08,1,0
-0.800260,-0.034910,0.572899551,-0.540725733,-0.879423179,-0.880979894,-0.980239729,-0.736568877,0.774332925,3.241e-08,1,0
-0.800260,-0.017455,0.565800167,-0.548784177,-0.884516359,-0.878206215,-0.982297805,-0.746259072,0.764205172,2.965e-08,1,0
-0.800260,0.000000,0.558556599,-0.556711075,-0.889562633,-0.875297485,-0.984132556,-0.756071981,0.754224782,5.085e-08,1,0
-0.800260,0.017455,0.551169406,-0.564505521,-0.894554016,-0.872263279,-0.985745515,-0.766007023,0.744391503,6.998e-08,1,0
-0.800260,0.034910,0.543639344,-0.572166787,-0.899482512,-0.86911303,-0.987138057,-0.776063677,0.734705183,8.667e-08,1,0
-0.800260,0.052365,0.535967364,-0.579694329,-0.904340098,-0.865856049,-0.988311411,-0.786241477,0.72516577,1.005e-07,1,0
-0.800260,0.069820,0.528154607,-0.587087791,-0.909118729,-0.86250155,-0.989266673,-0.796540023,0.715773301,1.109e-07,1,0
-0.800260,0.087275,0.520202404,-0.594347007,-0.913810309,-0.859058654,-0.9900048,-0.80695898,0.706527899,1.173e-07,1,0
-0.800260,0.104730,0.51211227,-0.60147201,-0.9184067,-0.85553641,-0.990526616,-0.817498082,0.697429765,1.190e-07,1,0
-0.800260,0.122185,0.503885898,-0.608463023,-0.922899693,-0.851943812,-0.99083281,-0.828157136,0.688479178,1.153e-07,1,0
-0.800260,0.139640,0.495525165,-0.615320478,-0.927281017,-0.848289797,-0.990923941,-0.838936028,0.679676484,1.190e-07,1,0
-0.800260,0.157095,0.487032114,-0.622045006,-0.931542299,-0.844583265,-0.990800408,-0.849834726,0.671022096,1.514e-07,1,0
-0.800260,0.174550,0.478408957,-0.628637447,-0.935675062,-0.840833091,-0.990462464,-0.860853284,0.662516491,1.881e-07,1,0
-0.800260,0.192005,0.469658076,-0.635098842,-0.939670706,-0.837048129,-0.989910191,-0.871991851,0.6541602,2.295e-07,1,0
-0.800260,0.209460,0.460782009,-0.641430445,-0.943520483,-0.833237223,-0.989143485,-0.883250673,0.645953811,2.761e-07,1,0
-0.800260,0.226915,0.45178345,-0.647633722,-0.947215473,-0.829409221,-0.988162041,-0.8946301,0.637897963,3.282e-07,1,0
-0.800260,0.244370,0.442665246,-0.653710342,-0.95074656,-0.825572974,-0.986965323,-0.906130596,0.629993341,3.864e-07,1,0
-0.800260,0.261825,0.433430394,-0.659662189,-0.954104403,-0.821737364,-0.985552548,-0.917752744,0.622240675,4.512e-07,1,0
-0.800260,0.279280,0.424082034,-0.66549136,-0.957279398,-0.817911288,-0.983922651,-0.929497257,0.614640736,5.231e-07,1,0
-0.800260,0.296735,0.414623449,-0.671200158,-0.960261644,-0.814103697,-0.98207425,-0.941364983,0.607194334,6.025e-07,1,0
-0.800260,0.314190,0.40505806,-0.676791098,-0.963040898,-0.810323581,-0.980005604,-0.953356922,0.599902314,6.899e-07,1,0
-0.800260,0.331645,0.395389427,-0.682266908,-0.965606532,-0.806580001,-0.977714587,-0.96547423,0.592765554,8.533e-07,1,0
-0.800260,0.349100,0.385621243,-0.687630522,-0.967947471,-0.802882092,-0.975198616,-0.977718241,0.58578496,1.074e-06,1,0
-0.782370,-0.349100,0.672213359,-0.378532048,-0.785116057,-0.893398321,-0.897745875,-0.566281087,0.96735007,3.934e-07,1,0
-0.782370,-0.331645,0.667678378,-0.388443985,-0.789432272,-0.89462988,-0.903975244,-0.57371139,0.954369315,3.346e-07,1,0
-0.782370,-0.314190,0.663028097,-0.398262617,-0.793855633,-0.895519318,-0.90991749,-0.581281712,0.94156404,2.812e-07,1,0
-0.782370,-0.296735,0.658259358,-0.407985039,-0.798377347,-0.896084847,-0.915582249,-0.588990759,0.928930233,2.560e-07,1,0
-0.782370,-0.279280,0.653369193,-0.417608416,-0.802988786,-0.896343491,-0.920978098,-0.596837254,0.916464301,2.530e-07,1,0
-0.782370,-0.261825,0.648354821,-0.427129976,-0.80768147,-0.89631123,-0.926112673,-0.604819946,0.904163026,2.454e-07,1,0
-0.782370,-0.244370,0.643213658,-0.436547033,-0.81244705,-0.896003114,-0.930992789,-0.612937603,0.89202353,2.341e-07,1,0
-0.782370,-0.226915,0.637943313,-0.44585698,-0.81727729,-0.89543338,-0.935624522,-0.621189022,0.880043245,2.197e-07,1,0
-0.782370,-0.209460,0.632541593,-0.455057308,-0.82216406,-0.894615539,-0.940013303,-0.629573024,0.868219886,2.029e-07,1,0
-0.782370,-0.192005,0.627006504,-0.464145601,-0.827099312,-0.893562462,-0.944163981,-0.638088462,0.856551424,1.842e-07,1,0
-0.782370,-0.174550,0.621336249,-0.473119552,-0.832075083,-0.892286448,-0.948080906,-0.646734215,0.845036068,1.640e-07,1,0
-0.782370,-0.157095,0.615529234,-0.481976968,-0.837083473,-0.890799304,-0.951767968,-0.655509198,0.833672245,1.429e-07,1,0
-0.782370,-0.139640,0.609584064,-0.490715773,-0.842116646,-0.889112381,-0.95522866,-0.664412357,0.82245858,1.212e-07,1,0
-0.782370,-0.122185,0.603499548,-0.499334017,-0.847166817,-0.88723665,-0.958466128,-0.673442675,0.811393883,9.916e-08,1,0
-0.782370,-0.104730,0.597274695,-0.507829886,-0.852226246,-0.885182727,-0.9614832,-0.68259917,0.800477138,7.711e-08,1,0
-0.782370,-0.087275,0.590908717,-0.516201698,-0.857287234,-0.882960927,-0.964282434,-0.691880903,0.789707483,5.528e-08,1,0
-0.782370,-0.069820,0.584401026,-0.524447923,-0.86234211,-0.880581298,-0.966866142,-0.701286972,0.779084205,3.392e-08,1,0
-0.782370,-0.052365,0.577751235,-0.532567177,-0.867383237,-0.878053645,-0.96923642,-0.71081652,0.76860673,2.939e-08,1,0
-0.782370,-0.034910,0.570959154,-0.540558236,-0.872402987,-0.875387569,-0.971395166,-0.720468737,0.758274607,2.821e-08,1,0
-0.782370,-0.017455,0.564024797,-0.548420037,-0.87739376,-0.872592494,-0.973344122,-0.730242855,0.748087509,2.524e-08,1,0
-0.782370,0.000000,0.556948365,-0.556151681,-0.882347956,-0.86967768,-0.975084861,-0.740138161,0.738045216,4.259e-08,1,0
-0.782370,0.017455,0.549730259,-0.563752446,-0.887257979,-0.866652255,-0.976618825,-0.750153992,0.728147616,5.836e-08,1,0
-0.782370,0.034910,0.542371069,-0.571221784,-0.892116232,-0.863525227,-0.977947326,-0.760289737,0.71839469,7.227e-08,1,0
-0.782370,0.052365,0.534871575,-0.578559329,-0.896915109,-0.860305503,-0.979071563,-0.770544846,0.708786516,8.398e-08,1,0
-0.782370,0.069820,0.527232739,-0.585764898,-0.901646974,-0.857001905,-0.97999261,-0.780918827,0.699323253,9.313e-08,1,0
-0.782370,0.087275,0.519455711,-0.592838498,-0.906304174,-0.853623184,-0.980711443,-0.791411251,0.690005145,9.927e-08,1,0
-0.782370,0.104730,0.511541815,-0.599780329,-0.910879018,-0.85017803,-0.98122893,-0.802021757,0.680832509,1.019e-07,1,0
-0.782370,0.122185,0.503492553,-0.606590783,-0.91536376,-0.846675093,-0.981545824,-0.812750051,0.671805735,1.004e-07,1,0
-0.782370,0.139640,0.495309597,-0.613270453,-0.919750602,-0.84312298,-0.981662771,-0.823595916,0.662925278,9.419e-08,1,0
-0.782370,0.157095,0.486994785,-0.619820128,-0.924031668,-0.839530279,-0.981580295,-0.834559211,0.654191661,1.203e-07,1,0
-0.782370,0.174550,0.478550125,-0.626240801,-0.928198996,-0.835905556,-0.98129879,-0.845639877,0.64560546,1.499e-07,1,0
-0.782370,0.192005,0.469977776,-0.632533667,-0.932244519,-0.83225738,-0.980818516,-0.856837943,0.637167313,1.833e-07,1,0
-0.782370,0.209460,0.46128006,-0.638700127,-0.936160045,-0.828594316,-0.980139575,-0.868153531,0.628877907,2.209e-07,1,0
-0.782370,0.226915,0.452459444,-0.644741786,-0.939937238,-0.82492495,-0.979261898,-0.87958686,0.620737978,2.629e-07,1,0
-0.782370,0.244370,0.443518549,-0.650660458,-0.943567592,-0.821257883,-0.978185226,-0.891138255,0.61274831,3.099e-07,1,0
-0.782370,0.261825,0.434460134,-0.656458159,-0.947042407,-0.817601757,-0.976909084,-0.902808151,0.604909728,3.621e-07,1,0
-0.782370,0.279280,0.425287102,-0.662137117,-0.950352754,-0.813965249,-0.975432754,-0.914597103,0.5972231,4.199e-07,1,0
-0.782370,0.296735,0.416002493,-0.667699767,-0.953489445,-0.810357093,-0.973755251,-0.926505795,0.589689329,4.838e-07,1,0
-0.782370,0.314190,0.406609483,-0.673148746,-0.956443001,-0.806786092,-0.971875283,-0.938535047,0.582309354,5.538e-07,1,0
-0.782370,0.331645,0.397111377,-0.678486908,-0.959203595,-0.80326112,-0.969791211,-0.950685824,0.575084144,6.304e-07,1,0
-0.782370,0.349100,0.387511614,-0.683717303,-0.961761018,-0.799791148,-0.967501008,-0.962959253,0.568014699,7.854e-07,1,0
-0.764480,-0.349100,0.667830154,-0.381820744,-0.781296517,-0.891345991,-0.893582947,-0.548456883,0.951706546,2.861e-07,1,0
-0.764480,-0.331645,0.663402895,-0.391544058,-0.785392459,-0.892185585,-0.899394251,-0.555985639,0.93874677,2.433e-07,1,0
-0.764480,-0.314190,0.658864163,-0.401172469,-0.789600222,-0.89271226,-0.904941987,-0.563654217,0.925955304,2.204e-07,1,0
-0.764480,-0.296735,0.654210736,-0.410703193,-0.793911229,-0.892942725,-0.910234594,-0.571461245,0.91332861,2.185e-07,1,0
-0.764480,-0.279280,0.649439574,-0.420133524,-0.798317068,-0.892892638,-0.915279577,-0.579405373,0.900863523,2.130e-07,1,0
-0.764480,-0.261825,0.644547828,-0.429460833,-0.802809493,-0.892576739,-0.920083632,-0.587485271,0.888557215,2.043e-07,1,0
-0.764480,-0.244370,0.639532842,-0.438682577,-0.80738039,-0.892008946,-0.924652726,-0.595699637,0.876407165,1.931e-07,1,0
-0.764480,-0.226915,0.634392144,-0.447796306,-0.812021769,-0.891202456,-0.928992185,-0.604047189,0.864411131,1.799e-07,1,0
-0.764480,-0.209460,0.629123463,-0.456799665,-0.816725753,-0.890169824,-0.933106773,-0.612526677,0.852567129,1.650e-07,1,0
-0.764480,-0.192005,0.623724717,-0.465690404,-0.821484558,-0.888923043,-0.937000749,-0.621136876,0.840873407,1.489e-07,1,0
-0.764480,-0.174550,0.618194017,-0.474466382,-0.826290488,-0.887473598,-0.940677926,-0.629876595,0.829328431,1.320e-07,1,0
-0.764480,-0.157095,0.612529675,-0.483125576,-0.831135927,-0.885832534,-0.944141738,-0.638744671,0.817930866,1.145e-07,1,0
-0.764480,-0.139640,0.606730196,-0.491666083,-0.836013327,-0.884010506,-0.947395266,-0.647739978,0.80667956,9.664e-08,1,0
-0.764480,-0.122185,0.600794282,-0.500086128,-0.840915199,-0.882017816,-0.950441286,-0.656861423,0.79557353,7.871e-08,1,0
-0.764480,-0.104730,0.594720831,-0.508384071,-0.84583411,-0.87986447,-0.953282317,-0.66610795,0.784611953,6.088e-08,1,0
-0.764480,-0.087275,0.588508938,-0.516558412,-0.850762676,-0.8775602,-0.955920638,-0.675478543,0.773794151,4.331e-08,1,0
-0.764480,-0.069820,0.582157893,-0.524607795,-0.855693549,-0.8751145,-0.95835832,-0.684972225,0.763119585,2.617e-08,1,0
-0.764480,-0.052365,0.575667179,-0.532531015,-0.860619423,-0.872536667,-0.960597257,-0.694588062,0.752587841,2.525e-08,1,0
-0.764480,-0.034910,0.569036474,-0.540327025,-0.865533017,-0.86983581,-0.962639183,-0.704325163,0.742198625,2.415e-08,1,0
-0.764480,-0.017455,0.56226565,-0.547994936,-0.87042708,-0.867020881,-0.964485691,-0.714182686,0.731951756,2.160e-08,1,0
-0.764480,0.000000,0.555354763,-0.555534028,-0.875294371,-0.864100702,-0.966138248,-0.724159833,0.721847154,3.519e-08,1,0
-0.764480,0.017455,0.548304061,-0.562943748,-0.880127671,-0.861083976,-0.967598211,-0.734255859,0.711884842,4.796e-08,1,0
-0.764480,0.034910,0.541113978,-0.570223723,-0.884919761,-0.857979305,-0.968866835,-0.744470072,0.702064931,5.932e-08,1,0
-0.764480,0.052365,0.53378513,-0.577373752,-0.889663423,-0.854795212,-0.969945281,-0.754801833,0.69238762,6.905e-08,1,0
-0.764480,0.069820,0.526318311,-0.584393822,-0.894351434,-0.851540147,-0.970834625,-0.765250563,0.682853191,7.687e-08,1,0
-0.764480,0.087275,0.518714494,-0.591284104,-0.898976552,-0.848222507,-0.971535853,-0.775815742,0.673462002,8.246e-08,1,0
-0.764480,0.104730,0.510974825,-0.598044955,-0.903531515,-0.844850644,-0.972049874,-0.786496913,0.664214483,8.543e-08,1,0
-0.764480,0.122185,0.503100621,-0.604676927,-0.908009024,-0.841432877,-0.972377509,-0.797293687,0.655111132,8.533e-08,1,0
-0.764480,0.139640,0.49509336,-0.611180765,-0.912401736,-0.837977505,-0.972519489,-0.808205745,0.646152514,8.164e-08,1,0
-0.764480,0.157095,0.486954688,-0.617557413,-0.916702251,-0.834492811,-0.972476457,-0.81923284,0.637339252,9.414e-08,1,0
-0.764480,0.174550,0.478686409,-0.623808006,-0.920903102,-0.830987082,-0.97224895,-0.830374805,0.628672029,1.177e-07,1,0
-0.764480,0.192005,0.470290481,-0.629933884,-0.924996736,-0.827468607,-0.971837396,-0.841631553,0.620151578,1.442e-07,1,0
-0.764480,0.209460,0.46176901,-0.635936589,-0.928975494,-0.823945693,-0.971242093,-0.853003086,0.611778687,1.740e-07,1,0
-0.764480,0.226915,0.45312425,-0.641817861,-0.9328316,-0.820426672,-0.970463203,-0.864489495,0.60355419,2.074e-07,1,0
-0.764480,0.244370,0.444358602,-0.647579645,-0.936557137,-0.816919917,-0.969500731,-0.876090971,0.595478967,2.447e-07,1,0
-0.764480,0.261825,0.435474599,-0.653224091,-0.940144014,-0.813433839,-0.968354494,-0.887807809,0.587553937,2.860e-07,1,0
-0.764480,0.279280,0.426474919,-0.658753549,-0.943583958,-0.809976911,-0.967024118,-0.899640413,0.579780062,3.318e-07,1,0
-0.764480,0.296735,0.417362364,-0.664170577,-0.946868465,-0.806557668,-0.965508989,-0.911589306,0.572158339,3.823e-07,1,0
-0.764480,0.314190,0.408139874,-0.669477935,-0.949988782,-0.803184731,-0.963808243,-0.923655137,0.564689798,4.375e-07,1,0
-0.764480,0.331645,0.398810511,-0.674678588,-0.952935857,-0.799866808,-0.961920708,-0.935838691,0.557375504,4.977e-07,1,0
-0.764480,0.349100,0.389377467,-0.679775707,-0.955700302,-0.796612714,-0.95984489,-0.948140899,0.550216546,5.646e-07,1,0
-0.746590,-0.349100,0.663467179,-0.384999868,-0.777455386,-0.889139721,-0.889235244,-0.530590319,0.936065197,2.013e-07,1,0
-0.746590,-0.331645,0.659148752,-0.394537275,-0.781342751,-0.889609005,-0.894653506,-0.538217849,0.9231237,1.861e-07,1,0
-0.746590,-0.314190,0.654722511,-0.403978175,-0.785346377,-0.889792876,-0.899830222,-0.545984957,0.910343659,1.850e-07,1,0
-0.746590,-0.296735,0.650185168,-0.413319918,-0.789457887,-0.889706656,-0.90477274,-0.553890195,0.89772197,1.810e-07,1,0
-0.746590,-0.279280,0.645533621,-0.422559931,-0.793669079,-0.889364741,-0.909487593,-0.561932138,0.885255863,1.745e-07,1,0
-0.746590,-0.261825,0.640764952,-0.431695731,-0.79797192,-0.888780717,-0.913980605,-0.570109382,0.87294287,1.659e-07,1,0
-0.746590,-0.244370,0.635876431,-0.440724922,-0.802358522,-0.887967449,-0.918256969,-0.578420546,0.8607808,1.556e-07,1,0
-0.746590,-0.226915,0.630865513,-0.449645205,-0.806821126,-0.886937167,-0.922321321,-0.586864277,0.848767717,1.440e-07,1,0
-0.746590,-0.209460,0.625729847,-0.458454384,-0.811352091,-0.885701528,-0.926177804,-0.595439249,0.836901914,1.313e-07,1,0
-0.746590,-0.192005,0.620467267,-0.467150371,-0.815943883,-0.884271697,-0.92983013,-0.604144165,0.825181902,1.179e-07,1,0
-0.746590,-0.174550,0.615075801,-0.475731187,-0.820589067,-0.8826584,-0.933281633,-0.612977757,0.813606386,1.040e-07,1,0
-0.746590,-0.157095,0.609553665,-0.484194975,-0.825280287,-0.880871964,-0.936535302,-0.621938791,0.802174255,8.984e-08,1,0
-0.746590,-0.139640,0.60389927,-0.492540003,-0.83001027,-0.87892238,-0.939593844,-0.631026065,0.790884566,7.551e-08,1,0
-0.746590,-0.122185,0.598111216,-0.500764663,-0.83477181,-0.876819326,-0.942459698,-0.640238413,0.779736533,6.121e-08,1,0
-0.746590,-0.104730,0.592188294,-0.508867487,-0.839557763,-0.874572223,-0.945135082,-0.649574706,0.768729517,4.706e-08,1,0
-0.746590,-0.087275,0.586129488,-0.516847144,-0.844361048,-0.872190252,-0.947622022,-0.65903385,0.757863013,3.318e-08,1,0
-0.746590,-0.069820,0.579933971,-0.524702451,-0.849174625,-0.869682389,-0.949922368,-0.668614795,0.747136646,2.122e-08,1,0
-0.746590,-0.052365,0.573601103,-0.532432372,-0.853991504,-0.867057436,-0.952037824,-0.67831653,0.736550158,2.132e-08,1,0
-0.746590,-0.034910,0.567130436,-0.540036029,-0.858804732,-0.864324035,-0.953969964,-0.688138089,0.726103403,2.031e-08,1,0
-0.746590,-0.017455,0.560521703,-0.547512705,-0.863607389,-0.861490699,-0.955720252,-0.698078548,0.715796339,1.821e-08,1,0
-0.746590,0.000000,0.553774829,-0.554861843,-0.868392586,-0.858565821,-0.957290052,-0.708137034,0.705629023,2.868e-08,1,0
-0.746590,0.017455,0.546889913,-0.56208306,-0.873153455,-0.855557705,-0.958680644,-0.718312719,0.695601606,3.883e-08,1,0
-0.746590,0.034910,0.539867239,-0.56917614,-0.877883145,-0.852474567,-0.959893231,-0.72860483,0.685714323,4.794e-08,1,0
-0.746590,0.052365,0.532707268,-0.57614105,-0.88257481,-0.84932456,-0.960928944,-0.739012643,0.675967494,5.585e-08,1,0
-0.746590,0.069820,0.525410634,-0.582977929,-0.887221619,-0.846115784,-0.961788853,-0.749535492,0.666361516,6.237e-08,1,0
-0.746590,0.087275,0.517978143,-0.589687106,-0.891816726,-0.842856295,-0.962473962,-0.760172769,0.656896859,6.725e-08,1,0
-0.746590,0.104730,0.51041077,-0.596269092,-0.896353282,-0.839554123,-0.962985224,-0.770923926,0.647574063,7.021e-08,1,0
-0.746590,0.122185,0.502709652,-0.602724588,-0.900824412,-0.836217276,-0.963323518,-0.781788479,0.638393733,7.093e-08,1,0
-0.746590,0.139640,0.494876091,-0.609054483,-0.905223219,-0.832853758,-0.963489671,-0.79276601,0.629356537,6.901e-08,1,0
-0.746590,0.157095,0.486911542,-0.615259866,-0.909542754,-0.829471562,-0.96348443,-0.80385617,0.6204632,7.247e-08,1,0
-0.746590,0.174550,0.478817619,-0.621342011,-0.913776032,-0.826078709,-0.963308478,-0.815058686,0.611714504,9.085e-08,1,0
-0.746590,0.192005,0.47059608,-0.627302396,-0.917915984,-0.822683223,-0.962962397,-0.826373361,0.603111282,1.116e-07,1,0
-0.746590,0.209460,0.462248833,-0.633142693,-0.921955472,-0.819293165,-0.96244668,-0.837800078,0.594654419,1.349e-07,1,0
-0.746590,0.226915,0.453777926,-0.638864773,-0.925887257,-0.815916637,-0.961761711,-0.849338808,0.586344843,1.610e-07,1,0
-0.746590,0.244370,0.445185546,-0.644470707,-0.929703982,-0.812561784,-0.960907744,-0.860989613,0.578183529,1.900e-07,1,0
-0.746590,0.261825,0.436474014,-0.649962767,-0.933398154,-0.809236807,-0.959884885,-0.87275265,0.570171492,2.223e-07,1,0
-0.746590,0.279280,0.427645785,-0.655343424,-0.93696212,-0.805949984,-0.958693077,-0.884628181,0.562309785,2.579e-07,1,0
-0.746590,0.296735,0.41870344,-0.660615352,-0.940388038,-0.802709668,-0.957332074,-0.896616575,0.554599498,2.970e-07,1,0
-0.746590,0.314190,0.409649685,-0.665781428,-0.943667845,-0.799524306,-0.955801405,-0.908718319,0.547041755,3.397e-07,1,0
-0.746590,0.331645,0.400487353,-0.670844726,-0.946793239,-0.79640245,-0.95410036,-0.920934023,0.539637709,3.861e-07,1,0
-0.746590,0.349100,0.391219391,-0.675808528,-0.949755614,-0.793352775,-0.952227933,-0.933264432,0.532388544,4.360e-07,1,0
-0.728700,-0.349100,0.659123465,-0.388075162,-0.773593816,-0.88679091,-0.884717243,-0.512680396,0.92042334,1.535e-07,1,0
-0.728700,-0.331645,0.654914926,-0.397429229,-0.777283724,-0.886910121,-0.889765948,-0.520407073,0.907497611,1.531e-07,1,0
-0.728700,-0.314190,0.650602072,-0.406685198,-0.781094104,-0.886769863,-0.894593722,-0.528273039,0.894726772,1.503e-07,1,0
-0.728700,-0.296735,0.646181551,-0.415840551,-0.785016761,-0.886384171,-0.899206901,-0.536276771,0.882108119,1.455e-07,1,0
-0.728700,-0.279280,0.641650199,-0.424892855,-0.789043697,-0.88576627,-0.903611132,-0.544416765,0.869639245,1.391e-07,1,0
-0.728700,-0.261825,0.637005029,-0.433839769,-0.793167075,-0.884928674,-0.907811437,-0.552691542,0.857318016,1.313e-07,1,0
-0.728700,-0.244370,0.632243241,-0.442679049,-0.797379217,-0.883883264,-0.911812293,-0.561099648,0.845142549,1.223e-07,1,0
-0.728700,-0.226915,0.62736222,-0.451408548,-0.801672585,-0.882641359,-0.9156177,-0.569639655,0.83311119,1.126e-07,1,0
-0.728700,-0.209460,0.622359537,-0.460026226,-0.806039766,-0.881213784,-0.919231234,-0.578310162,0.821222495,1.022e-07,1,0
-0.728700,-0.192005,0.617232947,-0.468530152,-0.810473461,-0.879610926,-0.922656098,-0.587109798,0.809475216,9.134e-08,1,0
-0.728700,-0.174550,0.611980395,-0.476918509,-0.814966476,-0.877842784,-0.925895171,-0.596037223,0.797868286,8.022e-08,1,0
-0.728700,-0.157095,0.606600009,-0.485189603,-0.819511708,-0.875919016,-0.928951043,-0.605091129,0.786400802,6.898e-08,1,0
-0.728700,-0.139640,0.601090107,-0.493341862,-0.824102144,-0.873848981,-0.931826064,-0.614270241,0.775072021,5.772e-08,1,0
-0.728700,-0.122185,0.595449193,-0.501373847,-0.828730848,-0.871641769,-0.934522361,-0.623573318,0.763881342,4.655e-08,1,0
-0.728700,-0.104730,0.589675956,-0.509284251,-0.833390953,-0.869306245,-0.937041878,-0.632999158,0.752828299,3.555e-08,1,0
-0.728700,-0.087275,0.583769271,-0.517071909,-0.83807566,-0.866851064,-0.939386396,-0.642546595,0.741912554,2.479e-08,1,0
-0.728700,-0.069820,0.577728202,-0.524735802,-0.842778226,-0.864284713,-0.941557562,-0.652214504,0.731133887,1.778e-08,1,0
-0.728700,-0.052365,0.571551994,-0.532275059,-0.847491966,-0.861615519,-0.943556905,-0.662001797,0.720492187,1.770e-08,1,0
-0.728700,-0.034910,0.565240074,-0.539688964,-0.852210237,-0.858851685,-0.945385849,-0.671907434,0.709987451,1.679e-08,1,0
-0.728700,-0.017455,0.55879205,-0.546976958,-0.85692644,-0.856001295,-0.947045737,-0.681930416,0.699619772,1.507e-08,1,0
-0.728700,0.000000,0.552207713,-0.554138649,-0.861634016,-0.853072347,-0.94853784,-0.692069789,0.689389336,2.305e-08,1,0
-0.728700,0.017455,0.545487025,-0.561173808,-0.866326436,-0.850072749,-0.94986336,-0.702324649,0.679296417,3.097e-08,1,0
-0.728700,0.034910,0.53863013,-0.568082377,-0.870997201,-0.847010358,-0.951023459,-0.712694139,0.669341371,3.813e-08,1,0
-0.728700,0.052365,0.531637337,-0.574864473,-0.875639828,-0.843892974,-0.952019241,-0.723177456,0.659524635,4.443e-08,1,0
-0.728700,0.069820,0.524509128,-0.581520388,-0.88024785,-0.840728359,-0.95285177,-0.733773848,0.649846716,4.972e-08,1,0
-0.728700,0.087275,0.517246152,-0.588050598,-0.884814811,-0.837524246,-0.953522072,-0.744482621,0.640308194,5.384e-08,1,0
-0.728700,0.104730,0.509849219,-0.594455759,-0.889334258,-0.834288357,-0.954031139,-0.755303138,0.630909715,5.658e-08,1,0
-0.728700,0.122185,0.5023193,-0.600736714,-0.893799724,-0.831028405,-0.954379915,-0.766234823,0.621651988,5.770e-08,1,0
-0.728700,0.139640,0.49465752,-0.606894492,-0.898204731,-0.827752106,-0.954569308,-0.777277161,0.61253578,5.691e-08,1,0
-0.728700,0.157095,0.486865159,-0.612930315,-0.902542779,-0.824467191,-0.95460018,-0.788429707,0.603561919,5.485e-08,1,0
-0.728700,0.174550,0.478943644,-0.618845593,-0.906807328,-0.821181412,-0.954473336,-0.799692084,0.594731283,6.897e-08,1,0
-0.728700,0.192005,0.47089455,-0.624641929,-0.910991793,-0.817902555,-0.954189526,-0.811063986,0.586044803,8.490e-08,1,0
-0.728700,0.209460,0.462719586,-0.630321125,-0.915089528,-0.814638443,-0.953749424,-0.822545186,0.577503457,1.028e-07,1,0
-0.728700,0.226915,0.454420609,-0.635885172,-0.919093812,-0.811396954,-0.953153625,-0.834135537,0.569108268,1.228e-07,1,0
-0.728700,0.244370,0.4459996,-0.641336263,-0.922997831,-0.808186022,-0.952402622,-0.845834976,0.560860306,1.450e-07,1,0
-0.728700,0.261825,0.437458675,-0.646676785,-0.926794662,-0.805013658,-0.9514968,-0.857643531,0.552760676,1.697e-07,1,0
-0.728700,0.279280,0.428800075,-0.651909326,-0.930477247,-0.801887943,-0.950436405,-0.869561324,0.544810525,1.969e-07,1,0
-0.728700,0.296735,0.420026166,-0.65703667,-0.934038379,-0.798817065,-0.949221535,-0.881588579,0.537011034,2.266e-07,1,0
-0.728700,0.314190,0.411139435,-0.662061801,-0.937470668,-0.795809309,-0.947852109,-0.893725627,0.529363419,2.589e-07,1,0
-0.728700,0.331645,0.402142485,-0.666987905,-0.940766514,-0.792873079,-0.946327836,-0.905972912,0.521868925,2.939e-07,1,0
-0.728700,0.349100,0.393038036,-0.671818367,-0.943918078,-0.790016922,-0.9446482,-0.918331002,0.514528826,3.313e-07,1,0
-0.710810,-0.349100,0.654798064,-0.391052041,-0.769712836,-0.884309886,-0.880042177,-0.494726133,0.904778472,1.229e-07,1,0
-0.710810,-0.331645,0.650700431,-0.400225214,-0.773215883,-0.884097982,-0.88474343,-0.502552385,0.891866171,1.212e-07,1,0
-0.710810,-0.314190,0.646501823,-0.409298708,-0.776843378,-0.883651103,-0.88924304,-0.510517591,0.879102459,1.180e-07,1,0
-0.710810,-0.296735,0.642198832,-0.418270143,-0.780587311,-0.882982092,-0.893546435,-0.51862015,0.866484998,1.133e-07,1,0
-0.710810,-0.279280,0.637788226,-0.42713723,-0.784439856,-0.882103085,-0.897658429,-0.526858483,0.85401172,1.076e-07,1,0
-0.710810,-0.261825,0.633266958,-0.435897774,-0.788393375,-0.881025595,-0.901583315,-0.535231036,0.841680799,1.010e-07,1,0
-0.710810,-0.244370,0.628632158,-0.444549677,-0.792440387,-0.879760579,-0.905324909,-0.543736277,0.829490638,9.364e-08,1,0
-0.710810,-0.226915,0.623881142,-0.453090947,-0.796573561,-0.878318508,-0.908886623,-0.552372706,0.817439846,8.577e-08,1,0
-0.710810,-0.209460,0.619011407,-0.461519696,-0.800785699,-0.87670942,-0.912271505,-0.561138848,0.805527225,7.752e-08,1,0
-0.710810,-0.192005,0.614020635,-0.469834149,-0.805069726,-0.874942967,-0.915482287,-0.570033259,0.793751753,6.901e-08,1,0
-0.710810,-0.174550,0.608906687,-0.478032649,-0.809418678,-0.873028469,-0.918521427,-0.579054525,0.782112575,6.038e-08,1,0
-0.710810,-0.157095,0.603667607,-0.486113656,-0.813825692,-0.870974947,-0.921391144,-0.588201265,0.770608989,5.170e-08,1,0
-0.710810,-0.139640,0.598301626,-0.494075758,-0.818284004,-0.868791161,-0.924093454,-0.597472131,0.759240436,4.306e-08,1,0
-0.710810,-0.122185,0.592807156,-0.501917674,-0.822786934,-0.866485645,-0.926630195,-0.606865812,0.748006491,3.453e-08,1,0
-0.710810,-0.104730,0.587182787,-0.50963826,-0.827327877,-0.864066732,-0.929003051,-0.616381031,0.736906854,2.616e-08,1,0
-0.710810,-0.087275,0.581427296,-0.517236506,-0.831900308,-0.861542584,-0.931213583,-0.62601655,0.725941343,1.800e-08,1,0
-0.710810,-0.069820,0.575539637,-0.524711551,-0.836497767,-0.85892121,-0.933263241,-0.63577117,0.715109887,1.462e-08,1,0
-0.710810,-0.052365,0.569518945,-0.532062682,-0.841113853,-0.856210496,-0.935153391,-0.645643731,0.704412516,1.442e-08,1,0
-0.710810,-0.034910,0.56336453,-0.539289339,-0.845742226,-0.853418217,-0.936885318,-0.655633116,0.693849363,1.363e-08,1,0
-0.710810,-0.017455,0.557075883,-0.546391118,-0.850376596,-0.850552056,-0.938460256,-0.665738252,0.683420649,1.225e-08,1,0
-0.710810,0.000000,0.550652666,-0.553367776,-0.855010717,-0.847619622,-0.939879383,-0.67595811,0.673126686,1.827e-08,1,0
-0.710810,0.017455,0.544094712,-0.560219236,-0.859638387,-0.844628459,-0.941143839,-0.686291707,0.662967867,2.432e-08,1,0
-0.710810,0.034910,0.537402025,-0.566945589,-0.864253441,-0.841586072,-0.942254735,-0.696738109,0.652944663,2.984e-08,1,0
-0.710810,0.052365,0.530574779,-0.573547096,-0.868849745,-0.838499923,-0.94321316,-0.707296431,0.643057623,3.474e-08,1,0
-0.710810,0.069820,0.523613308,-0.580024196,-0.873421189,-0.835377452,-0.944020173,-0.71796584,0.633307362,3.894e-08,1,0
-0.710810,0.087275,0.516518109,-0.5863775,-0.877961686,-0.832226085,-0.944676822,-0.728745557,0.623694567,4.231e-08,1,0
-0.710810,0.104730,0.509289836,-0.592607806,-0.882465155,-0.829053251,-0.945184134,-0.739634858,0.614219986,4.470e-08,1,0
-0.710810,0.122185,0.501929301,-0.598716089,-0.886925535,-0.825866375,-0.945543121,-0.750633079,0.604884428,4.595e-08,1,0
-0.710810,0.139640,0.494437463,-0.604703513,-0.89133675,-0.822672909,-0.94575477,-0.761739612,0.595688763,4.585e-08,1,0
-0.710810,0.157095,0.486815432,-0.610571424,-0.895692725,-0.819480322,-0.945820049,-0.772953917,0.586633911,4.417e-08,1,0
-0.710810,0.174550,0.479064461,-0.61632136,-0.899987355,-0.816296121,-0.945739891,-0.784275515,0.57772085,5.141e-08,1,0
-0.710810,0.192005,0.471185941,-0.621955048,-0.904214516,-0.813127856,-0.945515196,-0.795704001,0.568950602,6.342e-08,1,0
-0.710810,0.209460,0.463181403,-0.627474406,-0.908368038,-0.809983129,-0.945146817,-0.807239036,0.560324241,7.689e-08,1,0
-0.710810,0.226915,0.455052509,-0.632881546,-0.912441699,-0.806869604,-0.944635551,-0.81888036,0.551842884,9.193e-08,1,0
-0.710810,0.244370,0.446801049,-0.638178773,-0.916429205,-0.803795019,-0.943982123,-0.830627793,0.543507689,1.086e-07,1,0
-0.710810,0.261825,0.438428942,-0.643368584,-0.920324182,-0.800767193,-0.943187179,-0.842481237,0.535319856,1.271e-07,1,0
-0.710810,0.279280,0.429938223,-0.648453677,-0.92412015,-0.797794039,-0.94225126,-0.854440681,0.527280622,1.474e-07,1,0
-0.710810,0.296735,0.421331051,-0.653436941,-0.927810505,-0.794883574,-0.94117479,-0.866506211,0.51939126,1.695e-07,1,0
-0.710810,0.314190,0.412609699,-0.658321466,-0.931388504,-0.792043939,-0.939958057,-0.878678007,0.511653075,1.934e-07,1,0
-0.710810,0.331645,0.403776552,-0.663110539,-0.934847227,-0.789283401,-0.93860118,-0.890956358,0.504067404,2.191e-07,1,0
-0.710810,0.349100,0.394834108,-0.667807645,-0.938179559,-0.786610379,-0.937104089,-0.903341662,0.496635612,2.464e-07,1,0
-0.692920,-0.349100,0.650490057,-0.393935638,-0.765813368,-0.881706037,-0.875222188,-0.476726567,0.889128258,9.395e-08,1,0
-0.692920,-0.331645,0.646504313,-0.402930238,-0.76913966,-0.881180811,-0.879596821,-0.484652877,0.876227201,9.207e-08,1,0
-0.692920,-0.314190,0.642420786,-0.411823598,-0.772594151,-0.880443759,-0.883787875,-0.492717758,0.863468673,8.910e-08,1,0
-0.692920,-0.296735,0.638236005,-0.420613479,-0.776168993,-0.879506617,-0.88779993,-0.500919532,0.850850679,8.520e-08,1,0
-0.692920,-0.279280,0.63394668,-0.429297737,-0.779856536,-0.878380504,-0.89163705,-0.509256543,0.838371459,8.055e-08,1,0
-0.692920,-0.261825,0.629549702,-0.437874319,-0.783649326,-0.877075996,-0.895302847,-0.51772716,0.826029476,7.529e-08,1,0
-0.692920,-0.244370,0.625042135,-0.446341281,-0.787540067,-0.875603188,-0.898800529,-0.526329781,0.813823397,6.956e-08,1,0
-0.692920,-0.226915,0.62042123,-0.454696777,-0.791521627,-0.873971752,-0.902132963,-0.535062828,0.801752079,6.348e-08,1,0
-0.692920,-0.209460,0.615684412,-0.462939072,-0.79558701,-0.87219098,-0.905302703,-0.543924753,0.789814551,5.717e-08,1,0
-0.692920,-0.192005,0.610829288,-0.471066545,-0.799729353,-0.870269837,-0.908312047,-0.55291404,0.778010006,5.072e-08,1,0
-0.692920,-0.174550,0.605853644,-0.479077688,-0.803941913,-0.868216997,-0.911163064,-0.562029202,0.766337788,4.421e-08,1,0
-0.692920,-0.157095,0.600755444,-0.48697112,-0.808218056,-0.866040877,-0.913857623,-0.571268785,0.754797382,3.770e-08,1,0
-0.692920,-0.139640,0.595532835,-0.49474558,-0.812551255,-0.863749673,-0.916397433,-0.580631372,0.743388404,3.124e-08,1,0
-0.692920,-0.122185,0.590184139,-0.502399942,-0.81693507,-0.861351383,-0.918784056,-0.590115576,0.732110596,2.489e-08,1,0
-0.692920,-0.104730,0.584707854,-0.509933214,-0.821363153,-0.858853841,-0.921018939,-0.599720052,0.720963815,1.867e-08,1,0
-0.692920,-0.087275,0.579102662,-0.517344541,-0.825829239,-0.856264732,-0.923103434,-0.609443488,0.709948028,1.262e-08,1,0
-0.692920,-0.069820,0.573367414,-0.524633212,-0.830327134,-0.85359162,-0.925038811,-0.619284612,0.699063304,1.180e-08,1,0
-0.692920,-0.052365,0.56750114,-0.531798665,-0.834850718,-0.850841959,-0.926826279,-0.629242194,0.688309812,1.154e-08,1,0
-0.692920,-0.034910,0.561503041,-0.538840488,-0.839393933,-0.84802312,-0.928466998,-0.639315043,0.677687809,1.086e-08,1,0
-0.692920,-0.017455,0.555372491,-0.545758425,-0.843950786,-0.845142399,-0.929962092,-0.649502013,0.667197644,9.768e-09,1,0
-0.692920,0.000000,0.549109033,-0.55255238,-0.848515334,-0.842207038,-0.931312659,-0.659801998,0.656839747,1.428e-08,1,0
-0.692920,0.017455,0.542712376,-0.559222417,-0.85308169,-0.839224232,-0.932519781,-0.670213942,0.646614625,1.880e-08,1,0
-0.692920,0.034910,0.536182397,-0.565768768,-0.85764401,-0.836201143,-0.933584528,-0.680736833,0.636522862,2.296e-08,1,0
-0.692920,0.052365,0.529519131,-0.572191835,-0.862196489,-0.833144915,-0.934507963,-0.691369708,0.626565114,2.669e-08,1,0
-0.692920,0.069820,0.522722777,-0.578492189,-0.866733366,-0.830062679,-0.93529115,-0.702111654,0.616742102,2.994e-08,1,0
-0.692920,0.087275,0.515793687,-0.584670579,-0.871248905,-0.826961569,-0.935935158,-0.71296181,0.607054615,3.261e-08,1,0
-0.692920,0.104730,0.508732367,-0.590727931,-0.875737393,-0.823848726,-0.936441051,-0.723919368,0.597503501,3.461e-08,1,0
-0.692920,0.122185,0.501539476,-0.596665348,-0.880193145,-0.820731311,-0.9368099,-0.734983576,0.588089668,3.582e-08,1,0
-0.692920,0.139640,0.494215816,-0.602484116,-0.884610481,-0.817616513,-0.937042776,-0.74615374,0.57881408,3.609e-08,1,0
-0.692920,0.157095,0.486762334,-0.608185708,-0.888983732,-0.814511558,-0.937140747,-0.757429224,0.569677756,3.525e-08,1,0
-0.692920,0.174550,0.479180115,-0.613771778,-0.893307216,-0.811423715,-0.937104867,-0.768809455,0.560681764,3.755e-08,1,0
-0.692920,0.192005,0.47147038,-0.619244171,-0.897575252,-0.808360312,-0.936936186,-0.780293927,0.551827222,4.643e-08,1,0
-0.692920,0.209460,0.463634483,-0.624604917,-0.901782125,-0.805328738,-0.936635722,-0.791882199,0.543115294,5.636e-08,1,0
-0.692920,0.226915,0.455673902,-0.629856239,-0.905922094,-0.802336456,-0.936204467,-0.8035739,0.534547188,6.743e-08,1,0
-0.692920,0.244370,0.447590245,-0.635000549,-0.909989369,-0.799391014,-0.935643369,-0.815368737,0.526124155,7.970e-08,1,0
-0.692920,0.261825,0.439385238,-0.640040453,-0.913978102,-0.796500053,-0.934953324,-0.827266491,0.517847483,9.320e-08,1,0
-0.692920,0.279280,0.431060722,-0.644978747,-0.917882369,-0.793671322,-0.934135154,-0.839267025,0.509718501,1.080e-07,1,0
-0.692920,0.296735,0.422618656,-0.649818425,-0.921696151,-0.790912685,-0.933189597,-0.851370292,0.501738571,1.240e-07,1,0
-0.692920,0.314190,0.414061106,-0.654562676,-0.925413319,-0.788232138,-0.932117289,-0.863576331,0.493909088,1.412e-07,1,0
-0.692920,0.331645,0.405390248,-0.659214882,-0.92902761,-0.785637824,-0.930918738,-0.875885279,0.486231481,1.595e-07,1,0
-0.692920,0.349100,0.396608363,-0.663778627,-0.932532603,-0.783138044,-0.929594308,-0.888297376,0.478707205,1.788e-07,1,0
-0.675030,-0.349100,0.646198548,-0.396730818,-0.761896236,-0.878987912,-0.87026843,-0.458680755,0.873470511,6.789e-08,1,0
-0.675030,-0.331645,0.642325651,-0.405549058,-0.765055426,-0.878166094,-0.874336115,-0.466707659,0.860578655,6.649e-08,1,0
-0.675030,-0.314190,0.638358014,-0.414264521,-0.76834634,-0.877154353,-0.878237139,-0.474872702,0.847823495,6.428e-08,1,0
-0.675030,-0.296735,0.634292107,-0.42287511,-0.771761282,-0.875963388,-0.8819753,-0.483174128,0.835203346,6.139e-08,1,0
-0.675030,-0.279280,0.630124585,-0.431378825,-0.775292772,-0.874603367,-0.885553969,-0.491610206,0.822716738,5.795e-08,1,0
-0.675030,-0.261825,0.625852276,-0.439773761,-0.778933521,-0.87308399,-0.888976127,-0.500179231,0.810362402,5.407e-08,1,0
-0.675030,-0.244370,0.621472186,-0.448058119,-0.782676417,-0.871414539,-0.892244422,-0.508879522,0.798139252,4.986e-08,1,0
-0.675030,-0.226915,0.616981495,-0.456230202,-0.786514511,-0.869603936,-0.895361211,-0.51770943,0.786046372,4.540e-08,1,0
-0.675030,-0.209460,0.612377566,-0.464288424,-0.790441006,-0.867660769,-0.898328599,-0.526667335,0.774083009,4.079e-08,1,0
-0.675030,-0.192005,0.607657934,-0.472231312,-0.794449239,-0.865593355,-0.901148476,-0.535751646,0.762248554,3.608e-08,1,0
-0.675030,-0.174550,0.602820311,-0.480057511,-0.798532677,-0.863409751,-0.903822544,-0.544960805,0.750542539,3.134e-08,1,0
-0.675030,-0.157095,0.597862585,-0.487765786,-0.802684904,-0.861117807,-0.906352351,-0.554293287,0.738964625,2.662e-08,1,0
-0.675030,-0.139640,0.59278282,-0.495355029,-0.806899616,-0.858725177,-0.908739315,-0.563747603,0.727514596,2.194e-08,1,0
-0.675030,-0.122185,0.587579257,-0.50282426,-0.811170609,-0.856239353,-0.910984745,-0.573322297,0.716192349,1.734e-08,1,0
-0.675030,-0.104730,0.582250307,-0.510172635,-0.815491778,-0.853667691,-0.913089864,-0.58301595,0.704997891,1.285e-08,1,0
-0.675030,-0.087275,0.576794556,-0.517399446,-0.819857105,-0.851017423,-0.915055828,-0.592827181,0.693931331,9.347e-09,1,0
-0.675030,-0.069820,0.571210763,-0.524504127,-0.824260655,-0.848295681,-0.916883738,-0.602754648,0.682992872,9.343e-09,1,0
-0.675030,-0.052365,0.565497856,-0.531486262,-0.828696573,-0.845509516,-0.918574662,-0.612797049,0.672182812,9.058e-09,1,0
-0.675030,-0.034910,0.55965493,-0.538345581,-0.833159077,-0.842665907,-0.920129636,-0.622953121,0.661501533,8.489e-09,1,0
-0.675030,-0.017455,0.553681251,-0.545081968,-0.837642454,-0.839771783,-0.921549688,-0.633221645,0.650949501,7.635e-09,1,0
-0.675030,0.000000,0.547576248,-0.551695464,-0.842141054,-0.836834031,-0.922835837,-0.643601445,0.640527261,1.099e-08,1,0
-0.675030,0.017455,0.541339512,-0.558186272,-0.84664929,-0.833859507,-0.923989109,-0.654091389,0.630235432,1.430e-08,1,0
-0.675030,0.034910,0.534970795,-0.564554758,-0.851161627,-0.830855054,-0.925010536,-0.66469039,0.620074705,1.736e-08,1,0
-0.675030,0.052365,0.528470009,-0.570801455,-0.855672584,-0.827827505,-0.925901166,-0.675397409,0.610045839,2.013e-08,1,0
-0.675030,0.069820,0.521837218,-0.576927064,-0.860176726,-0.824783699,-0.926662063,-0.686211456,0.600149659,2.258e-08,1,0
-0.675030,0.087275,0.515072639,-0.58293246,-0.864668659,-0.821730482,-0.927294316,-0.69713159,0.59038705,2.464e-08,1,0
-0.675030,0.104730,0.508176636,-0.588818689,-0.869143026,-0.81867473,-0.927799028,-0.708156922,0.58075896,2.624e-08,1,0
-0.675030,0.122185,0.501149721,-0.594586981,-0.873594503,-0.815623344,-0.928177329,-0.719286615,0.571266392,2.731e-08,1,0
-0.675030,0.139640,0.493992548,-0.600238739,-0.878017791,-0.812583265,-0.928430369,-0.730519888,0.561910405,2.774e-08,1,0
-0.675030,0.157095,0.486705906,-0.605775549,-0.88240761,-0.80956148,-0.928559309,-0.741856018,0.552692109,2.742e-08,1,0
-0.675030,0.174550,0.479290723,-0.61119918,-0.886758691,-0.806565037,-0.928565325,-0.753294339,0.543612665,2.683e-08,1,0
-0.675030,0.192005,0.471748055,-0.616511585,-0.891065772,-0.803601051,-0.928449604,-0.764834247,0.534673281,3.323e-08,1,0
-0.675030,0.209460,0.464079086,-0.621714903,-0.895323586,-0.800676705,-0.92821333,-0.776475201,0.525875213,4.039e-08,1,0
-0.675030,0.226915,0.456285123,-0.626811461,-0.899526851,-0.797799273,-0.927857679,-0.788216729,0.517219757,4.834e-08,1,0
-0.675030,0.244370,0.448367594,-0.631803773,-0.903670263,-0.79497612,-0.927383812,-0.800058424,0.508708255,5.711e-08,1,0
-0.675030,0.261825,0.440328042,-0.636694545,-0.907748481,-0.792214721,-0.926792863,-0.811999955,0.500342084,6.672e-08,1,0
-0.675030,0.279280,0.43216812,-0.641486673,-0.911756111,-0.789522664,-0.926085919,-0.824041065,0.492122661,7.717e-08,1,0
-0.675030,0.296735,0.423889596,-0.646183245,-0.915687701,-0.786907669,-0.925264024,-0.836181577,0.484051439,8.842e-08,1,0
-0.675030,0.314190,0.415494337,-0.650787545,-0.919537716,-0.784377601,-0.924328143,-0.848421396,0.476129903,1.004e-07,1,0
-0.675030,0.331645,0.406984315,-0.655303046,-0.923300519,-0.78194048,-0.923279153,-0.860760518,0.46835957,1.130e-07,1,0
-0.675030,0.349100,0.398361603,-0.659733426,-0.926970358,-0.779604502,-0.922117829,-0.87319903,0.460741987,1.261e-07,1,0
-0.657140,-0.349100,0.64192266,-0.399442213,-0.757962162,-0.876163311,-0.865191167,-0.440587771,0.857803182,4.544e-08,1,0
-0.657140,-0.331645,0.638163548,-0.408086203,-0.76096349,-0.875060667,-0.868970521,-0.448715857,0.844918615,4.489e-08,1,0
-0.657140,-0.314190,0.634312593,-0.416625906,-0.764099835,-0.873788834,-0.872599047,-0.456981601,0.832165117,4.366e-08,1,0
-0.657140,-0.296735,0.630366216,-0.425059369,-0.767363657,-0.872357547,-0.876079837,-0.46538317,0.819541291,4.187e-08,1,0
-0.657140,-0.279280,0.626321011,-0.433384735,-0.770747627,-0.870776083,-0.879415612,-0.473918755,0.807045935,3.963e-08,1,0
-0.657140,-0.261825,0.622173749,-0.441600246,-0.77424462,-0.869053317,-0.882608775,-0.482586575,0.794678028,3.704e-08,1,0
-0.657140,-0.244370,0.617921377,-0.449704246,-0.777847697,-0.867197771,-0.885661452,-0.491384878,0.782436715,3.417e-08,1,0
-0.657140,-0.226915,0.613561014,-0.457695188,-0.781550086,-0.865217649,-0.888575532,-0.500311939,0.770321295,3.112e-08,1,0
-0.657140,-0.209460,0.609089955,-0.46557163,-0.785345171,-0.863120883,-0.891352692,-0.509366064,0.758331214,2.793e-08,1,0
-0.657140,-0.192005,0.604505669,-0.473332245,-0.789226484,-0.860915167,-0.893994443,-0.518545593,0.746466052,2.466e-08,1,0
-0.657140,-0.174550,0.599805801,-0.480975822,-0.793187697,-0.858607985,-0.896502155,-0.527848896,0.734725517,2.136e-08,1,0
-0.657140,-0.157095,0.594988164,-0.488501274,-0.797222599,-0.856206635,-0.898877069,-0.537274376,0.723109438,1.806e-08,1,0
-0.657140,-0.139640,0.590050746,-0.495907636,-0.801325103,-0.853718262,-0.901120335,-0.546820474,0.711617754,1.479e-08,1,0
-0.657140,-0.122185,0.584991706,-0.503194072,-0.805489227,-0.851149878,-0.903233023,-0.556485665,0.700250513,1.158e-08,1,0
-0.657140,-0.104730,0.579809373,-0.510359878,-0.809709099,-0.848508377,-0.905216147,-0.56626846,0.689007862,8.436e-09,1,0
-0.657140,-0.087275,0.574502247,-0.517404491,-0.813978939,-0.84580056,-0.907070681,-0.576167408,0.677890044,7.345e-09,1,0
-0.657140,-0.069820,0.569068993,-0.524327484,-0.81829306,-0.843033149,-0.908797567,-0.586181097,0.666897392,7.245e-09,1,0
-0.657140,-0.052365,0.563508445,-0.531128577,-0.822645862,-0.840212804,-0.910397736,-0.596308156,0.656030326,6.964e-09,1,0
-0.657140,-0.034910,0.5578196,-0.537807637,-0.827031827,-0.837346131,-0.911872117,-0.606547251,0.645289347,6.498e-09,1,0
-0.657140,-0.017455,0.552001618,-0.544364683,-0.831445512,-0.834439707,-0.913221641,-0.616897094,0.634675035,5.842e-09,1,0
-0.657140,0.000000,0.546053821,-0.550799889,-0.835881549,-0.831500076,-0.914447258,-0.627356436,0.624188044,8.329e-09,1,0
-0.657140,0.017455,0.539975687,-0.557113585,-0.840334638,-0.828533775,-0.915549938,-0.637924074,0.613829101,1.068e-08,1,0
-0.657140,0.034910,0.533766853,-0.563306267,-0.844799545,-0.825547334,-0.916530682,-0.648598847,0.603598999,1.288e-08,1,0
-0.657140,0.052365,0.527427109,-0.569378592,-0.849271097,-0.822547294,-0.917390523,-0.659379644,0.593498599,1.488e-08,1,0
-0.657140,0.069820,0.520956393,-0.575331383,-0.853744173,-0.819540206,-0.918130525,-0.670265398,0.583528824,1.668e-08,1,0
-0.657140,0.087275,0.514354792,-0.581165635,-0.858213712,-0.816532649,-0.918751798,-0.68125509,0.573690656,1.822e-08,1,0
-0.657140,0.104730,0.507622537,-0.586882516,-0.862674696,-0.813531237,-0.919255487,-0.692347753,0.563985136,1.946e-08,1,0
-0.657140,0.122185,0.500760001,-0.592483364,-0.867122153,-0.81054262,-0.919642774,-0.703542469,0.554413361,2.035e-08,1,0
-0.657140,0.139640,0.493767692,-0.597969697,-0.871551146,-0.807573507,-0.919914881,-0.714838374,0.544976482,2.081e-08,1,0
-0.657140,0.157095,0.486646255,-0.603343209,-0.875956777,-0.804630656,-0.920073069,-0.726234658,0.535675699,2.078e-08,1,0
-0.657140,0.174550,0.479396463,-0.608605777,-0.88033417,-0.801720902,-0.920118626,-0.737730566,0.526512263,2.015e-08,1,0
-0.657140,0.192005,0.472019215,-0.613759457,-0.884678472,-0.798851152,-0.920052873,-0.749325401,0.517487472,2.318e-08,1,0
-0.657140,0.209460,0.464515535,-0.61880649,-0.888984841,-0.796028398,-0.919877147,-0.761018529,0.50860267,2.820e-08,1,0
-0.657140,0.226915,0.456886564,-0.623749301,-0.893248443,-0.793259727,-0.919592803,-0.772809373,0.499859242,3.374e-08,1,0
-0.657140,0.244370,0.449133557,-0.628590504,-0.897464439,-0.790552336,-0.919201206,-0.784697425,0.491258616,3.983e-08,1,0
-0.657140,0.261825,0.441257882,-0.633332895,-0.901627977,-0.787913535,-0.918703715,-0.796682242,0.482802261,4.646e-08,1,0
-0.657140,0.279280,0.433261015,-0.637979466,-0.905734181,-0.785350766,-0.91810168,-0.808763453,0.47449168,5.360e-08,1,0
-0.657140,0.296735,0.425144533,-0.642533396,-0.909778135,-0.782871611,-0.91739642,-0.820940758,0.466328414,6.122e-08,1,0
-0.657140,0.314190,0.416910115,-0.646998056,-0.913754877,-0.780483803,-0.916589221,-0.833213936,0.458314039,6.923e-08,1,0
-0.657140,0.331645,0.408559539,-0.651377011,-0.917659375,-0.778195254,-0.915681315,-0.845582846,0.45045016,7.754e-08,1,0
-0.657140,0.349100,0.400094672,-0.655674023,-0.921486516,-0.776014057,-0.914673861,-0.858047433,0.442738412,8.597e-08,1,0
-0.639250,-0.349100,0.637661533,-0.402074235,-0.754011787,-0.873239367,-0.859999866,-0.422446701,0.842124347,2.684e-08,1,0
-0.639250,-0.331645,0.634017128,-0.41054599,-0.756864102,-0.871870777,-0.863508529,-0.430676613,0.829245277,2.728e-08,1,0
-0.639250,-0.314190,0.630283643,-0.418911978,-0.759854506,-0.870352644,-0.866881189,-0.43904365,0.816491839,2.708e-08,1,0
-0.639250,-0.296735,0.626457442,-0.427170389,-0.762975602,-0.868693802,-0.870120282,-0.447545902,0.803862904,2.636e-08,1,0
-0.639250,-0.279280,0.622535067,-0.435319513,-0.766220209,-0.866902687,-0.873227931,-0.456181483,0.791357519,2.522e-08,1,0
-0.639250,-0.261825,0.618513232,-0.443357734,-0.769581357,-0.864987402,-0.876206,-0.464948538,0.778974893,2.376e-08,1,0
-0.639250,-0.244370,0.614388825,-0.451283541,-0.773052268,-0.862955746,-0.879056131,-0.47384524,0.766714384,2.204e-08,1,0
-0.639250,-0.226915,0.610158908,-0.459095528,-0.776626341,-0.860815253,-0.881779774,-0.48286979,0.754575495,2.013e-08,1,0
-0.639250,-0.209460,0.605820716,-0.466792396,-0.780297138,-0.858573228,-0.884378218,-0.492020425,0.742557858,1.810e-08,1,0
-0.639250,-0.192005,0.601371653,-0.474372964,-0.784058379,-0.856236777,-0.886852622,-0.50129541,0.73066123,1.598e-08,1,0
-0.639250,-0.174550,0.596809293,-0.48183616,-0.787903919,-0.853812832,-0.889204031,-0.510693046,0.718885486,1.381e-08,1,0
-0.639250,-0.157095,0.592131385,-0.489181037,-0.791827754,-0.851308175,-0.891433411,-0.520211667,0.707230611,1.163e-08,1,0
-0.639250,-0.139640,0.587335842,-0.496406771,-0.795824001,-0.848729464,-0.893541657,-0.529849643,0.695696693,9.453e-09,1,0
-0.639250,-0.122185,0.582420749,-0.503512665,-0.799886895,-0.846083244,-0.895529618,-0.539605381,0.68428392,7.301e-09,1,0
-0.639250,-0.104730,0.577384354,-0.510498152,-0.804010783,-0.843375979,-0.897398114,-0.549477322,0.672992574,5.685e-09,1,0
-0.639250,-0.087275,0.572225074,-0.517362804,-0.808190118,-0.84061405,-0.899147942,-0.559463949,0.661823026,5.644e-09,1,0
-0.639250,-0.069820,0.566941487,-0.524106327,-0.812419446,-0.83780379,-0.900779899,-0.569563781,0.650775732,5.496e-09,1,0
-0.639250,-0.052365,0.561532339,-0.530728575,-0.816693418,-0.834951481,-0.902294792,-0.579775376,0.639851228,5.238e-09,1,0
-0.639250,-0.034910,0.55599653,-0.537229544,-0.821006764,-0.832063376,-0.903693439,-0.590097335,0.62905013,4.864e-09,1,0
-0.639250,-0.017455,0.550333123,-0.543609381,-0.825354305,-0.829145708,-0.90497669,-0.600528299,0.618373126,4.495e-09,1,0
-0.639250,0.000000,0.544541337,-0.549868386,-0.829730943,-0.826204698,-0.906145426,-0.61106695,0.607820976,6.212e-09,1,0
-0.639250,0.017455,0.538620546,-0.556007014,-0.834131657,-0.823246572,-0.907200569,-0.621712015,0.597394509,7.839e-09,1,0
-0.639250,0.034910,0.532570274,-0.56202588,-0.8385515,-0.820277563,-0.908143091,-0.632462262,0.587094618,9.365e-09,1,0
-0.639250,0.052365,0.526390195,-0.56792576,-0.842985593,-0.817303925,-0.908974006,-0.643316508,0.576922262,1.078e-08,1,0
-0.639250,0.069820,0.52008013,-0.573707595,-0.847429126,-0.814331938,-0.909694385,-0.654273612,0.566878458,1.205e-08,1,0
-0.639250,0.087275,0.513640042,-0.579372492,-0.851877351,-0.81136792,-0.910305357,-0.665332482,0.556964282,1.316e-08,1,0
-0.639250,0.104730,0.507070033,-0.58492173,-0.856325581,-0.808418235,-0.910808101,-0.676492073,0.547180868,1.409e-08,1,0
-0.639250,0.122185,0.500370344,-0.590356756,-0.860769182,-0.805489299,-0.911203859,-0.68775139,0.537529402,1.479e-08,1,0
-0.639250,0.139640,0.493541349,-0.595679192,-0.86520357,-0.802587585,-0.911493923,-0.699109487,0.528011124,1.521e-08,1,0
-0.639250,0.157095,0.486583548,-0.600890839,-0.869624209,-0.799719641,-0.911679641,-0.710565472,0.518627324,1.531e-08,1,0
-0.639250,0.174550,0.479497572,-0.605993671,-0.874026608,-0.796892093,-0.911762416,-0.722118504,0.50937934,1.503e-08,1,0
-0.639250,0.192005,0.472284168,-0.610989844,-0.878406303,-0.794111646,-0.911743689,-0.733767798,0.500268558,1.570e-08,1,0
-0.639250,0.209460,0.464944206,-0.615881694,-0.88275887,-0.791385114,-0.911624952,-0.745512626,0.491296408,1.910e-08,1,0
-0.639250,0.226915,0.457478667,-0.620671741,-0.887079902,-0.788719406,-0.91140773,-0.757352317,0.482464363,2.283e-08,1,0
-0.639250,0.244370,0.449888645,-0.625362688,-0.891365009,-0.786121554,-0.911093578,-0.769286261,0.473773938,2.691e-08,1,0
-0.639250,0.261825,0.442175338,-0.629957423,-0.895609812,-0.783598713,-0.910684075,-0.781313912,0.465226688,3.130e-08,1,0
-0.639250,0.279280,0.434340047,-0.634459025,-0.899809929,-0.781158184,-0.910180812,-0.793434787,0.456824204,3.598e-08,1,0
-0.639250,0.296735,0.426384173,-0.638870757,-0.903960966,-0.778807413,-0.909585381,-0.805648472,0.448568116,4.089e-08,1,0
-0.639250,0.314190,0.41830921,-0.643196078,-0.908058509,-0.776554019,-0.90889937,-0.817954624,0.440460086,4.597e-08,1,0
-0.639250,0.331645,0.410116746,-0.647438636,-0.912098111,-0.7744058,-0.908124343,-0.830352973,0.432501809,5.110e-08,1,0
-0.639250,0.349100,0.401808454,-0.651602274,-0.916075268,-0.772370754,-0.907261827,-0.842843328,0.42469501,5.616e-08,1,0
-0.621360,-0.349100,0.633414319,-0.404631105,-0.750045661,-0.870222614,-0.85470327,-0.404256649,0.826432195,1.202e-08,1,0
-0.621360,-0.331645,0.629885542,-0.41293255,-0.752757456,-0.868602147,-0.85795799,-0.412589083,0.813556942,1.345e-08,1,0
-0.621360,-0.314190,0.626270308,-0.421126781,-0.755610194,-0.866850769,-0.861090587,-0.421058058,0.80080206,1.422e-08,1,0
-0.621360,-0.296735,0.622564931,-0.429212133,-0.758596606,-0.864976461,-0.864102878,-0.429661584,0.788166668,1.445e-08,1,0
-0.621360,-0.279280,0.618765899,-0.437187037,-0.761709655,-0.862986875,-0.866996436,-0.4383977,0.775650045,1.426e-08,1,0
-0.621360,-0.261825,0.614869875,-0.44505002,-0.76494252,-0.860889378,-0.869772628,-0.447264477,0.763251613,1.373e-08,1,0
-0.621360,-0.244370,0.610873693,-0.452799713,-0.768288579,-0.858691091,-0.872432646,-0.456260012,0.750970934,1.294e-08,1,0
-0.621360,-0.226915,0.606774357,-0.460434851,-0.771741392,-0.856398911,-0.874977532,-0.465382436,0.738807694,1.195e-08,1,0
-0.621360,-0.209460,0.602569043,-0.467954275,-0.775294694,-0.854019549,-0.877408208,-0.474629912,0.726761705,1.082e-08,1,0
-0.621360,-0.192005,0.598255095,-0.475356939,-0.778942376,-0.851559553,-0.879725504,-0.484000636,0.714832888,9.587e-09,1,0
-0.621360,-0.174550,0.593830025,-0.482641914,-0.782678483,-0.84902533,-0.881930175,-0.493492838,0.703021276,8.287e-09,1,0
-0.621360,-0.157095,0.589291513,-0.489808387,-0.786497198,-0.84642317,-0.884022915,-0.503104784,0.691327,6.946e-09,1,0
-0.621360,-0.139640,0.584637406,-0.496855668,-0.790392841,-0.843759262,-0.886004389,-0.512834775,0.679750289,5.589e-09,1,0
-0.621360,-0.122185,0.579865715,-0.503783194,-0.794359852,-0.841039711,-0.887875237,-0.52268115,0.668291466,4.392e-09,1,0
-0.621360,-0.104730,0.574974615,-0.510590531,-0.798392792,-0.838270562,-0.889636093,-0.532642283,0.656950939,4.338e-09,1,0
-0.621360,-0.087275,0.569962443,-0.51727738,-0.80248633,-0.835457804,-0.891287597,-0.54271659,0.645729201,4.233e-09,1,0
-0.621360,-0.069820,0.564827697,-0.523843575,-0.80663525,-0.832607387,-0.892830407,-0.552902522,0.634626824,4.070e-09,1,0
-0.621360,-0.052365,0.559569033,-0.530289098,-0.810834428,-0.829725237,-0.894265206,-0.563198572,0.623644457,3.846e-09,1,0
-0.621360,-0.034910,0.554185266,-0.536614067,-0.815078846,-0.826817263,-0.895592719,-0.573603273,0.612782824,3.554e-09,1,0
-0.621360,-0.017455,0.548675366,-0.542818752,-0.819363576,-0.823889369,-0.896813715,-0.584115197,0.602042718,3.416e-09,1,0
-0.621360,0.000000,0.543038453,-0.548903573,-0.823683778,-0.820947467,-0.897929011,-0.594732962,0.591425,4.554e-09,1,0
-0.621360,0.017455,0.5372738,-0.554869103,-0.828034698,-0.817997481,-0.898939485,-0.605455223,0.580930598,5.640e-09,1,0
-0.621360,0.034910,0.531380828,-0.560716071,-0.83241167,-0.815045361,-0.899846079,-0.616280683,0.570560501,6.666e-09,1,0
-0.621360,0.052365,0.525359098,-0.566445367,-0.836810096,-0.812097082,-0.900649792,-0.627208086,0.56031576,7.622e-09,1,0
-0.621360,0.069820,0.519208322,-0.57205804,-0.841225469,-0.809158668,-0.901351706,-0.638236221,0.550197487,8.498e-09,1,0
-0.621360,0.087275,0.512928344,-0.577555305,-0.845653343,-0.806236181,-0.901952964,-0.649363925,0.540206847,9.275e-09,1,0
-0.621360,0.104730,0.506519145,-0.582938546,-0.850089346,-0.803335747,-0.902454783,-0.660590077,0.530345062,9.935e-09,1,0
-0.621360,0.122185,0.49998084,-0.588209314,-0.854529174,-0.800463551,-0.902858458,-0.671913608,0.520613409,1.046e-08,1,0
-0.621360,0.139640,0.493313673,-0.59336933,-0.858968584,-0.79762585,-0.90316535,-0.683333495,0.511013212,1.081e-08,1,0
-0.621360,0.157095,0.486518009,-0.59842049,-0.863403391,-0.794828978,-0.903376892,-0.694848764,0.501545849,1.095e-08,1,0
-0.621360,0.174550,0.479594339,-0.603364865,-0.867829467,-0.792079364,-0.903494588,-0.706458493,0.492212745,1.086e-08,1,0
-0.621360,0.192005,0.472543271,-0.608204705,-0.872242739,-0.789383529,-0.903520012,-0.718161812,0.483015369,1.049e-08,1,0
-0.621360,0.209460,0.465365522,-0.612942434,-0.87663917,-0.7867481,-0.903454787,-0.729957904,0.473955238,1.246e-08,1,0
-0.621360,0.226915,0.458061926,-0.617580661,-0.881014773,-0.784179824,-0.903300606,-0.741846007,0.46503391,1.488e-08,1,0
-0.621360,0.244370,0.450633416,-0.622122174,-0.885365594,-0.78168557,-0.903059207,-0.753825416,0.456252987,1.748e-08,1,0
-0.621360,0.261825,0.44308103,-0.626569949,-0.889687705,-0.779272352,-0.902732375,-0.765895482,0.447614108,2.025e-08,1,0
-0.621360,0.279280,0.435405902,-0.630927143,-0.893977203,-0.776947324,-0.902321934,-0.77805562,0.439118952,2.314e-08,1,0
-0.621360,0.296735,0.427609262,-0.635197105,-0.898230195,-0.774717817,-0.901829733,-0.790305305,0.430769234,2.611e-08,1,0
-0.621360,0.314190,0.419692427,-0.639383371,-0.902442798,-0.772591328,-0.901257648,-0.802644079,0.422566705,2.910e-08,1,0
-0.621360,0.331645,0.411656802,-0.643489669,-0.906611121,-0.770575553,-0.900607558,-0.815071549,0.414513147,3.200e-08,1,0
-0.621360,0.349100,0.403503874,-0.647519921,-0.910731257,-0.768678403,-0.899881345,-0.827587395,0.406610376,3.470e-08,1,0
-0.603470,-0.349100,0.629180183,-0.407116865,-0.746064253,-0.867119048,-0.849309461,-0.38601673,0.810725023,8.724e-09,1,0
-0.603470,-0.331645,0.62576795,-0.415249841,-0.748643695,-0.865260035,-0.852326174,-0.394452438,0.797852008,7.534e-09,1,0
-0.603470,-0.314190,0.62227175,-0.423274193,-0.75136671,-0.863287787,-0.855233739,-0.403024047,0.785094266,6.555e-09,1,0
-0.603470,-0.296735,0.618687849,-0.431188397,-0.754226156,-0.861209483,-0.858033409,-0.411729489,0.772451149,5.770e-09,1,0
-0.603470,-0.279280,0.615012685,-0.438991024,-0.757215132,-0.859032036,-0.860726245,-0.42056673,0.759922148,6.227e-09,1,0
-0.603470,-0.261825,0.61124287,-0.446680745,-0.760326958,-0.856762121,-0.863313149,-0.429533763,0.747506885,6.438e-09,1,0
-0.603470,-0.244370,0.607375185,-0.454256327,-0.763555162,-0.854406211,-0.865794894,-0.438628614,0.73520511,6.367e-09,1,0
-0.603470,-0.226915,0.603406581,-0.461716644,-0.76689346,-0.851970605,-0.868172144,-0.44784934,0.723016685,6.078e-09,1,0
-0.603470,-0.209460,0.599334177,-0.469060674,-0.770335748,-0.849461446,-0.870445482,-0.457194034,0.710941586,5.625e-09,1,0
-0.603470,-0.192005,0.595155262,-0.476287507,-0.77387609,-0.846884753,-0.87261543,-0.466660822,0.698979891,5.049e-09,1,0
-0.603470,-0.174550,0.590867287,-0.483396343,-0.777508709,-0.84424643,-0.874682464,-0.476247865,0.68713178,4.386e-09,1,0
-0.603470,-0.157095,0.586467869,-0.490386504,-0.781227971,-0.841552297,-0.876647036,-0.485953361,0.675397523,3.662e-09,1,0
-0.603470,-0.139640,0.581954791,-0.497257431,-0.785028384,-0.838808097,-0.878509588,-0.495775545,0.663777483,3.427e-09,1,0
-0.603470,-0.122185,0.577325996,-0.504008687,-0.788904592,-0.836019517,-0.880270568,-0.505712686,0.652272108,3.330e-09,1,0
-0.603470,-0.104730,0.572579585,-0.510639967,-0.792851354,-0.833192196,-0.881930431,-0.515763096,0.640881928,3.220e-09,1,0
-0.603470,-0.087275,0.567713826,-0.517151094,-0.796863563,-0.830331743,-0.883489674,-0.525925121,0.629607551,3.090e-09,1,0
-0.603470,-0.069820,0.562727135,-0.52354203,-0.800936212,-0.827443747,-0.884948819,-0.536197149,0.61844966,2.935e-09,1,0
-0.603470,-0.052365,0.557618091,-0.529812872,-0.805064415,-0.824533788,-0.886308447,-0.546577608,0.607409012,2.749e-09,1,0
-0.603470,-0.034910,0.552385423,-0.535963859,-0.809243382,-0.821607447,-0.887569183,-0.557064964,0.596486433,2.528e-09,1,0
-0.603470,-0.017455,0.54702801,-0.541995379,-0.813468428,-0.818670313,-0.888731721,-0.567657726,0.585682817,2.558e-09,1,0
-0.603470,0.000000,0.541544884,-0.547907962,-0.817734967,-0.815727997,-0.889796823,-0.578354443,0.574999123,3.279e-09,1,0
-0.603470,0.017455,0.535935223,-0.553702295,-0.822038504,-0.812786134,-0.890765323,-0.589153707,0.564436372,3.972e-09,1,0
-0.603470,0.034910,0.530198344,-0.559379215,-0.826374638,-0.809850397,-0.891638136,-0.600054152,0.553995646,4.633e-09,1,0
-0.603470,0.052365,0.524333711,-0.564939718,-0.830739052,-0.806926502,-0.892416253,-0.611054454,0.543678089,5.256e-09,1,0
-0.603470,0.069820,0.518340924,-0.57038496,-0.83512752,-0.804020211,-0.893100756,-0.622153336,0.533484898,5.832e-09,1,0
-0.603470,0.087275,0.512219717,-0.575716256,-0.839535894,-0.801137354,-0.893692811,-0.633349563,0.523417329,6.352e-09,1,0
-0.603470,0.104730,0.505969956,-0.580935087,-0.843960107,-0.798283819,-0.894193667,-0.644641944,0.513476689,6.803e-09,1,0
-0.603470,0.122185,0.499591635,-0.586043103,-0.848396172,-0.79546557,-0.89460467,-0.656029336,0.50366434,7.169e-09,1,0
-0.603470,0.139640,0.493084874,-0.591042119,-0.852840175,-0.792688655,-0.894927249,-0.667510642,0.493981692,7.433e-09,1,0
-0.603470,0.157095,0.486449913,-0.595934121,-0.857288271,-0.789959207,-0.89516292,-0.679084813,0.484430206,7.575e-09,1,0
-0.603470,0.174550,0.479687108,-0.600721273,-0.861736686,-0.78728346,-0.895313285,-0.690750846,0.475011391,7.572e-09,1,0
-0.603470,0.192005,0.47279693,-0.605405907,-0.866181714,-0.784667755,-0.895380031,-0.70250779,0.465726802,7.398e-09,1,0
-0.603470,0.209460,0.465779957,-0.609990536,-0.870619705,-0.782118549,-0.895364924,-0.714354744,0.456578037,7.768e-09,1,0
-0.603470,0.226915,0.458636876,-0.614477849,-0.875047072,-0.779642423,-0.895269807,-0.726290857,0.447566741,9.242e-09,1,0
-0.603470,0.244370,0.45136847,-0.618870718,-0.879460277,-0.777246097,-0.895096594,-0.738315333,0.438694597,1.080e-08,1,0
-0.603470,0.261825,0.443975622,-0.623172196,-0.883855835,-0.774936438,-0.894847269,-0.75042743,0.42996333,1.243e-08,1,0
-0.603470,0.279280,0.436459306,-0.627385521,-0.888230298,-0.772720476,-0.894523871,-0.76262646,0.421374705,1.408e-08,1,0
-0.603470,0.296735,0.428820587,-0.631514116,-0.892580265,-0.770605413,-0.894128503,-0.774911796,0.412930524,1.572e-08,1,0
-0.603470,0.314190,0.421060613,-0.635561592,-0.896902359,-0.768598643,-0.893663307,-0.787282868,0.404632622,1.728e-08,1,0
-0.603470,0.331645,0.413180609,-0.639531755,-0.901193222,-0.766707762,-0.893130463,-0.799739171,0.396482871,1.869e-08,1,0
-0.603470,0.349100,0.405181884,-0.6434286,-0.905449522,-0.764940588,-0.892532186,-0.81228026,0.388483174,1.986e-08,1,0
-0.585580,-0.349100,0.624958296,-0.409535398,-0.742067958,-0.86393418,-0.84382593,-0.367726072,0.795001225,8.161e-09,1,0
-0.585580,-0.331645,0.62166353,-0.417501668,-0.744522911,-0.861849272,-0.846619818,-0.376265859,0.782128964,7.187e-09,1,0
-0.585580,-0.314190,0.618287156,-0.425357938,-0.747123845,-0.859667907,-0.849316684,-0.384940852,0.769367032,6.314e-09,1,0
-0.585580,-0.296735,0.614825393,-0.433102828,-0.749863742,-0.85739651,-0.851917254,-0.393748906,0.756714993,5.556e-09,1,0
-0.585580,-0.279280,0.611274633,-0.440735049,-0.75273583,-0.855041293,-0.854422115,-0.402687909,0.744172537,4.913e-09,1,0
-0.585580,-0.261825,0.607631438,-0.448253409,-0.755733567,-0.852608277,-0.856831741,-0.411755781,0.731739475,4.379e-09,1,0
-0.585580,-0.244370,0.603892539,-0.45565681,-0.758850619,-0.850103327,-0.859146509,-0.420950476,0.719415728,3.941e-09,1,0
-0.585580,-0.226915,0.600054838,-0.462944262,-0.762080858,-0.847532164,-0.861366736,-0.430269978,0.707201325,3.586e-09,1,0
-0.585580,-0.209460,0.596115403,-0.470114876,-0.765418337,-0.844900397,-0.863492687,-0.439712311,0.695096396,3.299e-09,1,0
-0.585580,-0.192005,0.592071464,-0.47716787,-0.768857282,-0.842213534,-0.865524592,-0.449275532,0.683101167,3.066e-09,1,0
-0.585580,-0.174550,0.587920419,-0.484102579,-0.772392084,-0.839477009,-0.867462675,-0.458957733,0.671215954,2.874e-09,1,0
-0.585580,-0.157095,0.583659825,-0.490918448,-0.776017292,-0.836696187,-0.869307155,-0.468757045,0.65944116,2.713e-09,1,0
-0.585580,-0.139640,0.579287404,-0.497615045,-0.779727597,-0.833876384,-0.871058269,-0.478671637,0.647777274,2.571e-09,1,0
-0.585580,-0.122185,0.574801033,-0.504192058,-0.783517829,-0.831022882,-0.872716278,-0.488699713,0.636224864,2.441e-09,1,0
-0.585580,-0.104730,0.57019875,-0.510649301,-0.787382955,-0.828140939,-0.874281484,-0.49883952,0.624784572,2.316e-09,1,0
-0.585580,-0.087275,0.565478749,-0.516986719,-0.791318065,-0.825235796,-0.875754236,-0.509089339,0.613457118,2.188e-09,1,0
-0.585580,-0.069820,0.560639376,-0.523204388,-0.795318369,-0.822312697,-0.877134938,-0.519447496,0.602243291,2.053e-09,1,0
-0.585580,-0.052365,0.555679132,-0.529302523,-0.799379199,-0.819376888,-0.878424065,-0.529912353,0.591143949,1.907e-09,1,0
-0.585580,-0.034910,0.550596667,-0.535281477,-0.803495994,-0.816433629,-0.879622157,-0.540482313,0.580160018,1.744e-09,1,0
-0.585580,-0.017455,0.545390777,-0.541141745,-0.807664301,-0.81348821,-0.880729836,-0.551155822,0.569292487,1.885e-09,1,0
-0.585580,0.000000,0.540060408,-0.546883968,-0.811879779,-0.810545951,-0.881747812,-0.561931365,0.558542408,2.315e-09,1,0
-0.585580,0.017455,0.534604647,-0.552508937,-0.816138183,-0.807612207,-0.882676878,-0.572807469,0.547910894,2.734e-09,1,0
-0.585580,0.034910,0.529022716,-0.558017594,-0.820435368,-0.804692388,-0.883517923,-0.583782705,0.537399116,3.137e-09,1,0
-0.585580,0.052365,0.523313984,-0.563411035,-0.824767289,-0.801791952,-0.884271932,-0.594855683,0.527008304,3.522e-09,1,0
-0.585580,0.069820,0.517477945,-0.568690513,-0.829129991,-0.79891642,-0.884939987,-0.606025058,0.516739743,3.882e-09,1,0
-0.585580,0.087275,0.51151423,-0.573857441,-0.833519615,-0.796071388,-0.885523276,-0.617289529,0.506594771,4.211e-09,1,0
-0.585580,0.104730,0.505422597,-0.578913392,-0.837932391,-0.793262519,-0.886023086,-0.628647838,0.496574781,4.501e-09,1,0
-0.585580,0.122185,0.499202924,-0.583860107,-0.842364635,-0.790495563,-0.886440802,-0.640098771,0.486681216,4.743e-09,1,0
-0.585580,0.139640,0.492855214,-0.58869949,-0.84681275,-0.787776363,-0.886777921,-0.651641159,0.476915571,4.926e-09,1,0
-0.585580,0.157095,0.486379585,-0.593433613,-0.851273223,-0.78511086,-0.887036039,-0.663273879,0.467279388,5.038e-09,1,0
-0.585580,0.174550,0.479776266,-0.598064724,-0.855742623,-0.782505102,-0.887216852,-0.674995854,0.457774258,5.064e-09,1,0
-0.585580,0.192005,0.473045599,-0.602595237,-0.860217596,-0.779965253,-0.887322157,-0.686806054,0.448401818,4.993e-09,1,0
-0.585580,0.209460,0.466188028,-0.607027743,-0.864694868,-0.777497604,-0.887353849,-0.698703496,0.439163748,4.809e-09,1,0
-0.585580,0.226915,0.459204099,-0.611365013,-0.869171236,-0.775108582,-0.887313922,-0.710687248,0.430061775,5.385e-09,1,0
-0.585580,0.244370,0.45209445,-0.615609991,-0.873643567,-0.77280476,-0.887204451,-0.722756425,0.421097666,6.242e-09,1,0
-0.585580,0.261825,0.444859819,-0.619765806,-0.878108801,-0.770592866,-0.887027612,-0.734910195,0.41227323,7.102e-09,1,0
-0.585580,0.279280,0.437501024,-0.62383577,-0.882563933,-0.768479802,-0.886785651,-0.747147775,0.403590315,7.934e-09,1,0
-0.585580,0.296735,0.430018971,-0.627823377,-0.887006028,-0.766472658,-0.886480904,-0.75946844,0.395050807,8.701e-09,1,0
-0.585580,0.314190,0.422414644,-0.631732311,-0.891432199,-0.764578717,-0.88611577,-0.771871516,0.386656629,9.357e-09,1,0
-0.585580,0.331645,0.414689103,-0.635566446,-0.895839612,-0.762805484,-0.88569272,-0.784356386,0.378409739,9.847e-09,1,0
-0.585580,0.349100,0.406843475,-0.639329848,-0.900225478,-0.76116069,-0.885214279,-0.796922494,0.37031213,1.011e-08,1,0
-0.567690,-0.349100,0.620747832,-0.411890441,-0.738057089,-0.860673088,-0.838259614,-0.349383812,0.779259285,1.316e-08,1,0
-0.567690,-0.331645,0.617571467,-0.419691692,-0.740395141,-0.858374311,-0.840845172,-0.358028541,0.766386384,9.518e-09,1,0
-0.567690,-0.314190,0.614315725,-0.427381608,-0.742881362,-0.855995009,-0.843345026,-0.366807722,0.753619008,6.738e-09,1,0
-0.567690,-0.296735,0.610976777,-0.434958948,-0.74550885,-0.853540898,-0.845759412,-0.375719133,0.740956919,4.635e-09,1,0
-0.567690,-0.279280,0.607550973,-0.44242256,-0.74827096,-0.851017526,-0.848088479,-0.384760587,0.728399994,4.025e-09,1,0
-0.567690,-0.261825,0.604034828,-0.449771387,-0.751161282,-0.848430293,-0.850332298,-0.39392993,0.715948215,3.583e-09,1,0
-0.567690,-0.244370,0.600425031,-0.457004467,-0.754173625,-0.845784482,-0.852490889,-0.403225043,0.703601668,3.197e-09,1,0
-0.567690,-0.226915,0.596718429,-0.464120939,-0.757301998,-0.843085274,-0.854564235,-0.412643841,0.691360535,2.868e-09,1,0
-0.567690,-0.209460,0.592912045,-0.471120043,-0.760540608,-0.840337761,-0.856552304,-0.422184277,0.679225093,2.590e-09,1,0
-0.567690,-0.192005,0.589003056,-0.478001126,-0.763883841,-0.837546971,-0.858455062,-0.43184434,0.667195702,2.356e-09,1,0
-0.567690,-0.174550,0.584988807,-0.484763646,-0.767326253,-0.834717879,-0.860272489,-0.441622057,0.655272812,2.159e-09,1,0
-0.567690,-0.157095,0.580866801,-0.491407173,-0.770862562,-0.831855421,-0.86200459,-0.451515491,0.643456949,1.992e-09,1,0
-0.567690,-0.139640,0.5766347,-0.497931395,-0.774487638,-0.828964504,-0.863651409,-0.461522745,0.63174872,1.848e-09,1,0
-0.567690,-0.122185,0.572290324,-0.504336117,-0.7781965,-0.826050022,-0.865213036,-0.471641962,0.620148805,1.720e-09,1,0
-0.567690,-0.104730,0.567831646,-0.510621274,-0.781984303,-0.823116862,-0.866689624,-0.481871323,0.608657958,1.604e-09,1,0
-0.567690,-0.087275,0.563256794,-0.516786922,-0.785846335,-0.820169918,-0.868081387,-0.492209049,0.597277001,1.494e-09,1,0
-0.567690,-0.069820,0.558564046,-0.522833252,-0.789778013,-0.817214092,-0.869388616,-0.5026534,0.586006825,1.386e-09,1,0
-0.567690,-0.052365,0.553751832,-0.528760586,-0.793774882,-0.814254313,-0.870611689,-0.513202678,0.574848384,1.277e-09,1,0
-0.567690,-0.034910,0.548818726,-0.534569384,-0.7978326,-0.811295541,-0.871751066,-0.523855225,0.563802699,1.162e-09,1,0
-0.567690,-0.017455,0.543763447,-0.540260249,-0.801946942,-0.808342767,-0.872807303,-0.534609424,0.55287085,1.365e-09,1,0
-0.567690,0.000000,0.538584856,-0.545833923,-0.806113799,-0.805401029,-0.873781054,-0.545463698,0.542053979,1.600e-09,1,0
-0.567690,0.017455,0.533281959,-0.551291296,-0.810329173,-0.80247542,-0.874673085,-0.556416513,0.531353287,1.833e-09,1,0
-0.567690,0.034910,0.527853887,-0.556633411,-0.814589163,-0.79957109,-0.875484252,-0.567466375,0.520770029,2.062e-09,1,0
-0.567690,0.052365,0.522299917,-0.561861455,-0.818889989,-0.79669325,-0.876215539,-0.578611835,0.51030552,2.283e-09,1,0
-0.567690,0.069820,0.516619448,-0.566976777,-0.823227959,-0.793847189,-0.876868031,-0.589851482,0.499961128,2.493e-09,1,0
-0.567690,0.087275,0.51081201,-0.571980878,-0.827599492,-0.79103827,-0.877442933,-0.60118395,0.489738273,2.686e-09,1,0
-0.567690,0.104730,0.504877254,-0.576875422,-0.832001102,-0.788271944,-0.877941561,-0.612607915,0.479638428,2.859e-09,1,0
-0.567690,0.122185,0.498814955,-0.581662231,-0.836429403,-0.785553755,-0.878365353,-0.624122097,0.469663119,3.006e-09,1,0
-0.567690,0.139640,0.492625002,-0.586343296,-0.840881108,-0.782889348,-0.878715866,-0.635725257,0.459813919,3.119e-09,1,0
-0.567690,0.157095,0.486307396,-0.590920768,-0.845353018,-0.780284472,-0.878994765,-0.647416204,0.450092451,3.193e-09,1,0
-0.567690,0.174550,0.47986225,-0.595396974,-0.849842037,-0.777745,-0.879203842,-0.659193786,0.440500386,3.218e-09,1,0
-0.567690,0.192005,0.473289777,-0.599774403,-0.854345152,-0.775276927,-0.879344997,-0.6710569,0.431039439,3.189e-09,1,0
-0.567690,0.209460,0.466590295,-0.604055726,-0.858859449,-0.772886379,-0.879420251,-0.683004487,0.421711374,3.097e-09,1,0
-0.567690,0.226915,0.459764214,-0.60824378,-0.863382099,-0.770579634,-0.879431731,-0.695035533,0.412517997,2.939e-09,1,0
-0.567690,0.244370,0.452812039,-0.612341587,-0.867910362,-0.768363119,-0.879381679,-0.707149072,0.403461157,3.268e-09,1,0
-0.567690,0.261825,0.445734362,-0.616352339,-0.872441583,-0.766243437,-0.87927244,-0.719344184,0.394542744,3.647e-09,1,0
-0.567690,0.279280,0.438531855,-0.620279422,-0.876973191,-0.764227363,-0.879106467,-0.731619999,0.385764691,3.976e-09,1,0
-0.567690,0.296735,0.431205273,-0.624126395,-0.881502698,-0.762321875,-0.878886313,-0.743975696,0.377128967,4.226e-09,1,0
-0.567690,0.314190,0.423755439,-0.62789701,-0.886027689,-0.760534152,-0.87861462,-0.756410503,0.368637581,4.368e-09,1,0
-0.567690,0.331645,0.416183252,-0.631595206,-0.890545836,-0.758871608,-0.878294134,-0.7689237,0.360292577,4.368e-09,1,0
-0.567690,0.349100,0.40848967,-0.635225115,-0.895054869,-0.757341898,-0.877927674,-0.781514623,0.352096034,4.198e-09,1,0
-0.549800,-0.349100,0.616547968,-0.414185601,-0.734031892,-0.857340455,-0.832616956,-0.3309891,0.763497773,1.664e-08,1,0
-0.549800,-0.331645,0.613490953,-0.421823452,-0.736260373,-0.854839259,-0.835008044,-0.339739689,0.75062292,1.260e-08,1,0
-0.549800,-0.314190,0.610356663,-0.429348669,-0.73863899,-0.852272677,-0.837323975,-0.348623915,0.73784892,9.481e-09,1,0
-0.549800,-0.296735,0.60714123,-0.436760153,-0.741160957,-0.849645749,-0.839564538,-0.357639481,0.725175719,7.087e-09,1,0
-0.549800,-0.279280,0.603840958,-0.444056886,-0.743819752,-0.846963393,-0.84172947,-0.366784125,0.712603364,5.259e-09,1,0
-0.549800,-0.261825,0.60045232,-0.451237942,-0.746609087,-0.844230426,-0.843818466,-0.376055619,0.700132003,3.876e-09,1,0
-0.549800,-0.244370,0.59697196,-0.458302492,-0.749522907,-0.841451573,-0.84583121,-0.385451772,0.687761871,2.840e-09,1,0
-0.549800,-0.226915,0.593396683,-0.465249801,-0.752555362,-0.838631497,-0.847767381,-0.394970431,0.675493296,2.075e-09,1,0
-0.549800,-0.209460,0.589723462,-0.472079235,-0.755700806,-0.835774804,-0.849626669,-0.404609478,0.663326689,1.856e-09,1,0
-0.549800,-0.192005,0.58594943,-0.478790264,-0.758953777,-0.832886058,-0.851408791,-0.414366836,0.651262541,1.673e-09,1,0
-0.549800,-0.174550,0.582071878,-0.485382468,-0.762308991,-0.829969799,-0.853113499,-0.424240465,0.639301424,1.514e-09,1,0
-0.549800,-0.157095,0.57808826,-0.491855534,-0.765761334,-0.827030549,-0.854740601,-0.434228365,0.627443981,1.377e-09,1,0
-0.549800,-0.139640,0.573996184,-0.498209267,-0.769305848,-0.824072824,-0.856289959,-0.444328575,0.615690931,1.258e-09,1,0
-0.549800,-0.122185,0.569793411,-0.504443588,-0.772937728,-0.821101143,-0.857761502,-0.454539175,0.604043062,1.153e-09,1,0
-0.549800,-0.104730,0.565477859,-0.51055854,-0.776652318,-0.81812004,-0.859155242,-0.464858284,0.592501229,1.060e-09,1,0
-0.549800,-0.087275,0.56104759,-0.516554291,-0.780445096,-0.815134067,-0.860471267,-0.475284061,0.581066354,9.755e-10,1,0
-0.549800,-0.069820,0.556500823,-0.522431138,-0.784311683,-0.81214781,-0.861709771,-0.485814707,0.569739424,8.959e-10,1,0
-0.549800,-0.052365,0.551835917,-0.528189509,-0.788247824,-0.809165884,-0.862871029,-0.496448463,0.558521485,8.188e-10,1,0
-0.549800,-0.034910,0.547051375,-0.533829965,-0.79224939,-0.806192954,-0.863955429,-0.50718361,0.547413649,8.642e-10,1,0
-0.549800,-0.017455,0.542145846,-0.539353208,-0.796312383,-0.803233731,-0.864963469,-0.518018472,0.536417083,9.693e-10,1,0
-0.549800,0.000000,0.537118113,-0.544760079,-0.800432914,-0.800292983,-0.865895755,-0.528951413,0.525533015,1.080e-09,1,0
-0.549800,0.017455,0.531967098,-0.550051562,-0.804607221,-0.797375542,-0.866753012,-0.539980839,0.514762727,1.195e-09,1,0
-0.549800,0.034910,0.526691854,-0.55522879,-0.808831647,-0.794486307,-0.867536083,-0.551105195,0.504107561,1.310e-09,1,0
-0.549800,0.052365,0.521291566,-0.560293044,-0.813102662,-0.791630256,-0.868245941,-0.562322971,0.49356891,1.424e-09,1,0
-0.549800,0.069820,0.515765544,-0.565245757,-0.817416832,-0.788812444,-0.868883675,-0.573632696,0.483148221,1.533e-09,1,0
-0.549800,0.087275,0.510113224,-0.570088516,-0.821770845,-0.786038018,-0.869450508,-0.58503294,0.472846995,1.635e-09,1,0
-0.549800,0.104730,0.504334159,-0.574823067,-0.826161493,-0.783312219,-0.869947793,-0.596522318,0.462666784,1.726e-09,1,0
-0.549800,0.122185,0.49842802,-0.579451313,-0.830585675,-0.780640392,-0.870377005,-0.608099485,0.45260919,1.803e-09,1,0
-0.549800,0.139640,0.492394591,-0.583975322,-0.835040401,-0.778027987,-0.870739759,-0.619763136,0.442675866,1.862e-09,1,0
-0.549800,0.157095,0.486233763,-0.588397322,-0.839522782,-0.775480577,-0.871037796,-0.631512012,0.432868511,1.899e-09,1,0
-0.549800,0.174550,0.479945534,-0.592719709,-0.844030041,-0.773003855,-0.871272988,-0.643344895,0.423188874,1.910e-09,1,0
-0.549800,0.192005,0.47353,-0.596945052,-0.848559502,-0.77060365,-0.871447342,-0.655260608,0.413638751,1.889e-09,1,0
-0.549800,0.209460,0.466987355,-0.601076082,-0.853108593,-0.768285938,-0.871562988,-0.66725802,0.404219981,1.835e-09,1,0
-0.549800,0.226915,0.460317882,-0.605115712,-0.85767485,-0.766056846,-0.871622193,-0.679336041,0.394934452,1.745e-09,1,0
-0.549800,0.244370,0.453521956,-0.609067026,-0.862255911,-0.763922666,-0.871627345,-0.691493626,0.385784092,1.618e-09,1,0
-0.549800,0.261825,0.44660003,-0.612933286,-0.866849514,-0.761889871,-0.87158096,-0.703729775,0.376770873,1.556e-09,1,0
-0.549800,0.279280,0.439552637,-0.616717935,-0.871453504,-0.759965116,-0.871485676,-0.716043531,0.367896808,1.613e-09,1,0
-0.549800,0.296735,0.432380383,-0.6204246,-0.876065827,-0.75815527,-0.871344256,-0.728433985,0.359163951,1.603e-09,1,0
-0.549800,0.314190,0.425083943,-0.624057094,-0.880684525,-0.756467415,-0.871159577,-0.740900272,0.350574394,1.513e-09,1,0
-0.549800,0.331645,0.417664057,-0.627619417,-0.88530775,-0.754908874,-0.870934637,-0.753441577,0.342130267,1.332e-09,1,0
-0.549800,0.349100,0.41012152,-0.631115765,-0.889933745,-0.753487222,-0.870672541,-0.766057129,0.333833736,1.059e-09,1,0
-0.531910,-0.349100,0.612357878,-0.41642437,-0.729992538,-0.853940607,-0.826903941,-0.312541091,0.747715338,1.844e-08,1,0
-0.531910,-0.331645,0.609421186,-0.423900367,-0.732118547,-0.851247917,-0.829113836,-0.321398516,0.734837298,1.416e-08,1,0
-0.531910,-0.314190,0.606409194,-0.431262479,-0.734396438,-0.848504222,-0.831258389,-0.330388701,0.722055562,1.085e-08,1,0
-0.531910,-0.296735,0.603317996,-0.438509734,-0.736819539,-0.845713928,-0.833336973,-0.339509274,0.709370247,8.305e-09,1,0
-0.531910,-0.279280,0.600143857,-0.445641251,-0.739381443,-0.842881358,-0.835348941,-0.348757898,0.69678156,6.344e-09,1,0
-0.531910,-0.261825,0.59688321,-0.452656234,-0.742075991,-0.840010766,-0.837293646,-0.358132271,0.684289796,4.842e-09,1,0
-0.531910,-0.244370,0.593532655,-0.45955398,-0.74489725,-0.837106354,-0.839170453,-0.367630134,0.671895338,3.697e-09,1,0
-0.531910,-0.226915,0.590088958,-0.466333878,-0.747839512,-0.834172285,-0.840978755,-0.377249261,0.659598645,2.828e-09,1,0
-0.531910,-0.209460,0.586549048,-0.472995416,-0.750897272,-0.831212703,-0.842717987,-0.38698747,0.647400255,2.175e-09,1,0
-0.531910,-0.192005,0.582910011,-0.479538184,-0.754065215,-0.828231728,-0.84438763,-0.396842617,0.635300783,1.688e-09,1,0
-0.531910,-0.174550,0.579169095,-0.485961877,-0.757338213,-0.825233482,-0.845987229,-0.406812597,0.623300914,1.329e-09,1,0
-0.531910,-0.157095,0.575323705,-0.492266298,-0.760711313,-0.82222209,-0.847516401,-0.416895346,0.611401403,1.071e-09,1,0
-0.531910,-0.139640,0.571371396,-0.498451363,-0.764179725,-0.819201692,-0.84897484,-0.427088842,0.599603074,8.882e-10,1,0
-0.531910,-0.122185,0.56730988,-0.504517104,-0.767738818,-0.816176449,-0.850362329,-0.437391103,0.587906815,7.647e-10,1,0
-0.531910,-0.104730,0.563137018,-0.510463668,-0.771384117,-0.813150553,-0.851678744,-0.447800188,0.576313579,6.862e-10,1,0
-0.531910,-0.087275,0.558850817,-0.516291329,-0.775111286,-0.810128232,-0.85292406,-0.458314196,0.564824383,6.424e-10,1,0
-0.531910,-0.069820,0.554449431,-0.522000487,-0.778916137,-0.807113757,-0.854098367,-0.468931269,0.553440303,6.249e-10,1,0
-0.531910,-0.052365,0.549931161,-0.527591668,-0.782794619,-0.804111447,-0.85520186,-0.47964959,0.542162476,6.274e-10,1,0
-0.531910,-0.034910,0.545294442,-0.53306553,-0.786742809,-0.801125682,-0.856234855,-0.490467383,0.530992097,6.451e-10,1,0
-0.531910,-0.017455,0.540537854,-0.53842287,-0.790756914,-0.798160899,-0.857197786,-0.501382913,0.519930418,6.740e-10,1,0
-0.531910,0.000000,0.535660108,-0.54366462,-0.794833277,-0.795221605,-0.858091223,-0.512394486,0.508978747,7.111e-10,1,0
-0.531910,0.017455,0.530660052,-0.548791856,-0.798968357,-0.79231238,-0.858915856,-0.523500451,0.49813845,7.537e-10,1,0
-0.531910,0.034910,0.525536658,-0.553805795,-0.803158736,-0.789437884,-0.85967251,-0.534699195,0.487410944,7.997e-10,1,0
-0.531910,0.052365,0.52028903,-0.558707803,-0.807401118,-0.786602864,-0.860362146,-0.54598915,0.476797701,8.468e-10,1,0
-0.531910,0.069820,0.514916392,-0.563499396,-0.811692331,-0.783812151,-0.860985863,-0.557368785,0.466300246,8.929e-10,1,0
-0.531910,0.087275,0.509418091,-0.56818224,-0.816029316,-0.781070682,-0.861544901,-0.568836613,0.455920155,9.361e-10,1,0
-0.531910,0.104730,0.503793588,-0.572758158,-0.820409137,-0.778383494,-0.86204064,-0.580391186,0.445659057,9.738e-10,1,0
-0.531910,0.122185,0.498042457,-0.577229129,-0.82482897,-0.775755737,-0.862474601,-0.592031098,0.435518629,1.004e-09,1,0
-0.531910,0.139640,0.49216438,-0.581597292,-0.829286111,-0.773192676,-0.862848451,-0.603754984,0.425500598,1.024e-09,1,0
-0.531910,0.157095,0.486159145,-0.585864946,-0.833777974,-0.770699705,-0.863163998,-0.615561518,0.415606742,1.030e-09,1,0
-0.531910,0.174550,0.480026639,-0.590034559,-0.838302088,-0.76828235,-0.863423197,-0.627449417,0.405838884,1.022e-09,1,0
-0.531910,0.192005,0.473766848,-0.59410876,-0.842856101,-0.76594628,-0.863628148,-0.639417438,0.396198896,9.947e-10,1,0
-0.531910,0.209460,0.467379848,-0.598090352,-0.84743778,-0.763697318,-0.863781096,-0.651464378,0.386688695,9.476e-10,1,0
-0.531910,0.226915,0.460865802,-0.601982307,-0.852045008,-0.76154145,-0.863884431,-0.663589078,0.377310246,8.787e-10,1,0
-0.531910,0.244370,0.454224956,-0.605787771,-0.856675787,-0.759484831,-0.863940679,-0.675790417,0.368065555,7.872e-10,1,0
-0.531910,0.261825,0.447457636,-0.609510067,-0.861328242,-0.757533809,-0.863952522,-0.688067317,0.358956675,6.733e-10,1,0
-0.531910,0.279280,0.440564238,-0.613152699,-0.866000616,-0.755694928,-0.863922775,-0.700418743,0.3499857,5.369e-10,1,0
-0.531910,0.296735,0.433545228,-0.616719351,-0.870691271,-0.753974944,-0.863854395,-0.712843699,0.341154764,3.786e-10,1,0
-0.531910,0.314190,0.426401138,-0.620213894,-0.875398699,-0.752380848,-0.863750485,-0.725341235,0.332466044,1.968e-10,1,0
-0.531910,0.331645,0.419132551,-0.623640386,-0.880121506,-0.75091987,-0.863614277,-0.737910443,0.323921754,1.496e-11,1,0
-0.531910,0.349100,0.41174011,-0.627003082,-0.884858429,-0.749599513,-0.863449149,-0.750550456,0.315524147,2.725e-10,1,0
-0.514020,-0.349100,0.608176732,-0.418610129,-0.725939123,-0.850477544,-0.821126123,-0.29403895,0.7319107,1.898e-08,1,0
-0.514020,-0.331645,0.605361359,-0.425925761,-0.727969545,-0.847603795,-0.823167568,-0.303004245,0.719028314,1.460e-08,1,0
-0.514020,-0.314190,0.602472541,-0.433126291,-0.730153379,-0.844692713,-0.82515279,-0.312101361,0.706237797,1.123e-08,1,0
-0.514020,-0.296735,0.59950633,-0.440210885,-0.732484058,-0.841748099,-0.827080768,-0.321327846,0.693539423,8.640e-09,1,0
-0.514020,-0.279280,0.596458955,-0.447178788,-0.734955289,-0.838773707,-0.828950504,-0.33068129,0.680933549,6.647e-09,1,0
-0.514020,-0.261825,0.593326814,-0.454029332,-0.737561035,-0.83577326,-0.830761029,-0.340159322,0.668420612,5.118e-09,1,0
-0.514020,-0.244370,0.590106466,-0.460761937,-0.740295488,-0.832750458,-0.832511413,-0.349759609,0.656001125,3.947e-09,1,0
-0.514020,-0.226915,0.58679464,-0.467376112,-0.743153075,-0.829708993,-0.834200785,-0.359479861,0.643675674,3.053e-09,1,0
-0.514020,-0.209460,0.583388222,-0.473871466,-0.746128426,-0.826652557,-0.835828337,-0.369317826,0.631444917,2.371e-09,1,0
-0.514020,-0.192005,0.57988426,-0.480247702,-0.749216375,-0.823584853,-0.837393335,-0.379271297,0.619309581,1.854e-09,1,0
-0.514020,-0.174550,0.576279958,-0.486504628,-0.752411944,-0.820509597,-0.838895129,-0.389338105,0.60727046,1.462e-09,1,0
-0.514020,-0.157095,0.572572674,-0.492642157,-0.755710334,-0.817430536,-0.840333157,-0.399516125,0.595328414,1.169e-09,1,0
-0.514020,-0.139640,0.568759921,-0.498660311,-0.759106921,-0.814351449,-0.84170696,-0.409803274,0.583484364,9.497e-10,1,0
-0.514020,-0.122185,0.564839358,-0.504559227,-0.762597243,-0.811276149,-0.843016175,-0.420197509,0.571739297,7.882e-10,1,0
-0.514020,-0.104730,0.560808797,-0.510339157,-0.766176997,-0.8082085,-0.84426056,-0.430696831,0.560094256,6.707e-10,1,0
-0.514020,-0.087275,0.556666191,-0.516000473,-0.769842032,-0.805152416,-0.845439982,-0.441299282,0.548550347,5.871e-10,1,0
-0.514020,-0.069820,0.552409639,-0.52154367,-0.773588347,-0.802111866,-0.846554432,-0.452002947,0.537108732,5.295e-10,1,0
-0.514020,-0.052365,0.548037382,-0.526969371,-0.777412084,-0.799090883,-0.847604032,-0.462805952,0.525770632,4.917e-10,1,0
-0.514020,-0.034910,0.543547795,-0.532278325,-0.78130952,-0.79609357,-0.848589027,-0.473706465,0.514537324,4.689e-10,1,0
-0.514020,-0.017455,0.538939392,-0.537471417,-0.785277073,-0.7931241,-0.849509802,-0.484702695,0.503410139,4.576e-10,1,0
-0.514020,0.000000,0.534210819,-0.542549669,-0.789311296,-0.790186727,-0.850366881,-0.495792894,0.492390465,4.546e-10,1,0
-0.514020,0.017455,0.529360849,-0.547514238,-0.793408869,-0.787285789,-0.851160926,-0.506975353,0.481479742,4.579e-10,1,0
-0.514020,0.034910,0.524388386,-0.552366424,-0.797566606,-0.78442571,-0.851892746,-0.518248406,0.470679464,4.649e-10,1,0
-0.514020,0.052365,0.519292454,-0.557107673,-0.801781446,-0.78161101,-0.852563295,-0.529610428,0.459991178,4.741e-10,1,0
-0.514020,0.069820,0.514072196,-0.561739577,-0.806050457,-0.778846313,-0.853173677,-0.541059832,0.449416482,4.837e-10,1,0
-0.514020,0.087275,0.508726875,-0.566263877,-0.810370836,-0.776136345,-0.853725149,-0.552595074,0.438957027,4.920e-10,1,0
-0.514020,0.104730,0.503255864,-0.570682467,-0.814739902,-0.773485946,-0.854219115,-0.564214649,0.428614513,4.972e-10,1,0
-0.514020,0.122185,0.497658645,-0.574997398,-0.819155106,-0.770900074,-0.85465714,-0.575917092,0.418390692,4.976e-10,1,0
-0.514020,0.139640,0.491934807,-0.579210873,-0.823614022,-0.768383818,-0.855040942,-0.587700978,0.408287364,4.912e-10,1,0
-0.514020,0.157095,0.486084037,-0.583325261,-0.828114352,-0.765942396,-0.855372393,-0.599564921,0.398306379,4.760e-10,1,0
-0.514020,0.174550,0.480106122,-0.58734309,-0.83265393,-0.763581172,-0.855653527,-0.611507576,0.388449635,4.500e-10,1,0
-0.514020,0.192005,0.474000938,-0.591267054,-0.837230713,-0.761305658,-0.855886533,-0.623527634,0.378719078,4.111e-10,1,0
-0.514020,0.209460,0.467768449,-0.595100014,-0.841842791,-0.759121528,-0.856073756,-0.635623829,0.369116701,3.568e-10,1,0
-0.514020,0.226915,0.461408704,-0.598845,-0.846488391,-0.757034629,-0.856217708,-0.647794932,0.359644544,2.847e-10,1,0
-0.514020,0.244370,0.454921831,-0.602505218,-0.851165868,-0.755050988,-0.856321055,-0.660039751,0.350304691,1.922e-10,1,0
-0.514020,0.261825,0.448308028,-0.606084045,-0.855873714,-0.753176827,-0.856386621,-0.672357138,0.341099272,7.534e-11,1,0
-0.514020,0.279280,0.441567563,-0.60958504,-0.860610558,-0.751418579,-0.856417392,-0.684745978,0.33203046,1.213e-10,1,0
-0.514020,0.296735,0.434700769,-0.613011941,-0.865375174,-0.749782895,-0.856416515,-0.6972052,0.323100472,2.582e-10,1,0
-0.514020,0.314190,0.427708032,-0.616368674,-0.870166471,-0.748276669,-0.856387296,-0.70973377,0.314311566,4.997e-10,1,0
-0.514020,0.331645,0.420589798,-0.619659351,-0.874983509,-0.74690705,-0.856333198,-0.722330692,0.305666041,8.229e-10,1,0
-0.514020,0.349100,0.413346554,-0.622888278,-0.879825496,-0.745681462,-0.856257851,-0.734995013,0.297166234,1.272e-09,1,0
-0.496130,-0.349100,0.604003687,-0.42074617,-0.721871678,-0.846954972,-0.81528867,-0.275481847,0.716082654,1.862e-08,1,0
-0.496130,-0.331645,0.601310667,-0.42790286,-0.723813209,-0.843910152,-0.817173919,-0.284556109,0.703194829,1.426e-08,1,0
-0.496130,-0.314190,0.598545928,-0.434943276,-0.725909457,-0.840840994,-0.819011391,-0.293761182,0.690394547,1.093e-08,1,0
-0.496130,-0.296735,0.595705491,-0.441866712,-0.728153963,-0.837750727,-0.820799705,-0.30309454,0.677682225,8.379e-09,1,0
-0.496130,-0.279280,0.592785549,-0.448672542,-0.730540547,-0.834642564,-0.822537535,-0.312553699,0.665058361,6.430e-09,1,0
-0.496130,-0.261825,0.589782464,-0.455360221,-0.733063284,-0.831519716,-0.824223606,-0.322136217,0.652523521,4.942e-09,1,0
-0.496130,-0.244370,0.586692761,-0.461929287,-0.735716496,-0.828385409,-0.825856719,-0.331839693,0.640078342,3.806e-09,1,0
-0.496130,-0.226915,0.583513134,-0.46837937,-0.738494737,-0.825242883,-0.82743576,-0.341661769,0.627723528,2.940e-09,1,0
-0.496130,-0.209460,0.580240432,-0.474710189,-0.741392772,-0.822095399,-0.828959692,-0.351600129,0.615459848,2.279e-09,1,0
-0.496130,-0.192005,0.576871664,-0.48092156,-0.744405577,-0.818946253,-0.830427579,-0.361652501,0.603288137,1.776e-09,1,0
-0.496130,-0.174550,0.573403994,-0.4870134,-0.747528321,-0.815798783,-0.83183859,-0.371816655,0.591209289,1.393e-09,1,0
-0.496130,-0.157095,0.569834742,-0.492985728,-0.75075636,-0.812656364,-0.833191999,-0.382090405,0.579224262,1.102e-09,1,0
-0.496130,-0.139640,0.566161374,-0.498838667,-0.754085226,-0.809522426,-0.834487198,-0.392471609,0.567334071,8.816e-10,1,0
-0.496130,-0.122185,0.562381507,-0.504572455,-0.757510622,-0.806400453,-0.835723696,-0.402958167,0.555539792,7.145e-10,1,0
-0.496130,-0.104730,0.558492904,-0.510187442,-0.761028419,-0.803293989,-0.836901135,-0.413548022,0.543842557,5.884e-10,1,0
-0.496130,-0.087275,0.554493472,-0.515684093,-0.764634642,-0.800206644,-0.838019282,-0.42423916,0.532243554,4.935e-10,1,0
-0.496130,-0.069820,0.550381256,-0.521062997,-0.768325472,-0.797142098,-0.839078042,-0.435029612,0.520744029,4.225e-10,1,0
-0.496130,-0.052365,0.546142748,-0.526319296,-0.772080586,-0.794073693,-0.840038499,-0.445917449,0.509345281,5.557e-05,1,0
-0.496130,-0.034910,0.541799987,-0.531465055,-0.775929979,-0.791067561,-0.840980063,-0.456900784,0.498048664,5.382e-05,1,0
-0.496130,-0.017455,0.537339289,-0.536495607,-0.779853408,-0.788095492,-0.841862598,-0.467977775,0.486855586,5.240e-05,1,0
-0.496130,0.000000,0.532759252,-0.541412042,-0.783847621,-0.785161536,-0.842686614,-0.479146619,0.475767508,5.128e-05,1,0
-0.496130,0.017455,0.528058599,-0.546215588,-0.787909508,-0.782269832,-0.843452767,-0.490405555,0.464785945,5.044e-05,1,0
-0.496130,0.034910,0.523236177,-0.55090761,-0.792036088,-0.779424615,-0.844161864,-0.501752862,0.453912463,4.987e-05,1,0
-0.496130,0.052365,0.518290953,-0.555489618,-0.796224521,-0.776630217,-0.84481487,-0.513186863,0.44314868,4.953e-05,1,0
-0.496130,0.069820,0.513222011,-0.559963267,-0.800472097,-0.77389108,-0.845412907,-0.524705918,0.432496265,4.941e-05,1,0
-0.496130,0.087275,0.508028553,-0.56433036,-0.804776241,-0.771211761,-0.845957261,-0.536308429,0.42195694,4.950e-05,1,0
-0.496130,0.104730,0.502709888,-0.568592846,-0.809134501,-0.768596934,-0.846449368,-0.547992834,0.411532475,4.976e-05,1,0
-0.496130,0.122185,0.497265439,-0.572752829,-0.813544564,-0.766051402,-0.846890836,-0.559757615,0.401224693,5.018e-05,1,0
-0.496130,0.139640,0.49170635,-0.576817684,-0.818020195,-0.763601828,-0.847316382,-0.571601289,0.391035465,1.750e-10,1,0
-0.496130,0.157095,0.486008979,-0.580779834,-0.822527961,-0.761209191,-0.847662155,-0.583522413,0.380966712,1.460e-10,1,0
-0.496130,0.174550,0.480184578,-0.584646824,-0.827081599,-0.758900997,-0.847963184,-0.595519583,0.371020404,1.073e-10,1,0
-0.496130,0.192005,0.474232922,-0.588421406,-0.831679372,-0.756682606,-0.848221749,-0.607591429,0.361198559,8.118e-11,1,0
-0.496130,0.209460,0.46815387,-0.592106496,-0.836319688,-0.754559549,-0.848440293,-0.619736623,0.351503243,9.763e-11,1,0
-0.496130,0.226915,0.461947362,-0.595705178,-0.841001096,-0.752537533,-0.848621435,-0.631953871,0.34193657,1.174e-10,1,0
-0.496130,0.244370,0.455605114,-0.599212007,-0.845697772,-0.750606366,-0.848732358,-0.644241917,0.332500701,5.459e-05,1,0
-0.496130,0.261825,0.44914559,-0.602646539,-0.850454195,-0.748805793,-0.848846097,-0.656599541,0.323197841,5.479e-05,1,0
-0.496130,0.279280,0.442563549,-0.606016225,-0.855279627,-0.747137771,-0.848969275,-0.669025559,0.314030242,5.405e-10,1,0
-0.496130,0.296735,0.435847991,-0.609303605,-0.860113923,-0.745581023,-0.849030505,-0.681518825,0.3050002,7.970e-10,1,0
-0.496130,0.314190,0.429005672,-0.612522636,-0.864984354,-0.744156993,-0.849070067,-0.694078227,0.296110055,1.149e-09,1,0
-0.496130,0.331645,0.422036891,-0.615677481,-0.869890405,-0.74287274,-0.849091635,-0.70670269,0.287362188,1.644e-09,1,0
-0.496130,0.349100,0.414941994,-0.618772494,-0.874831744,-0.741735619,-0.849099077,-0.719391175,0.278759023,2.355e-09,1,0
-0.478240,-0.349100,0.599837895,-0.422835698,-0.717790159,-0.843376329,-0.809396385,-0.256868959,0.700230056,1.767e-08,1,0
-0.478240,-0.331645,0.597268297,-0.429834812,-0.71964932,-0.84017001,-0.811137241,-0.266053345,0.687335769,1.342e-08,1,0
-0.478240,-0.314190,0.594628583,-0.43671652,-0.721664284,-0.836951711,-0.812838124,-0.275367462,0.674524795,1.019e-08,1,0
-0.478240,-0.296735,0.591914743,-0.443480245,-0.723828693,-0.833724109,-0.814497318,-0.284808709,0.66179769,7.749e-09,1,0
-0.478240,-0.279280,0.589122939,-0.450125485,-0.726136475,-0.830489904,-0.816113186,-0.294374531,0.649155079,5.898e-09,1,0
-0.478240,-0.261825,0.586249501,-0.456651813,-0.728581824,-0.827251824,-0.817684179,-0.304062415,0.636597649,4.497e-09,1,0
-0.478240,-0.244370,0.583290923,-0.463058886,-0.731159185,-0.824012633,-0.819208848,-0.313869892,0.624126153,3.436e-09,1,0
-0.478240,-0.226915,0.580243865,-0.469346445,-0.733863235,-0.820775139,-0.82068584,-0.323794538,0.611741404,2.633e-09,1,0
-0.478240,-0.209460,0.577105143,-0.475514322,-0.736688875,-0.817542196,-0.822113917,-0.333833974,0.599444277,2.025e-09,1,0
-0.478240,-0.192005,0.573871732,-0.481562437,-0.739631219,-0.81431671,-0.823491953,-0.343985866,0.587235705,1.564e-09,1,0
-0.478240,-0.174550,0.570540761,-0.487490812,-0.74268558,-0.811101645,-0.824818946,-0.354247923,0.575116678,1.214e-09,1,0
-0.478240,-0.157095,0.567109508,-0.493299569,-0.745847462,-0.807900026,-0.826094018,-0.3646179,0.563088245,9.490e-10,1,0
-0.478240,-0.139640,0.563575404,-0.498988928,-0.749112554,-0.80471495,-0.827316423,-0.375093598,0.551151511,7.474e-10,1,0
-0.478240,-0.122185,0.559923453,-0.504557063,-0.752465335,-0.801516212,-0.828449425,-0.385672861,0.539307634,5.284e-05,1,0
-0.478240,-0.104730,0.55617755,-0.510008266,-0.755924476,-0.798376759,-0.82956696,-0.396353578,0.52755783,5.009e-05,1,0
-0.478240,-0.087275,0.552321772,-0.515341526,-0.759474965,-0.795263088,-0.830630105,-0.407133679,0.515903366,4.770e-05,1,0
-0.478240,-0.069820,0.548354145,-0.520557488,-0.763113149,-0.792178673,-0.831638723,-0.418011143,0.504345564,4.564e-05,1,0
-0.478240,-0.052365,0.544272823,-0.525656928,-0.766835531,-0.78912706,-0.832592822,-0.428983989,0.4928858,4.390e-05,1,0
-0.478240,-0.034910,0.54007609,-0.530640743,-0.770638767,-0.786111881,-0.833492559,-0.440050278,0.481525501,4.246e-05,1,0
-0.478240,-0.017455,0.535762364,-0.535509967,-0.77451966,-0.783136851,-0.834338249,-0.451208116,0.470266147,4.129e-05,1,0
-0.478240,0.000000,0.531330184,-0.540265761,-0.778475161,-0.780205784,-0.835130358,-0.46245565,0.459109271,4.039e-05,1,0
-0.478240,0.017455,0.526778211,-0.544909426,-0.782502362,-0.777322586,-0.835869514,-0.473791068,0.448056455,3.972e-05,1,0
-0.478240,0.034910,0.522105231,-0.549442399,-0.786598501,-0.77449127,-0.836556511,-0.485212601,0.437109336,3.928e-05,1,0
-0.478240,0.052365,0.517310144,-0.553866256,-0.790760954,-0.771715957,-0.837192302,-0.496718517,0.4262696,3.905e-05,1,0
-0.478240,0.069820,0.512391967,-0.558182718,-0.794987239,-0.769000882,-0.837778013,-0.508307127,0.415538984,3.900e-05,1,0
-0.478240,0.087275,0.507349825,-0.562393649,-0.799275011,-0.766350405,-0.838314934,-0.519976781,0.404919279,3.913e-05,1,0
-0.478240,0.104730,0.502182957,-0.566501059,-0.803622065,-0.763769009,-0.838804531,-0.531725868,0.394412322,3.941e-05,1,0
-0.478240,0.122185,0.496890701,-0.570507111,-0.808026334,-0.761261315,-0.839248438,-0.543552813,0.384020003,3.981e-05,1,0
-0.478240,0.139640,0.491472503,-0.574414115,-0.812485884,-0.758832081,-0.839648462,-0.555456083,0.373744263,4.033e-05,1,0
-0.478240,0.157095,0.485927906,-0.578224537,-0.816998927,-0.756486217,-0.840006589,-0.567434179,0.363587091,4.091e-05,1,0
-0.478240,0.174550,0.480256547,-0.581941,-0.821563803,-0.754228786,-0.840324974,-0.579485641,0.353550526,4.154e-05,1,0
-0.478240,0.192005,0.474458159,-0.585566285,-0.826178996,-0.752065018,-0.840605949,-0.591609044,0.343636657,4.217e-05,1,0
-0.478240,0.209460,0.468532562,-0.589103332,-0.830843126,-0.750000314,-0.840852023,-0.603802999,0.333847622,4.274e-05,1,0
-0.478240,0.226915,0.462479665,-0.592555245,-0.835554952,-0.748040258,-0.841065878,-0.616066152,0.324185607,4.320e-05,1,0
-0.478240,0.244370,0.456300544,-0.595935544,-0.840341469,-0.746200527,-0.841281057,-0.628397185,0.314652845,4.490e-10,1,0
-0.478240,0.261825,0.449990731,-0.599228756,-0.845149974,-0.744466076,-0.841441001,-0.640794813,0.305251619,6.288e-10,1,0
-0.478240,0.279280,0.443553163,-0.60244747,-0.850004355,-0.742854132,-0.841578273,-0.653257787,0.295984256,8.742e-10,1,0
-0.478240,0.296735,0.43698792,-0.605595518,-0.854904149,-0.741371146,-0.841696355,-0.665784889,0.28685313,1.215e-09,1,0
-0.478240,0.314190,0.430295128,-0.60867692,-0.859849082,-0.740023826,-0.841798938,-0.678374935,0.277860661,1.695e-09,1,0
-0.478240,0.331645,0.423474956,-0.611695884,-0.864839059,-0.738819151,-0.8418899,-0.691026775,0.269009314,2.380e-09,1,0
-0.478240,0.349100,0.416527608,-0.614656809,-0.869874183,-0.737764396,-0.841973329,-0.703739289,0.260301594,3.370e-09,1,0
-0.460350,-0.349100,0.595678486,-0.424881848,-0.713694449,-0.8397448,-0.803453728,-0.238199464,0.684351829,1.636e-08,1,0
-0.460350,-0.331645,0.593233423,-0.431724692,-0.715477611,-0.836386179,-0.805061588,-0.247495196,0.671450116,1.228e-08,1,0
-0.460350,-0.314190,0.590719723,-0.438449043,-0.717417432,-0.833027321,-0.806636655,-0.256919505,0.658627581,9.218e-09,1,0
-0.460350,-0.296735,0.588133348,-0.445054448,-0.719507659,-0.829670382,-0.808176903,-0.266469716,0.645884908,6.924e-09,1,0
-0.460350,-0.279280,0.585470432,-0.451540522,-0.721742332,-0.826317574,-0.809680417,-0.276143203,0.633222837,5.206e-09,1,0
-0.460350,-0.261825,0.582727277,-0.457906959,-0.724115756,-0.822971157,-0.811145386,-0.285937384,0.620642172,3.920e-09,1,0
-0.460350,-0.244370,0.579900349,-0.464153525,-0.726622498,-0.819633462,-0.812570124,-0.295849723,0.608143771,2.957e-09,1,0
-0.460350,-0.226915,0.576986276,-0.470280073,-0.729257358,-0.816306879,-0.81395307,-0.305877733,0.595728549,2.237e-09,1,0
-0.460350,-0.209460,0.573981846,-0.476286539,-0.732015369,-0.812993868,-0.815292788,-0.316018971,0.583397479,1.698e-09,1,0
-0.460350,-0.192005,0.570884001,-0.482172951,-0.73489178,-0.80969696,-0.816587978,-0.326271043,0.571151587,1.294e-09,1,0
-0.460350,-0.174550,0.567689838,-0.487939425,-0.737882047,-0.806418767,-0.817837481,-0.336631599,0.558991953,9.906e-10,1,0
-0.460350,-0.157095,0.564396603,-0.493586182,-0.74098182,-0.803161972,-0.819040276,-0.34709834,0.546919712,7.625e-10,1,0
-0.460350,-0.139640,0.560989557,-0.499114702,-0.744180477,-0.799898312,-0.820166016,-0.357669007,0.534936049,4.354e-05,1,0
-0.460350,-0.122185,0.557491765,-0.504522225,-0.747486641,-0.79669613,-0.821275155,-0.368341392,0.523042206,4.097e-05,1,0
-0.460350,-0.104730,0.553887322,-0.509811472,-0.750890411,-0.793523366,-0.822335078,-0.37911333,0.511239472,3.872e-05,1,0
-0.460350,-0.087275,0.550174072,-0.514983051,-0.754388149,-0.790383138,-0.823345419,-0.389982701,0.499529191,3.676e-05,1,0
-0.460350,-0.069820,0.546349994,-0.520037689,-0.757976376,-0.787278643,-0.824305965,-0.400947432,0.487912758,3.509e-05,1,0
-0.460350,-0.052365,0.542413198,-0.524976238,-0.761651776,-0.78421317,-0.825216657,-0.412005491,0.476391619,3.367e-05,1,0
-0.460350,-0.034910,0.538361923,-0.529799672,-0.765411192,-0.781190096,-0.826077601,-0.423154891,0.464967272,3.251e-05,1,0
-0.460350,-0.017455,0.534194531,-0.534509098,-0.769251617,-0.778212896,-0.826889061,-0.434393689,0.453641265,3.157e-05,1,0
-0.460350,0.000000,0.52990951,-0.53910575,-0.773170197,-0.77528515,-0.827651473,-0.445719983,0.442415197,3.085e-05,1,0
-0.460350,0.017455,0.525505469,-0.543590994,-0.777164232,-0.772410539,-0.82836544,-0.457131914,0.431290718,3.034e-05,1,0
-0.460350,0.034910,0.520981132,-0.547966332,-0.781231165,-0.769592861,-0.829031736,-0.468627663,0.42026953,3.000e-05,1,0
-0.460350,0.052365,0.516335337,-0.552233406,-0.785368585,-0.766836027,-0.829651307,-0.480205452,0.409353385,2.984e-05,1,0
-0.460350,0.069820,0.511567036,-0.556393996,-0.789574234,-0.764144075,-0.830225282,-0.491863542,0.398544085,2.984e-05,1,0
-0.460350,0.087275,0.506675289,-0.560450022,-0.793845996,-0.761521167,-0.830754963,-0.503600236,0.387843485,2.997e-05,1,0
-0.460350,0.104730,0.501659258,-0.564403554,-0.798181898,-0.758971604,-0.831241832,-0.515413873,0.377253487,3.022e-05,1,0
-0.460350,0.122185,0.496518213,-0.568256806,-0.802580117,-0.756499824,-0.831687555,-0.527302829,0.366776049,3.057e-05,1,0
-0.460350,0.139640,0.491251518,-0.572012141,-0.807038974,-0.754110416,-0.832093978,-0.539265521,0.356413175,3.100e-05,1,0
-0.460350,0.157095,0.485858634,-0.575672075,-0.811556936,-0.751808124,-0.832463133,-0.551300397,0.346166921,3.148e-05,1,0
-0.460350,0.174550,0.480339113,-0.579239278,-0.816132616,-0.749597852,-0.832797235,-0.563405946,0.336039394,3.197e-05,1,0
-0.460350,0.192005,0.474692599,-0.582716578,-0.820764779,-0.747484677,-0.833098687,-0.575580689,0.326032752,3.243e-05,1,0
-0.460350,0.209460,0.468918819,-0.586106957,-0.825452331,-0.745473853,-0.833370074,-0.587823183,0.3161492,3.282e-05,1,0
-0.460350,0.226915,0.463017584,-0.589413566,-0.830194334,-0.743570826,-0.83361417,-0.600132015,0.306390995,3.307e-05,1,0
-0.460350,0.244370,0.456984135,-0.592650963,-0.835020014,-0.741786421,-0.833860041,-0.612505811,0.296760444,5.788e-10,1,0
-0.460350,0.261825,0.450824904,-0.595801948,-0.839873905,-0.740115149,-0.83406085,-0.624943225,0.287259901,7.924e-10,1,0
-0.460350,0.279280,0.444537409,-0.598879937,-0.844781496,-0.738569225,-0.834244339,-0.637442943,0.27789177,1.091e-09,1,0
-0.460350,0.296735,0.438121609,-0.601888806,-0.849742691,-0.737154998,-0.834414147,-0.650003684,0.268658501,1.513e-09,1,0
-0.460350,0.314190,0.431577509,-0.604832615,-0.854757597,-0.735879082,-0.834574134,-0.662624196,0.259562594,2.116e-09,1,0
-0.460350,0.331645,0.42490515,-0.607715612,-0.859826525,-0.734748375,-0.834728371,-0.675303259,0.250606592,2.984e-09,1,0
-0.460350,0.349100,0.4181046,-0.610542236,-0.864950003,-0.733770082,-0.834881156,-0.688039679,0.241793087,4.238e-09,1,0
-0.442460,-0.349100,0.591524577,-0.426887686,-0.709584366,-0.836063351,-0.797464848,-0.219472545,0.668446954,1.488e-08,1,0
-0.442460,-0.331645,0.589205208,-0.433575515,-0.711297756,-0.832561267,-0.798950726,-0.228880911,0.655536911,1.102e-08,1,0
-0.442460,-0.314190,0.58681856,-0.440143804,-0.713168439,-0.829070111,-0.800410399,-0.238416622,0.642702001,8.152e-09,1,0
-0.442460,-0.296735,0.584360567,-0.446592223,-0.715190262,-0.825591539,-0.801841549,-0.248076931,0.629943021,6.030e-09,1,0
-0.442460,-0.279280,0.581827339,-0.452920504,-0.717357374,-0.822127293,-0.803241998,-0.257859141,0.617260824,4.463e-09,1,0
-0.442460,-0.261825,0.579215151,-0.459128451,-0.719664195,-0.818679194,-0.804609699,-0.267760603,0.604656317,3.306e-09,1,0
-0.442460,-0.244370,0.576520443,-0.465215943,-0.722105404,-0.815249148,-0.805942747,-0.277778716,0.592130458,2.452e-09,1,0
-0.442460,-0.226915,0.57373982,-0.471182936,-0.724675932,-0.811839149,-0.807239381,-0.28791093,0.579684258,1.823e-09,1,0
-0.442460,-0.209460,0.570870042,-0.47702947,-0.72737094,-0.808451279,-0.808497989,-0.298154741,0.567318779,1.359e-09,1,0
-0.442460,-0.192005,0.567908022,-0.48275567,-0.730185808,-0.805087709,-0.809717107,-0.308507696,0.555035135,1.017e-09,1,0
-0.442460,-0.174550,0.564850829,-0.488361751,-0.733116132,-0.801750706,-0.81089543,-0.318967389,0.542834489,7.644e-10,1,0
-0.442460,-0.157095,0.56168358,-0.49385244,-0.736155291,-0.798413025,-0.812007573,-0.329531465,0.530718057,3.875e-05,1,0
-0.442460,-0.139640,0.558429304,-0.499218069,-0.739303662,-0.795140181,-0.813103324,-0.340197612,0.518687101,3.262e-05,1,0
-0.442460,-0.122185,0.555071728,-0.504465028,-0.742555488,-0.791900656,-0.81415494,-0.350963569,0.506742937,3.059e-05,1,0
-0.442460,-0.104730,0.551608524,-0.509593894,-0.745907121,-0.788697199,-0.815161812,-0.361827121,0.494886928,2.881e-05,1,0
-0.442460,-0.087275,0.548037501,-0.514605351,-0.749355091,-0.785532652,-0.816123491,-0.372786099,0.483120487,2.727e-05,1,0
-0.442460,-0.069820,0.544356597,-0.519500208,-0.75289609,-0.782409948,-0.817039692,-0.38383838,0.47144508,2.595e-05,1,0
-0.442460,-0.052365,0.540563883,-0.524279388,-0.756526985,-0.77933212,-0.817910301,-0.394981884,0.459862217,2.484e-05,1,0
-0.442460,-0.034910,0.536657551,-0.528943938,-0.760244793,-0.7763023,-0.818735366,-0.40621458,0.448373464,2.393e-05,1,0
-0.442460,-0.017455,0.532635919,-0.533495034,-0.764046699,-0.773323728,-0.819515115,-0.417534475,0.436980432,2.320e-05,1,0
-0.442460,0.000000,0.528497428,-0.537933974,-0.767930045,-0.770399756,-0.82024995,-0.428939623,0.425684785,2.265e-05,1,0
-0.442460,0.017455,0.52424063,-0.54226219,-0.771892323,-0.767533844,-0.820940448,-0.440428118,0.414488235,2.225e-05,1,0
-0.442460,0.034910,0.519864198,-0.546481246,-0.775931183,-0.764729581,-0.82158737,-0.451998097,0.403392548,2.200e-05,1,0
-0.442460,0.052365,0.515366914,-0.550592838,-0.780044427,-0.761990675,-0.822191657,-0.463647736,0.392399537,2.189e-05,1,0
-0.442460,0.069820,0.510747666,-0.554598805,-0.784230009,-0.759320965,-0.822754436,-0.475375252,0.381511066,2.189e-05,1,0
-0.442460,0.087275,0.506005452,-0.558501123,-0.788486036,-0.756724428,-0.823277023,-0.487178901,0.370729052,2.200e-05,1,0
-0.442460,0.104730,0.50113937,-0.56230191,-0.792810771,-0.754205179,-0.823760919,-0.499056975,0.360055462,2.220e-05,1,0
-0.442460,0.122185,0.496148616,-0.56600343,-0.797202624,-0.751767485,-0.824207817,-0.511007806,0.349492313,2.246e-05,1,0
-0.442460,0.139640,0.491032481,-0.569608096,-0.801660162,-0.74941576,-0.824619598,-0.523029761,0.339041674,2.277e-05,1,0
-0.442460,0.157095,0.485790349,-0.573118468,-0.806182105,-0.747154589,-0.824998341,-0.535121242,0.328705665,2.310e-05,1,0
-0.442460,0.174550,0.480421692,-0.576537259,-0.810767332,-0.744988721,-0.825346318,-0.547280689,0.318486458,2.341e-05,1,0
-0.442460,0.192005,0.47492607,-0.579867338,-0.81541488,-0.742923081,-0.825665995,-0.559506571,0.308386276,2.366e-05,1,0
-0.442460,0.209460,0.469303119,-0.58311173,-0.820123936,-0.740962782,-0.825960033,-0.571797394,0.298407393,2.603e-05,1,0
-0.442460,0.226915,0.463546064,-0.586283754,-0.824919782,-0.73911557,-0.82625118,-0.584151694,0.288552134,4.590e-10,1,0
-0.442460,0.244370,0.457665107,-0.589368173,-0.829754765,-0.737381335,-0.826504757,-0.59656804,0.278822874,6.301e-10,1,0
-0.442460,0.261825,0.45165559,-0.592377259,-0.83465082,-0.735768996,-0.826742345,-0.609045031,0.269222041,8.715e-10,1,0
-0.442460,0.279280,0.44551732,-0.595314744,-0.839608005,-0.734284546,-0.826967508,-0.621581294,0.259752111,1.215e-09,1,0
-0.442460,0.296735,0.439250146,-0.598184543,-0.844626582,-0.732934235,-0.827184035,-0.634175488,0.250415611,1.707e-09,1,0
-0.442460,0.314190,0.432853952,-0.600990753,-0.849707026,-0.731724585,-0.827395944,-0.646826297,0.241215117,2.417e-09,1,0
-0.442460,0.331645,0.426328658,-0.603737657,-0.854850042,-0.730662413,-0.827607488,-0.659532436,0.232153253,3.443e-09,1,0
-0.442460,0.349100,0.419674205,-0.606429735,-0.860056565,-0.729754843,-0.827823158,-0.672292642,0.223232692,4.929e-09,1,0
-0.424570,-0.349100,0.587375254,-0.428856225,-0.705459644,-0.832334734,-0.791433585,-0.200687386,0.652514468,1.337e-08,1,0
-0.424570,-0.331645,0.585182798,-0.435390238,-0.707109375,-0.828697708,-0.792808162,-0.210209741,0.639595251,9.746e-09,1,0
-0.424570,-0.314190,0.582924293,-0.441803709,-0.7089168,-0.825082214,-0.794162538,-0.219858129,0.626747202,7.092e-09,1,0
-0.424570,-0.296735,0.580595653,-0.448096422,-0.710875874,-0.821489439,-0.795494133,-0.229629731,0.613971226,5.154e-09,1,0
-0.424570,-0.279280,0.578192963,-0.454268225,-0.712980847,-0.817920674,-0.796800522,-0.23952178,0.601268278,3.743e-09,1,0
-0.424570,-0.261825,0.575712479,-0.460319033,-0.715226256,-0.814377316,-0.798079442,-0.249531562,0.58863936,2.717e-09,1,0
-0.424570,-0.244370,0.573150619,-0.466248828,-0.717606897,-0.810860868,-0.799328783,-0.259656412,0.576085526,1.973e-09,1,0
-0.424570,-0.226915,0.570503963,-0.472057668,-0.720117823,-0.80737294,-0.800546602,-0.269893718,0.563607872,1.435e-09,1,0
-0.424570,-0.209460,0.567769247,-0.477745693,-0.722754322,-0.803915252,-0.801731122,-0.280240918,0.551207547,1.046e-09,1,0
-0.424570,-0.192005,0.564943365,-0.483313121,-0.725511911,-0.800489631,-0.802880731,-0.290695502,0.538885745,7.641e-10,1,0
-0.424570,-0.174550,0.562010969,-0.488767856,-0.728387078,-0.797069091,-0.803973762,-0.30125501,0.526643707,4.794e-05,1,0
-0.424570,-0.157095,0.558995692,-0.494093459,-0.731373746,-0.793717788,-0.805051808,-0.311917031,0.514482722,4.020e-05,1,0
-0.424570,-0.139640,0.55588058,-0.499299947,-0.734469332,-0.790403984,-0.806090723,-0.322679204,0.502404127,3.365e-05,1,0
-0.424570,-0.122185,0.552663139,-0.50438786,-0.737670168,-0.787130055,-0.807089645,-0.333539218,0.490409307,2.811e-05,1,0
-0.424570,-0.104730,0.549341014,-0.509357851,-0.74097277,-0.783898472,-0.808047879,-0.344494809,0.478499692,2.341e-05,1,0
-0.424570,-0.087275,0.545911976,-0.514210684,-0.744373828,-0.780711806,-0.8089649,-0.35554376,0.466676763,1.943e-05,1,0
-0.424570,-0.069820,0.542373934,-0.518947238,-0.747870211,-0.777572736,-0.809840364,-0.366683902,0.454942048,1.816e-05,1,0
-0.424570,-0.052365,0.538724915,-0.523568507,-0.751458953,-0.774484043,-0.810674092,-0.377913112,0.443297123,1.733e-05,1,0
-0.424570,-0.034910,0.534963078,-0.528075605,-0.75513726,-0.771448624,-0.811466096,-0.38922931,0.431743613,1.665e-05,1,0
-0.424570,-0.017455,0.531086694,-0.532469773,-0.758902493,-0.768469484,-0.812216556,-0.400630463,0.420283192,1.612e-05,1,0
-0.424570,0.000000,0.52709416,-0.536752369,-0.762752183,-0.765549754,-0.812925846,-0.412114581,0.408917583,1.570e-05,1,0
-0.424570,0.017455,0.522983983,-0.540924887,-0.766684019,-0.762692685,-0.813594525,-0.423679714,0.397648559,1.541e-05,1,0
-0.424570,0.034910,0.518754783,-0.544988945,-0.77069585,-0.759901654,-0.814223335,-0.435323958,0.386477944,1.522e-05,1,0
-0.424570,0.052365,0.51440529,-0.548946295,-0.774785687,-0.757180172,-0.814813218,-0.447045445,0.37540761,1.513e-05,1,0
-0.424570,0.069820,0.509934338,-0.552798828,-0.778951692,-0.754531887,-0.815365301,-0.458842349,0.364439481,1.513e-05,1,0
-0.424570,0.087275,0.505340863,-0.556548568,-0.783192193,-0.751960586,-0.815880906,-0.470712885,0.353575533,1.519e-05,1,0
-0.424570,0.104730,0.5006239,-0.560197683,-0.787505675,-0.749470212,-0.816361555,-0.482655301,0.342817791,1.531e-05,1,0
-0.424570,0.122185,0.495782582,-0.563748479,-0.791890783,-0.747064854,-0.816808966,-0.494667885,0.332168334,1.546e-05,1,0
-0.424570,0.139640,0.490816128,-0.567203413,-0.796346324,-0.744748766,-0.817225059,-0.506748961,0.321629291,1.562e-05,1,0
-0.424570,0.157095,0.485723853,-0.570565087,-0.800871267,-0.742526367,-0.817611952,-0.518896887,0.311202843,1.676e-05,1,0
-0.424570,0.174550,0.480505152,-0.573836253,-0.805464748,-0.740402258,-0.817971972,-0.531110054,0.300891225,2.165e-05,1,0
-0.424570,0.192005,0.4751595,-0.577019818,-0.810126063,-0.738381212,-0.818307641,-0.543386888,0.290696724,2.753e-05,1,0
-0.424570,0.209460,0.469686455,-0.580118844,-0.814854687,-0.736468205,-0.818621699,-0.555725844,0.280621678,3.462e-05,1,0
-0.424570,0.226915,0.464076117,-0.583146795,-0.819675505,-0.734668202,-0.818933111,-0.568125411,0.270668479,4.503e-10,1,0
-0.424570,0.244370,0.458344422,-0.586088338,-0.82454275,-0.732986433,-0.819215133,-0.580584106,0.26083957,6.316e-10,1,0
-0.424570,0.261825,0.452483804,-0.588955805,-0.829477795,-0.731428915,-0.819485501,-0.593100476,0.251137449,8.923e-10,1,0
-0.424570,0.279280,0.446493965,-0.591752963,-0.83448102,-0.730001533,-0.819747895,-0.605673094,0.241564664,1.269e-09,1,0
-0.424570,0.296735,0.440374649,-0.594483759,-0.839553033,-0.728710443,-0.820006248,-0.618300561,0.232123815,1.816e-09,1,0
-0.424570,0.314190,0.434125628,-0.597152321,-0.844694669,-0.727562071,-0.820264723,-0.630981506,0.222817554,2.610e-09,1,0
-0.424570,0.331645,0.427746704,-0.599762966,-0.84990701,-0.726563153,-0.820527743,-0.643714579,0.213648585,3.778e-09,1,0
-0.424570,0.349100,0.421237694,-0.602320205,-0.855191384,-0.725720736,-0.820799979,-0.656498457,0.204619659,5.488e-09,1,0
-0.406680,-0.349100,0.583229584,-0.43079043,-0.701319946,-0.82856151,-0.785363506,-0.181843169,0.636553465,1.192e-08,1,0
-0.406680,-0.331645,0.581165317,-0.437171775,-0.702912027,-0.824797759,-0.786637149,-0.191480942,0.623624284,8.665e-09,1,0
-0.406680,-0.314190,0.579036107,-0.443431616,-0.704661973,-0.82106562,-0.787896038,-0.201243349,0.610762382,6.307e-09,1,0
-0.406680,-0.296735,0.576837849,-0.449569854,-0.70656384,-0.817365821,-0.789137344,-0.211127501,0.597968766,4.568e-09,1,0
-0.406680,-0.279280,0.574566608,-0.455586445,-0.708611987,-0.813699226,-0.79035842,-0.221130565,0.585244483,3.292e-09,1,0
-0.406680,-0.261825,0.572218622,-0.461481409,-0.710801064,-0.810066822,-0.791556797,-0.231249761,0.572590626,2.361e-09,1,0
-0.406680,-0.244370,0.56979029,-0.467254831,-0.713125986,-0.80646973,-0.792730184,-0.241482363,0.560008332,1.685e-09,1,0
-0.406680,-0.226915,0.567278174,-0.472906868,-0.715581925,-0.802909192,-0.793876468,-0.251825699,0.547498783,1.197e-09,1,0
-0.406680,-0.209460,0.564678992,-0.478437751,-0.7181643,-0.799386574,-0.794993717,-0.262277151,0.535063203,8.464e-10,1,0
-0.406680,-0.192005,0.561976675,-0.483858503,-0.720871849,-0.795874531,-0.796062896,-0.272834153,0.522702862,5.777e-05,1,0
-0.406680,-0.174550,0.559195985,-0.489146036,-0.723693768,-0.792437064,-0.797119562,-0.283494193,0.510419074,4.838e-05,1,0
-0.406680,-0.157095,0.556319025,-0.494313946,-0.726629714,-0.789041579,-0.798142042,-0.294254808,0.498213198,4.040e-05,1,0
-0.406680,-0.139640,0.553343144,-0.499362749,-0.729675981,-0.785690065,-0.799129215,-0.30511359,0.486086637,3.363e-05,1,0
-0.406680,-0.122185,0.550265821,-0.50429307,-0.732829057,-0.782384611,-0.800080125,-0.316068179,0.474040842,2.788e-05,1,0
-0.406680,-0.104730,0.547084673,-0.509105633,-0.736085615,-0.779127422,-0.800994004,-0.327116264,0.462077307,2.300e-05,1,0
-0.406680,-0.087275,0.543797446,-0.513801273,-0.739442512,-0.775920805,-0.801870256,-0.338255585,0.450197574,1.883e-05,1,0
-0.406680,-0.069820,0.540402012,-0.518380939,-0.74289678,-0.772767186,-0.802708473,-0.349483928,0.438403232,1.524e-05,1,0
-0.406680,-0.052365,0.536896369,-0.52284569,-0.746445625,-0.769669107,-0.803508427,-0.360799127,0.426695915,1.213e-05,1,0
-0.406680,-0.034910,0.533278637,-0.527196706,-0.750086428,-0.766629229,-0.804270084,-0.372199062,0.415077308,1.061e-05,1,0
-0.406680,-0.017455,0.529547052,-0.531435283,-0.753816731,-0.763650336,-0.804993591,-0.383681657,0.40354914,1.024e-05,1,0
-0.406680,0.000000,0.525699968,-0.535562841,-0.757634253,-0.760735338,-0.805679296,-0.395244882,0.392113193,9.948e-06,1,0
-0.406680,0.017455,0.521735849,-0.539580926,-0.761536874,-0.757887279,-0.806327735,-0.406886748,0.380771295,9.737e-06,1,0
-0.406680,0.034910,0.517653273,-0.543491211,-0.765522638,-0.755109335,-0.806939644,-0.418605309,0.369525326,9.595e-06,1,0
-0.406680,0.052365,0.513450916,-0.547295497,-0.769589754,-0.752404819,-0.80751595,-0.430398659,0.358377214,9.511e-06,1,0
-0.406680,0.069820,0.509127563,-0.550995721,-0.7737366,-0.749777192,-0.80805779,-0.442264933,0.347328939,9.476e-06,1,0
-0.406680,0.087275,0.504682094,-0.554593952,-0.777961712,-0.747230062,-0.808566493,-0.454202304,0.336382532,9.477e-06,1,0
-0.406680,0.104730,0.500113489,-0.558092403,-0.782263798,-0.74476719,-0.809043601,-0.466208981,0.325540077,9.526e-06,1,0
-0.406680,0.122185,0.495420815,-0.561493421,-0.786641729,-0.742392502,-0.809490854,-0.478283213,0.314803708,1.281e-05,1,0
-0.406680,0.139640,0.49060323,-0.564799501,-0.791094548,-0.740110087,-0.809910205,-0.490423282,0.304175613,1.664e-05,1,0
-0.406680,0.157095,0.48565998,-0.568013281,-0.795621468,-0.737924208,-0.810303816,-0.502627503,0.293658033,2.116e-05,1,0
-0.406680,0.174550,0.480590386,-0.57113755,-0.80022187,-0.73583931,-0.810674056,-0.514894227,0.283253262,2.653e-05,1,0
-0.406680,0.192005,0.475393852,-0.574175246,-0.804895319,-0.733860027,-0.811023512,-0.527221835,0.272963646,3.294e-05,1,0
-0.406680,0.209460,0.470069851,-0.577129465,-0.809641552,-0.73199119,-0.811354985,-0.53960874,0.262791589,4.061e-05,1,0
-0.406680,0.226915,0.46461793,-0.580003456,-0.814460486,-0.730237836,-0.811671488,-0.552053383,0.252739546,4.978e-05,1,0
-0.406680,0.244370,0.459023076,-0.582812588,-0.819381182,-0.728602836,-0.811991182,-0.564554235,0.242810026,6.622e-10,1,0
-0.406680,0.261825,0.453310593,-0.58553867,-0.824352082,-0.727096154,-0.81229041,-0.577109794,0.233005595,9.809e-10,1,0
-0.406680,0.279280,0.447468445,-0.588195628,-0.829397848,-0.725721572,-0.812585691,-0.589718583,0.22332887,1.442e-09,1,0
-0.406680,0.296735,0.441496271,-0.590787438,-0.834519419,-0.724485142,-0.812881078,-0.602379153,0.213782524,2.106e-09,1,0
-0.406680,0.314190,0.43539374,-0.593318257,-0.83971798,-0.723393201,-0.81318088,-0.615090075,0.204369284,3.056e-09,1,0
-0.406680,0.331645,0.42916054,-0.595792429,-0.844994973,-0.722452398,-0.81348967,-0.627849947,0.195091929,4.407e-09,1,0
-0.406680,0.349100,0.42279637,-0.598214495,-0.850352112,-0.721669704,-0.813812291,-0.640657384,0.185953292,6.318e-09,1,0
-0.388790,-0.349100,0.5790866,-0.432693228,-0.697164858,-0.82474606,-0.779257905,-0.162939075,0.620563092,1.183e-08,1,0
-0.388790,-0.331645,0.577151867,-0.438923001,-0.698705212,-0.82086353,-0.780440707,-0.172693767,0.607623209,8.633e-09,1,0
-0.388790,-0.314190,0.575153169,-0.445030352,-0.700403365,-0.81702218,-0.781613652,-0.182571605,0.594746792,6.271e-09,1,0
-0.388790,-0.296735,0.573086383,-0.451015291,-0.702253474,-0.813222307,-0.782773685,-0.192569631,0.581934934,4.531e-09,1,0
-0.388790,-0.279280,0.570947564,-0.456877883,-0.704250014,-0.809464359,-0.78391796,-0.202684947,0.569188773,3.257e-09,1,0
-0.388790,-0.261825,0.568732931,-0.462618249,-0.706387739,-0.805748935,-0.785043812,-0.212914709,0.556509484,2.329e-09,1,0
-0.388790,-0.244370,0.566438871,-0.46823657,-0.70866169,-0.802076784,-0.786148787,-0.223256132,0.543898283,1.657e-09,1,0
-0.388790,-0.226915,0.564061929,-0.4737331,-0.711067158,-0.798448792,-0.787230615,-0.233706486,0.531356426,1.173e-09,1,0
-0.388790,-0.209460,0.56158509,-0.47912194,-0.713604295,-0.794836718,-0.788271925,-0.244263099,0.518885211,6.817e-05,1,0
-0.388790,-0.192005,0.559034711,-0.484373427,-0.716259268,-0.791305436,-0.789304163,-0.254923353,0.506485977,5.705e-05,1,0
-0.388790,-0.174550,0.556391717,-0.489504728,-0.719033042,-0.787820943,-0.790307121,-0.265684684,0.494160106,4.760e-05,1,0
-0.388790,-0.157095,0.553653297,-0.49451634,-0.721921862,-0.784384824,-0.791279401,-0.276544581,0.48190902,3.958e-05,1,0
-0.388790,-0.139640,0.550816777,-0.499408858,-0.724922173,-0.780998782,-0.792219787,-0.28750059,0.469734187,3.277e-05,1,0
-0.388790,-0.122185,0.547879619,-0.504182977,-0.728030615,-0.777664632,-0.793127245,-0.298550304,0.457637116,2.698e-05,1,0
-0.388790,-0.104730,0.544839413,-0.508839494,-0.731244017,-0.77438431,-0.794000928,-0.309691371,0.445619363,2.206e-05,1,0
-0.388790,-0.087275,0.541693879,-0.513379313,-0.734559395,-0.771159875,-0.794840182,-0.320921487,0.433682526,1.785e-05,1,0
-0.388790,-0.069820,0.538440865,-0.517803443,-0.737973948,-0.767993506,-0.795644539,-0.332238398,0.421828249,1.422e-05,1,0
-0.388790,-0.052365,0.535078338,-0.522113009,-0.74148505,-0.764887506,-0.796413726,-0.343639897,0.410058224,1.106e-05,1,0
-0.388790,-0.034910,0.531604387,-0.526309247,-0.745090256,-0.761844311,-0.797147669,-0.355123826,0.398374187,8.266e-06,1,0
-0.388790,-0.017455,0.528017215,-0.530393511,-0.748787288,-0.758866486,-0.797846486,-0.36668807,0.386777925,5.739e-06,1,0
-0.388790,0.000000,0.524315137,-0.534367273,-0.752574043,-0.755956728,-0.798510494,-0.378330561,0.375271269,5.293e-06,1,0
-0.388790,0.017455,0.520496581,-0.53823213,-0.75644859,-0.753117875,-0.799140215,-0.390049273,0.363856102,5.147e-06,1,0
-0.388790,0.034910,0.51656008,-0.541989802,-0.76040917,-0.750352904,-0.799736372,-0.401842224,0.352534356,5.033e-06,1,0
-0.388790,0.052365,0.512504268,-0.545642138,-0.764454187,-0.74766494,-0.80029989,-0.41370747,0.341308012,4.944e-06,1,0
-0.388790,0.069820,0.508327882,-0.549191117,-0.76858222,-0.745057258,-0.800831906,-0.42564311,0.330179102,5.849e-06,1,0
-0.388790,0.087275,0.504029753,-0.55263885,-0.77279202,-0.742533286,-0.801333762,-0.43764728,0.319149712,8.544e-06,1,0
-0.388790,0.104730,0.499608804,-0.555987585,-0.777082509,-0.740096617,-0.801807013,-0.449718153,0.308221978,1.158e-05,1,0
-0.388790,0.122185,0.495064048,-0.559239709,-0.781452781,-0.737751006,-0.802253425,-0.461853939,0.297398088,1.507e-05,1,0
-0.388790,0.139640,0.490394582,-0.562397751,-0.785902109,-0.735500382,-0.802674981,-0.474052884,0.286680287,1.913e-05,1,0
-0.388790,0.157095,0.485599587,-0.565464381,-0.790429941,-0.733348852,-0.803073877,-0.486313265,0.27607087,2.392e-05,1,0
-0.388790,0.174550,0.48067832,-0.568442418,-0.795035908,-0.731300715,-0.803452534,-0.498633392,0.26557219,2.959e-05,1,0
-0.388790,0.192005,0.47563011,-0.571334832,-0.799719824,-0.729360459,-0.803813587,-0.511011608,0.255186652,3.633e-05,1,0
-0.388790,0.209460,0.470454358,-0.574144745,-0.80448169,-0.727532776,-0.8041599,-0.523446285,0.244916719,4.437e-05,1,0
-0.388790,0.226915,0.465150531,-0.576875431,-0.809321701,-0.725822572,-0.80449456,-0.535935822,0.234764909,5.395e-05,1,0
-0.388790,0.244370,0.459702097,-0.579542019,-0.814267426,-0.724231643,-0.804832993,-0.548478646,0.224733794,7.653e-10,1,0
-0.388790,0.261825,0.454137041,-0.582126897,-0.81927109,-0.722771927,-0.805157242,-0.561073211,0.214826006,1.119e-09,1,0
-0.388790,0.279280,0.448441895,-0.584643733,-0.824355948,-0.721445993,-0.805481147,-0.573717995,0.20504423,1.628e-09,1,0
-0.388790,0.296735,0.442616202,-0.587096526,-0.829523261,-0.720259788,-0.805808877,-0.586411499,0.195391209,2.354e-09,1,0
-0.388790,0.314190,0.436659528,-0.589489457,-0.834774548,-0.719219557,-0.806144868,-0.599152247,0.185869742,3.387e-09,1,0
-0.388790,0.331645,0.430571455,-0.591826896,-0.840111609,-0.718331862,-0.80649384,-0.611938782,0.176482685,4.847e-09,1,0
-0.388790,0.349100,0.424351569,-0.594113404,-0.845536523,-0.717603596,-0.806860794,-0.624769669,0.167232948,6.900e-09,1,0
-0.370900,-0.349100,0.574945301,-0.434567513,-0.692993882,-0.820890601,-0.773119822,-0.143974283,0.604542548,1.152e-08,1,0
-0.370900,-0.331645,0.573141518,-0.44064676,-0.694488363,-0.816896984,-0.774221624,-0.153847473,0.591591278,8.377e-09,1,0
-0.370900,-0.314190,0.571274618,-0.446602709,-0.696140334,-0.812953629,-0.775317933,-0.163842225,0.578699727,6.061e-09,1,0
-0.370900,-0.296735,0.569340469,-0.452435479,-0.697944061,-0.809060415,-0.776405492,-0.173955516,0.565869072,4.361e-09,1,0
-0.370900,-0.279280,0.567335111,-0.458145234,-0.699894125,-0.805217398,-0.777481259,-0.184184383,0.553100531,3.120e-09,1,0
-0.370900,-0.261825,0.565254755,-0.463732194,-0.7019854,-0.801424803,-0.77854241,-0.194525923,0.540395353,2.220e-09,1,0
-0.370900,-0.244370,0.563095775,-0.469196636,-0.704213041,-0.797683015,-0.779586326,-0.204977291,0.527754828,1.570e-09,1,0
-0.370900,-0.226915,0.560854706,-0.474538901,-0.706572466,-0.793992588,-0.780610601,-0.215535705,0.515180283,1.104e-09,1,0
-0.370900,-0.209460,0.558515815,-0.479773278,-0.709064431,-0.790329702,-0.781601804,-0.226198437,0.502673081,6.620e-05,1,0
-0.370900,-0.192005,0.556102751,-0.484870005,-0.711674351,-0.786748911,-0.78258278,-0.23696282,0.490234627,5.520e-05,1,0
-0.370900,-0.174550,0.553597835,-0.489846407,-0.714403716,-0.783221229,-0.783537671,-0.247826243,0.477866362,4.586e-05,1,0
-0.370900,-0.157095,0.550998243,-0.494703058,-0.717248912,-0.779747954,-0.784464983,-0.258786149,0.465569772,3.794e-05,1,0
-0.370900,-0.139640,0.548301282,-0.499440625,-0.720206532,-0.776330505,-0.785363412,-0.269840039,0.45334638,3.123e-05,1,0
-0.370900,-0.122185,0.545504397,-0.504059874,-0.723273369,-0.772970435,-0.786231854,-0.280985464,0.441197752,2.555e-05,1,0
-0.370900,-0.104730,0.54260516,-0.508561668,-0.726446407,-0.76966942,-0.787069395,-0.292220031,0.429125499,2.071e-05,1,0
-0.370900,-0.087275,0.539601271,-0.512946971,-0.72972282,-0.76642927,-0.787875319,-0.303541398,0.417131271,1.658e-05,1,0
-0.370900,-0.069820,0.536490553,-0.517216859,-0.73309997,-0.763251928,-0.788649113,-0.31494727,0.405216767,1.303e-05,1,0
-0.370900,-0.052365,0.533270948,-0.52137251,-0.736575398,-0.760139466,-0.789390457,-0.326435406,0.393383727,9.935e-06,1,0
-0.370900,-0.034910,0.529940516,-0.525415215,-0.740146828,-0.757094096,-0.790099241,-0.338003609,0.381633941,7.192e-06,1,0
-0.370900,-0.017455,0.526497433,-0.529346381,-0.74381216,-0.754118166,-0.790775554,-0.34964973,0.369969244,4.706e-06,1,0
-0.370900,0.000000,0.522939982,-0.533167528,-0.747569473,-0.751214171,-0.791419693,-0.361371666,0.358391517,2.389e-06,1,0
-0.370900,0.017455,0.519266555,-0.5368803,-0.751417018,-0.748384743,-0.792032161,-0.373167357,0.346902692,1.546e-06,1,0
-0.370900,0.034910,0.515475647,-0.540486459,-0.755353222,-0.74563267,-0.792613671,-0.385034786,0.33550475,2.076e-06,1,0
-0.370900,0.052365,0.511565853,-0.543987899,-0.759376691,-0.742960884,-0.79316515,-0.396971978,0.324199723,4.389e-06,1,0
-0.370900,0.069820,0.507535867,-0.547386635,-0.763486201,-0.740372482,-0.793687732,-0.408976995,0.312989691,6.867e-06,1,0
-0.370900,0.087275,0.503384472,-0.550684816,-0.767680708,-0.737870715,-0.794182769,-0.421047942,0.301876791,9.604e-06,1,0
-0.370900,0.104730,0.499110543,-0.553884724,-0.771959346,-0.735459004,-0.794651833,-0.433182957,0.290863208,1.270e-05,1,0
-0.370900,0.122185,0.494713041,-0.556988778,-0.77632143,-0.733140944,-0.795096711,-0.445380217,0.279951184,1.626e-05,1,0
-0.370900,0.139640,0.490191008,-0.559999536,-0.780766455,-0.730920304,-0.795519413,-0.457637933,0.269143014,2.042e-05,1,0
-0.370900,0.157095,0.485543564,-0.5629197,-0.785294104,-0.728801037,-0.795922175,-0.469954347,0.258441049,2.533e-05,1,0
-0.370900,0.174550,0.480769903,-0.565752113,-0.789904245,-0.726787295,-0.796307454,-0.482327734,0.247847693,3.114e-05,1,0
-0.370900,0.192005,0.475869291,-0.568499769,-0.794596944,-0.724883423,-0.796677939,-0.494756401,0.237365411,3.805e-05,1,0
-0.370900,0.209460,0.470841055,-0.571165814,-0.799372456,-0.723093973,-0.797036549,-0.507238681,0.226996721,4.627e-05,1,0
-0.370900,0.226915,0.465684589,-0.573753546,-0.804231242,-0.721423723,-0.797386437,-0.519772936,0.216744201,5.607e-05,1,0
-0.370900,0.244370,0.460399341,-0.576266423,-0.809173962,-0.719877669,-0.797730989,-0.532357554,0.206610486,6.773e-05,1,0
-0.370900,0.261825,0.454964269,-0.5787215,-0.814232373,-0.718457409,-0.798086229,-0.544990948,0.196598269,1.195e-09,1,0
-0.370900,0.279280,0.449415488,-0.581098238,-0.819352918,-0.71717608,-0.798434575,-0.557671554,0.186710302,1.731e-09,1,0
-0.370900,0.296735,0.443735665,-0.58341193,-0.824562211,-0.716035778,-0.798790043,-0.570397829,0.176949397,2.493e-09,1,0
-0.370900,0.314190,0.437924266,-0.585666775,-0.829862098,-0.715042654,-0.799157189,-0.583168251,0.167318423,3.575e-09,1,0
-0.370900,0.331645,0.431980773,-0.587867164,-0.835254716,-0.714203176,-0.799540862,-0.595981318,0.157820309,5.101e-09,1,0
-0.370900,0.349100,0.425904666,-0.590017679,-0.840742505,-0.713524162,-0.799946211,-0.608835543,0.148458042,7.243e-09,1,0
-0.353010,-0.349100,0.570804644,-0.436416158,-0.688806435,-0.816997189,-0.766952048,-0.124947966,0.58849108,1.099e-08,1,0
-0.353010,-0.331645,0.56913331,-0.442345874,-0.690260845,-0.812899947,-0.767982474,-0.134941312,0.575527789,7.955e-09,1,0
-0.353010,-0.314190,0.567399574,-0.44815146,-0.691872188,-0.80886158,-0.769011247,-0.145054538,0.562620533,5.724e-09,1,0
-0.353010,-0.296735,0.565599299,-0.453833136,-0.693634843,-0.804881569,-0.770034928,-0.155284556,0.549770568,4.095e-09,1,0
-0.353010,-0.279280,0.563728516,-0.459391168,-0.695543501,-0.800959589,-0.771050302,-0.165628341,0.536979181,2.911e-09,1,0
-0.353010,-0.261825,0.56178343,-0.464825866,-0.697593151,-0.797095505,-0.772054388,-0.176082931,0.524247695,2.057e-09,1,0
-0.353010,-0.244370,0.559760408,-0.4701376,-0.699779071,-0.793289363,-0.77304443,-0.186645426,0.511577465,1.445e-09,1,0
-0.353010,-0.226915,0.557655978,-0.475326793,-0.702096804,-0.789541382,-0.774017894,-0.197312992,0.498969881,1.008e-09,1,0
-0.353010,-0.209460,0.555455605,-0.480407512,-0.704547282,-0.785831719,-0.774964439,-0.208082851,0.48642637,6.320e-05,1,0
-0.353010,-0.192005,0.553180406,-0.485350745,-0.707116033,-0.782205539,-0.775900071,-0.218952288,0.473948394,5.246e-05,1,0
-0.353010,-0.174550,0.550814019,-0.490173522,-0.709804638,-0.778638431,-0.776812403,-0.229918646,0.461537452,4.337e-05,1,0
-0.353010,-0.157095,0.548353609,-0.494876489,-0.712609626,-0.775131407,-0.777699854,-0.240979327,0.449195084,3.569e-05,1,0
-0.353010,-0.139640,0.545796472,-0.499460381,-0.715527738,-0.77168562,-0.778561045,-0.252131789,0.436922867,2.920e-05,1,0
-0.353010,-0.122185,0.543140038,-0.50392603,-0.718555915,-0.76830236,-0.779394803,-0.263373545,0.42472242,2.372e-05,1,0
-0.353010,-0.104730,0.540381865,-0.508274361,-0.721691296,-0.764983054,-0.780200152,-0.274702162,0.412595402,1.907e-05,1,0
-0.353010,-0.087275,0.537519637,-0.5125064,-0.724931214,-0.76172927,-0.780976327,-0.286115262,0.400543514,1.512e-05,1,0
-0.353010,-0.069820,0.534551154,-0.516623276,-0.728273189,-0.758542714,-0.781722764,-0.297610517,0.388568503,1.173e-05,1,0
-0.353010,-0.052365,0.531474341,-0.520626222,-0.731714931,-0.755425237,-0.78243911,-0.30918565,0.376672157,8.786e-06,1,0
-0.353010,-0.034910,0.528287235,-0.524516578,-0.735254332,-0.752378832,-0.783125219,-0.32083843,0.364856312,6.179e-06,1,0
-0.353010,-0.017455,0.524987983,-0.5282958,-0.738889465,-0.749405639,-0.783781156,-0.332566678,0.353122849,3.816e-06,1,0
-0.353010,0.000000,0.521574843,-0.531965453,-0.742618585,-0.746507944,-0.784407196,-0.344368258,0.341473696,1.609e-06,1,0
-0.353010,0.017455,0.518046175,-0.535527221,-0.746440128,-0.743688188,-0.785003829,-0.356241079,0.329910831,1.169e-06,1,0
-0.353010,0.034910,0.514400442,-0.53898291,-0.750352707,-0.740948963,-0.78557176,-0.368183092,0.31843628,2.673e-06,1,0
-0.353010,0.052365,0.510636203,-0.542334445,-0.754355116,-0.738293021,-0.786111909,-0.380192293,0.307052121,4.910e-06,1,0
-0.353010,0.069820,0.506752112,-0.54558388,-0.758446333,-0.735723277,-0.786625417,-0.392266714,0.295760481,7.325e-06,1,0
-0.353010,0.087275,0.50274691,-0.548733395,-0.762625513,-0.733242811,-0.787113645,-0.404404428,0.284563544,1.001e-05,1,0
-0.353010,0.104730,0.498619431,-0.551785303,-0.766892002,-0.730854879,-0.787578179,-0.416603545,0.273463542,1.306e-05,1,0
-0.353010,0.122185,0.494368583,-0.55474205,-0.771245324,-0.728562908,-0.788020824,-0.428862209,0.262462765,1.660e-05,1,0
-0.353010,0.139640,0.48999336,-0.55760622,-0.775685198,-0.726370513,-0.788443619,-0.4411786,0.251563558,2.074e-05,1,0
-0.353010,0.157095,0.485492826,-0.560380537,-0.780211533,-0.724281497,-0.788848828,-0.45355093,0.240768322,2.564e-05,1,0
-0.353010,0.174550,0.480866116,-0.563067871,-0.784824435,-0.722299861,-0.789238952,-0.465977442,0.230079514,3.145e-05,1,0
-0.353010,0.192005,0.476112434,-0.565671233,-0.789524207,-0.720429811,-0.789616723,-0.478456408,0.219499651,3.838e-05,1,0
-0.353010,0.209460,0.471231044,-0.568193789,-0.794311359,-0.718675766,-0.789985112,-0.49098613,0.209031307,4.664e-05,1,0
-0.353010,0.226915,0.466221267,-0.570638856,-0.799186609,-0.717042364,-0.790347332,-0.503564934,0.198677116,5.649e-05,1,0
-0.353010,0.244370,0.461082481,-0.573009906,-0.804150892,-0.71553448,-0.79070684,-0.516191172,0.188439772,6.822e-05,1,0
-0.353010,0.261825,0.455793431,-0.575323458,-0.809233617,-0.71415374,-0.791077667,-0.528863222,0.17832203,1.215e-09,1,0
-0.353010,0.279280,0.450390433,-0.577560068,-0.814386486,-0.712913075,-0.791446343,-0.541579479,0.168326705,1.759e-09,1,0
-0.353010,0.296735,0.444855918,-0.579734519,-0.819634046,-0.711814457,-0.791825023,-0.554338363,0.158456675,2.536e-09,1,0
-0.353010,0.314190,0.439189266,-0.581851026,-0.824978464,-0.710863937,-0.792218376,-0.56713831,0.148714877,3.637e-09,1,0
-0.353010,0.331645,0.433389856,-0.583913995,-0.830422201,-0.710067893,-0.792631367,-0.579977775,0.139104313,5.190e-09,1,0
-0.353010,0.349100,0.427457071,-0.585928022,-0.835968045,-0.709433059,-0.79306928,-0.592855227,0.129628044,7.372e-09,1,0
-0.335120,-0.349100,0.566663547,-0.438242013,-0.68460185,-0.813067739,-0.760757142,-0.105859288,0.572407986,1.031e-08,1,0
-0.335120,-0.331645,0.565126244,-0.444023147,-0.686021952,-0.808874121,-0.76172562,-0.115974535,0.559432088,7.420e-09,1,0
-0.335120,-0.314190,0.563527121,-0.449679361,-0.68759818,-0.804747539,-0.762695774,-0.126207874,0.546508602,5.305e-09,1,0
-0.335120,-0.296735,0.561862038,-0.455210974,-0.689325024,-0.800687094,-0.763663998,-0.136556154,0.533638854,3.768e-09,1,0
-0.335120,-0.279280,0.560127024,-0.460618343,-0.69119729,-0.796692097,-0.764626924,-0.14701629,0.520824198,2.659e-09,1,0
-0.335120,-0.261825,0.55831828,-0.465901873,-0.693210087,-0.792762065,-0.76558143,-0.157585266,0.50806602,1.864e-09,1,0
-0.335120,-0.244370,0.556432169,-0.471062017,-0.695358815,-0.788896713,-0.766524636,-0.16826013,0.495365736,1.297e-09,1,0
-0.335120,-0.226915,0.554465218,-0.476099283,-0.697639142,-0.785095943,-0.767453889,-0.179037996,0.482724796,8.965e-10,1,0
-0.335120,-0.209460,0.552414104,-0.481014239,-0.700046995,-0.781359849,-0.768366773,-0.18991604,0.47014468,6.150e-10,1,0
-0.335120,-0.192005,0.550267291,-0.485818136,-0.702583265,-0.777675896,-0.769257302,-0.200891502,0.457626907,4.907e-05,1,0
-0.335120,-0.174550,0.548039958,-0.490488502,-0.705234687,-0.77407305,-0.770132467,-0.211961684,0.445173028,4.033e-05,1,0
-0.335120,-0.157095,0.545719156,-0.495039003,-0.708002808,-0.770535628,-0.770985057,-0.223123946,0.432784633,3.298e-05,1,0
-0.335120,-0.139640,0.543302178,-0.499470437,-0.710884516,-0.76706452,-0.771813624,-0.234375708,0.420463347,2.681e-05,1,0
-0.335120,-0.122185,0.540786441,-0.503783698,-0.713876902,-0.763660759,-0.77261693,-0.245714447,0.408210837,2.161e-05,1,0
-0.335120,-0.104730,0.538169495,-0.50797977,-0.716977259,-0.760325532,-0.773393951,-0.257137697,0.396028808,1.724e-05,1,0
-0.335120,-0.087275,0.535449009,-0.512059733,-0.720183078,-0.757060168,-0.774143871,-0.268643044,0.383919008,1.354e-05,1,0
-0.335120,-0.069820,0.532622771,-0.516024768,-0.723492036,-0.753866146,-0.774866086,-0.280228129,0.371883226,1.038e-05,1,0
-0.335120,-0.052365,0.529688687,-0.519876158,-0.726902009,-0.750745096,-0.775560208,-0.291890644,0.359923295,7.646e-06,1,0
-0.335120,-0.034910,0.526644776,-0.523615291,-0.730411056,-0.747698799,-0.776226064,-0.303628328,0.348041094,5.235e-06,1,0
-0.335120,-0.017455,0.523489164,-0.527243663,-0.734017421,-0.744729187,-0.776863693,-0.315438973,0.336238545,3.101e-06,1,0
-0.335120,0.000000,0.520220085,-0.530762882,-0.737719536,-0.74183835,-0.777473356,-0.327320413,0.324517621,3.074e-06,1,0
-0.335120,0.017455,0.516835873,-0.53417467,-0.741516015,-0.739028531,-0.778055528,-0.339270531,0.31288034,3.104e-06,1,0
-0.335120,0.034910,0.51333496,-0.537480865,-0.745405654,-0.736302138,-0.778610905,-0.351287251,0.301328772,3.196e-06,1,0
-0.335120,0.052365,0.509715877,-0.540683429,-0.749387441,-0.733661741,-0.77914041,-0.36336854,0.289865037,5.060e-06,1,0
-0.335120,0.069820,0.505977241,-0.543784444,-0.753460542,-0.73111008,-0.779645183,-0.375512403,0.278491306,7.344e-06,1,0
-0.335120,0.087275,0.502117758,-0.546786119,-0.757624316,-0.728650062,-0.780126595,-0.387716888,0.267209804,9.903e-06,1,0
-0.335120,0.104730,0.498136218,-0.549690792,-0.761878308,-0.726284776,-0.780586243,-0.399980075,0.25602281,1.284e-05,1,0
-0.335120,0.122185,0.49403149,-0.552500933,-0.766222257,-0.724017492,-0.781025952,-0.412300083,0.244932659,1.626e-05,1,0
-0.335120,0.139640,0.489802516,-0.555219148,-0.770656096,-0.721851669,-0.781447785,-0.424675063,0.23394174,2.029e-05,1,0
-0.335120,0.157095,0.485448314,-0.557848181,-0.775179957,-0.719790959,-0.781854036,-0.4371032,0.223052504,2.508e-05,1,0
-0.335120,0.174550,0.480967963,-0.560390918,-0.779794176,-0.717839217,-0.78224724,-0.449582708,0.212267456,3.079e-05,1,0
-0.335120,0.192005,0.47636061,-0.562850388,-0.784499294,-0.716000507,-0.78263017,-0.46211183,0.201589162,3.762e-05,1,0
-0.335120,0.209460,0.471625457,-0.565229771,-0.789296066,-0.714279112,-0.783005848,-0.474688836,0.191020251,4.579e-05,1,0
-0.335120,0.226915,0.466761762,-0.567532398,-0.794185465,-0.712679538,-0.783377539,-0.487312023,0.180563409,5.555e-05,1,0
-0.335120,0.244370,0.461768832,-0.569761752,-0.799168686,-0.711206535,-0.783748762,-0.499979712,0.170221387,6.720e-05,1,0
-0.335120,0.261825,0.45662572,-0.571933727,-0.804272628,-0.709862029,-0.784131902,-0.512690245,0.159996998,1.189e-09,1,0
-0.335120,0.279280,0.451367975,-0.574030119,-0.80945449,-0.708658177,-0.784516864,-0.525441986,0.149893118,1.728e-09,1,0
-0.335120,0.296735,0.445978263,-0.57606513,-0.814736652,-0.707597112,-0.784914306,-0.538233317,0.139912689,2.497e-09,1,0
-0.335120,0.314190,0.440455877,-0.578042987,-0.82012158,-0.706684787,-0.785328995,-0.551062639,0.130058716,3.592e-09,1,0
-0.335120,0.331645,0.434800106,-0.579968103,-0.825612061,-0.705927489,-0.785766009,-0.563928368,0.120334267,5.142e-09,1,0
-0.335120,0.349100,0.429010235,-0.58184509,-0.831211215,-0.705331858,-0.78623075,-0.576828932,0.110742479,7.321e-09,1,0
-0.317230,-0.349100,0.562520877,-0.440047926,-0.680379366,-0.809104027,-0.754537435,-0.0867074059,0.556292612,9.545e-09,1,0
-0.317230,-0.331645,0.561119281,-0.445681378,-0.681770903,-0.804821087,-0.755453225,-0.096946386,0.54330357,6.819e-09,1,0
-0.317230,-0.314190,0.559656312,-0.45118916,-0.6833175,-0.800612912,-0.756373518,-0.107301559,0.530363373,4.838e-09,1,0
-0.317230,-0.296735,0.558127827,-0.456571687,-0.685013761,-0.796478236,-0.757294556,-0.117769713,0.517473411,3.409e-09,1,0
-0.317230,-0.279280,0.556529858,-0.461829409,-0.686854611,-0.792416017,-0.758212833,-0.128347707,0.504635099,2.385e-09,1,0
-0.317230,-0.261825,0.554858608,-0.466962815,-0.688835283,-0.788425441,-0.759125106,-0.139032473,0.491849881,1.656e-09,1,0
-0.317230,-0.244370,0.553110443,-0.471972439,-0.690951297,-0.784505903,-0.760028377,-0.149821007,0.479119229,1.141e-09,1,0
-0.317230,-0.226915,0.55128189,-0.476858869,-0.693198455,-0.780657004,-0.7609199,-0.160710378,0.466444644,7.805e-10,1,0
-0.317230,-0.209460,0.549369625,-0.481622746,-0.695572813,-0.776878538,-0.76179716,-0.171697718,0.45382766,5.295e-10,1,0
-0.317230,-0.192005,0.547363025,-0.486274651,-0.698075002,-0.773160547,-0.762655673,-0.182780225,0.441269843,4.521e-05,1,0
-0.317230,-0.174550,0.545275342,-0.490793764,-0.700692755,-0.769525593,-0.763498966,-0.193955162,0.428772793,3.692e-05,1,0
-0.317230,-0.157095,0.543094649,-0.495192957,-0.703427287,-0.765961068,-0.764321597,-0.205219852,0.416338143,2.999e-05,1,0
-0.317230,-0.139640,0.540818237,-0.499473091,-0.706275633,-0.762467608,-0.765122062,-0.216571681,0.403967567,2.419e-05,1,0
-0.317230,-0.122185,0.538443517,-0.503635118,-0.709235033,-0.759046002,-0.765899068,-0.228008092,0.391662771,1.935e-05,1,0
-0.317230,-0.104730,0.535968031,-0.507680074,-0.712302935,-0.755697193,-0.766651543,-0.239526588,0.379425505,1.530e-05,1,0
-0.317230,-0.087275,0.53338944,-0.511609091,-0.715476982,-0.752422284,-0.767378629,-0.251124724,0.367257557,1.190e-05,1,0
-0.317230,-0.069820,0.530705523,-0.5154234,-0.718755017,-0.749222529,-0.768079689,-0.262800113,0.355160756,9.018e-06,1,0
-0.317230,-0.052365,0.527914174,-0.519124326,-0.722135074,-0.746099343,-0.768754302,-0.274550419,0.343136976,6.540e-06,1,0
-0.317230,-0.034910,0.525013395,-0.522713299,-0.725615378,-0.743054299,-0.769402268,-0.286373355,0.331188133,4.582e-06,1,0
-0.317230,-0.017455,0.522001298,-0.526191857,-0.729194347,-0.740089125,-0.770023611,-0.298266687,0.319316191,4.428e-06,1,0
-0.317230,0.000000,0.518876095,-0.529561642,-0.732870582,-0.737205715,-0.770618571,-0.310228224,0.30752316,4.357e-06,1,0
-0.317230,0.017455,0.5156361,-0.532824411,-0.736642879,-0.734406124,-0.771187618,-0.322255824,0.295811097,4.369e-06,1,0
-0.317230,0.034910,0.512279721,-0.535982034,-0.740510214,-0.731692577,-0.77173144,-0.334347387,0.28418211,4.467e-06,1,0
-0.317230,0.052365,0.50880546,-0.539036498,-0.74447176,-0.729067459,-0.772250954,-0.346500855,0.27263836,4.927e-06,1,0
-0.317230,0.069820,0.505211905,-0.541989914,-0.748526877,-0.72653334,-0.772747311,-0.358714213,0.261182056,7.031e-06,1,0
-0.317230,0.087275,0.501497729,-0.544844513,-0.752675117,-0.724092961,-0.773221883,-0.370985481,0.249815464,9.412e-06,1,0
-0.317230,0.104730,0.497661685,-0.547602656,-0.756916229,-0.721749243,-0.773676282,-0.383312718,0.238540904,1.217e-05,1,0
-0.317230,0.122185,0.493702603,-0.550266832,-0.761250153,-0.7195053,-0.77411235,-0.395694018,0.227360753,1.541e-05,1,0
-0.317230,0.139640,0.489619384,-0.552839664,-0.76567704,-0.717364435,-0.77453217,-0.408127509,0.216277444,1.926e-05,1,0
-0.317230,0.157095,0.485410998,-0.555323909,-0.77019724,-0.715330149,-0.774938063,-0.42061135,0.205293469,2.386e-05,1,0
-0.317230,0.174550,0.481076477,-0.55772247,-0.77481131,-0.713406154,-0.775332597,-0.433143731,0.194411382,2.938e-05,1,0
-0.317230,0.192005,0.476614913,-0.560038388,-0.779520028,-0.711596372,-0.775718583,-0.445722868,0.183633797,3.601e-05,1,0
-0.317230,0.209460,0.472025453,-0.56227485,-0.784324386,-0.709904948,-0.776099081,-0.458347006,0.172963388,4.398e-05,1,0
-0.317230,0.226915,0.467307294,-0.564435196,-0.789225607,-0.708336259,-0.776477411,-0.471014415,0.162402896,5.354e-05,1,0
-0.317230,0.244370,0.462459678,-0.566522921,-0.79422514,-0.706894922,-0.776857144,-0.483723386,0.151955124,6.498e-05,1,0
-0.317230,0.261825,0.45746237,-0.568553235,-0.799347321,-0.705583352,-0.777249338,-0.496472233,0.141622941,1.129e-09,1,0
-0.317230,0.279280,0.452349402,-0.570509257,-0.804554879,-0.704412543,-0.777646598,-0.509259289,0.131409281,1.650e-09,1,0
-0.317230,0.296735,0.447104038,-0.572404567,-0.80986801,-0.703384985,-0.778058416,-0.522082906,0.121317148,2.398e-09,1,0
-0.317230,0.314190,0.441725491,-0.574243397,-0.815289482,-0.702506531,-0.778489644,-0.534941451,0.111349609,3.467e-09,1,0
-0.317230,0.331645,0.436212965,-0.576030166,-0.820822386,-0.701783368,-0.778945459,-0.547833305,0.101509801,4.985e-09,1,0
-0.317230,0.349100,0.430565651,-0.577769492,-0.826470164,-0.701222047,-0.779431374,-0.560756862,0.0918009314,7.129e-09,1,0
-0.299340,-0.349100,0.558375445,-0.441836738,-0.676138123,-0.805107695,-0.74829503,-0.0674914648,0.540144351,8.733e-09,1,0
-0.299340,-0.331645,0.557111337,-0.447323357,-0.677506834,-0.800742314,-0.749167252,-0.077856104,0.527141674,6.190e-09,1,0
-0.299340,-0.314190,0.555786157,-0.452683601,-0.679029272,-0.796459005,-0.750046306,-0.0883349182,0.514184329,4.355e-09,1,0
-0.299340,-0.296735,0.554395772,-0.457917975,-0.680700163,-0.792256151,-0.750928301,-0.0989246388,0.501273764,3.041e-09,1,0
-0.299340,-0.279280,0.552936218,-0.463027013,-0.682514549,-0.788132374,-0.751809607,-0.109622072,0.488411448,2.107e-09,1,0
-0.299340,-0.261825,0.551403703,-0.468011289,-0.684467789,-0.784086539,-0.752686873,-0.120424098,0.475598879,1.448e-09,1,0
-0.299340,-0.244370,0.549794602,-0.472871414,-0.686555537,-0.780117733,-0.753557007,-0.13132767,0.462837576,9.871e-10,1,0
-0.299340,-0.226915,0.548105445,-0.477608049,-0.688773721,-0.776225261,-0.754417166,-0.14232981,0.450129091,6.673e-10,1,0
-0.299340,-0.209460,0.546332918,-0.482221907,-0.691118534,-0.772408638,-0.755264762,-0.15342761,0.437475004,4.472e-10,1,0
-0.299340,-0.192005,0.544467227,-0.486722753,-0.693590216,-0.768660057,-0.756096349,-0.164618232,0.424876923,4.109e-05,1,0
-0.299340,-0.174550,0.54251987,-0.491091713,-0.696177763,-0.76499656,-0.756912965,-0.175898902,0.412336493,3.330e-05,1,0
-0.299340,-0.157095,0.540479866,-0.495340701,-0.69888193,-0.761408181,-0.757710457,-0.18726691,0.399855388,2.683e-05,1,0
-0.299340,-0.139640,0.5383445,-0.499470637,-0.701699897,-0.7578953,-0.758487261,-0.19871961,0.387435321,2.147e-05,1,0
-0.299340,-0.122185,0.536111188,-0.503482524,-0.704629059,-0.754458467,-0.759242042,-0.210254417,0.37507804,1.702e-05,1,0
-0.299340,-0.104730,0.533777467,-0.507377449,-0.707667014,-0.751098395,-0.759973683,-0.221868803,0.362785329,1.334e-05,1,0
-0.299340,-0.087275,0.531340997,-0.511156593,-0.710811564,-0.747815955,-0.760681292,-0.2335603,0.350559016,1.027e-05,1,0
-0.299340,-0.069820,0.528799548,-0.514821229,-0.714060707,-0.74461219,-0.7613642,-0.245326494,0.338400965,7.689e-06,1,0
-0.299340,-0.052365,0.526151008,-0.518372723,-0.717412643,-0.741488303,-0.762021963,-0.257165025,0.326313086,5.701e-06,1,0
-0.299340,-0.034910,0.523393369,-0.521812543,-0.720865762,-0.738445657,-0.762654357,-0.269073583,0.314297332,5.382e-06,1,0
-0.299340,-0.017455,0.520524728,-0.525142263,-0.724418648,-0.735485786,-0.763261387,-0.281049912,0.302355701,5.173e-06,1,0
-0.299340,0.000000,0.517543287,-0.528363555,-0.728070081,-0.732610393,-0.763843287,-0.293091799,0.290490237,5.071e-06,1,0
-0.299340,0.017455,0.514447337,-0.531478207,-0.731819024,-0.729821343,-0.764400509,-0.305197081,0.278703034,5.072e-06,1,0
-0.299340,0.034910,0.51123527,-0.534488116,-0.735664639,-0.727120676,-0.764933742,-0.317363638,0.266996235,5.180e-06,1,0
-0.299340,0.052365,0.507905563,-0.537395293,-0.739606282,-0.724510609,-0.765443903,-0.329589392,0.255372036,5.397e-06,1,0
-0.299340,0.069820,0.504456779,-0.540201869,-0.743643499,-0.721993534,-0.76593214,-0.341872306,0.243832682,6.484e-06,1,0
-0.299340,0.087275,0.500887563,-0.542910097,-0.747776038,-0.719572026,-0.76639984,-0.354210381,0.232380477,8.651e-06,1,0
-0.299340,0.104730,0.497196635,-0.545522353,-0.752003843,-0.717248846,-0.766848618,-0.366601656,0.221017777,1.119e-05,1,0
-0.299340,0.122185,0.493382792,-0.548041142,-0.756327062,-0.715026947,-0.767280338,-0.379044205,0.209746998,1.420e-05,1,0
-0.299340,0.139640,0.489444897,-0.550469098,-0.760746049,-0.712909479,-0.767697097,-0.391536134,0.198570614,1.781e-05,1,0
-0.299340,0.157095,0.485381877,-0.552808992,-0.76526137,-0.710899797,-0.768101245,-0.404075582,0.187491156,2.217e-05,1,0
-0.299340,0.174550,0.481192719,-0.555063734,-0.769873804,-0.709001463,-0.76849537,-0.416660716,0.176511222,2.743e-05,1,0
-0.299340,0.192005,0.476876468,-0.557236371,-0.774584356,-0.707218259,-0.768882322,-0.429289733,0.165633469,3.379e-05,1,0
-0.299340,0.209460,0.47243222,-0.559330099,-0.779394253,-0.705554195,-0.7692652,-0.441960853,0.154860618,4.147e-05,1,0
-0.299340,0.226915,0.467859114,-0.561348262,-0.784304958,-0.704013512,-0.769647363,-0.454672322,0.144195458,5.073e-05,1,0
-0.299340,0.244370,0.463156332,-0.563294355,-0.789318172,-0.702600699,-0.770032433,-0.467422408,0.133640841,6.186e-05,1,0
-0.299340,0.261825,0.458304654,-0.565182885,-0.794455711,-0.701318761,-0.770430423,-0.480209399,0.123199691,1.046e-09,1,0
-0.299340,0.279280,0.45333604,-0.566998322,-0.799685691,-0.700177295,-0.770836047,-0.493031602,0.112874996,1.540e-09,1,0
-0.299340,0.296735,0.448234623,-0.568753604,-0.805026194,-0.699179271,-0.771257906,-0.50588734,0.102669818,2.255e-09,1,0
-0.299340,0.314190,0.442999541,-0.570452963,-0.810480276,-0.698330432,-0.771700936,-0.518774952,0.0925872864,3.283e-09,1,0
-0.299340,0.331645,0.437629917,-0.572100822,-0.816051332,-0.697636866,-0.772170401,-0.531692791,0.0826306029,4.750e-09,1,0
-0.299340,0.349100,0.432124856,-0.573701798,-0.821743111,-0.69710503,-0.772671911,-0.544639217,0.0728030413,6.833e-09,1,0
-0.281450,-0.349100,0.554226006,-0.443611295,-0.67187716,-0.801080267,-0.742031814,-0.0482105953,0.523962642,7.919e-09,1,0
-0.281450,-0.331645,0.553101272,-0.448951886,-0.673228798,-0.796639162,-0.742869472,-0.0587029181,0.510945886,5.564e-09,1,0
-0.281450,-0.314190,0.551915627,-0.454165435,-0.674732557,-0.792287033,-0.743715801,-0.0693072729,0.497971001,3.879e-09,1,0
-0.281450,-0.296735,0.550664943,-0.459252537,-0.67638328,-0.788021922,-0.744566784,-0.0800203375,0.485039484,2.682e-09,1,0
-0.281450,-0.279280,0.549345269,-0.464213808,-0.678176143,-0.783842131,-0.745418696,-0.0908388684,0.472152855,1.838e-09,1,0
-0.281450,-0.261825,0.547952826,-0.469049899,-0.680106634,-0.779746211,-0.746268088,-0.101759699,0.459312658,1.249e-09,1,0
-0.281450,-0.244370,0.546483998,-0.473761496,-0.682170536,-0.775732955,-0.74711178,-0.11277974,0.446520458,8.416e-10,1,0
-0.281450,-0.226915,0.544935328,-0.478349328,-0.684363914,-0.771801384,-0.747946858,-0.123895974,0.433777849,5.619e-10,1,0
-0.281450,-0.209460,0.543303511,-0.482814173,-0.686683101,-0.767950738,-0.748770665,-0.135105457,0.421086452,3.716e-10,1,0
-0.281450,-0.192005,0.541579509,-0.487164901,-0.689127874,-0.764174979,-0.749580422,-0.146405315,0.408447917,3.684e-05,1,0
-0.281450,-0.174550,0.53977324,-0.491384751,-0.691688638,-0.760486457,-0.750375487,-0.157792743,0.395863925,2.961e-05,1,0
-0.281450,-0.157095,0.537874579,-0.495484579,-0.694365618,-0.756877423,-0.751152582,-0.169265001,0.383336189,2.364e-05,1,0
-0.281450,-0.139640,0.535880822,-0.49946536,-0.697156148,-0.753348016,-0.751910101,-0.180819417,0.370866456,1.874e-05,1,0
-0.281450,-0.122185,0.533789387,-0.503328145,-0.70005777,-0.749898548,-0.752646664,-0.192453377,0.358456509,1.471e-05,1,0
-0.281450,-0.104730,0.531597813,-0.507074069,-0.703068238,-0.746529504,-0.753361124,-0.204164333,0.346108168,1.141e-05,1,0
-0.281450,-0.087275,0.52930376,-0.510704353,-0.70618551,-0.743241539,-0.754052556,-0.215949791,0.333823291,8.685e-06,1,0
-0.281450,-0.069820,0.526905001,-0.514220311,-0.709407748,-0.740035479,-0.754720268,-0.227807317,0.321603778,6.589e-06,1,0
-0.281450,-0.052365,0.524399416,-0.517623348,-0.712733308,-0.736912319,-0.755363791,-0.23973453,0.309451568,6.073e-06,1,0
-0.281450,-0.034910,0.521784993,-0.520914963,-0.716160748,-0.733873225,-0.755982885,-0.251729103,0.297368647,5.695e-06,1,0
-0.281450,-0.017455,0.519059823,-0.52409676,-0.719688819,-0.730919537,-0.756577544,-0.263788757,0.285357043,5.447e-06,1,0
-0.281450,0.000000,0.516222092,-0.527170443,-0.723316471,-0.728052761,-0.757147983,-0.275911266,0.273418834,5.323e-06,1,0
-0.281450,0.017455,0.513270085,-0.53013782,-0.727042844,-0.725274583,-0.757694656,-0.288094446,0.261556144,5.319e-06,1,0
-0.281450,0.034910,0.510202176,-0.533000813,-0.730867279,-0.722586866,-0.758218245,-0.300336161,0.249771148,5.437e-06,1,0
-0.281450,0.052365,0.507016822,-0.535761454,-0.734789311,-0.719991648,-0.758719667,-0.312634317,0.238066072,5.680e-06,1,0
-0.281450,0.069820,0.503712566,-0.53842189,-0.738808674,-0.717491153,-0.759200072,-0.32498686,0.226443197,6.056e-06,1,0
-0.281450,0.087275,0.500288029,-0.540984388,-0.742925305,-0.715087789,-0.759660852,-0.337391775,0.214904857,7.716e-06,1,0
-0.281450,0.104730,0.496741904,-0.543451338,-0.747139345,-0.712784158,-0.760103637,-0.349847084,0.203453444,1.001e-05,1,0
-0.281450,0.122185,0.493072958,-0.545825255,-0.751451139,-0.710583055,-0.760530298,-0.362350844,0.192091408,1.276e-05,1,0
-0.281450,0.139640,0.489280018,-0.548108782,-0.755861249,-0.708487476,-0.760942953,-0.374901145,0.180821259,1.610e-05,1,0
-0.281450,0.157095,0.485361976,-0.550304696,-0.760370451,-0.706500627,-0.761343971,-0.387496107,0.169645567,2.017e-05,1,0
-0.281450,0.174550,0.481317781,-0.55241591,-0.764979739,-0.704625925,-0.761735965,-0.40013388,0.158566968,2.512e-05,1,0
-0.281450,0.192005,0.477146431,-0.554445476,-0.76969034,-0.702867012,-0.762121813,-0.412812642,0.147588159,3.115e-05,1,0
-0.281450,0.209460,0.472846975,-0.55639659,-0.774503712,-0.701227753,-0.762504647,-0.425530595,0.136711905,3.848e-05,1,0
-0.281450,0.226915,0.468418501,-0.558272595,-0.779421555,-0.69971226,-0.762887862,-0.438285964,0.12594104,4.737e-05,1,0
-0.281450,0.244370,0.463860137,-0.560076986,-0.784445815,-0.698324888,-0.763275126,-0.451076997,0.115278462,5.811e-05,1,0
-0.281450,0.261825,0.459153889,-0.561823561,-0.7895959,-0.697069283,-0.763675652,-0.46390196,0.104727145,9.502e-10,1,0
-0.281450,0.279280,0.454329261,-0.563498127,-0.794845045,-0.695953525,-0.764085745,-0.476759138,0.0942901298,1.412e-09,1,0
-0.281450,0.296735,0.449371446,-0.565112983,-0.800209353,-0.69498112,-0.764513365,-0.48964683,0.0839705323,2.086e-09,1,0
-0.281450,0.314190,0.444279507,-0.566672359,-0.805692153,-0.694157702,-0.764963515,-0.502563351,0.0737715414,3.062e-09,1,0
-0.281450,0.331645,0.439052495,-0.568180671,-0.811297125,-0.693489256,-0.765441532,-0.515507027,0.0636964205,4.465e-09,1,0
-0.281450,0.349100,0.433689431,-0.569642534,-0.817028329,-0.692982135,-0.765953116,-0.528476191,0.0537485085,6.469e-09,1,0
-0.263560,-0.349100,0.550071245,-0.445374458,-0.667595408,-0.797023143,-0.735749455,-0.0288639117,0.507746972,7.130e-09,1,0
-0.263560,-0.331645,0.549087896,-0.450569773,-0.668935758,-0.792512888,-0.736561467,-0.0394860466,0.494715739,4.964e-09,1,0
-0.263560,-0.314190,0.54804364,-0.455637423,-0.670426333,-0.788098123,-0.73738349,-0.0502179374,0.481722963,3.426e-09,1,0
-0.263560,-0.296735,0.546934367,-0.460578087,-0.672062107,-0.783776558,-0.738211415,-0.061056212,0.468770187,2.344e-09,1,0
-0.263560,-0.279280,0.545756147,-0.465392456,-0.673838394,-0.779546186,-0.739041427,-0.0719975812,0.455858975,1.588e-09,1,0
-0.263560,-0.261825,0.544505211,-0.470081257,-0.67575081,-0.77540526,-0.739869995,-0.0830388365,0.44299091,1.067e-09,1,0
-0.263560,-0.244370,0.543177963,-0.474645246,-0.67779528,-0.771352287,-0.740693871,-0.0941768487,0.4301676,7.093e-10,1,0
-0.263560,-0.226915,0.541770961,-0.479085217,-0.679968005,-0.767386012,-0.741510076,-0.105408566,0.417390675,4.673e-10,1,0
-0.263560,-0.209460,0.540280918,-0.48340201,-0.682265461,-0.763505408,-0.742315898,-0.11673101,0.404661795,3.047e-10,1,0
-0.263560,-0.192005,0.538699481,-0.487603556,-0.68468695,-0.759705857,-0.743108942,-0.128141279,0.391982643,3.261e-05,1,0
-0.263560,-0.174550,0.537035146,-0.491675281,-0.68722432,-0.75599578,-0.743887515,-0.139636538,0.379354935,2.596e-05,1,0
-0.263560,-0.157095,0.535278571,-0.495626939,-0.68987726,-0.752369255,-0.744648894,-0.151214024,0.366780417,2.051e-05,1,0
-0.263560,-0.139640,0.533427065,-0.499459551,-0.692643252,-0.748826184,-0.745391441,-0.162871039,0.354260867,1.608e-05,1,0
-0.263560,-0.122185,0.531478054,-0.503174215,-0.695519994,-0.745366646,-0.746113741,-0.174604949,0.341798099,1.249e-05,1,0
-0.263560,-0.104730,0.529429087,-0.506772107,-0.698505395,-0.741990908,-0.74681462,-0.186413185,0.329393962,9.567e-06,1,0
-0.263560,-0.087275,0.527277827,-0.51025449,-0.70159757,-0.738699407,-0.747493128,-0.198293235,0.317050344,7.362e-06,1,0
-0.263560,-0.069820,0.52502205,-0.513622709,-0.704794839,-0.73549276,-0.748148551,-0.210242648,0.304769173,6.619e-06,1,0
-0.263560,-0.052365,0.52265964,-0.516878203,-0.708095724,-0.732371762,-0.748780407,-0.222259025,0.292552418,6.045e-06,1,0
-0.263560,-0.034910,0.520188583,-0.520022502,-0.711498945,-0.729337379,-0.749388439,-0.234340024,0.28040209,5.626e-06,1,0
-0.263560,-0.017455,0.517606965,-0.523057235,-0.715003423,-0.726390757,-0.749972629,-0.246483353,0.268320246,5.353e-06,1,0
-0.263560,0.000000,0.514912971,-0.52598413,-0.718608276,-0.72353322,-0.750533188,-0.25868677,0.256308992,5.215e-06,1,0
-0.263560,0.017455,0.512104873,-0.528805016,-0.72231282,-0.72076627,-0.751070561,-0.270948079,0.244370478,5.211e-06,1,0
-0.263560,0.034910,0.509181035,-0.531521832,-0.726116571,-0.718091593,-0.751585431,-0.283265131,0.232506908,5.340e-06,1,0
-0.263560,0.052365,0.506139901,-0.534136626,-0.730019245,-0.715511054,-0.75207871,-0.295635817,0.220720537,5.605e-06,1,0
-0.263560,0.069820,0.502979997,-0.536651559,-0.734020761,-0.71302671,-0.752551557,-0.308058072,0.209013673,6.014e-06,1,0
-0.263560,0.087275,0.499699925,-0.539068907,-0.738121243,-0.710640803,-0.753005368,-0.320529867,0.197388681,6.690e-06,1,0
-0.263560,0.104730,0.496298354,-0.54139107,-0.742321023,-0.708355774,-0.753441778,-0.333049213,0.185847983,8.724e-06,1,0
-0.263560,0.122185,0.492774026,-0.543620566,-0.746620647,-0.706174264,-0.753862674,-0.345614152,0.17439406,1.120e-05,1,0
-0.263560,0.139640,0.48912574,-0.545760045,-0.751020875,-0.704099112,-0.754270187,-0.358222761,0.163029453,1.425e-05,1,0
-0.263560,0.157095,0.485352357,-0.547812284,-0.755522689,-0.702133376,-0.754666699,-0.370873147,0.15175677,1.799e-05,1,0
-0.263560,0.174550,0.481452785,-0.549780196,-0.760127299,-0.700280328,-0.755054849,-0.383563447,0.140578678,2.260e-05,1,0
-0.263560,0.192005,0.477425987,-0.551666831,-0.764836148,-0.698543463,-0.755437536,-0.396291821,0.129497914,2.827e-05,1,0
-0.263560,0.209460,0.473270968,-0.553475382,-0.769650917,-0.696926512,-0.75581792,-0.409056458,0.118517281,3.520e-05,1,0
-0.263560,0.226915,0.468986769,-0.555209186,-0.77457354,-0.695433446,-0.756199429,-0.421855566,0.107639654,4.366e-05,1,0
-0.263560,0.244370,0.464572468,-0.556871732,-0.7796062,-0.694068487,-0.756585765,-0.434687377,0.0968679757,5.394e-05,1,0
-0.263560,0.261825,0.460011436,-0.558476124,-0.784766073,-0.692835922,-0.756985562,-0.447550138,0.0862052649,8.492e-10,1,0
-0.263560,0.279280,0.455330483,-0.560009464,-0.790031146,-0.691742288,-0.757396269,-0.460442116,0.0756546125,1.276e-09,1,0
-0.263560,0.296735,0.450515976,-0.561483424,-0.795415706,-0.690791641,-0.757825405,-0.473361591,0.0652191859,1.905e-09,1,0
-0.263560,0.314190,0.445566915,-0.562902225,-0.800923355,-0.689989502,-0.758278032,-0.486306856,0.054902229,2.823e-09,1,0
-0.263560,0.331645,0.440482278,-0.564270277,-0.80655805,-0.689341743,-0.758759555,-0.499276214,0.0447070641,4.153e-09,1,0
-0.263560,0.349100,0.435261012,-0.565592184,-0.812324141,-0.688854615,-0.759275742,-0.512267978,0.0346370926,6.066e-09,1,0
-0.245670,-0.349100,0.545909783,-0.447129101,-0.663291684,-0.792937607,-0.729449411,-0.00945050863,0.491496872,6.391e-09,1,0
-0.245670,-0.331645,0.545069951,-0.452179846,-0.664626576,-0.788364653,-0.730244625,-0.0202046943,0.478450812,4.405e-09,1,0
-0.245670,-0.314190,0.544169064,-0.457102345,-0.666109503,-0.783893314,-0.731050707,-0.0310662183,0.465439839,3.009e-09,1,0
-0.245670,-0.296735,0.543203032,-0.461897352,-0.667735577,-0.779520991,-0.731863461,-0.0420316628,0.452465537,2.035e-09,1,0
-0.245670,-0.279280,0.542167944,-0.466565639,-0.669500246,-0.775245378,-0.732679003,-0.0530976972,0.439529507,1.363e-09,1,0
-0.245670,-0.261825,0.541060061,-0.471107996,-0.671399275,-0.771064439,-0.733493739,-0.0642610754,0.426633372,9.032e-10,1,0
-0.245670,-0.244370,0.539875803,-0.475525247,-0.673428727,-0.766976403,-0.734304364,-0.0755186338,0.413778773,5.926e-10,1,0
-0.245670,-0.226915,0.538611753,-0.479818247,-0.675584948,-0.762979751,-0.735107847,-0.0868672891,0.400967375,3.848e-10,1,0
-0.245670,-0.209460,0.537258825,-0.483995547,-0.677866318,-0.759069259,-0.735900937,-0.0983040361,0.388200867,3.597e-05,1,0
-0.245670,-0.192005,0.535826744,-0.488041185,-0.680266409,-0.755253227,-0.736682903,-0.109825945,0.375480966,2.851e-05,1,0
-0.245670,-0.174550,0.534305278,-0.491965715,-0.682783758,-0.751525027,-0.737449988,-0.12143016,0.362809417,2.244e-05,1,0
-0.245670,-0.157095,0.532691621,-0.495770135,-0.685415777,-0.74788414,-0.738200287,-0.133113896,0.350187992,1.752e-05,1,0
-0.245670,-0.139640,0.530983093,-0.499455509,-0.688160105,-0.744330237,-0.738932127,-0.144874435,0.3376185,1.357e-05,1,0
-0.245670,-0.122185,0.529177138,-0.503022976,-0.691014594,-0.740863178,-0.739644074,-0.156709129,0.325102778,1.039e-05,1,0
-0.245670,-0.104730,0.527271317,-0.506473752,-0.693977312,-0.737483006,-0.740334929,-0.168615389,0.312642704,8.119e-06,1,0
-0.245670,-0.087275,0.525263304,-0.509809131,-0.697046532,-0.734189951,-0.741003726,-0.180590692,0.30024019,7.120e-06,1,0
-0.245670,-0.069820,0.523150882,-0.513030491,-0.700220735,-0.730984425,-0.741649735,-0.192632572,0.287897187,6.326e-06,1,0
-0.245670,-0.052365,0.520931942,-0.516139301,-0.703498606,-0.727867021,-0.74227246,-0.204738619,0.275615689,5.717e-06,1,0
-0.245670,-0.034910,0.518604475,-0.519137113,-0.706879032,-0.724838512,-0.742871636,-0.216906479,0.263397731,5.274e-06,1,0
-0.245670,-0.017455,0.516166568,-0.522025581,-0.710361098,-0.721899859,-0.743447237,-0.22913385,0.251245396,4.987e-06,1,0
-0.245670,0.000000,0.513616402,-0.524806449,-0.713944095,-0.719052198,-0.743999468,-0.241418479,0.239160809,4.844e-06,1,0
-0.245670,0.017455,0.51095225,-0.527481567,-0.717627511,-0.716296852,-0.744528772,-0.253758162,0.227146148,4.842e-06,1,0
-0.245670,0.034910,0.508172467,-0.530052884,-0.721411038,-0.713635332,-0.745035828,-0.26615074,0.215203639,4.980e-06,1,0
-0.245670,0.052365,0.50527549,-0.53252246,-0.725294571,-0.711069333,-0.745521554,-0.278594095,0.203335562,5.261e-06,1,0
-0.245670,0.069820,0.50225983,-0.534892464,-0.729278211,-0.708600741,-0.745987107,-0.291086153,0.191544249,5.695e-06,1,0
-0.245670,0.087275,0.499124075,-0.53716518,-0.733362269,-0.706231639,-0.746433889,-0.303624877,0.179832092,6.295e-06,1,0
-0.245670,0.104730,0.495866879,-0.539343009,-0.737547265,-0.703964306,-0.746863545,-0.316208267,0.168201538,7.418e-06,1,0
-0.245670,0.122185,0.492486958,-0.541428473,-0.741833939,-0.701801223,-0.747277966,-0.328834358,0.156655097,9.617e-06,1,0
-0.245670,0.139640,0.48898309,-0.543424219,-0.746223252,-0.699745081,-0.747679299,-0.341501217,0.145195339,1.236e-05,1,0
-0.245670,0.157095,0.485354106,-0.54533302,-0.750716388,-0.697798784,-0.74806994,-0.35420694,0.133824899,1.577e-05,1,0
-0.245670,0.174550,0.481598886,-0.547157787,-0.755314764,-0.695965456,-0.748452543,-0.366949653,0.122546479,2.001e-05,1,0
-0.245670,0.192005,0.477716356,-0.548901562,-0.760020039,-0.694248449,-0.748830026,-0.379727508,0.111362848,2.528e-05,1,0
-0.245670,0.209460,0.473705482,-0.550567528,-0.764834112,-0.692651352,-0.749205569,-0.392538679,0.100276844,3.178e-05,1,0
-0.245670,0.226915,0.469565267,-0.552159015,-0.769759144,-0.691177995,-0.749582631,-0.405381364,0.0892913799,3.978e-05,1,0
-0.245670,0.244370,0.465294738,-0.5536795,-0.774797553,-0.689832466,-0.749964938,-0.418253779,0.0784094388,4.956e-05,1,0
-0.245670,0.261825,0.460878704,-0.555141421,-0.779964481,-0.688619662,-0.750360727,-0.431154161,0.0676340809,7.497e-10,1,0
-0.245670,0.279280,0.456341169,-0.556533101,-0.785242255,-0.687544612,-0.750768219,-0.444080759,0.056968443,1.141e-09,1,0
-0.245670,0.296735,0.451669736,-0.557865616,-0.790643537,-0.686611905,-0.751194662,-0.457031838,0.0464157406,1.722e-09,1,0
-0.245670,0.314190,0.446863341,-0.559143173,-0.796172183,-0.68582694,-0.751645158,-0.470005675,0.0359792695,2.580e-09,1,0
-0.245670,0.331645,0.441920895,-0.560370167,-0.801832429,-0.685195476,-0.752125171,-0.483000554,0.0256624071,3.834e-09,1,0
-0.245670,0.349100,0.43684128,-0.561551191,-0.807628907,-0.684723651,-0.75264053,-0.49601477,0.0154686139,5.652e-09,1,0
-0.227780,-0.349100,0.541740154,-0.448878129,-0.658964681,-0.788824837,-0.723132922,0.0100305419,0.475211921,5.714e-09,1,0
-0.227780,-0.331645,0.541046114,-0.45378496,-0.660300013,-0.784195514,-0.72392015,-0.000858050107,0.462150728,3.898e-09,1,0
-0.227780,-0.314190,0.540290705,-0.458563004,-0.661780881,-0.779673563,-0.724718608,-0.0118514119,0.449121294,2.633e-09,1,0
-0.227780,-0.296735,0.539469867,-0.46321309,-0.663402544,-0.775256088,-0.725524041,-0.0229460853,0.43612524,1.760e-09,1,0
-0.227780,-0.279280,0.538579717,-0.46773606,-0.665160595,-0.770940487,-0.726332505,-0.0341387029,0.4231642,1.164e-09,1,0
-0.227780,-0.261825,0.537616544,-0.47213277,-0.667050947,-0.766724452,-0.727140361,-0.0454259859,0.410239829,7.609e-10,1,0
-0.227780,-0.244370,0.536576797,-0.476404103,-0.66906981,-0.762605944,-0.727944257,-0.0568047413,0.397353797,4.921e-10,1,0
-0.227780,-0.226915,0.535457086,-0.480550972,-0.671213684,-0.758583186,-0.72874113,-0.0682718597,0.3845078,3.148e-10,1,0
-0.227780,-0.209460,0.53424898,-0.484580865,-0.673480481,-0.754652079,-0.729527858,-0.0798243126,0.371703555,3.144e-05,1,0
-0.227780,-0.192005,0.532960888,-0.488480269,-0.675865219,-0.750817616,-0.730303248,-0.0914591497,0.358942803,2.462e-05,1,0
-0.227780,-0.174550,0.531583323,-0.492258479,-0.678365902,-0.747074688,-0.731063813,-0.103173496,0.346227315,1.913e-05,1,0
-0.227780,-0.157095,0.530113503,-0.495916536,-0.680980105,-0.743422542,-0.731807623,-0.114964552,0.333558889,1.473e-05,1,0
-0.227780,-0.139640,0.528548773,-0.499455546,-0.683705622,-0.739860621,-0.732532988,-0.126829584,0.320939354,1.124e-05,1,0
-0.227780,-0.122185,0.526886593,-0.502876685,-0.686540463,-0.736388567,-0.733238455,-0.138765932,0.308370573,8.944e-06,1,0
-0.227780,-0.104730,0.525124542,-0.506181199,-0.689482855,-0.733006213,-0.73392281,-0.150770996,0.295854443,7.660e-06,1,0
-0.227780,-0.087275,0.523260311,-0.509370416,-0.692531234,-0.729713581,-0.734585078,-0.162842243,0.283392897,6.623e-06,1,0
-0.227780,-0.069820,0.521291698,-0.512445741,-0.695684242,-0.726510879,-0.735224517,-0.174977198,0.270987909,5.804e-06,1,0
-0.227780,-0.052365,0.519216602,-0.515408664,-0.698940728,-0.723398509,-0.735840622,-0.187173444,0.258641492,5.179e-06,1,0
-0.227780,-0.034910,0.517033024,-0.518260762,-0.702299744,-0.720377052,-0.736433126,-0.199428621,0.246355701,4.728e-06,1,0
-0.227780,-0.017455,0.514739059,-0.521003702,-0.705760547,-0.717447279,-0.737001995,-0.21174042,0.234132638,4.438e-06,1,0
-0.227780,0.000000,0.512332893,-0.523639247,-0.709322595,-0.714610149,-0.737547434,-0.224106582,0.221974448,4.296e-06,1,0
-0.227780,0.017455,0.509812796,-0.526169257,-0.712985549,-0.711866805,-0.738069883,-0.236524897,0.209883329,4.298e-06,1,0
-0.227780,0.034910,0.507177123,-0.528595692,-0.716749275,-0.709218584,-0.73857002,-0.248993202,0.197861527,4.442e-06,1,0
-0.227780,0.052365,0.504424307,-0.530920616,-0.720613849,-0.706667012,-0.739048767,-0.261509375,0.185911342,4.733e-06,1,0
-0.227780,0.069820,0.501552855,-0.533146205,-0.724579553,-0.704213809,-0.739507285,-0.274071336,0.174035128,5.181e-06,1,0
-0.227780,0.087275,0.49856134,-0.535274741,-0.728646877,-0.701860892,-0.739946975,-0.286677043,0.162235298,5.800e-06,1,0
-0.227780,0.104730,0.495448403,-0.537308626,-0.732816534,-0.699610382,-0.740369491,-0.299324492,0.150514322,6.613e-06,1,0
-0.227780,0.122185,0.492212748,-0.539250377,-0.737089456,-0.697464603,-0.740776735,-0.312011711,0.138874732,8.073e-06,1,0
-0.227780,0.139640,0.488853127,-0.541102636,-0.741466793,-0.695426091,-0.741170856,-0.324736762,0.127319125,1.051e-05,1,0
-0.227780,0.157095,0.485368352,-0.542868171,-0.745949933,-0.693497598,-0.741554262,-0.337497736,0.11585016,1.358e-05,1,0
-0.227780,0.174550,0.481757276,-0.54454988,-0.750540501,-0.6916821,-0.741929624,-0.350292751,0.104470568,1.745e-05,1,0
-0.227780,0.192005,0.478018794,-0.546150794,-0.755240359,-0.689982801,-0.742299868,-0.363119951,0.0931831457,2.231e-05,1,0
-0.227780,0.209460,0.47415184,-0.547674083,-0.760051628,-0.688403145,-0.742668197,-0.375977504,0.0819907646,2.837e-05,1,0
-0.227780,0.226915,0.470155378,-0.549123061,-0.764976685,-0.686946823,-0.743038081,-0.388863599,0.0708963688,3.588e-05,1,0
-0.227780,0.244370,0.466028397,-0.550501188,-0.770018177,-0.685617779,-0.743413275,-0.401776444,0.0599029786,4.514e-05,1,0
-0.227780,0.261825,0.461757151,-0.551820278,-0.775189446,-0.684421468,-0.743801763,-0.414714262,0.0490136923,6.559e-10,1,0
-0.227780,0.279280,0.457362838,-0.553069787,-0.780476695,-0.6833615,-0.744202235,-0.427675295,0.0382316881,1.012e-09,1,0
-0.227780,0.296735,0.452834298,-0.554260227,-0.785891171,-0.682442946,-0.744621791,-0.440657794,0.0275602259,1.548e-09,1,0
-0.227780,0.314190,0.448170413,-0.555395785,-0.791436985,-0.681671082,-0.745065575,-0.453660023,0.0170026492,2.346e-09,1,0
-0.227780,0.331645,0.443370035,-0.556480838,-0.797118633,-0.681051543,-0.745539091,-0.466680253,0.00656238714,3.524e-09,1,0
-0.227780,0.349100,0.438431978,-0.557519958,-0.802941022,-0.680590351,-0.746048218,-0.479716764,-0.00375704453,5.246e-09,1,0
-0.209890,-0.349100,0.53756081,-0.450624477,-0.654612961,-0.784685898,-0.71680101,0.0295801942,0.458891744,5.109e-09,1,0
-0.209890,-0.331645,0.537014985,-0.455387998,-0.655954719,-0.780006439,-0.717589052,0.0185547162,0.445815157,3.448e-09,1,0
-0.209890,-0.314190,0.536407306,-0.460022234,-0.65743919,-0.77543975,-0.718388192,0.00742719756,0.432767042,2.302e-09,1,0
-0.209890,-0.296735,0.53573375,-0.464528085,-0.65906179,-0.770982642,-0.719194133,-0.00379886831,0.419749051,1.520e-09,1,0
-0.209890,-0.279280,0.534990469,-0.468906455,-0.660818269,-0.766632239,-0.720002893,-0.015120083,0.406762847,9.918e-10,1,0
-0.209890,-0.261825,0.534173788,-0.473158262,-0.662704691,-0.762385961,-0.720810796,-0.0265331405,0.393810111,6.395e-10,1,0
-0.209890,-0.244370,0.533280191,-0.477284445,-0.664717428,-0.758241513,-0.721614467,-0.0380348238,0.38089254,4.075e-10,1,0
-0.209890,-0.226915,0.53230632,-0.481285972,-0.666853132,-0.754196869,-0.722410817,-0.049622003,0.368011854,2.565e-10,1,0
-0.209890,-0.209460,0.531244338,-0.485169329,-0.669109324,-0.750248772,-0.723196733,-0.0612916317,0.355169792,2.720e-05,1,0
-0.209890,-0.192005,0.530101486,-0.48892331,-0.671482329,-0.746399542,-0.723970869,-0.0730407443,0.342368119,2.101e-05,1,0
-0.209890,-0.174550,0.528868956,-0.492556018,-0.673969708,-0.742645252,-0.724729855,-0.0848664534,0.329608626,1.608e-05,1,0
-0.209890,-0.157095,0.527543994,-0.496068533,-0.676569193,-0.738984922,-0.725471744,-0.0967659468,0.31689313,1.219e-05,1,0
-0.209890,-0.139640,0.526123972,-0.499461996,-0.679278739,-0.73541778,-0.726194837,-0.108736484,0.304223482,9.912e-06,1,0
-0.209890,-0.122185,0.524606375,-0.502737614,-0.68209652,-0.73194325,-0.726897672,-0.120775396,0.291601561,8.310e-06,1,0
-0.209890,-0.104730,0.522988808,-0.505896668,-0.685020924,-0.728560957,-0.727579029,-0.132880079,0.279029281,7.003e-06,1,0
-0.209890,-0.087275,0.521268981,-0.508940507,-0.688050551,-0.72527072,-0.728237925,-0.145047992,0.266508595,5.956e-06,1,0
-0.209890,-0.069820,0.519444711,-0.51187056,-0.691184209,-0.722072553,-0.728873617,-0.157276658,0.254041491,5.134e-06,1,0
-0.209890,-0.052365,0.517513915,-0.514688337,-0.69442091,-0.718966662,-0.729485595,-0.169563658,0.241629999,4.512e-06,1,0
-0.209890,-0.034910,0.515474607,-0.517395432,-0.697759877,-0.715953441,-0.730073592,-0.181906628,0.229276189,4.067e-06,1,0
-0.209890,-0.017455,0.513324893,-0.519993525,-0.701200532,-0.713033478,-0.730637571,-0.194303258,0.216982179,3.783e-06,1,0
-0.209890,0.000000,0.511062969,-0.522484389,-0.704742507,-0.710207552,-0.731177739,-0.206751289,0.204750132,3.647e-06,1,0
-0.209890,0.017455,0.508687112,-0.524869891,-0.708385633,-0.707476631,-0.731694535,-0.219248509,0.192582259,3.654e-06,1,0
-0.209890,0.034910,0.506195679,-0.527151997,-0.712129953,-0.704841877,-0.73218864,-0.231792755,0.180480823,3.802e-06,1,0
-0.209890,0.052365,0.503587104,-0.529332773,-0.715975718,-0.702304648,-0.732660976,-0.244381903,0.16844814,4.096e-06,1,0
-0.209890,0.069820,0.50085989,-0.531414392,-0.719923389,-0.699866498,-0.733112707,-0.257013873,0.156486581,4.546e-06,1,0
-0.209890,0.087275,0.498012607,-0.533399136,-0.723973644,-0.697529181,-0.733545242,-0.269686624,0.144598577,5.170e-06,1,0
-0.209890,0.104730,0.495043887,-0.535289399,-0.728127378,-0.695294657,-0.733960236,-0.282398148,0.132786616,5.991e-06,1,0
-0.209890,0.122185,0.491952419,-0.537087692,-0.732385709,-0.693165093,-0.734359594,-0.295146474,0.121053249,7.041e-06,1,0
-0.209890,0.139640,0.488736946,-0.538796643,-0.736749987,-0.691142869,-0.734745475,-0.307929662,0.109401093,8.762e-06,1,0
-0.209890,0.157095,0.485396256,-0.54041901,-0.741221793,-0.689230582,-0.735120292,-0.320745799,0.0978328299,1.150e-05,1,0
-0.209890,0.174550,0.481929182,-0.541957674,-0.74580295,-0.687431059,-0.73548672,-0.333593003,0.0863512129,1.501e-05,1,0
-0.209890,0.192005,0.478334597,-0.543415651,-0.750495532,-0.685747353,-0.735847702,-0.346469413,0.0749590652,1.945e-05,1,0
-0.209890,0.209460,0.474611402,-0.544796093,-0.755301866,-0.684182761,-0.736206445,-0.359373194,0.0636592842,2.506e-05,1,0
-0.209890,0.226915,0.47075853,-0.546102293,-0.760224548,-0.682740829,-0.736566438,-0.372302529,0.0524548434,3.208e-05,1,0
-0.209890,0.244370,0.466774933,-0.547337687,-0.765266445,-0.681425357,-0.736931442,-0.38525562,0.0413487946,4.082e-05,1,0
-0.209890,0.261825,0.462648287,-0.548513511,-0.770439338,-0.680242289,-0.737309315,-0.398230686,0.0303442702,5.707e-10,1,0
-0.209890,0.279280,0.458397057,-0.549620252,-0.775732838,-0.679193926,-0.737698975,-0.41122596,0.0194444855,8.939e-10,1,0
-0.209890,0.296735,0.45401129,-0.550667898,-0.781156988,-0.678285763,-0.738107471,-0.424239686,0.00865274058,1.386e-09,1,0
-0.209890,0.314190,0.449489817,-0.551660612,-0.786716144,-0.677522943,-0.738539973,-0.437270118,-0.00202757726,2.128e-09,1,0
-0.209890,0.331645,0.444831438,-0.552602747,-0.792415058,-0.676910977,-0.739002021,-0.450315519,-0.0125929918,3.234e-09,1,0
-0.209890,0.349100,0.440034903,-0.553498849,-0.798258897,-0.676455757,-0.739499524,-0.463374155,-0.0230399357,4.865e-09,1,0
-0.192000,-0.349100,0.533370112,-0.452371122,-0.650234949,-0.780521748,-0.710454486,0.0491994327,0.442536012,4.579e-09,1,0
-0.192000,-0.331645,0.532975081,-0.456991888,-0.65158922,-0.775798302,-0.711252151,0.0380344567,0.429443816,3.057e-09,1,0
-0.192000,-0.314190,0.532517536,-0.461482913,-0.65308305,-0.771192671,-0.712060289,0.026770341,0.416376844,2.017e-09,1,0
-0.192000,-0.296735,0.531993496,-0.46584516,-0.654712015,-0.766701384,-0.712874572,0.0154106079,0.403336773,1.315e-09,1,0
-0.192000,-0.279280,0.531399154,-0.470079594,-0.656472031,-0.762321299,-0.713690999,0.00395868065,0.390325291,8.464e-10,1,0
-0.192000,-0.261825,0.530730877,-0.474187193,-0.658359327,-0.758049578,-0.714505879,-0.00758211346,0.377344099,5.379e-10,1,0
-0.192000,-0.244370,0.529985193,-0.478168945,-0.660370439,-0.753883678,-0.715315822,-0.01920854,0.364394919,3.374e-10,1,0
-0.192000,-0.226915,0.529153432,-0.482031796,-0.662501719,-0.749819711,-0.716116567,-0.0309174543,0.351479487,3.033e-05,1,0
-0.192000,-0.209460,0.528244349,-0.485763521,-0.664751773,-0.745859872,-0.716908424,-0.042705798,0.338599564,2.331e-05,1,0
-0.192000,-0.192005,0.5272481,-0.489372837,-0.667116684,-0.741999506,-0.717686614,-0.0545705963,0.325756932,1.773e-05,1,0
-0.192000,-0.174550,0.526161843,-0.492860804,-0.669594125,-0.738237198,-0.718448944,-0.0665089546,0.312953398,1.347e-05,1,0
-0.192000,-0.157095,0.52498286,-0.49622854,-0.672181993,-0.734571749,-0.719193466,-0.0785180555,0.300190797,1.110e-05,1,0
-0.192000,-0.139640,0.523708555,-0.499477215,-0.674878407,-0.731002167,-0.719918475,-0.0905951558,0.287470991,9.132e-06,1,0
-0.192000,-0.122185,0.522336446,-0.502608068,-0.677681707,-0.727527671,-0.720622511,-0.102737583,0.274795877,7.524e-06,1,0
-0.192000,-0.104730,0.520864167,-0.505622401,-0.680590449,-0.724147678,-0.721304355,-0.114942733,0.262167382,6.225e-06,1,0
-0.192000,-0.087275,0.519289455,-0.508521588,-0.683603399,-0.720861814,-0.721963024,-0.127208068,0.249587469,5.192e-06,1,0
-0.192000,-0.069820,0.51761015,-0.511307076,-0.68671953,-0.717669896,-0.722597777,-0.139531109,0.237058142,4.389e-06,1,0
-0.192000,-0.052365,0.515824194,-0.513980389,-0.689938026,-0.714571939,-0.723208109,-0.151909441,0.22458144,3.786e-06,1,0
-0.192000,-0.034910,0.513929618,-0.516543132,-0.693258277,-0.711568155,-0.723793752,-0.164340702,0.212159448,3.359e-06,1,0
-0.192000,-0.017455,0.511924545,-0.518996996,-0.696679876,-0.708658948,-0.724354673,-0.176822586,0.199794293,3.089e-06,1,0
-0.192000,0.000000,0.509807186,-0.521343759,-0.700202623,-0.705844919,-0.724891079,-0.189352836,0.18748815,2.964e-06,1,0
-0.192000,0.017455,0.50757583,-0.523585292,-0.703826527,-0.703126863,-0.725403418,-0.201929247,0.175243243,2.976e-06,1,0
-0.192000,0.034910,0.505228841,-0.525723559,-0.707551803,-0.700505768,-0.72589237,-0.214549656,0.163061846,3.123e-06,1,0
-0.192000,0.052365,0.502764658,-0.527760626,-0.711378879,-0.697982826,-0.72635886,-0.227211946,0.150946286,3.413e-06,1,0
-0.192000,0.069820,0.500181789,-0.529698659,-0.715308397,-0.695559424,-0.726804056,-0.239914039,0.138898949,3.855e-06,1,0
-0.192000,0.087275,0.497478802,-0.531539931,-0.719341214,-0.693237154,-0.727229368,-0.252653898,0.126922276,4.469e-06,1,0
-0.192000,0.104730,0.494654325,-0.533286827,-0.72347841,-0.691017811,-0.727636455,-0.265429519,0.115018772,5.280e-06,1,0
-0.192000,0.122185,0.49170704,-0.534941843,-0.72772129,-0.688903404,-0.728027222,-0.278238933,0.103191001,6.325e-06,1,0
-0.192000,0.139640,0.48863568,-0.536507595,-0.732071395,-0.686896158,-0.728403834,-0.291080201,0.0914415964,7.645e-06,1,0
-0.192000,0.157095,0.485439021,-0.537986819,-0.736530499,-0.684998513,-0.728768707,-0.303951415,0.0797732584,9.593e-06,1,0
-0.192000,0.174550,0.482115878,-0.539382378,-0.741100625,-0.683213142,-0.729124521,-0.316850692,0.0681887576,1.274e-05,1,0
-0.192000,0.192005,0.478665101,-0.540697266,-0.745784044,-0.681542946,-0.729474217,-0.329776172,0.0566909383,1.678e-05,1,0
-0.192000,0.209460,0.475085572,-0.541934611,-0.750583294,-0.679991073,-0.729821013,-0.34272602,0.0452827203,2.195e-05,1,0
-0.192000,0.226915,0.471376192,-0.543097678,-0.755501181,-0.678560913,-0.730168397,-0.355698419,0.0339671014,2.849e-05,1,0
-0.192000,0.244370,0.467535887,-0.544189881,-0.760540791,-0.677256124,-0.730520145,-0.368691569,0.0227471604,3.670e-05,1,0
-0.192000,0.261825,0.463563587,-0.545214777,-0.765705498,-0.676080627,-0.730880313,-0.381703686,0.0116260594,4.693e-05,1,0
-0.192000,0.279280,0.459445453,-0.546185209,-0.771009096,-0.675042845,-0.73125913,-0.394733,0.00060704588,7.893e-10,1,0
-0.192000,0.296735,0.455202398,-0.54708925,-0.776439396,-0.674141323,-0.731652394,-0.407777751,-0.0103065444,1.242e-09,1,0
-0.192000,0.314190,0.4508233,-0.547938181,-0.782008072,-0.673383503,-0.732069054,-0.420836188,-0.0211112852,1.932e-09,1,0
-0.192000,0.331645,0.446306907,-0.548736321,-0.787720119,-0.672774756,-0.732514661,-0.433906566,-0.0318036574,2.972e-09,1,0
-0.192000,0.349100,0.441651919,-0.549488186,-0.793580963,-0.672320844,-0.732995155,-0.446987146,-0.042380047,4.673e-09,1,0
-0.174110,-0.349100,0.529166315,-0.454121089,-0.64582892,-0.776333243,-0.704093934,0.0688892764,0.426144442,4.125e-09,1,0
-0.174110,-0.331645,0.528924834,-0.458599602,-0.647201923,-0.771571886,-0.704910076,0.0575820493,0.413036468,2.724e-09,1,0
-0.174110,-0.314190,0.52861999,-0.462947958,-0.648710974,-0.766933041,-0.705735558,0.046178767,0.399950507,1.776e-09,1,0
-0.174110,-0.296735,0.528247852,-0.467167183,-0.650351827,-0.762412973,-0.706566046,0.0346829739,0.386888255,1.143e-09,1,0
-0.174110,-0.279280,0.527804667,-0.471258297,-0.652120572,-0.75800828,-0.707397538,0.0230981111,0.37385142,7.256e-10,1,0
-0.174110,-0.261825,0.527286849,-0.475222327,-0.654013613,-0.753715872,-0.708226339,0.0114275201,0.360841722,4.541e-10,1,0
-0.174110,-0.244370,0.526690976,-0.479060311,-0.656027659,-0.749532968,-0.709049065,-0.000325553749,0.347860898,2.803e-10,1,0
-0.174110,-0.226915,0.526008932,-0.482778198,-0.658158797,-0.745456308,-0.709861395,-0.0121579578,0.334910703,2.619e-05,1,0
-0.174110,-0.209460,0.525248434,-0.48636606,-0.660406726,-0.741485891,-0.71066372,-0.0240666286,0.321992909,1.981e-05,1,0
-0.174110,-0.192005,0.524400269,-0.48983141,-0.662767213,-0.737618002,-0.711451277,-0.0360485883,0.309109313,1.545e-05,1,0
-0.174110,-0.174550,0.523461637,-0.493175343,-0.665238104,-0.733851005,-0.712221878,-0.0481009417,0.296261736,1.257e-05,1,0
-0.174110,-0.157095,0.522429863,-0.496399004,-0.667817467,-0.730183484,-0.712973582,-0.0602208725,0.283452022,1.019e-05,1,0
-0.174110,-0.139640,0.521302388,-0.499503596,-0.670503591,-0.726614239,-0.713704693,-0.0724056398,0.270682046,8.240e-06,1,0
-0.174110,-0.122185,0.520076773,-0.502490378,-0.67329499,-0.723142282,-0.714413758,-0.0846525756,0.257953714,6.658e-06,1,0
-0.174110,-0.104730,0.518750682,-0.505360676,-0.676190389,-0.719766835,-0.715099568,-0.096959081,0.245268963,5.391e-06,1,0
-0.174110,-0.087275,0.517321888,-0.508115878,-0.679188724,-0.716487324,-0.71576115,-0.109322623,0.232629766,4.395e-06,1,0
-0.174110,-0.069820,0.515788261,-0.510757446,-0.68228914,-0.713303376,-0.716397767,-0.121740732,0.220038132,3.628e-06,1,0
-0.174110,-0.052365,0.514147771,-0.513286915,-0.685490992,-0.710214824,-0.717008925,-0.134210999,0.207496111,3.059e-06,1,0
-0.174110,-0.034910,0.512398474,-0.515705899,-0.688793839,-0.70722169,-0.717594361,-0.14673107,0.195005794,2.660e-06,1,0
-0.174110,-0.017455,0.510538516,-0.518016091,-0.692197447,-0.704324204,-0.71815405,-0.159298648,0.182569316,2.411e-06,1,0
-0.174110,0.000000,0.508566126,-0.520219272,-0.695701791,-0.701522788,-0.718688206,-0.171911485,0.17018886,2.299e-06,1,0
-0.174110,0.017455,0.50647961,-0.522317309,-0.699307051,-0.698818063,-0.719197277,-0.184567383,0.157866655,2.315e-06,1,0
-0.174110,0.034910,0.504277348,-0.524312164,-0.70301362,-0.696210848,-0.719681952,-0.19726419,0.145604984,2.458e-06,1,0
-0.174110,0.052365,0.501957786,-0.526205894,-0.706822099,-0.693702165,-0.720143158,-0.209999796,0.133406183,2.735e-06,1,0
-0.174110,0.069820,0.499519443,-0.528000656,-0.710733313,-0.691293235,-0.720582067,-0.222772132,0.121272644,3.159e-06,1,0
-0.174110,0.087275,0.496960887,-0.529698709,-0.714748295,-0.688985483,-0.721000087,-0.235579167,0.109206818,3.750e-06,1,0
-0.174110,0.104730,0.494280752,-0.531302423,-0.718868312,-0.686780549,-0.721398882,-0.248418908,0.0972112174,4.537e-06,1,0
-0.174110,0.122185,0.491477717,-0.532814274,-0.723094852,-0.684680275,-0.721780357,-0.26128939,0.0852884192,5.558e-06,1,0
-0.174110,0.139640,0.488550507,-0.534236859,-0.727429642,-0.682686726,-0.722146674,-0.274188684,0.0734410667,6.859e-06,1,0
-0.174110,0.157095,0.485497893,-0.535572891,-0.731874651,-0.680802189,-0.722500251,-0.287114885,0.0616718727,8.499e-06,1,0
-0.174110,0.174550,0.482318675,-0.536825207,-0.736432094,-0.679029174,-0.722843763,-0.300066115,0.0499836221,1.069e-05,1,0
-0.174110,0.192005,0.479011691,-0.537996773,-0.741104445,-0.677370432,-0.723180157,-0.313040522,0.0383791745,1.436e-05,1,0
-0.174110,0.209460,0.4755758,-0.539090689,-0.745894439,-0.675828949,-0.72351264,-0.326036273,0.0268614673,1.910e-05,1,0
-0.174110,0.226915,0.472009884,-0.540110187,-0.750805091,-0.674407968,-0.723844704,-0.339051553,0.015433518,2.518e-05,1,0
-0.174110,0.244370,0.468312839,-0.541058647,-0.755839697,-0.673110988,-0.724180121,-0.352084565,0.00409842717,3.289e-05,1,0
-0.174110,0.261825,0.464483569,-0.541939593,-0.761001851,-0.671941776,-0.724522948,-0.365133528,-0.00714061864,4.257e-05,1,0
-0.174110,0.279280,0.460509715,-0.542765356,-0.766303919,-0.670909188,-0.724883418,-0.378196671,-0.0182803445,6.992e-10,1,0
-0.174110,0.296735,0.456409372,-0.543524886,-0.771736838,-0.670010563,-0.725257277,-0.391272234,-0.0293173841,1.117e-09,1,0
-0.174110,0.314190,0.452172671,-0.544228991,-0.777311204,-0.669253693,-0.725653522,-0.404358464,-0.0402482772,1.763e-09,1,0
-0.174110,0.331645,0.447798314,-0.544881955,-0.783032253,-0.668643805,-0.726077713,-0.417453616,-0.0510694672,2.828e-09,1,0
-0.174110,0.349100,0.443284953,-0.545488255,-0.788905652,-0.66818652,-0.726535798,-0.430555946,-0.0617772979,4.543e-09,1,0
-0.156220,-0.349100,0.524947563,-0.455877457,-0.641392986,-0.77212113,-0.697719709,0.0886507834,0.409716799,3.771e-09,1,0
-0.156220,-0.331645,0.524862573,-0.460214167,-0.642791088,-0.76732788,-0.69856325,0.0771984011,0.396592925,2.447e-09,1,0
-0.156220,-0.314190,0.524713172,-0.464420347,-0.644321355,-0.762661501,-0.699414483,0.065653245,0.383487887,1.577e-09,1,0
-0.156220,-0.296735,0.524495493,-0.468497076,-0.645979735,-0.758118003,-0.700269093,0.0540188734,0.370403395,1.002e-09,1,0
-0.156220,-0.279280,0.524205839,-0.47244543,-0.647762499,-0.753693732,-0.701123088,0.0422987378,0.357341175,6.268e-10,1,0
-0.156220,-0.261825,0.523840684,-0.476266479,-0.649666243,-0.749385365,-0.701972796,0.030496186,0.344302959,3.864e-10,1,0
-0.156220,-0.244370,0.523396661,-0.479961308,-0.651687854,-0.745189882,-0.702814851,0.0186144667,0.331290497,2.346e-10,1,0
-0.156220,-0.226915,0.522866156,-0.483534975,-0.653823246,-0.741104432,-0.703644833,0.00665673316,0.318305554,2.251e-05,1,0
-0.156220,-0.209460,0.522255991,-0.486979608,-0.656073055,-0.737127321,-0.704463359,-0.00537395325,0.305349916,1.792e-05,1,0
-0.156220,-0.192005,0.521557513,-0.490301634,-0.658432826,-0.733255508,-0.705265609,-0.017474619,0.292425387,1.444e-05,1,0
-0.156220,-0.174550,0.520767975,-0.493502179,-0.660900582,-0.729487141,-0.706049418,-0.029642375,0.279533796,1.156e-05,1,0
-0.156220,-0.157095,0.519884751,-0.496582416,-0.663474573,-0.725820592,-0.706812864,-0.0418744127,0.266676996,9.209e-06,1,0
-0.156220,-0.139640,0.518905331,-0.499543569,-0.666153266,-0.722254457,-0.707554269,-0.0541680007,0.253856869,7.299e-06,1,0
-0.156220,-0.122185,0.517827317,-0.502386919,-0.668935351,-0.718787551,-0.708272199,-0.0665204813,0.241075324,5.767e-06,1,0
-0.156220,-0.104730,0.516648418,-0.505113805,-0.671819727,-0.715418897,-0.708965459,-0.078929267,0.228334307,4.555e-06,1,0
-0.156220,-0.087275,0.515366443,-0.50772563,-0.674805506,-0.71214773,-0.709633093,-0.0913918374,0.215635793,3.614e-06,1,0
-0.156220,-0.069820,0.513979302,-0.510223866,-0.677892009,-0.70897349,-0.710274381,-0.103905736,0.202981796,2.899e-06,1,0
-0.156220,-0.052365,0.512484995,-0.512610052,-0.681078764,-0.705895824,-0.710888838,-0.116468565,0.190374371,2.374e-06,1,0
-0.156220,-0.034910,0.510881613,-0.514885806,-0.684365504,-0.702914577,-0.711476216,-0.129077988,0.17781561,2.012e-06,1,0
-0.156220,-0.017455,0.509167329,-0.51705282,-0.687752171,-0.700029798,-0.712036502,-0.141731718,0.165307653,1.790e-06,1,0
-0.156220,0.000000,0.507340396,-0.519112873,-0.691238911,-0.697241732,-0.712569913,-0.154427523,0.152852685,1.692e-06,1,0
-0.156220,0.017455,0.505399142,-0.521067826,-0.694826082,-0.69455083,-0.71307691,-0.167163219,0.140452938,1.711e-06,1,0
-0.156220,0.034910,0.503341968,-0.522919629,-0.698514253,-0.69195774,-0.713558185,-0.179936667,0.128110699,1.847e-06,1,0
-0.156220,0.052365,0.501167336,-0.524670329,-0.702304204,-0.689463315,-0.71401467,-0.19274577,0.115828305,2.105e-06,1,0
-0.156220,0.069820,0.498873773,-0.526322065,-0.706196932,-0.687068608,-0.714447537,-0.205588473,0.103608153,2.501e-06,1,0
-0.156220,0.087275,0.496459864,-0.527877082,-0.710193656,-0.684774883,-0.7148582,-0.218462758,0.0914526978,3.057e-06,1,0
-0.156220,0.104730,0.493924245,-0.529337725,-0.714295821,-0.682583609,-0.715248318,-0.231366642,0.0793644566,3.805e-06,1,0
-0.156220,0.122185,0.491265597,-0.530706449,-0.718505102,-0.68049647,-0.715619796,-0.244298175,0.0673460115,4.787e-06,1,0
-0.156220,0.139640,0.488482649,-0.531985825,-0.722823411,-0.678515368,-0.715974793,-0.257255435,0.0554000123,6.052e-06,1,0
-0.156220,0.157095,0.485574164,-0.533178536,-0.727252905,-0.676642428,-0.716315721,-0.27023653,0.0435291793,7.662e-06,1,0
-0.156220,0.174550,0.482538939,-0.53428739,-0.73179599,-0.674880001,-0.716645249,-0.283239592,0.0317363063,9.692e-06,1,0
-0.156220,0.192005,0.479375798,-0.535315318,-0.736455334,-0.673230673,-0.716966313,-0.296262776,0.0200242634,1.223e-05,1,0
-0.156220,0.209460,0.476083589,-0.536265384,-0.741233875,-0.671697276,-0.717282119,-0.309304256,0.00839600021,1.656e-05,1,0
-0.156220,0.226915,0.472661175,-0.537140786,-0.746134826,-0.67028289,-0.717596145,-0.322362227,-0.0031454515,2.220e-05,1,0
-0.156220,0.244370,0.469107431,-0.537944861,-0.751161692,-0.668990852,-0.717912152,-0.335434898,-0.0145969746,2.944e-05,1,0
-0.156220,0.261825,0.465421237,-0.538681094,-0.756318278,-0.667824773,-0.718234189,-0.348520491,-0.0259553634,3.862e-05,1,0
-0.156220,0.279280,0.461591592,-0.539361377,-0.761615782,-0.666793872,-0.718572582,-0.361617241,-0.0372173213,6.241e-10,1,0
-0.156220,0.296735,0.457634025,-0.539975386,-0.767047772,-0.665894392,-0.718922847,-0.374723392,-0.0483794568,1.013e-09,1,0
-0.156220,0.314190,0.453539805,-0.540533517,-0.772623987,-0.665134409,-0.719294091,-0.387837193,-0.0594382814,1.670e-09,1,0
-0.156220,0.331645,0.449307597,-0.54104001,-0.778349893,-0.664518998,-0.719691868,-0.4009569,-0.070390206,2.746e-09,1,0
-0.156220,0.349100,0.444936007,-0.541499299,-0.784231395,-0.664053628,-0.720122121,-0.41408077,-0.0812315384,4.446e-09,1,0
-0.138330,-0.349100,0.520711881,-0.457643372,-0.636925091,-0.767886054,-0.691331938,0.108485056,0.393252897,3.644e-09,1,0
-0.138330,-0.331645,0.520786521,-0.461838673,-0.638354831,-0.763066882,-0.692211895,0.096884453,0.380113047,2.265e-09,1,0
-0.138330,-0.314190,0.520795499,-0.465903113,-0.639912466,-0.75837861,-0.693097376,0.0851945685,0.366988887,1.415e-09,1,0
-0.138330,-0.296735,0.520735012,-0.469837822,-0.641594142,-0.753817001,-0.693984099,0.0734189662,0.353882142,8.875e-10,1,0
-0.138330,-0.279280,0.520601434,-0.473643919,-0.643396336,-0.749378161,-0.694868107,0.0615610987,0.340794544,5.476e-10,1,0
-0.138330,-0.261825,0.520391306,-0.477322521,-0.645315836,-0.745058534,-0.695745766,0.0496243121,0.327727839,3.324e-10,1,0
-0.138330,-0.244370,0.520095985,-0.480879113,-0.647347162,-0.740854588,-0.696611226,0.0376118498,0.314683784,2.607e-05,1,0
-0.138330,-0.226915,0.519724327,-0.484304894,-0.649493842,-0.736764568,-0.697467515,0.0255268573,0.301664151,2.102e-05,1,0
-0.138330,-0.209460,0.519266377,-0.487606871,-0.651749597,-0.732784636,-0.698308005,0.013372386,0.288670731,1.682e-05,1,0
-0.138330,-0.192005,0.518719323,-0.49078616,-0.654112409,-0.72891249,-0.699130311,0.00115139726,0.275705335,1.335e-05,1,0
-0.138330,-0.174550,0.518080476,-0.493843907,-0.656580489,-0.725146067,-0.699932294,-0.0111332334,0.262769795,1.051e-05,1,0
-0.138330,-0.157095,0.517347267,-0.496781311,-0.659152273,-0.721483536,-0.700712066,-0.0234787128,0.249865969,8.207e-06,1,0
-0.138330,-0.139640,0.516517239,-0.499599613,-0.661826415,-0.717923293,-0.701467978,-0.0358823259,0.23699574,6.360e-06,1,0
-0.138330,-0.122185,0.515588047,-0.502300108,-0.664601787,-0.714463953,-0.702198624,-0.0483414325,0.224161021,4.899e-06,1,0
-0.138330,-0.104730,0.514557447,-0.504884148,-0.667477471,-0.711104351,-0.702902834,-0.0608534634,0.211363756,3.759e-06,1,0
-0.138330,-0.087275,0.513423297,-0.507353145,-0.670452756,-0.707843533,-0.703579675,-0.0734159168,0.198605923,2.887e-06,1,0
-0.138330,-0.069820,0.512183546,-0.509708573,-0.673527145,-0.704680755,-0.704228447,-0.0860263552,0.185889535,2.235e-06,1,0
-0.138330,-0.052365,0.510836238,-0.511951976,-0.676700342,-0.701615478,-0.704848689,-0.0986824018,0.173216646,1.765e-06,1,0
-0.138330,-0.034910,0.5093795,-0.514084966,-0.679972259,-0.698647372,-0.705440165,-0.111381737,0.160589349,1.446e-06,1,0
-0.138330,-0.017455,0.507811538,-0.516109235,-0.683343014,-0.695776307,-0.706002876,-0.124122097,0.14800978,1.253e-06,1,0
-0.138330,0.000000,0.506130637,-0.518026549,-0.686812933,-0.693002356,-0.706537058,-0.136901267,0.135480123,1.172e-06,1,0
-0.138330,0.017455,0.504335153,-0.519838761,-0.69038255,-0.690325797,-0.707043176,-0.149717083,0.12300261,1.193e-06,1,0
-0.138330,0.034910,0.50242351,-0.521547806,-0.694052608,-0.687747105,-0.70752193,-0.162567423,0.110579524,1.316e-06,1,0
-0.138330,0.052365,0.500394194,-0.523155711,-0.697824068,-0.685266966,-0.707974258,-0.175450212,0.0982132027,1.550e-06,1,0
-0.138330,0.069820,0.498245751,-0.524664599,-0.701698105,-0.682886264,-0.708401334,-0.188363412,0.0859060404,1.910e-06,1,0
-0.138330,0.087275,0.495976778,-0.526076688,-0.705676118,-0.680606096,-0.708804573,-0.201305021,0.0736604914,2.421e-06,1,0
-0.138330,0.104730,0.493585923,-0.527394298,-0.709759732,-0.678427765,-0.709185631,-0.214273074,0.0614790726,3.119e-06,1,0
-0.138330,0.122185,0.491071878,-0.528619858,-0.713950806,-0.67635279,-0.709546409,-0.227265636,0.0493643662,4.048e-06,1,0
-0.138330,0.139640,0.488433374,-0.529755903,-0.718251434,-0.674382908,-0.709889055,-0.240280803,0.0373190233,5.263e-06,1,0
-0.138330,0.157095,0.485669177,-0.530805084,-0.722663961,-0.672520077,-0.710215977,-0.253316696,0.0253457664,6.830e-06,1,0
-0.138330,0.174550,0.482778082,-0.531770171,-0.727190981,-0.670766484,-0.710529829,-0.26637146,0.0134473928,8.829e-06,1,0
-0.138330,0.192005,0.479758909,-0.532654058,-0.731835358,-0.669124553,-0.710833538,-0.279443264,0.00162677772,1.135e-05,1,0
-0.138330,0.209460,0.476610495,-0.533459766,-0.736600218,-0.667596945,-0.71113029,-0.292530295,-0.0101131228,1.450e-05,1,0
-0.138330,0.226915,0.473331692,-0.534190449,-0.741488974,-0.666186576,-0.711423547,-0.305630758,-0.0217692684,1.960e-05,1,0
-0.138330,0.244370,0.469921359,-0.534849398,-0.746505336,-0.664896618,-0.711717052,-0.318742872,-0.0333385312,2.642e-05,1,0
-0.138330,0.261825,0.466378356,-0.535440051,-0.751653309,-0.663730511,-0.712014831,-0.331864869,-0.0448176924,3.515e-05,1,0
-0.138330,0.279280,0.462692905,-0.535973945,-0.756943177,-0.662697795,-0.712327389,-0.344994993,-0.0562034392,5.639e-10,1,0
-0.138330,0.296735,0.458878243,-0.536441313,-0.762370669,-0.661793692,-0.712649849,-0.358131494,-0.0674923614,9.588e-10,1,0
-0.138330,0.314190,0.454926654,-0.536852207,-0.767944875,-0.661026509,-0.712991479,-0.371272628,-0.0786809479,1.620e-09,1,0
-0.138330,0.331645,0.450836769,-0.537210817,-0.773671477,-0.66040116,-0.713357811,-0.384416657,-0.0897655836,2.690e-09,1,0
-0.138330,0.349100,0.446607159,-0.537521524,-0.779556614,-0.65992295,-0.713754773,-0.397561843,-0.100742546,4.390e-09,1,0
-0.120440,-0.349100,0.51645716,-0.459422051,-0.63242299,-0.76362855,-0.6849305,0.128393248,0.376752597,3.552e-09,1,0
-0.120440,-0.331645,0.516694789,-0.463476281,-0.633891109,-0.758789397,-0.685856021,0.116641184,0.363596741,2.193e-09,1,0
-0.120440,-0.314190,0.51686528,-0.467399361,-0.635482436,-0.754084849,-0.686784361,0.104803559,0.350453462,1.330e-09,1,0
-0.120440,-0.296735,0.516964912,-0.471192466,-0.637193336,-0.749510424,-0.68771129,0.0928839306,0.337324492,7.985e-10,1,0
-0.120440,-0.279280,0.516990137,-0.474856759,-0.639020503,-0.745062004,-0.688632913,0.0808857428,0.32421157,4.859e-10,1,0
-0.120440,-0.261825,0.516937573,-0.478393391,-0.64096094,-0.740735808,-0.689545649,0.0688123301,0.311116447,2.903e-10,1,0
-0.120440,-0.244370,0.51679901,-0.481807037,-0.643009101,-0.736528554,-0.690443537,0.0566669215,0.298040882,2.498e-05,1,0
-0.120440,-0.226915,0.51658262,-0.485090779,-0.645169305,-0.732437166,-0.691329991,0.0444526457,0.284986654,1.990e-05,1,0
-0.120440,-0.209460,0.516278921,-0.48825062,-0.647435153,-0.728458283,-0.692198271,0.032172535,0.271955553,1.569e-05,1,0
-0.120440,-0.192005,0.515885168,-0.491287696,-0.649804828,-0.724589396,-0.693046039,0.0198295304,0.258949393,1.225e-05,1,0
-0.120440,-0.174550,0.515398742,-0.494203178,-0.652276743,-0.720828239,-0.693871206,0.00742648516,0.245970006,9.465e-06,1,0
-0.120440,-0.157095,0.514817138,-0.49699828,-0.654849527,-0.717172778,-0.694671926,-0.00503383081,0.233019249,7.231e-06,1,0
-0.120440,-0.139640,0.514137962,-0.499674258,-0.657522029,-0.713621214,-0.695446588,-0.0175487268,0.220099003,5.465e-06,1,0
-0.120440,-0.122185,0.513358928,-0.502232418,-0.660293312,-0.710171973,-0.696193829,-0.0301155874,0.207211179,4.088e-06,1,0
-0.120440,-0.104730,0.512477848,-0.504674118,-0.663162645,-0.706823698,-0.696912511,-0.0427318691,0.194357718,3.033e-06,1,0
-0.120440,-0.087275,0.511492633,-0.507000772,-0.666129507,-0.703575253,-0.697601733,-0.0553950959,0.181540594,2.241e-06,1,0
-0.120440,-0.069820,0.510401283,-0.509213857,-0.669193582,-0.700425709,-0.698260826,-0.0681028563,0.168761817,1.661e-06,1,0
-0.120440,-0.052365,0.509201888,-0.511314912,-0.672354758,-0.697374349,-0.698889349,-0.0808527997,0.156023434,1.252e-06,1,0
-0.120440,-0.034910,0.507892617,-0.513305543,-0.675613127,-0.694420664,-0.699487092,-0.0936426328,0.143327532,9.793e-07,1,0
-0.120440,-0.017455,0.50647172,-0.515187431,-0.678968992,-0.69156435,-0.700054076,-0.106470117,0.130676244,8.188e-07,1,0
-0.120440,0.000000,0.504937516,-0.516962331,-0.682422853,-0.688805305,-0.700590549,-0.119333063,0.118071745,7.533e-07,1,0
-0.120440,0.017455,0.503288398,-0.518632077,-0.685975428,-0.686143634,-0.701096992,-0.132229331,0.105516262,7.745e-07,1,0
-0.120440,0.034910,0.501522819,-0.520198587,-0.689627639,-0.683579644,-0.701574113,-0.145156827,0.0930120722,8.825e-07,1,0
-0.120440,0.052365,0.49963929,-0.521663865,-0.693380621,-0.681113845,-0.702022853,-0.158113496,0.0805615055,1.086e-06,1,0
-0.120440,0.069820,0.497636384,-0.523030007,-0.697235734,-0.678746958,-0.702444393,-0.171097325,0.0681669505,1.404e-06,1,0
-0.120440,0.087275,0.495512718,-0.524299203,-0.701194555,-0.676479907,-0.702840143,-0.184106334,0.0558308553,1.864e-06,1,0
-0.120440,0.104730,0.493266956,-0.525473743,-0.705258888,-0.674313827,-0.703211757,-0.197138581,0.0435557311,2.504e-06,1,0
-0.120440,0.122185,0.490897805,-0.526556018,-0.709430774,-0.67225007,-0.703561127,-0.210192151,0.0313441552,3.371e-06,1,0
-0.120440,0.139640,0.488404006,-0.527548528,-0.713712493,-0.6702902,-0.703890394,-0.22326516,0.0191987745,4.526e-06,1,0
-0.120440,0.157095,0.485784329,-0.528453885,-0.718106569,-0.66843601,-0.704201946,-0.236355748,0.0071223079,6.041e-06,1,0
-0.120440,0.174550,0.483037578,-0.529274815,-0.722615788,-0.666689517,-0.704498427,-0.24946208,-0.00488244942,8.000e-06,1,0
-0.120440,0.192005,0.480162569,-0.530014165,-0.727243196,-0.66505297,-0.704782738,-0.26258234,-0.0168126233,1.050e-05,1,0
-0.120440,0.209460,0.477158137,-0.530674909,-0.731992116,-0.663528863,-0.705058046,-0.275714733,-0.028665257,1.366e-05,1,0
-0.120440,0.226915,0.474023126,-0.531260152,-0.736866153,-0.662119935,-0.705327786,-0.288857478,-0.0404373077,1.760e-05,1,0
-0.120440,0.244370,0.470756384,-0.531773133,-0.741869211,-0.660829184,-0.705595672,-0.30200881,-0.052125643,2.386e-05,1,0
-0.120440,0.261825,0.467356759,-0.532217233,-0.747005501,-0.659659874,-0.705865701,-0.315166973,-0.0637270374,3.221e-05,1,0
-0.120440,0.279280,0.463815547,-0.532603724,-0.752284613,-0.658621843,-0.706148636,-0.328330223,-0.0752381686,5.342e-10,1,0
-0.120440,0.296735,0.460143985,-0.532923215,-0.75770401,-0.657709322,-0.706439045,-0.341496823,-0.0866556139,9.314e-10,1,0
-0.120440,0.314190,0.456335242,-0.533185488,-0.763272314,-0.656930818,-0.706746405,-0.354665039,-0.0979758466,1.591e-09,1,0
-0.120440,0.331645,0.452387924,-0.533394674,-0.76899543,-0.656291069,-0.707076221,-0.367833141,-0.109195232,2.666e-09,1,0
-0.120440,0.349100,0.448300567,-0.533555096,-0.774879711,-0.655795208,-0.707434382,-0.3809994,-0.120310024,4.385e-09,1,0
-0.102550,-0.349100,0.512181147,-0.461216794,-0.627884241,-0.759349049,-0.678515024,0.148376567,0.360215809,3.501e-09,1,0
-0.102550,-0.331645,0.512585355,-0.465130234,-0.629397702,-0.754495837,-0.679495418,0.136469618,0.347043967,2.145e-09,1,0
-0.102550,-0.314190,0.512920716,-0.468912277,-0.631029247,-0.74978061,-0.680475369,0.124481071,0.333881618,1.290e-09,1,0
-0.102550,-0.296735,0.513183601,-0.472564139,-0.632775479,-0.74519866,-0.681450731,0.112414467,0.320730497,7.611e-10,1,0
-0.102550,-0.279280,0.513370553,-0.476087019,-0.634633325,-0.740745644,-0.682417689,0.100273232,0.307592347,4.396e-10,1,0
-0.102550,-0.261825,0.513478274,-0.479482103,-0.636600012,-0.736417568,-0.683372735,0.0880606774,0.294468918,2.586e-10,1,0
-0.102550,-0.244370,0.513498923,-0.482753376,-0.638669993,-0.732211245,-0.684309781,0.075780007,0.281361971,2.390e-05,1,0
-0.102550,-0.226915,0.513440165,-0.485895524,-0.640848303,-0.728122646,-0.685232733,0.0634343228,0.268273282,1.879e-05,1,0
-0.102550,-0.209460,0.513292903,-0.488913685,-0.643128478,-0.724148689,-0.686134698,0.0510266283,0.255204643,1.460e-05,1,0
-0.102550,-0.192005,0.51305448,-0.491809017,-0.645508916,-0.720286664,-0.687013405,0.0385598345,0.24215786,1.120e-05,1,0
-0.102550,-0.174550,0.512722347,-0.494582706,-0.647988238,-0.716534102,-0.687866822,0.0260367633,0.229134765,8.474e-06,1,0
-0.102550,-0.157095,0.512294075,-0.497235978,-0.650565282,-0.712888778,-0.688693161,0.0134601527,0.216137208,6.321e-06,1,0
-0.102550,-0.139640,0.511767341,-0.4997701,-0.653239099,-0.709348701,-0.689490868,0.000832660523,0.203167065,4.644e-06,1,0
-0.102550,-0.122185,0.511139925,-0.502186381,-0.656008948,-0.705912108,-0.690258622,-0.011843131,0.190226241,3.361e-06,1,0
-0.102550,-0.104730,0.510409704,-0.504486185,-0.658874299,-0.70257746,-0.690995334,-0.0245647115,0.177316669,2.398e-06,1,0
-0.102550,-0.087275,0.509574649,-0.506670922,-0.661834821,-0.699343433,-0.691700143,-0.0373296387,0.164440315,1.691e-06,1,0
-0.102550,-0.069820,0.508632818,-0.508742063,-0.664890388,-0.696208923,-0.692372414,-0.0501355343,0.15159918,1.188e-06,1,0
-0.102550,-0.052365,0.507582354,-0.510701141,-0.668041079,-0.693173033,-0.693011741,-0.062980081,0.138795301,8.417e-07,1,0
-0.102550,-0.034910,0.506421478,-0.512549752,-0.671287175,-0.690235079,-0.693617944,-0.0758610182,0.126030756,6.181e-07,1,0
-0.102550,-0.017455,0.505148484,-0.514289559,-0.674629154,-0.687394579,-0.69419106,-0.0887761391,0.113307667,4.902e-07,1,0
-0.102550,0.000000,0.503761741,-0.515922299,-0.678067712,-0.684651262,-0.694731365,-0.101723287,0.100628199,4.403e-07,1,0
-0.102550,0.017455,0.502259673,-0.517449787,-0.681603738,-0.682005055,-0.695239345,-0.114700354,0.0879945667,4.600e-07,1,0
-0.102550,0.034910,0.500640776,-0.518873914,-0.68523834,-0.679456097,-0.695715727,-0.127705274,0.0754090353,5.501e-07,1,0
-0.102550,0.052365,0.498903596,-0.520196657,-0.688972838,-0.677004727,-0.69616146,-0.140736024,0.0628739243,7.211e-07,1,0
-0.102550,0.069820,0.49704673,-0.521420082,-0.692808767,-0.67465149,-0.696577721,-0.153790618,0.0503916103,9.931e-07,1,0
-0.102550,0.087275,0.495068823,-0.522546343,-0.696747884,-0.672397143,-0.696965921,-0.166867105,0.03796453,1.397e-06,1,0
-0.102550,0.104730,0.492968565,-0.523577693,-0.700792176,-0.670242648,-0.697327707,-0.17996357,0.0255951836,1.973e-06,1,0
-0.102550,0.122185,0.490744678,-0.524516483,-0.704943863,-0.668189183,-0.697664961,-0.193078123,0.0132861376,2.775e-06,1,0
-0.102550,0.139640,0.488395921,-0.52536517,-0.709205405,-0.666238142,-0.69797981,-0.206208904,0.00104002858,3.867e-06,1,0
-0.102550,0.157095,0.485921079,-0.526126319,-0.713579516,-0.66439114,-0.698274624,-0.21935408,-0.0111404336,5.326e-06,1,0
-0.102550,0.174550,0.483318959,-0.526802606,-0.718069158,-0.66265002,-0.698552022,-0.232511836,-0.0232524623,7.242e-06,1,0
-0.102550,0.192005,0.480588386,-0.52739683,-0.722677566,-0.661016854,-0.69881488,-0.245680379,-0.0352931905,9.721e-06,1,0
-0.102550,0.209460,0.477728195,-0.527911907,-0.727408249,-0.659493955,-0.699066333,-0.258857935,-0.0472596674,1.288e-05,1,0
-0.102550,0.226915,0.474737231,-0.528350884,-0.732265004,-0.658083884,-0.699309783,-0.272042742,-0.0591488542,1.686e-05,1,0
-0.102550,0.244370,0.471614336,-0.528716943,-0.737251924,-0.656789453,-0.699548905,-0.285233052,-0.0709576208,2.182e-05,1,0
-0.102550,0.261825,0.468358347,-0.529013401,-0.742373418,-0.655613742,-0.699787655,-0.29842713,-0.0826827418,2.985e-05,1,0
-0.102550,0.279280,0.464968091,-0.529243723,-0.747634216,-0.654560105,-0.700030278,-0.311623246,-0.0943208924,4.020e-05,1,0
-0.102550,0.296735,0.46143329,-0.529421624,-0.753046267,-0.653642122,-0.700291213,-0.324819678,-0.105868645,9.194e-10,1,0
-0.102550,0.314190,0.45776768,-0.529533764,-0.758604751,-0.652848125,-0.700559601,-0.338014707,-0.117322463,1.587e-09,1,0
-0.102550,0.331645,0.453963239,-0.529591852,-0.764320157,-0.652189456,-0.700847765,-0.351206616,-0.128678702,2.682e-09,1,0
-0.102550,0.349100,0.450018476,-0.529600143,-0.770199057,-0.651671057,-0.701161547,-0.364393688,-0.139933599,4.445e-09,1,0
-0.084660,-0.349100,0.50788143,-0.463030993,-0.623306178,-0.755047866,-0.672084869,0.168436288,0.343642496,3.500e-09,1,0
-0.084660,-0.331645,0.508456063,-0.466803863,-0.624872206,-0.750186516,-0.673129642,0.156370827,0.330454734,2.129e-09,1,0
-0.084660,-0.314190,0.508959888,-0.470445131,-0.626550724,-0.745466209,-0.674170136,0.144227994,0.317273411,1.270e-09,1,0
-0.084660,-0.296735,0.509389383,-0.473956051,-0.628338598,-0.740882024,-0.675202318,0.132011302,0.30410026,7.412e-10,1,0
-0.084660,-0.279280,0.509741191,-0.477337852,-0.630233002,-0.736429403,-0.676222468,0.119724145,0.290937022,4.227e-10,1,0
-0.084660,-0.261825,0.510012118,-0.480591748,-0.632231412,-0.732104144,-0.677227184,0.107369799,0.277785444,2.362e-10,1,0
-0.084660,-0.244370,0.510194615,-0.48372116,-0.634328315,-0.727903036,-0.678210237,0.0949514319,0.264647285,2.291e-05,1,0
-0.084660,-0.226915,0.51029603,-0.486722096,-0.63652944,-0.723821395,-0.679176127,0.0824721071,0.251524314,1.777e-05,1,0
-0.084660,-0.209460,0.510307568,-0.489598974,-0.638828284,-0.719856256,-0.680117768,0.0699347889,0.238418316,1.359e-05,1,0
-0.084660,-0.192005,0.510226658,-0.492352969,-0.641223475,-0.716004709,-0.681032972,0.0573423476,0.225331094,1.024e-05,1,0
-0.084660,-0.174550,0.510050843,-0.494985276,-0.643713855,-0.712264094,-0.681919782,0.044697564,0.212264468,7.579e-06,1,0
-0.084660,-0.157095,0.509777774,-0.497497131,-0.64629848,-0.708631995,-0.68277648,0.0320031342,0.19922028,5.508e-06,1,0
-0.084660,-0.139640,0.509405208,-0.499889802,-0.648976615,-0.705106236,-0.68360158,0.0192616742,0.186200399,3.923e-06,1,0
-0.084660,-0.122185,0.508931,-0.502164602,-0.651747727,-0.701684868,-0.68439382,0.00647572424,0.173206715,2.734e-06,1,0
-0.084660,-0.104730,0.508353102,-0.504322888,-0.654611491,-0.698366169,-0.685152166,-0.00635224741,0.160241152,1.864e-06,1,0
-0.084660,-0.087275,0.507669551,-0.506366068,-0.657567778,-0.695148638,-0.685875807,-0.01921984,0.147305662,1.244e-06,1,0
-0.084660,-0.069820,0.506878472,-0.508295603,-0.660616659,-0.692030992,-0.686564155,-0.0321247166,0.134402234,8.161e-07,1,0
-0.084660,-0.052365,0.505978068,-0.510113011,-0.663758408,-0.689012158,-0.687216841,-0.0450646003,0.12153289,5.336e-07,1,0
-0.084660,-0.034910,0.504966619,-0.511819871,-0.666993497,-0.686091274,-0.687833717,-0.0580372708,0.108699694,3.582e-07,1,0
-0.084660,-0.017455,0.503842472,-0.513417828,-0.670322597,-0.683267687,-0.688414852,-0.0710405605,0.0959047512,2.618e-07,1,0
-0.084660,0.000000,0.502604045,-0.514908595,-0.673746586,-0.680540949,-0.688960542,-0.0840723516,0.0831502123,2.262e-07,1,0
-0.084660,0.017455,0.501249815,-0.516293959,-0.677266545,-0.677910818,-0.689471297,-0.0971305726,0.0704382751,2.430e-07,1,0
-0.084660,0.034910,0.499778314,-0.517575782,-0.680883762,-0.675377255,-0.689947852,-0.110213195,0.0577711883,3.138e-07,1,0
-0.084660,0.052365,0.498188129,-0.518756008,-0.684599738,-0.672940429,-0.690391161,-0.12331823,0.0451512546,4.504e-07,1,0
-0.084660,0.069820,0.496477895,-0.519836665,-0.688416194,-0.670600711,-0.690802407,-0.136443728,0.0325808334,6.754e-07,1,0
-0.084660,0.087275,0.494646288,-0.520819867,-0.692335066,-0.668358681,-0.691182998,-0.149587771,0.0200623444,1.022e-06,1,0
-0.084660,0.104730,0.492692026,-0.521707826,-0.696358523,-0.666215128,-0.691534572,-0.162748474,0.00759827084,1.536e-06,1,0
-0.084660,0.122185,0.490613858,-0.522502844,-0.700488964,-0.664171051,-0.691858997,-0.175923981,-0.00480883742,2.273e-06,1,0
-0.084660,0.139640,0.488410563,-0.52320733,-0.704729032,-0.662227668,-0.692158383,-0.189112462,-0.0171563601,3.304e-06,1,0
-0.084660,0.157095,0.486080944,-0.523823794,-0.709081618,-0.660386413,-0.692435075,-0.202312109,-0.0294416029,4.711e-06,1,0
-0.084660,0.174550,0.483623823,-0.52435486,-0.713549871,-0.658648946,-0.692691664,-0.215521138,-0.0416617943,6.591e-06,1,0
-0.084660,0.192005,0.481038036,-0.524803264,-0.718137205,-0.657017156,-0.692930991,-0.228737781,-0.0538140811,9.055e-06,1,0
-0.084660,0.209460,0.478322424,-0.525171864,-0.722847314,-0.655493169,-0.693156153,-0.241960289,-0.0658955251,1.223e-05,1,0
-0.084660,0.226915,0.475475838,-0.525463642,-0.72768418,-0.654079355,-0.693370509,-0.255186925,-0.0779030988,1.627e-05,1,0
-0.084660,0.244370,0.472497119,-0.52568171,-0.732652087,-0.652778334,-0.693577684,-0.268415963,-0.0898336817,2.132e-05,1,0
-0.084660,0.261825,0.469385102,-0.525829318,-0.737755629,-0.65159299,-0.693781581,-0.281645689,-0.101684056,2.812e-05,1,0
-0.084660,0.279280,0.466138606,-0.525909856,-0.742999731,-0.650526475,-0.693986386,-0.294874394,-0.113450902,3.828e-05,1,0
-0.084660,0.296735,0.462748287,-0.525937061,-0.748395909,-0.649592907,-0.69420715,-0.308100375,-0.125130794,9.268e-10,1,0
-0.084660,0.314190,0.459226166,-0.525897418,-0.753940604,-0.648779189,-0.694431797,-0.321321931,-0.136720198,1.615e-09,1,0
-0.084660,0.331645,0.455564982,-0.525802589,-0.75964404,-0.648097006,-0.694673104,-0.334537363,-0.148215462,2.750e-09,1,0
-0.084660,0.349100,0.451763228,-0.525656753,-0.765512994,-0.647551099,-0.69493685,-0.347744969,-0.159612816,4.586e-09,1,0
-0.066770,-0.349100,0.503555426,-0.464868142,-0.618685907,-0.750725208,-0.66563912,0.188573757,0.327032669,3.563e-09,1,0
-0.066770,-0.331645,0.5043046,-0.468500598,-0.620312009,-0.745861646,-0.666758006,0.176345939,0.313829106,2.153e-09,1,0
-0.066770,-0.314190,0.504980742,-0.472001293,-0.622044516,-0.741141872,-0.667868188,0.164045261,0.300628953,1.274e-09,1,0
-0.066770,-0.296735,0.505580444,-0.47537151,-0.623880567,-0.736560757,-0.668965762,0.151675192,0.287433939,7.364e-10,1,0
-0.066770,-0.279280,0.506100468,-0.478612505,-0.625817617,-0.732113539,-0.670047142,0.139239079,0.2742458,4.150e-10,1,0
-0.066770,-0.261825,0.506531728,-0.481728186,-0.627848198,-0.727796191,-0.671104036,0.12674015,0.261066276,2.843e-05,1,0
-0.066770,-0.244370,0.506884903,-0.484713504,-0.629982456,-0.723604254,-0.672145076,0.114181523,0.247897117,2.209e-05,1,0
-0.066770,-0.226915,0.507149225,-0.487573549,-0.632211249,-0.719533765,-0.673160473,0.101566212,0.234740084,1.691e-05,1,0
-0.066770,-0.209460,0.507322102,-0.490309483,-0.634533229,-0.715581357,-0.674147898,0.088897129,0.221596953,1.273e-05,1,0
-0.066770,-0.192005,0.507401065,-0.492922484,-0.636947268,-0.711743932,-0.675105258,0.0761770921,0.208469514,9.414e-06,1,0
-0.066770,-0.174550,0.507383751,-0.495413759,-0.639452444,-0.708018644,-0.676030694,0.0634088301,0.195359576,6.815e-06,1,0
-0.066770,-0.157095,0.507267909,-0.497784544,-0.642048047,-0.704402889,-0.676922574,0.0505949868,0.182268969,4.819e-06,1,0
-0.066770,-0.139640,0.507051382,-0.500036107,-0.644733564,-0.700894308,-0.677779489,0.0377381262,0.169199544,3.318e-06,1,0
-0.066770,-0.122185,0.506732114,-0.502169758,-0.647508686,-0.697490773,-0.678600253,0.0248407367,0.15615318,2.218e-06,1,0
-0.066770,-0.104730,0.506308133,-0.504186844,-0.650373297,-0.694190383,-0.679383897,0.0119052356,0.143131782,1.435e-06,1,0
-0.066770,-0.087275,0.505777557,-0.506088763,-0.65332748,-0.690991461,-0.680129669,-0.00106602688,0.130137288,8.960e-07,1,0
-0.066770,-0.069820,0.505138583,-0.507876961,-0.656371515,-0.687892543,-0.680837035,-0.0140707635,0.117171665,5.403e-07,1,0
-0.066770,-0.052365,0.504389484,-0.509552937,-0.659505874,-0.684892385,-0.681505672,-0.0271067463,0.10423692,3.173e-07,1,0
-0.066770,-0.034910,0.503528606,-0.511118248,-0.66273123,-0.681989949,-0.682135473,-0.0401718024,0.0913350955,1.868e-07,1,0
-0.066770,-0.017455,0.502554357,-0.512574515,-0.666048449,-0.679184408,-0.682726544,-0.0532638111,0.0784682776,1.195e-07,1,0
-0.066770,0.000000,0.501465211,-0.513923422,-0.6694586,-0.67647514,-0.683279203,-0.0663807002,0.0656385951,9.639e-08,1,0
-0.066770,0.017455,0.500259698,-0.515166723,-0.672962952,-0.673861728,-0.683793983,-0.0795204423,0.0528482246,1.092e-07,1,0
-0.066770,0.034910,0.498936403,-0.516306245,-0.676562983,-0.671343958,-0.684271633,-0.0926810523,0.0400993929,1.605e-07,1,0
-0.066770,0.052365,0.497493958,-0.517343892,-0.680260381,-0.668921824,-0.684713119,-0.105860584,0.0273943802,2.638e-07,1,0
-0.066770,0.069820,0.495931038,-0.51828165,-0.684057045,-0.666595519,-0.685119622,-0.119057126,0.0147355231,4.440e-07,1,0
-0.066770,0.087275,0.494246361,-0.519121588,-0.687955101,-0.664365446,-0.685492549,-0.132268801,0.00212521851,7.379e-07,1,0
-0.066770,0.104730,0.492438677,-0.519865867,-0.691956894,-0.662232213,-0.685833525,-0.145493762,-0.0104340736,1.194e-06,1,0
-0.066770,0.122185,0.490506767,-0.520516737,-0.696065006,-0.660196641,-0.686144405,-0.158730189,-0.0229398262,1.874e-06,1,0
-0.066770,0.139640,0.488449437,-0.521076549,-0.70028226,-0.658259759,-0.686427272,-0.171976287,-0.0353894418,2.853e-06,1,0
-0.066770,0.157095,0.486265514,-0.521547757,-0.704611724,-0.656422818,-0.686684444,-0.185230282,-0.0477802486,4.220e-06,1,0
-0.066770,0.174550,0.48395384,-0.52193292,-0.70905673,-0.654687287,-0.686918476,-0.198490423,-0.0601094967,6.077e-06,1,0
-0.066770,0.192005,0.481513268,-0.522234708,-0.713620871,-0.653054864,-0.687132169,-0.211754972,-0.0723743542,8.545e-06,1,0
-0.066770,0.209460,0.478942654,-0.52245591,-0.718308023,-0.651527478,-0.687328571,-0.225022209,-0.084571903,1.176e-05,1,0
-0.066770,0.226915,0.476240854,-0.522599436,-0.723122348,-0.6501073,-0.687510987,-0.238290426,-0.0966991344,1.587e-05,1,0
-0.066770,0.244370,0.473406719,-0.522668323,-0.728068313,-0.648796745,-0.687682983,-0.251557925,-0.108752945,2.106e-05,1,0
-0.066770,0.261825,0.470439086,-0.522665742,-0.7331507,-0.647598491,-0.687848396,-0.264823017,-0.120730134,2.750e-05,1,0
-0.066770,0.279280,0.467336772,-0.522595003,-0.738374615,-0.646515476,-0.68801134,-0.278084018,-0.132627393,3.716e-05,1,0
-0.066770,0.296735,0.464091192,-0.522470031,-0.743751382,-0.645562484,-0.688187671,-0.291339247,-0.14444131,9.589e-10,1,0
-0.066770,0.314190,0.460712991,-0.522276813,-0.749278272,-0.644724741,-0.688363732,-0.304587026,-0.156168357,1.684e-09,1,0
-0.066770,0.331645,0.457195523,-0.522027095,-0.754965424,-0.644014361,-0.688552889,-0.317825677,-0.167804889,2.884e-09,1,0
-0.066770,0.349100,0.453537263,-0.521724972,-0.76081981,-0.643435873,-0.688760838,-0.331053518,-0.179347138,4.830e-09,1,0
-0.048880,-0.349100,0.499200365,-0.466731845,-0.614020273,-0.746381158,-0.659176562,0.208790398,0.310386396,3.706e-09,1,0
-0.048880,-0.331645,0.500128495,-0.470223981,-0.615714284,-0.741521335,-0.660379571,0.196396146,0.297167197,2.228e-09,1,0
-0.048880,-0.314190,0.500981079,-0.47358424,-0.617508079,-0.736807734,-0.661568828,0.183933853,0.283948408,1.310e-09,1,0
-0.048880,-0.296735,0.501754847,-0.47681393,-0.619399108,-0.732235023,-0.662740595,0.171406927,0.270731747,7.513e-10,1,0
-0.048880,-0.279280,0.502446687,-0.479914327,-0.621385114,-0.727798248,-0.663891437,0.158818654,0.257518941,4.191e-10,1,0
-0.048880,-0.261825,0.503047612,-0.482888886,-0.623458568,-0.723493237,-0.665012759,0.146172197,0.24431172,2.798e-05,1,0
-0.048880,-0.244370,0.503568523,-0.485733622,-0.625630714,-0.719315181,-0.666114356,0.133470613,0.231111821,2.152e-05,1,0
-0.048880,-0.226915,0.50399869,-0.488453036,-0.627892186,-0.715260065,-0.66718598,0.120716848,0.217920993,1.628e-05,1,0
-0.048880,-0.209460,0.504335639,-0.491048295,-0.630241909,-0.71132434,-0.66822543,0.107913751,0.204740997,1.208e-05,1,0
-0.048880,-0.192005,0.504577014,-0.493520586,-0.632679011,-0.707504716,-0.669230733,0.0950640747,0.191573608,8.774e-06,1,0
-0.048880,-0.174550,0.504720562,-0.495871114,-0.635202828,-0.703798168,-0.670200141,0.0821704842,0.178420619,6.215e-06,1,0
-0.048880,-0.157095,0.504764133,-0.498101114,-0.637812891,-0.700201913,-0.671132124,0.0692355593,0.165283843,4.276e-06,1,0
-0.048880,-0.139640,0.504705673,-0.500211848,-0.640508928,-0.696713412,-0.672025366,0.0562618009,0.152165112,2.844e-06,1,0
-0.048880,-0.122185,0.504543219,-0.502204616,-0.643290859,-0.693330359,-0.67287877,0.0432516351,0.139066286,1.818e-06,1,0
-0.048880,-0.104730,0.504274892,-0.504080753,-0.646158798,-0.690050678,-0.673691444,0.0302074181,0.12598925,1.109e-06,1,0
-0.048880,-0.087275,0.503898895,-0.505841639,-0.649113046,-0.686872515,-0.674462708,0.0171314401,0.112935918,6.412e-07,1,0
-0.048880,-0.069820,0.503413508,-0.507488701,-0.652154098,-0.683794233,-0.67519209,0.00402592958,0.099908238,3.483e-07,1,0
-0.048880,-0.052365,0.502817082,-0.509023413,-0.655282636,-0.680814413,-0.675879321,-0.00910694288,0.0869081906,1.773e-07,1,0
-0.048880,-0.034910,0.502108034,-0.510447307,-0.658499537,-0.677931844,-0.676524341,-0.0222650607,0.0739377953,8.589e-08,1,0
-0.048880,-0.017455,0.501284844,-0.511761972,-0.661805871,-0.675145522,-0.677127295,-0.0354463576,0.060999112,4.341e-08,1,0
-0.048880,0.000000,0.50034605,-0.512969058,-0.665202903,-0.672454652,-0.677688535,-0.0486488144,0.0480942438,3.036e-08,1,0
-0.048880,0.017455,0.499290245,-0.51407028,-0.668692098,-0.66985864,-0.678208618,-0.0618704556,0.0352253403,3.871e-08,1,0
-0.048880,0.034910,0.498116067,-0.515067425,-0.672275126,-0.667357095,-0.67868831,-0.0751093457,0.0223946006,7.202e-08,1,0
-0.048880,0.052365,0.496822204,-0.515962352,-0.675953862,-0.664949833,-0.679128586,-0.0883635868,0.00960427664,1.457e-07,1,0
-0.048880,0.069820,0.495407379,-0.516756996,-0.679730392,-0.662636867,-0.679530629,-0.101631315,-0.00314332352,2.872e-07,1,0
-0.048880,0.087275,0.493870353,-0.517453375,-0.683607023,-0.660418417,-0.679895838,-0.114910698,-0.0158458323,5.365e-07,1,0
-0.048880,0.104730,0.49220992,-0.518053595,-0.687586288,-0.658294908,-0.680225832,-0.128199933,-0.0285008191,9.465e-07,1,0
-0.048880,0.122185,0.490424896,-0.518559845,-0.691670947,-0.65626697,-0.68052244,-0.14149724,-0.0411057867,1.584e-06,1,0
-0.048880,0.139640,0.488514121,-0.518974416,-0.695864002,-0.654335447,-0.68078772,-0.154800866,-0.053658167,2.528e-06,1,0
-0.048880,0.157095,0.486476453,-0.519299692,-0.700168703,-0.65250139,-0.681023954,-0.168109076,-0.0661553181,3.875e-06,1,0
-0.048880,0.174550,0.484310759,-0.519538163,-0.704588556,-0.650766076,-0.681233656,-0.181420156,-0.0785945191,5.735e-06,1,0
-0.048880,0.192005,0.482015915,-0.519692427,-0.709127336,-0.649130999,-0.681419578,-0.194732403,-0.0909729669,8.235e-06,1,0
-0.048880,0.209460,0.479590796,-0.519765193,-0.713789093,-0.647597882,-0.681584709,-0.208044134,-0.103287771,1.152e-05,1,0
-0.048880,0.226915,0.477034274,-0.519759293,-0.718578171,-0.646168686,-0.681732292,-0.221353671,-0.115535951,1.575e-05,1,0
-0.048880,0.244370,0.474345211,-0.51967768,-0.723499214,-0.644845614,-0.681865822,-0.234659348,-0.127714429,2.110e-05,1,0
-0.048880,0.261825,0.471522452,-0.519523436,-0.72855718,-0.643631119,-0.681989053,-0.247959507,-0.139820028,2.779e-05,1,0
-0.048880,0.279280,0.468564822,-0.519299784,-0.73375736,-0.642527915,-0.682106017,-0.261252492,-0.151849463,3.694e-05,1,0
-0.048880,0.296735,0.465464323,-0.519021036,-0.73911111,-0.641551639,-0.682233614,-0.274536649,-0.163799342,1.024e-09,1,0
-0.048880,0.314190,0.46223055,-0.518672293,-0.744616115,-0.640685482,-0.68235615,-0.287810328,-0.175666155,1.806e-09,1,0
-0.048880,0.331645,0.458857329,-0.518265552,-0.750282607,-0.639942125,-0.682487764,-0.301071873,-0.187446273,3.104e-09,1,0
-0.048880,0.349100,0.455343129,-0.51780481,-0.756117747,-0.63932586,-0.682634044,-0.314319628,-0.199135939,5.211e-09,1,0
-0.030990,-0.349100,0.494813268,-0.468625835,-0.609305849,-0.742015681,-0.652695667,0.22908773,0.293703795,3.954e-09,1,0
-0.030990,-0.331645,0.49592509,-0.471977673,-0.611075959,-0.737165586,-0.653993119,0.216522712,0.280469181,2.371e-09,1,0
-0.030990,-0.314190,0.496958546,-0.475197567,-0.612938666,-0.732463835,-0.655271125,0.203894804,0.267231998,1.389e-09,1,0
-0.030990,-0.296735,0.497910514,-0.478286839,-0.614891754,-0.727904905,-0.656526139,0.191207337,0.253993957,7.922e-10,1,0
-0.030990,-0.279280,0.498778036,-0.481246783,-0.616933292,-0.723483652,-0.657754917,0.178463515,0.240756767,4.389e-10,1,0
-0.030990,-0.261825,0.499552077,-0.484080509,-0.619055589,-0.719195675,-0.658948438,0.165666424,0.227522145,2.792e-05,1,0
-0.030990,-0.244370,0.500244119,-0.486784835,-0.621271272,-0.715036046,-0.66011801,0.152819037,0.214291813,2.130e-05,1,0
-0.030990,-0.226915,0.50084329,-0.48936381,-0.62357062,-0.711000572,-0.66125276,0.139924221,0.201067502,1.595e-05,1,0
-0.030990,-0.209460,0.501347253,-0.491818604,-0.625952851,-0.707085518,-0.662350639,0.126984746,0.187850955,1.170e-05,1,0
-0.030990,-0.192005,0.501753774,-0.494150401,-0.628417373,-0.703287422,-0.663409815,0.114003286,0.174643928,8.365e-06,1,0
-0.030990,-0.174550,0.502060726,-0.496360403,-0.630963791,-0.699603076,-0.66442867,0.100982428,0.161448194,5.812e-06,1,0
-0.030990,-0.157095,0.502266072,-0.498449837,-0.633591898,-0.696029522,-0.665405792,0.0879246758,0.148265543,3.902e-06,1,0
-0.030990,-0.139640,0.502367871,-0.500419955,-0.636301675,-0.692564048,-0.666339982,0.0748324545,0.135097787,2.513e-06,1,0
-0.030990,-0.122185,0.502364264,-0.50227204,-0.639093289,-0.689204173,-0.667230237,0.061708117,0.12194676,1.539e-06,1,0
-0.030990,-0.104730,0.502253474,-0.50400741,-0.641967089,-0.685947648,-0.668075759,0.0485539473,0.108814322,8.853e-07,1,0
-0.030990,-0.087275,0.502033802,-0.505627422,-0.644923611,-0.682792444,-0.668875949,0.0353721654,0.0957023616,4.705e-07,1,0
-0.030990,-0.069820,0.501703619,-0.507133478,-0.647963572,-0.679736753,-0.669630409,0.0221649311,0.0826127982,2.260e-07,1,0
-0.030990,-0.052365,0.501261361,-0.508527025,-0.651087876,-0.67677898,-0.670338933,0.00893434828,0.0695475851,9.545e-08,1,0
-0.030990,-0.034910,0.500705529,-0.509809559,-0.654297613,-0.67391774,-0.671001516,-0.00431753145,0.056508712,3.451e-08,1,0
-0.030990,-0.017455,0.50003468,-0.510982634,-0.657594062,-0.671151857,-0.67161835,-0.0175887049,0.043498208,1.112e-08,1,0
-0.030990,0.000000,0.499247425,-0.51204786,-0.66097869,-0.668480354,-0.672189819,-0.0308772141,0.0305181446,5.359e-09,1,0
-0.030990,0.017455,0.498342424,-0.513006908,-0.664453165,-0.665902465,-0.672716513,-0.0441811426,0.0175706389,9.537e-09,1,0
-0.030990,0.034910,0.497318384,-0.513861518,-0.66801935,-0.663417616,-0.673199214,-0.0574986123,0.00465785661,2.836e-08,1,0
-0.030990,0.052365,0.496174047,-0.514613496,-0.671679314,-0.661025442,-0.673638908,-0.0708277808,-0.00821798466,7.916e-08,1,0
-0.030990,0.069820,0.494908194,-0.515264725,-0.675435333,-0.65872577,-0.674036782,-0.0841668376,-0.0210546119,1.922e-07,1,0
-0.030990,0.087275,0.49351964,-0.515817161,-0.6792899,-0.656518636,-0.674394229,-0.0975140021,-0.0338496932,4.109e-07,1,0
-0.030990,0.104730,0.492007225,-0.516272848,-0.683245733,-0.654404272,-0.674712851,-0.11086752,-0.0466008342,7.924e-07,1,0
-0.030990,0.122185,0.490369807,-0.516633911,-0.68730577,-0.652383117,-0.674994451,-0.124225662,-0.0593055742,1.408e-06,1,0
-0.030990,0.139640,0.48860627,-0.516902568,-0.691473197,-0.650455813,-0.675241059,-0.137586718,-0.0719613824,2.345e-06,1,0
-0.030990,0.157095,0.486715503,-0.517081129,-0.69575144,-0.648623216,-0.675454915,-0.150949,-0.0845656538,3.703e-06,1,0
-0.030990,0.174550,0.484696409,-0.517172008,-0.700144183,-0.64688639,-0.675638484,-0.164310833,-0.0971157048,5.601e-06,1,0
-0.030990,0.192005,0.482547892,-0.517177719,-0.704655377,-0.645246621,-0.675794458,-0.177670559,-0.109608769,8.173e-06,1,0
-0.030990,0.209460,0.480268851,-0.51710089,-0.709289247,-0.643705416,-0.675925761,-0.191026531,-0.122041994,1.157e-05,1,0
-0.030990,0.226915,0.477858181,-0.516944259,-0.71405031,-0.642264514,-0.676035561,-0.20437711,-0.134412433,1.597e-05,1,0
-0.030990,0.244370,0.475314761,-0.516710688,-0.718943384,-0.640925886,-0.676127265,-0.217720666,-0.146717044,2.155e-05,1,0
-0.030990,0.261825,0.472637453,-0.516403165,-0.723973603,-0.639691751,-0.67620454,-0.231055574,-0.158952685,2.854e-05,1,0
-0.030990,0.279280,0.469825091,-0.516024809,-0.729146433,-0.638564583,-0.676271312,-0.244380212,-0.171116103,3.770e-05,1,0
-0.030990,0.296735,0.466870099,-0.515590567,-0.734473481,-0.637561152,-0.676345837,-0.257692958,-0.183203937,1.132e-09,1,0
-0.030990,0.314190,0.463781345,-0.515084186,-0.739952452,-0.636662093,-0.676409809,-0.27099219,-0.195212706,1.999e-09,1,0
-0.030990,0.331645,0.460552987,-0.514518113,-0.745593838,-0.635880857,-0.676478362,-0.284276283,-0.207138806,3.438e-09,1,0
-0.030990,0.349100,0.457183491,-0.513896237,-0.751404978,-0.635221483,-0.676556966,-0.297543607,-0.218978504,5.770e-09,1,0
-0.013100,-0.349100,0.490390935,-0.470553977,-0.604538896,-0.737628609,-0.646194565,0.249467373,0.276985042,4.344e-09,1,0
-0.013100,-0.331645,0.491691534,-0.473765474,-0.606393703,-0.732794288,-0.647597148,0.236726979,0.263735283,2.605e-09,1,0
-0.013100,-0.314190,0.492910612,-0.476845,-0.608333307,-0.728110119,-0.648973901,0.22392921,0.250480005,1.524e-09,1,0
-0.013100,-0.296735,0.494045224,-0.479793897,-0.610355859,-0.723570398,-0.650321516,0.211077296,0.237220899,8.686e-10,1,0
-0.013100,-0.279280,0.495092573,-0.482613461,-0.612459784,-0.719169804,-0.651636965,0.198174341,0.223959659,4.802e-10,1,0
-0.013100,-0.261825,0.496043419,-0.485306562,-0.614637096,-0.714903624,-0.652910654,0.185223331,0.210697983,2.837e-05,1,0
-0.013100,-0.244370,0.496910234,-0.487870585,-0.616902197,-0.710767026,-0.654155845,0.172227139,0.197437573,2.152e-05,1,0
-0.013100,-0.226915,0.497681808,-0.490309247,-0.619244827,-0.706755513,-0.655360827,0.159188538,0.184180139,1.601e-05,1,0
-0.013100,-0.209460,0.498355947,-0.492623716,-0.621664512,-0.702865181,-0.656523725,0.146110199,0.170927403,1.164e-05,1,0
-0.013100,-0.192005,0.498930561,-0.49481517,-0.624160964,-0.69909239,-0.657642872,0.132994702,0.157681098,8.239e-06,1,0
-0.013100,-0.174550,0.499403655,-0.4968848,-0.626734077,-0.695433763,-0.658716799,0.119844543,0.14444297,5.648e-06,1,0
-0.013100,-0.157095,0.499773324,-0.498833819,-0.629383925,-0.69188617,-0.659744238,0.106662135,0.131214786,3.726e-06,1,0
-0.013100,-0.139640,0.500037748,-0.500663464,-0.632110759,-0.688446726,-0.660724113,0.0934498139,0.117998329,2.344e-06,1,0
-0.013100,-0.122185,0.500195187,-0.502374997,-0.634915003,-0.685112781,-0.661655539,0.0802098474,0.104795405,1.389e-06,1,0
-0.013100,-0.104730,0.500243978,-0.503969712,-0.637797263,-0.681881912,-0.662537823,0.0669444356,0.091607845,7.621e-07,1,0
-0.013100,-0.087275,0.500182527,-0.505448939,-0.640758317,-0.678751922,-0.663370463,0.0536557166,0.078437506,3.769e-07,1,0
-0.013100,-0.069820,0.500009307,-0.506814047,-0.643799119,-0.67572083,-0.664153141,0.0403457713,0.0652862755,1.612e-07,1,0
-0.013100,-0.052365,0.499722851,-0.50806645,-0.646920802,-0.672786866,-0.664885726,0.0270166266,0.052156073,5.543e-08,1,0
-0.013100,-0.034910,0.499321749,-0.509207607,-0.650124678,-0.66994847,-0.665568273,0.0136702597,0.0390488535,1.339e-08,1,0
-0.013100,-0.017455,0.498804648,-0.510239026,-0.653412245,-0.667204291,-0.666201029,0.000308601633,0.02596661,1.753e-09,1,0
-0.013100,0.000000,0.498167129,-0.511159391,-0.656785391,-0.664554341,-0.666781149,-0.0130664592,0.012911377,3.202e-05,1,0
-0.013100,0.017455,0.497417257,-0.51197897,-0.660245359,-0.661994172,-0.667319064,-0.0264530737,-0.000114767039,1.441e-09,1,0
-0.013100,0.034910,0.496544481,-0.512690801,-0.663794844,-0.65952653,-0.667805769,-0.0398494291,-0.0131096959,1.149e-08,1,0
-0.013100,0.052365,0.495550725,-0.513299515,-0.667435902,-0.657149694,-0.668245532,-0.0532537454,-0.0260712325,4.973e-08,1,0
-0.013100,0.069820,0.49443483,-0.513806934,-0.671171002,-0.654863305,-0.668639542,-0.0666642728,-0.0389971454,1.493e-07,1,0
-0.013100,0.087275,0.493195669,-0.514214948,-0.675002827,-0.652667204,-0.668989182,-0.080079289,-0.0518851453,3.574e-07,1,0
-0.013100,0.104730,0.491832136,-0.514525531,-0.678934278,-0.650561429,-0.669296037,-0.0934970958,-0.0647328812,7.356e-07,1,0
-0.013100,0.122185,0.490343144,-0.514740734,-0.682968482,-0.648546215,-0.669561887,-0.106916017,-0.0775379366,1.361e-06,1,0
-0.013100,0.139640,0.488727618,-0.514862696,-0.687108799,-0.646622003,-0.66978872,-0.120334396,-0.0902978253,2.325e-06,1,0
-0.013100,0.157095,0.486984494,-0.514893649,-0.691358837,-0.644789433,-0.66997873,-0.133750593,-0.103009988,3.736e-06,1,0
-0.013100,0.174550,0.485112711,-0.514835917,-0.695722454,-0.643049357,-0.670134324,-0.147162983,-0.115671786,5.720e-06,1,0
-0.013100,0.192005,0.483111208,-0.514691926,-0.700203774,-0.641402835,-0.670258128,-0.160569952,-0.128280499,8.419e-06,1,0
-0.013100,0.209460,0.480978918,-0.514464207,-0.704807198,-0.639851149,-0.67035299,-0.173969897,-0.14083332,1.199e-05,1,0
-0.013100,0.226915,0.478714761,-0.514155403,-0.709537409,-0.638395799,-0.670421985,-0.187361223,-0.153327349,1.663e-05,1,0
-0.013100,0.244370,0.476317643,-0.513768273,-0.7143994,-0.637038515,-0.67046843,-0.200742339,-0.165759589,2.252e-05,1,0
-0.013100,0.261825,0.473786444,-0.513305696,-0.71939847,-0.635781267,-0.670495878,-0.214111659,-0.17812694,2.989e-05,1,0
-0.013100,0.279280,0.471115828,-0.512780224,-0.724544131,-0.634637369,-0.670519611,-0.227467598,-0.190426196,7.166e-10,1,0
-0.013100,0.296735,0.468311061,-0.51217911,-0.729836841,-0.633591796,-0.67052523,-0.240808571,-0.202654035,1.301e-09,1,0
-0.013100,0.314190,0.465367998,-0.511512806,-0.735285551,-0.632655231,-0.670525474,-0.254132989,-0.214807018,2.291e-09,1,0
-0.013100,0.331645,0.462285199,-0.510784906,-0.740897299,-0.63183108,-0.670525314,-0.26743926,-0.226881579,3.928e-09,1,0
-0.013100,0.349100,0.459061137,-0.509999184,-0.746679601,-0.63112311,-0.67053008,-0.280725785,-0.238874021,6.571e-09,1,0
0.004790,-0.349100,0.485929915,-0.472520291,-0.599715352,-0.733219643,-0.639671031,0.269931061,0.26023037,4.926e-09,1,0
0.004790,-0.331645,0.487424757,-0.475591322,-0.601663898,-0.728407208,-0.641189835,0.257010382,0.246965793,2.963e-09,1,0
0.004790,-0.314190,0.488834564,-0.478530411,-0.603688782,-0.723746422,-0.642675708,0.244038237,0.233692768,1.740e-09,1,0
0.004790,-0.296735,0.490156586,-0.481338899,-0.605788562,-0.719231409,-0.644125612,0.231017731,0.220412966,9.945e-10,1,0
0.004790,-0.279280,0.491388216,-0.484018088,-0.60796205,-0.714856679,-0.645536777,0.217951844,0.207128062,5.516e-10,1,0
0.004790,-0.261825,0.492519794,-0.486570688,-0.610200759,-0.710617141,-0.646898812,0.20484344,0.193839729,2.946e-05,1,0
0.004790,-0.244370,0.493565303,-0.488994445,-0.612521425,-0.70650824,-0.648227528,0.191695276,0.180549648,2.230e-05,1,0
0.004790,-0.226915,0.494512931,-0.491292852,-0.61491297,-0.702525077,-0.649510082,0.178510004,0.167259503,1.655e-05,1,0
0.004790,-0.209460,0.495360651,-0.493467068,-0.617375259,-0.698663579,-0.650744804,0.165290184,0.153970989,1.200e-05,1,0
0.004790,-0.192005,0.496106527,-0.495518258,-0.619908327,-0.694919939,-0.651930212,0.152038283,0.140685812,8.458e-06,1,0
0.004790,-0.174550,0.496748714,-0.497447601,-0.622512382,-0.691290612,-0.653065014,0.138756689,0.127405692,5.770e-06,1,0
0.004790,-0.157095,0.497285452,-0.499256287,-0.625187796,-0.687772303,-0.654148098,0.125447708,0.114132363,3.783e-06,1,0
0.004790,-0.139640,0.497715057,-0.500945532,-0.627935109,-0.684361958,-0.655178538,0.112113576,0.100867576,2.360e-06,1,0
0.004790,-0.122185,0.49803592,-0.502516572,-0.630755026,-0.681056758,-0.656155583,0.098756458,0.0876131065,1.383e-06,1,0
0.004790,-0.104730,0.498246502,-0.50397067,-0.633648418,-0.677854114,-0.657078659,0.0853784589,0.0743707494,7.469e-07,1,0
0.004790,-0.087275,0.498345327,-0.505309126,-0.636616319,-0.674751655,-0.65794737,0.071981623,0.0611423265,3.605e-07,1,0
0.004790,-0.069820,0.498330981,-0.506533271,-0.639659935,-0.671747227,-0.658761494,0.0585679403,0.0479296877,1.480e-07,1,0
0.004790,-0.052365,0.498202103,-0.507644476,-0.64278064,-0.668838892,-0.659520985,0.0451393502,0.0347347142,4.708e-08,1,0
0.004790,-0.034910,0.497957387,-0.508644157,-0.64597998,-0.666024913,-0.660225968,0.0316977452,0.0215593204,9.472e-09,1,0
0.004790,-0.017455,0.497595572,-0.509533775,-0.649259675,-0.663303758,-0.660876745,0.0182449747,0.00840545791,6.655e-10,1,0
0.004790,0.000000,0.497114974,-0.510314406,-0.652621604,-0.660674197,-0.661473242,0.00478284809,-0.00472488204,4.343e-06,1,0
0.004790,0.017455,0.496515815,-0.510988922,-0.656067921,-0.658134793,-0.662017773,-0.00868686159,-0.0178296653,7.610e-10,1,0
0.004790,0.034910,0.495795553,-0.511557642,-0.65960083,-0.655684911,-0.662509508,-0.0221624147,-0.0309068116,1.028e-08,1,0
0.004790,0.052365,0.494953543,-0.512022685,-0.663222821,-0.653323702,-0.66295001,-0.0356421019,-0.043954191,5.017e-08,1,0
0.004790,0.069820,0.493988699,-0.512385803,-0.666936561,-0.651050616,-0.663340472,-0.0491242413,-0.0569696208,1.566e-07,1,0
0.004790,0.087275,0.492899959,-0.512648816,-0.670744924,-0.648865294,-0.663682268,-0.0626071756,-0.0699508611,3.806e-07,1,0
0.004790,0.104730,0.49168628,-0.512813618,-0.674651003,-0.646767568,-0.663976961,-0.0760892698,-0.0828956121,7.886e-07,1,0
0.004790,0.122185,0.49034663,-0.512882181,-0.678658105,-0.644757469,-0.664226301,-0.089568908,-0.0958015091,1.463e-06,1,0
0.004790,0.139640,0.488879991,-0.512856556,-0.682769778,-0.642835218,-0.664432232,-0.103044491,-0.108666119,2.501e-06,1,0
0.004790,0.157095,0.487285345,-0.512738885,-0.686989801,-0.641001239,-0.664596895,-0.116514436,-0.121486936,4.019e-06,1,0
0.004790,0.174550,0.485561679,-0.512531398,-0.69132221,-0.639256154,-0.66472263,-0.129977169,-0.134261377,6.150e-06,1,0
0.004790,0.192005,0.483707971,-0.512236422,-0.695771302,-0.63760079,-0.664811986,-0.143431129,-0.146986776,9.044e-06,1,0
0.004790,0.209460,0.481723195,-0.511856384,-0.700341646,-0.636036185,-0.664867726,-0.156874762,-0.159660383,1.287e-05,1,0
0.004790,0.226915,0.479606305,-0.511393818,-0.705038097,-0.634563591,-0.664892824,-0.17030652,-0.172279352,1.782e-05,1,0
0.004790,0.244370,0.477356235,-0.510851371,-0.709865807,-0.633184479,-0.664890479,-0.183724858,-0.184840743,2.411e-05,1,0
0.004790,0.261825,0.474971897,-0.510231804,-0.714830247,-0.631900552,-0.664864131,-0.197128232,-0.197341512,3.197e-05,1,0
0.004790,0.279280,0.472448054,-0.509548668,-0.719941513,-0.630726574,-0.664830782,-0.210515099,-0.209778507,8.636e-10,1,0
0.004790,0.296735,0.469789863,-0.508787149,-0.725199486,-0.629644339,-0.664772707,-0.223883914,-0.222148463,1.556e-09,1,0
0.004790,0.314190,0.466993254,-0.507958449,-0.730613614,-0.628665536,-0.664703922,-0.237233126,-0.234447992,2.720e-09,1,0
0.004790,0.331645,0.464056802,-0.507066032,-0.736191102,-0.627793281,-0.664629243,-0.250561181,-0.24667358,4.632e-09,1,0
0.004790,0.349100,0.460978991,-0.506113539,-0.74193963,-0.62703105,-0.664553833,-0.263866513,-0.25882158,7.701e-09,1,0
0.022680,-0.349100,0.481426488,-0.474528956,-0.594830788,-0.728788334,-0.633122441,0.290480659,0.24344007,5.772e-09,1,0
0.022680,-0.331645,0.483121451,-0.477459325,-0.596882613,-0.724003986,-0.634769026,0.277374457,0.230161056,3.495e-09,1,0
0.022680,-0.314190,0.484727478,-0.480257825,-0.599001609,-0.71937247,-0.636374813,0.264223128,0.216870688,2.068e-09,1,0
0.022680,-0.296735,0.486242035,-0.4829258,-0.601186778,-0.714887749,-0.637937079,0.251029625,0.203570615,1.192e-09,1,0
0.022680,-0.279280,0.487662727,-0.485464543,-0.603437355,-0.71054417,-0.639453347,0.237796776,0.190262485,6.671e-10,1,0
0.022680,-0.261825,0.488987284,-0.487875318,-0.605752799,-0.70633645,-0.640921381,0.224527301,0.176947947,3.614e-10,1,0
0.022680,-0.244370,0.490207637,-0.49016013,-0.608126743,-0.702259747,-0.642332575,0.211223814,0.163628653,2.377e-05,1,0
0.022680,-0.226915,0.491335249,-0.492318267,-0.610573096,-0.698309401,-0.643700312,0.197888828,0.150306259,1.768e-05,1,0
0.022680,-0.209460,0.492360209,-0.494352231,-0.613083361,-0.694480928,-0.645013903,0.184524769,0.136982431,1.286e-05,1,0
0.022680,-0.192005,0.493280757,-0.496263169,-0.615657928,-0.690770363,-0.646272082,0.171133975,0.123658843,9.101e-06,1,0
0.022680,-0.174550,0.494095216,-0.498052235,-0.618297341,-0.687173996,-0.647473757,0.157718704,0.110337181,6.244e-06,1,0
0.022680,-0.157095,0.494801982,-0.499720599,-0.621002294,-0.683688371,-0.648617999,0.144281142,0.0970191437,4.125e-06,1,0
0.022680,-0.139640,0.495399525,-0.501269444,-0.623773635,-0.680310267,-0.649704046,0.130823405,0.0837064495,2.602e-06,1,0
0.022680,-0.122185,0.495886377,-0.502699976,-0.626612366,-0.677036702,-0.650731298,0.117347545,0.0704008332,1.551e-06,1,0
0.022680,-0.104730,0.49626114,-0.504013424,-0.629519642,-0.673864917,-0.651699322,0.103855555,0.057104052,8.595e-07,1,0
0.022680,-0.087275,0.496522467,-0.505211045,-0.632496775,-0.670792375,-0.652607842,0.0903493734,0.0438178866,4.335e-07,1,0
0.022680,-0.069820,0.496669067,-0.506294131,-0.635545229,-0.667816752,-0.653456743,0.0768308863,0.0305441446,1.928e-07,1,0
0.022680,-0.052365,0.4966997,-0.507264004,-0.638666636,-0.664935931,-0.654246073,0.0633019341,0.0172846627,7.223e-08,1,0
0.022680,-0.034910,0.496613169,-0.50812203,-0.641862784,-0.662148,-0.654976037,0.0497643137,0.00404131004,2.155e-08,1,0
0.022680,-0.017455,0.496408318,-0.508869615,-0.645135631,-0.65945125,-0.655647006,0.0362197823,-0.00918400948,5.098e-09,1,0
0.022680,0.000000,0.496084033,-0.509508212,-0.648487309,-0.656844165,-0.656259512,0.0226700607,-0.0223893537,1.968e-09,1,0
0.022680,0.017455,0.495639228,-0.510039323,-0.651920122,-0.654325426,-0.656814246,0.00911683663,-0.0355727394,6.045e-09,1,0
0.022680,0.034910,0.495072851,-0.510464506,-0.655436558,-0.6518939,-0.65731207,-0.00443823217,-0.0487321386,2.615e-08,1,0
0.022680,0.052365,0.494383873,-0.510785374,-0.659039292,-0.649548649,-0.657754008,-0.0179935152,-0.0618654756,8.623e-08,1,0
0.022680,0.069820,0.49357129,-0.511003602,-0.662731194,-0.647288919,-0.658141254,-0.0315474062,-0.0749706233,2.256e-07,1,0
0.022680,0.087275,0.492634111,-0.51112093,-0.666515337,-0.645114146,-0.658475173,-0.0450983208,-0.0880453994,4.994e-07,1,0
0.022680,0.104730,0.491571364,-0.511139166,-0.670395,-0.643023951,-0.658757302,-0.0586446934,-0.101087563,9.787e-07,1,0
0.022680,0.122185,0.490382082,-0.511060193,-0.674373682,-0.641018146,-0.658989357,-0.0721849754,-0.114094809,1.751e-06,1,0
0.022680,0.139640,0.489065305,-0.510885969,-0.67845511,-0.63909673,-0.659173234,-0.0857176321,-0.127064767,2.922e-06,1,0
0.022680,0.157095,0.487620076,-0.510618534,-0.682643244,-0.637259893,-0.65931101,-0.0992411411,-0.139994994,4.613e-06,1,0
0.022680,0.174550,0.486045431,-0.510260016,-0.686942294,-0.635508017,-0.659404954,-0.112753989,-0.152882971,6.966e-06,1,0
0.022680,0.192005,0.484340399,-0.509812633,-0.691356727,-0.633841684,-0.659457527,-0.126254672,-0.165726098,1.014e-05,1,0
0.022680,0.209460,0.482503995,-0.509278698,-0.695891281,-0.632261674,-0.659471389,-0.139741689,-0.17852169,1.431e-05,1,0
0.022680,0.226915,0.480535217,-0.508660625,-0.700550974,-0.630768972,-0.659449402,-0.153213544,-0.191266969,1.969e-05,1,0
0.022680,0.244370,0.478433038,-0.50796094,-0.705341122,-0.629364775,-0.65939464,-0.166668743,-0.203959063,2.648e-05,1,0
0.022680,0.261825,0.476196403,-0.507182273,-0.710267353,-0.628050498,-0.659310398,-0.18010579,-0.216594996,3.495e-05,1,0
0.022680,0.279280,0.473820076,-0.506339549,-0.715340537,-0.626842874,-0.659215943,-0.193523189,-0.229171684,1.088e-09,1,0
0.022680,0.296735,0.471309297,-0.505415174,-0.72055965,-0.625719554,-0.659089224,-0.206919437,-0.241685929,1.935e-09,1,0
0.022680,0.314190,0.468659996,-0.504421406,-0.725934774,-0.62469363,-0.658945953,-0.220293027,-0.254134411,3.345e-09,1,0
0.022680,0.331645,0.46587077,-0.503361567,-0.731473273,-0.623767916,-0.658790773,-0.233642444,-0.266513684,5.638e-09,1,0
0.022680,0.349100,0.46294012,-0.502239155,-0.737182981,-0.62294556,-0.65862865,-0.246966164,-0.278820165,9.288e-09,1,0
0.040570,-0.349100,0.476876637,-0.476584337,-0.589880378,-0.724334086,-0.626545752,0.311118177,0.226614495,6.990e-09,1,0
0.040570,-0.331645,0.478778051,-0.479373763,-0.592045576,-0.719584127,-0.628332201,0.297820856,0.213321482,4.276e-09,1,0
0.040570,-0.314190,0.480586202,-0.482031445,-0.594268009,-0.714987868,-0.630069171,0.284485218,0.200014232,2.559e-09,1,0
0.040570,-0.296735,0.482298806,-0.484558717,-0.596547169,-0.710539121,-0.631754301,0.271114028,0.186694367,1.494e-09,1,0
0.040570,-0.279280,0.483913702,-0.486956867,-0.598882757,-0.706232081,-0.633385452,0.257709938,0.173363506,8.485e-10,1,0
0.040570,-0.261825,0.485428849,-0.489227143,-0.601274681,-0.702061311,-0.634960708,0.244275492,0.160023269,4.675e-10,1,0
0.040570,-0.244370,0.486835413,-0.491371514,-0.603715772,-0.698021543,-0.636470339,0.230813136,0.146675276,2.609e-05,1,0
0.040570,-0.226915,0.488147232,-0.493389294,-0.606223109,-0.694108573,-0.63793117,0.217325222,0.133321151,1.954e-05,1,0
0.040570,-0.209460,0.489353373,-0.495282933,-0.608786981,-0.690317408,-0.639330953,0.203814017,0.119962526,1.434e-05,1,0
0.040570,-0.192005,0.490452264,-0.497053553,-0.61140815,-0.68664393,-0.640668663,0.190281706,0.106601038,1.027e-05,1,0
0.040570,-0.174550,0.491442415,-0.498702282,-0.614087525,-0.683084271,-0.641943434,0.176730404,0.0932383372,7.154e-06,1,0
0.040570,-0.157095,0.492322398,-0.500230256,-0.616826152,-0.679634815,-0.643154545,0.163162153,0.0798760839,4.823e-06,1,0
0.040570,-0.139640,0.493090848,-0.501638625,-0.619625207,-0.67629218,-0.644301422,0.149578934,0.0665159545,3.129e-06,1,0
0.040570,-0.122185,0.493746461,-0.502928557,-0.622486011,-0.673053223,-0.645383639,0.135982669,0.0531596423,1.940e-06,1,0
0.040570,-0.104730,0.494287985,-0.504101241,-0.625410022,-0.669915017,-0.646400912,0.122375223,0.0398088602,1.139e-06,1,0
0.040570,-0.087275,0.49471422,-0.505157887,-0.628398843,-0.666874858,-0.647353107,0.108758415,0.0264653432,6.271e-07,1,0
0.040570,-0.069820,0.495024012,-0.506099737,-0.63145422,-0.663930248,-0.64824023,0.0951340136,0.0131308511,3.205e-07,1,0
0.040570,-0.052365,0.495216249,-0.506928061,-0.634578049,-0.661078898,-0.649062432,0.0815037481,-0.000192828897,1.512e-07,1,0
0.040570,-0.034910,0.495289857,-0.507644167,-0.637772379,-0.65831872,-0.649820013,0.0678693074,-0.0135038793,6.679e-08,1,0
0.040570,-0.017455,0.495243799,-0.5082494,-0.641039416,-0.655647818,-0.650513415,0.0542323457,-0.0268004496,3.069e-08,1,0
0.040570,0.000000,0.495077068,-0.508745148,-0.644381529,-0.653064495,-0.651143232,0.0405944847,-0.040080653,2.176e-08,1,0
0.040570,0.017455,0.494788685,-0.509132842,-0.647801255,-0.650567236,-0.651710201,0.026957317,-0.0533425637,3.458e-08,1,0
0.040570,0.034910,0.494377695,-0.509413965,-0.651301303,-0.648154715,-0.652215213,0.013322409,-0.0665842131,7.955e-08,1,0
0.040570,0.052365,0.493843163,-0.509590053,-0.654884562,-0.645825792,-0.65265931,-0.0003086962,-0.0798035869,1.831e-07,1,0
0.040570,0.069820,0.49318417,-0.509662696,-0.658554112,-0.643579506,-0.653043689,-0.0139344764,-0.0929986213,3.878e-07,1,0
0.040570,0.087275,0.492399811,-0.509633545,-0.662313226,-0.64141508,-0.653369702,-0.0275534275,-0.106167199,7.530e-07,1,0
0.040570,0.104730,0.491489188,-0.509504315,-0.666165379,-0.639331915,-0.65363886,-0.0411640613,-0.119307147,1.355e-06,1,0
0.040570,0.122185,0.490451408,-0.509276791,-0.670114259,-0.637329594,-0.653852837,-0.054764903,-0.13241623,2.287e-06,1,0
0.040570,0.139640,0.489285581,-0.508952828,-0.674163779,-0.63540788,-0.654013476,-0.0683544889,-0.145492147,3.660e-06,1,0
0.040570,0.157095,0.487990811,-0.508534358,-0.678318076,-0.633566719,-0.654122784,-0.0819313645,-0.158532529,5.605e-06,1,0
0.040570,0.174550,0.486566195,-0.508023393,-0.682581536,-0.631806243,-0.654182947,-0.0954940822,-0.171534931,8.269e-06,1,0
0.040570,0.192005,0.485010818,-0.507422033,-0.686958797,-0.630126769,-0.654196329,-0.109041199,-0.18449683,1.182e-05,1,0
0.040570,0.209460,0.483323746,-0.506732467,-0.691454759,-0.628528805,-0.654165472,-0.122571275,-0.197415618,1.645e-05,1,0
0.040570,0.226915,0.481504027,-0.505956979,-0.696074605,-0.627013052,-0.654093114,-0.136082872,-0.210288598,2.237e-05,1,0
0.040570,0.244370,0.479550677,-0.505097957,-0.700823809,-0.625580414,-0.653982185,-0.149574549,-0.223112976,2.981e-05,1,0
0.040570,0.261825,0.477459838,-0.504168591,-0.705711951,-0.624244872,-0.653849656,-0.163044865,-0.235885858,7.923e-10,1,0
0.040570,0.279280,0.475234726,-0.503153556,-0.710739476,-0.622987182,-0.653676238,-0.176492373,-0.248604243,1.427e-09,1,0
0.040570,0.296735,0.472872294,-0.502063673,-0.715915495,-0.621818213,-0.653475768,-0.189915619,-0.261265016,2.496e-09,1,0
0.040570,0.314190,0.470371254,-0.500901954,-0.72124708,-0.620740128,-0.653252385,-0.203313143,-0.27386494,4.252e-09,1,0
0.040570,0.331645,0.467730229,-0.499671566,-0.72674174,-0.619755403,-0.653010519,-0.216683475,-0.286400651,7.072e-09,1,0
0.040570,0.349100,0.464947747,-0.498375843,-0.732407463,-0.618866842,-0.652754931,-0.230025133,-0.298868649,1.151e-08,1,0
0.058460,-0.349100,0.472276013,-0.478690993,-0.584858856,-0.719856138,-0.619937453,0.331845789,0.20975406,8.736e-09,1,0
0.058460,-0.331645,0.474390703,-0.481339106,-0.587148139,-0.715146993,-0.621876445,0.31835136,0.196447545,5.415e-09,1,0
0.058460,-0.314190,0.476407341,-0.483855656,-0.589483883,-0.7105921,-0.623756404,0.304825937,0.183123932,3.288e-09,1,0
0.058460,-0.296735,0.478323922,-0.48624196,-0.591866124,-0.706185126,-0.625575384,0.291272066,0.169784812,1.952e-09,1,0
0.058460,-0.279280,0.480138555,-0.488499286,-0.594295084,-0.701920125,-0.627331639,0.277692183,0.156431773,1.130e-09,1,0
0.058460,-0.261825,0.481849449,-0.490628863,-0.596771156,-0.697791512,-0.629023609,0.264088627,0.1430664,6.369e-10,1,0
0.058460,-0.244370,0.483454914,-0.492631885,-0.599294902,-0.693794045,-0.630649918,0.250463647,0.129690278,3.481e-10,1,0
0.058460,-0.226915,0.484947231,-0.494509898,-0.601860773,-0.689922622,-0.632202175,0.236819405,0.116304997,2.230e-05,1,0
0.058460,-0.209460,0.486338787,-0.496263062,-0.604484152,-0.686173156,-0.633695777,0.223157984,0.102912147,1.659e-05,1,0
0.058460,-0.192005,0.487619974,-0.497893223,-0.607157273,-0.682540881,-0.635120058,0.209481395,0.0895133282,1.210e-05,1,0
0.058460,-0.174550,0.4887895,-0.499401474,-0.609881432,-0.679021778,-0.636474401,0.195791584,0.0761101477,8.615e-06,1,0
0.058460,-0.157095,0.489846133,-0.500788915,-0.612658047,-0.675612076,-0.637758321,0.182090431,0.0627042233,5.978e-06,1,0
0.058460,-0.139640,0.490788692,-0.502056656,-0.615488656,-0.672308235,-0.638971456,0.168379762,0.049297186,4.028e-06,1,0
0.058460,-0.122185,0.49161605,-0.503205818,-0.61837492,-0.669106951,-0.640113574,0.154661351,0.0358906821,2.626e-06,1,0
0.058460,-0.104730,0.492327122,-0.504237542,-0.621318624,-0.666005133,-0.641184566,0.14093692,0.0224863754,1.651e-06,1,0
0.058460,-0.087275,0.492920865,-0.505152989,-0.624321678,-0.662999907,-0.642184449,0.12720815,0.00908594988,9.988e-07,1,0
0.058460,-0.069820,0.493396275,-0.505953342,-0.627386125,-0.660088608,-0.643113367,0.11347668,-0.00430888784,5.822e-07,1,0
0.058460,-0.052365,0.493752383,-0.506639813,-0.630514149,-0.657268767,-0.64397159,0.0997441138,-0.0176964058,3.300e-07,1,0
0.058460,-0.034910,0.493988252,-0.507213645,-0.633708068,-0.654538118,-0.64475952,0.0860120198,-0.031074844,1.882e-07,1,0
0.058460,-0.017455,0.494102971,-0.507676115,-0.63697035,-0.651894581,-0.645477682,0.0722819369,-0.0444424115,1.189e-07,1,0
0.058460,0.000000,0.494095654,-0.508028537,-0.640303614,-0.649336265,-0.646126735,0.0585553766,-0.0577972835,1.011e-07,1,0
0.058460,0.017455,0.493965438,-0.50827227,-0.643710638,-0.646861463,-0.646707473,0.0448338259,-0.0711375985,1.299e-07,1,0
0.058460,0.034910,0.493711477,-0.508408709,-0.647194362,-0.644468647,-0.647220817,0.0311187502,-0.0844614545,2.175e-07,1,0
0.058460,0.052365,0.493332934,-0.508439305,-0.650757898,-0.642156468,-0.647667828,0.0174115958,-0.0977669061,3.929e-07,1,0
0.058460,0.069820,0.492828991,-0.508365556,-0.654404541,-0.639923752,-0.648049705,0.00371379208,-0.111051961,7.021e-07,1,0
0.058460,0.087275,0.492198832,-0.508189017,-0.65813777,-0.637769497,-0.648367788,-0.00997324548,-0.124314576,1.209e-06,1,0
0.058460,0.104730,0.491441647,-0.507911301,-0.661961261,-0.635692876,-0.648623559,-0.0236481136,-0.137552653,1.994e-06,1,0
0.058460,0.122185,0.490556621,-0.507534084,-0.665878895,-0.633693231,-0.648818646,-0.0373094188,-0.150764036,3.157e-06,1,0
0.058460,0.139640,0.489542942,-0.50705911,-0.669894767,-0.631770081,-0.648954828,-0.0509557752,-0.163946505,4.817e-06,1,0
0.058460,0.157095,0.488399786,-0.50648819,-0.674013203,-0.629923112,-0.64903404,-0.0645858027,-0.177097775,7.110e-06,1,0
0.058460,0.174550,0.487126316,-0.505823214,-0.678238757,-0.628152189,-0.64905837,-0.0781981252,-0.190215486,1.019e-05,1,0
0.058460,0.192005,0.48572168,-0.505066151,-0.682576238,-0.62645735,-0.64903007,-0.0917913679,-0.203297203,1.425e-05,1,0
0.058460,0.209460,0.484185005,-0.504219054,-0.687030711,-0.624838815,-0.64895156,-0.105364157,-0.216340408,1.946e-05,1,0
0.058460,0.226915,0.482515392,-0.503284066,-0.691607518,-0.62329698,-0.648825431,-0.118915115,-0.229342496,2.607e-05,1,0
0.058460,0.244370,0.480711912,-0.502263424,-0.696312288,-0.621832434,-0.648654453,-0.132442864,-0.242300768,3.488e-05,1,0
0.058460,0.261825,0.478770608,-0.501172283,-0.701155551,-0.62046183,-0.648458616,-0.145946019,-0.255212427,1.103e-09,1,0
0.058460,0.279280,0.476694988,-0.499991401,-0.706136532,-0.619160443,-0.648212874,-0.159423187,-0.268074568,1.941e-09,1,0
0.058460,0.296735,0.47448194,-0.498733148,-0.711265106,-0.617941105,-0.64793338,-0.17287297,-0.280884175,3.328e-09,1,0
0.058460,0.314190,0.472130212,-0.49740037,-0.716548486,-0.616805633,-0.647624057,-0.186293957,-0.293638112,5.569e-09,1,0
0.058460,0.331645,0.469638466,-0.495996062,-0.721994326,-0.615756137,-0.64728911,-0.199684726,-0.306333117,9.117e-09,1,0
0.058460,0.349100,0.467005263,-0.494523378,-0.727610756,-0.614795046,-0.646933052,-0.213043845,-0.318965791,1.463e-08,1,0
0.076350,-0.349100,0.467619905,-0.480853699,-0.579760478,-0.715353548,-0.613293529,0.352665853,0.192859245,1.124e-08,1,0
0.076350,-0.331645,0.469955237,-0.483360042,-0.58218524,-0.710691787,-0.615398409,0.338967896,0.179539785,7.074e-09,1,0
0.076350,-0.314190,0.472187222,-0.485735056,-0.58464478,-0.706184507,-0.617433766,0.325246834,0.166200389,4.371e-09,1,0
0.076350,-0.296735,0.474314171,-0.487980034,-0.587139739,-0.701825242,-0.619398128,0.311504948,0.152842612,2.647e-09,1,0
0.076350,-0.279280,0.476334493,-0.490096221,-0.589670909,-0.697607909,-0.621290194,0.297744425,0.139468006,1.567e-09,1,0
0.076350,-0.261825,0.478246683,-0.492084817,-0.592239224,-0.693526791,-0.623108817,0.283967361,0.12607812,9.061e-10,1,0
0.076350,-0.244370,0.480049322,-0.493946986,-0.594845758,-0.689576504,-0.624853002,0.270175773,0.112674499,5.102e-10,1,0
0.076350,-0.226915,0.48173345,-0.495684229,-0.597483665,-0.685751529,-0.62651268,0.256371602,0.0992586929,2.617e-05,1,0
0.076350,-0.209460,0.483314986,-0.497296688,-0.600172777,-0.682048266,-0.628108083,0.242556723,0.0858322507,1.981e-05,1,0
0.076350,-0.192005,0.484782719,-0.498786169,-0.602903467,-0.678461425,-0.629626285,0.228732943,0.0723967274,1.475e-05,1,0
0.076350,-0.174550,0.486135585,-0.500153723,-0.605677463,-0.67498684,-0.63106696,0.214902014,0.0589536844,1.078e-05,1,0
0.076350,-0.157095,0.487372564,-0.501400407,-0.608496588,-0.671620587,-0.632429884,0.201065634,0.0455046921,7.725e-06,1,0
0.076350,-0.139640,0.488492682,-0.502527282,-0.611362766,-0.668358973,-0.633714937,0.187225452,0.0320513313,5.420e-06,1,0
0.076350,-0.122185,0.489495004,-0.50353542,-0.614278024,-0.665198531,-0.6349221,0.173383072,0.0185951966,3.719e-06,1,0
0.076350,-0.104730,0.490378627,-0.504425905,-0.617244496,-0.66213601,-0.636051461,0.159540057,0.00513789743,2.496e-06,1,0
0.076350,-0.087275,0.491142683,-0.50519984,-0.620264423,-0.659168369,-0.637103209,0.145697934,-0.00831893845,1.641e-06,1,0
0.076350,-0.069820,0.491786334,-0.505858346,-0.623340168,-0.656292767,-0.63807764,0.131858195,-0.0217736631,1.063e-06,1,0
0.076350,-0.052365,0.492308767,-0.50640257,-0.626474212,-0.653506563,-0.638975161,0.118022303,-0.0352246058,6.894e-07,1,0
0.076350,-0.034910,0.492709191,-0.506833681,-0.629669165,-0.650807302,-0.63979628,0.104191693,-0.04867007,4.631e-07,1,0
0.076350,-0.017455,0.492986838,-0.507152881,-0.632927769,-0.648192719,-0.640541621,0.0903677758,-0.0621083309,3.458e-07,1,0
0.076350,0.000000,0.493140957,-0.507361406,-0.636252908,-0.645660731,-0.64121192,0.0765519407,-0.0755376326,3.161e-07,1,0
0.076350,0.017455,0.493170804,-0.507460525,-0.639647607,-0.643209426,-0.64180802,0.062745558,-0.0889561848,3.703e-07,1,0
0.076350,0.034910,0.493075655,-0.507451549,-0.643115052,-0.64083707,-0.642330887,0.0489499813,-0.10236216,5.221e-07,1,0
0.076350,0.052365,0.492854789,-0.50733583,-0.646658586,-0.638542098,-0.642781602,0.0351665502,-0.115753689,8.033e-07,1,0
0.076350,0.069820,0.492507491,-0.507114767,-0.650281725,-0.636323112,-0.643161365,0.0213965924,-0.129128859,1.263e-06,1,0
0.076350,0.087275,0.492033045,-0.50678981,-0.653988162,-0.63417888,-0.643471502,0.00764142595,-0.142485711,1.970e-06,1,0
0.076350,0.104730,0.491430736,-0.506362459,-0.657781776,-0.632108332,-0.64371346,-0.00609763903,-0.155822231,3.011e-06,1,0
0.076350,0.122185,0.49069984,-0.505834273,-0.661666645,-0.630110562,-0.643888819,-0.019819298,-0.169136353,4.490e-06,1,0
0.076350,0.139640,0.489839628,-0.505206873,-0.665647057,-0.628184825,-0.643999289,-0.0335222501,-0.182425947,6.533e-06,1,0
0.076350,0.157095,0.488849355,-0.504481943,-0.669727516,-0.626330538,-0.644046718,-0.0472051968,-0.195688823,9.285e-06,1,0
0.076350,0.174550,0.487728261,-0.503661236,-0.673912754,-0.624547278,-0.644033089,-0.0608668394,-0.208922719,1.291e-05,1,0
0.076350,0.192005,0.486475564,-0.502746578,-0.678207748,-0.622834792,-0.643960532,-0.0745058781,-0.2221253,1.760e-05,1,0
0.076350,0.209460,0.485090459,-0.501739875,-0.682617727,-0.621192985,-0.643831323,-0.0881210096,-0.235294152,2.356e-05,1,0
0.076350,0.226915,0.483572109,-0.500643113,-0.687148189,-0.619621936,-0.643647895,-0.101710926,-0.248426776,3.142e-05,1,0
0.076350,0.244370,0.481917591,-0.499470295,-0.691808746,-0.618136252,-0.643428652,-0.115274313,-0.261520583,9.002e-10,1,0
0.076350,0.261825,0.480129,-0.498203394,-0.696599576,-0.616713098,-0.643150116,-0.128809849,-0.274572886,1.586e-09,1,0
0.076350,0.279280,0.478204006,-0.496853822,-0.701529835,-0.615363634,-0.642827134,-0.142316202,-0.287580897,2.722e-09,1,0
0.076350,0.296735,0.476141484,-0.495424111,-0.706606471,-0.614089038,-0.642463149,-0.15579203,-0.300541716,4.563e-09,1,0
0.076350,0.314190,0.47394023,-0.493916925,-0.71183684,-0.612890751,-0.642061846,-0.169235978,-0.313452327,7.487e-09,1,0
0.076350,0.331645,0.471598949,-0.492335067,-0.717228732,-0.611770489,-0.641627176,-0.182646679,-0.326309587,1.204e-08,1,0
0.076350,0.349100,0.469116243,-0.490681496,-0.722790409,-0.610730267,-0.641163368,-0.196022749,-0.339110224,1.902e-08,1,0
0.094240,-0.349100,0.462903206,-0.483077469,-0.574578964,-0.710825194,-0.606609412,0.373580939,0.175930597,1.483e-08,1,0
0.094240,-0.331645,0.465467137,-0.485441484,-0.577151361,-0.706217549,-0.608894274,0.359672558,0.162598813,9.496e-09,1,0
0.094240,-0.314190,0.467921873,-0.487674463,-0.579745861,-0.701764286,-0.61109811,0.345749583,0.149244275,5.981e-09,1,0
0.094240,-0.296735,0.47026608,-0.489777669,-0.582363775,-0.697458815,-0.613219995,0.331813983,0.1358685,3.701e-09,1,0
0.094240,-0.279280,0.472498506,-0.491752311,-0.585006531,-0.693294933,-0.615259133,0.317867648,0.122473001,2.246e-09,1,0
0.094240,-0.261825,0.474617965,-0.493599554,-0.587675658,-0.689266792,-0.617214845,0.303912393,0.109059285,1.335e-09,1,0
0.094240,-0.244370,0.476623344,-0.495320527,-0.590372794,-0.685368876,-0.619086569,0.289949966,0.0956288574,7.755e-10,1,0
0.094240,-0.226915,0.478513585,-0.496916325,-0.593099673,-0.681595992,-0.620873851,0.275982054,0.0821832206,4.398e-10,1,0
0.094240,-0.209460,0.480280371,-0.498388072,-0.595850591,-0.677942786,-0.62256744,0.262010286,0.0687238787,2.422e-05,1,0
0.094240,-0.192005,0.481939228,-0.499736568,-0.598644774,-0.674405743,-0.624187268,0.248036239,0.0552523384,1.844e-05,1,0
0.094240,-0.174550,0.4834797,-0.500963122,-0.601473923,-0.670979764,-0.62572135,0.234061445,0.0417701109,1.385e-05,1,0
0.094240,-0.157095,0.484901007,-0.50206874,-0.604340305,-0.667660778,-0.627169759,0.220087393,0.028278714,1.025e-05,1,0
0.094240,-0.139640,0.486202398,-0.503054428,-0.607246258,-0.664444941,-0.628532642,0.20611553,0.0147796742,7.476e-06,1,0
0.094240,-0.122185,0.487383149,-0.5039212,-0.610194205,-0.661328629,-0.629810226,0.192147273,0.00127452893,5.377e-06,1,0
0.094240,-0.104730,0.488442562,-0.504670079,-0.613186655,-0.658308426,-0.631002812,0.178184003,-0.0122351715,3.819e-06,1,0
0.094240,-0.087275,0.489379958,-0.505302102,-0.616226207,-0.655381125,-0.632110784,0.164227074,-0.0257478612,2.690e-06,1,0
0.094240,-0.069820,0.490194679,-0.50581832,-0.619315559,-0.652543711,-0.633134611,0.150277816,-0.0392619568,1.894e-06,1,0
0.094240,-0.052365,0.490886087,-0.506219805,-0.622457518,-0.649793362,-0.634074845,0.136337534,-0.0527758546,1.354e-06,1,0
0.094240,-0.034910,0.49145355,-0.50650765,-0.625654994,-0.647127442,-0.63493212,0.122407515,-0.066287928,1.013e-06,1,0
0.094240,-0.017455,0.491896455,-0.506682974,-0.628911024,-0.64454349,-0.635707166,0.108489027,-0.0797965251,8.312e-07,1,0
0.094240,0.000000,0.492214195,-0.506746922,-0.632228768,-0.642039222,-0.6364008,0.0945833262,-0.0932999656,7.873e-07,1,0
0.094240,0.017455,0.492406167,-0.506700671,-0.635611517,-0.639612522,-0.637013933,0.0806916524,-0.106796538,8.784e-07,1,0
0.094240,0.034910,0.492471773,-0.506545436,-0.639062709,-0.637261439,-0.637547569,0.0668152371,-0.120284497,1.120e-06,1,0
0.094240,0.052365,0.492410417,-0.506282462,-0.642585929,-0.634984187,-0.638002815,0.0529553025,-0.133762058,1.547e-06,1,0
0.094240,0.069820,0.492221501,-0.50591304,-0.646184921,-0.632779133,-0.638380872,0.0391130649,-0.147227399,2.212e-06,1,0
0.094240,0.087275,0.491904418,-0.505438504,-0.649863598,-0.630644801,-0.638683049,0.0252897355,-0.16067865,3.188e-06,1,0
0.094240,0.104730,0.491458558,-0.504860235,-0.653626055,-0.628579873,-0.638910761,0.0114865229,-0.174113894,4.566e-06,1,0
0.094240,0.122185,0.490883295,-0.504179664,-0.657476567,-0.626583174,-0.639065528,-0.00229536538,-0.187531164,6.459e-06,1,0
0.094240,0.139640,0.490177996,-0.503398276,-0.661419618,-0.624653686,-0.639148987,-0.0160547213,-0.200928434,8.998e-06,1,0
0.094240,0.157095,0.489341999,-0.502517615,-0.665459892,-0.622790537,-0.639162884,-0.0297903346,-0.214303618,1.234e-05,1,0
0.094240,0.174550,0.488374632,-0.501539288,-0.669602303,-0.620993004,-0.639109092,-0.0435009914,-0.227654565,1.665e-05,1,0
0.094240,0.192005,0.487275189,-0.500464967,-0.673851993,-0.619260515,-0.638989601,-0.0571854724,-0.240979055,2.213e-05,1,0
0.094240,0.209460,0.486042943,-0.499296393,-0.678214356,-0.61759265,-0.638806531,-0.0708425519,-0.254274792,2.930e-05,1,0
0.094240,0.226915,0.484677126,-0.498035388,-0.682695043,-0.615989136,-0.638562135,-0.0844709958,-0.267539397,3.921e-05,1,0
0.094240,0.244370,0.483174789,-0.49669874,-0.687304753,-0.6144683,-0.638278996,-0.0980695607,-0.280770408,1.368e-09,1,0
0.094240,0.261825,0.481538217,-0.49526292,-0.692042205,-0.612999856,-0.637925701,-0.111636992,-0.293965267,2.338e-09,1,0
0.094240,0.279280,0.479765096,-0.493741591,-0.696917416,-0.611597773,-0.637520378,-0.125172024,-0.307121319,3.909e-09,1,0
0.094240,0.296735,0.477854357,-0.492137094,-0.701937476,-0.610262838,-0.637066226,-0.138673376,-0.320235801,6.402e-09,1,0
0.094240,0.314190,0.475804851,-0.490451892,-0.707109871,-0.608996087,-0.636566667,-0.152139753,-0.333305837,1.029e-08,1,0
0.094240,0.331645,0.473615331,-0.48868858,-0.71244252,-0.607798806,-0.636025356,-0.165569845,-0.346328429,1.624e-08,1,0
0.094240,0.349100,0.471284455,-0.486849895,-0.717943815,-0.606672558,-0.635446217,-0.178962323,-0.359300451,2.522e-08,1,0
0.112130,-0.349100,0.458120356,-0.485367571,-0.569307444,-0.706269745,-0.599879918,0.394593851,0.158968733,1.999e-08,1,0
0.112130,-0.331645,0.460921501,-0.4875886,-0.572040483,-0.701723134,-0.602359699,0.380467625,0.14562531,1.304e-08,1,0
0.112130,-0.314190,0.463606989,-0.489678946,-0.574781858,-0.697330471,-0.604745854,0.366336002,0.132256335,8.380e-09,1,0
0.112130,-0.296735,0.466175893,-0.491639833,-0.577533636,-0.693085058,-0.607038086,0.352200585,0.118863286,5.302e-09,1,0
0.112130,-0.279280,0.468627339,-0.493472429,-0.580297944,-0.688980576,-0.60923617,0.338062915,0.105447632,3.299e-09,1,0
0.112130,-0.261825,0.470960506,-0.495177856,-0.583076978,-0.685011057,-0.611339962,0.32392448,0.0920108356,2.017e-09,1,0
0.112130,-0.244370,0.473174614,-0.496757196,-0.585872991,-0.681170865,-0.613349385,0.309786715,0.0785543554,1.210e-09,1,0
0.112130,-0.226915,0.475268931,-0.498211498,-0.588688308,-0.677454671,-0.615264441,0.295651013,0.0650796461,7.112e-10,1,0
0.112130,-0.209460,0.477242759,-0.499541784,-0.591525313,-0.673857442,-0.617085195,0.281518723,0.0515881614,4.093e-10,1,0
0.112130,-0.192005,0.479088108,-0.500748803,-0.594379087,-0.670373974,-0.618802816,0.26739116,0.0380813555,2.345e-05,1,0
0.112130,-0.174550,0.480820783,-0.501833967,-0.597268998,-0.667000833,-0.620437733,0.253269603,0.0245606849,1.807e-05,1,0
0.112130,-0.157095,0.482430703,-0.50279812,-0.600187633,-0.663733072,-0.621978426,0.239155303,0.0110276104,1.379e-05,1,0
0.112130,-0.139640,0.483917365,-0.503642211,-0.603137783,-0.660566697,-0.623425342,0.225049485,-0.00251640078,1.042e-05,1,0
0.112130,-0.122185,0.48528028,-0.504367184,-0.606122296,-0.657497927,-0.624778974,0.21095335,-0.0160698734,7.809e-06,1,0
0.112130,-0.104730,0.486518971,-0.504973998,-0.609144086,-0.654523188,-0.626039872,0.196868076,-0.0296313217,5.822e-06,1,0
0.112130,-0.087275,0.48763297,-0.505463613,-0.612206135,-0.651639099,-0.627208634,0.182794826,-0.0431992473,4.337e-06,1,0
0.112130,-0.069820,0.488621816,-0.505837005,-0.615311503,-0.648842474,-0.628285916,0.168734746,-0.0567721371,3.257e-06,1,0
0.112130,-0.052365,0.489485057,-0.506095163,-0.618463337,-0.646130309,-0.629272435,0.154688969,-0.0703484606,2.503e-06,1,0
0.112130,-0.034910,0.490222242,-0.506239096,-0.621664879,-0.643499776,-0.630168969,0.140658616,-0.0839266679,2.014e-06,1,0
0.112130,-0.017455,0.490832924,-0.506269828,-0.62491947,-0.640948219,-0.630976361,0.126644799,-0.0975051866,1.750e-06,1,0
0.112130,0.000000,0.491316654,-0.506188411,-0.628230564,-0.638473148,-0.631695522,0.112648624,-0.11108242,1.690e-06,1,0
0.112130,0.017455,0.49167298,-0.505995921,-0.631601733,-0.636072234,-0.632327431,0.0986711906,-0.124656742,1.832e-06,1,0
0.112130,0.034910,0.491901448,-0.505693461,-0.635036677,-0.633743304,-0.632873144,0.0847135949,-0.138226499,2.194e-06,1,0
0.112130,0.052365,0.492001596,-0.505282169,-0.638539236,-0.631484335,-0.63333379,0.0707769312,-0.15179,2.813e-06,1,0
0.112130,0.069820,0.491972949,-0.504763215,-0.64211339,-0.629293453,-0.633710574,0.0568622934,-0.16534552,3.745e-06,1,0
0.112130,0.087275,0.491815027,-0.504137807,-0.645763287,-0.627168929,-0.634004791,0.0429707766,-0.178891292,5.069e-06,1,0
0.112130,0.104730,0.491527329,-0.503407193,-0.649493232,-0.625109176,-0.634217809,0.0291034787,-0.192425505,6.880e-06,1,0
0.112130,0.122185,0.491109341,-0.502572668,-0.653307712,-0.623112745,-0.63435109,0.0152615016,-0.205946301,9.298e-06,1,0
0.112130,0.139640,0.490560529,-0.501635572,-0.657211405,-0.621178322,-0.634406185,0.00144595278,-0.219451769,1.246e-05,1,0
0.112130,0.157095,0.489880331,-0.500597295,-0.661209186,-0.619304731,-0.634384737,-0.0123420536,-0.232939944,1.653e-05,1,0
0.112130,0.174550,0.489068166,-0.499459283,-0.665306144,-0.61749093,-0.634288486,-0.0261013951,-0.246408798,2.169e-05,1,0
0.112130,0.192005,0.488123417,-0.498223042,-0.669507594,-0.615736007,-0.634119274,-0.03983094,-0.259856238,2.824e-05,1,0
0.112130,0.209460,0.487045439,-0.496890137,-0.673819091,-0.614039188,-0.633879047,-0.0535295459,-0.273280103,3.753e-05,1,0
0.112130,0.226915,0.485832249,-0.49547686,-0.678250622,-0.612417508,-0.633589663,-0.0671960588,-0.286678152,1.250e-09,1,0
0.112130,0.244370,0.484484831,-0.493959697,-0.682801617,-0.610841263,-0.633219806,-0.0808293114,-0.300048066,2.117e-09,1,0
0.112130,0.261825,0.483001644,-0.492351911,-0.687481527,-0.60932335,-0.632787023,-0.0944281225,-0.313387436,3.513e-09,1,0
0.112130,0.279280,0.481381763,-0.49065552,-0.69229721,-0.60786393,-0.632294058,-0.107991296,-0.326693759,5.719e-09,1,0
0.112130,0.296735,0.479624182,-0.488872654,-0.697255885,-0.60646337,-0.631743833,-0.121517618,-0.339964433,9.146e-09,1,0
0.112130,0.314190,0.477727815,-0.487005553,-0.70236517,-0.605122258,-0.631139473,-0.135005858,-0.353196744,1.438e-08,1,0
0.112130,0.331645,0.475691479,-0.485056583,-0.707633107,-0.603841417,-0.630484314,-0.148454768,-0.366387863,2.227e-08,1,0
0.112130,0.349100,0.473513883,-0.48302824,-0.713068196,-0.602621921,-0.629781921,-0.161863079,-0.379534837,3.398e-08,1,0
0.130020,-0.349100,0.45326531,-0.487729561,-0.563938395,-0.701685648,-0.593099189,0.415707661,0.141974342,2.743e-08,1,0
0.130020,-0.331645,0.456313001,-0.489806832,-0.566846026,-0.697207202,-0.595789767,0.401355587,0.128620031,1.823e-08,1,0
0.130020,-0.314190,0.459237899,-0.491753842,-0.569747032,-0.692881926,-0.598372932,0.387008074,0.115237392,1.196e-08,1,0
0.130020,-0.296735,0.462039538,-0.493571763,-0.572644324,-0.688703029,-0.600849098,0.372666293,0.101827859,7.739e-09,1,0
0.130020,-0.279280,0.464717471,-0.495261711,-0.575540811,-0.684664086,-0.603218689,0.35833138,0.0883928546,4.937e-09,1,0
0.130020,-0.261825,0.467271283,-0.496824758,-0.578439422,-0.680759021,-0.605482167,0.344004437,0.0749337932,3.103e-09,1,0
0.130020,-0.244370,0.469700578,-0.498261932,-0.581343104,-0.676982078,-0.607640011,0.329686543,0.0614520827,1.920e-09,1,0
0.130020,-0.226915,0.472004978,-0.499574227,-0.584254819,-0.673327811,-0.609692728,0.31537875,0.047949126,1.168e-09,1,0
0.130020,-0.209460,0.474184126,-0.50076261,-0.587177563,-0.669791054,-0.611640855,0.301082087,0.0344263222,6.986e-10,1,0
0.130020,-0.192005,0.476237681,-0.501828019,-0.590114358,-0.666366915,-0.613484954,0.286797568,0.0208850689,4.104e-10,1,0
0.130020,-0.174550,0.478157662,-0.502770766,-0.593060741,-0.663050309,-0.615216189,0.272526189,0.00732676341,2.377e-05,1,0
0.130020,-0.157095,0.47996081,-0.503592967,-0.596036904,-0.659837881,-0.616856316,0.258268931,-0.00624719504,1.864e-05,1,0
0.130020,-0.139640,0.48163705,-0.504294955,-0.599035909,-0.656724799,-0.618393782,0.244026765,-0.0198354038,1.454e-05,1,0
0.130020,-0.122185,0.48318615,-0.504877605,-0.602061067,-0.653707127,-0.61982938,0.229800652,-0.0334364545,1.130e-05,1,0
0.130020,-0.104730,0.484607878,-0.505341796,-0.605115726,-0.650781127,-0.621163929,0.215591544,-0.0470489317,8.771e-06,1,0
0.130020,-0.087275,0.485901994,-0.505688409,-0.60820328,-0.647943255,-0.622398269,0.20140039,-0.06067141,6.841e-06,1,0
0.130020,-0.069820,0.487068256,-0.505918335,-0.611327179,-0.645190142,-0.623533266,0.187228132,-0.0743024528,5.406e-06,1,0
0.130020,-0.052365,0.488106417,-0.506032474,-0.614490938,-0.6425186,-0.624569821,0.173075711,-0.0879406093,4.382e-06,1,0
0.130020,-0.034910,0.489016218,-0.506031737,-0.617698143,-0.63992561,-0.625508866,0.158944066,-0.101584413,3.708e-06,1,0
0.130020,-0.017455,0.489797397,-0.505917054,-0.620952467,-0.637408311,-0.626351374,0.144834136,-0.115232378,3.343e-06,1,0
0.130020,0.000000,0.490449677,-0.505689369,-0.624257673,-0.634964003,-0.627098359,0.130746863,-0.128882998,3.266e-06,1,0
0.130020,0.017455,0.490972773,-0.505349648,-0.627617627,-0.632590134,-0.627750879,0.116683192,-0.142534744,3.477e-06,1,0
0.130020,0.034910,0.491366382,-0.504898878,-0.63103631,-0.630284298,-0.62831004,0.102644071,-0.156186057,3.994e-06,1,0
0.130020,0.052365,0.491630191,-0.504338073,-0.634517823,-0.628044232,-0.628777002,0.0886304544,-0.169835354,4.857e-06,1,0
0.130020,0.069820,0.491763865,-0.503668275,-0.638066403,-0.625867806,-0.629152976,0.0746433027,-0.183481014,6.128e-06,1,0
0.130020,0.087275,0.491767054,-0.502890556,-0.641686427,-0.623753024,-0.629439231,0.0606835848,-0.197121383,7.888e-06,1,0
0.130020,0.104730,0.491639383,-0.502006023,-0.645382432,-0.621698017,-0.629637097,0.0467522782,-0.210754768,1.024e-05,1,0
0.130020,0.122185,0.491380454,-0.501015818,-0.649159116,-0.619701043,-0.629747966,0.0328503703,-0.224379434,1.331e-05,1,0
0.130020,0.139640,0.490989846,-0.499921125,-0.653021357,-0.617760478,-0.629773293,0.0189788596,-0.237993596,1.724e-05,1,0
0.130020,0.157095,0.490467107,-0.498723168,-0.656974224,-0.615874822,-0.629714609,0.00513875655,-0.251595422,2.220e-05,1,0
0.130020,0.174550,0.489811751,-0.49742322,-0.661022986,-0.614042689,-0.629573508,-0.00866891541,-0.265183022,2.839e-05,1,0
0.130020,0.192005,0.489023265,-0.496022603,-0.66517313,-0.612262812,-0.629351666,-0.0224431189,-0.278754449,3.696e-05,1,0
0.130020,0.209460,0.488100602,-0.494537553,-0.669434146,-0.610551492,-0.629070875,-0.0361828015,-0.29230769,1.210e-09,1,0
0.130020,0.226915,0.487043496,-0.492943779,-0.673805917,-0.608878671,-0.628698832,-0.049886895,-0.305840662,2.022e-09,1,0
0.130020,0.244370,0.485851175,-0.49125452,-0.678297493,-0.607256626,-0.628253055,-0.0635543143,-0.319351208,3.316e-09,1,0
0.130020,0.261825,0.484522865,-0.489471485,-0.682915536,-0.605684906,-0.627735867,-0.0771839567,-0.332837087,5.346e-09,1,0
0.130020,0.279280,0.483057714,-0.487596472,-0.687667032,-0.60416324,-0.627149732,-0.0907747007,-0.346295975,8.479e-09,1,0
0.130020,0.296735,0.481454793,-0.485631377,-0.692559336,-0.602691535,-0.626497272,-0.104325405,-0.359725448,1.324e-08,1,0
0.130020,0.314190,0.479713085,-0.4835782,-0.697600182,-0.601269899,-0.625781279,-0.117834909,-0.373122985,2.039e-08,1,0
0.130020,0.331645,0.477831475,-0.48143905,-0.702797731,-0.599898647,-0.625004727,-0.131302029,-0.386485952,3.096e-08,1,0
0.130020,0.349100,0.475808739,-0.479216159,-0.708160587,-0.598578312,-0.624170788,-0.144725559,-0.3998116,4.641e-08,1,0
0.147910,-0.349100,0.448331469,-0.4901693,-0.558463562,-0.697071113,-0.58626061,0.436925745,0.124948189,3.815e-08,1,0
0.147910,-0.331645,0.451635835,-0.492101928,-0.561560791,-0.692668196,-0.589178927,0.422339175,0.111583809,2.583e-08,1,0
0.147910,-0.314190,0.454809527,-0.493904784,-0.564635122,-0.688417325,-0.591974746,0.407767969,0.0981883488,1.729e-08,1,0
0.147910,-0.296735,0.457852595,-0.495578979,-0.567690402,-0.684311622,-0.594649282,0.393212789,0.0847631914,1.144e-08,1,0
0.147910,-0.279280,0.460765085,-0.497125573,-0.570730423,-0.68034457,-0.597203712,0.378674297,0.0713097104,7.481e-09,1,0
0.147910,-0.261825,0.463547033,-0.498545572,-0.573758929,-0.676509993,-0.599639174,0.364153153,0.0578292684,4.829e-09,1,0
0.147910,-0.244370,0.466198474,-0.499839945,-0.57677963,-0.672802028,-0.601956777,0.34965002,0.0443232195,3.076e-09,1,0
0.147910,-0.226915,0.46871943,-0.501009623,-0.579796204,-0.669215113,-0.604157604,0.335165559,0.0307929101,1.933e-09,1,0
0.147910,-0.209460,0.471109921,-0.502055506,-0.582812311,-0.66574396,-0.606242714,0.320700435,0.0172396809,1.198e-09,1,0
0.147910,-0.192005,0.473369959,-0.502978468,-0.585831597,-0.662383548,-0.608213153,0.306255319,0.0036648684,7.322e-10,1,0
0.147910,-0.174550,0.475499551,-0.503779361,-0.58885771,-0.659129103,-0.610069953,0.291830883,-0.00993019363,4.411e-10,1,0
0.147910,-0.157095,0.477490392,-0.504457925,-0.591886323,-0.655975606,-0.611803796,0.277427807,-0.0235441725,2.521e-05,1,0
0.147910,-0.139640,0.479360846,-0.505017209,-0.594939105,-0.652919808,-0.613438678,0.263046775,-0.0371757348,2.021e-05,1,0
0.147910,-0.122185,0.481100462,-0.505456909,-0.598009208,-0.649956943,-0.614962471,0.248688481,-0.0508235448,1.620e-05,1,0
0.147910,-0.104730,0.482709273,-0.505777819,-0.60110045,-0.647083112,-0.616376293,0.234353623,-0.0644862624,1.301e-05,1,0
0.147910,-0.087275,0.484187294,-0.505980732,-0.604216673,-0.644294597,-0.617681252,0.22004291,-0.0781625415,1.054e-05,1,0
0.147910,-0.069820,0.485534518,-0.506066446,-0.607361741,-0.641587851,-0.618878446,0.20575706,-0.091851028,8.670e-06,1,0
0.147910,-0.052365,0.486750923,-0.506035762,-0.610539562,-0.638959499,-0.619968979,0.191496801,-0.105550357,7.317e-06,1,0
0.147910,-0.034910,0.487836463,-0.505889491,-0.613754097,-0.63640632,-0.620953956,0.177262871,-0.119259153,6.418e-06,1,0
0.147910,-0.017455,0.488791074,-0.505628451,-0.617009368,-0.633925248,-0.621834494,0.16305602,-0.132976025,5.933e-06,1,0
0.147910,0.000000,0.489614672,-0.505253473,-0.620309468,-0.631513363,-0.622611721,0.148877009,-0.146699563,5.839e-06,1,0
0.147910,0.017455,0.490307144,-0.504765404,-0.623658575,-0.629167881,-0.623286779,0.134726612,-0.160428343,6.137e-06,1,0
0.147910,0.034910,0.490868362,-0.504165104,-0.627060963,-0.626886156,-0.623860836,0.120605618,-0.174160915,6.849e-06,1,0
0.147910,0.052365,0.49129817,-0.503453455,-0.630521014,-0.624665671,-0.624335084,0.106514826,-0.187895805,8.018e-06,1,0
0.147910,0.069820,0.491596385,-0.502631358,-0.634043224,-0.622504026,-0.624710736,0.0924550548,-0.201631513,9.708e-06,1,0
0.147910,0.087275,0.491762799,-0.501699739,-0.63763222,-0.620398947,-0.624989041,0.0784271339,-0.215366508,1.201e-05,1,0
0.147910,0.104730,0.491797175,-0.500659551,-0.641292772,-0.618348267,-0.625171282,0.0644319109,-0.229099226,1.502e-05,1,0
0.147910,0.122185,0.491699244,-0.499511772,-0.645029799,-0.616349932,-0.625258773,0.0504702493,-0.242828065,1.888e-05,1,0
0.147910,0.139640,0.491468705,-0.498257416,-0.648848386,-0.61440199,-0.625252871,0.0365430298,-0.256551383,2.374e-05,1,0
0.147910,0.157095,0.491105225,-0.496897528,-0.652753799,-0.612502595,-0.625154974,0.0226511509,-0.270267495,2.977e-05,1,0
0.147910,0.174550,0.49060843,-0.495433192,-0.65675149,-0.610649998,-0.624966524,0.0087955294,-0.283974665,3.736e-05,1,0
0.147910,0.192005,0.48997828,-0.493881047,-0.660850631,-0.6088603,-0.624709924,-0.00502289869,-0.297671106,1.241e-09,1,0
0.147910,0.209460,0.48921313,-0.492215204,-0.665051356,-0.607102193,-0.624350752,-0.0188031778,-0.311354975,2.035e-09,1,0
0.147910,0.226915,0.48831307,-0.490449269,-0.669362459,-0.605387766,-0.623907088,-0.0325443318,-0.325024363,3.286e-09,1,0
0.147910,0.244370,0.487277482,-0.488584652,-0.673790442,-0.60371598,-0.623380871,-0.0462453639,-0.338677298,5.228e-09,1,0
0.147910,0.261825,0.486105673,-0.486622832,-0.678342103,-0.602085942,-0.622774147,-0.0599052552,-0.352311732,8.200e-09,1,0
0.147910,0.279280,0.484796879,-0.484565363,-0.683024568,-0.600496906,-0.622089074,-0.0735229647,-0.365925537,1.268e-08,1,0
0.147910,0.296735,0.483350253,-0.482413891,-0.687845311,-0.598948288,-0.621327939,-0.0870974282,-0.379516503,1.936e-08,1,0
0.147910,0.314190,0.481764854,-0.480170143,-0.692812184,-0.59743967,-0.620493161,-0.100627558,-0.393082323,2.919e-08,1,0
0.147910,0.331645,0.480039648,-0.477835951,-0.697933449,-0.595970809,-0.619587311,-0.114112242,-0.406620592,4.348e-08,1,0
0.147910,0.349100,0.478173488,-0.475413251,-0.703217814,-0.594541651,-0.618613123,-0.127550342,-0.420128798,6.404e-08,1,0
0.165800,-0.349100,0.44331162,-0.49269299,-0.552873877,-0.692424083,-0.579356725,0.458251825,0.107891114,5.362e-08,1,0
0.165800,-0.331645,0.446883676,-0.494479962,-0.556176895,-0.68810433,-0.582520923,0.443421392,0.0945175591,3.697e-08,1,0
0.165800,-0.314190,0.450316343,-0.496137727,-0.559439283,-0.683935135,-0.585546103,0.428618065,0.0811101899,2.525e-08,1,0
0.165800,-0.296735,0.453610265,-0.497667324,-0.562665948,-0.679909549,-0.588434408,0.413841911,0.0676703398,1.707e-08,1,0
0.165800,-0.279280,0.456766038,-0.499069741,-0.565861667,-0.676020978,-0.591187859,0.399093039,0.0541993285,1.142e-08,1,0
0.165800,-0.261825,0.459784217,-0.500345915,-0.569031098,-0.672263155,-0.593808374,0.384371596,0.0406984633,7.561e-09,1,0
0.165800,-0.244370,0.462665314,-0.501496745,-0.572178798,-0.668630117,-0.596297767,0.369677764,0.0271690404,4.952e-09,1,0
0.165800,-0.226915,0.465409803,-0.502523089,-0.575309236,-0.665116194,-0.598657771,0.355011759,0.013612346,3.207e-09,1,0
0.165800,-0.209460,0.468018126,-0.503425772,-0.578426808,-0.661715985,-0.600890037,0.34037383,2.96583163e-05,2.054e-09,1,0
0.165800,-0.192005,0.470490687,-0.504205593,-0.581535849,-0.658424342,-0.602996148,0.325764254,-0.0135777517,1.300e-09,1,0
0.165800,-0.174550,0.472827859,-0.504863329,-0.584640644,-0.655236359,-0.604977626,0.311183341,-0.0272086184,8.146e-10,1,0
0.165800,-0.157095,0.475029989,-0.505399732,-0.587745446,-0.65214735,-0.606835939,0.296631428,-0.0408616805,5.049e-10,1,0
0.165800,-0.139640,0.477088068,-0.505813757,-0.590845726,-0.649152292,-0.60856071,0.282108879,-0.0545356789,2.790e-05,1,0
0.165800,-0.122185,0.479022862,-0.506109777,-0.593965323,-0.646248112,-0.610179277,0.267616087,-0.0682293557,2.296e-05,1,0
0.165800,-0.104730,0.480823114,-0.506286641,-0.597097072,-0.643430035,-0.611678304,0.253153469,-0.0819414521,1.899e-05,1,0
0.165800,-0.087275,0.482489116,-0.506345048,-0.600245292,-0.640694172,-0.613059196,0.238721468,-0.0956707071,1.587e-05,1,0
0.165800,-0.069820,0.484021123,-0.506285692,-0.603414302,-0.638036793,-0.614323313,0.224320552,-0.109415856,1.347e-05,1,0
0.165800,-0.052365,0.485419355,-0.506109268,-0.606608432,-0.63545433,-0.615471981,0.209951214,-0.123175626,1.173e-05,1,0
0.165800,-0.034910,0.486683999,-0.505816474,-0.609832039,-0.632943357,-0.616506496,0.19561397,-0.13694874,1.056e-05,1,0
0.165800,-0.017455,0.487815209,-0.505408013,-0.613089519,-0.630500594,-0.617428135,0.181309363,-0.150733908,9.935e-06,1,0
0.165800,0.000000,0.488813104,-0.50488459,-0.616385319,-0.628122893,-0.61823815,0.167037955,-0.164529829,9.825e-06,1,0
0.165800,0.017455,0.489677771,-0.504246923,-0.619723948,-0.62580723,-0.618937783,0.152800336,-0.178335189,1.023e-05,1,0
0.165800,0.034910,0.490409262,-0.503495735,-0.623109992,-0.623550708,-0.619528266,0.138597117,-0.192148655,1.119e-05,1,0
0.165800,0.052365,0.491007594,-0.502631765,-0.626548121,-0.621350541,-0.620010822,0.124428934,-0.205968878,1.273e-05,1,0
0.165800,0.069820,0.491472751,-0.501655763,-0.630043113,-0.61920405,-0.620386676,0.110296445,-0.219794486,1.493e-05,1,0
0.165800,0.087275,0.491804679,-0.500568495,-0.633599853,-0.617108662,-0.620657053,0.0962003326,-0.233624082,1.787e-05,1,0
0.165800,0.104730,0.492003291,-0.499370747,-0.637223352,-0.615061899,-0.620823179,0.0821413027,-0.247456243,2.168e-05,1,0
0.165800,0.122185,0.492068457,-0.498063323,-0.640918759,-0.613061372,-0.62088629,0.0681200852,-0.261289517,2.649e-05,1,0
0.165800,0.139640,0.49200001,-0.496647049,-0.644691376,-0.611104785,-0.62084763,0.0541374337,-0.275122417,3.246e-05,1,0
0.165800,0.157095,0.491797743,-0.495122779,-0.648546665,-0.60918992,-0.620708455,0.040194126,-0.28895342,3.977e-05,1,0
0.165800,0.174550,0.491462792,-0.49350806,-0.652493657,-0.607333215,-0.620492556,0.0262909646,-0.302780962,1.342e-09,1,0
0.165800,0.192005,0.490991807,-0.491774478,-0.656532525,-0.605501197,-0.620162067,0.0124287764,-0.316603435,2.153e-09,1,0
0.165800,0.209460,0.490385935,-0.489936463,-0.660671975,-0.603706215,-0.619736327,-0.00139158681,-0.330419183,3.414e-09,1,0
0.165800,0.226915,0.48964472,-0.487995128,-0.664918388,-0.60194666,-0.619216938,-0.0151692477,-0.344226495,5.345e-09,1,0
0.165800,0.244370,0.488767639,-0.485951642,-0.669278412,-0.600221039,-0.618605563,-0.0289033034,-0.358023605,8.265e-09,1,0
0.165800,0.261825,0.4877541,-0.483807229,-0.673758985,-0.598527977,-0.617903942,-0.0425928251,-0.371808682,1.263e-08,1,0
0.165800,0.279280,0.486603429,-0.481563185,-0.67836736,-0.596866221,-0.617113896,-0.0562368576,-0.385579825,1.907e-08,1,0
0.165800,0.296735,0.485314871,-0.479220869,-0.683111132,-0.595234647,-0.616237336,-0.0698344187,-0.399335061,2.848e-08,1,0
0.165800,0.314190,0.483887575,-0.476781718,-0.687998262,-0.593632264,-0.61527627,-0.0833844992,-0.413072334,4.208e-08,1,0
0.165800,0.331645,0.482320594,-0.474247254,-0.69303711,-0.592058222,-0.61423282,-0.0968860619,-0.426789501,6.152e-08,1,0
0.165800,0.349100,0.480612869,-0.471619085,-0.69823647,-0.59051182,-0.613109225,-0.110338042,-0.440484322,8.905e-08,1,0
0.183690,-0.349100,0.438197865,-0.495307204,-0.547159362,-0.687742215,-0.572379144,0.479690018,0.0908040418,7.591e-08,1,0
0.183690,-0.331645,0.44204961,-0.496947374,-0.550685684,-0.683513556,-0.575808706,0.46460555,0.0774222769,5.328e-08,1,0
0.183690,-0.314190,0.445752319,-0.498458981,-0.554152025,-0.679433594,-0.579081154,0.44956098,0.0640039871,3.708e-08,1,0
0.183690,-0.296735,0.449307316,-0.499842983,-0.557564497,-0.675495327,-0.582199694,0.434555679,0.0505504507,2.559e-08,1,0
0.183690,-0.279280,0.452715829,-0.501100283,-0.560928981,-0.671692089,-0.585167312,0.41958911,0.0370629307,1.750e-08,1,0
0.183690,-0.261825,0.455978991,-0.502231739,-0.564251156,-0.668017538,-0.587986803,0.404660826,0.0235426751,1.187e-08,1,0
0.183690,-0.244370,0.459097859,-0.503238167,-0.567536527,-0.664465622,-0.590660786,0.389770457,0.00999091857,7.972e-09,1,0
0.183690,-0.226915,0.462073411,-0.504120346,-0.570790442,-0.66103057,-0.593191725,0.374917705,-0.0035911166,5.308e-09,1,0
0.183690,-0.209460,0.464906558,-0.504879018,-0.574018108,-0.657706872,-0.595581937,0.360102342,-0.0172022192,3.502e-09,1,0
0.183690,-0.192005,0.467598144,-0.505514899,-0.577224623,-0.654489261,-0.59783361,0.345324206,-0.0308411881,2.291e-09,1,0
0.183690,-0.174550,0.470148954,-0.506028676,-0.580414976,-0.651372704,-0.599948817,0.330583192,-0.0445068305,1.485e-09,1,0
0.183690,-0.157095,0.472559716,-0.506421018,-0.583594076,-0.648352377,-0.601929521,0.315879253,-0.0581979611,9.556e-10,1,0
0.183690,-0.139640,0.474831104,-0.506692569,-0.586766763,-0.645423663,-0.603777588,0.301212393,-0.0719134005,6.246e-10,1,0
0.183690,-0.122185,0.476963742,-0.506843961,-0.589937821,-0.642582135,-0.605494802,0.286582668,-0.0856519741,4.228e-10,1,0
0.183690,-0.104730,0.478949311,-0.506873081,-0.593104315,-0.639822821,-0.607071311,0.271990181,-0.0994125102,2.726e-05,1,0
0.183690,-0.087275,0.480807685,-0.50678606,-0.596288054,-0.63714307,-0.608533758,0.257435081,-0.113193839,2.337e-05,1,0
0.183690,-0.069820,0.482528587,-0.506580658,-0.599483929,-0.634538213,-0.60986979,0.242917561,-0.126994791,2.036e-05,1,0
0.183690,-0.052365,0.484112504,-0.506257456,-0.602696728,-0.632004483,-0.611080985,0.228437852,-0.140814195,1.815e-05,1,0
0.183690,-0.034910,0.485559878,-0.505817028,-0.605931235,-0.629538245,-0.61216885,0.213996229,-0.154650877,1.667e-05,1,0
0.183690,-0.017455,0.486871097,-0.505259951,-0.609192245,-0.627135995,-0.613134833,0.199593003,-0.168503659,1.588e-05,1,0
0.183690,0.000000,0.488046507,-0.504586797,-0.612484582,-0.624794347,-0.613980332,0.185228524,-0.182371354,1.575e-05,1,0
0.183690,0.017455,0.489086404,-0.503798141,-0.615813107,-0.622510033,-0.614706692,0.170903177,-0.196252769,1.630e-05,1,0
0.183690,0.034910,0.489991042,-0.50289456,-0.619182736,-0.620279885,-0.615315217,0.156617381,-0.210146699,1.755e-05,1,0
0.183690,0.052365,0.490760627,-0.501876638,-0.622598452,-0.618100839,-0.615807173,0.142371592,-0.224051928,1.953e-05,1,0
0.183690,0.069820,0.49139532,-0.500744962,-0.626065319,-0.615969919,-0.61618379,0.128166299,-0.237967224,2.234e-05,1,0
0.183690,0.087275,0.491895237,-0.499500127,-0.629588496,-0.613884238,-0.616446266,0.114002021,-0.251891337,2.606e-05,1,0
0.183690,0.104730,0.492260451,-0.498142736,-0.63317325,-0.611840987,-0.616595775,0.0998793124,-0.265823001,3.081e-05,1,0
0.183690,0.122185,0.492490985,-0.496673406,-0.636824965,-0.609837426,-0.616633459,0.0857987591,-0.279760924,3.674e-05,1,0
0.183690,0.139640,0.492589557,-0.495107763,-0.640551894,-0.607886224,-0.616580621,0.0717609779,-0.29370379,9.643e-10,1,0
0.183690,0.157095,0.492550575,-0.493419851,-0.644354953,-0.605958706,-0.616402834,0.057766617,-0.307650257,1.525e-09,1,0
0.183690,0.174550,0.492376616,-0.491622638,-0.648242267,-0.604064262,-0.61611769,0.0438163558,-0.321598949,2.389e-09,1,0
0.183690,0.192005,0.492067466,-0.489716916,-0.652219925,-0.60220065,-0.615726478,0.0299109045,-0.335548457,3.708e-09,1,0
0.183690,0.209460,0.49162285,-0.48770351,-0.656294234,-0.60036571,-0.615230503,0.0160510039,-0.349497333,5.699e-09,1,0
0.183690,0.226915,0.491042425,-0.485583288,-0.660471736,-0.598557373,-0.614631101,0.00223742587,-0.363444088,8.671e-09,1,0
0.183690,0.244370,0.49032578,-0.483357153,-0.664759228,-0.596773653,-0.613929635,-0.0115290274,-0.377387186,1.306e-08,1,0
0.183690,0.261825,0.489472426,-0.481026059,-0.669163785,-0.595012658,-0.613127507,-0.0252475229,-0.39132504,1.947e-08,1,0
0.183690,0.279280,0.488481795,-0.478591004,-0.673692787,-0.59327258,-0.612226162,-0.0389171967,-0.405256007,2.876e-08,1,0
0.183690,0.296735,0.487353229,-0.476053045,-0.678353938,-0.591551708,-0.611227093,-0.0525371541,-0.419178382,4.205e-08,1,0
0.183690,0.314190,0.486085979,-0.473413296,-0.683155301,-0.589848426,-0.610131852,-0.0661064691,-0.433090396,6.093e-08,1,0
0.183690,0.331645,0.484679194,-0.470672933,-0.68810533,-0.588161216,-0.608942059,-0.0796241847,-0.446990203,8.749e-08,1,0
0.183690,0.349100,0.483131911,-0.467833203,-0.693212893,-0.58648867,-0.6076594,-0.0930893122,-0.46087588,1.245e-07,1,0
0.201580,-0.349100,0.432981536,-0.498018922,-0.541309014,-0.683022848,-0.565318414,0.501244889,0.0736879783,1.080e-07,1,0
0.201580,-0.331645,0.437126058,-0.499511,-0.545077637,-0.678893548,-0.569034336,0.485895315,0.060299047,7.710e-08,1,0
0.201580,-0.314190,0.441110863,-0.500875246,-0.54876514,-0.674910695,-0.572573314,0.470599607,0.0468709019,5.464e-08,1,0
0.201580,-0.296735,0.444938048,-0.502112522,-0.552378986,-0.671067249,-0.575939757,0.455356319,0.0334047637,3.844e-08,1,0
0.201580,-0.279280,0.448609555,-0.503223637,-0.555926304,-0.667356494,-0.579137757,0.440164167,0.0199018347,2.685e-08,1,0
0.201580,-0.261825,0.452127182,-0.504209357,-0.559413923,-0.663772017,-0.582171105,0.42502201,0.00636330051,1.861e-08,1,0
0.201580,-0.244370,0.455492594,-0.505070406,-0.562848405,-0.660307689,-0.585043334,0.409928844,-0.00720966969,1.280e-08,1,0
0.201580,-0.226915,0.458707339,-0.505807471,-0.566236075,-0.656957649,-0.587757733,0.394883784,-0.0208159217,8.742e-09,1,0
0.201580,-0.209460,0.461772856,-0.506421205,-0.569583053,-0.653716284,-0.590317372,0.379886059,-0.0344543153,5.927e-09,1,0
0.201580,-0.192005,0.464690475,-0.506912227,-0.572895263,-0.650578216,-0.592725114,0.364935003,-0.0481237236,3.991e-09,1,0
0.201580,-0.174550,0.467461441,-0.507281133,-0.576178481,-0.647538284,-0.594983652,0.350030045,-0.0618230313,2.669e-09,1,0
0.201580,-0.157095,0.470086908,-0.507528489,-0.579438336,-0.644591531,-0.597095503,0.335170704,-0.0755511342,1.775e-09,1,0
0.201580,-0.139640,0.472567945,-0.507654845,-0.582680337,-0.641733195,-0.599063034,0.320356583,-0.0893069379,1.183e-09,1,0
0.201580,-0.122185,0.474905549,-0.507660725,-0.585909899,-0.638958694,-0.600888474,0.305587361,-0.103089356,8.314e-10,1,0
0.201580,-0.104730,0.477100643,-0.507546643,-0.589132348,-0.636263613,-0.602573924,0.290862793,-0.116897311,5.910e-10,1,0
0.201580,-0.087275,0.47914319,-0.507308725,-0.592343791,-0.63364242,-0.604106624,0.2761827,-0.13072973,3.371e-05,1,0
0.201580,-0.069820,0.481057415,-0.506956178,-0.595569626,-0.631093409,-0.605519865,0.261546968,-0.144585546,2.998e-05,1,0
0.201580,-0.052365,0.482831172,-0.506485031,-0.598803586,-0.628611412,-0.606798237,0.246955545,-0.158463695,2.723e-05,1,0
0.201580,-0.034910,0.484465178,-0.505895726,-0.602050916,-0.626192582,-0.607943486,0.232408436,-0.172363116,2.539e-05,1,0
0.201580,-0.017455,0.485960082,-0.505188701,-0.605316844,-0.623833179,-0.608957253,0.217905704,-0.186282749,2.441e-05,1,0
0.201580,0.000000,0.487316471,-0.504364386,-0.60860659,-0.621529574,-0.609841088,0.20344746,-0.200221531,2.428e-05,1,0
0.201580,0.017455,0.488534874,-0.503423203,-0.611925395,-0.619278234,-0.610596456,0.189033869,-0.214178401,2.500e-05,1,0
0.201580,0.034910,0.489615758,-0.502365571,-0.615278526,-0.617075717,-0.611224743,0.174665143,-0.22815229,2.659e-05,1,0
0.201580,0.052365,0.490559536,-0.501191904,-0.618671293,-0.614918662,-0.611727257,0.160341541,-0.242142128,2.911e-05,1,0
0.201580,0.069820,0.491366564,-0.499902615,-0.622109069,-0.61280378,-0.612105238,0.146063366,-0.256146834,3.264e-05,1,0
0.201580,0.087275,0.49203714,-0.498498114,-0.625597297,-0.610727851,-0.612359858,0.131830965,-0.27016532,3.727e-05,1,0
0.201580,0.104730,0.49257151,-0.49697881,-0.629141512,-0.608687714,-0.612492226,0.117644727,-0.284196485,4.313e-05,1,0
0.201580,0.122185,0.492974326,-0.495362414,-0.632750486,-0.606697403,-0.612527051,0.103505083,-0.298239218,1.178e-09,1,0
0.201580,0.139640,0.493236834,-0.493618286,-0.636424265,-0.604724358,-0.612422983,0.0894125017,-0.31229239,1.811e-09,1,0
0.201580,0.157095,0.493363499,-0.49176131,-0.640171542,-0.602779116,-0.61220081,0.0753674933,-0.326354855,2.767e-09,1,0
0.201580,0.174550,0.493354305,-0.489792016,-0.643998414,-0.600858925,-0.611861618,0.0613706053,-0.340425446,4.198e-09,1,0
0.201580,0.192005,0.493209172,-0.487710954,-0.647911159,-0.5989611,-0.611406478,0.0474224228,-0.354502974,6.322e-09,1,0
0.201580,0.209460,0.492927952,-0.485518695,-0.65191626,-0.597083014,-0.610836439,0.0335235683,-0.368586223,9.446e-09,1,0
0.201580,0.226915,0.492510428,-0.483215834,-0.656020421,-0.595222096,-0.610152544,0.0196747007,-0.382673949,1.400e-08,1,0
0.201580,0.244370,0.491956305,-0.480802989,-0.660230583,-0.593375836,-0.609355821,0.0058765153,-0.396764874,2.058e-08,1,0
0.201580,0.261825,0.491265212,-0.478280812,-0.664553958,-0.591541772,-0.608447301,-0.00787025682,-0.410857685,2.999e-08,1,0
0.201580,0.279280,0.490436694,-0.475649985,-0.668998045,-0.589717498,-0.60742801,-0.021564849,-0.424951028,4.336e-08,1,0
0.201580,0.296735,0.489470203,-0.472911227,-0.673570658,-0.58790066,-0.606298981,-0.0352064591,-0.439043505,6.217e-08,1,0
0.201580,0.314190,0.488365101,-0.47006529,-0.678279956,-0.586088958,-0.605061258,-0.0487942498,-0.453133668,8.843e-08,1,0
0.201580,0.331645,0.487120642,-0.467112977,-0.683134471,-0.584280145,-0.603715896,-0.0623273487,-0.467220017,1.248e-07,1,0
0.201580,0.349100,0.485735974,-0.464055131,-0.688143136,-0.582472026,-0.60226397,-0.0758048481,-0.481300989,1.748e-07,1,0
0.219470,-0.349100,0.427653092,-0.500835572,-0.53531067,-0.678262975,-0.558163884,0.522921524,0.0565440187,1.541e-07,1,0
0.219470,-0.331645,0.432104712,-0.502178113,-0.539342277,-0.674241667,-0.562188889,0.507294755,0.0431490441,1.118e-07,1,0
0.219470,-0.314190,0.436384761,-0.503393648,-0.54326961,-0.670364153,-0.566015171,0.491737146,0.0297121899,8.059e-08,1,0
0.219470,-0.296735,0.440496228,-0.504482925,-0.547101677,-0.666623373,-0.569648535,0.476246293,0.0162346152,5.774e-08,1,0
0.219470,-0.279280,0.444441873,-0.505446651,-0.550847019,-0.663012572,-0.57309433,0.460820036,0.00271745901,4.111e-08,1,0
0.219470,-0.261825,0.448224243,-0.506285484,-0.554513759,-0.659525284,-0.576357488,0.445456436,-0.0108381597,2.909e-08,1,0
0.219470,-0.244370,0.451845699,-0.507000049,-0.558109645,-0.656155314,-0.579442573,0.430153753,-0.0244311406,2.046e-08,1,0
0.219470,-0.226915,0.455308428,-0.507590927,-0.561642099,-0.652896718,-0.582353812,0.414910431,-0.0380604018,1.430e-08,1,0
0.219470,-0.209460,0.458614458,-0.50805867,-0.56511824,-0.64974379,-0.585095117,0.39972508,-0.0517248782,9.937e-09,1,0
0.219470,-0.192005,0.461765672,-0.508403795,-0.56854493,-0.646691043,-0.587670124,0.384596462,-0.0654235215,6.868e-09,1,0
0.219470,-0.174550,0.464763819,-0.508626792,-0.571928798,-0.643733196,-0.590082208,0.36952348,-0.0791552989,4.723e-09,1,0
0.219470,-0.157095,0.467610526,-0.508728122,-0.575276269,-0.640865163,-0.592334512,0.354505164,-0.0929191922,3.233e-09,1,0
0.219470,-0.139640,0.470307304,-0.508708224,-0.578593592,-0.638082036,-0.594429961,0.339540666,-0.106714197,2.203e-09,1,0
0.219470,-0.122185,0.47285556,-0.508567511,-0.581886864,-0.635379079,-0.596371284,0.324629247,-0.120539322,1.592e-09,1,0
0.219470,-0.104730,0.475256598,-0.508306377,-0.585162049,-0.632751708,-0.598161025,0.309770272,-0.134393588,1.172e-09,1,0
0.219470,-0.087275,0.477511629,-0.507925198,-0.588425001,-0.630195491,-0.599801561,0.294963199,-0.148276027,8.799e-10,1,0
0.219470,-0.069820,0.479621779,-0.507424333,-0.591681487,-0.627706126,-0.601295113,0.280207577,-0.162185681,6.804e-10,1,0
0.219470,-0.052365,0.481588088,-0.506804123,-0.594937204,-0.625279445,-0.60264376,0.265503041,-0.1761216,5.488e-10,1,0
0.219470,-0.034910,0.483401005,-0.506057388,-0.59819027,-0.622908041,-0.603832979,0.250849301,-0.190082845,3.753e-05,1,0
0.219470,-0.017455,0.485083548,-0.505198941,-0.601462573,-0.620593962,-0.604898176,0.236246143,-0.204068481,3.635e-05,1,0
0.219470,0.000000,0.486624647,-0.504221885,-0.604750644,-0.618330511,-0.605823376,0.221693424,-0.218077582,3.621e-05,1,0
0.219470,0.017455,0.488025081,-0.503126479,-0.608060128,-0.616113883,-0.606610179,0.207191066,-0.232109225,3.713e-05,1,0
0.219470,0.034910,0.48928555,-0.501912972,-0.611396661,-0.613940343,-0.607260054,0.192739056,-0.24616249,3.914e-05,1,0
0.219470,0.052365,0.490406693,-0.500581597,-0.614765909,-0.611806219,-0.607774365,0.178337439,-0.260236463,4.228e-05,1,0
0.219470,0.069820,0.491389071,-0.499132577,-0.618173563,-0.60970789,-0.608154357,0.163986319,-0.274330228,4.665e-05,1,0
0.219470,0.087275,0.492240165,-0.497583492,-0.621629155,-0.607657319,-0.608425744,0.149685855,-0.288442871,1.151e-09,1,0
0.219470,0.104730,0.492946467,-0.495902902,-0.625131131,-0.605623962,-0.608544534,0.135436259,-0.302573474,1.580e-09,1,0
0.219470,0.122185,0.493515349,-0.494105905,-0.628689161,-0.6036168,-0.608533182,0.121237794,-0.31672112,2.234e-09,1,0
0.219470,0.139640,0.493947084,-0.492192776,-0.632309275,-0.601632558,-0.608392704,0.107090773,-0.330884885,3.328e-09,1,0
0.219470,0.157095,0.494241875,-0.490163793,-0.635997631,-0.599668002,-0.608124049,0.0929955555,-0.345063839,4.933e-09,1,0
0.219470,0.174550,0.49439986,-0.488019237,-0.639760537,-0.597719937,-0.607728102,0.0789525486,-0.359257045,7.272e-09,1,0
0.219470,0.192005,0.494421102,-0.485759394,-0.643604465,-0.595785202,-0.607205691,0.064962204,-0.373463556,1.066e-08,1,0
0.219470,0.209460,0.494305593,-0.483384556,-0.647536072,-0.593860666,-0.606557585,0.0510250178,-0.387682413,1.552e-08,1,0
0.219470,0.226915,0.494053248,-0.480895024,-0.651562223,-0.591943221,-0.605784501,0.0371415289,-0.401912644,2.246e-08,1,0
0.219470,0.244370,0.493663905,-0.478291105,-0.655690009,-0.590029779,-0.604887104,0.0233123186,-0.416153259,3.227e-08,1,0
0.219470,0.261825,0.493137318,-0.475573121,-0.659926773,-0.588117269,-0.603866008,0.00953800978,-0.430403252,4.606e-08,1,0
0.219470,0.279280,0.492473154,-0.472741404,-0.66428013,-0.586202627,-0.602721778,-0.00418073403,-0.444661593,6.528e-08,1,0
0.219470,0.296735,0.49167099,-0.469796299,-0.668757999,-0.5842828,-0.601454936,-0.017843209,-0.45892723,9.187e-08,1,0
0.219470,0.314190,0.490730304,-0.46673817,-0.673368622,-0.582354739,-0.600065956,-0.0314486714,-0.473199082,1.284e-07,1,0
0.219470,0.331645,0.489650475,-0.463567395,-0.678120607,-0.580415392,-0.598555276,-0.0449963385,-0.487476037,1.783e-07,1,0
0.219470,0.349100,0.488430766,-0.460284375,-0.68302294,-0.578461703,-0.59692328,-0.0584853882,-0.501756951,2.459e-07,1,0
0.237360,-0.349100,0.422202014,-0.503765074,-0.529150868,-0.673459203,-0.550903558,0.544725602,0.0393733494,2.200e-07,1,0
0.237360,-0.331645,0.426976427,-0.504956464,-0.533468031,-0.669554933,-0.555262304,0.528808403,0.0259735379,1.621e-07,1,0
0.237360,-0.314190,0.431566095,-0.506021776,-0.537655513,-0.665791382,-0.559398385,0.512977156,0.0125292042,1.188e-07,1,0
0.237360,-0.296735,0.435975035,-0.506961635,-0.541724085,-0.662161484,-0.563319204,0.497228329,-0.000958556709,8.657e-08,1,0
0.237360,-0.279280,0.440206941,-0.50777662,-0.545683894,-0.658658472,-0.567031555,0.481558742,-0.0144886732,6.277e-08,1,0
0.237360,-0.261825,0.44426522,-0.508467278,-0.549544522,-0.655275836,-0.570541671,0.465965527,-0.0280600961,4.527e-08,1,0
0.237360,-0.244370,0.448153017,-0.509034113,-0.553315056,-0.652007328,-0.57385529,0.4504461,-0.041671798,3.248e-08,1,0
0.237360,-0.226915,0.451873244,-0.509477597,-0.55700414,-0.648846932,-0.576977699,0.434998133,-0.0553227729,2.319e-08,1,0
0.237360,-0.209460,0.45542859,-0.509798168,-0.560620016,-0.645788854,-0.579913765,0.419619528,-0.0690120355,1.649e-08,1,0
0.237360,-0.192005,0.458821556,-0.509996228,-0.56417058,-0.642827507,-0.582667985,0.404308399,-0.0827386205,1.167e-08,1,0
0.237360,-0.174550,0.462054457,-0.510072154,-0.567663411,-0.639957494,-0.585244511,0.389063054,-0.096501582,8.223e-09,1,0
0.237360,-0.157095,0.465129447,-0.510026288,-0.571105813,-0.637173603,-0.587647183,0.373881974,-0.110299993,5.775e-09,1,0
0.237360,-0.139640,0.468048523,-0.509858951,-0.574504844,-0.634470783,-0.58987955,0.358763805,-0.124132945,4.041e-09,1,0
0.237360,-0.122185,0.470813545,-0.509570435,-0.57786735,-0.63184414,-0.591944897,0.34370734,-0.137999547,2.973e-09,1,0
0.237360,-0.104730,0.473426241,-0.509161006,-0.581199991,-0.629288928,-0.593846264,0.328711511,-0.151898925,2.256e-09,1,0
0.237360,-0.087275,0.475888215,-0.50863091,-0.584509266,-0.626800526,-0.595586464,0.313775376,-0.165830221,1.746e-09,1,0
0.237360,-0.069820,0.478200959,-0.507980369,-0.58780154,-0.624374444,-0.597168101,0.298898112,-0.179792595,1.392e-09,1,0
0.237360,-0.052365,0.480365855,-0.507209585,-0.591083063,-0.622006298,-0.598593582,0.284079004,-0.193785218,1.154e-09,1,0
0.237360,-0.034910,0.482384185,-0.506318741,-0.594359995,-0.619691812,-0.599865134,0.269317443,-0.207807281,1.007e-09,1,0
0.237360,-0.017455,0.484257135,-0.505308001,-0.597638427,-0.617426802,-0.600984813,0.254612913,-0.221857985,9.348e-10,1,0
0.237360,0.000000,0.485985798,-0.50417751,-0.600924394,-0.615207171,-0.601954513,0.239964989,-0.235936546,9.307e-10,1,0
0.237360,0.017455,0.487559,-0.50291258,-0.604216583,-0.613019126,-0.602751112,0.225373333,-0.250042192,5.368e-05,1,0
0.237360,0.034910,0.489014201,-0.501557779,-0.607542946,-0.610888034,-0.603450815,0.210837684,-0.264174165,1.135e-09,1,0
0.237360,0.052365,0.490315699,-0.500068752,-0.610887517,-0.608780686,-0.603980486,0.196357859,-0.278331716,1.370e-09,1,0
0.237360,0.069820,0.491476434,-0.498460401,-0.614263635,-0.606703019,-0.604366334,0.181933744,-0.29251411,1.725e-09,1,0
0.237360,0.087275,0.492497086,-0.496732797,-0.617677357,-0.604651242,-0.604609576,0.167565297,-0.306720619,2.244e-09,1,0
0.237360,0.104730,0.493378259,-0.494885998,-0.621134797,-0.6026216,-0.60471131,0.153252539,-0.320950526,2.986e-09,1,0
0.237360,0.122185,0.494120479,-0.492920051,-0.624642143,-0.600610373,-0.604672522,0.138995554,-0.335203124,4.129e-09,1,0
0.237360,0.139640,0.494724198,-0.490834986,-0.628205675,-0.598613864,-0.604494087,0.124794484,-0.349477712,5.985e-09,1,0
0.237360,0.157095,0.495189792,-0.488630828,-0.631831786,-0.59662839,-0.604176777,0.110649531,-0.363773598,8.638e-09,1,0
0.237360,0.174550,0.495517559,-0.486307587,-0.635526996,-0.594650276,-0.603721254,0.0965609504,-0.378090096,1.241e-08,1,0
0.237360,0.192005,0.495707722,-0.483865262,-0.639297975,-0.592675852,-0.603128079,0.0825290525,-0.392426526,1.775e-08,1,0
0.237360,0.209460,0.49576042,-0.481303845,-0.643151559,-0.590701443,-0.602397714,0.0685541983,-0.406782213,2.526e-08,1,0
0.237360,0.226915,0.495675719,-0.478623312,-0.647094779,-0.588723357,-0.60153052,0.0546367993,-0.421156485,3.576e-08,1,0
0.237360,0.244370,0.495453593,-0.475823634,-0.651134871,-0.586737884,-0.600526754,0.0407773157,-0.435548675,5.033e-08,1,0
0.237360,0.261825,0.495093935,-0.472904768,-0.655279306,-0.584741285,-0.599386572,0.0269762554,-0.449958118,7.043e-08,1,0
0.237360,0.279280,0.494596548,-0.469866663,-0.659535814,-0.582729784,-0.598110032,0.0132341729,-0.464384149,9.798e-08,1,0
0.237360,0.296735,0.49396114,-0.466709255,-0.663912409,-0.580699561,-0.596697084,-0.000448332035,-0.478826104,1.355e-07,1,0
0.237360,0.314190,0.493187323,-0.463432473,-0.668417417,-0.578646743,-0.595147575,-0.0140706148,-0.493283316,1.863e-07,1,0
0.237360,0.331645,0.492274604,-0.460036231,-0.673059501,-0.57656739,-0.59346124,-0.0276319869,-0.50775512,2.547e-07,1,0
0.237360,0.349100,0.491222382,-0.456520434,-0.677847698,-0.574457499,-0.591637706,-0.0411317167,-0.522240842,3.461e-07,1,0
0.255250,-0.349100,0.416616664,-0.506815889,-0.52281466,-0.668607712,-0.543523891,0.56666349,0.0221772521,3.141e-07,1,0
0.255250,-0.331645,0.421731122,-0.507854335,-0.527442098,-0.664829985,-0.548243251,0.550441325,0.00877389638,2.348e-07,1,0
0.255250,-0.314190,0.426646161,-0.508767743,-0.531911911,-0.661189454,-0.552713564,0.534323601,-0.00467659944,1.747e-07,1,0
0.255250,-0.296735,0.431366986,-0.509556595,-0.536236889,-0.657679079,-0.556944086,0.518305462,-0.0181732083,1.294e-07,1,0
0.255250,-0.279280,0.43589837,-0.510221335,-0.540429008,-0.654292088,-0.560943264,0.502382532,-0.031714929,9.540e-08,1,0
0.255250,-0.261825,0.440244701,-0.510762377,-0.54449951,-0.651021951,-0.564718828,0.486550868,-0.0453007857,7.004e-08,1,0
0.255250,-0.244370,0.444410018,-0.511180095,-0.548458989,-0.647862378,-0.568277849,0.470806907,-0.0589298278,5.120e-08,1,0
0.255250,-0.226915,0.448398048,-0.511474837,-0.552317463,-0.64480729,-0.571626814,0.455147436,-0.0726011293,3.728e-08,1,0
0.255250,-0.209460,0.452212237,-0.511646913,-0.556084436,-0.641850819,-0.57477168,0.439569549,-0.0863137886,2.704e-08,1,0
0.255250,-0.192005,0.455855769,-0.511696603,-0.559768949,-0.63898728,-0.577717908,0.424070626,-0.100066928,1.955e-08,1,0
0.255250,-0.174550,0.459331596,-0.511624158,-0.563379638,-0.636211171,-0.580470525,0.408648298,-0.113859694,1.409e-08,1,0
0.255250,-0.157095,0.462642457,-0.511429793,-0.566924778,-0.63351715,-0.583034153,0.393300431,-0.127691255,1.012e-08,1,0
0.255250,-0.139640,0.465790893,-0.5111137,-0.570412321,-0.630900028,-0.58541304,0.378025104,-0.141560804,7.248e-09,1,0
0.255250,-0.122185,0.468779264,-0.510676037,-0.573849935,-0.628354759,-0.587611092,0.362820587,-0.155467557,5.421e-09,1,0
0.255250,-0.104730,0.471609762,-0.510116933,-0.57724504,-0.625876422,-0.5896319,0.34768533,-0.16941075,4.223e-09,1,0
0.255250,-0.087275,0.474284425,-0.509436495,-0.580604838,-0.623460216,-0.591478764,0.332617948,-0.183389644,3.357e-09,1,0
0.255250,-0.069820,0.476805148,-0.508634797,-0.583936345,-0.621101448,-0.593154712,0.317617205,-0.197403521,2.744e-09,1,0
0.255250,-0.052365,0.479173689,-0.507711891,-0.587246414,-0.61879552,-0.594662519,0.302682008,-0.211451686,2.327e-09,1,0
0.255250,-0.034910,0.481391681,-0.506667799,-0.590541763,-0.616537923,-0.596004722,0.287811391,-0.225533463,2.068e-09,1,0
0.255250,-0.017455,0.483460636,-0.505502522,-0.593829001,-0.614324225,-0.597183638,0.27300451,-0.239648201,1.941e-09,1,0
0.255250,0.000000,0.485381955,-0.504216031,-0.597114645,-0.612150063,-0.59820137,0.258260635,-0.253795268,1.937e-09,1,0
0.255250,0.017455,0.487156934,-0.502808274,-0.600405149,-0.610011132,-0.599059829,0.243579141,-0.267974055,2.056e-09,1,0
0.255250,0.034910,0.488786762,-0.501279175,-0.60370692,-0.607903175,-0.599760731,0.228959501,-0.282183974,2.311e-09,1,0
0.255250,0.052365,0.490272534,-0.499628633,-0.607026339,-0.60582198,-0.600305617,0.214401282,-0.296424458,2.729e-09,1,0
0.255250,0.069820,0.491615247,-0.497856521,-0.61036978,-0.603763362,-0.600695849,0.19990414,-0.310694963,3.354e-09,1,0
0.255250,0.087275,0.49281581,-0.495962688,-0.613743635,-0.601723162,-0.600932631,0.185467812,-0.324994966,4.247e-09,1,0
0.255250,0.104730,0.493875042,-0.493946958,-0.617154324,-0.599697228,-0.601016994,0.171092114,-0.339323966,5.499e-09,1,0
0.255250,0.122185,0.494793672,-0.491809128,-0.620608319,-0.597681422,-0.600949822,0.156776938,-0.353681483,7.449e-09,1,0
0.255250,0.139640,0.495572346,-0.489548972,-0.624112164,-0.595671594,-0.600731837,0.142522246,-0.368067061,1.054e-08,1,0
0.255250,0.157095,0.496211625,-0.487166232,-0.627672494,-0.59366358,-0.600363613,0.128328068,-0.382480266,1.486e-08,1,0
0.255250,0.174550,0.496711982,-0.484660628,-0.631296049,-0.591653195,-0.599845571,0.1141945,-0.396920688,2.088e-08,1,0
0.255250,0.192005,0.497073811,-0.48203185,-0.634989704,-0.589636217,-0.599177983,0.1001217,-0.41138794,2.921e-08,1,0
0.255250,0.209460,0.497297412,-0.479279557,-0.638760476,-0.587608382,-0.598360966,0.0861098863,-0.425881659,4.070e-08,1,0
0.255250,0.226915,0.497383008,-0.476403378,-0.642615558,-0.585565368,-0.597394487,0.0721593341,-0.440401509,5.646e-08,1,0
0.255250,0.244370,0.49733073,-0.473402909,-0.646562337,-0.583502788,-0.596278359,0.0582703756,-0.454947178,7.796e-08,1,0
0.255250,0.261825,0.497140616,-0.470277714,-0.650608409,-0.581416178,-0.595012232,0.0444433972,-0.469518382,1.071e-07,1,0
0.255250,0.279280,0.496812617,-0.467027317,-0.654761614,-0.579300978,-0.593595595,0.0306788377,-0.484114863,1.465e-07,1,0
0.255250,0.296735,0.496346588,-0.463651205,-0.65903006,-0.57715253,-0.59202777,0.0169771872,-0.498736396,1.993e-07,1,0
0.255250,0.314190,0.495742281,-0.460148824,-0.663422139,-0.574966056,-0.590307901,0.00333898579,-0.513382782,2.698e-07,1,0
0.255250,0.331645,0.494999349,-0.456519574,-0.667946569,-0.572736641,-0.588434947,-0.0102351777,-0.528053858,3.634e-07,1,0
0.255250,0.349100,0.494117338,-0.452762808,-0.672612418,-0.570459222,-0.586407679,-0.0237446668,-0.542749494,4.869e-07,1,0
0.273140,-0.349100,0.410884137,-0.509997077,-0.516285407,-0.663704207,-0.536009579,0.588742352,0.00495710789,4.476e-07,1,0
0.273140,-0.331645,0.416357648,-0.510880584,-0.521250279,-0.660063038,-0.541118941,0.572199201,-0.00844840897,3.393e-07,1,0
0.273140,-0.314190,0.421615357,-0.511640223,-0.52602671,-0.656555072,-0.545950124,0.555780917,-0.0219036587,2.561e-07,1,0
0.273140,-0.296735,0.426663852,-0.512276307,-0.530629817,-0.65317332,-0.550514528,0.539481079,-0.0354076851,1.926e-07,1,0
0.273140,-0.279280,0.43150915,-0.51278913,-0.535073667,-0.649911026,-0.554822514,0.523293914,-0.0489595607,1.442e-07,1,0
0.273140,-0.261825,0.436156762,-0.513178952,-0.53937139,-0.646761661,-0.558883517,0.507214222,-0.0625583868,1.076e-07,1,0
0.273140,-0.244370,0.440611751,-0.513446011,-0.543535291,-0.643718902,-0.562706139,0.491237314,-0.076203293,8.006e-08,1,0
0.273140,-0.226915,0.444878772,-0.51359051,-0.547576935,-0.640776627,-0.566298236,0.475358957,-0.0898934374,5.934e-08,1,0
0.273140,-0.209460,0.448962117,-0.513612624,-0.551507238,-0.637928897,-0.569666988,0.459575323,-0.103628006,4.386e-08,1,0
0.273140,-0.192005,0.452865748,-0.513512496,-0.555336528,-0.635169942,-0.572818957,0.443882953,-0.117406215,3.232e-08,1,0
0.273140,-0.174550,0.456593327,-0.513290238,-0.559074613,-0.632494152,-0.57576015,0.428278718,-0.131227305,2.376e-08,1,0
0.273140,-0.157095,0.460148247,-0.51294593,-0.562730846,-0.62989607,-0.57849607,0.412759788,-0.145090548,1.742e-08,1,0
0.273140,-0.139640,0.463533651,-0.51247962,-0.566314162,-0.627370366,-0.581031742,0.397323605,-0.158995243,1.273e-08,1,0
0.273140,-0.122185,0.466752455,-0.511891323,-0.569833138,-0.624911836,-0.583371773,0.381967859,-0.172940717,9.667e-09,1,0
0.273140,-0.104730,0.469807365,-0.511181025,-0.573296027,-0.622515394,-0.585520368,0.366690463,-0.186926326,7.707e-09,1,0
0.273140,-0.087275,0.472700898,-0.510348675,-0.576710801,-0.620176047,-0.587481368,0.351489539,-0.200951455,6.269e-09,1,0
0.273140,-0.069820,0.475435389,-0.509394193,-0.580085181,-0.617888899,-0.589258272,0.336363399,-0.215015517,5.237e-09,1,0
0.273140,-0.052365,0.478013009,-0.508317467,-0.583426678,-0.61564913,-0.590854264,0.321310527,-0.229117955,4.528e-09,1,0
0.273140,-0.034910,0.480435772,-0.50711835,-0.586742613,-0.61345199,-0.592272226,0.306329573,-0.24325824,4.083e-09,1,0
0.273140,-0.017455,0.482705552,-0.505796662,-0.590040155,-0.611292792,-0.593514766,0.291419332,-0.257435874,3.868e-09,1,0
0.273140,0.000000,0.484824083,-0.504352191,-0.593326341,-0.609166893,-0.59458422,0.276578739,-0.271650392,3.866e-09,1,0
0.273140,0.017455,0.486792972,-0.502784689,-0.596608102,-0.607069689,-0.595482677,0.261806861,-0.285901355,4.078e-09,1,0
0.273140,0.034910,0.488613705,-0.501093877,-0.599892291,-0.604996606,-0.596211987,0.24710288,-0.30018836,4.526e-09,1,0
0.273140,0.052365,0.49028765,-0.499279437,-0.603185698,-0.602943087,-0.596773765,0.232466095,-0.314511034,5.250e-09,1,0
0.273140,0.069820,0.491816069,-0.497341015,-0.606495081,-0.600904583,-0.597169409,0.217895909,-0.32886904,6.316e-09,1,0
0.273140,0.087275,0.493200113,-0.495278221,-0.609827178,-0.598876539,-0.597400097,0.203391826,-0.343262075,7.818e-09,1,0
0.273140,0.104730,0.494440831,-0.493090628,-0.613188737,-0.59685439,-0.5974668,0.18895344,-0.35768987,9.885e-09,1,0
0.273140,0.122185,0.495539178,-0.490777764,-0.616586531,-0.594833542,-0.597370284,0.174580437,-0.372152194,1.314e-08,1,0
0.273140,0.139640,0.496496004,-0.488339121,-0.620027376,-0.592809366,-0.597111105,0.160272586,-0.386648857,1.821e-08,1,0
0.273140,0.157095,0.497312071,-0.485774142,-0.62351816,-0.590777185,-0.596689625,0.146029735,-0.401179705,2.515e-08,1,0
0.273140,0.174550,0.497988042,-0.48308223,-0.627065851,-0.588732257,-0.596105994,0.131851809,-0.415744631,3.461e-08,1,0
0.273140,0.192005,0.498524492,-0.480262736,-0.630677532,-0.586669769,-0.595360166,0.117738803,-0.430343569,4.747e-08,1,0
0.273140,0.209460,0.498921902,-0.477314961,-0.63436041,-0.584584821,-0.594451885,0.103690784,-0.4449765,6.488e-08,1,0
0.273140,0.226915,0.499180659,-0.474238151,-0.638121843,-0.582472405,-0.593380682,0.0897078844,-0.459643457,8.836e-08,1,0
0.273140,0.244370,0.499301061,-0.471031496,-0.641969361,-0.5803274,-0.592145875,0.0757902995,-0.474344523,1.199e-07,1,0
0.273140,0.261825,0.499283312,-0.467694123,-0.645910692,-0.578144546,-0.590746558,0.0619382871,-0.489079839,1.620e-07,1,0
0.273140,0.279280,0.499127518,-0.464225095,-0.649953778,-0.575918434,-0.589181592,0.0481521642,-0.503849602,2.180e-07,1,0
0.273140,0.296735,0.49883369,-0.460623399,-0.654106808,-0.573643479,-0.587449594,0.0344323049,-0.518654077,2.921e-07,1,0
0.273140,0.314190,0.498401741,-0.456887948,-0.658378242,-0.571313907,-0.58554893,0.0207791391,-0.533493595,3.896e-07,1,0
0.273140,0.331645,0.497831481,-0.453017572,-0.662776838,-0.568923726,-0.583477695,0.00719315098,-0.548368563,5.175e-07,1,0
0.273140,0.349100,0.497122613,-0.449011005,-0.667311678,-0.566466703,-0.581233695,-0.00632512295,-0.563279467,6.843e-07,1,0
0.291030,-0.349100,0.404990073,-0.513318352,-0.509544532,-0.658743871,-0.528343288,0.610970282,-0.0122855979,6.366e-07,1,0
0.291030,-0.331645,0.410843646,-0.514044716,-0.514876785,-0.65524984,-0.533874924,0.594088425,-0.0256917992,4.888e-07,1,0
0.291030,-0.314190,0.416463078,-0.514648516,-0.519986515,-0.651884522,-0.539096123,0.577354079,-0.0391502996,3.740e-07,1,0
0.291030,-0.296735,0.421856569,-0.515129883,-0.524891533,-0.648641004,-0.544020782,0.560758971,-0.0526602169,2.852e-07,1,0
0.291030,-0.279280,0.427031577,-0.515488934,-0.529608308,-0.645512576,-0.548661476,0.544295686,-0.0662207008,2.168e-07,1,0
0.291030,-0.261825,0.431994914,-0.515725765,-0.534152131,-0.642492722,-0.553029605,0.527957561,-0.079830933,1.643e-07,1,0
0.291030,-0.244370,0.436752807,-0.515840453,-0.538537246,-0.639575112,-0.557135523,0.5117386,-0.0934901273,1.241e-07,1,0
0.291030,-0.226915,0.441310972,-0.515833049,-0.542776975,-0.636753587,-0.560988646,0.495633394,-0.10719753,9.353e-08,1,0
0.291030,-0.209460,0.445674662,-0.515703576,-0.546883818,-0.634022149,-0.564597547,0.479637063,-0.120952419,7.030e-08,1,0
0.291030,-0.192005,0.449848711,-0.515452026,-0.550869543,-0.631374953,-0.567970031,0.463745193,-0.134754107,5.272e-08,1,0
0.291030,-0.174550,0.453837584,-0.515078363,-0.554745274,-0.628806292,-0.571113216,0.447953793,-0.148601937,3.945e-08,1,0
0.291030,-0.157095,0.4576454,-0.514582516,-0.558521552,-0.626310588,-0.574033585,0.432259249,-0.162495287,2.944e-08,1,0
0.291030,-0.139640,0.461275977,-0.51396438,-0.562208411,-0.623882377,-0.57673705,0.416658289,-0.176433569,2.191e-08,1,0
0.291030,-0.122185,0.464732846,-0.513223818,-0.565815422,-0.621516303,-0.579228991,0.401147952,-0.190416228,1.688e-08,1,0
0.291030,-0.104730,0.468019285,-0.512360652,-0.569351759,-0.619207102,-0.581514303,0.385725557,-0.204442745,1.374e-08,1,0
0.291030,-0.087275,0.471138333,-0.511374671,-0.572826232,-0.616949596,-0.58359743,0.37038868,-0.218512636,1.140e-08,1,0
0.291030,-0.069820,0.474092815,-0.510265627,-0.576247339,-0.614738674,-0.585482398,0.355135131,-0.232625452,9.702e-09,1,0
0.291030,-0.052365,0.476885351,-0.509033227,-0.5796233,-0.612569292,-0.58717284,0.339962934,-0.246780785,8.526e-09,1,0
0.291030,-0.034910,0.479518378,-0.507677146,-0.582962095,-0.61043645,-0.588672029,0.324870312,-0.26097826,7.786e-09,1,0
0.291030,-0.017455,0.481994157,-0.506197012,-0.5862715,-0.608335189,-0.589982888,0.309855668,-0.275217544,7.431e-09,1,0
0.291030,0.000000,0.484314789,-0.504592413,-0.589559105,-0.60626058,-0.591108016,0.294917574,-0.289498345,7.435e-09,1,0
0.291030,0.017455,0.486482221,-0.502862893,-0.592832363,-0.604207704,-0.592049703,0.280054757,-0.303820411,7.804e-09,1,0
0.291030,0.034910,0.488498259,-0.501007952,-0.596098599,-0.602171653,-0.592809943,0.26526609,-0.318183534,8.568e-09,1,0
0.291030,0.052365,0.490364571,-0.499027041,-0.599365045,-0.600147507,-0.593390439,0.250550578,-0.332587551,9.789e-09,1,0
0.291030,0.069820,0.492082697,-0.496919562,-0.60263886,-0.598130328,-0.593792624,0.235907353,-0.347032346,1.156e-08,1,0
0.291030,0.087275,0.493654057,-0.494684868,-0.605927161,-0.596115148,-0.594017659,0.221335666,-0.361517851,1.403e-08,1,0
0.291030,0.104730,0.49507995,-0.492322259,-0.609237034,-0.594096951,-0.594066442,0.206834876,-0.376044051,1.738e-08,1,0
0.291030,0.122185,0.496361567,-0.489830976,-0.61257557,-0.592070664,-0.593939612,0.192404447,-0.390610984,2.269e-08,1,0
0.291030,0.139640,0.497499985,-0.487210203,-0.615949872,-0.590031144,-0.593637547,0.178043941,-0.405218745,3.087e-08,1,0
0.291030,0.157095,0.498496178,-0.484459063,-0.619367089,-0.587973157,-0.593160371,0.163753012,-0.419867491,4.185e-08,1,0
0.291030,0.174550,0.499351017,-0.48157661,-0.622834432,-0.585891369,-0.592507945,0.149531401,-0.43455744,5.655e-08,1,0
0.291030,0.192005,0.500065274,-0.478561831,-0.626359195,-0.583780324,-0.591679871,0.135378935,-0.44928888,7.619e-08,1,0
0.291030,0.209460,0.500639618,-0.475413634,-0.629948779,-0.581634432,-0.590675478,0.121295517,-0.464062172,1.023e-07,1,0
0.291030,0.226915,0.501074619,-0.472130849,-0.633610706,-0.579447944,-0.589493819,0.107281126,-0.478877753,1.371e-07,1,0
0.291030,0.244370,0.501370757,-0.468712221,-0.63735266,-0.577214935,-0.58813367,0.0933358166,-0.493736146,1.830e-07,1,0
0.291030,0.261825,0.501528407,-0.465156398,-0.641182485,-0.574929281,-0.586593502,0.0794597084,-0.50863796,2.434e-07,1,0
0.291030,0.279280,0.50154785,-0.46146193,-0.645108229,-0.572584634,-0.58487148,0.0656529902,-0.523583905,3.227e-07,1,0
0.291030,0.296735,0.501429268,-0.457627257,-0.649138159,-0.570174395,-0.582965445,0.0519159141,-0.538574793,4.262e-07,1,0
0.291030,0.314190,0.501172744,-0.453650701,-0.653280788,-0.567691692,-0.58087289,0.0382487942,-0.553611553,5.607e-07,1,0
0.291030,0.331645,0.50077826,-0.449530451,-0.657544902,-0.565129337,-0.578590943,0.0246520043,-0.568695235,7.350e-07,1,0
0.291030,0.349100,0.500245693,-0.44526456,-0.661939588,-0.562479799,-0.576116336,0.0111259762,-0.583827028,9.597e-07,1,0
0.308920,-0.349100,0.398918437,-0.516790164,-0.502571228,-0.653721294,-0.520505344,0.633356461,-0.0295492714,9.026e-07,1,0
0.308920,-0.331645,0.405175367,-0.51735694,-0.508304004,-0.650385614,-0.526494834,0.616116222,-0.0429545825,7.016e-07,1,0
0.308920,-0.314190,0.411177566,-0.517802617,-0.513776447,-0.647173624,-0.532138064,0.599048691,-0.0564147312,5.437e-07,1,0
0.308920,-0.296735,0.416935118,-0.51812711,-0.519009495,-0.64407852,-0.537451844,0.582143397,-0.0699289124,4.201e-07,1,0
0.308920,-0.279280,0.422457168,-0.518330341,-0.524022396,-0.641093668,-0.542451323,0.565390989,-0.083496356,3.237e-07,1,0
0.308920,-0.261825,0.427752022,-0.518412223,-0.528832913,-0.638212588,-0.547150171,0.548783095,-0.0971163278,2.488e-07,1,0
0.308920,-0.244370,0.432827257,-0.518372654,-0.533457515,-0.635428957,-0.55156076,0.5323122,-0.110788129,1.908e-07,1,0
0.308920,-0.226915,0.437689793,-0.518211514,-0.537911505,-0.632736597,-0.555694285,0.515971542,-0.124511099,1.459e-07,1,0
0.308920,-0.209460,0.442345976,-0.51792866,-0.542209181,-0.630129468,-0.559560909,0.499755031,-0.138284612,1.114e-07,1,0
0.308920,-0.192005,0.446801631,-0.517523922,-0.546363928,-0.627601654,-0.563169845,0.483657165,-0.15210808,8.487e-08,1,0
0.308920,-0.174550,0.451062119,-0.516997099,-0.550388334,-0.625147356,-0.566529463,0.467672976,-0.165980955,6.453e-08,1,0
0.308920,-0.157095,0.455132384,-0.51634796,-0.55429428,-0.622760884,-0.569647366,0.451797966,-0.179902726,4.895e-08,1,0
0.308920,-0.139640,0.459016987,-0.515576232,-0.558093003,-0.62043664,-0.572530445,0.436028062,-0.193872923,3.701e-08,1,0
0.308920,-0.122185,0.46272015,-0.51468161,-0.561795184,-0.618169115,-0.575184956,0.420359576,-0.207891115,2.890e-08,1,0
0.308920,-0.104730,0.46624578,-0.513663748,-0.565411006,-0.615952869,-0.577616563,0.404789164,-0.221956915,2.395e-08,1,0
0.308920,-0.087275,0.469597496,-0.512522259,-0.568950201,-0.613782533,-0.579830382,0.389313797,-0.236069978,2.023e-08,1,0
0.308920,-0.069820,0.47277866,-0.511256708,-0.572422117,-0.611652779,-0.581831028,0.373930733,-0.250230002,1.750e-08,1,0
0.308920,-0.052365,0.475792389,-0.50986662,-0.575835749,-0.609558324,-0.583622638,0.358637487,-0.264436732,1.559e-08,1,0
0.308920,-0.034910,0.478641578,-0.508351469,-0.579199793,-0.607493916,-0.585208912,0.343431816,-0.278689961,1.439e-08,1,0
0.308920,-0.017455,0.481328915,-0.506710682,-0.582522675,-0.605454313,-0.586593129,0.328311694,-0.292989529,1.382e-08,1,0
0.308920,0.000000,0.4838569,-0.504943631,-0.585812598,-0.603434281,-0.587778181,0.313275295,-0.30733533,1.384e-08,1,0
0.308920,0.017455,0.486227852,-0.503049636,-0.589077564,-0.601428576,-0.588766579,0.298320982,-0.321727308,1.446e-08,1,0
0.308920,0.034910,0.488443919,-0.501027961,-0.592325411,-0.599431932,-0.589560474,0.283447287,-0.336165465,1.573e-08,1,0
0.308920,0.052365,0.490507097,-0.498877807,-0.59556384,-0.597439049,-0.590161676,0.268652901,-0.350649862,1.774e-08,1,0
0.308920,0.069820,0.492419232,-0.496598316,-0.598800447,-0.595444578,-0.590571655,0.253936664,-0.365180621,2.063e-08,1,0
0.308920,0.087275,0.494182029,-0.494188562,-0.60204274,-0.593443104,-0.590791553,0.239297554,-0.379757928,2.460e-08,1,0
0.308920,0.104730,0.495797057,-0.491647552,-0.605298171,-0.591429138,-0.59082219,0.224734678,-0.39438204,2.991e-08,1,0
0.308920,0.122185,0.497265764,-0.488974218,-0.608574164,-0.589397091,-0.590664071,0.210247263,-0.409053285,3.840e-08,1,0
0.308920,0.139640,0.498589472,-0.486167412,-0.611878127,-0.587341269,-0.590317379,0.195834649,-0.423772071,5.142e-08,1,0
0.308920,0.157095,0.499769383,-0.483225905,-0.61521748,-0.58525584,-0.589781974,0.181496284,-0.438538886,6.856e-08,1,0
0.308920,0.174550,0.500806593,-0.480148378,-0.618599687,-0.583134829,-0.589057403,0.167231714,-0.453354309,9.113e-08,1,0
0.308920,0.192005,0.50170208,-0.476933417,-0.622032259,-0.580972086,-0.588142875,0.153040584,-0.468219014,1.208e-07,1,0
0.308920,0.209460,0.502456722,-0.473579507,-0.625522794,-0.578761273,-0.587037268,0.138922625,-0.483133775,1.597e-07,1,0
0.308920,0.226915,0.50307129,-0.47008502,-0.629078991,-0.576495833,-0.585739113,0.124877657,-0.498099479,2.107e-07,1,0
0.308920,0.244370,0.503546449,-0.466448212,-0.632708674,-0.574168965,-0.584246573,0.11090558,-0.513117131,2.770e-07,1,0
0.308920,0.261825,0.503882768,-0.462667206,-0.636419814,-0.571773597,-0.58255744,0.0970063713,-0.528187865,3.632e-07,1,0
0.308920,0.279280,0.504080715,-0.458739989,-0.640220556,-0.569302354,-0.580669108,0.0831800841,-0.543312958,4.749e-07,1,0
0.308920,0.296735,0.504140655,-0.454664393,-0.644119234,-0.566747522,-0.578578547,0.0694268418,-0.558493839,6.188e-07,1,0
0.308920,0.314190,0.504062857,-0.450438081,-0.648124408,-0.564101008,-0.576282281,0.0557468367,-0.573732106,8.038e-07,1,0
0.308920,0.331645,0.503847489,-0.446058539,-0.65224488,-0.561354304,-0.573776355,0.042140327,-0.589029539,1.041e-06,1,0
0.308920,0.349100,0.503494622,-0.441523042,-0.656489724,-0.558498432,-0.571056297,0.0286076346,-0.604388126,1.343e-06,1,0
0.326810,-0.349100,0.392651267,-0.520423764,-0.495342111,-0.648630407,-0.512473357,0.655911351,-0.0468322053,1.275e-06,1,0
0.326810,-0.331645,0.399337476,-0.520828255,-0.501512235,-0.645464993,-0.518960103,0.638290785,-0.0602349494,1.003e-06,1,0
0.326810,-0.314190,0.40574575,-0.521113281,-0.507379929,-0.642417675,-0.525060661,0.620871084,-0.0736950405,7.864e-07,1,0
0.326810,-0.296735,0.411888407,-0.521278522,-0.512969787,-0.6394818,-0.530795272,0.603639153,-0.0872117533,6.152e-07,1,0
0.326810,-0.279280,0.417776552,-0.521323676,-0.518304281,-0.636650834,-0.536182084,0.586583354,-0.100784401,4.802e-07,1,0
0.326810,-0.261825,0.423420238,-0.521248449,-0.523404035,-0.633918364,-0.541237406,0.569693309,-0.114412338,3.739e-07,1,0
0.326810,-0.244370,0.428828588,-0.521052543,-0.528288048,-0.631278097,-0.545975926,0.552959734,-0.128094956,2.906e-07,1,0
0.326810,-0.226915,0.434009915,-0.520735651,-0.532973897,-0.628723853,-0.550410894,0.536374304,-0.14183169,2.254e-07,1,0
0.326810,-0.209460,0.438971805,-0.520297446,-0.537477905,-0.626249557,-0.554554279,0.519929538,-0.155622015,1.745e-07,1,0
0.326810,-0.192005,0.443721209,-0.519737579,-0.541815288,-0.623849236,-0.558416904,0.503618695,-0.169465451,1.349e-07,1,0
0.326810,-0.174550,0.4482645,-0.519055673,-0.546000279,-0.621517009,-0.562008554,0.487435694,-0.183361558,1.040e-07,1,0
0.326810,-0.157095,0.452607541,-0.518251316,-0.55004624,-0.619247077,-0.565338085,0.471375039,-0.197309945,8.006e-08,1,0
0.326810,-0.139640,0.456755736,-0.517324062,-0.553965765,-0.617033713,-0.568413508,0.455431759,-0.211310265,6.140e-08,1,0
0.326810,-0.122185,0.460714068,-0.516273425,-0.557770756,-0.614871251,-0.571242054,0.439601351,-0.225362218,4.858e-08,1,0
0.326810,-0.104730,0.464487145,-0.51509887,-0.561472509,-0.612754081,-0.573830249,0.423879733,-0.239465554,4.091e-08,1,0
0.326810,-0.087275,0.468079231,-0.513799824,-0.565081778,-0.610676629,-0.576183965,0.408263208,-0.253620075,3.509e-08,1,0
0.326810,-0.069820,0.471494276,-0.512375657,-0.568608834,-0.608633351,-0.578308466,0.392748418,-0.267825633,3.079e-08,1,0
0.326810,-0.052365,0.474735945,-0.510825691,-0.572063526,-0.60661872,-0.580208457,0.377332324,-0.282082139,2.777e-08,1,0
0.326810,-0.034910,0.477807635,-0.509149191,-0.575455324,-0.604627212,-0.581888111,0.36201217,-0.296389558,2.587e-08,1,0
0.326810,-0.017455,0.480712504,-0.507345362,-0.578793371,-0.602653297,-0.583351108,0.346785459,-0.310747917,2.496e-08,1,0
0.326810,0.000000,0.483453483,-0.505413347,-0.582086519,-0.600691421,-0.584600656,0.331649935,-0.325157305,2.502e-08,1,0
0.326810,0.017455,0.486033295,-0.503352228,-0.585343372,-0.598735995,-0.585639518,0.316603562,-0.339617878,2.605e-08,1,0
0.326810,0.034910,0.488454467,-0.501161011,-0.588572317,-0.596781378,-0.586470027,0.301644505,-0.35412986,2.812e-08,1,0
0.326810,0.052365,0.490719345,-0.498838634,-0.591781561,-0.594821865,-0.587094102,0.286771116,-0.368693552,3.135e-08,1,0
0.326810,0.069820,0.492830106,-0.496383956,-0.59497916,-0.592851671,-0.587513261,0.27198192,-0.383309329,3.596e-08,1,0
0.326810,0.087275,0.494788766,-0.493795753,-0.598173048,-0.59086491,-0.58772863,0.257275601,-0.397977652,4.222e-08,1,0
0.326810,0.104730,0.496597186,-0.491072714,-0.601371063,-0.58885558,-0.587740944,0.242650995,-0.412699069,5.050e-08,1,0
0.326810,0.122185,0.498257088,-0.488213435,-0.604580978,-0.586817545,-0.587550557,0.228107077,-0.427474223,6.380e-08,1,0
0.326810,0.139640,0.49977006,-0.485216412,-0.607810525,-0.584744513,-0.587157442,0.213642949,-0.442303857,8.420e-08,1,0
0.326810,0.157095,0.501137551,-0.482080036,-0.61106741,-0.582630013,-0.586561177,0.199257839,-0.457188824,1.106e-07,1,0
0.326810,0.174550,0.502360893,-0.478802581,-0.614359352,-0.580467374,-0.585760952,0.184951088,-0.472130093,1.449e-07,1,0
0.326810,0.192005,0.503441299,-0.475382197,-0.6176941,-0.578249699,-0.584755558,0.170722145,-0.487128757,1.893e-07,1,0
0.326810,0.209460,0.504379861,-0.471816906,-0.62107945,-0.575969832,-0.583543368,0.156570563,-0.502186048,2.467e-07,1,0
0.326810,0.226915,0.505177565,-0.46810458,-0.624523277,-0.57362034,-0.582122333,0.142495988,-0.517303345,3.208e-07,1,0
0.326810,0.244370,0.505835285,-0.464242939,-0.628033551,-0.571193463,-0.580489949,0.128498161,-0.532482188,4.161e-07,1,0
0.326810,0.261825,0.506353793,-0.46022953,-0.631618365,-0.568681092,-0.578643251,0.114576909,-0.547724291,5.383e-07,1,0
0.326810,0.279280,0.506733757,-0.456061714,-0.635285952,-0.566074719,-0.57657877,0.10073214,-0.563031564,6.947e-07,1,0
0.326810,0.296735,0.506975744,-0.451736652,-0.639044717,-0.563365399,-0.574292514,0.086963844,-0.578406124,8.940e-07,1,0
0.326810,0.314190,0.507080224,-0.447251279,-0.642903248,-0.560543695,-0.571779922,0.073272085,-0.593850324,1.147e-06,1,0
0.326810,0.331645,0.507047571,-0.442602282,-0.646870357,-0.557599624,-0.569035831,0.0596569999,-0.60936677,1.468e-06,1,0
0.326810,0.349100,0.506878059,-0.437786081,-0.650955081,-0.554522598,-0.566054412,0.0461187954,-0.624958354,1.872e-06,1,0
0.344700,-0.349100,0.386168348,-0.524231302,-0.487830797,-0.643464401,-0.504221759,0.678646928,-0.0641325731,1.795e-06,1,0
0.344700,-0.331645,0.393312795,-0.524470522,-0.494479355,-0.640481953,-0.511249592,0.660621453,-0.077530967,1.427e-06,1,0
0.344700,-0.314190,0.40015306,-0.524592112,-0.500778433,-0.637611391,-0.517846566,0.642828445,-0.0909891862,1.132e-06,1,0
0.344700,-0.296735,0.406704107,-0.524595479,-0.506756924,-0.634846257,-0.524036971,0.625251667,-0.104506589,8.956e-07,1,0
0.344700,-0.279280,0.412979357,-0.524480072,-0.512441067,-0.632180156,-0.529842482,0.607876766,-0.118082574,7.074e-07,1,0
0.344700,-0.261825,0.418990894,-0.524245362,-0.517854788,-0.629606773,-0.535282475,0.590691003,-0.131716587,5.576e-07,1,0
0.344700,-0.244370,0.424749641,-0.523890836,-0.52302001,-0.627119865,-0.540374327,0.573683031,-0.145408115,4.388e-07,1,0
0.344700,-0.226915,0.430265504,-0.523415976,-0.527956902,-0.624713269,-0.545133647,0.556842711,-0.159156693,3.447e-07,1,0
0.344700,-0.209460,0.435547497,-0.522820258,-0.532684096,-0.622380895,-0.549574478,0.54016096,-0.172961902,2.704e-07,1,0
0.344700,-0.192005,0.440603846,-0.522103135,-0.537218874,-0.620116726,-0.553709472,0.523629619,-0.186823369,2.117e-07,1,0
0.344700,-0.174550,0.445442073,-0.521264038,-0.541577319,-0.617914801,-0.55755003,0.507241344,-0.200740775,1.655e-07,1,0
0.344700,-0.157095,0.450069079,-0.520302363,-0.545774463,-0.615769221,-0.561106429,0.49098951,-0.214713848,1.290e-07,1,0
0.344700,-0.139640,0.454491204,-0.519217472,-0.5498244,-0.613674133,-0.564387931,0.474868132,-0.228742371,1.002e-07,1,0
0.344700,-0.122185,0.45871429,-0.518008681,-0.553740398,-0.611623719,-0.567402873,0.458871798,-0.242826182,8.028e-08,1,0
0.344700,-0.104730,0.46274372,-0.516675263,-0.557534983,-0.609612188,-0.570158745,0.442995604,-0.256965177,6.859e-08,1,0
0.344700,-0.087275,0.466584472,-0.515216435,-0.561220031,-0.607633766,-0.572662263,0.427235107,-0.27115931,5.965e-08,1,0
0.344700,-0.069820,0.470241148,-0.513631362,-0.564806834,-0.605682681,-0.574919423,0.411586276,-0.285408597,5.299e-08,1,0
0.344700,-0.052365,0.473718014,-0.511919147,-0.568306171,-0.603753155,-0.576935556,0.396045454,-0.29971312,4.830e-08,1,0
0.344700,-0.034910,0.477019022,-0.510078829,-0.571728361,-0.601839386,-0.578715368,0.380609325,-0.314073031,4.533e-08,1,0
0.344700,-0.017455,0.480147839,-0.50810938,-0.575083321,-0.599935535,-0.58026298,0.365274881,-0.328488551,4.394e-08,1,0
0.344700,0.000000,0.483107872,-0.506009696,-0.578380615,-0.598035718,-0.581581962,0.350039393,-0.342959978,4.406e-08,1,0
0.344700,0.017455,0.485902283,-0.503778599,-0.581629493,-0.596133978,-0.582675352,0.334900395,-0.357487691,4.572e-08,1,0
0.344700,0.034910,0.488534008,-0.501414826,-0.584838937,-0.59422428,-0.583545682,0.319855652,-0.372072153,4.901e-08,1,0
0.344700,0.052365,0.491005777,-0.498917026,-0.588017697,-0.592300492,-0.584195004,0.304903149,-0.386713918,5.412e-08,1,0
0.344700,0.069820,0.493320124,-0.496283755,-0.591174321,-0.590356361,-0.584624885,0.290041073,-0.401413636,6.133e-08,1,0
0.344700,0.087275,0.495479399,-0.493513468,-0.594317196,-0.588385497,-0.584836433,0.275267795,-0.416172058,7.104e-08,1,0
0.344700,0.104730,0.497485783,-0.490604512,-0.597454575,-0.586381356,-0.584830298,0.260581857,-0.430990049,8.375e-08,1,0
0.344700,0.122185,0.499341293,-0.487555122,-0.6005946,-0.584337209,-0.584606671,0.245981964,-0.445868589,1.042e-07,1,0
0.344700,0.139640,0.501047798,-0.484363406,-0.603745341,-0.582246125,-0.584165289,0.231466968,-0.460808785,1.357e-07,1,0
0.344700,0.157095,0.502607021,-0.481027342,-0.606914811,-0.580100942,-0.583505425,0.21703586,-0.475811883,1.760e-07,1,0
0.344700,0.174550,0.504020546,-0.477544763,-0.610110997,-0.577894237,-0.58262588,0.202687762,-0.490879276,2.275e-07,1,0
0.344700,0.192005,0.505289831,-0.473913348,-0.613341887,-0.575618299,-0.58152498,0.188421919,-0.50601252,2.933e-07,1,0
0.344700,0.209460,0.506416208,-0.470130608,-0.616615488,-0.573265091,-0.580200548,0.17423769,-0.521213342,3.772e-07,1,0
0.344700,0.226915,0.50740089,-0.46619387,-0.619939851,-0.570826214,-0.578649888,0.160134543,-0.536483665,4.841e-07,1,0
0.344700,0.244370,0.508244977,-0.462100266,-0.623323096,-0.568292865,-0.576869763,0.146112048,-0.551825618,6.200e-07,1,0
0.344700,0.261825,0.508949459,-0.457846707,-0.626773433,-0.565655793,-0.574856362,0.132169872,-0.56724156,7.923e-07,1,0
0.344700,0.279280,0.509515223,-0.453429864,-0.630299186,-0.562905247,-0.572605267,0.118307775,-0.582734104,1.010e-06,1,0
0.344700,0.296735,0.509943051,-0.448846152,-0.63390881,-0.560030917,-0.570111405,0.104525603,-0.598306138,1.285e-06,1,0
0.344700,0.314190,0.510233632,-0.444091691,-0.637610924,-0.557021878,-0.56736901,0.0908232866,-0.613960861,1.630e-06,1,0
0.344700,0.331645,0.51038756,-0.439162286,-0.641414321,-0.553866506,-0.564371554,0.0772008362,-0.629701814,2.062e-06,1,0
0.344700,0.349100,0.51040534,-0.434053384,-0.645327999,-0.55055241,-0.561111691,0.0636583377,-0.64553292,2.603e-06,1,0
0.362590,-0.349100,0.379446841,-0.528225926,-0.480007387,-0.638215634,-0.495721253,0.701576975,-0.0814484241,2.516e-06,1,0
0.362590,-0.331645,0.387082014,-0.528296574,-0.487180437,-0.635429728,-0.503339175,0.683118909,-0.0948405732,2.021e-06,1,0
0.362590,-0.314190,0.394383187,-0.528251655,-0.493951189,-0.63274883,-0.510476033,0.664928957,-0.108294993,1.620e-06,1,0
0.362590,-0.296735,0.401368484,-0.52809026,-0.500353633,-0.630166727,-0.517160944,0.646987096,-0.121811128,1.296e-06,1,0
0.362590,-0.279280,0.408054067,-0.527811557,-0.506418423,-0.627677213,-0.523419736,0.629275736,-0.135388466,1.035e-06,1,0
0.362590,-0.261825,0.414454406,-0.527414758,-0.512173337,-0.625274097,-0.529275381,0.611779347,-0.149026548,8.251e-07,1,0
0.362590,-0.244370,0.420582514,-0.526899105,-0.517643674,-0.62295122,-0.534748379,0.594484164,-0.162724959,6.569e-07,1,0
0.362590,-0.226915,0.426450148,-0.526263853,-0.522852585,-0.620702458,-0.539857071,0.57737794,-0.176483338,5.221e-07,1,0
0.362590,-0.209460,0.432067953,-0.525508254,-0.527821332,-0.618521721,-0.54461788,0.560449745,-0.190301374,4.144e-07,1,0
0.362590,-0.192005,0.437445613,-0.524631549,-0.53256954,-0.616402959,-0.549045553,0.543689792,-0.20417881,3.284e-07,1,0
0.362590,-0.174550,0.442591957,-0.523632959,-0.537115387,-0.614340147,-0.553153328,0.527089297,-0.218115448,2.597e-07,1,0
0.362590,-0.157095,0.447515055,-0.522511674,-0.541475777,-0.612327291,-0.556953096,0.510640358,-0.232111145,2.048e-07,1,0
0.362590,-0.139640,0.452222302,-0.521266844,-0.545666487,-0.610358413,-0.560455535,0.494335848,-0.246165818,1.608e-07,1,0
0.362590,-0.122185,0.456720496,-0.51989758,-0.549702297,-0.608427543,-0.563670224,0.478169334,-0.26027945,1.305e-07,1,0
0.362590,-0.104730,0.461015892,-0.518402938,-0.55359711,-0.606528713,-0.566605743,0.462134995,-0.274452087,1.130e-07,1,0
0.362590,-0.087275,0.465114254,-0.516781917,-0.557364033,-0.60465594,-0.56926975,0.446227561,-0.288683844,9.947e-08,1,0
0.362590,-0.069820,0.469020909,-0.515033457,-0.561015486,-0.602803223,-0.571669061,0.430442255,-0.302974911,8.935e-08,1,0
0.362590,-0.052365,0.472740783,-0.51315643,-0.564563266,-0.600964516,-0.573809706,0.414774743,-0.317325551,8.218e-08,1,0
0.362590,-0.034910,0.476278439,-0.511149633,-0.568018623,-0.59913373,-0.575696988,0.399221092,-0.331736108,7.764e-08,1,0
0.362590,-0.017455,0.479638105,-0.509011784,-0.57139232,-0.597304708,-0.577335522,0.383777733,-0.346207013,7.554e-08,1,0
0.362590,0.000000,0.482823703,-0.506741519,-0.574694688,-0.59547121,-0.578729274,0.368441427,-0.360738784,7.579e-08,1,0
0.362590,0.017455,0.485838876,-0.504337379,-0.577935682,-0.593626899,-0.579881593,0.353209234,-0.375332035,7.842e-08,1,0
0.362590,0.034910,0.488687007,-0.50179781,-0.581124925,-0.591765322,-0.580795239,0.338078492,-0.389987484,8.356e-08,1,0
0.362590,0.052365,0.491371243,-0.499121154,-0.584271752,-0.589879887,-0.581472404,0.323046789,-0.404705956,9.148e-08,1,0
0.362590,0.069820,0.493894502,-0.496305641,-0.587385242,-0.587963848,-0.581914721,0.308111945,-0.419488391,1.026e-07,1,0
0.362590,0.087275,0.4962595,-0.493349378,-0.590474267,-0.586010279,-0.58212328,0.293271995,-0.434335856,1.174e-07,1,0
0.362590,0.104730,0.498468756,-0.490250346,-0.593547515,-0.584012048,-0.582098634,0.278525169,-0.449249551,1.366e-07,1,0
0.362590,0.122185,0.500524615,-0.487006388,-0.596613529,-0.581961794,-0.581840803,0.263869882,-0.464230821,1.673e-07,1,0
0.362590,0.139640,0.502429244,-0.483615192,-0.599680734,-0.579851897,-0.581349263,0.249304717,-0.479281166,2.156e-07,1,0
0.362590,0.157095,0.504184657,-0.480074289,-0.602757464,-0.577674448,-0.580622954,0.234828416,-0.494402258,2.763e-07,1,0
0.362590,0.174550,0.505792717,-0.476381032,-0.605851991,-0.575421212,-0.579660255,0.220439868,-0.509595951,3.528e-07,1,0
0.362590,0.192005,0.507255143,-0.472532585,-0.608972551,-0.57308359,-0.578458972,0.2061381,-0.524864302,4.494e-07,1,0
0.362590,0.209460,0.508573523,-0.468525903,-0.612127366,-0.570652586,-0.577016323,0.191922268,-0.540209586,5.710e-07,1,0
0.362590,0.226915,0.509749317,-0.464357717,-0.615324673,-0.568118749,-0.575328904,0.177791649,-0.555634318,7.241e-07,1,0
0.362590,0.244370,0.510783866,-0.460024507,-0.618572739,-0.565472132,-0.573392662,0.163745635,-0.57114128,9.165e-07,1,0
0.362590,0.261825,0.511678396,-0.455522486,-0.62187989,-0.562702229,-0.571202848,0.149783725,-0.586733544,1.158e-06,1,0
0.362590,0.279280,0.512434028,-0.450847565,-0.625254533,-0.559797915,-0.568753984,0.135905521,-0.602414503,1.459e-06,1,0
0.362590,0.296735,0.51305178,-0.445995324,-0.628705175,-0.556747375,-0.5660398,0.12211072,-0.61818791,1.836e-06,1,0
0.362590,0.314190,0.513532575,-0.44096098,-0.632240442,-0.553538023,-0.563053171,0.108399114,-0.634057916,2.304e-06,1,0
0.362590,0.331645,0.513877247,-0.435739342,-0.635869104,-0.55015641,-0.559786046,0.0947705776,-0.650029115,2.885e-06,1,0
0.362590,0.349100,0.514086548,-0.430324768,-0.639600087,-0.546588122,-0.55622936,0.0812250726,-0.666106601,3.605e-06,1,0
0.380480,-0.349100,0.372460814,-0.532421893,-0.471837848,-0.632875519,-0.486938131,0.72471744,-0.0987776772,3.510e-06,1,0
0.380480,-0.331645,0.380623333,-0.532320319,-0.479587266,-0.630300713,-0.495201204,0.705795445,-0.11216157,2.847e-06,1,0
0.380480,-0.314190,0.388417811,-0.532105496,-0.486874815,-0.627823305,-0.502926518,0.687181986,-0.125610145,2.305e-06,1,0
0.380480,-0.296735,0.39586618,-0.531776162,-0.493740564,-0.625437395,-0.510148974,0.668852458,-0.139122934,1.863e-06,1,0
0.380480,-0.279280,0.40298786,-0.531331161,-0.500220381,-0.623137008,-0.516899325,0.650785387,-0.152699519,1.503e-06,1,0
0.380480,-0.261825,0.409800138,-0.530769412,-0.506346554,-0.620916126,-0.523204777,0.632961934,-0.166339536,1.211e-06,1,0
0.380480,-0.244370,0.416318479,-0.530089887,-0.51214831,-0.618768703,-0.529089485,0.615365487,-0.180042675,9.748e-07,1,0
0.380480,-0.226915,0.422556778,-0.529291585,-0.517652225,-0.616688678,-0.534574948,0.597981342,-0.193808681,7.833e-07,1,0
0.380480,-0.209460,0.428527572,-0.528373519,-0.522882591,-0.614669985,-0.539680351,0.580796428,-0.207637356,6.285e-07,1,0
0.380480,-0.192005,0.434242211,-0.527334695,-0.527861698,-0.612706554,-0.544422836,0.56379909,-0.221528564,5.035e-07,1,0
0.380480,-0.174550,0.439711009,-0.526174104,-0.532610095,-0.610792307,-0.548817741,0.546978897,-0.235482232,4.024e-07,1,0
0.380480,-0.157095,0.444943363,-0.524890711,-0.537146795,-0.608921165,-0.552878794,0.530326497,-0.24949835,3.207e-07,1,0
0.380480,-0.139640,0.449947859,-0.523483445,-0.541489463,-0.607087025,-0.556618277,0.513833478,-0.263576978,2.544e-07,1,0
0.380480,-0.122185,0.454732367,-0.521951184,-0.545654574,-0.60528377,-0.560047173,0.497492258,-0.277718246,2.091e-07,1,0
0.380480,-0.104730,0.45930411,-0.520292758,-0.549657549,-0.603505252,-0.563175285,0.481295993,-0.291922361,1.831e-07,1,0
0.380480,-0.087275,0.463669733,-0.518506934,-0.553512871,-0.601745277,-0.566011333,0.465238495,-0.306189607,1.630e-07,1,0
0.380480,-0.069820,0.467835363,-0.516592409,-0.557234198,-0.5999976,-0.568563052,0.449314159,-0.320520352,1.478e-07,1,0
0.380480,-0.052365,0.471806658,-0.514547803,-0.560834451,-0.59825591,-0.570837256,0.433517905,-0.334915052,1.371e-07,1,0
0.380480,-0.034910,0.47558885,-0.512371658,-0.564325896,-0.596513811,-0.572839912,0.417845125,-0.349374256,1.302e-07,1,0
0.380480,-0.017455,0.479186783,-0.51006242,-0.567720222,-0.59476481,-0.574576186,0.402291635,-0.363898612,1.271e-07,1,0
0.380480,0.000000,0.482604946,-0.507618442,-0.571028598,-0.593002299,-0.57605049,0.386853637,-0.378488871,1.276e-07,1,0
0.380480,0.017455,0.485847507,-0.505037969,-0.574261744,-0.591219537,-0.577266523,0.371527684,-0.3931459,1.317e-07,1,0
0.380480,0.034910,0.488918334,-0.502319133,-0.577429973,-0.589409623,-0.578227294,0.356310643,-0.407870684,1.396e-07,1,0
0.380480,0.052365,0.491821024,-0.499459945,-0.580543251,-0.587565485,-0.578935159,0.341199678,-0.422664336,1.516e-07,1,0
0.380480,0.069820,0.494558917,-0.496458283,-0.583611233,-0.585679845,-0.57939182,0.326192214,-0.437528109,1.684e-07,1,0
0.380480,0.087275,0.497135121,-0.493311883,-0.586643305,-0.583745203,-0.579598355,0.311285923,-0.452463403,1.907e-07,1,0
0.380480,0.104730,0.499552528,-0.490018329,-0.589648628,-0.581753801,-0.579555217,0.296478702,-0.46747178,2.193e-07,1,0
0.380480,0.122185,0.501813825,-0.486575037,-0.592636166,-0.579697596,-0.579262233,0.281768656,-0.482554976,2.647e-07,1,0
0.380480,0.139640,0.503921512,-0.482979246,-0.595614724,-0.577568226,-0.578718604,0.267154083,-0.497714918,3.375e-07,1,0
0.380480,0.157095,0.505877912,-0.479227998,-0.598592973,-0.575356972,-0.577922896,0.252633457,-0.512953735,4.280e-07,1,0
0.380480,0.174550,0.507685184,-0.475318127,-0.601579485,-0.573054718,-0.576873024,0.238205422,-0.528273783,5.407e-07,1,0
0.380480,0.192005,0.509345333,-0.471246232,-0.604582755,-0.570651908,-0.575566231,0.223868772,-0.543677666,6.811e-07,1,0
0.380480,0.209460,0.510860221,-0.467008663,-0.60761123,-0.568138489,-0.573999062,0.20962245,-0.559168254,8.560e-07,1,0
0.380480,0.226915,0.512231572,-0.462601492,-0.610673332,-0.565503867,-0.572167329,0.195465531,-0.574748716,1.074e-06,1,0
0.380480,0.244370,0.513460987,-0.458020491,-0.613777482,-0.562736835,-0.570066074,0.18139722,-0.590422551,1.344e-06,1,0
0.380480,0.261825,0.514549947,-0.453261094,-0.616932123,-0.559825506,-0.567689514,0.167416839,-0.606193619,1.680e-06,1,0
0.380480,0.279280,0.515499826,-0.448318369,-0.620145736,-0.55675724,-0.565030985,0.153523824,-0.622066186,2.095e-06,1,0
0.380480,0.296735,0.516311892,-0.443186973,-0.623426866,-0.553518549,-0.562082875,0.139717716,-0.638044968,2.609e-06,1,0
0.380480,0.314190,0.516987325,-0.43786111,-0.626784142,-0.550095002,-0.558836544,0.125998159,-0.654135183,3.241e-06,1,0
0.380480,0.331645,0.51752722,-0.432334474,-0.630226289,-0.546471109,-0.555282225,0.11236489,-0.670342619,4.019e-06,1,0
0.380480,0.349100,0.517932596,-0.426600191,-0.633762144,-0.542630186,-0.551408913,0.0988177394,-0.6866737,4.974e-06,1,0
0.398370,-0.349100,0.36518066,-0.536834704,-0.463283237,-0.627434407,-0.47783343,0.748086895,-0.116118114,4.876e-06,1,0
0.398370,-0.331645,0.373912024,-0.536556861,-0.471667774,-0.625086357,-0.486803885,0.728665271,-0.129491619,3.991e-06,1,0
0.398370,-0.314190,0.382236275,-0.536168391,-0.479522896,-0.622827294,-0.495172205,0.709598299,-0.142932178,3.262e-06,1,0
0.398370,-0.296735,0.390179961,-0.535667618,-0.486895979,-0.620651701,-0.502980266,0.690855781,-0.156439417,2.662e-06,1,0
0.398370,-0.279280,0.397766413,-0.535053019,-0.493829094,-0.618553901,-0.510264715,0.672411563,-0.170013012,2.169e-06,1,0
0.398370,-0.261825,0.405016263,-0.534323185,-0.500359844,-0.616528092,-0.517057769,0.654242854,-0.183652701,1.765e-06,1,0
0.398370,-0.244370,0.411947859,-0.533476782,-0.506522037,-0.614568378,-0.523387874,0.636329683,-0.197358278,1.435e-06,1,0
0.398370,-0.226915,0.418577595,-0.53251253,-0.512346233,-0.612668794,-0.529280219,0.618654466,-0.2111296,1.164e-06,1,0
0.398370,-0.209460,0.424920194,-0.531429173,-0.517860198,-0.610823319,-0.534757179,0.601201647,-0.224966588,9.436e-07,1,0
0.398370,-0.192005,0.430988925,-0.530225462,-0.523089275,-0.609025881,-0.539838662,0.583957414,-0.238869227,7.634e-07,1,0
0.398370,-0.174550,0.436795799,-0.528900139,-0.528056706,-0.607270363,-0.544542409,0.566909457,-0.252837577,6.162e-07,1,0
0.398370,-0.157095,0.442351721,-0.527451926,-0.532783892,-0.605550606,-0.548884242,0.550046772,-0.266871766,4.957e-07,1,0
0.398370,-0.139640,0.447666623,-0.525879506,-0.537290621,-0.603860394,-0.552878269,0.53335949,-0.280972001,3.969e-07,1,0
0.398370,-0.122185,0.452749578,-0.524181517,-0.541595263,-0.602193461,-0.556537062,0.516838745,-0.295138568,3.303e-07,1,0
0.398370,-0.104730,0.457608895,-0.522356541,-0.545714936,-0.600543476,-0.559871803,0.500476545,-0.30937184,2.923e-07,1,0
0.398370,-0.087275,0.4622522,-0.520403091,-0.549665646,-0.598904032,-0.562892408,0.484265679,-0.323672279,2.627e-07,1,0
0.398370,-0.069820,0.466686511,-0.518319609,-0.553462426,-0.597268635,-0.565607643,0.468199628,-0.338040439,2.403e-07,1,0
0.398370,-0.052365,0.470918292,-0.516104445,-0.557119431,-0.595630691,-0.568025202,0.452272489,-0.352476979,2.244e-07,1,0
0.398370,-0.034910,0.474953513,-0.513755864,-0.560650043,-0.593983491,-0.570151793,0.436478909,-0.366982661,2.144e-07,1,0
0.398370,-0.017455,0.478797696,-0.511272024,-0.564066965,-0.592320188,-0.5719932,0.420814036,-0.381558364,2.098e-07,1,0
0.398370,0.000000,0.482455954,-0.508650974,-0.567382282,-0.590633784,-0.573554336,0.40527346,-0.396205087,2.106e-07,1,0
0.398370,0.017455,0.485933024,-0.50589064,-0.570607544,-0.588917109,-0.574839287,0.389853181,-0.410923959,2.169e-07,1,0
0.398370,0.034910,0.489233305,-0.50298882,-0.573753814,-0.587162792,-0.575851347,0.374549562,-0.425716252,2.288e-07,1,0
0.398370,0.052365,0.492360884,-0.499943166,-0.576831742,-0.585363245,-0.576593052,0.359359302,-0.440583385,2.469e-07,1,0
0.398370,0.069820,0.495319559,-0.496751179,-0.579851597,-0.583510626,-0.577066191,0.344279404,-0.455526941,2.720e-07,1,0
0.398370,0.087275,0.498112865,-0.493410194,-0.582823326,-0.58159682,-0.577271828,0.329307152,-0.470548679,3.049e-07,1,0
0.398370,0.104730,0.50074409,-0.489917366,-0.585756589,-0.579613394,-0.577210307,0.314440085,-0.485650549,3.471e-07,1,0
0.398370,0.122185,0.503216299,-0.486269655,-0.588660805,-0.577551572,-0.576881251,0.299675977,-0.500834706,4.128e-07,1,0
0.398370,0.139640,0.505532344,-0.482463806,-0.591545179,-0.575402191,-0.576283557,0.285012819,-0.516103533,5.215e-07,1,0
0.398370,0.157095,0.507694884,-0.478496336,-0.594418741,-0.573155658,-0.575415385,0.270448806,-0.531459658,6.550e-07,1,0
0.398370,0.174550,0.509706399,-0.474363508,-0.59729038,-0.570801898,-0.57427414,0.255982316,-0.54690598,8.193e-07,1,0
0.398370,0.192005,0.511569199,-0.470061308,-0.60016886,-0.56833031,-0.57285644,0.241611903,-0.562445695,1.022e-06,1,0
0.398370,0.209460,0.513285438,-0.465585423,-0.603062863,-0.565729693,-0.571158092,0.227336279,-0.578082326,1.271e-06,1,0
0.398370,0.226915,0.514857128,-0.460931204,-0.605981005,-0.562988198,-0.569174041,0.21315431,-0.59381976,1.578e-06,1,0
0.398370,0.244370,0.516286148,-0.456093637,-0.608931858,-0.560093232,-0.566898323,0.199065,-0.609662283,1.956e-06,1,0
0.398370,0.261825,0.517574254,-0.451067302,-0.611923978,-0.557031391,-0.564324004,0.185067488,-0.625614629,2.420e-06,1,0
0.398370,0.279280,0.518723089,-0.445846326,-0.61496592,-0.553788352,-0.561443101,0.171161035,-0.641682032,2.989e-06,1,0
0.398370,0.296735,0.519734195,-0.440424342,-0.61806626,-0.550348773,-0.558246502,0.157345019,-0.657870283,3.686e-06,1,0
0.398370,0.314190,0.520609028,-0.434794415,-0.62123361,-0.546696165,-0.554723864,0.143618929,-0.674185804,4.537e-06,1,0
0.398370,0.331645,0.521348964,-0.428948988,-0.624476632,-0.54281275,-0.550863484,0.129982359,-0.690635727,5.574e-06,1,0
0.398370,0.349100,0.521955314,-0.422879794,-0.627804054,-0.538679295,-0.546652169,0.116435001,-0.70722799,6.835e-06,1,0
0.416260,-0.349100,0.357572383,-0.54148125,-0.45429873,-0.621881425,-0.468361867,0.77170711,-0.133467374,6.740e-06,1,0
0.416260,-0.331645,0.366919897,-0.541022649,-0.463385319,-0.619777035,-0.478110479,0.751744918,-0.14682823,5.566e-06,1,0
0.416260,-0.314190,0.375815172,-0.540456394,-0.471865448,-0.617752322,-0.487183393,0.732190339,-0.160258474,4.590e-06,1,0
0.416260,-0.296735,0.384290409,-0.539780327,-0.479795352,-0.615802253,-0.495630992,0.713006295,-0.173757825,3.779e-06,1,0
0.416260,-0.279280,0.392373669,-0.538992506,-0.487224541,-0.613921518,-0.503497015,0.694160952,-0.18732606,3.108e-06,1,0
0.416260,-0.261825,0.40008958,-0.538091149,-0.494196918,-0.612104589,-0.510819655,0.675626779,-0.200963018,2.553e-06,1,0
0.416260,-0.244370,0.4074599,-0.537074582,-0.500751679,-0.610345765,-0.517632423,0.657379816,-0.214668603,2.094e-06,1,0
0.416260,-0.226915,0.414503961,-0.53594121,-0.50692402,-0.608639212,-0.523964837,0.639399092,-0.228442786,1.715e-06,1,0
0.416260,-0.209460,0.421239024,-0.534689484,-0.512745725,-0.60697898,-0.52984298,0.621666155,-0.242285611,1.403e-06,1,0
0.416260,-0.192005,0.427680578,-0.533317872,-0.518245646,-0.605359018,-0.535289959,0.604164701,-0.256197192,1.145e-06,1,0
0.416260,-0.174550,0.43384258,-0.53182485,-0.523450097,-0.603773183,-0.540326285,0.58688026,-0.270177721,9.328e-07,1,0
0.416260,-0.157095,0.439737652,-0.530208869,-0.528383185,-0.602215245,-0.544970169,0.569799945,-0.284227473,7.569e-07,1,0
0.416260,-0.139640,0.445377251,-0.528468355,-0.533067095,-0.600678883,-0.5492378,0.552912242,-0.298346807,6.109e-07,1,0
0.416260,-0.122185,0.45077181,-0.52660168,-0.537522326,-0.599157683,-0.553143553,0.536206831,-0.312536173,5.149e-07,1,0
0.416260,-0.104730,0.455930855,-0.52460716,-0.541767889,-0.597645134,-0.556700171,0.519674439,-0.326796115,4.600e-07,1,0
0.416260,-0.087275,0.460863107,-0.522483041,-0.545821491,-0.596134606,-0.559918919,0.503306717,-0.341127279,4.171e-07,1,0
0.416260,-0.069820,0.465576574,-0.520227484,-0.549699683,-0.594619352,-0.562809724,0.487096128,-0.355530418,3.845e-07,1,0
0.416260,-0.052365,0.470078616,-0.517838557,-0.553417985,-0.593092484,-0.565381265,0.471035861,-0.370006399,3.613e-07,1,0
0.416260,-0.034910,0.474376019,-0.515314224,-0.556991012,-0.591546962,-0.567641083,0.45511975,-0.384556213,3.466e-07,1,0
0.416260,-0.017455,0.47847505,-0.512652334,-0.560432575,-0.58997557,-0.569595658,0.439342203,-0.399180978,3.401e-07,1,0
0.416260,0.000000,0.482381502,-0.509850611,-0.563755759,-0.588370901,-0.571250457,0.423698151,-0.413881953,3.415e-07,1,0
0.416260,0.017455,0.48610074,-0.506906639,-0.566973016,-0.586725327,-0.572610002,0.408182986,-0.428660549,3.509e-07,1,0
0.416260,0.034910,0.489637743,-0.503817855,-0.570096234,-0.58503098,-0.57367791,0.392792528,-0.443518336,3.687e-07,1,0
0.416260,0.052365,0.49299713,-0.50058153,-0.573136793,-0.583279719,-0.57445692,0.377522976,-0.458457061,3.955e-07,1,0
0.416260,0.069820,0.496183195,-0.497194757,-0.576105633,-0.581463103,-0.57494892,0.362370877,-0.473478659,4.324e-07,1,0
0.416260,0.087275,0.499199936,-0.493654439,-0.579013299,-0.579572352,-0.575154967,0.347333097,-0.488585269,4.806e-07,1,0
0.416260,0.104730,0.502051073,-0.489957269,-0.581869991,-0.577598314,-0.575075285,0.332406792,-0.503779255,5.418e-07,1,0
0.416260,0.122185,0.504740076,-0.486099708,-0.584685611,-0.575531422,-0.574709278,0.317589383,-0.519063225,6.350e-07,1,0
0.416260,0.139640,0.507270179,-0.482077972,-0.587469793,-0.573361645,-0.574055511,0.302878537,-0.53444005,7.958e-07,1,0
0.416260,0.157095,0.509644401,-0.477888003,-0.590231948,-0.57107844,-0.573111697,0.288272147,-0.549912897,9.908e-07,1,0
0.416260,0.174550,0.511865567,-0.473525446,-0.592981295,-0.568670698,-0.571874682,0.273768314,-0.565485253,1.228e-06,1,0
0.416260,0.192005,0.513936317,-0.468985617,-0.59572689,-0.566126671,-0.570340399,0.259365332,-0.58116096,1.518e-06,1,0
0.416260,0.209460,0.51585912,-0.464263473,-0.598477653,-0.563433911,-0.568503836,0.245061676,-0.596944252,1.871e-06,1,0
0.416260,0.226915,0.517636294,-0.459353576,-0.601242399,-0.560579183,-0.566358977,0.230855987,-0.612839799,2.301e-06,1,0
0.416260,0.244370,0.519270019,-0.454250044,-0.604029858,-0.557548379,-0.563898747,0.21674706,-0.628852757,2.825e-06,1,0
0.416260,0.261825,0.520762343,-0.44894651,-0.606848695,-0.554326411,-0.561114924,0.202733841,-0.644988826,3.463e-06,1,0
0.416260,0.279280,0.522115203,-0.443436063,-0.609707533,-0.550897099,-0.557998059,0.188815406,-0.661254314,4.239e-06,1,0
0.416260,0.296735,0.523330435,-0.43771118,-0.612614967,-0.547243035,-0.554537357,0.174990964,-0.677656217,5.179e-06,1,0
0.416260,0.314190,0.524409792,-0.43176366,-0.615579582,-0.54334543,-0.550720557,0.161259844,-0.694202305,6.318e-06,1,0
0.416260,0.331645,0.525354955,-0.425584531,-0.618609957,-0.539183938,-0.546533782,0.147621485,-0.710901232,7.694e-06,1,0
0.416260,0.349100,0.52616755,-0.419163948,-0.62171468,-0.534736449,-0.541961348,0.134075439,-0.727762657,9.353e-06,1,0
0.434150,-0.349100,0.34959669,-0.546379988,-0.444832411,-0.616204322,-0.458470518,0.795603796,-0.150822945,9.273e-06,1,0
0.434150,-0.331645,0.359614629,-0.545735633,-0.454697806,-0.614361893,-0.469078319,0.775053741,-0.164168758,7.722e-06,1,0
0.434150,-0.314190,0.369127856,-0.544987011,-0.463868273,-0.612588831,-0.478925786,0.754972563,-0.177586252,6.422e-06,1,0
0.434150,-0.296735,0.378175557,-0.544131402,-0.472410899,-0.610880702,-0.488073754,0.735314657,-0.191075239,5.333e-06,1,0
0.434150,-0.279280,0.386791559,-0.543166379,-0.480384179,-0.60923265,-0.496574582,0.71604124,-0.204635599,4.423e-06,1,0
0.434150,-0.261825,0.395005306,-0.542089731,-0.487839547,-0.607639489,-0.504473631,0.697119061,-0.218267277,3.664e-06,1,0
0.434150,-0.244370,0.402842619,-0.540899405,-0.494822567,-0.606095768,-0.511810439,0.678519396,-0.231970291,3.032e-06,1,0
0.434150,-0.226915,0.410326292,-0.539593454,-0.501373872,-0.604595823,-0.518619621,0.660217271,-0.24574473,2.505e-06,1,0
0.434150,-0.209460,0.417476556,-0.538170002,-0.50752991,-0.603133807,-0.524931597,0.642190849,-0.259590762,2.066e-06,1,0
0.434150,-0.192005,0.424311477,-0.536627215,-0.51332358,-0.601703711,-0.530773193,0.62442093,-0.273508633,1.701e-06,1,0
0.434150,-0.174550,0.43084725,-0.534963268,-0.518784716,-0.600299388,-0.536168107,0.60689056,-0.287498678,1.397e-06,1,0
0.434150,-0.157095,0.437098464,-0.533176327,-0.523940508,-0.598914549,-0.541137305,0.5895847,-0.30156132,1.142e-06,1,0
0.434150,-0.139640,0.443078309,-0.531264532,-0.528815851,-0.597542775,-0.545699348,0.572489966,-0.315697076,9.287e-07,1,0
0.434150,-0.122185,0.448798755,-0.529225973,-0.53343364,-0.596177509,-0.549870661,0.555594401,-0.329906564,7.926e-07,1,0
0.434150,-0.104730,0.454270699,-0.527058681,-0.537815016,-0.594812051,-0.553665759,0.538887295,-0.34419051,7.144e-07,1,0
0.434150,-0.087275,0.459504088,-0.52476061,-0.541979574,-0.593439553,-0.557097432,0.522359025,-0.358549751,6.528e-07,1,0
0.434150,-0.069820,0.46450803,-0.522329624,-0.545945555,-0.592053002,-0.56017691,0.50600093,-0.372985246,6.060e-07,1,0
0.434150,-0.052365,0.469290883,-0.519763486,-0.549729992,-0.590645206,-0.562913987,0.489805193,-0.387498083,5.726e-07,1,0
0.434150,-0.034910,0.473860338,-0.51705984,-0.553348859,-0.589208779,-0.565317144,0.473764751,-0.402089487,5.516e-07,1,0
0.434150,-0.017455,0.478223477,-0.514216204,-0.55681718,-0.587736117,-0.567393627,0.457873207,-0.416760832,5.423e-07,1,0
0.434150,0.000000,0.482386846,-0.511229952,-0.560149141,-0.586219377,-0.569149535,0.442124766,-0.431513651,5.447e-07,1,0
0.434150,0.017455,0.486356498,-0.508098302,-0.563358181,-0.584650453,-0.570589882,0.426514168,-0.446349647,5.586e-07,1,0
0.434150,0.034910,0.490138039,-0.504818304,-0.566457073,-0.583020941,-0.571718639,0.411036637,-0.461270711,5.848e-07,1,0
0.434150,0.052365,0.493736674,-0.501386815,-0.569458003,-0.581322117,-0.572538783,0.395687833,-0.476278933,6.240e-07,1,0
0.434150,0.069820,0.497157236,-0.497800495,-0.57237263,-0.579544893,-0.573052316,0.380463815,-0.491376623,6.775e-07,1,0
0.434150,0.087275,0.500404224,-0.494055778,-0.575212147,-0.57767978,-0.573260287,0.365360999,-0.506566326,7.472e-07,1,0
0.434150,0.104730,0.503481825,-0.490148856,-0.577987334,-0.57571685,-0.573162801,0.350376131,-0.521850847,8.351e-07,1,0
0.434150,0.122185,0.506393946,-0.486075656,-0.580708607,-0.573645681,-0.572759017,0.335506255,-0.537233278,9.647e-07,1,0
0.434150,0.139640,0.509144236,-0.481831817,-0.583386063,-0.571455306,-0.572047141,0.320748693,-0.552717018,1.200e-06,1,0
0.434150,0.157095,0.511736102,-0.477412654,-0.586029515,-0.569134154,-0.571024399,0.306101017,-0.568305812,1.482e-06,1,0
0.434150,0.174550,0.514172739,-0.472813139,-0.588648536,-0.566669983,-0.569687019,0.291561035,-0.584003783,1.822e-06,1,0
0.434150,0.192005,0.516457138,-0.468027857,-0.591252481,-0.564049802,-0.568030178,0.277126767,-0.599815475,2.233e-06,1,0
0.434150,0.209460,0.518592112,-0.463050967,-0.593850528,-0.56125979,-0.566047961,0.262796435,-0.615745896,2.728e-06,1,0
0.434150,0.226915,0.520580308,-0.457876157,-0.596451693,-0.558285199,-0.56373329,0.248568443,-0.631800577,3.327e-06,1,0
0.434150,0.244370,0.522424224,-0.452496592,-0.599064868,-0.555110243,-0.561077849,0.23444137,-0.64798563,4.050e-06,1,0
0.434150,0.261825,0.524126227,-0.446904853,-0.601698824,-0.551717981,-0.558071988,0.220413955,-0.66430782,4.922e-06,1,0
0.434150,0.279280,0.525688568,-0.441092871,-0.604362247,-0.548090164,-0.554704612,0.206485084,-0.68077465,5.972e-06,1,0
0.434150,0.296735,0.527113401,-0.435051839,-0.607063743,-0.544207085,-0.550963045,0.192653787,-0.697394459,7.236e-06,1,0
0.434150,0.314190,0.528402797,-0.428772127,-0.609811848,-0.540047381,-0.54683287,0.178919224,-0.714176534,8.753e-06,1,0
0.434150,0.331645,0.529558769,-0.422243165,-0.612615042,-0.535587818,-0.54229774,0.165280678,-0.73113125,1.057e-05,1,0
0.434150,0.349100,0.530583289,-0.415453317,-0.615481744,-0.530803036,-0.537339153,0.151737551,-0.748270226,1.275e-05,1,0
0.452040,-0.349100,0.341207818,-0.551551138,-0.434823704,-0.610389252,-0.448097094,0.81980758,-0.168182157,1.270e-05,1,0
0.452040,-0.331645,0.351958924,-0.550715456,-0.445556573,-0.608828682,-0.459657579,0.79861456,-0.181510395,1.066e-05,1,0
0.452040,-0.314190,0.362143824,-0.549779384,-0.455492164,-0.607326034,-0.470359573,0.777961878,-0.194912557,8.933e-06,1,0
0.452040,-0.296735,0.371810431,-0.548739542,-0.46471099,-0.605877616,-0.480276913,0.757793243,-0.208388559,7.478e-06,1,0
0.452040,-0.279280,0.380999668,-0.547592937,-0.473282516,-0.604479139,-0.489472514,0.738061307,-0.221938381,6.253e-06,1,0
0.452040,-0.261825,0.389746829,-0.546336869,-0.481267245,-0.603125841,-0.498000424,0.718725858,-0.23556208,5.222e-06,1,0
0.452040,-0.244370,0.398082612,-0.544968853,-0.488718321,-0.601812582,-0.505907387,0.699752455,-0.249259787,4.355e-06,1,0
0.452040,-0.226915,0.406033916,-0.543486549,-0.495682781,-0.600533918,-0.513234063,0.681111372,-0.263031714,3.627e-06,1,0
0.452040,-0.209460,0.413624471,-0.541887722,-0.502202532,-0.599284143,-0.520015972,0.662776787,-0.276878157,3.016e-06,1,0
0.452040,-0.192005,0.420875339,-0.540170196,-0.508315157,-0.598057322,-0.526284276,0.644726131,-0.290799502,2.502e-06,1,0
0.452040,-0.174550,0.42780531,-0.538331824,-0.514054535,-0.596847316,-0.532066367,0.626939578,-0.304796226,2.069e-06,1,0
0.452040,-0.157095,0.434431228,-0.536370462,-0.519451382,-0.595647799,-0.537386382,0.609399626,-0.318868906,1.704e-06,1,0
0.452040,-0.139640,0.440768261,-0.534283941,-0.524533672,-0.594452256,-0.542265605,0.59209076,-0.333018225,1.395e-06,1,0
0.452040,-0.122185,0.446830124,-0.532070043,-0.529327007,-0.593253994,-0.546722799,0.574999175,-0.347244976,1.206e-06,1,0
0.452040,-0.104730,0.452629257,-0.529726495,-0.533854916,-0.592046132,-0.550774494,0.558112542,-0.361550071,1.096e-06,1,0
0.452040,-0.087275,0.458176985,-0.527250938,-0.538139112,-0.590821587,-0.554435205,0.54141982,-0.375934547,1.008e-06,1,0
0.452040,-0.069820,0.463483648,-0.524640917,-0.542199717,-0.589573079,-0.557717639,0.524911094,-0.390399577,9.419e-07,1,0
0.452040,-0.052365,0.468558713,-0.521893867,-0.546055443,-0.588293098,-0.560632843,0.508577438,-0.40494648,8.944e-07,1,0
0.452040,-0.034910,0.473410866,-0.51900709,-0.549723759,-0.586973895,-0.563190348,0.4924108,-0.419576728,8.647e-07,1,0
0.452040,-0.017455,0.478048101,-0.515977747,-0.553221034,-0.585607458,-0.565398276,0.476403901,-0.43429196,8.518e-07,1,0
0.452040,0.000000,0.482477786,-0.512802841,-0.556562655,-0.584185485,-0.56726343,0.460550153,-0.449093996,8.555e-07,1,0
0.452040,0.017455,0.486706727,-0.509479195,-0.559763143,-0.582699359,-0.568791373,0.444843584,-0.463984851,8.760e-07,1,0
0.452040,0.034910,0.490741223,-0.506003442,-0.56283624,-0.58114011,-0.569986483,0.429278777,-0.478966751,9.140e-07,1,0
0.452040,0.052365,0.494587113,-0.502371999,-0.565795005,-0.579498386,-0.570852001,0.413850809,-0.494042151,9.706e-07,1,0
0.452040,0.069820,0.498249817,-0.498581053,-0.568651872,-0.577764409,-0.57139006,0.39855521,-0.509213756,1.047e-06,1,0
0.452040,0.087275,0.501734378,-0.494626535,-0.571418739,-0.575927932,-0.571601713,0.383387916,-0.524484545,1.147e-06,1,0
0.452040,0.104730,0.505045491,-0.490504098,-0.574107009,-0.573978186,-0.571486936,0.368345232,-0.539857794,1.272e-06,1,0
0.452040,0.122185,0.508187536,-0.486209089,-0.576727655,-0.571903828,-0.571044625,0.353423804,-0.555337109,1.448e-06,1,0
0.452040,0.139640,0.511164607,-0.481736515,-0.579291262,-0.569692877,-0.57027259,0.338620581,-0.570926458,1.789e-06,1,0
0.452040,0.157095,0.51398053,-0.477081021,-0.581808077,-0.567332646,-0.569167525,0.323932799,-0.586630208,2.194e-06,1,0
0.452040,0.174550,0.516638898,-0.472236839,-0.584288044,-0.564809658,-0.567724978,0.309357951,-0.602453171,2.677e-06,1,0
0.452040,0.192005,0.519143084,-0.467197751,-0.58674084,-0.562109566,-0.565939295,0.29489377,-0.618400649,3.255e-06,1,0
0.452040,0.209460,0.521496267,-0.461957042,-0.589175906,-0.559217043,-0.563803559,0.28053821,-0.634478498,3.946e-06,1,0
0.452040,0.226915,0.523701444,-0.45650744,-0.591602472,-0.556115679,-0.561309514,0.266289429,-0.650693186,4.774e-06,1,0
0.452040,0.244370,0.52576146,-0.450841057,-0.59402959,-0.55278784,-0.55844747,0.252145774,-0.667051876,5.765e-06,1,0
0.452040,0.261825,0.527679023,-0.444949305,-0.596466144,-0.549214524,-0.55520618,0.238105769,-0.683562512,6.949e-06,1,0
0.452040,0.279280,0.529456721,-0.438822825,-0.59892087,-0.545375193,-0.551572709,0.224168101,-0.700233924,8.364e-06,1,0
0.452040,0.296735,0.531097048,-0.432451371,-0.601402374,-0.541247567,-0.547532266,0.210331614,-0.717075951,1.005e-05,1,0
0.452040,0.314190,0.532602423,-0.425823706,-0.603919129,-0.536807398,-0.543068002,0.19659529,-0.734099584,1.206e-05,1,0
0.452040,0.331645,0.533975215,-0.418927453,-0.606479489,-0.532028198,-0.538160779,0.18295825,-0.751317144,1.446e-05,1,0
0.452040,0.349100,0.53521777,-0.411748935,-0.609091672,-0.526880922,-0.53278888,0.16941974,-0.768742482,1.730e-05,1,0
0.469930,-0.349100,0.332352024,-0.557016923,-0.424201341,-0.604420541,-0.437167716,0.844355289,-0.185542175,1.730e-05,1,0
0.469930,-0.331645,0.343909444,-0.555983662,-0.435904973,-0.603163546,-0.449789683,0.822454504,-0.198850156,1.463e-05,1,0
0.469930,-0.314190,0.354827947,-0.554854489,-0.446691889,-0.601951727,-0.461438295,0.801178185,-0.212234259,1.236e-05,1,0
0.469930,-0.296735,0.36516649,-0.553625224,-0.456659439,-0.600782324,-0.472203756,0.780456504,-0.225694498,1.042e-05,1,0
0.469930,-0.279280,0.374974824,-0.552292217,-0.465890602,-0.59965174,-0.482162059,0.760231451,-0.239230963,8.782e-06,1,0
0.469930,-0.261825,0.384295409,-0.5508522,-0.474456902,-0.598555746,-0.491377854,0.740454285,-0.252843819,7.389e-06,1,0
0.469930,-0.244370,0.393164838,-0.549302194,-0.482420581,-0.597489592,-0.499906582,0.721083646,-0.266533319,6.209e-06,1,0
0.469930,-0.226915,0.401614922,-0.54763942,-0.489836271,-0.596448108,-0.507796112,0.702084135,-0.280299798,5.209e-06,1,0
0.469930,-0.209460,0.409673526,-0.54586124,-0.496752293,-0.595425774,-0.515087999,0.68342522,-0.294143686,4.363e-06,1,0
0.469930,-0.192005,0.417365224,-0.543965105,-0.50321168,-0.594416761,-0.521818479,0.665080395,-0.308065508,3.645e-06,1,0
0.469930,-0.174550,0.424711818,-0.541948515,-0.509252996,-0.593414967,-0.528019254,0.647026504,-0.322065892,3.036e-06,1,0
0.469930,-0.157095,0.431732753,-0.539808984,-0.514910987,-0.592414042,-0.533718123,0.629243211,-0.336145573,2.517e-06,1,0
0.469930,-0.139640,0.438445467,-0.537544009,-0.520217149,-0.591407389,-0.538939501,0.611712572,-0.350305405,2.073e-06,1,0
0.469930,-0.122185,0.444865653,-0.535151046,-0.525200144,-0.590388182,-0.54370483,0.594418685,-0.364546361,1.815e-06,1,0
0.469930,-0.104730,0.451007503,-0.532627488,-0.529886195,-0.589349355,-0.548032934,0.577347402,-0.378869547,1.660e-06,1,0
0.469930,-0.087275,0.45688389,-0.529970643,-0.534299392,-0.588283596,-0.55194029,0.560486094,-0.393276209,1.538e-06,1,0
0.469930,-0.069820,0.462506532,-0.527177712,-0.538461952,-0.587183342,-0.555441271,0.54382345,-0.407767741,1.445e-06,1,0
0.469930,-0.052365,0.467886133,-0.524245778,-0.542394458,-0.586040754,-0.558548347,0.527349315,-0.422345703,1.378e-06,1,0
0.469930,-0.034910,0.473032489,-0.521171778,-0.546116032,-0.584847704,-0.561272228,0.511054548,-0.437011823,1.337e-06,1,0
0.469930,-0.017455,0.477954596,-0.517952492,-0.549644529,-0.583595748,-0.563622023,0.494930902,-0.451768021,1.319e-06,1,0
0.469930,0.000000,0.482660731,-0.514584521,-0.552996656,-0.5822761,-0.565605328,0.478970923,-0.466616417,1.325e-06,1,0
0.469930,0.017455,0.487158529,-0.511064268,-0.556188118,-0.580879598,-0.567228324,0.463167867,-0.481559353,1.355e-06,1,0
0.469930,0.034910,0.491455044,-0.507387915,-0.559233718,-0.579396672,-0.568495847,0.447515616,-0.496599407,1.409e-06,1,0
0.469930,0.052365,0.49555681,-0.503551407,-0.562147461,-0.577817299,-0.569411443,0.432008623,-0.511739419,1.490e-06,1,0
0.469930,0.069820,0.499469887,-0.499550423,-0.564942631,-0.57613096,-0.569977396,0.416641845,-0.526982516,1.599e-06,1,0
0.469930,0.087275,0.503199908,-0.495380351,-0.567631881,-0.57432659,-0.570194768,0.401410704,-0.542332132,1.740e-06,1,0
0.469930,0.104730,0.50675212,-0.491036259,-0.570227291,-0.572392518,-0.570063398,0.386311035,-0.557792048,1.915e-06,1,0
0.469930,0.122185,0.510131413,-0.486512865,-0.572740428,-0.570316406,-0.5695819,0.371339053,-0.573366421,2.149e-06,1,0
0.469930,0.139640,0.513342362,-0.481804499,-0.575182408,-0.568085171,-0.568747655,0.356491317,-0.589059825,2.639e-06,1,0
0.469930,0.157095,0.516389248,-0.476905063,-0.577563936,-0.565684911,-0.567556772,0.341764702,-0.604877299,3.215e-06,1,0
0.469930,0.174550,0.519276091,-0.471807989,-0.579895354,-0.56310081,-0.566004048,0.32715637,-0.620824394,3.896e-06,1,0
0.469930,0.192005,0.522006671,-0.466506182,-0.582186675,-0.560317033,-0.564082912,0.312663749,-0.636907239,4.703e-06,1,0
0.469930,0.209460,0.524584561,-0.460991964,-0.584447619,-0.557316604,-0.561785342,0.298284511,-0.653132608,5.661e-06,1,0
0.469930,0.226915,0.527013139,-0.455257006,-0.586687643,-0.554081279,-0.559101774,0.284016554,-0.669507996,6.798e-06,1,0
0.469930,0.244370,0.529295622,-0.44929225,-0.58891596,-0.550591385,-0.556020986,0.269857982,-0.686041721,8.147e-06,1,0
0.469930,0.261825,0.531435078,-0.443087817,-0.591141559,-0.546825642,-0.55252995,0.255807095,-0.702743028,9.747e-06,1,0
0.469930,0.279280,0.533434461,-0.436632904,-0.593373228,-0.542760953,-0.548613672,0.241862371,-0.71962222,1.164e-05,1,0
0.469930,0.296735,0.535296633,-0.429915653,-0.595619557,-0.538372167,-0.54425498,0.228022458,-0.73669081,1.389e-05,1,0
0.469930,0.314190,0.537024385,-0.422923014,-0.597888939,-0.533631797,-0.539434279,0.214286155,-0.753961706,1.655e-05,1,0
0.469930,0.331645,0.538620471,-0.41564056,-0.600189572,-0.528509674,-0.534129259,0.200652413,-0.771449429,1.968e-05,1,0
0.469930,0.349100,0.540087647,-0.408052284,-0.602529446,-0.522972568,-0.52831454,0.187120317,-0.789170379,2.337e-05,1,0
0.487820,-0.349100,0.322965584,-0.562801833,-0.412880697,-0.598280391,-0.425593989,0.869291685,-0.202899987,2.346e-05,1,0
0.487820,-0.331645,0.335415425,-0.561563953,-0.425676547,-0.597350783,-0.439405271,0.84660611,-0.216184878,1.998e-05,1,0
0.487820,-0.314190,0.347139501,-0.560235367,-0.437414937,-0.596452094,-0.4521074,0.824645089,-0.229548035,1.700e-05,1,0
0.487820,-0.296735,0.358210938,-0.558810931,-0.448214607,-0.595582728,-0.463811469,0.803321426,-0.242989575,1.444e-05,1,0
0.487820,-0.279280,0.368690599,-0.557286203,-0.458175395,-0.594739967,-0.474609861,0.782563693,-0.256509696,1.225e-05,1,0
0.487820,-0.261825,0.37862981,-0.555657264,-0.46738234,-0.59392023,-0.484580296,0.762312596,-0.270108679,1.038e-05,1,0
0.487820,-0.244370,0.388072359,-0.553920563,-0.475908692,-0.593119253,-0.493788798,0.742518352,-0.283786896,8.787e-06,1,0
0.487820,-0.226915,0.397055967,-0.552072826,-0.483818163,-0.592332216,-0.502291902,0.723138736,-0.297544813,7.423e-06,1,0
0.487820,-0.209460,0.405613423,-0.550110965,-0.491166654,-0.591553833,-0.510138337,0.704137629,-0.311382994,6.259e-06,1,0
0.487820,-0.192005,0.413773438,-0.548032017,-0.498003581,-0.590778424,-0.517370327,0.685483891,-0.325302109,5.264e-06,1,0
0.487820,-0.174550,0.421561331,-0.545833094,-0.504372938,-0.58999995,-0.524024605,0.667150493,-0.33930294,4.411e-06,1,0
0.487820,-0.157095,0.428999564,-0.543511338,-0.510314129,-0.589212055,-0.53013323,0.649113831,-0.353386387,3.679e-06,1,0
0.487820,-0.139640,0.436108174,-0.541063885,-0.515862661,-0.58840808,-0.535724228,0.631353181,-0.367553476,3.047e-06,1,0
0.487820,-0.122185,0.442905122,-0.538487835,-0.521050689,-0.587581068,-0.540822122,0.613850261,-0.381805371,2.702e-06,1,0
0.487820,-0.104730,0.449406582,-0.535780224,-0.525907476,-0.586723771,-0.54544835,0.596588868,-0.396143375,2.489e-06,1,0
0.487820,-0.087275,0.455627175,-0.532938001,-0.530459779,-0.585828644,-0.549621625,0.579554593,-0.410568951,2.320e-06,1,0
0.487820,-0.069820,0.461580171,-0.529958,-0.534732175,-0.584887831,-0.553358219,0.56273457,-0.425083725,2.190e-06,1,0
0.487820,-0.052365,0.46727765,-0.526836925,-0.538747312,-0.583893152,-0.556672197,0.546117282,-0.439689505,2.098e-06,1,0
0.487820,-0.034910,0.472730646,-0.523571323,-0.542526167,-0.582836081,-0.55957562,0.529692384,-0.454388289,2.040e-06,1,0
0.487820,-0.017455,0.477949265,-0.520157561,-0.546088222,-0.581707718,-0.562078694,0.513450569,-0.469182286,2.016e-06,1,0
0.487820,0.000000,0.482942788,-0.516591814,-0.549451647,-0.580498765,-0.564189915,0.497383438,-0.484073933,2.025e-06,1,0
0.487820,0.017455,0.48771976,-0.51287003,-0.552633444,-0.579199484,-0.565916165,0.4814834,-0.499065912,2.068e-06,1,0
0.487820,0.034910,0.492288067,-0.508987913,-0.555649576,-0.577799659,-0.567262796,0.465743584,-0.514161174,2.145e-06,1,0
0.487820,0.052365,0.496654998,-0.504940896,-0.558515081,-0.576288554,-0.568233696,0.450157762,-0.529362967,2.259e-06,1,0
0.487820,0.069820,0.500827316,-0.500724108,-0.561244168,-0.574654853,-0.568831333,0.434720281,-0.544674857,2.412e-06,1,0
0.487820,0.087275,0.504811294,-0.496332354,-0.563850309,-0.572886612,-0.569056783,0.419426006,-0.560100769,2.609e-06,1,0
0.487820,0.104730,0.508612773,-0.491760071,-0.566346311,-0.570971186,-0.568909741,0.40427027,-0.575645014,2.854e-06,1,0
0.487820,0.122185,0.512237205,-0.487001295,-0.568744392,-0.568895159,-0.568388521,0.38924883,-0.591312338,3.156e-06,1,0
0.487820,0.139640,0.515689677,-0.482049617,-0.571056227,-0.566644256,-0.567490028,0.374357829,-0.607107965,3.853e-06,1,0
0.487820,0.157095,0.518974962,-0.476898135,-0.573293019,-0.564203255,-0.566209734,0.359593757,-0.623037653,4.667e-06,1,0
0.487820,0.174550,0.522097541,-0.471539403,-0.57546553,-0.561555872,-0.564541612,0.344953428,-0.639107754,5.620e-06,1,0
0.487820,0.192005,0.525061637,-0.465965366,-0.577584134,-0.558684646,-0.562478077,0.330433947,-0.65532529,6.740e-06,1,0
0.487820,0.209460,0.52787124,-0.460167288,-0.579658844,-0.555570793,-0.560009882,0.316032689,-0.671698032,8.057e-06,1,0
0.487820,0.226915,0.530530137,-0.454135676,-0.581699347,-0.552194049,-0.557126011,0.301747277,-0.688234599,9.608e-06,1,0
0.487820,0.244370,0.533041944,-0.447860176,-0.583715027,-0.548532485,-0.553813537,0.287575563,-0.704944576,1.143e-05,1,0
0.487820,0.261825,0.53541012,-0.441329472,-0.58571498,-0.544562287,-0.550057442,0.27351561,-0.721838641,1.359e-05,1,0
0.487820,0.279280,0.53763801,-0.434531146,-0.587708034,-0.540257515,-0.54584042,0.259565679,-0.738928733,1.611e-05,1,0
0.487820,0.296735,0.539728869,-0.427451531,-0.589702752,-0.535589798,-0.54114262,0.24572421,-0.756228236,1.909e-05,1,0
0.487820,0.314190,0.541685892,-0.420075528,-0.591707425,-0.530527997,-0.53594134,0.231989817,-0.773752212,2.258e-05,1,0
0.487820,0.331645,0.543512251,-0.412386381,-0.593730072,-0.525037787,-0.530210665,0.218361268,-0.791517674,2.666e-05,1,0
0.487820,0.349100,0.545211143,-0.404365417,-0.595778412,-0.519081168,-0.523921023,0.204837484,-0.809543927,3.145e-05,1,0
0.505710,-0.349100,0.312972087,-0.568932964,-0.400760169,-0.591948536,-0.41326904,0.894671861,-0.220252399,3.166e-05,1,0
0.505710,-0.331645,0.326416863,-0.567482479,-0.414792625,-0.591372557,-0.428421522,0.871108806,-0.233511205,2.716e-05,1,0
0.505710,-0.314190,0.339030914,-0.565947402,-0.427599878,-0.590811451,-0.442302386,0.848390832,-0.246850364,2.326e-05,1,0
0.505710,-0.296735,0.350905844,-0.564321396,-0.439328282,-0.590265105,-0.455049825,0.826408115,-0.260270098,1.989e-05,1,0
0.505710,-0.279280,0.362116682,-0.562599077,-0.45009897,-0.589731902,-0.466777024,0.805072135,-0.273770715,1.699e-05,1,0
0.505710,-0.261825,0.372725859,-0.560775745,-0.460013752,-0.589209073,-0.477578012,0.784310419,-0.287352615,1.450e-05,1,0
0.505710,-0.244370,0.382786015,-0.558847198,-0.469159317,-0.588692954,-0.487531799,0.764062825,-0.301016292,1.235e-05,1,0
0.505710,-0.226915,0.39234205,-0.556809592,-0.477610314,-0.588179157,-0.496705421,0.744278873,-0.314762342,1.050e-05,1,0
0.505710,-0.209460,0.401432648,-0.554659337,-0.48543166,-0.587662702,-0.505156197,0.72491576,-0.328591471,8.907e-06,1,0
0.505710,-0.192005,0.41009143,-0.552393009,-0.49268029,-0.587138096,-0.51293345,0.705936876,-0.342504496,7.536e-06,1,0
0.505710,-0.174550,0.418347844,-0.550007294,-0.499406536,-0.586599405,-0.520079834,0.687310665,-0.356502357,6.353e-06,1,0
0.505710,-0.157095,0.426227856,-0.547498926,-0.505655188,-0.586040292,-0.526632369,0.669009739,-0.370586121,5.327e-06,1,0
0.505710,-0.139640,0.433754509,-0.544864647,-0.511466365,-0.585454044,-0.532623271,0.651010183,-0.384756997,4.434e-06,1,0
0.505710,-0.122185,0.440948358,-0.542101175,-0.516876197,-0.584833587,-0.538080603,0.633291003,-0.399016339,3.984e-06,1,0
0.505710,-0.104730,0.447827837,-0.53920516,-0.521917402,-0.584171495,-0.543028814,0.615833676,-0.41336566,3.692e-06,1,0
0.505710,-0.087275,0.454409545,-0.536173164,-0.52661975,-0.583459982,-0.547489163,0.598621789,-0.427806643,3.460e-06,1,0
0.505710,-0.069820,0.460708495,-0.533001629,-0.531010448,-0.582690892,-0.551480078,0.581640744,-0.442341155,3.282e-06,1,0
0.505710,-0.052365,0.466738313,-0.52968685,-0.535114475,-0.581855691,-0.555017445,0.564877508,-0.456971261,3.155e-06,1,0
0.505710,-0.034910,0.472511411,-0.526224957,-0.538954848,-0.580945434,-0.558114838,0.548320413,-0.47169924,3.076e-06,1,0
0.505710,-0.017455,0.478039125,-0.522611878,-0.542552864,-0.579950743,-0.560783717,0.531958981,-0.486527605,3.044e-06,1,0
0.505710,0.000000,0.483331852,-0.518843325,-0.545928305,-0.578861775,-0.563033591,0.515783778,-0.501459121,3.058e-06,1,0
0.505710,0.017455,0.488399137,-0.514914762,-0.549099599,-0.577668178,-0.564872129,0.499786297,-0.516496828,3.118e-06,1,0
0.505710,0.034910,0.493249776,-0.510821375,-0.552083982,-0.57635905,-0.566305271,0.483958846,-0.531644068,3.227e-06,1,0
0.505710,0.052365,0.497891894,-0.506558048,-0.554897619,-0.574922886,-0.567337299,0.468294462,-0.546904515,3.386e-06,1,0
0.505710,0.069820,0.502333011,-0.502119322,-0.557555729,-0.573347522,-0.567970892,0.452786833,-0.562282204,3.599e-06,1,0
0.505710,0.087275,0.506580103,-0.497499368,-0.560072673,-0.571620063,-0.568207151,0.437430228,-0.577781572,3.872e-06,1,0
0.505710,0.104730,0.510639658,-0.492691939,-0.562462049,-0.569726814,-0.568045623,0.422219443,-0.593407499,4.209e-06,1,0
0.505710,0.122185,0.514517728,-0.487690334,-0.564736767,-0.567653191,-0.567484293,0.407149747,-0.609165357,4.619e-06,1,0
0.505710,0.139640,0.518219965,-0.48248734,-0.566909115,-0.565383625,-0.566519553,0.392216837,-0.625061063,5.573e-06,1,0
0.505710,0.157095,0.521751667,-0.477075182,-0.568990824,-0.562901454,-0.565146173,0.377416798,-0.641101147,6.712e-06,1,0
0.505710,0.174550,0.525117813,-0.471445452,-0.570993111,-0.560188798,-0.563357222,0.362746074,-0.657292823,8.036e-06,1,0
0.505710,0.192005,0.528323097,-0.465589043,-0.572926726,-0.557226411,-0.561143989,0.348201429,-0.673644077,9.579e-06,1,0
0.505710,0.209460,0.531371965,-0.459496057,-0.574801998,-0.553993522,-0.558495878,0.333779925,-0.690163765,1.138e-05,1,0
0.505710,0.226915,0.534268643,-0.45315571,-0.576628855,-0.550467639,-0.555400257,0.319478898,-0.706861731,1.348e-05,1,0
0.505710,0.244370,0.537017168,-0.446556221,-0.578416853,-0.546624334,-0.551842296,0.305295933,-0.723748948,1.594e-05,1,0
0.505710,0.261825,0.539621426,-0.439684664,-0.580175197,-0.542436984,-0.547804755,0.291228846,-0.740837679,1.882e-05,1,0
0.505710,0.279280,0.542085179,-0.432526821,-0.581912748,-0.537876465,-0.54326773,0.27727567,-0.758141675,2.217e-05,1,0
0.505710,0.296735,0.544412103,-0.425066989,-0.583638024,-0.532910799,-0.538208347,0.263434632,-0.775676409,2.609e-05,1,0
0.505710,0.314190,0.54660583,-0.417287749,-0.5853592,-0.527504733,-0.532600385,0.249704148,-0.793459364,3.065e-05,1,0
0.505710,0.331645,0.548669985,-0.40916969,-0.587084081,-0.521619222,-0.526413822,0.236082801,-0.811510377,3.596e-05,1,0
0.505710,0.349100,0.550608241,-0.400691082,-0.588820071,-0.515210817,-0.519614273,0.222569338,-0.829852073,4.213e-05,1,0
0.523600,-0.349100,0.302278719,-0.575440411,-0.387716211,-0.585401802,-0.400062083,0.920564601,-0.237596025,4.252e-05,1,0
0.523600,-0.331645,0.316842086,-0.573768185,-0.403159124,-0.585208543,-0.416738574,0.896010935,-0.250825581,3.671e-05,1,0
0.523600,-0.314190,0.330446142,-0.572018628,-0.417174251,-0.585011959,-0.431946388,0.872449524,-0.264137516,3.165e-05,1,0
0.523600,-0.296735,0.343207025,-0.570183911,-0.429944246,-0.58481385,-0.445859514,0.849740558,-0.277532158,2.724e-05,1,0
0.523600,-0.279280,0.355218113,-0.568257491,-0.441617554,-0.58461399,-0.458617962,0.827773443,-0.291009928,2.342e-05,1,0
0.523600,-0.261825,0.3665559,-0.566233743,-0.45231704,-0.584410629,-0.470336335,0.806459041,-0.304571345,2.010e-05,1,0
0.523600,-0.244370,0.377284045,-0.564107703,-0.462145974,-0.584200847,-0.481109763,0.785724366,-0.31821703,1.723e-05,1,0
0.523600,-0.226915,0.387456238,-0.561874873,-0.471192292,-0.583980801,-0.491018113,0.765508859,-0.331947712,1.474e-05,1,0
0.523600,-0.209460,0.397118289,-0.55953109,-0.479531716,-0.583745887,-0.500129071,0.745761678,-0.345764239,1.258e-05,1,0
0.523600,-0.192005,0.406309674,-0.557072422,-0.487230103,-0.583490862,-0.508500436,0.726439717,-0.359667579,1.070e-05,1,0
0.523600,-0.174550,0.41506471,-0.554495079,-0.494345205,-0.583209935,-0.516181846,0.707506103,-0.373658834,9.069e-06,1,0
0.523600,-0.157095,0.423413467,-0.55179535,-0.500928082,-0.582896815,-0.523216148,0.688929048,-0.387739246,7.643e-06,1,0
0.523600,-0.139640,0.43138247,-0.548969553,-0.507024168,-0.58254476,-0.529640428,0.670680964,-0.401910206,6.392e-06,1,0
0.523600,-0.122185,0.438995261,-0.546013984,-0.51267415,-0.582146587,-0.535486848,0.652737758,-0.416173267,5.819e-06,1,0
0.523600,-0.104730,0.44627285,-0.542924884,-0.517914671,-0.581694694,-0.540783311,0.635078275,-0.430530155,5.424e-06,1,0
0.523600,-0.087275,0.453234085,-0.539698394,-0.522778907,-0.581181052,-0.545553998,0.617683852,-0.444982784,5.108e-06,1,0
0.523600,-0.069820,0.459895944,-0.536330535,-0.527297032,-0.580597199,-0.549819796,0.600537948,-0.459533269,4.866e-06,1,0
0.523600,-0.052365,0.466273791,-0.532817169,-0.531496623,-0.579934229,-0.553598658,0.583625851,-0.474183941,4.693e-06,1,0
0.523600,-0.034910,0.472381576,-0.529153969,-0.535402985,-0.57918276,-0.55690588,0.566934423,-0.488937372,4.586e-06,1,0
0.523600,-0.017455,0.47823201,-0.525336399,-0.539039425,-0.578332907,-0.559754339,0.550451903,-0.503796387,4.543e-06,1,0
0.523600,0.000000,0.483836714,-0.521359675,-0.542427502,-0.57737425,-0.562154686,0.534167724,-0.518764096,4.564e-06,1,0
0.523600,0.017455,0.489206345,-0.517218737,-0.545587221,-0.576295784,-0.564115488,0.518072378,-0.533843912,4.649e-06,1,0
0.523600,0.034910,0.494350703,-0.512908219,-0.548537214,-0.575085875,-0.565643352,0.502157283,-0.549039587,4.800e-06,1,0
0.523600,0.052365,0.499278821,-0.508422409,-0.551294883,-0.573732197,-0.566743008,0.486414683,-0.564355242,5.021e-06,1,0
0.523600,0.069820,0.503999052,-0.503755217,-0.553876543,-0.572221667,-0.567417376,0.470837553,-0.579795406,5.315e-06,1,0
0.523600,0.087275,0.508519136,-0.498900129,-0.556297527,-0.570540372,-0.567667605,0.455419526,-0.595365058,5.689e-06,1,0
0.523600,0.104730,0.512846268,-0.493850161,-0.558572288,-0.568673478,-0.567493086,0.44015482,-0.61106968,6.150e-06,1,0
0.523600,0.122185,0.516987148,-0.488597808,-0.560714492,-0.56660514,-0.566891447,0.425038183,-0.626915306,6.708e-06,1,0
0.523600,0.139640,0.520948038,-0.483134986,-0.562737083,-0.564318382,-0.565858527,0.410064841,-0.642908597,7.987e-06,1,0
0.523600,0.157095,0.524734805,-0.477452964,-0.564652358,-0.561794973,-0.564388318,0.395230448,-0.659056908,9.571e-06,1,0
0.523600,0.174550,0.528352963,-0.471542288,-0.566472022,-0.559015287,-0.562472897,0.380531056,-0.675368379,1.140e-05,1,0
0.523600,0.192005,0.531807718,-0.465392696,-0.568207232,-0.555958123,-0.560102316,0.365963069,-0.691852037,1.351e-05,1,0
0.523600,0.209460,0.535104002,-0.458993009,-0.569868645,-0.552600523,-0.557264475,0.351523221,-0.708517915,1.596e-05,1,0
0.523600,0.226915,0.538246508,-0.452331022,-0.571466443,-0.548917537,-0.553944948,0.337208544,-0.725377192,1.879e-05,1,0
0.523600,0.244370,0.541239735,-0.44539336,-0.573010366,-0.544881971,-0.550126786,0.323016344,-0.742442363,2.209e-05,1,0
0.523600,0.261825,0.544088017,-0.438165314,-0.574509722,-0.540464068,-0.545790256,0.30894418,-0.759727435,2.591e-05,1,0
0.523600,0.279280,0.546795566,-0.430630644,-0.575973398,-0.535631153,-0.540912535,0.294989845,-0.77724817,3.034e-05,1,0
0.523600,0.296735,0.549366516,-0.422771352,-0.57740986,-0.530347195,-0.535467338,0.281151346,-0.795022373,3.547e-05,1,0
0.523600,0.314190,0.551804965,-0.414567389,-0.578827132,-0.524572287,-0.529424445,0.267426891,-0.813070249,4.141e-05,1,0
0.523600,0.331645,0.554115027,-0.40599632,-0.580232778,-0.518262022,-0.522749147,0.253814873,-0.831414837,4.828e-05,1,0
0.523600,0.349100,0.556300894,-0.39703289,-0.581633843,-0.51136672,-0.515401529,0.240313857,-0.850082553,5.621e-05,1,0
