pitch,roll,J00,J01,J10,J11,det,m0,m1,err,reachable,near_singular
-0.488700,-0.349100,-0.382270986,0.268527469,0.868893583,0.516643444,-0.430819593,0.408493735,-0.888299925,1.079e-07,1,0
-0.488700,-0.331645,-0.382638178,0.277545903,0.865337417,0.534578968,-0.444721176,0.419380216,-0.873052186,7.532e-08,1,0
-0.488700,-0.314190,-0.382969296,0.285982405,0.861561452,0.551557011,-0.457620817,0.430280987,-0.858243717,5.123e-08,1,0
-0.488700,-0.296735,-0.38325104,0.293882785,0.857573454,0.567670715,-0.469586466,0.441196961,-0.843820744,3.386e-08,1,0
-0.488700,-0.279280,-0.383471275,0.30128588,0.853378709,0.582998676,-0.480674201,0.452129202,-0.829738372,2.171e-08,1,0
-0.488700,-0.261825,-0.38361878,0.308225052,0.84898052,0.597607944,-0.490930695,0.463078929,-0.815958686,1.351e-08,1,0
-0.488700,-0.244370,-0.383683042,0.314729299,0.844380573,0.61155626,-0.500395072,0.474047521,-0.802449333,8.227e-09,1,0
-0.488700,-0.226915,-0.383654108,0.320824095,0.839579212,0.62489376,-0.509100299,0.485036524,-0.789182464,5.006e-09,1,0
-0.488700,-0.209460,-0.383522471,0.326532044,0.834575637,0.637664296,-0.517074275,0.496047659,-0.776133913,3.184e-09,1,0
-0.488700,-0.192005,-0.383278967,0.331873385,0.829368067,0.64990647,-0.524340669,0.507082831,-0.763282559,2.252e-09,1,0
-0.488700,-0.174550,-0.382914703,0.336866394,0.823953849,0.661654465,-0.530919585,0.518144141,-0.750609829,2.941e-09,1,0
-0.488700,-0.157095,-0.382420991,0.341527713,0.818329542,0.672938704,-0.536828103,0.529233893,-0.738099295,3.813e-09,1,0
-0.488700,-0.139640,-0.381789292,0.345872602,0.812490981,0.683786395,-0.542080693,0.540354611,-0.72573635,4.013e-09,1,0
-0.488700,-0.122185,-0.381011169,0.349915162,0.806433314,0.694221972,-0.546689568,0.55150905,-0.71350795,3.723e-09,1,0
-0.488700,-0.104730,-0.380078244,0.35366851,0.800151026,0.704267466,-0.550664962,0.562700217,-0.701402394,3.138e-09,1,0
-0.488700,-0.087275,-0.378982156,0.357144923,0.793637948,0.713942809,-0.554015349,0.573931385,-0.689409147,2.431e-09,1,0
-0.488700,-0.069820,-0.377714527,0.360355966,0.786887253,0.723266096,-0.556747628,0.585206119,-0.677518691,1.736e-09,1,0
-0.488700,-0.052365,-0.376243674,0.363310133,0.779881967,0.732244425,-0.558841354,0.596528297,-0.665722404,7.417e-05,1,0
-0.488700,-0.034910,-0.374612682,0.366021602,0.772633653,0.740912445,-0.560355806,0.607902139,-0.654012448,5.671e-05,1,0
-0.488700,-0.017455,-0.372784134,0.36849796,0.765122736,0.749273244,-0.561263345,0.619332239,-0.642381686,5.187e-05,1,0
-0.488700,0.000000,-0.370748976,0.370748976,0.757339476,0.757339476,-0.561565671,0.630823603,-0.630823603,5.025e-05,1,0
-0.488700,0.017455,-0.36849796,0.372784134,0.749273244,0.765122736,-0.561263345,0.642381686,-0.619332239,5.187e-05,1,0
-0.488700,0.034910,-0.366021602,0.374612682,0.740912445,0.772633653,-0.560355806,0.654012448,-0.607902139,5.671e-05,1,0
-0.488700,0.052365,-0.363310133,0.376243674,0.732244425,0.779881967,-0.558841354,0.665722404,-0.596528297,7.417e-05,1,0
-0.488700,0.069820,-0.360355966,0.377714527,0.723266096,0.786887253,-0.556747628,0.677518691,-0.585206119,1.736e-09,1,0
-0.488700,0.087275,-0.357144923,0.378982156,0.71394281,0.793637948,-0.554015349,0.689409147,-0.573931385,2.431e-09,1,0
-0.488700,0.104730,-0.35366851,0.380078244,0.704267466,0.800151026,-0.550664962,0.701402394,-0.562700217,3.138e-09,1,0
-0.488700,0.122185,-0.349915162,0.381011169,0.694221972,0.806433314,-0.546689568,0.71350795,-0.55150905,3.723e-09,1,0
-0.488700,0.139640,-0.345872602,0.381789292,0.683786395,0.812490981,-0.542080693,0.72573635,-0.540354611,4.013e-09,1,0
-0.488700,0.157095,-0.341527713,0.382420991,0.672938704,0.818329542,-0.536828103,0.738099295,-0.529233893,3.813e-09,1,0
-0.488700,0.174550,-0.336866394,0.382914703,0.661654465,0.823953849,-0.530919585,0.750609829,-0.518144141,2.941e-09,1,0
-0.488700,0.192005,-0.331873385,0.383278967,0.64990647,0.829368067,-0.524340669,0.763282559,-0.507082831,2.252e-09,1,0
-0.488700,0.209460,-0.326532044,0.383522471,0.637664296,0.834575637,-0.517074275,0.776133913,-0.496047659,3.184e-09,1,0
-0.488700,0.226915,-0.320824095,0.383654108,0.62489376,0.839579212,-0.509100299,0.789182464,-0.485036524,5.006e-09,1,0
-0.488700,0.244370,-0.314729299,0.383683041,0.61155626,0.844380573,-0.500395071,0.802449333,-0.474047521,8.227e-09,1,0
-0.488700,0.261825,-0.308225052,0.38361878,0.597607944,0.84898052,-0.490930695,0.815958686,-0.463078929,1.351e-08,1,0
-0.488700,0.279280,-0.30128588,0.383471275,0.582998676,0.853378709,-0.480674201,0.829738372,-0.452129202,2.171e-08,1,0
-0.488700,0.296735,-0.293882785,0.38325104,0.567670715,0.857573454,-0.469586466,0.843820744,-0.441196961,3.386e-08,1,0
-0.488700,0.314190,-0.285982405,0.382969296,0.551557011,0.861561452,-0.457620817,0.858243717,-0.430280987,5.123e-08,1,0
-0.488700,0.331645,-0.277545903,0.382638178,0.534578968,0.865337417,-0.444721176,0.873052186,-0.419380216,7.532e-08,1,0
-0.488700,0.349100,-0.268527469,0.382270986,0.516643444,0.868893583,-0.430819593,0.888299925,-0.408493735,1.079e-07,1,0
-0.473573,-0.349100,-0.379682059,0.284728096,0.877013446,0.549599924,-0.458383599,0.390356038,-0.858603623,9.175e-08,1,0
-0.473573,-0.331645,-0.380372145,0.292710827,0.87349972,0.565721414,-0.470867493,0.401202512,-0.844328129,6.373e-08,1,0
-0.473573,-0.314190,-0.381018068,0.300195738,0.869800935,0.581053748,-0.48250251,0.412057765,-0.830389248,4.306e-08,1,0
-0.473573,-0.296735,-0.381608837,0.307216102,0.865921054,0.595665186,-0.49333599,0.422922524,-0.816749119,2.821e-08,1,0
-0.473573,-0.279280,-0.382134213,0.313800771,0.861862421,0.609614465,-0.503407636,0.433797649,-0.803375465,1.786e-08,1,0
-0.473573,-0.261825,-0.382584558,0.319975034,0.857626053,0.622952551,-0.512750952,0.444684143,-0.790240519,1.093e-08,1,0
-0.473573,-0.244370,-0.382950714,0.325761275,0.853211869,0.635723995,-0.521394344,0.455583152,-0.777320198,6.581e-09,1,0
-0.473573,-0.226915,-0.383223905,0.331179488,0.848618849,0.647967991,-0.52936198,0.466495973,-0.764593465,3.843e-09,1,0
-0.473573,-0.209460,-0.383395665,0.336247684,0.843845169,0.659719226,-0.536674475,0.47742406,-0.752041827,2.382e-09,1,0
-0.473573,-0.192005,-0.383457769,0.340982221,0.838888298,0.671008561,-0.543349441,0.488369029,-0.73964893,1.673e-09,1,0
-0.473573,-0.174550,-0.383402184,0.345398062,0.833745069,0.681863582,-0.549401918,0.499332666,-0.727400236,2.772e-09,1,0
-0.473573,-0.157095,-0.383221023,0.349508998,0.828411737,0.692309062,-0.554844743,0.510316938,-0.715282764,3.483e-09,1,0
-0.473573,-0.139640,-0.382906508,0.353327821,0.82288401,0.702367331,-0.559688836,0.521324,-0.703284866,3.598e-09,1,0
-0.473573,-0.122185,-0.382450933,0.356866474,0.817157082,0.712058599,-0.563943442,0.532356207,-0.691396057,3.286e-09,1,0
-0.473573,-0.104730,-0.381846636,0.360136173,0.811225636,0.721401216,-0.567616324,0.543416131,-0.679606861,2.725e-09,1,0
-0.473573,-0.087275,-0.381085966,0.363147517,0.805083851,0.730411899,-0.570713926,0.554506567,-0.667908689,2.074e-09,1,0
-0.473573,-0.069820,-0.380135286,0.365910202,0.798716522,0.739097309,-0.573215491,0.565630557,-0.656293732,8.784e-05,1,0
-0.473573,-0.052365,-0.379043914,0.368434535,0.792135642,0.747489889,-0.57518162,0.576791408,-0.644754873,7.039e-05,1,0
-0.473573,-0.034910,-0.377772895,0.370728205,0.785323479,0.755592202,-0.576583818,0.587992708,-0.633285614,4.908e-05,1,0
-0.473573,-0.017455,-0.376314114,0.372800224,0.778272056,0.763416158,-0.577424272,0.599238356,-0.621880003,4.082e-05,1,0
-0.473573,0.000000,-0.374659346,0.374659346,0.770972733,0.770972733,-0.57770428,0.610532586,-0.610532586,3.929e-05,1,0
-0.473573,0.017455,-0.372800224,0.376314114,0.763416158,0.778272056,-0.577424272,0.621880003,-0.599238356,4.082e-05,1,0
-0.473573,0.034910,-0.370728205,0.377772895,0.755592202,0.785323479,-0.576583818,0.633285614,-0.587992708,4.908e-05,1,0
-0.473573,0.052365,-0.368434535,0.379043914,0.747489889,0.792135643,-0.57518162,0.644754873,-0.576791408,7.039e-05,1,0
-0.473573,0.069820,-0.365910202,0.380135286,0.739097309,0.798716522,-0.573215491,0.656293732,-0.565630557,8.784e-05,1,0
-0.473573,0.087275,-0.363147517,0.381085966,0.730411899,0.805083851,-0.570713925,0.667908689,-0.554506567,2.074e-09,1,0
-0.473573,0.104730,-0.360136173,0.381846636,0.721401216,0.811225636,-0.567616324,0.679606861,-0.543416131,2.725e-09,1,0
-0.473573,0.122185,-0.356866474,0.382450933,0.712058599,0.817157082,-0.563943442,0.691396057,-0.532356207,3.286e-09,1,0
-0.473573,0.139640,-0.353327821,0.382906508,0.702367331,0.82288401,-0.559688836,0.703284866,-0.521324,3.597e-09,1,0
-0.473573,0.157095,-0.349508998,0.383221023,0.692309062,0.828411737,-0.554844743,0.715282764,-0.510316938,3.483e-09,1,0
-0.473573,0.174550,-0.345398062,0.383402184,0.681863582,0.833745069,-0.549401918,0.727400236,-0.499332666,2.772e-09,1,0
-0.473573,0.192005,-0.340982221,0.383457769,0.671008561,0.838888298,-0.543349441,0.73964893,-0.488369029,1.673e-09,1,0
-0.473573,0.209460,-0.336247684,0.383395665,0.659719226,0.843845169,-0.536674475,0.752041827,-0.47742406,2.382e-09,1,0
-0.473573,0.226915,-0.331179488,0.383223905,0.647967991,0.848618849,-0.52936198,0.764593465,-0.466495973,3.843e-09,1,0
-0.473573,0.244370,-0.325761275,0.382950714,0.635723995,0.853211869,-0.521394344,0.777320198,-0.455583152,6.581e-09,1,0
-0.473573,0.261825,-0.319975034,0.382584558,0.622952551,0.857626054,-0.512750952,0.790240519,-0.444684143,1.093e-08,1,0
-0.473573,0.279280,-0.313800771,0.382134213,0.609614465,0.861862421,-0.503407636,0.803375465,-0.433797649,1.786e-08,1,0
-0.473573,0.296735,-0.307216102,0.381608837,0.595665186,0.865921054,-0.49333599,0.816749119,-0.422922524,2.821e-08,1,0
-0.473573,0.314190,-0.300195738,0.381018068,0.581053748,0.869800935,-0.48250251,0.830389248,-0.412057765,4.306e-08,1,0
-0.473573,0.331645,-0.292710827,0.380372145,0.565721414,0.87349972,-0.470867493,0.844328129,-0.401202512,6.373e-08,1,0
-0.473573,0.349100,-0.284728096,0.379682059,0.549599924,0.877013446,-0.458383599,0.858603623,-0.390356038,9.175e-08,1,0
-0.458447,-0.349100,-0.377058656,0.299480193,0.884440249,0.579938142,-0.483543033,0.372217244,-0.830319768,7.770e-08,1,0
-0.458447,-0.331645,-0.378044968,0.306562345,0.880996538,0.594499035,-0.494827734,0.383029523,-0.816849108,5.373e-08,1,0
-0.458447,-0.314190,-0.378981915,0.313210376,0.877396039,0.608399631,-0.505382001,0.393845322,-0.803638954,3.608e-08,1,0
-0.458447,-0.296735,-0.379860144,0.319449189,0.873640132,0.621691336,-0.515239392,0.404665194,-0.790661899,2.342e-08,1,0
-0.458447,-0.279280,-0.380670807,0.325300786,0.869729122,0.634419066,-0.524428385,0.415489822,-0.77789418,1.465e-08,1,0
-0.458447,-0.261825,-0.381405459,0.330784785,0.865662424,0.646622327,-0.532973244,0.426320016,-0.765315041,8.800e-09,1,0
-0.458447,-0.244370,-0.382055985,0.335918825,0.861438695,0.658336063,-0.540894707,0.437156718,-0.752906235,5.828e-09,1,0
-0.458447,-0.226915,-0.382614537,0.340718891,0.857055944,0.669591355,-0.548210537,0.448001006,-0.740651623,3.071e-09,1,0
-0.458447,-0.209460,-0.383073482,0.345199579,0.852511615,0.680415973,-0.554935967,0.458854098,-0.728536863,1.754e-09,1,0
-0.458447,-0.192005,-0.383425363,0.34937431,0.847802649,0.690834846,-0.561084067,0.469717355,-0.716549137,1.335e-09,1,0
-0.458447,-0.174550,-0.383662857,0.35325551,0.842925531,0.700870437,-0.566666042,0.480592292,-0.70467695,2.564e-09,1,0
-0.458447,-0.157095,-0.383778749,0.356854752,0.837876322,0.710543071,-0.571691479,0.491480581,-0.692909945,3.144e-09,1,0
-0.458447,-0.139640,-0.383765904,0.360182888,0.832650686,0.719871201,-0.57616855,0.502384056,-0.681238761,3.197e-09,1,0
-0.458447,-0.122185,-0.383617238,0.363250142,0.827243899,0.728871637,-0.580104188,0.513304729,-0.669654908,2.879e-09,1,0
-0.458447,-0.104730,-0.383325703,0.366066207,0.821650855,0.737559743,-0.583504219,0.524244793,-0.658150663,2.353e-09,1,0
-0.458447,-0.087275,-0.382855838,0.368640581,0.815857309,0.745941172,-0.586346045,0.535206636,-0.646718983,9.480e-05,1,0
-0.458447,-0.069820,-0.382262169,0.370982688,0.809876294,0.754047341,-0.588693856,0.546192855,-0.63535343,8.303e-05,1,0
-0.458447,-0.052365,-0.381504597,0.373098926,0.803691004,0.761879625,-0.59051683,0.557206267,-0.624048106,6.647e-05,1,0
-0.458447,-0.034910,-0.38057575,0.374997601,0.797294775,0.769449146,-0.591817314,0.568249927,-0.612797597,4.632e-05,1,0
-0.458447,-0.017455,-0.379468194,0.376686798,0.79068045,0.776766201,-0.592596954,0.579327148,-0.601596927,3.169e-05,1,0
-0.458447,0.000000,-0.378174415,0.378174415,0.783840344,0.783840344,-0.592856727,0.590441517,-0.590441517,3.024e-05,1,0
-0.458447,0.017455,-0.376686799,0.379468194,0.776766201,0.79068045,-0.592596954,0.601596927,-0.579327148,3.169e-05,1,0
-0.458447,0.034910,-0.374997601,0.38057575,0.769449146,0.797294775,-0.591817314,0.612797597,-0.568249927,4.632e-05,1,0
-0.458447,0.052365,-0.373098926,0.381504598,0.761879625,0.803691003,-0.59051683,0.624048106,-0.557206267,6.647e-05,1,0
-0.458447,0.069820,-0.370982688,0.382262169,0.754047341,0.809876294,-0.588693856,0.63535343,-0.546192855,8.303e-05,1,0
-0.458447,0.087275,-0.368640581,0.382855838,0.745941172,0.815857309,-0.586346045,0.646718983,-0.535206636,9.480e-05,1,0
-0.458447,0.104730,-0.366066207,0.383325703,0.737559743,0.821650855,-0.583504219,0.658150663,-0.524244793,2.353e-09,1,0
-0.458447,0.122185,-0.363250142,0.383617238,0.728871637,0.827243899,-0.580104188,0.669654908,-0.513304729,2.879e-09,1,0
-0.458447,0.139640,-0.360182888,0.383765904,0.719871201,0.832650686,-0.57616855,0.681238761,-0.502384056,3.197e-09,1,0
-0.458447,0.157095,-0.356854752,0.383778749,0.710543071,0.837876322,-0.571691479,0.692909945,-0.491480581,3.144e-09,1,0
-0.458447,0.174550,-0.35325551,0.383662857,0.700870437,0.842925531,-0.566666042,0.70467695,-0.480592292,2.564e-09,1,0
-0.458447,0.192005,-0.34937431,0.383425363,0.690834846,0.847802649,-0.561084067,0.716549137,-0.469717355,1.335e-09,1,0
-0.458447,0.209460,-0.345199579,0.383073482,0.680415973,0.852511615,-0.554935967,0.728536863,-0.458854098,1.754e-09,1,0
-0.458447,0.226915,-0.340718891,0.382614537,0.669591355,0.857055944,-0.548210537,0.740651623,-0.448001006,3.071e-09,1,0
-0.458447,0.244370,-0.335918825,0.382055985,0.658336063,0.861438695,-0.540894707,0.752906235,-0.437156718,5.828e-09,1,0
-0.458447,0.261825,-0.330784786,0.381405459,0.646622327,0.865662424,-0.532973244,0.765315041,-0.426320016,8.800e-09,1,0
-0.458447,0.279280,-0.325300786,0.380670807,0.634419066,0.869729122,-0.524428385,0.77789418,-0.415489822,1.465e-08,1,0
-0.458447,0.296735,-0.319449189,0.379860144,0.621691336,0.873640132,-0.515239392,0.790661899,-0.404665194,2.342e-08,1,0
-0.458447,0.314190,-0.313210376,0.378981915,0.608399631,0.877396039,-0.505382001,0.803638954,-0.393845322,3.608e-08,1,0
-0.458447,0.331645,-0.306562345,0.378044968,0.594499035,0.880996538,-0.494827734,0.816849108,-0.383029523,5.373e-08,1,0
-0.458447,0.349100,-0.299480193,0.377058656,0.579938142,0.884440249,-0.483543033,0.830319768,-0.372217244,7.770e-08,1,0
-0.443320,-0.349100,-0.374389438,0.312982429,0.891220878,0.608014909,-0.506570835,0.354068887,-0.803195276,6.559e-08,1,0
-0.443320,-0.331645,-0.375649782,0.319267736,0.88786733,0.621209424,-0.516824577,0.36485251,-0.790403489,4.517e-08,1,0
-0.443320,-0.314190,-0.376857526,0.325168708,0.884380603,0.633845402,-0.526442308,0.375634611,-0.777814017,3.015e-08,1,0
-0.443320,-0.296735,-0.378004536,0.330704433,0.880760263,0.645962343,-0.535448019,0.386415596,-0.765406595,1.941e-08,1,0
-0.443320,-0.279280,-0.379083017,0.335892048,0.87700516,0.657595187,-0.543862227,0.397195986,-0.753163401,1.198e-08,1,0
-0.443320,-0.261825,-0.380085451,0.340747062,0.873113551,0.668774995,-0.551702523,0.407976421,-0.74106867,7.491e-09,1,0
-0.443320,-0.244370,-0.381004548,0.345283616,0.86908318,0.679529517,-0.55898402,0.418757662,-0.729108379,5.164e-09,1,0
-0.443320,-0.226915,-0.381833208,0.34951469,0.864911351,0.689883651,-0.565719711,0.429540592,-0.717269998,2.636e-09,1,0
-0.443320,-0.209460,-0.382564483,0.353452282,0.860594981,0.699859827,-0.571920773,0.440326223,-0.705542278,1.267e-09,1,0
-0.443320,-0.192005,-0.383191548,0.35710755,0.856130637,0.709478328,-0.577596813,0.451115695,-0.693915083,1.274e-09,1,0
-0.443320,-0.174550,-0.383707679,0.360490937,0.851514569,0.718757563,-0.582756082,0.461910281,-0.682379241,2.330e-09,1,0
-0.443320,-0.157095,-0.384106232,0.363612269,0.846742727,0.727714294,-0.58740564,0.472711398,-0.670926433,2.806e-09,1,0
-0.443320,-0.139640,-0.384380617,0.366480845,0.841810779,0.73636384,-0.591551512,0.483520602,-0.659549083,2.816e-09,1,0
-0.443320,-0.122185,-0.384524288,0.369105506,0.836714112,0.744720235,-0.595198804,0.494339605,-0.648240277,2.506e-09,1,0
-0.443320,-0.104730,-0.384530723,0.371494706,0.831447835,0.752796385,-0.598351807,0.505170276,-0.636993688,2.020e-09,1,0
-0.443320,-0.087275,-0.384367306,0.373658328,0.825999392,0.760597417,-0.600990331,0.516014652,-0.625803517,8.923e-05,1,0
-0.443320,-0.069820,-0.384084233,0.375601636,0.820379371,0.768149342,-0.603169885,0.526874946,-0.614664432,7.806e-05,1,0
-0.443320,-0.052365,-0.383644508,0.377331792,0.814572999,0.775453633,-0.604862817,0.537753559,-0.603571529,6.244e-05,1,0
-0.443320,-0.034910,-0.383041326,0.378856255,0.808574223,0.78251987,-0.606070851,0.548653092,-0.592520285,4.349e-05,1,0
-0.443320,-0.017455,-0.382267846,0.380182324,0.802376606,0.789356978,-0.606795194,0.55957636,-0.581506529,2.421e-05,1,0
-0.443320,0.000000,-0.381317168,0.381317168,0.795973292,0.795973292,-0.607036563,0.570526408,-0.570526408,2.284e-05,1,0
-0.443320,0.017455,-0.380182324,0.382267846,0.789356978,0.802376605,-0.606795194,0.581506529,-0.55957636,2.421e-05,1,0
-0.443320,0.034910,-0.378856255,0.383041326,0.78251987,0.808574223,-0.606070851,0.592520285,-0.548653092,4.349e-05,1,0
-0.443320,0.052365,-0.377331792,0.383644508,0.775453633,0.814572999,-0.604862817,0.603571529,-0.537753559,6.244e-05,1,0
-0.443320,0.069820,-0.375601636,0.384084233,0.768149342,0.820379371,-0.603169885,0.614664432,-0.526874946,7.806e-05,1,0
-0.443320,0.087275,-0.373658327,0.384367306,0.760597417,0.825999392,-0.600990331,0.625803517,-0.516014652,8.923e-05,1,0
-0.443320,0.104730,-0.371494706,0.384530723,0.752796385,0.831447835,-0.598351807,0.636993688,-0.505170276,2.020e-09,1,0
-0.443320,0.122185,-0.369105506,0.384524288,0.744720235,0.836714112,-0.595198804,0.648240277,-0.494339605,2.506e-09,1,0
-0.443320,0.139640,-0.366480845,0.384380617,0.73636384,0.841810779,-0.591551512,0.659549083,-0.483520602,2.816e-09,1,0
-0.443320,0.157095,-0.363612269,0.384106232,0.727714294,0.846742727,-0.58740564,0.670926433,-0.472711398,2.806e-09,1,0
-0.443320,0.174550,-0.360490937,0.383707679,0.718757563,0.851514569,-0.582756082,0.682379241,-0.461910281,2.330e-09,1,0
-0.443320,0.192005,-0.35710755,0.383191548,0.709478328,0.856130637,-0.577596813,0.693915083,-0.451115695,1.274e-09,1,0
-0.443320,0.209460,-0.353452282,0.382564483,0.699859827,0.860594981,-0.571920773,0.705542278,-0.440326223,1.267e-09,1,0
-0.443320,0.226915,-0.34951469,0.381833208,0.689883651,0.864911351,-0.565719711,0.717269998,-0.429540592,2.636e-09,1,0
-0.443320,0.244370,-0.345283616,0.381004548,0.679529517,0.86908318,-0.55898402,0.729108379,-0.418757662,5.164e-09,1,0
-0.443320,0.261825,-0.340747063,0.380085451,0.668774995,0.873113551,-0.551702523,0.74106867,-0.407976421,7.491e-09,1,0
-0.443320,0.279280,-0.335892048,0.379083017,0.657595187,0.87700516,-0.543862227,0.753163401,-0.397195986,1.198e-08,1,0
-0.443320,0.296735,-0.330704433,0.378004536,0.645962343,0.880760263,-0.535448019,0.765406595,-0.386415596,1.941e-08,1,0
-0.443320,0.314190,-0.325168708,0.376857526,0.633845402,0.884380603,-0.526442308,0.777814017,-0.375634611,3.015e-08,1,0
-0.443320,0.331645,-0.319267736,0.375649782,0.621209424,0.88786733,-0.516824577,0.790403489,-0.36485251,4.517e-08,1,0
-0.443320,0.349100,-0.312982429,0.374389438,0.608014909,0.891220877,-0.506570835,0.803195276,-0.354068887,6.559e-08,1,0
-0.428193,-0.349100,-0.371667704,0.325386864,0.897392318,0.634101565,-0.527674745,0.335902819,-0.777038656,5.523e-08,1,0
-0.428193,-0.331645,-0.373183065,0.330957456,0.894143993,0.646083078,-0.537030885,0.346663076,-0.764828128,3.789e-08,1,0
-0.428193,-0.314190,-0.374643986,0.336183642,0.890782603,0.657588453,-0.545828098,0.35741697,-0.752774293,2.515e-08,1,0
-0.428193,-0.296735,-0.376043264,0.341080333,0.887306395,0.668648482,-0.554083518,0.368164772,-0.740861918,1.605e-08,1,0
-0.428193,-0.279280,-0.377373926,0.345661112,0.883713162,0.679290673,-0.561811862,0.378906861,-0.729077443,9.781e-09,1,0
-0.428193,-0.261825,-0.378629195,0.349938435,0.880000308,0.689539698,-0.569025791,0.389643726,-0.717408741,6.781e-09,1,0
-0.428193,-0.244370,-0.37980245,0.353923801,0.876164904,0.699417777,-0.575736198,0.400375967,-0.70584492,4.584e-09,1,0
-0.428193,-0.226915,-0.380887203,0.357627893,0.872203737,0.708944994,-0.58195246,0.411104297,-0.694376153,2.286e-09,1,0
-0.428193,-0.209460,-0.381877074,0.361060695,0.868113341,0.718139567,-0.587682643,0.421829544,-0.682993544,8.904e-10,1,0
-0.428193,-0.192005,-0.382765776,0.364231591,0.863890019,0.727018079,-0.592933675,0.432552652,-0.671689014,1.173e-09,1,0
-0.428193,-0.174550,-0.38354709,0.367149452,0.859529868,0.735595668,-0.597711497,0.443274687,-0.660455201,2.082e-09,1,0
-0.428193,-0.157095,-0.384214858,0.369822704,0.855028784,0.743886204,-0.602021188,0.453996839,-0.649285379,2.475e-09,1,0
-0.428193,-0.139640,-0.384762965,0.37225939,0.850382472,0.751902427,-0.605867068,0.464720424,-0.638173387,2.459e-09,1,0
-0.428193,-0.122185,-0.385185328,0.374467227,0.845586447,0.759656084,-0.60925279,0.475446894,-0.627113569,2.165e-09,1,0
-0.428193,-0.104730,-0.385448059,0.376454491,0.840628249,0.767150754,-0.612155048,0.486177836,-0.616100721,8.886e-05,1,0
-0.428193,-0.087275,-0.385604626,0.378228763,0.835520121,0.774412955,-0.614634959,0.496914983,-0.605130049,8.348e-05,1,0
-0.428193,-0.069820,-0.385617669,0.379794552,0.830247263,0.781442302,-0.616661346,0.507660221,-0.594197126,7.298e-05,1,0
-0.428193,-0.052365,-0.385480896,0.38115873,0.82480444,0.788247632,-0.618235816,0.518415592,-0.583297862,5.836e-05,1,0
-0.428193,-0.034910,-0.385188002,0.382328041,0.819186146,0.794837206,-0.61935959,0.529183311,-0.572428472,4.063e-05,1,0
-0.428193,-0.017455,-0.384732658,0.383309117,0.813386577,0.801218773,-0.620033518,0.539965771,-0.561585452,2.083e-05,1,0
-0.428193,0.000000,-0.3841085,0.3841085,0.807399611,0.807399611,-0.620258106,0.550765555,-0.550765555,1.685e-05,1,0
-0.428193,0.017455,-0.383309117,0.384732658,0.801218773,0.813386577,-0.620033518,0.561585452,-0.539965771,2.083e-05,1,0
-0.428193,0.034910,-0.382328041,0.385188002,0.794837206,0.819186146,-0.61935959,0.572428472,-0.529183311,4.063e-05,1,0
-0.428193,0.052365,-0.38115873,0.385480896,0.788247632,0.82480444,-0.618235816,0.583297862,-0.518415592,5.836e-05,1,0
-0.428193,0.069820,-0.379794552,0.385617668,0.781442302,0.830247263,-0.616661345,0.594197126,-0.507660221,7.298e-05,1,0
-0.428193,0.087275,-0.378228763,0.385604626,0.774412955,0.835520121,-0.614634959,0.605130049,-0.496914983,8.348e-05,1,0
-0.428193,0.104730,-0.376454491,0.385448059,0.767150754,0.840628249,-0.612155048,0.616100721,-0.486177836,8.886e-05,1,0
-0.428193,0.122185,-0.374467227,0.385185328,0.759656084,0.845586447,-0.60925279,0.627113569,-0.475446894,2.165e-09,1,0
-0.428193,0.139640,-0.37225939,0.384762965,0.751902428,0.850382472,-0.605867068,0.638173387,-0.464720424,2.459e-09,1,0
-0.428193,0.157095,-0.369822704,0.384214858,0.743886204,0.855028784,-0.602021188,0.649285379,-0.453996839,2.475e-09,1,0
-0.428193,0.174550,-0.367149452,0.38354709,0.735595668,0.859529868,-0.597711497,0.660455201,-0.443274687,2.082e-09,1,0
-0.428193,0.192005,-0.364231591,0.382765776,0.727018079,0.863890019,-0.592933675,0.671689014,-0.432552652,1.173e-09,1,0
-0.428193,0.209460,-0.361060695,0.381877074,0.718139567,0.868113341,-0.587682643,0.682993544,-0.421829544,8.904e-10,1,0
-0.428193,0.226915,-0.357627893,0.380887203,0.708944994,0.872203737,-0.58195246,0.694376153,-0.411104297,2.286e-09,1,0
-0.428193,0.244370,-0.353923801,0.37980245,0.699417777,0.876164904,-0.575736198,0.70584492,-0.400375967,4.584e-09,1,0
-0.428193,0.261825,-0.349938435,0.378629195,0.689539698,0.880000308,-0.569025791,0.717408741,-0.389643726,6.781e-09,1,0
-0.428193,0.279280,-0.345661112,0.377373926,0.679290673,0.883713163,-0.561811862,0.729077443,-0.378906861,9.781e-09,1,0
-0.428193,0.296735,-0.341080333,0.376043264,0.668648482,0.887306395,-0.554083518,0.740861918,-0.368164772,1.605e-08,1,0
-0.428193,0.314190,-0.336183642,0.374643986,0.657588453,0.890782603,-0.545828098,0.752774293,-0.35741697,2.515e-08,1,0
-0.428193,0.331645,-0.330957456,0.373183065,0.646083078,0.894143993,-0.537030885,0.764828128,-0.346663076,3.789e-08,1,0
-0.428193,0.349100,-0.325386864,0.371667704,0.634101565,0.897392318,-0.527674745,0.777038656,-0.335902819,5.523e-08,1,0
-0.413067,-0.349100,-0.368889798,0.336813286,0.90298473,0.658410463,-0.547018156,0.317711175,-0.751700788,4.639e-08,1,0
-0.413067,-0.331645,-0.370643516,0.34173586,0.899853075,0.669303104,-0.555584921,0.328453135,-0.739994031,3.172e-08,1,0
-0.413067,-0.314190,-0.372341964,0.346346741,0.896625752,0.679787706,-0.563656897,0.33918407,-0.728407444,2.095e-08,1,0
-0.413067,-0.296735,-0.373978674,0.350657765,0.893300038,0.68988851,-0.571246185,0.349904132,-0.71692943,1.326e-08,1,0
-0.413067,-0.279280,-0.375547334,0.354679852,0.889872932,0.699627337,-0.578363181,0.360613571,-0.705549558,7.976e-09,1,0
-0.413067,-0.261825,-0.377041765,0.358423138,0.886341204,0.70902391,-0.585016822,0.371312742,-0.69425841,6.119e-09,1,0
-0.413067,-0.244370,-0.378455898,0.361897092,0.882701424,0.718096105,-0.591214785,0.382002103,-0.683047448,4.077e-09,1,0
-0.413067,-0.226915,-0.379783757,0.365110606,0.878949997,0.726860185,-0.596963658,0.392682215,-0.67190891,2.007e-09,1,0
-0.413067,-0.209460,-0.381019444,0.368072079,0.875083175,0.735330988,-0.602269087,0.403353745,-0.660835715,6.030e-10,1,0
-0.413067,-0.192005,-0.382157123,0.370789484,0.871097081,0.743522094,-0.607135902,0.414017466,-0.649821386,1.045e-09,1,0
-0.413067,-0.174550,-0.383191015,0.373270428,0.866987715,0.75144597,-0.61156822,0.424674261,-0.638859981,1.829e-09,1,0
-0.413067,-0.157095,-0.384115381,0.375522202,0.862750958,0.759114099,-0.61556954,0.435325121,-0.627946041,2.158e-09,1,0
-0.413067,-0.139640,-0.384924515,0.377551825,0.858382578,0.766537083,-0.619142824,0.445971154,-0.617074533,2.127e-09,1,0
-0.413067,-0.122185,-0.385584166,0.379364795,0.853869686,0.773716392,-0.622260888,0.456613584,-0.606240814,8.206e-05,1,0
-0.413067,-0.104730,-0.386148831,0.380973424,0.849226752,0.78068027,-0.624991597,0.467253755,-0.595440592,8.268e-05,1,0
-0.413067,-0.087275,-0.386581879,0.382378451,0.844438329,0.787425819,-0.627299573,0.477893138,-0.584669893,7.764e-05,1,0
-0.413067,-0.069820,-0.386877445,0.383586198,0.83949978,0.793961113,-0.629186176,0.488533335,-0.573925034,6.785e-05,1,0
-0.413067,-0.052365,-0.387029664,0.38460288,0.834406285,0.800293729,-0.630652473,0.499176082,-0.563202598,5.424e-05,1,0
-0.413067,-0.034910,-0.387032668,0.385434626,0.829152823,0.806430794,-0.631699269,0.509823261,-0.552499411,3.777e-05,1,0
-0.413067,-0.017455,-0.386880576,0.386087496,0.823734158,0.812379033,-0.632327127,0.520476905,-0.541812526,1.936e-05,1,0
-0.413067,0.000000,-0.386567494,0.386567494,0.818144808,0.818144808,-0.632536376,0.531139206,-0.531139206,1.204e-05,1,0
-0.413067,0.017455,-0.386087496,0.386880576,0.812379033,0.823734158,-0.632327127,0.541812526,-0.520476905,1.936e-05,1,0
-0.413067,0.034910,-0.385434626,0.387032668,0.806430794,0.829152823,-0.631699269,0.552499411,-0.509823261,3.777e-05,1,0
-0.413067,0.052365,-0.38460288,0.387029664,0.800293729,0.834406286,-0.630652473,0.563202598,-0.499176082,5.424e-05,1,0
-0.413067,0.069820,-0.383586198,0.386877445,0.793961113,0.839499781,-0.629186176,0.573925034,-0.488533335,6.785e-05,1,0
-0.413067,0.087275,-0.382378451,0.386581879,0.787425819,0.84443833,-0.627299574,0.584669893,-0.477893138,7.764e-05,1,0
-0.413067,0.104730,-0.380973424,0.386148831,0.78068027,0.849226752,-0.624991597,0.595440592,-0.467253755,8.268e-05,1,0
-0.413067,0.122185,-0.379364795,0.385584166,0.773716392,0.853869686,-0.622260888,0.606240814,-0.456613584,8.206e-05,1,0
-0.413067,0.139640,-0.377551825,0.384924515,0.766537083,0.858382578,-0.619142824,0.617074533,-0.445971154,2.127e-09,1,0
-0.413067,0.157095,-0.375522202,0.384115381,0.759114099,0.862750958,-0.61556954,0.627946041,-0.435325121,2.158e-09,1,0
-0.413067,0.174550,-0.373270428,0.383191015,0.75144597,0.866987715,-0.61156822,0.638859981,-0.424674261,1.829e-09,1,0
-0.413067,0.192005,-0.370789484,0.382157123,0.743522094,0.871097081,-0.607135902,0.649821386,-0.414017466,1.045e-09,1,0
-0.413067,0.209460,-0.368072079,0.381019444,0.735330988,0.875083175,-0.602269087,0.660835715,-0.403353745,6.029e-10,1,0
-0.413067,0.226915,-0.365110606,0.379783757,0.726860185,0.878949997,-0.596963658,0.67190891,-0.392682215,2.007e-09,1,0
-0.413067,0.244370,-0.361897092,0.378455898,0.718096105,0.882701424,-0.591214785,0.683047448,-0.382002103,4.077e-09,1,0
-0.413067,0.261825,-0.358423138,0.377041765,0.70902391,0.886341204,-0.585016822,0.69425841,-0.371312742,6.119e-09,1,0
-0.413067,0.279280,-0.354679852,0.375547334,0.699627337,0.889872932,-0.578363181,0.705549558,-0.360613571,7.976e-09,1,0
-0.413067,0.296735,-0.350657765,0.373978674,0.68988851,0.893300038,-0.571246185,0.71692943,-0.349904132,1.326e-08,1,0
-0.413067,0.314190,-0.346346741,0.372341964,0.679787706,0.896625752,-0.563656897,0.728407444,-0.33918407,2.095e-08,1,0
-0.413067,0.331645,-0.34173586,0.370643516,0.669303104,0.899853075,-0.555584921,0.739994031,-0.328453135,3.172e-08,1,0
-0.413067,0.349100,-0.336813286,0.368889798,0.658410463,0.90298473,-0.547018156,0.751700788,-0.317711175,4.639e-08,1,0
-0.397940,-0.349100,-0.366054119,0.347358309,0.908023373,0.681111754,-0.564733226,0.299486333,-0.727062772,3.890e-08,1,0
-0.397940,-0.331645,-0.368031334,0.351688191,0.905017195,0.691018048,-0.572600155,0.310214869,-0.715797031,2.652e-08,1,0
-0.397940,-0.314190,-0.369953201,0.355733673,0.90193058,0.700573552,-0.580026506,0.32092788,-0.704621701,1.743e-08,1,0
-0.397940,-0.296735,-0.371813843,0.359504271,0.898760072,0.709797445,-0.587020601,0.331625408,-0.693527866,1.095e-08,1,0
-0.397940,-0.279280,-0.373607488,0.363008871,0.895502076,0.71870711,-0.593589555,0.342307591,-0.682507434,6.921e-09,1,0
-0.397940,-0.261825,-0.375328455,0.366255815,0.892152877,0.727318344,-0.59973945,0.352974665,-0.671553036,5.506e-09,1,0
-0.397940,-0.244370,-0.376971134,0.369252984,0.88870867,0.735645556,-0.605475468,0.36362696,-0.660657941,3.636e-09,1,0
-0.397940,-0.226915,-0.378529984,0.372007853,0.885165574,0.743701916,-0.61080202,0.374264904,-0.649815981,1.784e-09,1,0
-0.397940,-0.209460,-0.379999516,0.374527556,0.881519642,0.751499508,-0.615722846,0.384889022,-0.639021491,3.861e-10,1,0
-0.397940,-0.192005,-0.381374287,0.376818927,0.87776687,0.759049443,-0.620241111,0.395499937,-0.628269256,9.003e-10,1,0
-0.397940,-0.174550,-0.382648893,0.378888548,0.873903204,0.766361976,-0.624359478,0.406098368,-0.617554465,1.580e-09,1,0
-0.397940,-0.157095,-0.383817962,0.380742779,0.86992454,0.773446592,-0.628080182,0.416685137,-0.606872667,1.858e-09,1,0
-0.397940,-0.139640,-0.384876147,0.382387793,0.865826721,0.780312101,-0.631405084,0.427261167,-0.596219744,1.822e-09,1,0
-0.397940,-0.122185,-0.38579194,0.383829263,0.861598111,0.786959628,-0.63430925,0.437827483,-0.585591874,7.582e-05,1,0
-0.397940,-0.104730,-0.386615169,0.385076686,0.857250987,0.79341321,-0.636852952,0.448385221,-0.574985509,7.640e-05,1,0
-0.397940,-0.087275,-0.387312171,0.386131361,0.852771477,0.79967011,-0.639003777,0.458935622,-0.56439735,7.175e-05,1,0
-0.397940,-0.069820,-0.387877451,0.386999003,0.848155257,0.805737199,-0.640762531,0.469480044,-0.553824326,6.272e-05,1,0
-0.397940,-0.052365,-0.388305525,0.387685269,0.843397881,0.811620964,-0.642129839,0.48001996,-0.54326358,5.015e-05,1,0
-0.397940,-0.034910,-0.388590907,0.388195763,0.838494766,0.817327545,-0.643106168,0.490556966,-0.532712449,3.491e-05,1,0
-0.397940,-0.017455,-0.388728116,0.388536049,0.83344118,0.822862777,-0.64369184,0.501092788,-0.522168454,1.790e-05,1,0
-0.397940,0.000000,-0.388711662,0.388711662,0.828232216,0.828232216,-0.643887043,0.511629283,-0.511629283,8.235e-06,1,0
-0.397940,0.017455,-0.388536049,0.388728116,0.822862777,0.83344118,-0.643691839,0.522168454,-0.501092788,1.790e-05,1,0
-0.397940,0.034910,-0.388195763,0.388590907,0.817327545,0.838494766,-0.643106168,0.532712449,-0.490556966,3.491e-05,1,0
-0.397940,0.052365,-0.387685269,0.388305525,0.811620964,0.843397881,-0.642129839,0.54326358,-0.48001996,5.015e-05,1,0
-0.397940,0.069820,-0.386999003,0.387877452,0.805737199,0.848155257,-0.64076253,0.553824326,-0.469480044,6.272e-05,1,0
-0.397940,0.087275,-0.386131361,0.387312171,0.79967011,0.852771477,-0.639003777,0.56439735,-0.458935622,7.175e-05,1,0
-0.397940,0.104730,-0.385076686,0.386615169,0.79341321,0.857250987,-0.636852952,0.574985509,-0.448385221,7.640e-05,1,0
-0.397940,0.122185,-0.383829263,0.38579194,0.786959628,0.861598111,-0.63430925,0.585591874,-0.437827483,7.582e-05,1,0
-0.397940,0.139640,-0.382387793,0.384876147,0.780312101,0.865826721,-0.631405084,0.596219744,-0.427261167,1.822e-09,1,0
-0.397940,0.157095,-0.380742779,0.383817962,0.773446592,0.86992454,-0.628080182,0.606872667,-0.416685137,1.858e-09,1,0
-0.397940,0.174550,-0.378888548,0.382648893,0.766361976,0.873903204,-0.624359478,0.617554465,-0.406098368,1.580e-09,1,0
-0.397940,0.192005,-0.376818927,0.381374287,0.759049443,0.87776687,-0.620241111,0.628269256,-0.395499937,9.003e-10,1,0
-0.397940,0.209460,-0.374527556,0.379999516,0.751499508,0.881519642,-0.615722846,0.639021491,-0.384889022,3.861e-10,1,0
-0.397940,0.226915,-0.372007853,0.378529984,0.743701916,0.885165574,-0.610802019,0.649815981,-0.374264904,1.784e-09,1,0
-0.397940,0.244370,-0.369252984,0.376971134,0.735645556,0.88870867,-0.605475468,0.660657941,-0.36362696,3.636e-09,1,0
-0.397940,0.261825,-0.366255816,0.375328454,0.727318344,0.892152877,-0.59973945,0.671553036,-0.352974665,5.506e-09,1,0
-0.397940,0.279280,-0.363008871,0.373607489,0.718707109,0.895502076,-0.593589555,0.682507434,-0.342307591,6.921e-09,1,0
-0.397940,0.296735,-0.359504271,0.371813843,0.709797445,0.898760072,-0.587020601,0.693527866,-0.331625408,1.095e-08,1,0
-0.397940,0.314190,-0.355733673,0.369953201,0.700573552,0.90193058,-0.580026506,0.704621701,-0.32092788,1.743e-08,1,0
-0.397940,0.331645,-0.351688191,0.368031334,0.691018048,0.905017195,-0.572600155,0.715797031,-0.310214869,2.652e-08,1,0
-0.397940,0.349100,-0.347358309,0.366054119,0.681111754,0.908023373,-0.564733226,0.727062772,-0.299486333,3.890e-08,1,0
-0.382813,-0.349100,-0.363160476,0.35710141,0.912529889,0.702344492,-0.58092947,0.281220892,-0.703027911,3.257e-08,1,0
-0.382813,-0.331645,-0.365347743,0.360885331,0.909656017,0.711350588,-0.588171845,0.291940702,-0.6921515,2.215e-08,1,0
-0.382813,-0.314190,-0.367480154,0.364407978,0.906715169,0.720054711,-0.595020057,0.30264063,-0.681340874,1.450e-08,1,0
-0.382813,-0.296735,-0.369552315,0.367677084,0.903703332,0.72847205,-0.601479538,0.313320622,-0.670589134,9.042e-09,1,0
-0.382813,-0.279280,-0.371558904,0.370699953,0.900616452,0.73661644,-0.607554874,0.323980714,-0.659889965,6.286e-09,1,0
-0.382813,-0.261825,-0.373494656,0.37348352,0.897450448,0.744500526,-0.61324992,0.334621036,-0.649237571,4.942e-09,1,0
-0.382813,-0.244370,-0.375354354,0.3760344,0.894201231,0.752135886,-0.618567903,0.345241807,-0.63862662,3.251e-09,1,0
-0.382813,-0.226915,-0.377132827,0.378358937,0.890864706,0.759533161,-0.623511512,0.355843336,-0.628052194,1.606e-09,1,0
-0.382813,-0.209460,-0.378824939,0.380463241,0.887436781,0.766702153,-0.62808297,0.366426023,-0.617509744,2.381e-10,1,0
-0.382813,-0.192005,-0.380425586,0.382353219,0.883913372,0.773651918,-0.632284108,0.376990357,-0.606995059,7.487e-10,1,0
-0.382813,-0.174550,-0.381929694,0.38403461,0.880290402,0.780390852,-0.636116421,0.387536917,-0.596504233,1.339e-09,1,0
-0.382813,-0.157095,-0.383332211,0.385513004,0.876563798,0.78692676,-0.639581118,0.398066374,-0.586033632,1.578e-09,1,0
-0.382813,-0.139640,-0.384602449,0.386790322,0.872721004,0.793258173,-0.642649074,0.408579488,-0.575579877,7.148e-05,1,0
-0.382813,-0.122185,-0.385788474,0.387882927,0.868776946,0.799412167,-0.645387744,0.419077117,-0.565139819,6.950e-05,1,0
-0.382813,-0.104730,-0.386858624,0.388787483,0.864716547,0.805382925,-0.6477603,0.429560209,-0.55471052,7.011e-05,1,0
-0.382813,-0.087275,-0.387807725,0.389509235,0.86053582,0.811176606,-0.649767203,0.440029809,-0.544289239,6.589e-05,1,0
-0.382813,-0.069820,-0.388630614,0.390053385,0.856230728,0.816799037,-0.651408805,0.450487064,-0.533873414,5.762e-05,1,0
-0.382813,-0.052365,-0.389322137,0.390425107,0.851797164,0.822255753,-0.652685365,0.46093322,-0.523460656,4.609e-05,1,0
-0.382813,-0.034910,-0.389877153,0.39062955,0.847230941,0.827552032,-0.653597072,0.471369628,-0.513048728,3.210e-05,1,0
-0.382813,-0.017455,-0.390290529,0.390671851,0.842527778,0.832692924,-0.654144048,0.481797749,-0.502635545,1.646e-05,1,0
-0.382813,0.000000,-0.390557136,0.390557136,0.837683281,0.837683281,-0.654326366,0.492219157,-0.492219157,5.274e-06,1,0
-0.382813,0.017455,-0.390671851,0.390290529,0.832692924,0.842527778,-0.654144048,0.502635545,-0.481797749,1.646e-05,1,0
-0.382813,0.034910,-0.39062955,0.389877153,0.827552032,0.847230941,-0.653597072,0.513048728,-0.471369628,3.210e-05,1,0
-0.382813,0.052365,-0.390425107,0.389322137,0.822255753,0.851797164,-0.652685365,0.523460656,-0.46093322,4.609e-05,1,0
-0.382813,0.069820,-0.390053385,0.388630613,0.816799037,0.856230728,-0.651408805,0.533873414,-0.450487064,5.762e-05,1,0
-0.382813,0.087275,-0.389509235,0.387807725,0.811176607,0.86053582,-0.649767203,0.544289239,-0.440029809,6.589e-05,1,0
-0.382813,0.104730,-0.388787483,0.386858624,0.805382925,0.864716547,-0.6477603,0.55471052,-0.429560209,7.011e-05,1,0
-0.382813,0.122185,-0.387882927,0.385788474,0.799412166,0.868776946,-0.645387744,0.565139819,-0.419077117,6.950e-05,1,0
-0.382813,0.139640,-0.386790322,0.384602449,0.793258173,0.872721004,-0.642649074,0.575579877,-0.408579488,7.148e-05,1,0
-0.382813,0.157095,-0.385513004,0.383332211,0.78692676,0.876563798,-0.639581118,0.586033632,-0.398066374,1.578e-09,1,0
-0.382813,0.174550,-0.38403461,0.381929694,0.780390852,0.880290402,-0.636116421,0.596504233,-0.387536917,1.339e-09,1,0
-0.382813,0.192005,-0.382353219,0.380425586,0.773651918,0.883913372,-0.632284108,0.606995059,-0.376990357,7.487e-10,1,0
-0.382813,0.209460,-0.380463241,0.378824939,0.766702153,0.887436781,-0.62808297,0.617509744,-0.366426023,2.381e-10,1,0
-0.382813,0.226915,-0.378358937,0.377132827,0.759533161,0.890864706,-0.623511512,0.628052194,-0.355843336,1.606e-09,1,0
-0.382813,0.244370,-0.3760344,0.375354354,0.752135886,0.894201231,-0.618567903,0.63862662,-0.345241807,3.251e-09,1,0
-0.382813,0.261825,-0.37348352,0.373494656,0.744500525,0.897450448,-0.61324992,0.649237571,-0.334621036,4.942e-09,1,0
-0.382813,0.279280,-0.370699953,0.371558904,0.73661644,0.900616452,-0.607554874,0.659889965,-0.323980714,6.286e-09,1,0
-0.382813,0.296735,-0.367677084,0.369552315,0.72847205,0.903703332,-0.601479538,0.670589134,-0.313320622,9.042e-09,1,0
-0.382813,0.314190,-0.364407978,0.367480154,0.720054711,0.906715169,-0.595020057,0.681340874,-0.30264063,1.450e-08,1,0
-0.382813,0.331645,-0.360885331,0.365347743,0.711350588,0.909656017,-0.588171845,0.6921515,-0.291940702,2.215e-08,1,0
-0.382813,0.349100,-0.35710141,0.363160476,0.702344492,0.912529889,-0.58092947,0.703027911,-0.281220892,3.257e-08,1,0
-0.367687,-0.349100,-0.360209662,0.366109067,0.916523167,0.722224242,-0.595699592,0.262907638,-0.679516232,2.723e-08,1,0
-0.367687,-0.331645,-0.362594677,0.369387121,0.913786917,0.730403602,-0.602381577,0.273623264,-0.668985954,1.849e-08,1,0
-0.367687,-0.314190,-0.364925763,0.372423759,0.910995682,0.738323119,-0.608709563,0.284314779,-0.658500812,1.206e-08,1,0
-0.367687,-0.296735,-0.367197931,0.375225322,0.908145015,0.745994774,-0.614686743,0.294982044,-0.648055442,7.476e-09,1,0
-0.367687,-0.279280,-0.369406237,0.377797866,0.905230508,0.753429527,-0.620315721,0.305625006,-0.637644899,5.669e-09,1,0
-0.367687,-0.261825,-0.371545769,0.380147203,0.9022478,0.760637435,-0.625598598,0.3162437,-0.627264609,4.423e-09,1,0
-0.367687,-0.244370,-0.37361165,0.382278934,0.899192584,0.767627748,-0.630537051,0.326838246,-0.616910336,2.912e-09,1,0
-0.367687,-0.226915,-0.375599025,0.384198483,0.896060608,0.774408996,-0.63513239,0.337408847,-0.606578149,1.463e-09,1,0
-0.367687,-0.209460,-0.377503067,0.385911125,0.892847679,0.780989073,-0.639385623,0.347955794,-0.596264391,2.641e-10,1,0
-0.367687,-0.192005,-0.379318969,0.387422004,0.889549663,0.787375305,-0.643297502,0.358479458,-0.585965654,5.976e-10,1,0
-0.367687,-0.174550,-0.381041945,0.38873616,0.886162481,0.793574508,-0.646868574,0.368980295,-0.575678762,1.113e-09,1,0
-0.367687,-0.157095,-0.382643329,0.389850939,0.882672233,0.799582062,-0.650065341,0.379458842,-0.565400746,8.028e-05,1,0
-0.367687,-0.139640,-0.384166813,0.390791205,0.879097103,0.805429278,-0.652962615,0.389915723,-0.555128831,6.429e-05,1,0
-0.367687,-0.122185,-0.385584012,0.391548263,0.875420292,0.811106638,-0.655519047,0.400351642,-0.544860418,6.317e-05,1,0
-0.367687,-0.104730,-0.386890029,0.392126905,0.871638033,0.816619575,-0.657734695,0.410767388,-0.534593076,6.386e-05,1,0
-0.367687,-0.087275,-0.38807998,0.392531904,0.867746558,0.821973248,-0.65960957,0.421163838,-0.524324526,6.010e-05,1,0
-0.367687,-0.069820,-0.389148994,0.392768022,0.863742091,0.827172572,-0.661143647,0.431541954,-0.514052632,5.261e-05,1,0
-0.367687,-0.052365,-0.390092218,0.392840015,0.859620836,0.83222225,-0.662336886,0.441902785,-0.503775393,4.211e-05,1,0
-0.367687,-0.034910,-0.390904813,0.392752638,0.855378964,0.837126799,-0.663189239,0.452247472,-0.493490934,2.934e-05,1,0
-0.367687,-0.017455,-0.391581954,0.392510654,0.8510126,0.841890578,-0.663700669,0.462577251,-0.4831975,1.505e-05,1,0
-0.367687,0.000000,-0.392118832,0.392118832,0.846517809,0.846517809,-0.663871149,0.47289345,-0.47289345,3.012e-06,1,0
-0.367687,0.017455,-0.392510654,0.391581954,0.841890578,0.8510126,-0.663700669,0.4831975,-0.462577251,1.505e-05,1,0
-0.367687,0.034910,-0.392752638,0.390904813,0.837126799,0.855378964,-0.663189239,0.493490934,-0.452247472,2.934e-05,1,0
-0.367687,0.052365,-0.392840015,0.390092219,0.83222225,0.859620835,-0.662336885,0.503775393,-0.441902785,4.211e-05,1,0
-0.367687,0.069820,-0.392768022,0.389148995,0.827172573,0.863742091,-0.661143648,0.514052632,-0.431541954,5.261e-05,1,0
-0.367687,0.087275,-0.392531904,0.38807998,0.821973248,0.867746558,-0.65960957,0.524324526,-0.421163838,6.010e-05,1,0
-0.367687,0.104730,-0.392126905,0.386890029,0.816619575,0.871638033,-0.657734695,0.534593076,-0.410767388,6.386e-05,1,0
-0.367687,0.122185,-0.391548263,0.385584012,0.811106638,0.875420292,-0.655519047,0.544860418,-0.400351642,6.317e-05,1,0
-0.367687,0.139640,-0.390791205,0.384166813,0.805429277,0.879097103,-0.652962615,0.555128831,-0.389915723,6.429e-05,1,0
-0.367687,0.157095,-0.389850939,0.382643329,0.799582062,0.882672233,-0.650065341,0.565400746,-0.379458842,8.028e-05,1,0
-0.367687,0.174550,-0.38873616,0.381041945,0.793574508,0.886162481,-0.646868574,0.575678762,-0.368980295,1.113e-09,1,0
-0.367687,0.192005,-0.387422004,0.37931897,0.787375305,0.889549663,-0.643297502,0.585965654,-0.358479458,5.976e-10,1,0
-0.367687,0.209460,-0.385911125,0.377503067,0.780989073,0.892847679,-0.639385623,0.596264391,-0.347955794,2.641e-10,1,0
-0.367687,0.226915,-0.384198483,0.375599025,0.774408996,0.896060608,-0.63513239,0.606578149,-0.337408847,1.463e-09,1,0
-0.367687,0.244370,-0.382278934,0.37361165,0.767627748,0.899192584,-0.630537051,0.616910336,-0.326838246,2.912e-09,1,0
-0.367687,0.261825,-0.380147203,0.371545769,0.760637435,0.9022478,-0.625598598,0.627264609,-0.3162437,4.423e-09,1,0
-0.367687,0.279280,-0.377797866,0.369406237,0.753429527,0.905230508,-0.62031572,0.637644899,-0.305625006,5.668e-09,1,0
-0.367687,0.296735,-0.375225322,0.367197931,0.745994774,0.908145015,-0.614686743,0.648055442,-0.294982044,7.476e-09,1,0
-0.367687,0.314190,-0.372423759,0.364925763,0.738323119,0.910995682,-0.608709563,0.658500812,-0.284314779,1.206e-08,1,0
-0.367687,0.331645,-0.369387121,0.362594677,0.730403602,0.913786917,-0.602381577,0.668985954,-0.273623264,1.849e-08,1,0
-0.367687,0.349100,-0.366109068,0.360209662,0.722224242,0.916523167,-0.595699593,0.679516232,-0.262907638,2.723e-08,1,0
-0.352560,-0.349100,-0.357203156,0.374437701,0.920019964,0.740848458,-0.609123568,0.244539525,-0.656460626,2.274e-08,1,0
-0.352560,-0.331645,-0.359774551,0.377244754,0.917425477,0.748264523,-0.615300482,0.255255367,-0.64623992,1.543e-08,1,0
-0.352560,-0.314190,-0.362293283,0.379827645,0.914786748,0.755457479,-0.621158466,0.265942988,-0.636046829,1.004e-08,1,0
-0.352560,-0.296735,-0.364754705,0.382191611,0.912098993,0.762436685,-0.626698952,0.27660217,-0.625877174,6.193e-09,1,0
-0.352560,-0.279280,-0.367154195,0.38434171,0.909357529,0.76921073,-0.631922974,0.28723278,-0.615727075,5.074e-09,1,0
-0.352560,-0.261825,-0.369487148,0.386282847,0.906557778,0.775787522,-0.636831238,0.297834769,-0.605592919,3.947e-09,1,0
-0.352560,-0.244370,-0.371748975,0.388019801,0.903695266,0.782174362,-0.641424174,0.308408169,-0.595471337,2.612e-09,1,0
-0.352560,-0.226915,-0.373935102,0.389557243,0.900765628,0.788378007,-0.645701985,0.318953093,-0.585359184,1.343e-09,1,0
-0.352560,-0.209460,-0.376040969,0.390899759,0.897764601,0.794404734,-0.649664692,0.329469732,-0.575253516,2.983e-10,1,0
-0.352560,-0.192005,-0.378042819,0.3920329,0.894672721,0.800241601,-0.653266732,0.339958356,-0.565151578,1.066e-04,1,0
-0.352560,-0.174550,-0.379972862,0.393005672,0.891520231,0.805936647,-0.656606562,0.35041931,-0.555050784,8.880e-05,1,0
-0.352560,-0.157095,-0.381810213,0.393795825,0.888283316,0.811470229,-0.659629882,0.360853019,-0.544948709,7.251e-05,1,0
-0.352560,-0.139640,-0.383550211,0.394407726,0.884958263,0.816847312,-0.662336335,0.371259981,-0.534843073,5.781e-05,1,0
-0.352560,-0.122185,-0.385188208,0.394845736,0.881541415,0.822072604,-0.664725542,0.381640772,-0.524731735,5.690e-05,1,0
-0.352560,-0.104730,-0.386719565,0.395114219,0.878029167,0.827150585,-0.666797123,0.391996043,-0.514612681,5.771e-05,1,0
-0.352560,-0.087275,-0.388139659,0.39521754,0.874417951,0.832085536,-0.668550708,0.40232652,-0.504484016,5.443e-05,1,0
-0.352560,-0.069820,-0.389443883,0.395160079,0.870704236,0.836881571,-0.669985963,0.412633008,-0.494343962,4.772e-05,1,0
-0.352560,-0.052365,-0.390627647,0.394946231,0.866884506,0.841542655,-0.671102596,0.422916388,-0.484190843,3.823e-05,1,0
-0.352560,-0.034910,-0.391686382,0.394580408,0.862955259,0.846072635,-0.671900367,0.433177619,-0.47402309,2.665e-05,1,0
-0.352560,-0.017455,-0.39261554,0.394067043,0.858912988,0.850475252,-0.672379102,0.443417741,-0.463839228,1.368e-05,1,0
-0.352560,0.000000,-0.393410594,0.393410594,0.85475417,0.85475417,-0.672538692,0.453637876,-0.453637876,1.329e-06,1,0
-0.352560,0.017455,-0.394067043,0.39261554,0.850475252,0.858912988,-0.672379102,0.463839228,-0.443417741,1.368e-05,1,0
-0.352560,0.034910,-0.394580408,0.391686382,0.846072635,0.862955259,-0.671900367,0.47402309,-0.433177619,2.665e-05,1,0
-0.352560,0.052365,-0.394946231,0.390627647,0.841542655,0.866884506,-0.671102596,0.484190843,-0.422916388,3.823e-05,1,0
-0.352560,0.069820,-0.395160079,0.389443883,0.836881571,0.870704236,-0.669985963,0.494343962,-0.412633008,4.772e-05,1,0
-0.352560,0.087275,-0.39521754,0.388139659,0.832085536,0.874417951,-0.668550708,0.504484016,-0.40232652,5.443e-05,1,0
-0.352560,0.104730,-0.395114219,0.386719565,0.827150585,0.878029167,-0.666797123,0.514612681,-0.391996043,5.771e-05,1,0
-0.352560,0.122185,-0.394845736,0.385188208,0.822072604,0.881541415,-0.664725542,0.524731735,-0.381640772,5.690e-05,1,0
-0.352560,0.139640,-0.394407726,0.383550211,0.816847312,0.884958263,-0.662336335,0.534843073,-0.371259981,5.781e-05,1,0
-0.352560,0.157095,-0.393795825,0.381810213,0.811470229,0.888283316,-0.659629882,0.544948709,-0.360853019,7.251e-05,1,0
-0.352560,0.174550,-0.393005672,0.379972862,0.805936647,0.891520231,-0.656606562,0.555050784,-0.35041931,8.880e-05,1,0
-0.352560,0.192005,-0.3920329,0.378042819,0.800241601,0.894672721,-0.653266732,0.565151578,-0.339958356,1.066e-04,1,0
-0.352560,0.209460,-0.390899759,0.376040969,0.794404734,0.897764601,-0.649664692,0.575253516,-0.329469732,2.983e-10,1,0
-0.352560,0.226915,-0.389557243,0.373935102,0.788378007,0.900765628,-0.645701985,0.585359184,-0.318953093,1.343e-09,1,0
-0.352560,0.244370,-0.388019801,0.371748975,0.782174362,0.903695266,-0.641424174,0.595471337,-0.308408169,2.612e-09,1,0
-0.352560,0.261825,-0.386282847,0.369487148,0.775787522,0.906557778,-0.636831238,0.605592919,-0.297834769,3.947e-09,1,0
-0.352560,0.279280,-0.38434171,0.367154195,0.76921073,0.909357529,-0.631922974,0.615727075,-0.28723278,5.074e-09,1,0
-0.352560,0.296735,-0.382191611,0.364754705,0.762436685,0.912098993,-0.626698952,0.625877174,-0.27660217,6.193e-09,1,0
-0.352560,0.314190,-0.379827645,0.362293283,0.755457479,0.914786748,-0.621158466,0.636046829,-0.265942988,1.004e-08,1,0
-0.352560,0.331645,-0.377244754,0.359774551,0.748264523,0.917425477,-0.615300482,0.64623992,-0.255255367,1.543e-08,1,0
-0.352560,0.349100,-0.374437702,0.357203156,0.740848458,0.920019964,-0.609123568,0.656460626,-0.244539525,2.274e-08,1,0
-0.337433,-0.349100,-0.354142914,0.382135798,0.923035346,0.758300374,-0.621271553,0.226109646,-0.633804051,1.897e-08,1,0
-0.337433,-0.331645,-0.356890107,0.384502537,0.920585833,0.765008542,-0.626991569,0.236829984,-0.623861628,1.287e-08,1,0
-0.337433,-0.314190,-0.359586166,0.386660257,0.918101752,0.771525912,-0.632423504,0.247518092,-0.613931795,8.366e-09,1,0
-0.337433,-0.296735,-0.36222674,0.38861331,0.915578052,0.777859664,-0.637567388,0.258173685,-0.604011297,5.143e-09,1,0
-0.337433,-0.279280,-0.364807483,0.390365948,0.913009836,0.784016408,-0.642423003,0.268796558,-0.594097089,4.508e-09,1,0
-0.337433,-0.261825,-0.367324056,0.391922338,0.910392357,0.790002244,-0.64698993,0.279386588,-0.584186321,3.507e-09,1,0
-0.337433,-0.244370,-0.369772122,0.393286583,0.907721018,0.795822824,-0.651267592,0.28994373,-0.574276314,2.342e-09,1,0
-0.337433,-0.226915,-0.372147354,0.394462734,0.904991368,0.801483394,-0.655255293,0.300468014,-0.564364554,1.241e-09,1,0
-0.337433,-0.209460,-0.374445427,0.395454801,0.9021991,0.806988846,-0.658952249,0.310959547,-0.554448675,3.340e-10,1,0
-0.337433,-0.192005,-0.376645309,0.396249232,0.899326363,0.812326624,-0.662316393,0.321418507,-0.544526448,9.660e-05,1,0
-0.337433,-0.174550,-0.378774431,0.396891288,0.896399843,0.817539966,-0.665436524,0.331845147,-0.534595772,8.031e-05,1,0
-0.337433,-0.157095,-0.380814564,0.397360145,0.893397822,0.822610189,-0.668262629,0.342239788,-0.524654666,6.541e-05,1,0
-0.337433,-0.139640,-0.382761283,0.397659752,0.890316667,0.82754127,-0.670793864,0.352602824,-0.514701261,5.194e-05,1,0
-0.337433,-0.122185,-0.38461017,0.397794076,0.88715284,0.832337006,-0.673029422,0.362934715,-0.504733792,5.075e-05,1,0
-0.337433,-0.104730,-0.38635682,0.397767108,0.883902887,0.837001035,-0.674968554,0.373235994,-0.494750594,5.171e-05,1,0
-0.337433,-0.087275,-0.387996844,0.397582865,0.880563431,0.841536869,-0.676610581,0.383507257,-0.484750094,4.892e-05,1,0
-0.337433,-0.069820,-0.389525869,0.397245393,0.87713116,0.845947908,-0.677954907,0.393749174,-0.47473081,4.297e-05,1,0
-0.337433,-0.052365,-0.390939543,0.396758773,0.87360282,0.850237467,-0.67900103,0.403962478,-0.464691345,3.447e-05,1,0
-0.337433,-0.034910,-0.392233539,0.396127117,0.869975204,0.85440879,-0.679748552,0.414147974,-0.454630384,2.406e-05,1,0
-0.337433,-0.017455,-0.393403552,0.395354569,0.866245138,0.858465073,-0.680197183,0.424306534,-0.444546689,1.235e-05,1,0
-0.337433,0.000000,-0.39444531,0.39444531,0.862409474,0.862409474,-0.680346745,0.434439101,-0.434439101,1.155e-07,1,0
-0.337433,0.017455,-0.395354569,0.393403552,0.858465073,0.866245138,-0.680197183,0.444546689,-0.424306534,1.235e-05,1,0
-0.337433,0.034910,-0.396127117,0.392233539,0.85440879,0.869975204,-0.679748552,0.454630384,-0.414147974,2.406e-05,1,0
-0.337433,0.052365,-0.396758773,0.390939543,0.850237467,0.87360282,-0.67900103,0.464691345,-0.403962478,3.447e-05,1,0
-0.337433,0.069820,-0.397245393,0.389525869,0.845947908,0.87713116,-0.677954907,0.47473081,-0.393749174,4.297e-05,1,0
-0.337433,0.087275,-0.397582865,0.387996844,0.841536869,0.880563431,-0.676610581,0.484750094,-0.383507257,4.892e-05,1,0
-0.337433,0.104730,-0.397767108,0.38635682,0.837001035,0.883902888,-0.674968554,0.494750594,-0.373235994,5.171e-05,1,0
-0.337433,0.122185,-0.397794076,0.38461017,0.832337006,0.88715284,-0.673029422,0.504733792,-0.362934715,5.075e-05,1,0
-0.337433,0.139640,-0.397659752,0.382761283,0.82754127,0.890316667,-0.670793864,0.514701261,-0.352602824,5.194e-05,1,0
-0.337433,0.157095,-0.397360145,0.380814564,0.822610189,0.893397822,-0.668262629,0.524654666,-0.342239788,6.541e-05,1,0
-0.337433,0.174550,-0.396891288,0.378774431,0.817539966,0.896399843,-0.665436524,0.534595772,-0.331845147,8.031e-05,1,0
-0.337433,0.192005,-0.396249232,0.376645309,0.812326624,0.899326363,-0.662316393,0.544526448,-0.321418507,9.660e-05,1,0
-0.337433,0.209460,-0.395454801,0.374445427,0.806988846,0.9021991,-0.658952249,0.554448675,-0.310959547,3.340e-10,1,0
-0.337433,0.226915,-0.394462734,0.372147354,0.801483394,0.904991368,-0.655255293,0.564364554,-0.300468014,1.241e-09,1,0
-0.337433,0.244370,-0.393286583,0.369772122,0.795822824,0.907721018,-0.651267592,0.574276314,-0.28994373,2.342e-09,1,0
-0.337433,0.261825,-0.391922338,0.367324056,0.790002244,0.910392357,-0.64698993,0.584186321,-0.279386588,3.507e-09,1,0
-0.337433,0.279280,-0.390365948,0.364807483,0.784016407,0.913009836,-0.642423003,0.594097089,-0.268796558,4.508e-09,1,0
-0.337433,0.296735,-0.38861331,0.36222674,0.777859664,0.915578052,-0.637567388,0.604011297,-0.258173685,5.143e-09,1,0
-0.337433,0.314190,-0.386660257,0.359586166,0.771525912,0.918101752,-0.632423504,0.613931795,-0.247518092,8.366e-09,1,0
-0.337433,0.331645,-0.384502537,0.356890107,0.765008542,0.920585833,-0.626991569,0.623861628,-0.236829984,1.287e-08,1,0
-0.337433,0.349100,-0.382135798,0.354142914,0.758300374,0.923035346,-0.621271553,0.633804051,-0.226109646,1.897e-08,1,0
-0.322307,-0.349100,-0.351031226,0.389245491,0.925583018,0.774651889,-0.632206019,0.207611217,-0.611497477,1.581e-08,1,0
-0.322307,-0.331645,-0.353944299,0.391199207,0.923280946,0.780701005,-0.637511444,0.21834022,-0.601806293,1.074e-08,1,0
-0.322307,-0.314190,-0.356807978,0.392957317,0.920953049,0.786587955,-0.642556097,0.229033078,-0.592114689,6.982e-09,1,0
-0.322307,-0.296735,-0.359618165,0.394523455,0.918594068,0.792318089,-0.647338882,0.239689444,-0.582420138,4.423e-09,1,0
-0.322307,-0.279280,-0.362370755,0.395901212,0.916198934,0.797896339,-0.651858568,0.250309051,-0.572720258,3.972e-09,1,0
-0.322307,-0.261825,-0.365061641,0.397094152,0.913762773,0.803327272,-0.656113825,0.26089171,-0.563012804,3.101e-09,1,0
-0.322307,-0.244370,-0.367686711,0.398105817,0.911280891,0.808615122,-0.660103258,0.271437306,-0.553295652,2.097e-09,1,0
-0.322307,-0.226915,-0.370241849,0.39893974,0.908748781,0.813763842,-0.663825432,0.281945799,-0.543566797,1.148e-09,1,0
-0.322307,-0.209460,-0.372722945,0.399599455,0.906162108,0.818777126,-0.667278906,0.292417221,-0.533824341,3.661e-10,1,0
-0.322307,-0.192005,-0.375111549,0.400072238,0.903504499,0.823642837,-0.670425008,0.302851671,-0.524066485,8.726e-05,1,0
-0.322307,-0.174550,-0.377430521,0.400399976,0.900799411,0.828399831,-0.673343443,0.313249318,-0.514291525,7.245e-05,1,0
-0.322307,-0.157095,-0.379664148,0.4005632,0.89802705,0.833030391,-0.675988362,0.323610396,-0.504497848,5.889e-05,1,0
-0.322307,-0.139640,-0.381808213,0.400565498,0.895183866,0.837537623,-0.678358514,0.333935207,-0.494683921,4.662e-05,1,0
-0.322307,-0.122185,-0.38385851,0.400410499,0.892266433,0.841924518,-0.680452738,0.344224112,-0.484848294,4.480e-05,1,0
-0.322307,-0.104730,-0.385810843,0.400101871,0.889271442,0.846193975,-0.682269978,0.354477539,-0.474989591,4.592e-05,1,0
-0.322307,-0.087275,-0.387661031,0.39964333,0.886195688,0.850348817,-0.683809295,0.364695976,-0.465106511,4.361e-05,1,0
-0.322307,-0.069820,-0.389404912,0.399038632,0.883036068,0.854391814,-0.685069875,0.374879971,-0.455197819,3.840e-05,1,0
-0.322307,-0.052365,-0.391038349,0.398291582,0.879789565,0.858325696,-0.686051041,0.385030134,-0.445262353,3.086e-05,1,0
-0.322307,-0.034910,-0.392557227,0.397406028,0.876453242,0.862153172,-0.686752261,0.395147135,-0.435299012,2.156e-05,1,0
-0.322307,-0.017455,-0.393957466,0.396385861,0.87302423,0.865876943,-0.687173147,0.405231703,-0.425306761,1.108e-05,1,0
-0.322307,0.000000,-0.395235015,0.395235015,0.869499719,0.869499719,-0.687313469,0.415284629,-0.415284629,7.186e-07,1,0
-0.322307,0.017455,-0.396385861,0.393957466,0.865876943,0.87302423,-0.687173147,0.425306761,-0.405231703,1.108e-05,1,0
-0.322307,0.034910,-0.397406028,0.392557227,0.862153172,0.876453242,-0.686752261,0.435299012,-0.395147135,2.156e-05,1,0
-0.322307,0.052365,-0.398291583,0.391038349,0.858325696,0.879789565,-0.686051041,0.445262353,-0.385030134,3.086e-05,1,0
-0.322307,0.069820,-0.399038632,0.389404912,0.854391814,0.883036068,-0.685069875,0.455197819,-0.374879971,3.840e-05,1,0
-0.322307,0.087275,-0.39964333,0.387661031,0.850348817,0.886195688,-0.683809295,0.465106511,-0.364695976,4.361e-05,1,0
-0.322307,0.104730,-0.400101871,0.385810843,0.846193975,0.889271442,-0.682269978,0.474989591,-0.354477539,4.592e-05,1,0
-0.322307,0.122185,-0.400410499,0.38385851,0.841924518,0.892266433,-0.680452738,0.484848294,-0.344224112,4.480e-05,1,0
-0.322307,0.139640,-0.400565498,0.381808213,0.837537623,0.895183866,-0.678358514,0.494683921,-0.333935207,4.662e-05,1,0
-0.322307,0.157095,-0.4005632,0.379664148,0.833030391,0.89802705,-0.675988362,0.504497848,-0.323610396,5.889e-05,1,0
-0.322307,0.174550,-0.400399976,0.377430521,0.828399831,0.900799411,-0.673343443,0.514291525,-0.313249318,7.245e-05,1,0
-0.322307,0.192005,-0.400072238,0.375111549,0.823642837,0.903504499,-0.670425008,0.524066485,-0.302851671,8.726e-05,1,0
-0.322307,0.209460,-0.399599455,0.372722945,0.818777126,0.906162108,-0.667278906,0.533824341,-0.292417221,3.661e-10,1,0
-0.322307,0.226915,-0.39893974,0.370241849,0.813763842,0.908748781,-0.663825432,0.543566797,-0.281945799,1.148e-09,1,0
-0.322307,0.244370,-0.398105817,0.36768671,0.808615123,0.911280891,-0.660103258,0.553295652,-0.271437306,2.097e-09,1,0
-0.322307,0.261825,-0.397094152,0.365061641,0.803327271,0.913762772,-0.656113825,0.563012804,-0.26089171,3.101e-09,1,0
-0.322307,0.279280,-0.395901212,0.362370756,0.79789634,0.916198934,-0.651858568,0.572720258,-0.250309051,3.972e-09,1,0
-0.322307,0.296735,-0.394523455,0.359618165,0.792318089,0.918594068,-0.647338882,0.582420138,-0.239689444,4.423e-09,1,0
-0.322307,0.314190,-0.392957317,0.356807978,0.786587955,0.920953049,-0.642556097,0.592114689,-0.229033078,6.982e-09,1,0
-0.322307,0.331645,-0.391199207,0.353944299,0.780701005,0.923280946,-0.637511444,0.601806293,-0.21834022,1.074e-08,1,0
-0.322307,0.349100,-0.389245491,0.351031226,0.774651889,0.925583018,-0.632206019,0.611497477,-0.207611217,1.581e-08,1,0
-0.307180,-0.349100,-0.347870603,0.395803756,0.927675575,0.789965737,-0.641983334,0.189037553,-0.589498328,1.317e-08,1,0
-0.307180,-0.331645,-0.350940213,0.397368951,0.925522806,0.79539924,-0.646911605,0.199779297,-0.580034799,8.963e-09,1,0
-0.307180,-0.314190,-0.353962334,0.398750513,0.923352141,0.800696113,-0.651603405,0.210481062,-0.570559489,5.836e-09,1,0
-0.307180,-0.296735,-0.35693309,0.399951488,0.92115815,0.805860147,-0.656056725,0.221142448,-0.561070444,3.859e-09,1,0
-0.307180,-0.279280,-0.359848586,0.400974928,0.918935635,0.810894841,-0.660269512,0.231763131,-0.551565812,3.466e-09,1,0
-0.307180,-0.261825,-0.36270492,0.401823892,0.91667962,0.81580344,-0.664239694,0.242342864,-0.542043832,2.724e-09,1,0
-0.307180,-0.244370,-0.365498175,0.402501457,0.914385342,0.820588961,-0.6679652,0.252881473,-0.532502829,1.870e-09,1,0
-0.307180,-0.226915,-0.36822443,0.403010725,0.912048254,0.825254227,-0.671443995,0.263378856,-0.522941209,1.061e-09,1,0
-0.307180,-0.209460,-0.370870439,0.403333412,0.909649608,0.829782715,-0.674633961,0.273834977,-0.513357455,9.297e-05,1,0
-0.307180,-0.192005,-0.373448152,0.403521801,0.907217584,0.834220258,-0.677620087,0.284249868,-0.503750121,7.855e-05,1,0
-0.307180,-0.174550,-0.375948128,0.403550492,0.904729507,0.838544166,-0.680353148,0.294623626,-0.49411783,6.517e-05,1,0
-0.307180,-0.157095,-0.378366341,0.403422709,0.90218175,0.842756855,-0.682831434,0.30495641,-0.484459269,5.289e-05,1,0
-0.307180,-0.139640,-0.380698766,0.403141732,0.899570843,0.846860659,-0.685053355,0.315248437,-0.474773189,4.177e-05,1,0
-0.307180,-0.122185,-0.382941384,0.402710895,0.896893469,0.850857857,-0.687017456,0.325499989,-0.465058397,3.908e-05,1,0
-0.307180,-0.104730,-0.385090186,0.40213359,0.894146452,0.854750686,-0.688722424,0.335711399,-0.455313762,4.037e-05,1,0
-0.307180,-0.087275,-0.387141181,0.401413267,0.891326753,0.858541358,-0.690167099,0.345883062,-0.445538207,3.852e-05,1,0
-0.307180,-0.069820,-0.389090397,0.400553431,0.888431457,0.862232076,-0.691350489,0.356015424,-0.435730708,3.404e-05,1,0
-0.307180,-0.052365,-0.390933887,0.399557643,0.885457766,0.865825048,-0.692271769,0.366108987,-0.425890298,2.742e-05,1,0
-0.307180,-0.034910,-0.392667731,0.398429518,0.882402992,0.869322499,-0.692930292,0.376164307,-0.41601606,1.918e-05,1,0
-0.307180,-0.017455,-0.394288044,0.397172724,0.879264544,0.872726688,-0.693325593,0.386181989,-0.406107129,9.861e-06,1,0
-0.307180,0.000000,-0.395790978,0.395790978,0.876039917,0.876039917,-0.693457391,0.396162693,-0.396162693,1.252e-06,1,0
-0.307180,0.017455,-0.397172724,0.394288044,0.872726689,0.879264544,-0.693325593,0.406107129,-0.386181989,9.861e-06,1,0
-0.307180,0.034910,-0.398429518,0.392667731,0.869322499,0.882402992,-0.692930292,0.41601606,-0.376164307,1.918e-05,1,0
-0.307180,0.052365,-0.399557642,0.390933887,0.865825047,0.885457766,-0.692271769,0.425890298,-0.366108987,2.742e-05,1,0
-0.307180,0.069820,-0.400553431,0.389090397,0.862232076,0.888431456,-0.691350489,0.435730708,-0.356015424,3.404e-05,1,0
-0.307180,0.087275,-0.401413267,0.387141181,0.858541358,0.891326753,-0.690167099,0.445538207,-0.345883062,3.852e-05,1,0
-0.307180,0.104730,-0.40213359,0.385090186,0.854750686,0.894146452,-0.688722424,0.455313762,-0.335711399,4.037e-05,1,0
-0.307180,0.122185,-0.402710895,0.382941384,0.850857857,0.896893469,-0.687017456,0.465058397,-0.325499989,3.908e-05,1,0
-0.307180,0.139640,-0.403141732,0.380698766,0.846860659,0.899570843,-0.685053355,0.474773189,-0.315248437,4.177e-05,1,0
-0.307180,0.157095,-0.403422709,0.378366341,0.842756855,0.90218175,-0.682831434,0.484459269,-0.30495641,5.289e-05,1,0
-0.307180,0.174550,-0.403550492,0.375948128,0.838544166,0.904729507,-0.680353148,0.49411783,-0.294623626,6.517e-05,1,0
-0.307180,0.192005,-0.403521801,0.373448152,0.834220258,0.907217584,-0.677620087,0.503750121,-0.284249868,7.855e-05,1,0
-0.307180,0.209460,-0.403333412,0.370870439,0.829782715,0.909649608,-0.674633961,0.513357455,-0.273834977,9.297e-05,1,0
-0.307180,0.226915,-0.403010725,0.36822443,0.825254227,0.912048254,-0.671443995,0.522941209,-0.263378856,1.061e-09,1,0
-0.307180,0.244370,-0.402501457,0.365498175,0.820588961,0.914385342,-0.6679652,0.532502829,-0.252881473,1.870e-09,1,0
-0.307180,0.261825,-0.401823892,0.36270492,0.81580344,0.91667962,-0.664239694,0.542043832,-0.242342864,2.724e-09,1,0
-0.307180,0.279280,-0.400974928,0.359848587,0.810894841,0.918935635,-0.660269513,0.551565812,-0.231763131,3.466e-09,1,0
-0.307180,0.296735,-0.399951488,0.35693309,0.805860147,0.92115815,-0.656056725,0.561070444,-0.221142448,3.859e-09,1,0
-0.307180,0.314190,-0.398750513,0.353962334,0.800696113,0.923352141,-0.651603405,0.570559489,-0.210481062,5.836e-09,1,0
-0.307180,0.331645,-0.397368951,0.350940213,0.79539924,0.925522806,-0.646911605,0.580034799,-0.199779297,8.963e-09,1,0
-0.307180,0.349100,-0.395803756,0.347870603,0.789965737,0.927675575,-0.641983334,0.589498328,-0.189037553,1.317e-08,1,0
-0.292053,-0.349100,-0.344663699,0.401843331,0.929324688,0.804297162,-0.650654963,0.170382055,-0.567769297,1.095e-08,1,0
-0.292053,-0.331645,-0.347881005,0.403042183,0.92732259,0.809153975,-0.655239419,0.181140532,-0.558512692,7.479e-09,1,0
-0.292053,-0.314190,-0.351052859,0.404068166,0.9253098,0.813897058,-0.659609123,0.191855269,-0.549234302,4.885e-09,1,0
-0.292053,-0.296735,-0.354175577,0.404923844,0.923280756,0.818528862,-0.663761324,0.202525817,-0.539932632,3.318e-09,1,0
-0.292053,-0.279280,-0.357245453,0.405611817,0.921230154,0.823051648,-0.667693295,0.213151805,-0.530606252,2.993e-09,1,0
-0.292053,-0.261825,-0.360258762,0.406134728,0.919152942,0.827467513,-0.671402352,0.223732935,-0.521253791,2.374e-09,1,0
-0.292053,-0.244370,-0.363211767,0.406495263,0.917044307,0.831778412,-0.674885873,0.23426898,-0.511873936,1.657e-09,1,0
-0.292053,-0.226915,-0.366100714,0.406696158,0.914899674,0.835986183,-0.678141321,0.244759781,-0.502465429,9.752e-10,1,0
-0.292053,-0.209460,-0.368914564,0.406720287,0.912701865,0.84007506,-0.681130289,0.255205249,-0.493027063,8.336e-05,1,0
-0.292053,-0.192005,-0.371661436,0.406616158,0.910475595,0.844086305,-0.683928417,0.265605355,-0.483557683,7.042e-05,1,0
-0.292053,-0.174550,-0.374333922,0.406360087,0.908200225,0.84799856,-0.68649095,0.275960132,-0.474056178,5.840e-05,1,0
-0.292053,-0.157095,-0.376928168,0.405955016,0.905872183,0.8518135,-0.688815858,0.286269674,-0.464521486,4.735e-05,1,0
-0.292053,-0.139640,-0.379440319,0.405403957,0.903488077,0.855532777,-0.690901272,0.296534131,-0.454952591,3.733e-05,1,0
-0.292053,-0.122185,-0.381866526,0.404709993,0.901044694,0.859158031,-0.692745484,0.306753708,-0.445348517,3.364e-05,1,0
-0.292053,-0.104730,-0.384202951,0.403876272,0.898538984,0.862690907,-0.694346967,0.316928664,-0.435708335,3.510e-05,1,0
-0.292053,-0.087275,-0.386445771,0.402906014,0.895968061,0.86613307,-0.695704382,0.32705931,-0.426031156,3.370e-05,1,0
-0.292053,-0.069820,-0.388591186,0.401802501,0.893329186,0.869486214,-0.696816581,0.337146005,-0.416316135,2.990e-05,1,0
-0.292053,-0.052365,-0.390635421,0.400569083,0.890619764,0.872752075,-0.697682617,0.34718916,-0.406562468,2.415e-05,1,0
-0.292053,-0.034910,-0.392574731,0.399209168,0.887837333,0.875932445,-0.698301747,0.35718923,-0.396769391,1.692e-05,1,0
-0.292053,-0.017455,-0.394405407,0.397726226,0.884979555,0.879029178,-0.698673439,0.367146719,-0.386936186,8.709e-06,1,0
-0.292053,0.000000,-0.39612378,0.39612378,0.882044208,0.882044208,-0.698797372,0.377062174,-0.377062174,1.553e-06,1,0
-0.292053,0.017455,-0.397726226,0.394405407,0.879029178,0.884979555,-0.698673439,0.386936186,-0.367146719,8.709e-06,1,0
-0.292053,0.034910,-0.399209168,0.392574731,0.875932445,0.887837333,-0.698301747,0.396769391,-0.35718923,1.692e-05,1,0
-0.292053,0.052365,-0.400569083,0.390635421,0.872752076,0.890619765,-0.697682617,0.406562468,-0.34718916,2.415e-05,1,0
-0.292053,0.069820,-0.401802501,0.388591186,0.869486214,0.893329186,-0.696816581,0.416316135,-0.337146005,2.990e-05,1,0
-0.292053,0.087275,-0.402906014,0.386445771,0.86613307,0.895968061,-0.695704382,0.426031156,-0.32705931,3.370e-05,1,0
-0.292053,0.104730,-0.403876272,0.384202951,0.862690907,0.898538984,-0.694346967,0.435708335,-0.316928664,3.510e-05,1,0
-0.292053,0.122185,-0.404709993,0.381866526,0.859158031,0.901044694,-0.692745484,0.445348517,-0.306753708,3.364e-05,1,0
-0.292053,0.139640,-0.405403957,0.379440319,0.855532777,0.903488077,-0.690901272,0.454952591,-0.296534131,3.733e-05,1,0
-0.292053,0.157095,-0.405955016,0.376928168,0.8518135,0.905872183,-0.688815858,0.464521486,-0.286269674,4.735e-05,1,0
-0.292053,0.174550,-0.406360087,0.374333922,0.84799856,0.908200225,-0.68649095,0.474056178,-0.275960132,5.840e-05,1,0
-0.292053,0.192005,-0.406616158,0.371661436,0.844086305,0.910475595,-0.683928416,0.483557683,-0.265605355,7.042e-05,1,0
-0.292053,0.209460,-0.406720287,0.368914564,0.84007506,0.912701865,-0.681130289,0.493027063,-0.255205249,8.336e-05,1,0
-0.292053,0.226915,-0.406696158,0.366100714,0.835986183,0.914899674,-0.678141321,0.502465429,-0.244759781,9.752e-10,1,0
-0.292053,0.244370,-0.406495263,0.363211767,0.831778412,0.917044307,-0.674885873,0.511873936,-0.23426898,1.657e-09,1,0
-0.292053,0.261825,-0.406134727,0.360258762,0.827467513,0.919152941,-0.671402351,0.521253791,-0.223732935,2.374e-09,1,0
-0.292053,0.279280,-0.405611817,0.357245453,0.823051648,0.921230154,-0.667693295,0.530606252,-0.213151805,2.993e-09,1,0
-0.292053,0.296735,-0.404923844,0.354175577,0.818528862,0.923280756,-0.663761324,0.539932632,-0.202525817,3.318e-09,1,0
-0.292053,0.314190,-0.404068166,0.351052859,0.813897058,0.9253098,-0.659609123,0.549234302,-0.191855269,4.885e-09,1,0
-0.292053,0.331645,-0.403042183,0.347881005,0.809153975,0.92732259,-0.655239419,0.558512692,-0.181140532,7.479e-09,1,0
-0.292053,0.349100,-0.401843331,0.344663699,0.804297162,0.929324688,-0.650654963,0.567769297,-0.170382055,1.095e-08,1,0
-0.276927,-0.349100,-0.341413255,0.407393431,0.930541255,0.817695215,-0.658268379,0.15163819,-0.546277419,9.087e-09,1,0
-0.276927,-0.331645,-0.344769858,0.408246165,0.928690786,0.822010449,-0.662538878,0.16241732,-0.537209379,6.237e-09,1,0
-0.276927,-0.314190,-0.348083149,0.40893577,0.926836184,0.82623259,-0.66661411,0.173149013,-0.528110682,4.094e-09,1,0
-0.276927,-0.296735,-0.351349615,0.409464407,0.92497178,0.830362922,-0.670490714,0.183832779,-0.518980197,2.805e-09,1,0
-0.276927,-0.279280,-0.354565716,0.409834303,0.923092188,0.834402628,-0.674165408,0.194468202,-0.509816834,2.551e-09,1,0
-0.276927,-0.261825,-0.357727889,0.410047748,0.921192297,0.838352797,-0.677635003,0.20505494,-0.500619537,2.048e-09,1,0
-0.276927,-0.244370,-0.360832551,0.410107102,0.919267261,0.842214454,-0.680896422,0.21559272,-0.491387286,1.457e-09,1,0
-0.276927,-0.226915,-0.363876102,0.410014791,0.917312489,0.845988569,-0.683946712,0.226081339,-0.482119096,8.888e-10,1,0
-0.276927,-0.209460,-0.366849541,0.4097548,0.915312244,0.849660135,-0.686751016,0.236520654,-0.472814014,7.435e-05,1,0
-0.276927,-0.192005,-0.369757445,0.40937211,0.913288075,0.853266155,-0.68937618,0.246910587,-0.463471122,6.283e-05,1,0
-0.276927,-0.174550,-0.372594271,0.408844693,0.911221222,0.856786579,-0.691781732,0.257251118,-0.454089531,5.210e-05,1,0
-0.276927,-0.157095,-0.375356319,0.40817525,0.909108164,0.860222423,-0.693965374,0.267542284,-0.444668386,4.222e-05,1,0
-0.276927,-0.139640,-0.378039889,0.407366561,0.906945588,0.863574724,-0.695924998,0.277784174,-0.435206861,3.325e-05,1,0
-0.276927,-0.122185,-0.380641284,0.406421488,0.904730376,0.866844553,-0.697658689,0.287976933,-0.425704165,2.851e-05,1,0
-0.276927,-0.104730,-0.383156821,0.40534297,0.902459602,0.870033023,-0.699164743,0.298120752,-0.416159534,3.014e-05,1,0
-0.276927,-0.087275,-0.38558283,0.404134023,0.900130518,0.873141304,-0.700441663,0.308215872,-0.406572239,2.917e-05,1,0
-0.276927,-0.069820,-0.387915665,0.402797736,0.89774055,0.876170631,-0.701488174,0.31826258,-0.396941582,2.601e-05,1,0
-0.276927,-0.052365,-0.390151706,0.401337269,0.895287289,0.879122314,-0.702303225,0.328261205,-0.387266897,2.107e-05,1,0
-0.276927,-0.034910,-0.392287365,0.399755849,0.892768482,0.88199775,-0.702885995,0.338212121,-0.377547552,1.480e-05,1,0
-0.276927,-0.017455,-0.394319092,0.398056769,0.890182024,0.884798429,-0.703235893,0.348115742,-0.367782947,7.625e-06,1,0
-0.276927,0.000000,-0.39624338,0.39624338,0.887525951,0.887525951,-0.703352566,0.35797252,-0.35797252,1.676e-06,1,0
-0.276927,0.017455,-0.398056769,0.394319092,0.884798429,0.890182024,-0.703235893,0.367782947,-0.348115742,7.625e-06,1,0
-0.276927,0.034910,-0.399755849,0.392287365,0.88199775,0.892768482,-0.702885995,0.377547552,-0.338212121,1.480e-05,1,0
-0.276927,0.052365,-0.401337269,0.390151706,0.879122314,0.895287289,-0.702303225,0.387266897,-0.328261205,2.107e-05,1,0
-0.276927,0.069820,-0.402797736,0.387915665,0.876170631,0.89774055,-0.701488174,0.396941582,-0.31826258,2.601e-05,1,0
-0.276927,0.087275,-0.404134023,0.38558283,0.873141304,0.900130518,-0.700441663,0.406572239,-0.308215872,2.917e-05,1,0
-0.276927,0.104730,-0.40534297,0.383156821,0.870033024,0.902459603,-0.699164743,0.416159534,-0.298120752,3.014e-05,1,0
-0.276927,0.122185,-0.406421488,0.380641284,0.866844553,0.904730376,-0.697658689,0.425704165,-0.287976933,2.851e-05,1,0
-0.276927,0.139640,-0.407366561,0.378039889,0.863574724,0.906945588,-0.695924998,0.435206861,-0.277784174,3.325e-05,1,0
-0.276927,0.157095,-0.40817525,0.375356319,0.860222423,0.909108164,-0.693965374,0.444668386,-0.267542284,4.222e-05,1,0
-0.276927,0.174550,-0.408844693,0.372594271,0.856786579,0.911221222,-0.691781732,0.454089531,-0.257251118,5.210e-05,1,0
-0.276927,0.192005,-0.40937211,0.369757445,0.853266155,0.913288075,-0.68937618,0.463471122,-0.246910587,6.283e-05,1,0
-0.276927,0.209460,-0.4097548,0.366849541,0.849660135,0.915312244,-0.686751016,0.472814014,-0.236520654,7.435e-05,1,0
-0.276927,0.226915,-0.410014791,0.363876102,0.845988569,0.917312489,-0.683946712,0.482119096,-0.226081339,8.888e-10,1,0
-0.276927,0.244370,-0.410107102,0.360832551,0.842214454,0.919267261,-0.680896422,0.491387286,-0.21559272,1.457e-09,1,0
-0.276927,0.261825,-0.410047748,0.357727889,0.838352797,0.921192297,-0.677635003,0.500619537,-0.20505494,2.048e-09,1,0
-0.276927,0.279280,-0.409834303,0.354565716,0.834402628,0.923092188,-0.674165408,0.509816834,-0.194468202,2.551e-09,1,0
-0.276927,0.296735,-0.409464407,0.351349615,0.830362922,0.92497178,-0.670490714,0.518980197,-0.183832779,2.805e-09,1,0
-0.276927,0.314190,-0.40893577,0.348083149,0.82623259,0.926836184,-0.66661411,0.528110682,-0.173149013,4.094e-09,1,0
-0.276927,0.331645,-0.408246165,0.344769858,0.822010449,0.928690786,-0.662538878,0.537209379,-0.16241732,6.237e-09,1,0
-0.276927,0.349100,-0.407393431,0.341413255,0.817695215,0.930541255,-0.658268379,0.546277419,-0.15163819,9.087e-09,1,0
-0.261800,-0.349100,-0.338122051,0.412480319,0.931335518,0.830203775,-0.664867774,0.132799476,-0.524993341,7.524e-09,1,0
-0.261800,-0.331645,-0.341609946,0.413005502,0.929637294,0.834009299,-0.66885119,0.143603119,-0.516097501,5.195e-09,1,0
-0.261800,-0.314190,-0.345056751,0.413376418,0.927940914,0.837740399,-0.672656872,0.154355684,-0.507163079,3.434e-09,1,0
-0.261800,-0.296735,-0.348459105,0.413594893,0.926240625,0.841397339,-0.676280956,0.165056644,-0.498189236,2.326e-09,1,0
-0.261800,-0.279280,-0.351813617,0.413662838,0.924530978,0.844980352,-0.679719702,0.175705545,-0.489175155,2.142e-09,1,0
-0.261800,-0.261825,-0.355116865,0.41358225,0.922806818,0.848489643,-0.682969503,0.186302006,-0.480120034,1.745e-09,1,0
-0.261800,-0.244370,-0.358365408,0.41335521,0.921063274,0.85192541,-0.6860269,0.196845717,-0.471023092,1.267e-09,1,0
-0.261800,-0.226915,-0.361555478,0.412961063,0.91928241,0.855268706,-0.688854927,0.207336431,-0.461883565,7.673e-05,1,0
-0.261800,-0.209460,-0.36468085,0.412453326,0.917489833,0.858562719,-0.691523116,0.217773966,-0.452700708,6.592e-05,1,0
-0.261800,-0.192005,-0.36774196,0.411805201,0.915664185,0.861783035,-0.693989057,0.228158199,-0.443473798,5.574e-05,1,0
-0.261800,-0.174550,-0.370735255,0.411019087,0.913801766,0.864930028,-0.696250022,0.238489063,-0.434202128,4.624e-05,1,0
-0.261800,-0.157095,-0.373657174,0.410097473,0.911899113,0.868004122,-0.698303489,0.248766548,-0.424885013,3.747e-05,1,0
-0.261800,-0.139640,-0.376504156,0.409042942,0.909952984,0.871005803,-0.700147151,0.258990693,-0.415521787,2.950e-05,1,0
-0.261800,-0.122185,-0.379272646,0.407858162,0.907960358,0.873935625,-0.701778919,0.269161588,-0.406111809,2.375e-05,1,0
-0.261800,-0.104730,-0.381959096,0.406545887,0.905918417,0.876794225,-0.703196936,0.27927937,-0.396654456,2.551e-05,1,0
-0.261800,-0.087275,-0.384559976,0.405108957,0.903824547,0.879582322,-0.704399577,0.28934422,-0.387149129,2.493e-05,1,0
-0.261800,-0.069820,-0.387071781,0.403550288,0.901676327,0.882300737,-0.705385459,0.299356361,-0.377595255,2.237e-05,1,0
-0.261800,-0.052365,-0.389491028,0.401872875,0.899471519,0.884950392,-0.706153444,0.309316057,-0.367992283,1.820e-05,1,0
-0.261800,-0.034910,-0.391814274,0.400079784,0.897208063,0.887532327,-0.706702643,0.319223611,-0.35833969,1.281e-05,1,0
-0.261800,-0.017455,-0.394038109,0.398174151,0.894884068,0.890047702,-0.707032418,0.329079362,-0.348636979,6.612e-06,1,0
-0.261800,0.000000,-0.396159173,0.396159173,0.892497806,0.892497806,-0.707142385,0.338883682,-0.338883682,1.671e-06,1,0
-0.261800,0.017455,-0.398174151,0.394038109,0.890047702,0.894884068,-0.707032418,0.348636979,-0.329079362,6.612e-06,1,0
-0.261800,0.034910,-0.400079784,0.391814274,0.887532327,0.897208063,-0.706702643,0.35833969,-0.319223611,1.281e-05,1,0
-0.261800,0.052365,-0.401872875,0.389491028,0.884950392,0.899471519,-0.706153444,0.367992283,-0.309316057,1.820e-05,1,0
-0.261800,0.069820,-0.403550288,0.387071781,0.882300737,0.901676327,-0.705385459,0.377595255,-0.299356361,2.237e-05,1,0
-0.261800,0.087275,-0.405108957,0.384559976,0.879582322,0.903824547,-0.704399577,0.387149129,-0.28934422,2.493e-05,1,0
-0.261800,0.104730,-0.406545887,0.381959096,0.876794225,0.905918417,-0.703196936,0.396654456,-0.27927937,2.551e-05,1,0
-0.261800,0.122185,-0.407858162,0.379272646,0.873935625,0.907960358,-0.701778919,0.406111809,-0.269161588,2.375e-05,1,0
-0.261800,0.139640,-0.409042942,0.376504156,0.871005803,0.909952984,-0.700147151,0.415521787,-0.258990693,2.950e-05,1,0
-0.261800,0.157095,-0.410097473,0.373657174,0.868004122,0.911899113,-0.698303489,0.424885013,-0.248766548,3.747e-05,1,0
-0.261800,0.174550,-0.411019087,0.370735255,0.864930028,0.913801766,-0.696250022,0.434202128,-0.238489063,4.624e-05,1,0
-0.261800,0.192005,-0.411805201,0.36774196,0.861783035,0.915664185,-0.693989057,0.443473798,-0.228158199,5.574e-05,1,0
-0.261800,0.209460,-0.412453326,0.36468085,0.858562719,0.917489833,-0.691523116,0.452700708,-0.217773966,6.592e-05,1,0
-0.261800,0.226915,-0.412961063,0.361555478,0.855268706,0.91928241,-0.688854927,0.461883565,-0.207336431,7.673e-05,1,0
-0.261800,0.244370,-0.41335521,0.358365408,0.85192541,0.921063274,-0.6860269,0.471023092,-0.196845717,1.267e-09,1,0
-0.261800,0.261825,-0.41358225,0.355116865,0.848489643,0.922806818,-0.682969503,0.480120034,-0.186302006,1.745e-09,1,0
-0.261800,0.279280,-0.413662838,0.351813617,0.844980352,0.924530979,-0.679719702,0.489175155,-0.175705545,2.143e-09,1,0
-0.261800,0.296735,-0.413594893,0.348459105,0.841397339,0.926240625,-0.676280956,0.498189236,-0.165056644,2.326e-09,1,0
-0.261800,0.314190,-0.413376418,0.345056751,0.837740399,0.927940914,-0.672656872,0.507163079,-0.154355684,3.434e-09,1,0
-0.261800,0.331645,-0.413005502,0.341609946,0.834009299,0.929637294,-0.66885119,0.516097501,-0.143603119,5.195e-09,1,0
-0.261800,0.349100,-0.412480319,0.338122051,0.830203775,0.931335518,-0.664867774,0.524993341,-0.132799476,7.524e-09,1,0
-0.246673,-0.349100,-0.334792874,0.417127756,0.931717154,0.841862375,-0.670494609,0.113859465,-0.503890744,6.208e-09,1,0
-0.246673,-0.331645,-0.338404412,0.417342537,0.930171504,0.845187266,-0.674215235,0.124691431,-0.495152424,4.318e-09,1,0
-0.246673,-0.314190,-0.341977146,0.417411152,0.928633148,0.848454681,-0.677773942,0.135468726,-0.486368396,2.878e-09,1,0
-0.246673,-0.296735,-0.34550785,0.417335149,0.927096269,0.851663988,-0.681166453,0.14619079,-0.477538058,1.885e-09,1,0
-0.246673,-0.279280,-0.348993266,0.417116175,0.925555368,0.854814573,-0.684388645,0.156857137,-0.468660808,1.767e-09,1,0
-0.246673,-0.261825,-0.352430102,0.416755977,0.924005258,0.857905859,-0.687436563,0.167467355,-0.459736053,1.464e-09,1,0
-0.246673,-0.244370,-0.355820104,0.4162296,0.922425616,0.860914877,-0.690271666,0.178021097,-0.450763202,7.736e-05,1,0
-0.246673,-0.226915,-0.359145807,0.415598315,0.920846364,0.863891093,-0.692965062,0.188518084,-0.441741673,6.748e-05,1,0
-0.246673,-0.209460,-0.362413748,0.414831036,0.919243377,0.866805718,-0.695472992,0.198958096,-0.432670891,5.804e-05,1,0
-0.246673,-0.192005,-0.365620516,0.413929868,0.917612734,0.869658477,-0.697792299,0.209340975,-0.423550291,4.913e-05,1,0
-0.246673,-0.174550,-0.368762686,0.41289702,0.915950774,0.872449173,-0.699920045,0.219666615,-0.414379316,4.078e-05,1,0
-0.246673,-0.157095,-0.371836823,0.411734801,0.914254087,0.875177699,-0.70185352,0.229934964,-0.405157422,3.307e-05,1,0
-0.246673,-0.139640,-0.374839493,0.41044562,0.912519503,0.877844042,-0.703590249,0.24014602,-0.395884075,2.603e-05,1,0
-0.246673,-0.122185,-0.377767266,0.409031977,0.910744087,0.880448291,-0.705127997,0.250299829,-0.386558756,1.972e-05,1,0
-0.246673,-0.104730,-0.38061672,0.407496465,0.908925129,0.882990646,-0.70646478,0.260396479,-0.37718096,2.124e-05,1,0
-0.246673,-0.087275,-0.383384451,0.405841767,0.907060138,0.885471422,-0.707598865,0.270436102,-0.367750197,2.102e-05,1,0
-0.246673,-0.069820,-0.386067079,0.40407065,0.905146833,0.887891061,-0.708528777,0.280418869,-0.358265995,1.900e-05,1,0
-0.246673,-0.052365,-0.388661249,0.402185959,0.903183137,0.890250134,-0.709253305,0.290344989,-0.348727902,1.554e-05,1,0
-0.246673,-0.034910,-0.391163644,0.400190619,0.901167166,0.892549354,-0.709771503,0.300214703,-0.339135484,1.098e-05,1,0
-0.246673,-0.017455,-0.393570985,0.398087625,0.899097228,0.894789575,-0.710082694,0.310028289,-0.32948833,5.673e-06,1,0
-0.246673,0.000000,-0.395880038,0.395880038,0.89697181,0.89697181,-0.710186469,0.319786053,-0.319786053,1.575e-06,1,0
-0.246673,0.017455,-0.398087625,0.393570985,0.894789576,0.899097228,-0.710082694,0.32948833,-0.310028289,5.673e-06,1,0
-0.246673,0.034910,-0.400190619,0.391163644,0.892549354,0.901167166,-0.709771503,0.339135484,-0.300214703,1.098e-05,1,0
-0.246673,0.052365,-0.402185959,0.388661249,0.890250134,0.903183137,-0.709253305,0.348727902,-0.290344989,1.554e-05,1,0
-0.246673,0.069820,-0.40407065,0.386067079,0.887891061,0.905146833,-0.708528777,0.358265995,-0.280418869,1.900e-05,1,0
-0.246673,0.087275,-0.405841767,0.383384451,0.885471422,0.907060138,-0.707598865,0.367750197,-0.270436102,2.102e-05,1,0
-0.246673,0.104730,-0.407496465,0.38061672,0.882990646,0.908925129,-0.70646478,0.37718096,-0.260396479,2.124e-05,1,0
-0.246673,0.122185,-0.409031977,0.377767266,0.880448291,0.910744087,-0.705127997,0.386558756,-0.250299829,1.972e-05,1,0
-0.246673,0.139640,-0.41044562,0.374839493,0.877844042,0.912519503,-0.703590249,0.395884075,-0.24014602,2.603e-05,1,0
-0.246673,0.157095,-0.411734801,0.371836823,0.875177699,0.914254087,-0.70185352,0.405157422,-0.229934964,3.307e-05,1,0
-0.246673,0.174550,-0.41289702,0.368762686,0.872449173,0.915950774,-0.699920045,0.414379316,-0.219666615,4.078e-05,1,0
-0.246673,0.192005,-0.413929868,0.365620516,0.869658477,0.917612734,-0.697792299,0.423550291,-0.209340975,4.913e-05,1,0
-0.246673,0.209460,-0.414831036,0.362413748,0.866805718,0.919243377,-0.695472992,0.432670891,-0.198958096,5.804e-05,1,0
-0.246673,0.226915,-0.415598315,0.359145807,0.863891093,0.920846364,-0.692965062,0.441741673,-0.188518084,6.748e-05,1,0
-0.246673,0.244370,-0.4162296,0.355820104,0.860914877,0.922425616,-0.690271666,0.450763202,-0.178021097,7.736e-05,1,0
-0.246673,0.261825,-0.416755977,0.352430102,0.857905859,0.924005258,-0.687436563,0.459736053,-0.167467355,1.464e-09,1,0
-0.246673,0.279280,-0.417116175,0.348993266,0.854814573,0.925555368,-0.684388645,0.468660808,-0.156857137,1.767e-09,1,0
-0.246673,0.296735,-0.417335149,0.34550785,0.851663988,0.927096269,-0.681166453,0.477538058,-0.14619079,1.885e-09,1,0
-0.246673,0.314190,-0.417411152,0.341977146,0.848454681,0.928633148,-0.677773942,0.486368396,-0.135468726,2.878e-09,1,0
-0.246673,0.331645,-0.417342537,0.338404412,0.845187266,0.930171504,-0.674215235,0.495152424,-0.124691431,4.318e-09,1,0
-0.246673,0.349100,-0.417127756,0.334792874,0.841862375,0.931717154,-0.670494609,0.503890744,-0.113859465,6.208e-09,1,0
-0.231547,-0.349100,-0.331428493,0.421357373,0.931695353,0.852706857,-0.675188055,0.0948117318,-0.482945875,5.098e-09,1,0
-0.231547,-0.331645,-0.335156348,0.421277671,0.930302359,0.855577774,-0.678667933,0.10567579,-0.474351828,3.575e-09,1,0
-0.231547,-0.314190,-0.338847732,0.421059247,0.928921635,0.85840665,-0.68200019,0.116481625,-0.465705629,2.407e-09,1,0
-0.231547,-0.296735,-0.342499543,0.420703411,0.927547308,0.861192051,-0.685180201,0.127228648,-0.457006862,1.537e-09,1,0
-0.231547,-0.279280,-0.346108642,0.420211589,0.926173842,0.863932613,-0.688203525,0.137916347,-0.448255101,1.425e-09,1,0
-0.231547,-0.261825,-0.349671852,0.419585316,0.92479603,0.866627057,-0.691065922,0.148544281,-0.439449916,1.205e-09,1,0
-0.231547,-0.244370,-0.353191938,0.418801667,0.92339536,0.869253968,-0.69373301,0.159112075,-0.430590875,7.121e-05,1,0
-0.231547,-0.226915,-0.356650019,0.417916721,0.921997715,0.871857273,-0.696266176,0.16961942,-0.42167754,5.885e-05,1,0
-0.231547,-0.209460,-0.360053276,0.416902042,0.9205813,0.874410399,-0.698626552,0.180066069,-0.412709476,5.070e-05,1,0
-0.231547,-0.192005,-0.363398413,0.415759565,0.919142217,0.876912519,-0.700810786,0.19045183,-0.403686245,4.296e-05,1,0
-0.231547,-0.174550,-0.366682122,0.414491335,0.917676841,0.879362923,-0.702815762,0.200776566,-0.394607414,3.570e-05,1,0
-0.231547,-0.157095,-0.369901085,0.413099504,0.916181815,0.881761019,-0.704638611,0.211040192,-0.385472554,2.898e-05,1,0
-0.231547,-0.139640,-0.373051979,0.411586329,0.914654039,0.884106345,-0.70627672,0.22124267,-0.376281238,2.283e-05,1,0
-0.231547,-0.122185,-0.376131489,0.409954164,0.913090659,0.886398564,-0.70772773,0.23138401,-0.36703305,1.730e-05,1,0
-0.231547,-0.104730,-0.379136308,0.408205461,0.911489067,0.888637482,-0.708989549,0.241464261,-0.357727579,1.735e-05,1,0
-0.231547,-0.087275,-0.382063146,0.406342765,0.909846885,0.890823044,-0.710060354,0.251483513,-0.348364427,1.744e-05,1,0
-0.231547,-0.069820,-0.384908734,0.40436871,0.908161964,0.892955347,-0.710938594,0.261441894,-0.338943207,1.592e-05,1,0
-0.231547,-0.052365,-0.387669835,0.402286011,0.906432374,0.895034641,-0.711622996,0.271339566,-0.329463545,1.310e-05,1,0
-0.231547,-0.034910,-0.390343245,0.400097466,0.904656396,0.897061338,-0.712112566,0.281176723,-0.319925083,9.286e-06,1,0
-0.231547,-0.017455,-0.392925802,0.397805946,0.902832521,0.899036018,-0.712406594,0.290953589,-0.310327481,4.810e-06,1,0
-0.231547,0.000000,-0.39541439,0.39541439,0.900959435,0.900959435,-0.71250465,0.300670416,-0.300670416,1.421e-06,1,0
-0.231547,0.017455,-0.397805946,0.392925802,0.899036018,0.902832521,-0.712406594,0.310327481,-0.290953589,4.810e-06,1,0
-0.231547,0.034910,-0.400097466,0.390343245,0.897061338,0.904656396,-0.712112566,0.319925083,-0.281176723,9.286e-06,1,0
-0.231547,0.052365,-0.402286011,0.387669835,0.895034641,0.906432374,-0.711622996,0.329463545,-0.271339566,1.310e-05,1,0
-0.231547,0.069820,-0.40436871,0.384908734,0.892955347,0.908161964,-0.710938594,0.338943207,-0.261441894,1.592e-05,1,0
-0.231547,0.087275,-0.406342765,0.382063146,0.890823044,0.909846885,-0.710060354,0.348364427,-0.251483513,1.744e-05,1,0
-0.231547,0.104730,-0.408205461,0.379136308,0.888637482,0.911489067,-0.708989549,0.357727579,-0.241464261,1.735e-05,1,0
-0.231547,0.122185,-0.409954164,0.376131489,0.886398564,0.913090659,-0.70772773,0.36703305,-0.23138401,1.730e-05,1,0
-0.231547,0.139640,-0.411586329,0.373051979,0.884106345,0.914654039,-0.70627672,0.376281238,-0.22124267,2.283e-05,1,0
-0.231547,0.157095,-0.413099504,0.369901085,0.881761019,0.916181815,-0.704638611,0.385472554,-0.211040192,2.898e-05,1,0
-0.231547,0.174550,-0.414491335,0.366682122,0.879362923,0.917676841,-0.702815762,0.394607414,-0.200776566,3.570e-05,1,0
-0.231547,0.192005,-0.415759565,0.363398413,0.876912519,0.919142217,-0.700810786,0.403686245,-0.19045183,4.296e-05,1,0
-0.231547,0.209460,-0.416902042,0.360053276,0.874410399,0.9205813,-0.698626552,0.412709476,-0.180066069,5.070e-05,1,0
-0.231547,0.226915,-0.417916721,0.356650019,0.871857273,0.921997715,-0.696266176,0.42167754,-0.16961942,5.885e-05,1,0
-0.231547,0.244370,-0.418801667,0.353191938,0.869253968,0.92339536,-0.69373301,0.430590875,-0.159112075,7.121e-05,1,0
-0.231547,0.261825,-0.419585316,0.349671852,0.866627057,0.92479603,-0.691065922,0.439449916,-0.148544281,1.205e-09,1,0
-0.231547,0.279280,-0.420211589,0.346108642,0.863932613,0.926173842,-0.688203525,0.448255101,-0.137916347,1.425e-09,1,0
-0.231547,0.296735,-0.420703411,0.342499543,0.861192051,0.927547308,-0.685180201,0.457006862,-0.127228648,1.537e-09,1,0
-0.231547,0.314190,-0.421059247,0.338847732,0.85840665,0.928921635,-0.68200019,0.465705629,-0.116481625,2.407e-09,1,0
-0.231547,0.331645,-0.421277671,0.335156348,0.855577774,0.930302359,-0.678667933,0.474351828,-0.10567579,3.575e-09,1,0
-0.231547,0.349100,-0.421357373,0.331428493,0.852706857,0.931695353,-0.675188055,0.482945875,-0.0948117318,5.098e-09,1,0
-0.216420,-0.349100,-0.328031642,0.425188969,0.931278875,0.862769912,-0.678985336,0.0756498594,-0.462137159,4.158e-09,1,0
-0.216420,-0.331645,-0.33186878,0.424829636,0.930038414,0.865211404,-0.682244534,0.0865497474,-0.453675371,2.944e-09,1,0
-0.216420,-0.314190,-0.335671818,0.424338446,0.92881476,0.867624945,-0.685369055,0.0973878932,-0.445155567,2.004e-09,1,0
-0.216420,-0.296735,-0.339437766,0.423716511,0.927601999,0.870008384,-0.688353985,0.108163685,-0.436577478,1.298e-09,1,0
-0.216420,-0.279280,-0.343163589,0.422965067,0.926394568,0.872359684,-0.691194621,0.118876588,-0.427940821,1.117e-09,1,0
-0.216420,-0.261825,-0.346857015,0.422057955,0.925171764,0.874653969,-0.693855967,0.129526137,-0.419245297,8.908e-05,1,0
-0.216420,-0.244370,-0.350489233,0.421056787,0.92396318,0.876940234,-0.696399078,0.140111934,-0.410490597,6.699e-05,1,0
-0.216420,-0.226915,-0.354072707,0.419930085,0.922744563,0.879188263,-0.698784771,0.150633647,-0.401676405,5.081e-05,1,0
-0.216420,-0.209460,-0.357604269,0.418679518,0.921511741,0.881396591,-0.701009275,0.161091003,-0.392802394,4.386e-05,1,0
-0.216420,-0.192005,-0.36108073,0.417306876,0.920260839,0.883563893,-0.703069072,0.171483786,-0.383868233,3.723e-05,1,0
-0.216420,-0.174550,-0.364498886,0.415814064,0.91898827,0.885688992,-0.704960898,0.181811833,-0.374873588,3.099e-05,1,0
-0.216420,-0.157095,-0.367855523,0.414203096,0.917690728,0.887770859,-0.706681754,0.192075031,-0.365818121,2.518e-05,1,0
-0.216420,-0.139640,-0.371147423,0.412476097,0.916365179,0.889808618,-0.708228907,0.202273314,-0.356701497,1.986e-05,1,0
-0.216420,-0.122185,-0.374371373,0.410635293,0.915008847,0.891801548,-0.709599897,0.212406661,-0.347523379,1.507e-05,1,0
-0.216420,-0.104730,-0.377524171,0.408683014,0.913619218,0.893749092,-0.71079254,0.222475091,-0.338283438,1.384e-05,1,0
-0.216420,-0.087275,-0.380602628,0.406621682,0.912194022,0.89565086,-0.711804939,0.23247866,-0.328981347,1.420e-05,1,0
-0.216420,-0.069820,-0.38360358,0.404453815,0.910731232,0.897506632,-0.712635478,0.24241746,-0.319616789,1.312e-05,1,0
-0.216420,-0.052365,-0.386523892,0.402182012,0.909229055,0.899316364,-0.713282832,0.252291617,-0.310189454,1.088e-05,1,0
-0.216420,-0.034910,-0.389360466,0.399808959,0.907685924,0.901080195,-0.713745968,0.262101284,-0.300699048,7.749e-06,1,0
-0.216420,-0.017455,-0.392110241,0.397337414,0.906100496,0.902798449,-0.714024146,0.271846643,-0.291145285,4.024e-06,1,0
-0.216420,0.000000,-0.394770209,0.394770209,0.904471645,0.904471645,-0.714116921,0.2815279,-0.2815279,1.234e-06,1,0
-0.216420,0.017455,-0.397337414,0.392110241,0.902798449,0.906100497,-0.714024146,0.291145285,-0.271846643,4.024e-06,1,0
-0.216420,0.034910,-0.399808959,0.389360466,0.901080195,0.907685924,-0.713745968,0.300699048,-0.262101284,7.749e-06,1,0
-0.216420,0.052365,-0.402182012,0.386523892,0.899316364,0.909229054,-0.713282832,0.310189454,-0.252291617,1.088e-05,1,0
-0.216420,0.069820,-0.404453815,0.38360358,0.897506632,0.910731232,-0.712635478,0.319616789,-0.24241746,1.312e-05,1,0
-0.216420,0.087275,-0.406621682,0.380602628,0.89565086,0.912194022,-0.711804939,0.328981347,-0.23247866,1.420e-05,1,0
-0.216420,0.104730,-0.408683014,0.377524171,0.893749092,0.913619218,-0.71079254,0.338283438,-0.222475091,1.384e-05,1,0
-0.216420,0.122185,-0.410635293,0.374371373,0.891801548,0.915008847,-0.709599897,0.347523379,-0.212406661,1.507e-05,1,0
-0.216420,0.139640,-0.412476096,0.371147423,0.889808618,0.916365179,-0.708228907,0.356701497,-0.202273314,1.986e-05,1,0
-0.216420,0.157095,-0.414203096,0.367855523,0.887770859,0.917690728,-0.706681754,0.365818121,-0.192075031,2.518e-05,1,0
-0.216420,0.174550,-0.415814064,0.364498886,0.885688992,0.91898827,-0.704960898,0.374873588,-0.181811833,3.099e-05,1,0
-0.216420,0.192005,-0.417306876,0.36108073,0.883563893,0.920260839,-0.703069072,0.383868233,-0.171483786,3.723e-05,1,0
-0.216420,0.209460,-0.418679518,0.357604269,0.881396591,0.921511741,-0.701009275,0.392802394,-0.161091003,4.386e-05,1,0
-0.216420,0.226915,-0.419930085,0.354072707,0.879188263,0.922744563,-0.698784771,0.401676405,-0.150633647,5.081e-05,1,0
-0.216420,0.244370,-0.421056787,0.350489233,0.876940235,0.92396318,-0.696399079,0.410490597,-0.140111934,6.699e-05,1,0
-0.216420,0.261825,-0.422057955,0.346857015,0.874653969,0.925171764,-0.693855967,0.419245297,-0.129526137,8.908e-05,1,0
-0.216420,0.279280,-0.422965067,0.343163589,0.872359684,0.926394568,-0.691194621,0.427940821,-0.118876588,1.117e-09,1,0
-0.216420,0.296735,-0.423716511,0.339437766,0.870008384,0.927601999,-0.688353985,0.436577478,-0.108163685,1.298e-09,1,0
-0.216420,0.314190,-0.424338446,0.335671818,0.867624945,0.92881476,-0.685369055,0.445155567,-0.0973878932,2.004e-09,1,0
-0.216420,0.331645,-0.424829636,0.33186878,0.865211404,0.930038414,-0.682244534,0.453675371,-0.0865497474,2.944e-09,1,0
-0.216420,0.349100,-0.425188969,0.328031642,0.862769912,0.931278875,-0.678985336,0.462137159,-0.0756498594,4.158e-09,1,0
-0.201293,-0.349100,-0.324605,0.428640757,0.930476102,0.872081524,-0.681922004,0.0563674245,-0.441444895,3.362e-09,1,0
-0.201293,-0.331645,-0.328544659,0.42801571,0.929387871,0.874116283,-0.684978846,0.0673068564,-0.43310441,2.405e-09,1,0
-0.201293,-0.314190,-0.332452618,0.42726516,0.928320584,0.876135981,-0.687912743,0.078181055,-0.424700544,1.658e-09,1,0
-0.201293,-0.296735,-0.336325983,0.426390051,0.927268295,0.878137822,-0.690718542,0.0889893897,-0.416233145,1.091e-09,1,0
-0.201293,-0.279280,-0.340177115,0.425361718,0.926208132,0.880093743,-0.693361232,0.0997313051,-0.407702039,1.044e-04,1,0
-0.201293,-0.261825,-0.343968099,0.424245744,0.925173204,0.882057105,-0.6959003,0.110406318,-0.399107035,8.233e-05,1,0
-0.201293,-0.244370,-0.347716169,0.42300847,0.924136902,0.88399446,-0.698296904,0.121014012,-0.390447924,6.270e-05,1,0
-0.201293,-0.226915,-0.351418282,0.421651309,0.923094746,0.885903692,-0.700546861,0.131554035,-0.381724481,4.555e-05,1,0
-0.201293,-0.209460,-0.355071368,0.4201758,0.922042575,0.887782855,-0.70264625,0.142026096,-0.37293647,3.752e-05,1,0
-0.201293,-0.192005,-0.358672335,0.418583608,0.920976542,0.889630171,-0.704591414,0.152429957,-0.364083644,3.192e-05,1,0
-0.201293,-0.174550,-0.362218072,0.416876513,0.919893096,0.891444037,-0.706378967,0.162765435,-0.355165749,2.662e-05,1,0
-0.201293,-0.157095,-0.365705461,0.415056413,0.918788981,0.893223024,-0.708005796,0.173032397,-0.346182522,2.167e-05,1,0
-0.201293,-0.139640,-0.369131379,0.413125316,0.917661224,0.894965878,-0.709469073,0.183230755,-0.337133697,1.712e-05,1,0
-0.201293,-0.122185,-0.372492706,0.41108534,0.916507127,0.896671529,-0.710766249,0.193360462,-0.328019008,1.302e-05,1,0
-0.201293,-0.104730,-0.375786332,0.408938704,0.915324262,0.898339089,-0.711895068,0.203421512,-0.318838184,1.071e-05,1,0
-0.201293,-0.087275,-0.379009164,0.406687725,0.914110458,0.899967856,-0.712853568,0.213413937,-0.309590961,1.130e-05,1,0
-0.201293,-0.069820,-0.38215813,0.404334816,0.912863803,0.901557323,-0.713640078,0.223337801,-0.300277076,1.061e-05,1,0
-0.201293,-0.052365,-0.38523019,0.401882475,0.911582631,0.903107175,-0.714253233,0.233193197,-0.290896273,8.882e-06,1,0
-0.201293,-0.034910,-0.388222337,0.399333288,0.910265518,0.904617301,-0.714691965,0.242980249,-0.281448304,6.364e-06,1,0
-0.201293,-0.017455,-0.391131608,0.396689913,0.908911274,0.90608779,-0.714955509,0.252699106,-0.271932933,3.316e-06,1,0
-0.201293,0.000000,-0.393955087,0.393955087,0.907518943,0.907518943,-0.715043408,0.262349937,-0.262349937,1.035e-06,1,0
-0.201293,0.017455,-0.396689914,0.391131608,0.90608779,0.908911274,-0.714955509,0.271932933,-0.252699106,3.316e-06,1,0
-0.201293,0.034910,-0.399333288,0.388222337,0.904617301,0.910265518,-0.714691965,0.281448304,-0.242980249,6.364e-06,1,0
-0.201293,0.052365,-0.401882475,0.38523019,0.903107176,0.911582631,-0.714253233,0.290896273,-0.233193197,8.882e-06,1,0
-0.201293,0.069820,-0.404334816,0.38215813,0.901557322,0.912863803,-0.713640078,0.300277076,-0.223337801,1.061e-05,1,0
-0.201293,0.087275,-0.406687725,0.379009164,0.899967856,0.914110458,-0.712853567,0.309590961,-0.213413937,1.130e-05,1,0
-0.201293,0.104730,-0.408938704,0.375786332,0.898339089,0.915324262,-0.711895068,0.318838184,-0.203421512,1.071e-05,1,0
-0.201293,0.122185,-0.41108534,0.372492706,0.896671529,0.916507127,-0.710766249,0.328019008,-0.193360462,1.302e-05,1,0
-0.201293,0.139640,-0.413125316,0.369131379,0.894965878,0.917661224,-0.709469073,0.337133697,-0.183230755,1.712e-05,1,0
-0.201293,0.157095,-0.415056413,0.365705461,0.893223024,0.918788981,-0.708005796,0.346182522,-0.173032397,2.167e-05,1,0
-0.201293,0.174550,-0.416876513,0.362218072,0.891444037,0.919893096,-0.706378967,0.355165749,-0.162765435,2.662e-05,1,0
-0.201293,0.192005,-0.418583608,0.358672335,0.889630171,0.920976542,-0.704591414,0.364083644,-0.152429957,3.192e-05,1,0
-0.201293,0.209460,-0.4201758,0.355071368,0.887782855,0.922042575,-0.70264625,0.37293647,-0.142026096,3.752e-05,1,0
-0.201293,0.226915,-0.421651309,0.351418282,0.885903692,0.923094746,-0.700546861,0.381724481,-0.131554035,4.555e-05,1,0
-0.201293,0.244370,-0.42300847,0.347716169,0.88399446,0.924136902,-0.698296904,0.390447924,-0.121014012,6.270e-05,1,0
-0.201293,0.261825,-0.424245744,0.343968099,0.882057105,0.925173204,-0.6959003,0.399107035,-0.110406318,8.233e-05,1,0
-0.201293,0.279280,-0.425361718,0.340177115,0.880093743,0.926208132,-0.693361232,0.407702039,-0.0997313051,1.044e-04,1,0
-0.201293,0.296735,-0.426390051,0.336325983,0.878137822,0.927268295,-0.690718542,0.416233145,-0.0889893897,1.091e-09,1,0
-0.201293,0.314190,-0.42726516,0.332452618,0.876135981,0.928320584,-0.687912743,0.424700544,-0.078181055,1.658e-09,1,0
-0.201293,0.331645,-0.42801571,0.328544659,0.874116283,0.929387871,-0.684978846,0.43310441,-0.0673068564,2.405e-09,1,0
-0.201293,0.349100,-0.428640757,0.324605,0.872081524,0.930476102,-0.681922004,0.441444895,-0.0563674245,3.362e-09,1,0
-0.186167,-0.349100,-0.321151183,0.431729574,0.929295076,0.880669333,-0.684032165,0.0369579856,-0.420850987,2.686e-09,1,0
-0.186167,-0.331645,-0.325186855,0.430851902,0.92835862,0.882318407,-0.686903425,0.0479406612,-0.412621768,1.944e-09,1,0
-0.186167,-0.314190,-0.329193242,0.429854628,0.927446875,0.883964236,-0.689662384,0.0588546341,-0.404324233,1.357e-09,1,0
-0.186167,-0.296735,-0.333186761,0.428707445,0.926534942,0.885576036,-0.692274639,0.0696992575,-0.395958321,1.164e-04,1,0
-0.186167,-0.279280,-0.33712172,0.427478068,0.925659001,0.887210441,-0.694796832,0.080473961,-0.387523945,9.500e-05,1,0
-0.186167,-0.261825,-0.34101936,0.426131653,0.924790327,0.888831383,-0.697191141,0.0911782464,-0.379020995,7.559e-05,1,0
-0.186167,-0.244370,-0.344876765,0.424669363,0.923924104,0.890436085,-0.699452977,0.101811683,-0.370449342,5.828e-05,1,0
-0.186167,-0.226915,-0.348690981,0.423092495,0.923055856,0.892021962,-0.701578019,0.112373904,-0.361808835,4.309e-05,1,0
-0.186167,-0.209460,-0.352459027,0.421402478,0.922181437,0.89358663,-0.703562216,0.122864602,-0.353099309,3.167e-05,1,0
-0.186167,-0.192005,-0.356177895,0.419600865,0.921297025,0.895127897,-0.705401798,0.133283526,-0.344320583,2.701e-05,1,0
-0.186167,-0.174550,-0.359844564,0.417689333,0.920399107,0.89664377,-0.707093276,0.143630478,-0.335472464,2.258e-05,1,0
-0.186167,-0.157095,-0.363455999,0.415669677,0.919484476,0.898132453,-0.708633443,0.153905306,-0.326554752,1.843e-05,1,0
-0.186167,-0.139640,-0.367009163,0.413543806,0.918550217,0.899592349,-0.710019388,0.164107907,-0.317567235,1.460e-05,1,0
-0.186167,-0.122185,-0.370501022,0.411313741,0.917593704,0.901022065,-0.711248495,0.174238217,-0.308509699,1.112e-05,1,0
-0.186167,-0.104730,-0.373928551,0.408981604,0.916612588,0.902420409,-0.712318443,0.18429621,-0.299381926,8.039e-06,1,0
-0.186167,-0.087275,-0.377288741,0.406549621,0.915604797,0.903786397,-0.713227215,0.194281899,-0.290183695,8.749e-06,1,0
-0.186167,-0.069820,-0.380578606,0.404020112,0.914568522,0.905119254,-0.713973101,0.204195325,-0.280914789,8.388e-06,1,0
-0.186167,-0.052365,-0.383795188,0.401395487,0.913502216,0.906418418,-0.714554694,0.21403656,-0.271574994,7.109e-06,1,0
-0.186167,-0.034910,-0.386935567,0.39867824,0.912404585,0.907683545,-0.714970901,0.223805704,-0.2621641,5.132e-06,1,0
-0.186167,-0.017455,-0.389996864,0.395870945,0.911274584,0.908914511,-0.715220939,0.233502878,-0.252681907,2.684e-06,1,0
-0.186167,0.000000,-0.392976248,0.392976248,0.910111414,0.910111414,-0.715304337,0.243128225,-0.243128225,8.377e-07,1,0
-0.186167,0.017455,-0.395870945,0.389996864,0.908914511,0.911274584,-0.715220939,0.252681907,-0.233502878,2.684e-06,1,0
-0.186167,0.034910,-0.39867824,0.386935567,0.907683545,0.912404585,-0.714970901,0.2621641,-0.223805704,5.132e-06,1,0
-0.186167,0.052365,-0.401395487,0.383795188,0.906418418,0.913502216,-0.714554694,0.271574994,-0.21403656,7.109e-06,1,0
-0.186167,0.069820,-0.404020112,0.380578606,0.905119254,0.914568522,-0.713973101,0.280914789,-0.204195325,8.388e-06,1,0
-0.186167,0.087275,-0.406549621,0.377288741,0.903786397,0.915604797,-0.713227215,0.290183695,-0.194281899,8.749e-06,1,0
-0.186167,0.104730,-0.408981604,0.373928551,0.902420409,0.916612588,-0.712318443,0.299381926,-0.18429621,8.039e-06,1,0
-0.186167,0.122185,-0.411313741,0.370501022,0.901022065,0.917593704,-0.711248495,0.308509699,-0.174238217,1.112e-05,1,0
-0.186167,0.139640,-0.413543806,0.367009163,0.899592349,0.918550217,-0.710019388,0.317567235,-0.164107907,1.460e-05,1,0
-0.186167,0.157095,-0.415669677,0.363455999,0.898132453,0.919484476,-0.708633443,0.326554752,-0.153905306,1.843e-05,1,0
-0.186167,0.174550,-0.417689333,0.359844564,0.89664377,0.920399107,-0.707093276,0.335472464,-0.143630478,2.258e-05,1,0
-0.186167,0.192005,-0.419600865,0.356177895,0.895127897,0.921297025,-0.705401798,0.344320583,-0.133283526,2.701e-05,1,0
-0.186167,0.209460,-0.421402478,0.352459027,0.89358663,0.922181437,-0.703562216,0.353099309,-0.122864602,3.167e-05,1,0
-0.186167,0.226915,-0.423092495,0.348690981,0.892021962,0.923055856,-0.701578019,0.361808835,-0.112373904,4.309e-05,1,0
-0.186167,0.244370,-0.424669363,0.344876765,0.890436084,0.923924104,-0.699452977,0.370449342,-0.101811683,5.828e-05,1,0
-0.186167,0.261825,-0.426131653,0.34101936,0.888831383,0.924790327,-0.697191141,0.379020995,-0.0911782464,7.559e-05,1,0
-0.186167,0.279280,-0.427478069,0.33712172,0.887210441,0.925659001,-0.694796832,0.387523945,-0.080473961,9.500e-05,1,0
-0.186167,0.296735,-0.428707445,0.333186761,0.885576036,0.926534942,-0.692274639,0.395958321,-0.0696992575,1.164e-04,1,0
-0.186167,0.314190,-0.429854628,0.329193242,0.883964236,0.927446875,-0.689662384,0.404324233,-0.0588546341,1.357e-09,1,0
-0.186167,0.331645,-0.430851902,0.325186855,0.882318407,0.92835862,-0.686903425,0.412621768,-0.0479406612,1.944e-09,1,0
-0.186167,0.349100,-0.431729574,0.321151183,0.880669334,0.929295076,-0.684032166,0.420850987,-0.0369579856,2.686e-09,1,0
-0.171040,-0.349100,-0.317672735,0.434471048,0.927743532,0.888558944,-0.685348655,0.0174150706,-0.400338734,2.112e-09,1,0
-0.171040,-0.331645,-0.321825158,0.433317397,0.92693339,0.889807733,-0.688018878,0.0284446834,-0.392211543,1.460e-04,1,0
-0.171040,-0.314190,-0.325919036,0.432089559,0.926180866,0.891103773,-0.690620764,0.0394021395,-0.384011472,1.244e-04,1,0
-0.171040,-0.296735,-0.329983715,0.430748185,0.925449852,0.892402927,-0.693114278,0.0502867798,-0.375738531,1.043e-04,1,0
-0.171040,-0.279280,-0.334016453,0.429294054,0.924734788,0.893701511,-0.695494155,0.0610980222,-0.3673927,8.574e-05,1,0
-0.171040,-0.261825,-0.338014456,0.427728087,0.92403049,0.894996066,-0.697755402,0.0718353574,-0.358973933,6.885e-05,1,0
-0.171040,-0.244370,-0.341974888,0.426051345,0.923332138,0.896283362,-0.699893302,0.0824983438,-0.35048216,5.371e-05,1,0
-0.171040,-0.226915,-0.345894878,0.424265028,0.922635262,0.897560389,-0.701903416,0.0930866043,-0.341917288,4.036e-05,1,0
-0.171040,-0.209460,-0.349771521,0.422370467,0.921935735,0.898824358,-0.70378159,0.103599821,-0.333279205,2.880e-05,1,0
-0.171040,-0.192005,-0.35360189,0.420369125,0.921229761,0.900072699,-0.705523956,0.114037733,-0.324567784,2.251e-05,1,0
-0.171040,-0.174550,-0.357383042,0.418262586,0.920513864,0.901303061,-0.707126939,0.12440013,-0.31578288,1.887e-05,1,0
-0.171040,-0.157095,-0.36111202,0.416052558,0.919784881,0.902513313,-0.708587259,0.134686851,-0.306924338,1.545e-05,1,0
-0.171040,-0.139640,-0.364785866,0.413740864,0.919039956,0.903701543,-0.709901935,0.144897779,-0.297991991,1.227e-05,1,0
-0.171040,-0.122185,-0.368401621,0.411329438,0.918276529,0.904866058,-0.711068291,0.155032839,-0.288985664,9.378e-06,1,0
-0.171040,-0.104730,-0.371956338,0.408820322,0.917492329,0.90600539,-0.712083956,0.165091992,-0.279905177,6.803e-06,1,0
-0.171040,-0.087275,-0.375447085,0.406215659,0.916685369,0.907118291,-0.71294687,0.175075236,-0.270750348,6.540e-06,1,0
-0.171040,-0.069820,-0.378870952,0.403517688,0.915853943,0.908203745,-0.713655283,0.184982597,-0.261520991,6.451e-06,1,0
-0.171040,-0.052365,-0.382225058,0.40072874,0.91499661,0.90926096,-0.714207762,0.194814132,-0.252216923,5.557e-06,1,0
-0.171040,-0.034910,-0.385506559,0.397851231,0.914112201,0.910289376,-0.714603189,0.204569922,-0.242837966,4.050e-06,1,0
-0.171040,-0.017455,-0.388712652,0.394887656,0.913199803,0.911288672,-0.714840765,0.21425007,-0.233383946,2.129e-06,1,0
-0.171040,0.000000,-0.391840584,0.391840584,0.912258761,0.912258761,-0.714920011,0.223854698,-0.223854698,6.541e-07,1,0
-0.171040,0.017455,-0.394887656,0.388712652,0.911288672,0.913199803,-0.714840765,0.233383946,-0.21425007,2.129e-06,1,0
-0.171040,0.034910,-0.397851231,0.385506559,0.910289376,0.914112201,-0.714603189,0.242837966,-0.204569922,4.050e-06,1,0
-0.171040,0.052365,-0.40072874,0.382225058,0.909260959,0.91499661,-0.714207762,0.252216923,-0.194814132,5.557e-06,1,0
-0.171040,0.069820,-0.403517688,0.378870952,0.908203745,0.915853943,-0.713655283,0.261520991,-0.184982597,6.451e-06,1,0
-0.171040,0.087275,-0.406215659,0.375447085,0.907118292,0.916685369,-0.71294687,0.270750348,-0.175075236,6.540e-06,1,0
-0.171040,0.104730,-0.408820322,0.371956338,0.90600539,0.917492329,-0.712083956,0.279905177,-0.165091992,6.803e-06,1,0
-0.171040,0.122185,-0.411329438,0.368401621,0.904866058,0.918276529,-0.711068291,0.288985664,-0.155032839,9.378e-06,1,0
-0.171040,0.139640,-0.413740864,0.364785866,0.903701543,0.919039956,-0.709901935,0.297991991,-0.144897779,1.227e-05,1,0
-0.171040,0.157095,-0.416052558,0.36111202,0.902513313,0.919784881,-0.708587259,0.306924338,-0.134686851,1.545e-05,1,0
-0.171040,0.174550,-0.418262586,0.357383042,0.901303061,0.920513864,-0.707126939,0.31578288,-0.12440013,1.887e-05,1,0
-0.171040,0.192005,-0.420369125,0.35360189,0.900072699,0.921229761,-0.705523956,0.324567784,-0.114037733,2.251e-05,1,0
-0.171040,0.209460,-0.422370468,0.349771521,0.898824358,0.921935735,-0.70378159,0.333279205,-0.103599821,2.880e-05,1,0
-0.171040,0.226915,-0.424265028,0.345894878,0.897560389,0.922635262,-0.701903416,0.341917288,-0.0930866043,4.036e-05,1,0
-0.171040,0.244370,-0.426051345,0.341974888,0.896283362,0.923332138,-0.699893302,0.35048216,-0.0824983438,5.371e-05,1,0
-0.171040,0.261825,-0.427728087,0.338014456,0.894996066,0.92403049,-0.697755402,0.358973933,-0.0718353574,6.885e-05,1,0
-0.171040,0.279280,-0.429294054,0.334016453,0.893701511,0.924734788,-0.695494155,0.3673927,-0.0610980222,8.574e-05,1,0
-0.171040,0.296735,-0.430748185,0.329983715,0.892402927,0.925449852,-0.693114278,0.375738531,-0.0502867798,1.043e-04,1,0
-0.171040,0.314190,-0.432089559,0.325919036,0.891103773,0.926180866,-0.690620764,0.384011472,-0.0394021395,1.244e-04,1,0
-0.171040,0.331645,-0.433317397,0.321825158,0.889807733,0.92693339,-0.688018878,0.392211543,-0.0284446834,1.460e-04,1,0
-0.171040,0.349100,-0.434471048,0.317672735,0.888558944,0.927743532,-0.685348655,0.400338734,-0.0174150706,2.112e-09,1,0
-0.155913,-0.349100,-0.314200871,0.43684536,0.925803329,0.895739925,-0.685875153,-0.00226783603,-0.379892642,1.471e-04,1,0
-0.155913,-0.331645,-0.318405677,0.435502407,0.925172992,0.896680138,-0.688423111,0.00881240911,-0.371858939,1.279e-04,1,0
-0.155913,-0.314190,-0.322586323,0.434050455,0.924573351,0.897637461,-0.690877052,0.0198170535,-0.363748115,1.096e-04,1,0
-0.155913,-0.296735,-0.326740198,0.43249004,0.92399843,0.898607482,-0.693231304,0.030745429,-0.355560234,9.248e-05,1,0
-0.155913,-0.279280,-0.330864631,0.430821847,0.923442654,0.899586052,-0.695480477,0.0415969452,-0.347295325,7.659e-05,1,0
-0.155913,-0.261825,-0.334956904,0.42904671,0.92290083,0.900569271,-0.697619459,0.0523710851,-0.33895339,6.206e-05,1,0
-0.155913,-0.244370,-0.339014254,0.427165603,0.92236814,0.901553495,-0.699643429,0.0630674004,-0.330534404,4.896e-05,1,0
-0.155913,-0.226915,-0.343033881,0.425179643,0.921840124,0.902535321,-0.701547849,0.0736855073,-0.322038317,3.735e-05,1,0
-0.155913,-0.209460,-0.347012954,0.423090081,0.921312672,0.903511591,-0.703328479,0.0842250818,-0.313465059,2.725e-05,1,0
-0.155913,-0.192005,-0.350948617,0.420898297,0.920782015,0.904479386,-0.704981371,0.0946858559,-0.30481454,1.864e-05,1,0
-0.155913,-0.174550,-0.354837997,0.4186058,0.920244713,0.905436028,-0.706502881,0.105067614,-0.296086653,1.549e-05,1,0
-0.155913,-0.157095,-0.35867821,0.416214223,0.919697647,0.906379077,-0.707889666,0.115370187,-0.287281276,1.272e-05,1,0
-0.155913,-0.139640,-0.362466366,0.413725312,0.919138016,0.907306328,-0.70913869,0.125593453,-0.278398274,1.014e-05,1,0
-0.155913,-0.122185,-0.366199578,0.411140929,0.918563322,0.908215817,-0.710247227,0.135737328,-0.269437504,7.780e-06,1,0
-0.155913,-0.104730,-0.369874969,0.408463044,0.917971367,0.909105818,-0.711212865,0.145801766,-0.260398814,5.669e-06,1,0
-0.155913,-0.087275,-0.373489675,0.405693727,0.917360247,0.909974843,-0.712033507,0.155786755,-0.251282046,4.665e-06,1,0
-0.155913,-0.069820,-0.377040856,0.402835149,0.916728346,0.910821649,-0.712707374,0.165692313,-0.242087041,4.793e-06,1,0
-0.155913,-0.052365,-0.380525701,0.399889568,0.916074328,0.911645232,-0.713233009,0.175518486,-0.232813639,4.221e-06,1,0
-0.155913,-0.034910,-0.383941433,0.396859333,0.915397135,0.912444838,-0.713609275,0.185265343,-0.223461681,3.114e-06,1,0
-0.155913,-0.017455,-0.387285319,0.393746868,0.914695979,0.913219959,-0.71383536,0.194932975,-0.214031013,1.648e-06,1,0
-0.155913,0.000000,-0.390554674,0.390554674,0.91397034,0.91397034,-0.713910776,0.20452149,-0.20452149,4.911e-07,1,0
-0.155913,0.017455,-0.393746868,0.387285319,0.913219959,0.914695979,-0.71383536,0.214031013,-0.194932975,1.648e-06,1,0
-0.155913,0.034910,-0.396859333,0.383941433,0.912444838,0.915397135,-0.713609275,0.223461681,-0.185265343,3.114e-06,1,0
-0.155913,0.052365,-0.399889568,0.380525701,0.911645232,0.916074328,-0.713233009,0.232813639,-0.175518486,4.221e-06,1,0
-0.155913,0.069820,-0.402835149,0.377040856,0.910821649,0.916728346,-0.712707374,0.242087041,-0.165692313,4.793e-06,1,0
-0.155913,0.087275,-0.405693727,0.373489675,0.909974843,0.917360247,-0.712033507,0.251282046,-0.155786755,4.665e-06,1,0
-0.155913,0.104730,-0.408463044,0.369874969,0.909105818,0.917971367,-0.711212865,0.260398814,-0.145801766,5.669e-06,1,0
-0.155913,0.122185,-0.411140929,0.366199578,0.908215817,0.918563322,-0.710247227,0.269437504,-0.135737328,7.780e-06,1,0
-0.155913,0.139640,-0.413725312,0.362466366,0.907306328,0.919138016,-0.70913869,0.278398274,-0.125593453,1.014e-05,1,0
-0.155913,0.157095,-0.416214223,0.35867821,0.906379077,0.919697647,-0.707889666,0.287281276,-0.115370187,1.272e-05,1,0
-0.155913,0.174550,-0.4186058,0.354837997,0.905436028,0.920244713,-0.706502881,0.296086653,-0.105067614,1.549e-05,1,0
-0.155913,0.192005,-0.420898297,0.350948617,0.904479386,0.920782015,-0.704981371,0.30481454,-0.0946858559,1.864e-05,1,0
-0.155913,0.209460,-0.423090081,0.347012954,0.903511591,0.921312672,-0.703328479,0.313465059,-0.0842250818,2.725e-05,1,0
-0.155913,0.226915,-0.425179643,0.343033881,0.902535321,0.921840124,-0.701547849,0.322038317,-0.0736855073,3.735e-05,1,0
-0.155913,0.244370,-0.427165603,0.339014254,0.901553495,0.92236814,-0.699643429,0.330534404,-0.0630674004,4.896e-05,1,0
-0.155913,0.261825,-0.42904671,0.334956904,0.900569271,0.92290083,-0.697619459,0.33895339,-0.0523710851,6.206e-05,1,0
-0.155913,0.279280,-0.430821847,0.330864631,0.899586052,0.923442654,-0.695480477,0.347295325,-0.0415969452,7.659e-05,1,0
-0.155913,0.296735,-0.43249004,0.326740198,0.898607482,0.92399843,-0.693231304,0.355560234,-0.030745429,9.248e-05,1,0
-0.155913,0.314190,-0.434050455,0.322586323,0.897637461,0.924573351,-0.690877052,0.363748115,-0.0198170535,1.096e-04,1,0
-0.155913,0.331645,-0.435502407,0.318405677,0.896680138,0.925172992,-0.688423111,0.371858939,-0.00881240911,1.279e-04,1,0
-0.155913,0.349100,-0.43684536,0.314200871,0.895739925,0.925803329,-0.685875153,0.379892642,0.00226783603,1.471e-04,1,0
-0.140787,-0.349100,-0.310677158,0.438940248,0.923537025,0.902308655,-0.68570426,-0.0220973052,-0.359498274,1.264e-04,1,0
-0.140787,-0.331645,-0.314960489,0.437379164,0.923055611,0.902917227,-0.688108542,-0.010962723,-0.351550129,1.105e-04,1,0
-0.140787,-0.314190,-0.31922202,0.435713916,0.922607821,0.903552179,-0.690426819,9.2818815e-05,-0.343520906,9.531e-05,1,0
-0.140787,-0.296735,-0.323459207,0.433944963,0.922187663,0.904208647,-0.692653303,0.0110686461,-0.335410704,8.095e-05,1,0
-0.140787,-0.279280,-0.327669448,0.432072913,0.921789548,0.904882053,-0.694782498,0.0219641634,-0.327219589,6.755e-05,1,0
-0.140787,-0.261825,-0.331850088,0.430098526,0.921408282,0.905568095,-0.696809196,0.0327788497,-0.318947596,5.522e-05,1,0
-0.140787,-0.244370,-0.335998433,0.428022706,0.921039051,0.906262745,-0.698728489,0.0435122532,-0.310594734,4.404e-05,1,0
-0.140787,-0.226915,-0.340111748,0.425846497,0.920677404,0.90696224,-0.700535759,0.0541639871,-0.302160985,3.408e-05,1,0
-0.140787,-0.209460,-0.344187266,0.423571081,0.920319253,0.907663082,-0.702226696,0.064733725,-0.293646305,2.535e-05,1,0
-0.140787,-0.192005,-0.348222199,0.421197774,0.919960853,0.908362033,-0.703797288,0.0752211966,-0.285050633,1.787e-05,1,0
-0.140787,-0.174550,-0.352213737,0.418728018,0.919598801,0.90905611,-0.705243833,0.0856261836,-0.276373888,1.242e-05,1,0
-0.140787,-0.157095,-0.356159059,0.416163378,0.919230022,0.909742589,-0.706562935,0.0959485159,-0.267615972,1.025e-05,1,0
-0.140787,-0.139640,-0.360055342,0.413505539,0.918851762,0.910418997,-0.707751516,0.106188067,-0.258776773,8.207e-06,1,0
-0.140787,-0.122185,-0.363899761,0.410756299,0.918461586,0.911083118,-0.708806811,0.116344752,-0.249856168,6.324e-06,1,0
-0.140787,-0.104730,-0.367689501,0.407917565,0.918057363,0.911732987,-0.709726371,0.126418521,-0.240854025,4.632e-06,1,0
-0.140787,-0.087275,-0.371421762,0.404991346,0.917637266,0.912366896,-0.710508072,0.136409358,-0.231770205,3.155e-06,1,0
-0.140787,-0.069820,-0.375093768,0.401979748,0.917199765,0.91298339,-0.71115011,0.146317277,-0.222604564,3.404e-06,1,0
-0.140787,-0.052365,-0.378702768,0.398884971,0.91674362,0.913581273,-0.711651009,0.156142319,-0.213356957,3.093e-06,1,0
-0.140787,-0.034910,-0.382246048,0.395709301,0.916267876,0.914159608,-0.712009618,0.165884547,-0.20402724,2.321e-06,1,0
-0.140787,-0.017455,-0.385720936,0.3924551,0.915771863,0.914717716,-0.712225112,0.175544045,-0.194615271,1.239e-06,1,0
-0.140787,0.000000,-0.38912481,0.38912481,0.915255183,0.915255183,-0.712296998,0.185120915,-0.185120915,3.526e-07,1,0
-0.140787,0.017455,-0.3924551,0.385720936,0.914717716,0.915771863,-0.712225112,0.194615271,-0.175544045,1.239e-06,1,0
-0.140787,0.034910,-0.395709301,0.382246048,0.914159608,0.916267876,-0.712009618,0.20402724,-0.165884547,2.321e-06,1,0
-0.140787,0.052365,-0.398884971,0.378702768,0.913581273,0.91674362,-0.711651009,0.213356957,-0.156142319,3.093e-06,1,0
-0.140787,0.069820,-0.401979748,0.375093768,0.91298339,0.917199765,-0.71115011,0.222604564,-0.146317277,3.404e-06,1,0
-0.140787,0.087275,-0.404991346,0.371421762,0.912366896,0.917637266,-0.710508072,0.231770205,-0.136409358,3.155e-06,1,0
-0.140787,0.104730,-0.407917565,0.367689501,0.911732986,0.918057363,-0.709726371,0.240854025,-0.126418521,4.632e-06,1,0
-0.140787,0.122185,-0.410756299,0.363899761,0.911083118,0.918461586,-0.708806811,0.249856168,-0.116344752,6.324e-06,1,0
-0.140787,0.139640,-0.413505539,0.360055342,0.910418997,0.918851762,-0.707751517,0.258776773,-0.106188067,8.207e-06,1,0
-0.140787,0.157095,-0.416163378,0.356159059,0.909742589,0.919230022,-0.706562935,0.267615972,-0.0959485159,1.025e-05,1,0
-0.140787,0.174550,-0.418728018,0.352213737,0.90905611,0.919598801,-0.705243833,0.276373888,-0.0856261836,1.242e-05,1,0
-0.140787,0.192005,-0.421197774,0.348222199,0.908362033,0.919960853,-0.703797288,0.285050633,-0.0752211966,1.787e-05,1,0
-0.140787,0.209460,-0.423571081,0.344187266,0.907663082,0.920319253,-0.702226696,0.293646305,-0.064733725,2.535e-05,1,0
-0.140787,0.226915,-0.425846497,0.340111748,0.90696224,0.920677404,-0.700535759,0.302160985,-0.0541639871,3.408e-05,1,0
-0.140787,0.244370,-0.428022706,0.335998433,0.906262744,0.921039051,-0.698728489,0.310594734,-0.0435122532,4.404e-05,1,0
-0.140787,0.261825,-0.430098526,0.331850088,0.905568095,0.921408283,-0.696809197,0.318947596,-0.0327788497,5.522e-05,1,0
-0.140787,0.279280,-0.432072913,0.327669448,0.904882053,0.921789548,-0.694782498,0.327219589,-0.0219641634,6.755e-05,1,0
-0.140787,0.296735,-0.433944963,0.323459207,0.904208647,0.922187663,-0.692653303,0.335410704,-0.0110686461,8.095e-05,1,0
-0.140787,0.314190,-0.435713916,0.31922202,0.903552179,0.922607821,-0.690426819,0.343520906,-9.2818815e-05,9.531e-05,1,0
-0.140787,0.331645,-0.437379164,0.314960489,0.902917227,0.923055611,-0.688108542,0.351550129,0.010962723,1.105e-04,1,0
-0.140787,0.349100,-0.438940248,0.310677158,0.902308656,0.923537025,-0.68570426,0.359498274,0.0220973052,1.264e-04,1,0
-0.125660,-0.349100,-0.307135937,0.44072851,0.920921443,0.908245781,-0.684831254,-0.0420799755,-0.339142116,1.067e-04,1,0
-0.125660,-0.331645,-0.311492099,0.438959913,0.92058814,0.908538801,-0.687103948,-0.0308873343,-0.331272138,9.387e-05,1,0
-0.125660,-0.314190,-0.315828825,0.437091688,0.920291105,0.908866732,-0.689297905,-0.019777174,-0.323317369,8.149e-05,1,0
-0.125660,-0.296735,-0.320143629,0.435124228,0.92002433,0.909224296,-0.691407243,-0.00875017182,-0.315277934,6.970e-05,1,0
-0.125660,-0.279280,-0.324433972,0.43305808,0.919782224,0.909606517,-0.693426379,0.00219307493,-0.307153922,5.861e-05,1,0
-0.125660,-0.261825,-0.328697259,0.430893942,0.919559591,0.910008723,-0.69535003,0.0130520442,-0.298945392,4.834e-05,1,0
-0.125660,-0.244370,-0.332930855,0.428632657,0.919351621,0.910426534,-0.697173212,0.0238262843,-0.290652372,3.896e-05,1,0
-0.125660,-0.226915,-0.337132084,0.426275214,0.919153881,0.910855854,-0.69889125,0.0345154089,-0.282274866,3.054e-05,1,0
-0.125660,-0.209460,-0.341298241,0.423822736,0.918962299,0.911292873,-0.70049977,0.0451190926,-0.27381285,2.312e-05,1,0
-0.125660,-0.192005,-0.345426595,0.421276481,0.918773159,0.911734054,-0.701994712,0.0556370666,-0.265266279,1.672e-05,1,0
-0.125660,-0.174550,-0.349514395,0.418637836,0.91858309,0.912176136,-0.703372327,0.0660691144,-0.256635089,1.133e-05,1,0
-0.125660,-0.157095,-0.353558879,0.415908312,0.91838906,0.912616131,-0.70462918,0.0764150675,-0.247919198,8.031e-06,1,0
-0.125660,-0.139640,-0.357557281,0.413089538,0.918188364,0.913051319,-0.705762154,0.0866748013,-0.239118508,6.466e-06,1,0
-0.125660,-0.122185,-0.361506835,0.410183258,0.91797862,0.913479249,-0.706768453,0.0968482316,-0.230232909,5.010e-06,1,0
-0.125660,-0.104730,-0.365404782,0.407191325,0.917757764,0.913897739,-0.707645604,0.106935311,-0.221262279,3.691e-06,1,0
-0.125660,-0.087275,-0.369248381,0.404115693,0.91752404,0.914304874,-0.708391458,0.116936023,-0.212206492,2.534e-06,1,0
-0.125660,-0.069820,-0.373034909,0.400958417,0.917275999,0.914699006,-0.709004193,0.126850384,-0.203065412,2.273e-06,1,0
-0.125660,-0.052365,-0.376761673,0.39772164,0.917012488,0.915078759,-0.709482315,0.136678434,-0.193838903,2.164e-06,1,0
-0.125660,-0.034910,-0.380426015,0.394407595,0.916732652,0.915443025,-0.709824663,0.146420234,-0.184526826,1.663e-06,1,0
-0.125660,-0.017455,-0.384025319,0.391018592,0.916435926,0.915790969,-0.710030404,0.156075869,-0.175129047,8.982e-07,1,0
-0.125660,0.000000,-0.387557016,0.387557016,0.91612203,0.91612203,-0.71009904,0.165645436,-0.165645436,2.404e-07,1,0
-0.125660,0.017455,-0.391018592,0.384025319,0.915790968,0.916435927,-0.710030404,0.175129047,-0.156075869,8.982e-07,1,0
-0.125660,0.034910,-0.394407595,0.380426015,0.915443025,0.916732652,-0.709824663,0.184526826,-0.146420234,1.663e-06,1,0
-0.125660,0.052365,-0.39772164,0.376761673,0.915078759,0.917012488,-0.709482315,0.193838903,-0.136678434,2.164e-06,1,0
-0.125660,0.069820,-0.400958417,0.373034909,0.914699006,0.917275999,-0.709004193,0.203065412,-0.126850384,2.273e-06,1,0
-0.125660,0.087275,-0.404115693,0.369248381,0.914304874,0.91752404,-0.708391458,0.212206492,-0.116936023,2.534e-06,1,0
-0.125660,0.104730,-0.407191325,0.365404782,0.913897739,0.917757764,-0.707645604,0.221262279,-0.106935311,3.691e-06,1,0
-0.125660,0.122185,-0.410183258,0.361506835,0.913479249,0.91797862,-0.706768453,0.230232909,-0.0968482316,5.010e-06,1,0
-0.125660,0.139640,-0.413089538,0.357557281,0.913051319,0.918188364,-0.705762154,0.239118508,-0.0866748013,6.466e-06,1,0
-0.125660,0.157095,-0.415908312,0.353558879,0.912616131,0.91838906,-0.70462918,0.247919198,-0.0764150675,8.031e-06,1,0
-0.125660,0.174550,-0.418637836,0.349514395,0.912176136,0.91858309,-0.703372327,0.256635089,-0.0660691144,1.133e-05,1,0
-0.125660,0.192005,-0.421276481,0.345426595,0.911734054,0.918773159,-0.701994712,0.265266279,-0.0556370666,1.672e-05,1,0
-0.125660,0.209460,-0.423822736,0.341298241,0.911292873,0.918962299,-0.70049977,0.27381285,-0.0451190926,2.312e-05,1,0
-0.125660,0.226915,-0.426275214,0.337132084,0.910855854,0.919153881,-0.69889125,0.282274866,-0.0345154089,3.054e-05,1,0
-0.125660,0.244370,-0.428632657,0.332930855,0.910426534,0.919351621,-0.697173212,0.290652372,-0.0238262843,3.896e-05,1,0
-0.125660,0.261825,-0.430893942,0.328697259,0.910008723,0.919559591,-0.69535003,0.298945392,-0.0130520442,4.834e-05,1,0
-0.125660,0.279280,-0.43305808,0.324433972,0.909606517,0.919782224,-0.693426379,0.307153922,-0.00219307493,5.861e-05,1,0
-0.125660,0.296735,-0.435124228,0.320143629,0.909224296,0.92002433,-0.691407243,0.315277934,0.00875017182,6.970e-05,1,0
-0.125660,0.314190,-0.437091688,0.315828825,0.908866732,0.920291105,-0.689297905,0.323317369,0.019777174,8.149e-05,1,0
-0.125660,0.331645,-0.438959913,0.311492099,0.908538801,0.92058814,-0.687103948,0.331272138,0.0308873343,9.387e-05,1,0
-0.125660,0.349100,-0.44072851,0.307135937,0.908245781,0.920921443,-0.684831254,0.339142116,0.0420799755,1.067e-04,1,0
-0.110533,-0.349100,-0.303579428,0.442222179,0.917963336,0.913570948,-0.683285092,-0.0622225657,-0.318811463,8.796e-05,1,0
-0.110533,-0.331645,-0.308002915,0.440256207,0.917777258,0.913563535,-0.685437367,-0.0509681182,-0.311012733,7.796e-05,1,0
-0.110533,-0.314190,-0.312409328,0.438194867,0.917629823,0.913598889,-0.687517493,-0.0397995984,-0.303125717,6.817e-05,1,0
-0.110533,-0.296735,-0.316796235,0.4360385,0.917515018,0.913671343,-0.689519513,-0.0287176838,-0.29515055,5.874e-05,1,0
-0.110533,-0.279280,-0.321161151,0.433787602,0.917427245,0.913775561,-0.691437775,-0.0177229704,-0.287087338,4.980e-05,1,0
-0.110533,-0.261825,-0.325501537,0.431442822,0.917361315,0.913906526,-0.693266933,-0.00681597813,-0.278936151,4.144e-05,1,0
-0.110533,-0.244370,-0.329814811,0.429004956,0.917312424,0.914059531,-0.695001947,0.00400284442,-0.270697031,3.374e-05,1,0
-0.110533,-0.226915,-0.334098352,0.426474942,0.917276154,0.914230175,-0.696638089,0.0147331149,-0.26236999,2.678e-05,1,0
-0.110533,-0.209460,-0.338349509,0.423853857,0.917248456,0.914414356,-0.698170944,0.0253745125,-0.253955017,2.060e-05,1,0
-0.110533,-0.192005,-0.342565603,0.421142913,0.917225637,0.914608263,-0.699596408,0.0359267733,-0.245452076,1.522e-05,1,0
-0.110533,-0.174550,-0.346743939,0.418343448,0.917204362,0.914808378,-0.700910696,0.0463896863,-0.236861111,1.066e-05,1,0
-0.110533,-0.157095,-0.350881806,0.415456928,0.917181637,0.915011469,-0.702110342,0.0567630883,-0.228182047,6.898e-06,1,0
-0.110533,-0.139640,-0.354976491,0.412484936,0.917154802,0.915214585,-0.703192202,0.0670468606,-0.219414794,4.919e-06,1,0
-0.110533,-0.122185,-0.35902528,0.409429168,0.917121531,0.91541506,-0.704153454,0.0772409246,-0.210559247,3.838e-06,1,0
-0.110533,-0.104730,-0.363025467,0.406291432,0.917079818,0.915610508,-0.704991604,0.0873452378,-0.20161529,2.848e-06,1,0
-0.110533,-0.087275,-0.36697436,0.403073635,0.917027975,0.915798822,-0.705704486,0.0973597905,-0.192582799,1.972e-06,1,0
-0.110533,-0.069820,-0.370869288,0.399777785,0.916964628,0.915978179,-0.706290264,0.107284602,-0.183461641,1.384e-06,1,0
-0.110533,-0.052365,-0.37470761,0.39640598,0.916888708,0.916147032,-0.706747431,0.117119717,-0.174251682,1.422e-06,1,0
-0.110533,-0.034910,-0.378486716,0.392960403,0.916799449,0.916304117,-0.707074818,0.126865203,-0.164952786,1.133e-06,1,0
-0.110533,-0.017455,-0.38220404,0.389443318,0.916696387,0.916448455,-0.707271585,0.136521145,-0.155564817,6.223e-07,1,0
-0.110533,0.000000,-0.385857063,0.385857063,0.916579348,0.916579348,-0.70733723,0.146087645,-0.146087645,1.539e-07,1,0
-0.110533,0.017455,-0.389443318,0.38220404,0.916448455,0.916696386,-0.707271585,0.155564817,-0.136521145,6.223e-07,1,0
-0.110533,0.034910,-0.392960403,0.378486716,0.916304117,0.916799449,-0.707074818,0.164952786,-0.126865203,1.133e-06,1,0
-0.110533,0.052365,-0.39640598,0.37470761,0.916147032,0.916888708,-0.706747431,0.174251682,-0.117119717,1.422e-06,1,0
-0.110533,0.069820,-0.399777785,0.370869288,0.915978179,0.916964628,-0.706290264,0.183461641,-0.107284602,1.384e-06,1,0
-0.110533,0.087275,-0.403073635,0.36697436,0.915798822,0.917027975,-0.705704486,0.192582799,-0.0973597905,1.972e-06,1,0
-0.110533,0.104730,-0.406291432,0.363025467,0.915610508,0.917079818,-0.704991604,0.20161529,-0.0873452378,2.848e-06,1,0
-0.110533,0.122185,-0.409429168,0.35902528,0.91541506,0.917121531,-0.704153454,0.210559247,-0.0772409246,3.838e-06,1,0
-0.110533,0.139640,-0.412484936,0.354976491,0.915214585,0.917154802,-0.703192202,0.219414794,-0.0670468606,4.919e-06,1,0
-0.110533,0.157095,-0.415456928,0.350881806,0.915011469,0.917181637,-0.702110342,0.228182047,-0.0567630883,6.898e-06,1,0
-0.110533,0.174550,-0.418343448,0.346743939,0.914808378,0.917204362,-0.700910696,0.236861111,-0.0463896863,1.066e-05,1,0
-0.110533,0.192005,-0.421142913,0.342565603,0.914608263,0.917225637,-0.699596408,0.245452076,-0.0359267733,1.522e-05,1,0
-0.110533,0.209460,-0.423853857,0.338349509,0.914414356,0.917248456,-0.698170944,0.253955017,-0.0253745125,2.060e-05,1,0
-0.110533,0.226915,-0.426474942,0.334098352,0.914230175,0.917276154,-0.696638089,0.26236999,-0.0147331149,2.678e-05,1,0
-0.110533,0.244370,-0.429004956,0.329814811,0.914059531,0.917312424,-0.695001947,0.270697031,-0.00400284442,3.374e-05,1,0
-0.110533,0.261825,-0.431442822,0.325501537,0.913906526,0.917361315,-0.693266933,0.278936151,0.00681597813,4.144e-05,1,0
-0.110533,0.279280,-0.433787602,0.321161151,0.913775561,0.917427245,-0.691437775,0.287087338,0.0177229704,4.980e-05,1,0
-0.110533,0.296735,-0.4360385,0.316796235,0.913671343,0.917515018,-0.689519513,0.29515055,0.0287176838,5.874e-05,1,0
-0.110533,0.314190,-0.438194867,0.312409328,0.913598889,0.917629823,-0.687517493,0.303125717,0.0397995984,6.817e-05,1,0
-0.110533,0.331645,-0.440256207,0.308002915,0.913563535,0.917777258,-0.685437367,0.311012733,0.0509681182,7.796e-05,1,0
-0.110533,0.349100,-0.442222179,0.303579428,0.913570948,0.917963336,-0.683285092,0.318811463,0.0622225657,8.796e-05,1,0
-0.095407,-0.349100,-0.300009763,0.443432619,0.914669237,0.918302715,-0.681093955,-0.0825318869,-0.298494323,7.027e-05,1,0
-0.095407,-0.331645,-0.304495249,0.441278969,0.914629437,0.918009104,-0.683136146,-0.0712118531,-0.290760343,6.280e-05,1,0
-0.095407,-0.314190,-0.308966016,0.439033958,0.914630404,0.917765489,-0.685112153,-0.0599812051,-0.282934768,5.537e-05,1,0
-0.095407,-0.296735,-0.313419683,0.436697887,0.914666122,0.917565849,-0.687015959,-0.0488406179,-0.275017739,4.811e-05,1,0
-0.095407,-0.279280,-0.317853812,0.434271212,0.914730995,0.917404511,-0.688841859,-0.0377906835,-0.267009367,4.114e-05,1,0
-0.095407,-0.261825,-0.322265915,0.431754543,0.914819838,0.917276138,-0.690584455,-0.0268319167,-0.258909725,3.455e-05,1,0
-0.095407,-0.244370,-0.326653459,0.429148636,0.91492786,0.917175725,-0.692238666,-0.0159647598,-0.25071886,2.842e-05,1,0
-0.095407,-0.226915,-0.331013873,0.42645439,0.915050657,0.917098582,-0.693799724,-0.00518958795,-0.242436787,2.283e-05,1,0
-0.095407,-0.209460,-0.335344554,0.423672846,0.9151842,0.917040341,-0.695263178,0.00549328581,-0.234063498,1.782e-05,1,0
-0.095407,-0.192005,-0.339642871,0.420805174,0.915324826,0.916996936,-0.696624894,0.0160836061,-0.22559896,1.343e-05,1,0
-0.095407,-0.174550,-0.343906177,0.417852676,0.915469229,0.91696461,-0.697881061,0.0265811707,-0.217043116,9.661e-06,1,0
-0.095407,-0.157095,-0.348131811,0.414816778,0.915614453,0.916939902,-0.699028186,0.0369858256,-0.208395895,6.525e-06,1,0
-0.095407,-0.139640,-0.352317107,0.411699023,0.915757884,0.916919652,-0.700063105,0.0472974614,-0.199657204,4.004e-06,1,0
-0.095407,-0.122185,-0.356459396,0.408501072,0.915897244,0.916900991,-0.700982979,0.057516009,-0.190826939,2.811e-06,1,0
-0.095407,-0.104730,-0.360556021,0.405224689,0.916030585,0.916881345,-0.701785299,0.0676414354,-0.181904983,2.105e-06,1,0
-0.095407,-0.087275,-0.364604336,0.401871745,0.916156282,0.916858432,-0.702467883,0.0776737402,-0.172891207,1.472e-06,1,0
-0.095407,-0.069820,-0.368601716,0.398444205,0.91627303,0.91683026,-0.703028886,0.0876129517,-0.163785478,9.292e-07,1,0
-0.095407,-0.052365,-0.372545564,0.394944128,0.916379838,0.916795128,-0.703466793,0.0974591235,-0.154587658,8.538e-07,1,0
-0.095407,-0.034910,-0.376433315,0.391373656,0.916476026,0.916751628,-0.703780427,0.107212331,-0.145297605,7.209e-07,1,0
-0.095407,-0.017455,-0.380262449,0.38773501,0.91656122,0.916698642,-0.703968944,0.116872668,-0.135915179,4.064e-07,1,0
-0.095407,0.000000,-0.384030488,0.384030488,0.916635349,0.916635349,-0.70403184,0.126440243,-0.126440243,9.094e-08,1,0
-0.095407,0.017455,-0.387735011,0.380262449,0.916698642,0.91656122,-0.703968945,0.135915179,-0.116872668,4.064e-07,1,0
-0.095407,0.034910,-0.391373656,0.376433315,0.916751628,0.916476026,-0.703780427,0.145297605,-0.107212331,7.209e-07,1,0
-0.095407,0.052365,-0.394944128,0.372545564,0.916795128,0.916379838,-0.703466793,0.154587658,-0.0974591235,8.538e-07,1,0
-0.095407,0.069820,-0.398444205,0.368601716,0.91683026,0.91627303,-0.703028886,0.163785478,-0.0876129517,9.292e-07,1,0
-0.095407,0.087275,-0.401871745,0.364604336,0.916858432,0.916156282,-0.702467883,0.172891207,-0.0776737402,1.472e-06,1,0
-0.095407,0.104730,-0.405224689,0.360556021,0.916881345,0.916030585,-0.701785299,0.181904983,-0.0676414354,2.105e-06,1,0
-0.095407,0.122185,-0.408501072,0.356459396,0.916900991,0.915897244,-0.700982979,0.190826939,-0.057516009,2.811e-06,1,0
-0.095407,0.139640,-0.411699024,0.352317107,0.916919652,0.915757884,-0.700063105,0.199657204,-0.0472974614,4.004e-06,1,0
-0.095407,0.157095,-0.414816778,0.348131811,0.916939902,0.915614453,-0.699028186,0.208395895,-0.0369858256,6.525e-06,1,0
-0.095407,0.174550,-0.417852676,0.343906177,0.91696461,0.915469229,-0.697881061,0.217043116,-0.0265811707,9.661e-06,1,0
-0.095407,0.192005,-0.420805174,0.339642871,0.916996936,0.915324826,-0.696624894,0.22559896,-0.0160836061,1.343e-05,1,0
-0.095407,0.209460,-0.423672846,0.335344554,0.917040341,0.9151842,-0.695263178,0.234063498,-0.00549328581,1.782e-05,1,0
-0.095407,0.226915,-0.42645439,0.331013873,0.917098582,0.915050657,-0.693799724,0.242436787,0.00518958795,2.283e-05,1,0
-0.095407,0.244370,-0.429148636,0.326653459,0.917175725,0.91492786,-0.692238666,0.25071886,0.0159647598,2.842e-05,1,0
-0.095407,0.261825,-0.431754543,0.322265915,0.917276138,0.914819838,-0.690584455,0.258909725,0.0268319167,3.455e-05,1,0
-0.095407,0.279280,-0.434271212,0.317853812,0.917404511,0.914730995,-0.688841859,0.267009367,0.0377906835,4.114e-05,1,0
-0.095407,0.296735,-0.436697887,0.313419683,0.917565849,0.914666122,-0.687015959,0.275017739,0.0488406179,4.811e-05,1,0
-0.095407,0.314190,-0.439033958,0.308966016,0.917765489,0.914630404,-0.685112153,0.282934768,0.0599812051,5.537e-05,1,0
-0.095407,0.331645,-0.441278969,0.304495249,0.918009104,0.914629437,-0.683136146,0.290760343,0.0712118531,6.280e-05,1,0
-0.095407,0.349100,-0.443432618,0.300009763,0.918302715,0.914669237,-0.681093955,0.298494323,0.0825318869,7.027e-05,1,0
-0.080280,-0.349100,-0.296428982,0.444370596,0.91104547,0.922458673,-0.678285303,-0.103014856,-0.278179334,5.363e-05,1,0
-0.080280,-0.331645,-0.300971312,0.442038561,0.911150948,0.921892281,-0.680226984,-0.0916254144,-0.270503975,4.843e-05,1,0
-0.080280,-0.314190,-0.30550127,0.439618939,0.911299082,0.921382541,-0.682107872,-0.0803288337,-0.262733877,4.313e-05,1,0
-0.080280,-0.296735,-0.310016518,0.437112,0.911483857,0.920923102,-0.683921905,-0.0691257832,-0.25486918,3.784e-05,1,0
-0.080280,-0.279280,-0.314514664,0.434518172,0.91169968,0.920507977,-0.685663335,-0.0580168485,-0.246909991,3.268e-05,1,0
-0.080280,-0.261825,-0.318993264,0.431838033,0.911941373,0.920131535,-0.68732673,-0.0470025358,-0.238856382,2.772e-05,1,0
-0.080280,-0.244370,-0.323449829,0.429072308,0.912204161,0.919788488,-0.688906974,-0.0360832783,-0.230708394,2.306e-05,1,0
-0.080280,-0.226915,-0.327881834,0.426221868,0.912483654,0.919473887,-0.690399272,-0.0252594411,-0.222466042,1.875e-05,1,0
-0.080280,-0.209460,-0.332286718,0.423287721,0.912775846,0.919183109,-0.691799146,-0.014531326,-0.214129311,1.484e-05,1,0
-0.080280,-0.192005,-0.336661897,0.420271007,0.913077098,0.918911855,-0.693102439,-0.00389917653,-0.205698164,1.137e-05,1,0
-0.080280,-0.174550,-0.341004766,0.417172996,0.913384138,0.918656143,-0.69430532,0.00663681703,-0.197172542,8.375e-06,1,0
-0.080280,-0.157095,-0.345312707,0.413995084,0.913694044,0.918412304,-0.695404281,0.0170765136,-0.188552365,5.850e-06,1,0
-0.080280,-0.139640,-0.349583097,0.410738781,0.914004246,0.91817698,-0.696396143,0.0274198167,-0.179837537,3.794e-06,1,0
-0.080280,-0.122185,-0.353813312,0.407405714,0.914312512,0.917947115,-0.697278051,0.0376666701,-0.171027946,2.189e-06,1,0
-0.080280,-0.104730,-0.358000735,0.403997616,0.914616947,0.917719962,-0.698047487,0.0478170541,-0.162123467,1.464e-06,1,0
-0.080280,-0.087275,-0.362142762,0.400516324,0.914915986,0.917493072,-0.698702263,0.0578709814,-0.153123966,1.037e-06,1,0
-0.080280,-0.069820,-0.36623681,0.396963769,0.915208388,0.9172643,-0.699240522,0.0678284934,-0.144029301,6.645e-07,1,0
-0.080280,-0.052365,-0.370280321,0.393341973,0.915493237,0.917031801,-0.699660745,0.0776896564,-0.134839323,4.422e-07,1,0
-0.080280,-0.034910,-0.374270772,0.389653045,0.91576993,0.91679403,-0.699961751,0.0874545584,-0.125553883,4.160e-07,1,0
-0.080280,-0.017455,-0.37820568,0.38589917,0.916038179,0.916549746,-0.700142693,0.0971233055,-0.116172831,2.447e-07,1,0
-0.080280,0.000000,-0.382082607,0.382082607,0.916298008,0.916298008,-0.700203063,0.106696019,-0.106696019,4.838e-08,1,0
-0.080280,0.017455,-0.38589917,0.37820568,0.916549746,0.916038179,-0.700142693,0.116172831,-0.0971233055,2.447e-07,1,0
-0.080280,0.034910,-0.389653045,0.374270772,0.91679403,0.91576993,-0.699961751,0.125553883,-0.0874545584,4.160e-07,1,0
-0.080280,0.052365,-0.393341973,0.370280321,0.917031801,0.915493237,-0.699660745,0.134839323,-0.0776896564,4.422e-07,1,0
-0.080280,0.069820,-0.396963769,0.36623681,0.9172643,0.915208388,-0.699240522,0.144029301,-0.0678284934,6.645e-07,1,0
-0.080280,0.087275,-0.400516324,0.362142762,0.917493072,0.914915986,-0.698702263,0.153123966,-0.0578709814,1.037e-06,1,0
-0.080280,0.104730,-0.403997616,0.358000735,0.917719962,0.914616947,-0.698047487,0.162123467,-0.0478170541,1.464e-06,1,0
-0.080280,0.122185,-0.407405714,0.353813312,0.917947115,0.914312512,-0.697278051,0.171027946,-0.0376666701,2.189e-06,1,0
-0.080280,0.139640,-0.410738781,0.349583097,0.91817698,0.914004246,-0.696396142,0.179837537,-0.0274198167,3.794e-06,1,0
-0.080280,0.157095,-0.413995084,0.345312707,0.918412304,0.913694044,-0.695404281,0.188552365,-0.0170765136,5.850e-06,1,0
-0.080280,0.174550,-0.417172996,0.341004766,0.918656143,0.913384138,-0.69430532,0.197172542,-0.00663681703,8.375e-06,1,0
-0.080280,0.192005,-0.420271007,0.336661897,0.918911855,0.913077098,-0.693102439,0.205698164,0.00389917653,1.137e-05,1,0
-0.080280,0.209460,-0.423287721,0.332286718,0.919183109,0.912775846,-0.691799146,0.214129311,0.014531326,1.484e-05,1,0
-0.080280,0.226915,-0.426221868,0.327881834,0.919473887,0.912483654,-0.690399272,0.222466042,0.0252594411,1.875e-05,1,0
-0.080280,0.244370,-0.429072308,0.323449829,0.919788488,0.912204161,-0.688906974,0.230708394,0.0360832783,2.306e-05,1,0
-0.080280,0.261825,-0.431838033,0.318993264,0.920131535,0.911941373,-0.68732673,0.238856382,0.0470025358,2.772e-05,1,0
-0.080280,0.279280,-0.434518172,0.314514664,0.920507977,0.91169968,-0.685663335,0.246909991,0.0580168485,3.268e-05,1,0
-0.080280,0.296735,-0.437112,0.310016518,0.920923102,0.911483857,-0.683921905,0.25486918,0.0691257832,3.784e-05,1,0
-0.080280,0.314190,-0.439618939,0.30550127,0.921382541,0.911299082,-0.682107872,0.262733877,0.0803288337,4.313e-05,1,0
-0.080280,0.331645,-0.442038561,0.300971312,0.921892281,0.911150948,-0.680226984,0.270503975,0.0916254144,4.843e-05,1,0
-0.080280,0.349100,-0.444370596,0.296428982,0.922458673,0.91104547,-0.678285304,0.278179334,0.103014856,5.363e-05,1,0
-0.065153,-0.349100,-0.292839029,0.445046334,0.907098151,0.92605554,-0.674885912,-0.123678507,-0.257855689,3.809e-05,1,0
-0.065153,-0.331645,-0.297433216,0.442544832,0.907347869,0.925229035,-0.676735958,-0.112215788,-0.250233149,3.490e-05,1,0
-0.065153,-0.314190,-0.302017363,0.439959303,0.907641908,0.924465307,-0.678530076,-0.100849426,-0.242512872,3.152e-05,1,0
-0.065153,-0.296735,-0.306589175,0.437289994,0.907974258,0.923757695,-0.680262167,-0.0895800832,-0.234694989,2.802e-05,1,0
-0.065153,-0.279280,-0.311146298,0.434537312,0.908339333,0.923099924,-0.681926456,-0.0784083351,-0.226779598,2.449e-05,1,0
-0.065153,-0.261825,-0.315686329,0.431701813,0.908731968,0.922486087,-0.683517484,-0.0673346774,-0.218766761,2.104e-05,1,0
-0.065153,-0.244370,-0.320206821,0.428784199,0.909147397,0.921910637,-0.685030113,-0.0563595308,-0.21065651,1.771e-05,1,0
-0.065153,-0.226915,-0.324705286,0.425785318,0.909581253,0.921368378,-0.686459526,-0.0454832471,-0.20244885,1.459e-05,1,0
-0.065153,-0.209460,-0.329179207,0.422706154,0.910029547,0.920854454,-0.687801228,-0.034706114,-0.194143758,1.171e-05,1,0
-0.065153,-0.192005,-0.333626037,0.419547823,0.910488671,0.920364348,-0.68905105,-0.0240283601,-0.185741185,9.126e-06,1,0
-0.065153,-0.174550,-0.338043211,0.416311572,0.910955379,0.91989387,-0.690205144,-0.0134501602,-0.177241062,6.857e-06,1,0
-0.065153,-0.157095,-0.342428153,0.412998769,0.911426787,0.919439156,-0.691259992,-0.00297163926,-0.168643298,4.923e-06,1,0
-0.065153,-0.139640,-0.346778275,0.4096109,0.911900362,0.918996663,-0.692212406,0.00740712244,-0.159947787,3.326e-06,1,0
-0.065153,-0.122185,-0.351090994,0.406149565,0.912373919,0.918563164,-0.693059525,0.0176860854,-0.151154404,2.060e-06,1,0
-0.065153,-0.104730,-0.35536373,0.402616469,0.912845613,0.918135747,-0.693798822,0.0278652466,-0.142263014,1.108e-06,1,0
-0.065153,-0.087275,-0.359593917,0.399013422,0.913313934,0.917711811,-0.694428103,0.0379446356,-0.133273468,6.706e-07,1,0
-0.065153,-0.069820,-0.363779008,0.395342325,0.913777703,0.917289067,-0.694945508,0.0479243104,-0.124185611,4.378e-07,1,0
-0.065153,-0.052365,-0.367916482,0.391605171,0.91423607,0.916865537,-0.695349516,0.0578043542,-0.114999284,2.438e-07,1,0
-0.065153,-0.034910,-0.372003852,0.387804039,0.914688508,0.91643955,-0.69563894,0.0675848712,-0.10571432,2.056e-07,1,0
-0.065153,-0.017455,-0.376038668,0.383941083,0.915134807,0.916009748,-0.695812935,0.077265984,-0.0963305557,1.310e-07,1,0
-0.065153,0.000000,-0.380018529,0.380018529,0.915575079,0.915575079,-0.695870989,0.0868478293,-0.0868478293,2.221e-08,1,0
-0.065153,0.017455,-0.383941083,0.376038668,0.916009748,0.915134807,-0.695812935,0.0963305557,-0.077265984,1.310e-07,1,0
-0.065153,0.034910,-0.387804039,0.372003852,0.91643955,0.914688508,-0.69563894,0.10571432,-0.0675848712,2.056e-07,1,0
-0.065153,0.052365,-0.391605171,0.367916482,0.916865537,0.91423607,-0.695349516,0.114999284,-0.0578043542,2.438e-07,1,0
-0.065153,0.069820,-0.395342325,0.363779008,0.917289067,0.913777703,-0.694945508,0.124185611,-0.0479243104,4.378e-07,1,0
-0.065153,0.087275,-0.399013422,0.359593917,0.917711811,0.913313934,-0.694428103,0.133273468,-0.0379446356,6.706e-07,1,0
-0.065153,0.104730,-0.402616469,0.35536373,0.918135747,0.912845613,-0.693798822,0.142263014,-0.0278652466,1.108e-06,1,0
-0.065153,0.122185,-0.406149565,0.351090994,0.918563164,0.912373919,-0.693059525,0.151154404,-0.0176860854,2.060e-06,1,0
-0.065153,0.139640,-0.4096109,0.346778275,0.918996663,0.911900362,-0.692212406,0.159947787,-0.00740712244,3.326e-06,1,0
-0.065153,0.157095,-0.412998769,0.342428153,0.919439156,0.911426787,-0.691259992,0.168643298,0.00297163926,4.923e-06,1,0
-0.065153,0.174550,-0.416311572,0.338043211,0.91989387,0.910955379,-0.690205144,0.177241062,0.0134501602,6.857e-06,1,0
-0.065153,0.192005,-0.419547823,0.333626037,0.920364348,0.910488671,-0.689051049,0.185741185,0.0240283601,9.126e-06,1,0
-0.065153,0.209460,-0.422706154,0.329179207,0.920854454,0.910029547,-0.687801228,0.194143758,0.034706114,1.171e-05,1,0
-0.065153,0.226915,-0.425785318,0.324705286,0.921368378,0.909581253,-0.686459526,0.20244885,0.0454832471,1.459e-05,1,0
-0.065153,0.244370,-0.428784199,0.320206821,0.921910637,0.909147397,-0.685030113,0.21065651,0.0563595308,1.771e-05,1,0
-0.065153,0.261825,-0.431701813,0.315686329,0.922486087,0.908731968,-0.683517484,0.218766761,0.0673346774,2.104e-05,1,0
-0.065153,0.279280,-0.434537312,0.311146298,0.923099924,0.908339333,-0.681926456,0.226779598,0.0784083351,2.449e-05,1,0
-0.065153,0.296735,-0.437289994,0.306589175,0.923757695,0.907974258,-0.680262167,0.234694989,0.0895800832,2.802e-05,1,0
-0.065153,0.314190,-0.439959303,0.302017363,0.924465307,0.907641908,-0.678530076,0.242512872,0.100849426,3.152e-05,1,0
-0.065153,0.331645,-0.442544832,0.297433216,0.925229035,0.907347869,-0.676735958,0.250233149,0.112215788,3.490e-05,1,0
-0.065153,0.349100,-0.445046334,0.292839029,0.92605554,0.907098151,-0.674885912,0.257855689,0.123678507,3.809e-05,1,0
-0.050027,-0.349100,-0.289241755,0.445469566,0.902833191,0.929109252,-0.6709219,-0.144530008,-0.237513071,2.374e-05,1,0
-0.050027,-0.331645,-0.293882972,0.442807169,0.903226079,0.928034606,-0.67268855,-0.132990083,-0.229937839,2.232e-05,1,0
-0.050027,-0.314190,-0.298516465,0.440064104,0.903664745,0.927028367,-0.674403648,-0.121550039,-0.222261999,2.062e-05,1,0
-0.050027,-0.296735,-0.303139976,0.437240608,0.904143183,0.926083591,-0.676061073,-0.110210528,-0.214485669,1.871e-05,1,0
-0.050027,-0.279280,-0.307751189,0.434337069,0.90465582,0.925193731,-0.677655028,-0.0989721122,-0.206608928,1.667e-05,1,0
-0.050027,-0.261825,-0.312347737,0.43135403,0.905197501,0.924352624,-0.67918004,-0.0878352739,-0.198631827,1.457e-05,1,0
-0.050027,-0.244370,-0.316927209,0.428292178,0.905763478,0.92355448,-0.680630957,-0.0768004187,-0.190554383,1.247e-05,1,0
-0.050027,-0.226915,-0.321487155,0.425152344,0.9063494,0.922793873,-0.682002948,-0.0658678821,-0.182376584,1.043e-05,1,0
-0.050027,-0.209460,-0.326025091,0.421935493,0.906951304,0.922065732,-0.68329151,-0.0550379346,-0.174098392,8.515e-06,1,0
-0.050027,-0.192005,-0.330538509,0.418642727,0.907565604,0.921365335,-0.684492463,-0.0443107868,-0.165719745,6.751e-06,1,0
-0.050027,-0.174550,-0.335024879,0.415275271,0.908189086,0.9206883,-0.685601956,-0.0336865946,-0.157240558,5.173e-06,1,0
-0.050027,-0.157095,-0.33948166,0.411834475,0.908818899,0.92003058,-0.686616462,-0.0231654639,-0.148660724,3.803e-06,1,0
-0.050027,-0.139640,-0.343906301,0.408321804,0.909452548,0.91938846,-0.68753279,-0.0127474553,-0.139980119,2.653e-06,1,0
-0.050027,-0.122185,-0.348296251,0.404738837,0.910087891,0.918758552,-0.688348074,-0.00243258816,-0.131198605,1.726e-06,1,0
-0.050027,-0.104730,-0.352648966,0.401087258,0.910723128,0.918137793,-0.689059785,0.00777915457,-0.122316028,1.013e-06,1,0
-0.050027,-0.087275,-0.356961912,0.397368851,0.911356804,0.917523439,-0.689665727,0.0178878227,-0.113332223,5.020e-07,1,0
-0.050027,-0.069820,-0.361232576,0.393585495,0.911987797,0.916913069,-0.690164039,0.0278934947,-0.104247019,2.530e-07,1,0
-0.050027,-0.052365,-0.36545847,0.38973916,0.912615321,0.916304578,-0.690553198,0.0377962738,-0.0950602351,1.453e-07,1,0
-0.050027,-0.034910,-0.369637137,0.385831896,0.913238915,0.91569618,-0.690832016,0.0475962848,-0.0857716901,7.528e-08,1,0
-0.050027,-0.017455,-0.37376616,0.381865831,0.913858446,0.915086407,-0.690999647,0.0572936699,-0.0763812006,5.815e-08,1,0
-0.050027,0.000000,-0.377843165,0.377843165,0.914474106,0.914474106,-0.69105558,0.0668885859,-0.0668885859,8.144e-09,1,0
-0.050027,0.017455,-0.381865831,0.37376616,0.915086407,0.913858446,-0.690999647,0.0763812006,-0.0572936699,5.815e-08,1,0
-0.050027,0.034910,-0.385831896,0.369637137,0.91569618,0.913238915,-0.690832016,0.0857716901,-0.0475962848,7.528e-08,1,0
-0.050027,0.052365,-0.38973916,0.36545847,0.916304578,0.912615321,-0.690553198,0.0950602351,-0.0377962738,1.453e-07,1,0
-0.050027,0.069820,-0.393585495,0.361232576,0.916913069,0.911987797,-0.690164039,0.104247019,-0.0278934947,2.530e-07,1,0
-0.050027,0.087275,-0.397368851,0.356961912,0.917523439,0.911356804,-0.689665727,0.113332223,-0.0178878227,5.020e-07,1,0
-0.050027,0.104730,-0.401087258,0.352648966,0.918137793,0.910723128,-0.689059785,0.122316028,-0.00777915457,1.013e-06,1,0
-0.050027,0.122185,-0.404738837,0.348296251,0.918758552,0.910087891,-0.688348074,0.131198605,0.00243258816,1.726e-06,1,0
-0.050027,0.139640,-0.408321804,0.343906301,0.91938846,0.909452548,-0.68753279,0.139980119,0.0127474553,2.653e-06,1,0
-0.050027,0.157095,-0.411834475,0.33948166,0.92003058,0.908818899,-0.686616462,0.148660724,0.0231654639,3.803e-06,1,0
-0.050027,0.174550,-0.415275271,0.335024879,0.9206883,0.908189086,-0.685601956,0.157240558,0.0336865946,5.173e-06,1,0
-0.050027,0.192005,-0.418642727,0.330538509,0.921365335,0.907565604,-0.684492463,0.165719745,0.0443107868,6.751e-06,1,0
-0.050027,0.209460,-0.421935493,0.326025091,0.922065732,0.906951304,-0.68329151,0.174098392,0.0550379346,8.515e-06,1,0
-0.050027,0.226915,-0.425152344,0.321487155,0.922793873,0.9063494,-0.682002948,0.182376584,0.0658678821,1.043e-05,1,0
-0.050027,0.244370,-0.428292178,0.316927209,0.92355448,0.905763478,-0.680630957,0.190554383,0.0768004187,1.247e-05,1,0
-0.050027,0.261825,-0.43135403,0.312347737,0.924352624,0.905197501,-0.67918004,0.198631827,0.0878352739,1.457e-05,1,0
-0.050027,0.279280,-0.434337069,0.307751189,0.925193731,0.90465582,-0.677655028,0.206608928,0.0989721122,1.667e-05,1,0
-0.050027,0.296735,-0.437240608,0.303139976,0.926083591,0.904143183,-0.676061073,0.214485669,0.110210528,1.871e-05,1,0
-0.050027,0.314190,-0.440064104,0.298516465,0.927028367,0.903664745,-0.674403648,0.222261999,0.121550039,2.062e-05,1,0
-0.050027,0.331645,-0.442807169,0.293882972,0.928034606,0.903226079,-0.67268855,0.229937839,0.132990083,2.232e-05,1,0
-0.050027,0.349100,-0.445469566,0.289241755,0.929109252,0.902833191,-0.6709219,0.237513071,0.144530008,2.374e-05,1,0
-0.034900,-0.349100,-0.285638912,0.445649575,0.898256298,0.931635037,-0.666418756,-0.165576672,-0.217141599,1.069e-05,1,0
-0.034900,-0.331645,-0.290322486,0.442834532,0.898791269,0.930323573,-0.668109664,-0.153955547,-0.209608421,1.079e-05,1,0
-0.034900,-0.314190,-0.295000635,0.439941998,0.899373272,0.929085691,-0.669752943,-0.14243786,-0.201971876,1.055e-05,1,0
-0.034900,-0.296735,-0.299671133,0.436972198,0.899996314,0.927914181,-0.671342462,-0.131024248,-0.194232061,1.004e-05,1,0
-0.034900,-0.279280,-0.304331698,0.433925518,0.900654832,0.926802243,-0.672872414,-0.11971526,-0.186389038,9.305e-06,1,0
-0.034900,-0.261825,-0.308979995,0.430802488,0.901343688,0.925743473,-0.674337317,-0.108511361,-0.178442836,8.414e-06,1,0
-0.034900,-0.244370,-0.313613646,0.427603788,0.90205815,0.924731857,-0.675732011,-0.0974129386,-0.170393452,7.421e-06,1,0
-0.034900,-0.226915,-0.318230234,0.424330237,0.902793888,0.923761755,-0.677051664,-0.0864203089,-0.162240856,6.379e-06,1,0
-0.034900,-0.209460,-0.32282731,0.420982791,0.903546959,0.922827892,-0.678291767,-0.0755337222,-0.153984989,5.335e-06,1,0
-0.034900,-0.192005,-0.327402395,0.417562538,0.904313806,0.921925356,-0.679448138,-0.0647533682,-0.14562577,4.330e-06,1,0
-0.034900,-0.174550,-0.331952995,0.41407069,0.905091241,0.921049585,-0.680516923,-0.0540793808,-0.137163094,3.397e-06,1,0
-0.034900,-0.157095,-0.336476599,0.410508583,0.905876446,0.920196362,-0.681494598,-0.0435118434,-0.128596833,2.560e-06,1,0
-0.034900,-0.139640,-0.340970687,0.406877667,0.906666964,0.919361813,-0.682377968,-0.0330507938,-0.119926845,1.839e-06,1,0
-0.034900,-0.122185,-0.345432741,0.403179504,0.907460693,0.918542399,-0.68316417,-0.0226962281,-0.111152969,1.242e-06,1,0
-0.034900,-0.104730,-0.349860246,0.39941576,0.908255877,0.917734916,-0.683850674,-0.0124481056,-0.102275031,7.723e-07,1,0
-0.034900,-0.087275,-0.354250699,0.395588201,0.909051111,0.916936487,-0.684435285,-0.00230635299,-0.0932928449,4.253e-07,1,0
-0.034900,-0.069820,-0.358601617,0.391698688,0.909845327,0.916144567,-0.684916144,0.00772913207,-0.0842062173,1.907e-07,1,0
-0.034900,-0.052365,-0.362910539,0.387749168,0.910637796,0.915356935,-0.685291726,0.0176584767,-0.0750149473,6.903e-08,1,0
-0.034900,-0.034910,-0.367175036,0.383741672,0.911428125,0.914571694,-0.685560847,0.0274818291,-0.0657188303,3.138e-08,1,0
-0.034900,-0.017455,-0.371392719,0.379678304,0.912216249,0.913787277,-0.685722659,0.0371993554,-0.056317661,1.804e-08,1,0
-0.034900,0.000000,-0.37556124,0.37556124,0.913002434,0.913002434,-0.685776652,0.0468112356,-0.0468112356,2.031e-09,1,0
-0.034900,0.017455,-0.379678304,0.371392719,0.913787276,0.912216248,-0.685722659,0.056317661,-0.0371993554,1.804e-08,1,0
-0.034900,0.034910,-0.383741672,0.367175036,0.914571694,0.911428125,-0.685560847,0.0657188303,-0.0274818291,3.138e-08,1,0
-0.034900,0.052365,-0.387749168,0.362910539,0.915356935,0.910637797,-0.685291727,0.0750149473,-0.0176584767,6.903e-08,1,0
-0.034900,0.069820,-0.391698688,0.358601617,0.916144567,0.909845327,-0.684916144,0.0842062173,-0.00772913207,1.907e-07,1,0
-0.034900,0.087275,-0.395588201,0.354250699,0.916936487,0.909051111,-0.684435285,0.0932928449,0.00230635299,4.253e-07,1,0
-0.034900,0.104730,-0.39941576,0.349860246,0.917734916,0.908255877,-0.683850674,0.102275031,0.0124481056,7.723e-07,1,0
-0.034900,0.122185,-0.403179504,0.345432741,0.918542399,0.907460693,-0.68316417,0.111152969,0.0226962281,1.242e-06,1,0
-0.034900,0.139640,-0.406877667,0.340970687,0.919361813,0.906666964,-0.682377968,0.119926845,0.0330507938,1.839e-06,1,0
-0.034900,0.157095,-0.410508583,0.336476599,0.920196362,0.905876446,-0.681494598,0.128596833,0.0435118434,2.560e-06,1,0
-0.034900,0.174550,-0.41407069,0.331952995,0.921049585,0.905091241,-0.680516923,0.137163094,0.0540793808,3.397e-06,1,0
-0.034900,0.192005,-0.417562538,0.327402395,0.921925356,0.904313806,-0.679448138,0.14562577,0.0647533682,4.330e-06,1,0
-0.034900,0.209460,-0.420982791,0.32282731,0.922827892,0.903546959,-0.678291767,0.153984989,0.0755337222,5.335e-06,1,0
-0.034900,0.226915,-0.424330237,0.318230234,0.923761755,0.902793888,-0.677051664,0.162240856,0.0864203089,6.379e-06,1,0
-0.034900,0.244370,-0.427603788,0.313613646,0.924731857,0.90205815,-0.675732011,0.170393452,0.0974129386,7.421e-06,1,0
-0.034900,0.261825,-0.430802488,0.308979995,0.925743473,0.901343688,-0.674337317,0.178442836,0.108511361,8.414e-06,1,0
-0.034900,0.279280,-0.433925518,0.304331698,0.926802243,0.900654832,-0.672872414,0.186389038,0.11971526,9.305e-06,1,0
-0.034900,0.296735,-0.436972198,0.299671133,0.927914181,0.899996314,-0.671342462,0.194232061,0.131024248,1.004e-05,1,0
-0.034900,0.314190,-0.439941998,0.295000635,0.929085691,0.899373272,-0.669752943,0.201971876,0.14243786,1.055e-05,1,0
-0.034900,0.331645,-0.442834532,0.290322486,0.930323573,0.898791269,-0.668109664,0.209608421,0.153955547,1.079e-05,1,0
-0.034900,0.349100,-0.445649574,0.285638912,0.931635037,0.898256298,-0.666418756,0.217141599,0.165576672,1.069e-05,1,0
-0.019773,-0.349100,-0.282032153,0.445595237,0.893372974,0.933647477,-0.66140135,-0.186825972,-0.196731776,8.618e-06,1,0
-0.019773,-0.331645,-0.286753564,0.442635498,0.89404893,0.932109915,-0.663023633,-0.175119578,-0.189235625,7.177e-06,1,0
-0.019773,-0.314190,-0.291471827,0.439601268,0.894772982,0.930650686,-0.664601794,-0.163520216,-0.181633447,5.881e-06,1,0
-0.019773,-0.296735,-0.296184748,0.436492775,0.895539151,0.929262332,-0.666129698,-0.152028508,-0.173925313,4.735e-06,1,0
-0.019773,-0.279280,-0.30089007,0.433310399,0.896341891,0.927937815,-0.667601537,-0.140644985,-0.166111261,3.738e-06,1,0
-0.019773,-0.261825,-0.305585491,0.430054672,0.897176077,0.926670508,-0.669011826,-0.129370092,-0.158191295,2.886e-06,1,0
-0.019773,-0.244370,-0.310268663,0.426726268,0.898037,0.925454185,-0.67035541,-0.118204195,-0.15016539,2.683e-06,1,0
-0.019773,-0.226915,-0.314937198,0.423326002,0.898920347,0.924283005,-0.671627456,-0.10714759,-0.14203349,2.527e-06,1,0
-0.019773,-0.209460,-0.319588675,0.419854823,0.899822201,0.923151507,-0.672823458,-0.0962005025,-0.133795515,2.272e-06,1,0
-0.019773,-0.192005,-0.324220649,0.416313812,0.900739027,0.922054598,-0.673939238,-0.0853630985,-0.125451358,1.956e-06,1,0
-0.019773,-0.174550,-0.328830651,0.412704173,0.90166767,0.920987548,-0.674970945,-0.074635487,-0.117000889,1.613e-06,1,0
-0.019773,-0.157095,-0.3334162,0.409027232,0.90260534,0.919945982,-0.675915057,-0.0640177259,-0.108443959,1.270e-06,1,0
-0.019773,-0.139640,-0.337974805,0.405284429,0.903549618,0.918925877,-0.676768385,-0.0535098266,-0.0997803988,9.507e-07,1,0
-0.019773,-0.122185,-0.342503976,0.401477313,0.904498437,0.917923554,-0.677528069,-0.0431117591,-0.0910100242,6.694e-07,1,0
-0.019773,-0.104730,-0.347001225,0.397607538,0.905450087,0.916935675,-0.678191583,-0.0328234557,-0.0821326363,4.367e-07,1,0
-0.019773,-0.087275,-0.351464077,0.393676855,0.906403207,0.915959242,-0.678756734,-0.022644816,-0.0731480246,2.571e-07,1,0
-0.019773,-0.069820,-0.355890073,0.38968711,0.907356781,0.914991592,-0.679221666,-0.0125757108,-0.0640559695,1.302e-07,1,0
-0.019773,-0.052365,-0.360276778,0.385640233,0.908310136,0.914030396,-0.679584859,-0.00261598576,-0.0548562448,5.094e-08,1,0
-0.019773,-0.034910,-0.364621789,0.381538237,0.909262936,0.913073656,-0.679845128,0.00723453457,-0.0455486203,1.075e-08,1,0
-0.019773,-0.017455,-0.368884045,0.377427438,0.910213325,0.912126532,-0.680008408,0.0169760432,-0.0361328644,1.817e-04,1,0
-0.019773,0.000000,-0.373183155,0.373183155,0.911169379,0.911169379,-0.680066127,0.0266087472,-0.0266087472,4.508e-05,1,0
-0.019773,0.017455,-0.377427438,0.368884045,0.912126532,0.910213325,-0.680008408,0.0361328644,-0.0169760432,1.817e-04,1,0
-0.019773,0.034910,-0.381538237,0.364621789,0.913073656,0.909262936,-0.679845128,0.0455486203,-0.00723453457,1.075e-08,1,0
-0.019773,0.052365,-0.385640233,0.360276778,0.914030396,0.908310136,-0.679584859,0.0548562448,0.00261598576,5.094e-08,1,0
-0.019773,0.069820,-0.38968711,0.355890073,0.914991592,0.907356781,-0.679221666,0.0640559695,0.0125757108,1.302e-07,1,0
-0.019773,0.087275,-0.393676855,0.351464077,0.915959242,0.906403207,-0.678756734,0.0731480246,0.022644816,2.571e-07,1,0
-0.019773,0.104730,-0.397607538,0.347001225,0.916935675,0.905450087,-0.678191583,0.0821326363,0.0328234557,4.367e-07,1,0
-0.019773,0.122185,-0.401477313,0.342503976,0.917923553,0.904498437,-0.677528068,0.0910100242,0.0431117591,6.694e-07,1,0
-0.019773,0.139640,-0.405284429,0.337974805,0.918925877,0.903549618,-0.676768385,0.0997803988,0.0535098266,9.507e-07,1,0
-0.019773,0.157095,-0.409027232,0.3334162,0.919945982,0.90260534,-0.675915057,0.108443959,0.0640177259,1.270e-06,1,0
-0.019773,0.174550,-0.412704173,0.328830651,0.920987548,0.90166767,-0.674970945,0.117000889,0.074635487,1.613e-06,1,0
-0.019773,0.192005,-0.416313812,0.324220649,0.922054598,0.900739027,-0.673939238,0.125451358,0.0853630985,1.956e-06,1,0
-0.019773,0.209460,-0.419854823,0.319588675,0.923151507,0.899822201,-0.672823458,0.133795515,0.0962005025,2.272e-06,1,0
-0.019773,0.226915,-0.423326002,0.314937198,0.924283005,0.898920347,-0.671627456,0.14203349,0.10714759,2.527e-06,1,0
-0.019773,0.244370,-0.426726268,0.310268663,0.925454185,0.898037,-0.67035541,0.15016539,0.118204195,2.683e-06,1,0
-0.019773,0.261825,-0.430054672,0.305585491,0.926670508,0.897176077,-0.669011826,0.158191295,0.129370092,2.886e-06,1,0
-0.019773,0.279280,-0.433310399,0.30089007,0.927937815,0.896341891,-0.667601537,0.166111261,0.140644985,3.738e-06,1,0
-0.019773,0.296735,-0.436492775,0.296184748,0.929262332,0.895539151,-0.666129698,0.173925313,0.152028508,4.735e-06,1,0
-0.019773,0.314190,-0.439601268,0.291471827,0.930650686,0.894772982,-0.664601794,0.181633447,0.163520216,5.881e-06,1,0
-0.019773,0.331645,-0.442635498,0.286753564,0.932109915,0.89404893,-0.663023633,0.189235625,0.175119578,7.177e-06,1,0
-0.019773,0.349100,-0.445595237,0.282032153,0.933647477,0.893372974,-0.66140135,0.196731776,0.186825972,8.618e-06,1,0
-0.004647,-0.349100,-0.278423026,0.445315056,0.888188509,0.935160572,-0.655893953,-0.20828556,-0.176274447,1.093e-05,1,0
-0.004647,-0.331645,-0.283177903,0.442218286,0.889004354,0.933407065,-0.657454237,-0.196489743,-0.168810498,8.577e-06,1,0
-0.004647,-0.314190,-0.287931887,0.439049864,0.889869176,0.93173625,-0.658973517,-0.184804596,-0.161237946,6.566e-06,1,0
-0.004647,-0.296735,-0.292682806,0.435810023,0.890777014,0.930140432,-0.660445663,-0.173230722,-0.153556834,4.891e-06,1,0
-0.004647,-0.279280,-0.297428435,0.43249915,0.891722339,0.928612355,-0.661864873,-0.161768632,-0.145767171,3.528e-06,1,0
-0.004647,-0.261825,-0.302166497,0.429117776,0.892700048,0.92714518,-0.663225671,-0.150418749,-0.137868935,2.789e-06,1,0
-0.004647,-0.244370,-0.306894669,0.425666579,0.893705448,0.925732484,-0.664522906,-0.139181415,-0.12986207,2.169e-06,1,0
-0.004647,-0.226915,-0.311610593,0.422146373,0.894734249,0.924368239,-0.665751753,-0.1280569,-0.121746495,1.647e-06,1,0
-0.004647,-0.209460,-0.316311873,0.418558107,0.895782559,0.923046805,-0.666907716,-0.117045405,-0.113522101,1.218e-06,1,0
-0.004647,-0.192005,-0.320996091,0.414902858,0.896846868,0.921762923,-0.667986623,-0.106147067,-0.105188754,8.732e-07,1,0
-0.004647,-0.174550,-0.325660805,0.411181826,0.897924048,0.920511706,-0.668984633,-0.0953619683,-0.0967462956,6.039e-07,1,0
-0.004647,-0.157095,-0.330303559,0.407396333,0.899011343,0.919288631,-0.669898231,-0.0846901374,-0.0881945492,3.998e-07,1,0
-0.004647,-0.139640,-0.334921889,0.403547811,0.900106364,0.918089534,-0.670724233,-0.0741315566,-0.0795333182,2.508e-07,1,0
-0.004647,-0.122185,-0.339513328,0.399637802,0.901207083,0.916910606,-0.671459789,-0.0636861662,-0.0707623894,1.470e-07,1,0
-0.004647,-0.104730,-0.344075414,0.39566795,0.90231183,0.915748386,-0.672102378,-0.0533538686,-0.0618815359,7.864e-08,1,0
-0.004647,-0.087275,-0.348605695,0.391639998,0.903419288,0.91459976,-0.672649813,-0.0431345332,-0.0528905185,4.626e-08,1,0
-0.004647,-0.069820,-0.353101736,0.387555777,0.90452849,0.913461956,-0.673100244,-0.0330280004,-0.043789089,2.733e-08,1,0
-0.004647,-0.052365,-0.357561124,0.383417206,0.905638812,0.912332544,-0.673452153,-0.0230340853,-0.0345769919,1.269e-08,1,0
-0.004647,-0.034910,-0.361981477,0.379226283,0.906749978,0.911209434,-0.673704361,-0.0131525823,-0.0252539677,3.961e-09,1,0
-0.004647,-0.017455,-0.366348266,0.374991982,0.907860647,0.910091247,-0.673850814,-0.00338326782,-0.0158197555,4.204e-05,1,0
-0.004647,0.000000,-0.370696049,0.370696049,0.908975535,0.908975535,-0.673907279,0.00627409544,-0.00627409544,2.488e-06,1,0
-0.004647,0.017455,-0.374991982,0.366348266,0.910091247,0.907860647,-0.673850814,0.0158197555,0.00338326782,4.204e-05,1,0
-0.004647,0.034910,-0.379226283,0.361981477,0.911209434,0.906749978,-0.673704361,0.0252539677,0.0131525823,3.961e-09,1,0
-0.004647,0.052365,-0.383417206,0.357561124,0.912332544,0.905638812,-0.673452153,0.0345769919,0.0230340853,1.269e-08,1,0
-0.004647,0.069820,-0.387555777,0.353101736,0.913461956,0.90452849,-0.673100244,0.043789089,0.0330280004,2.733e-08,1,0
-0.004647,0.087275,-0.391639998,0.348605695,0.91459976,0.903419288,-0.672649813,0.0528905185,0.0431345332,4.626e-08,1,0
-0.004647,0.104730,-0.39566795,0.344075414,0.915748386,0.90231183,-0.672102378,0.0618815359,0.0533538686,7.864e-08,1,0
-0.004647,0.122185,-0.399637802,0.339513328,0.916910606,0.901207083,-0.671459789,0.0707623894,0.0636861662,1.470e-07,1,0
-0.004647,0.139640,-0.403547811,0.334921889,0.918089534,0.900106364,-0.670724233,0.0795333182,0.0741315566,2.508e-07,1,0
-0.004647,0.157095,-0.407396333,0.330303559,0.919288631,0.899011343,-0.669898231,0.0881945492,0.0846901374,3.998e-07,1,0
-0.004647,0.174550,-0.411181826,0.325660805,0.920511706,0.897924048,-0.668984633,0.0967462956,0.0953619683,6.039e-07,1,0
-0.004647,0.192005,-0.414902858,0.320996091,0.921762923,0.896846868,-0.667986623,0.105188754,0.106147067,8.732e-07,1,0
-0.004647,0.209460,-0.418558107,0.316311873,0.923046805,0.895782559,-0.666907716,0.113522101,0.117045405,1.218e-06,1,0
-0.004647,0.226915,-0.422146373,0.311610593,0.924368239,0.894734249,-0.665751753,0.121746495,0.1280569,1.647e-06,1,0
-0.004647,0.244370,-0.425666579,0.306894669,0.925732484,0.893705448,-0.664522906,0.12986207,0.139181415,2.169e-06,1,0
-0.004647,0.261825,-0.429117776,0.302166497,0.92714518,0.892700048,-0.663225671,0.137868935,0.150418749,2.789e-06,1,0
-0.004647,0.279280,-0.43249915,0.297428435,0.928612355,0.891722339,-0.661864873,0.145767171,0.161768632,3.528e-06,1,0
-0.004647,0.296735,-0.435810023,0.292682806,0.930140432,0.890777014,-0.660445663,0.153556834,0.173230722,4.891e-06,1,0
-0.004647,0.314190,-0.439049864,0.287931887,0.93173625,0.889869176,-0.658973517,0.161237946,0.184804596,6.566e-06,1,0
-0.004647,0.331645,-0.442218286,0.283177903,0.933407065,0.889004354,-0.657454237,0.168810498,0.196489743,8.577e-06,1,0
-0.004647,0.349100,-0.445315056,0.278423026,0.935160572,0.888188509,-0.655893953,0.176274447,0.20828556,1.093e-05,1,0
0.010480,-0.349100,-0.274812979,0.444817192,0.882707974,0.936187784,-0.649920236,-0.229963279,-0.155760757,1.915e-05,1,0
0.010480,-0.331645,-0.279597096,0.441590788,0.883662625,0.934227953,-0.651424698,-0.218073789,-0.148324362,1.606e-05,1,0
0.010480,-0.314190,-0.284382548,0.43829542,0.884666959,0.932354807,-0.652890912,-0.206298657,-0.140776863,1.328e-05,1,0
0.010480,-0.296735,-0.289167186,0.434931332,0.885715034,0.93056043,-0.654312761,-0.194638465,-0.13311827,1.083e-05,1,0
0.010480,-0.279280,-0.29394881,0.431498919,0.886801344,0.928837357,-0.655684457,-0.1830937,-0.12534856,8.694e-06,1,0
0.010480,-0.261825,-0.298725165,0.427998721,0.887920805,0.927178556,-0.657000536,-0.17166476,-0.11746768,6.872e-06,1,0
0.010480,-0.244370,-0.303493955,0.42443142,0.889068747,0.925577413,-0.658255861,-0.16035196,-0.109475544,5.341e-06,1,0
0.010480,-0.226915,-0.308252845,0.420797836,0.890240904,0.924027726,-0.659445622,-0.149155542,-0.101372038,4.076e-06,1,0
0.010480,-0.209460,-0.312999464,0.417098921,0.891433406,0.92252369,-0.660565332,-0.138075677,-0.0931570229,3.049e-06,1,0
0.010480,-0.192005,-0.317731417,0.413335753,0.892642771,0.92105989,-0.661610836,-0.127112473,-0.0848303322,2.229e-06,1,0
0.010480,-0.174550,-0.322446287,0.409509534,0.893865898,0.91963129,-0.662578301,-0.11626598,-0.0763917782,1.588e-06,1,0
0.010480,-0.157095,-0.32714164,0.405621582,0.895100061,0.918233228,-0.663464227,-0.105536195,-0.0678411518,1.098e-06,1,0
0.010480,-0.139640,-0.331815036,0.401673327,0.896342905,0.91686141,-0.664265439,-0.0949230687,-0.0591782252,7.314e-07,1,0
0.010480,-0.122185,-0.336464031,0.397666308,0.897592436,0.915511905,-0.664979096,-0.0844265077,-0.0504027538,4.654e-07,1,0
0.010480,-0.104730,-0.341086183,0.393602163,0.898847025,0.914181135,-0.665602687,-0.0740463817,-0.0415144788,2.788e-07,1,0
0.010480,-0.087275,-0.345679062,0.389482627,0.900105395,0.912865879,-0.666134035,-0.0637825266,-0.0325131291,1.537e-07,1,0
0.010480,-0.069820,-0.350240253,0.385309523,0.901366623,0.911563264,-0.666571292,-0.053634749,-0.0233984242,7.491e-08,1,0
0.010480,-0.052365,-0.354767363,0.381084761,0.902630138,0.910270764,-0.666912949,-0.0436028307,-0.0141700763,2.980e-08,1,0
0.010480,-0.034910,-0.359258029,0.376810329,0.903895714,0.9089862,-0.667157831,-0.0336865321,-0.00482779339,7.903e-09,1,0
0.010480,-0.017455,-0.363730691,0.372464926,0.905164569,0.907704402,-0.667302004,-0.0238855963,0.00462871853,9.700e-05,1,0
0.010480,0.000000,-0.368122306,0.368122306,0.906434292,0.906434292,-0.667357365,-0.0141997522,0.0141997522,1.265e-05,1,0
0.010480,0.017455,-0.372464926,0.363730692,0.907704402,0.905164569,-0.667302004,-0.00462871853,0.0238855963,9.700e-05,1,0
0.010480,0.034910,-0.376810329,0.359258029,0.9089862,0.903895714,-0.667157831,0.00482779339,0.0336865321,7.903e-09,1,0
0.010480,0.052365,-0.381084761,0.354767363,0.910270764,0.902630138,-0.666912949,0.0141700763,0.0436028307,2.980e-08,1,0
0.010480,0.069820,-0.385309523,0.350240253,0.911563264,0.901366623,-0.666571292,0.0233984242,0.053634749,7.491e-08,1,0
0.010480,0.087275,-0.389482627,0.345679062,0.912865879,0.900105395,-0.666134035,0.0325131291,0.0637825266,1.537e-07,1,0
0.010480,0.104730,-0.393602163,0.341086183,0.914181135,0.898847025,-0.665602687,0.0415144788,0.0740463817,2.788e-07,1,0
0.010480,0.122185,-0.397666308,0.336464031,0.915511905,0.897592436,-0.664979096,0.0504027538,0.0844265077,4.654e-07,1,0
0.010480,0.139640,-0.401673327,0.331815036,0.91686141,0.896342905,-0.664265439,0.0591782252,0.0949230687,7.314e-07,1,0
0.010480,0.157095,-0.405621582,0.32714164,0.918233228,0.895100061,-0.663464227,0.0678411518,0.105536195,1.098e-06,1,0
0.010480,0.174550,-0.409509534,0.322446287,0.91963129,0.893865898,-0.662578301,0.0763917782,0.11626598,1.588e-06,1,0
0.010480,0.192005,-0.413335753,0.317731417,0.92105989,0.892642771,-0.661610836,0.0848303322,0.127112473,2.229e-06,1,0
0.010480,0.209460,-0.417098921,0.312999464,0.92252369,0.891433406,-0.660565332,0.0931570229,0.138075677,3.049e-06,1,0
0.010480,0.226915,-0.420797836,0.308252845,0.924027726,0.890240904,-0.659445622,0.101372038,0.149155542,4.076e-06,1,0
0.010480,0.244370,-0.42443142,0.303493955,0.925577413,0.889068747,-0.658255861,0.109475544,0.16035196,5.341e-06,1,0
0.010480,0.261825,-0.427998721,0.298725165,0.927178556,0.887920805,-0.657000536,0.11746768,0.17166476,6.872e-06,1,0
0.010480,0.279280,-0.431498919,0.29394881,0.928837357,0.886801344,-0.655684457,0.12534856,0.1830937,8.694e-06,1,0
0.010480,0.296735,-0.434931332,0.289167186,0.93056043,0.885715034,-0.654312761,0.13311827,0.194638465,1.083e-05,1,0
0.010480,0.314190,-0.43829542,0.284382548,0.932354807,0.884666959,-0.652890912,0.140776863,0.206298657,1.328e-05,1,0
0.010480,0.331645,-0.441590788,0.279597096,0.934227953,0.883662625,-0.651424698,0.148324362,0.218073789,1.606e-05,1,0
0.010480,0.349100,-0.444817192,0.274812979,0.936187784,0.882707974,-0.649920236,0.155760757,0.229963279,1.915e-05,1,0
0.025607,-0.349100,-0.271203348,0.444109485,0.87693622,0.936742082,-0.643503282,-0.251867184,-0.135182117,2.534e-05,1,0
0.025607,-0.331645,-0.276012625,0.440760595,0.878028616,0.934585048,-0.644957687,-0.239879666,-0.127768785,2.180e-05,1,0
0.025607,-0.314190,-0.280825434,0.437345285,0.879171231,0.932518349,-0.646376262,-0.228010251,-0.12024191,1.851e-05,1,0
0.025607,-0.296735,-0.28563965,0.433863815,0.880358148,0.930533865,-0.647752912,-0.216259495,-0.112601469,1.549e-05,1,0
0.025607,-0.279280,-0.290453093,0.430316594,0.881583882,0.928623934,-0.649081867,-0.204627859,-0.104847404,1.279e-05,1,0
0.025607,-0.261825,-0.295263532,0.426704173,0.882843374,0.926781337,-0.650357683,-0.193115713,-0.0969796253,1.040e-05,1,0
0.025607,-0.244370,-0.300068692,0.423027248,0.884131978,0.924999288,-0.651575243,-0.181723343,-0.0889980143,8.324e-06,1,0
0.025607,-0.226915,-0.304866259,0.419286643,0.885445451,0.923271418,-0.652729754,-0.170450958,-0.0809024226,6.544e-06,1,0
0.025607,-0.209460,-0.309653886,0.41548332,0.886779949,0.921591767,-0.653816749,-0.159298697,-0.0726926755,5.043e-06,1,0
0.025607,-0.192005,-0.314429198,0.411618361,0.888132016,0.919954772,-0.654832085,-0.148266636,-0.0643685734,3.798e-06,1,0
0.025607,-0.174550,-0.319189799,0.407692972,0.889498581,0.91835526,-0.655771951,-0.13735479,-0.0559298937,2.785e-06,1,0
0.025607,-0.157095,-0.323933278,0.403708474,0.890876946,0.916788438,-0.656632857,-0.126563121,-0.0473763929,1.976e-06,1,0
0.025607,-0.139640,-0.328657214,0.399666299,0.892264788,0.91524989,-0.657411645,-0.115891543,-0.0387078084,1.347e-06,1,0
0.025607,-0.122185,-0.333359183,0.395567982,0.89366015,0.913735569,-0.658105485,-0.105339929,-0.029923861,8.708e-07,1,0
0.025607,-0.104730,-0.338036764,0.39141516,0.895061436,0.912241789,-0.658711878,-0.0949081099,-0.0210242568,5.240e-07,1,0
0.025607,-0.087275,-0.342687544,0.387209564,0.896467411,0.910765228,-0.659228655,-0.0845958865,-0.0120086896,2.839e-07,1,0
0.025607,-0.069820,-0.347309126,0.382953013,0.897877196,0.909302919,-0.65965398,-0.0744030285,-0.00287684347,1.294e-07,1,0
0.025607,-0.052365,-0.351899135,0.37864741,0.899290264,0.907852246,-0.659986349,-0.0643292805,0.00637160484,4.117e-08,1,0
0.025607,-0.034910,-0.356455222,0.374294732,0.900706441,0.906410948,-0.660224592,-0.0543743663,0.0157369834,1.710e-08,1,0
0.025607,-0.017455,-0.360975075,0.369897031,0.902125901,0.90497711,-0.660367872,-0.0445379919,0.025219622,7.155e-09,1,0
0.025607,0.000000,-0.365465424,0.365465424,0.90355107,0.90355107,-0.66043335,-0.0348198499,0.0348198499,7.554e-05,1,0
0.025607,0.017455,-0.369897031,0.360975075,0.90497711,0.902125901,-0.660367873,-0.025219622,0.0445379919,7.155e-09,1,0
0.025607,0.034910,-0.374294732,0.356455222,0.906410948,0.900706441,-0.660224592,-0.0157369834,0.0543743663,1.710e-08,1,0
0.025607,0.052365,-0.37864741,0.351899135,0.907852246,0.899290264,-0.659986349,-0.00637160484,0.0643292805,4.117e-08,1,0
0.025607,0.069820,-0.382953013,0.347309126,0.909302919,0.897877196,-0.65965398,0.00287684347,0.0744030285,1.294e-07,1,0
0.025607,0.087275,-0.387209564,0.342687544,0.910765228,0.896467411,-0.659228655,0.0120086896,0.0845958865,2.839e-07,1,0
0.025607,0.104730,-0.39141516,0.338036764,0.912241789,0.895061436,-0.658711877,0.0210242568,0.0949081099,5.240e-07,1,0
0.025607,0.122185,-0.395567982,0.333359183,0.913735569,0.89366015,-0.658105485,0.029923861,0.105339929,8.708e-07,1,0
0.025607,0.139640,-0.399666299,0.328657214,0.91524989,0.892264788,-0.657411645,0.0387078084,0.115891543,1.347e-06,1,0
0.025607,0.157095,-0.403708474,0.323933278,0.916788438,0.890876946,-0.656632857,0.0473763929,0.126563121,1.976e-06,1,0
0.025607,0.174550,-0.407692972,0.319189799,0.91835526,0.889498581,-0.655771951,0.0559298937,0.13735479,2.785e-06,1,0
0.025607,0.192005,-0.411618361,0.314429197,0.919954772,0.888132017,-0.654832086,0.0643685734,0.148266636,3.798e-06,1,0
0.025607,0.209460,-0.41548332,0.309653886,0.921591767,0.886779949,-0.653816749,0.0726926755,0.159298697,5.043e-06,1,0
0.025607,0.226915,-0.419286643,0.304866259,0.923271418,0.885445451,-0.652729754,0.0809024226,0.170450958,6.544e-06,1,0
0.025607,0.244370,-0.423027248,0.300068692,0.924999288,0.884131978,-0.651575243,0.0889980143,0.181723343,8.324e-06,1,0
0.025607,0.261825,-0.426704174,0.295263532,0.926781337,0.882843374,-0.650357683,0.0969796253,0.193115713,1.040e-05,1,0
0.025607,0.279280,-0.430316594,0.290453093,0.928623934,0.881583882,-0.649081867,0.104847404,0.204627859,1.279e-05,1,0
0.025607,0.296735,-0.433863815,0.28563965,0.930533865,0.880358148,-0.647752912,0.112601469,0.216259495,1.549e-05,1,0
0.025607,0.314190,-0.437345285,0.280825434,0.932518349,0.879171231,-0.646376262,0.12024191,0.228010251,1.851e-05,1,0
0.025607,0.331645,-0.440760595,0.276012625,0.934585048,0.878028616,-0.644957687,0.127768785,0.239879666,2.180e-05,1,0
0.025607,0.349100,-0.444109485,0.271203348,0.936742082,0.87693622,-0.643503282,0.135182117,0.251867184,2.534e-05,1,0
0.040733,-0.349100,-0.267595362,0.443199487,0.870877858,0.936835982,-0.636665583,-0.27400556,-0.114530175,2.926e-05,1,0
0.040733,-0.331645,-0.272425858,0.439735017,0.872106974,0.93449039,-0.63807532,-0.261915542,-0.107135549,2.556e-05,1,0
0.040733,-0.314190,-0.277262053,0.436206537,0.87338668,0.932238468,-0.639451331,-0.249947434,-0.0996249978,2.201e-05,1,0
0.040733,-0.296735,-0.282101844,0.432614328,0.874711087,0.930071899,-0.640787547,-0.238101764,-0.0919984596,1.868e-05,1,0
0.040733,-0.279280,-0.286943068,0.428958815,0.876074736,0.927982838,-0.642078223,-0.226378964,-0.0842558391,1.562e-05,1,0
0.040733,-0.261825,-0.291783515,0.425240567,0.877472594,0.925963892,-0.643317942,-0.214779372,-0.0763970095,1.285e-05,1,0
0.040733,-0.244370,-0.29662093,0.421460291,0.878900039,0.924008109,-0.64450161,-0.203303241,-0.0684218139,1.039e-05,1,0
0.040733,-0.226915,-0.301453018,0.417618828,0.880352856,0.922108966,-0.645624458,-0.191950746,-0.0603300667,8.240e-06,1,0
0.040733,-0.209460,-0.306277452,0.413717146,0.881827226,0.920260355,-0.646682041,-0.180721991,-0.0521215561,6.393e-06,1,0
0.040733,-0.192005,-0.311091878,0.40975634,0.883319722,0.918456575,-0.647670237,-0.169617015,-0.0437960451,4.835e-06,1,0
0.040733,-0.174550,-0.315893917,0.405737622,0.884827299,0.916692323,-0.648585253,-0.158635794,-0.0353532736,3.545e-06,1,0
0.040733,-0.157095,-0.320681179,0.401662317,0.886347291,0.914962684,-0.649423619,-0.147778254,-0.0267929606,2.501e-06,1,0
0.040733,-0.139640,-0.32545126,0.397531862,0.887877405,0.913263127,-0.650182193,-0.137044269,-0.018114806,1.678e-06,1,0
0.040733,-0.122185,-0.330201755,0.393347794,0.889415718,0.911589496,-0.650858161,-0.126433673,-0.0093184925,1.051e-06,1,0
0.040733,-0.104730,-0.334930258,0.389111751,0.890960671,0.909938005,-0.651449037,-0.115946258,-0.000403688355,5.939e-07,1,0
0.040733,-0.087275,-0.339634374,0.384825463,0.892511066,0.908305236,-0.651952664,-0.105581785,0.00862995085,2.802e-07,1,0
0.040733,-0.069820,-0.344311722,0.380490746,0.894066064,0.906688133,-0.652367216,-0.0953399826,0.0177827796,1.743e-07,1,0
0.040733,-0.052365,-0.34895994,0.376109499,0.895625185,0.905083998,-0.652691197,-0.0852205564,0.0270551597,9.758e-08,1,0
0.040733,-0.034910,-0.353576696,0.371683695,0.897188299,0.90349049,-0.652923444,-0.0752231897,0.0364474583,4.963e-08,1,0
0.040733,-0.017455,-0.358159687,0.367215377,0.898755633,0.901905623,-0.653063124,-0.0653475489,0.0459600444,3.624e-08,1,0
0.040733,0.000000,-0.362706653,0.362706653,0.900327765,0.900327765,-0.65310974,-0.0555932864,0.0555932864,4.748e-09,1,0
0.040733,0.017455,-0.367215377,0.358159687,0.901905623,0.898755633,-0.653063125,-0.0459600444,0.0653475489,3.624e-08,1,0
0.040733,0.034910,-0.371683695,0.353576696,0.90349049,0.897188299,-0.652923444,-0.0364474583,0.0752231897,4.963e-08,1,0
0.040733,0.052365,-0.376109499,0.34895994,0.905083998,0.895625185,-0.652691197,-0.0270551597,0.0852205564,9.758e-08,1,0
0.040733,0.069820,-0.380490746,0.344311722,0.906688133,0.894066064,-0.652367216,-0.0177827796,0.0953399826,1.743e-07,1,0
0.040733,0.087275,-0.384825463,0.339634374,0.908305236,0.892511066,-0.651952664,-0.00862995085,0.105581785,2.802e-07,1,0
0.040733,0.104730,-0.389111751,0.334930258,0.909938005,0.890960671,-0.651449037,0.000403688355,0.115946258,5.939e-07,1,0
0.040733,0.122185,-0.393347794,0.330201755,0.911589496,0.889415718,-0.650858161,0.0093184925,0.126433673,1.051e-06,1,0
0.040733,0.139640,-0.397531862,0.32545126,0.913263127,0.887877405,-0.650182193,0.018114806,0.137044269,1.678e-06,1,0
0.040733,0.157095,-0.401662317,0.320681179,0.914962684,0.886347291,-0.649423619,0.0267929606,0.147778254,2.501e-06,1,0
0.040733,0.174550,-0.405737622,0.315893917,0.916692323,0.884827299,-0.648585253,0.0353532736,0.158635794,3.545e-06,1,0
0.040733,0.192005,-0.40975634,0.311091878,0.918456575,0.883319722,-0.647670237,0.0437960451,0.169617015,4.835e-06,1,0
0.040733,0.209460,-0.413717146,0.306277452,0.920260355,0.881827226,-0.646682041,0.0521215561,0.180721991,6.393e-06,1,0
0.040733,0.226915,-0.417618828,0.301453018,0.922108966,0.880352856,-0.645624458,0.0603300667,0.191950746,8.240e-06,1,0
0.040733,0.244370,-0.421460291,0.29662093,0.924008109,0.878900039,-0.64450161,0.0684218139,0.203303241,1.039e-05,1,0
0.040733,0.261825,-0.425240567,0.291783515,0.925963892,0.877472594,-0.643317942,0.0763970095,0.214779372,1.285e-05,1,0
0.040733,0.279280,-0.428958815,0.286943068,0.927982838,0.876074736,-0.642078223,0.0842558391,0.226378964,1.562e-05,1,0
0.040733,0.296735,-0.432614328,0.282101844,0.930071899,0.874711087,-0.640787547,0.0919984596,0.238101764,1.868e-05,1,0
0.040733,0.314190,-0.436206537,0.277262053,0.932238468,0.87338668,-0.639451331,0.0996249978,0.249947434,2.201e-05,1,0
0.040733,0.331645,-0.439735017,0.272425858,0.93449039,0.872106974,-0.63807532,0.107135549,0.261915542,2.556e-05,1,0
0.040733,0.349100,-0.443199487,0.267595362,0.936835982,0.870877858,-0.636665583,0.114530175,0.27400556,2.926e-05,1,0
0.055860,-0.349100,-0.263990133,0.442094475,0.864537249,0.936481576,-0.629429037,-0.296386941,-0.0937967839,3.063e-05,1,0
0.055860,-0.331645,-0.268838049,0.438521105,0.86590211,0.933955622,-0.630799157,-0.284189822,-0.0864166261,2.708e-05,1,0
0.055860,-0.314190,-0.273693799,0.434886009,0.867317771,0.931526377,-0.632137357,-0.272118489,-0.0789182075,2.355e-05,1,0
0.055860,-0.296735,-0.278555297,0.431189488,0.868778372,0.92918534,-0.6334376,-0.26017344,-0.0713014254,2.015e-05,1,0
0.055860,-0.279280,-0.283420399,0.427431993,0.870278486,0.926924492,-0.634694177,-0.248355073,-0.0635661441,1.695e-05,1,0
0.055860,-0.261825,-0.288286912,0.423614111,0.871813107,0.924736274,-0.635901699,-0.236663692,-0.0557121965,1.400e-05,1,0
0.055860,-0.244370,-0.293152599,0.419736567,0.873377642,0.92261358,-0.637055102,-0.225099514,-0.0477393854,1.134e-05,1,0
0.055860,-0.226915,-0.298015183,0.415800218,0.874967903,0.920549739,-0.638149644,-0.213662677,-0.0396474853,8.983e-06,1,0
0.055860,-0.209460,-0.302872355,0.411806047,0.8765801,0.918538507,-0.639180907,-0.202353246,-0.0314362442,6.933e-06,1,0
0.055860,-0.192005,-0.307721779,0.407755159,0.878210833,0.916574051,-0.640144795,-0.191171217,-0.0231053847,5.185e-06,1,0
0.055860,-0.174550,-0.312561093,0.403648777,0.879857086,0.914650945,-0.641037536,-0.18011653,-0.0146546068,3.729e-06,1,0
0.055860,-0.157095,-0.317387923,0.399488236,0.881516224,0.91276416,-0.641855683,-0.169189066,-0.00608358887,2.546e-06,1,0
0.055860,-0.139640,-0.322199884,0.395274978,0.883185985,0.910909056,-0.642596112,-0.158388659,0.00260800978,1.614e-06,1,0
0.055860,-0.122185,-0.326994583,0.391010546,0.884864478,0.909081376,-0.643256028,-0.147715099,0.011420547,1.020e-06,1,0
0.055860,-0.104730,-0.331769632,0.386696581,0.88655018,0.907277239,-0.64383296,-0.137168136,0.0203543957,7.490e-07,1,0
0.055860,-0.087275,-0.336522651,0.382334815,0.888241929,0.905493137,-0.644324764,-0.126747488,0.0294099415,5.175e-07,1,0
0.055860,-0.069820,-0.34125127,0.377927064,0.889938926,0.90372593,-0.644729627,-0.116452841,0.0385875801,3.265e-07,1,0
0.055860,-0.052365,-0.345953142,0.373475224,0.891640732,0.901972843,-0.645046062,-0.106283856,0.0478877154,1.869e-07,1,0
0.055860,-0.034910,-0.350625945,0.368981268,0.893347264,0.900231462,-0.645272913,-0.0962401745,0.0573107561,1.726e-07,1,0
0.055860,-0.017455,-0.355267389,0.364447232,0.895058796,0.898499732,-0.645409354,-0.0863214189,0.0668571137,1.007e-07,1,0
0.055860,0.000000,-0.35987522,0.35987522,0.896775957,0.896775957,-0.64545489,-0.0765271988,0.0765271988,1.752e-08,1,0
0.055860,0.017455,-0.364447232,0.355267389,0.898499732,0.895058796,-0.645409354,-0.0668571137,0.0863214189,1.007e-07,1,0
0.055860,0.034910,-0.368981268,0.350625945,0.900231462,0.893347264,-0.645272913,-0.0573107561,0.0962401745,1.726e-07,1,0
0.055860,0.052365,-0.373475224,0.345953142,0.901972843,0.891640732,-0.645046062,-0.0478877154,0.106283856,1.869e-07,1,0
0.055860,0.069820,-0.377927064,0.34125127,0.90372593,0.889938926,-0.644729627,-0.0385875801,0.116452841,3.265e-07,1,0
0.055860,0.087275,-0.382334815,0.336522651,0.905493137,0.888241929,-0.644324764,-0.0294099415,0.126747488,5.175e-07,1,0
0.055860,0.104730,-0.386696581,0.331769632,0.907277239,0.88655018,-0.64383296,-0.0203543957,0.137168136,7.490e-07,1,0
0.055860,0.122185,-0.391010546,0.326994583,0.909081376,0.884864478,-0.643256028,-0.011420547,0.147715099,1.020e-06,1,0
0.055860,0.139640,-0.395274978,0.322199884,0.910909056,0.883185985,-0.642596112,-0.00260800978,0.158388659,1.614e-06,1,0
0.055860,0.157095,-0.399488236,0.317387923,0.91276416,0.881516224,-0.641855683,0.00608358887,0.169189066,2.546e-06,1,0
0.055860,0.174550,-0.403648777,0.312561093,0.914650945,0.879857086,-0.641037536,0.0146546068,0.18011653,3.729e-06,1,0
0.055860,0.192005,-0.407755159,0.307721779,0.916574051,0.878210833,-0.640144795,0.0231053847,0.191171217,5.185e-06,1,0
0.055860,0.209460,-0.411806047,0.302872355,0.918538507,0.8765801,-0.639180907,0.0314362442,0.202353246,6.933e-06,1,0
0.055860,0.226915,-0.415800218,0.298015183,0.920549739,0.874967903,-0.638149644,0.0396474853,0.213662677,8.983e-06,1,0
0.055860,0.244370,-0.419736567,0.293152599,0.92261358,0.873377642,-0.637055102,0.0477393854,0.225099514,1.134e-05,1,0
0.055860,0.261825,-0.423614111,0.288286912,0.924736274,0.871813107,-0.635901699,0.0557121965,0.236663692,1.400e-05,1,0
0.055860,0.279280,-0.427431993,0.283420399,0.926924492,0.870278486,-0.634694177,0.0635661441,0.248355073,1.695e-05,1,0
0.055860,0.296735,-0.431189488,0.278555297,0.92918534,0.868778372,-0.6334376,0.0713014254,0.26017344,2.015e-05,1,0
0.055860,0.314190,-0.434886009,0.273693799,0.931526377,0.867317771,-0.632137357,0.0789182075,0.272118489,2.355e-05,1,0
0.055860,0.331645,-0.438521105,0.268838049,0.933955622,0.86590211,-0.630799157,0.0864166261,0.284189822,2.708e-05,1,0
0.055860,0.349100,-0.442094475,0.263990133,0.936481576,0.864537249,-0.629429037,0.0937967839,0.296386941,3.063e-05,1,0
0.070987,-0.349100,-0.260388656,0.440801477,0.857918493,0.935690566,-0.621814947,-0.319020135,-0.0729739779,2.914e-05,1,0
0.070987,-0.331645,-0.265250332,0.437125669,0.859418185,0.932992017,-0.623150192,-0.30671117,-0.0656041521,2.605e-05,1,0
0.070987,-0.314190,-0.270121944,0.433390297,0.860968726,0.930392942,-0.624455042,-0.294531945,-0.0581137689,2.283e-05,1,0
0.070987,-0.296735,-0.275001419,0.42959569,0.862564294,0.927884665,-0.625723503,-0.282482923,-0.0505026825,1.963e-05,1,0
0.070987,-0.279280,-0.27988663,0.425742324,0.864199493,0.925459002,-0.626949901,-0.270564466,-0.0427707143,1.653e-05,1,0
0.070987,-0.261825,-0.284775399,0.421830809,0.865869348,0.923108238,-0.628128885,-0.25877684,-0.0349176543,1.363e-05,1,0
0.070987,-0.244370,-0.289665507,0.417861892,0.867569298,0.92082512,-0.629255424,-0.247120222,-0.0269432627,1.096e-05,1,0
0.070987,-0.226915,-0.294554692,0.413836449,0.869295185,0.91860284,-0.630324809,-0.235594709,-0.0188472711,8.573e-06,1,0
0.070987,-0.209460,-0.299440663,0.409755479,0.871043248,0.91643502,-0.631332653,-0.224200324,-0.0106293847,6.477e-06,1,0
0.070987,-0.192005,-0.304321097,0.405620102,0.872810116,0.914315706,-0.632274888,-0.21293702,-0.0022892834,4.682e-06,1,0
0.070987,-0.174550,-0.309193651,0.401431556,0.874592803,0.912239358,-0.633147768,-0.201804691,0.00617337601,3.496e-06,1,0
0.070987,-0.157095,-0.314055964,0.397191186,0.876388704,0.910200836,-0.63394787,-0.190803175,0.0147589582,2.806e-06,1,0
0.070987,-0.139640,-0.318905666,0.392900443,0.878195591,0.908195399,-0.634672095,-0.179932261,0.0234678472,2.197e-06,1,0
0.070987,-0.122185,-0.323740378,0.388560878,0.880011602,0.906218694,-0.635317663,-0.169191691,0.0323004445,1.666e-06,1,0
0.070987,-0.104730,-0.328557727,0.384174138,0.881835249,0.90426675,-0.635882125,-0.158581171,0.0412571668,1.209e-06,1,0
0.070987,-0.087275,-0.333355343,0.379741958,0.883665409,0.902335976,-0.636363351,-0.148100371,0.0503384439,8.239e-07,1,0
0.070987,-0.069820,-0.33813087,0.375266157,0.885501319,0.900423152,-0.636759541,-0.137748931,0.0595447158,5.296e-07,1,0
0.070987,-0.052365,-0.34288197,0.370748634,0.887342579,0.898525431,-0.637069219,-0.127526467,0.068876431,5.136e-07,1,0
0.070987,-0.034910,-0.347606333,0.366191357,0.889189151,0.896640328,-0.637291238,-0.117432572,0.0783340433,3.980e-07,1,0
0.070987,-0.017455,-0.352301675,0.361596364,0.891041354,0.894765726,-0.637424778,-0.107466824,0.0879180092,2.157e-07,1,0
0.070987,0.000000,-0.356965753,0.356965753,0.892899866,0.892899866,-0.637469345,-0.0976287851,0.0976287851,4.761e-08,1,0
0.070987,0.017455,-0.361596364,0.352301675,0.894765726,0.891041354,-0.637424778,-0.0879180092,0.107466824,2.157e-07,1,0
0.070987,0.034910,-0.366191357,0.347606333,0.896640328,0.889189151,-0.637291238,-0.0783340433,0.117432572,3.980e-07,1,0
0.070987,0.052365,-0.370748634,0.34288197,0.898525431,0.887342579,-0.637069219,-0.068876431,0.127526467,5.136e-07,1,0
0.070987,0.069820,-0.375266157,0.33813087,0.900423152,0.885501319,-0.636759541,-0.0595447158,0.137748931,5.296e-07,1,0
0.070987,0.087275,-0.379741958,0.333355343,0.902335976,0.883665408,-0.636363351,-0.0503384439,0.148100371,8.239e-07,1,0
0.070987,0.104730,-0.384174138,0.328557727,0.90426675,0.881835249,-0.635882125,-0.0412571668,0.158581171,1.209e-06,1,0
0.070987,0.122185,-0.388560878,0.323740378,0.906218694,0.880011602,-0.635317663,-0.0323004445,0.169191691,1.666e-06,1,0
0.070987,0.139640,-0.392900443,0.318905666,0.908195399,0.878195591,-0.634672095,-0.0234678472,0.179932261,2.197e-06,1,0
0.070987,0.157095,-0.397191186,0.314055964,0.910200836,0.876388704,-0.63394787,-0.0147589582,0.190803175,2.806e-06,1,0
0.070987,0.174550,-0.401431556,0.309193651,0.912239358,0.874592803,-0.633147768,-0.00617337601,0.201804691,3.496e-06,1,0
0.070987,0.192005,-0.405620102,0.304321097,0.914315706,0.872810116,-0.632274888,0.0022892834,0.21293702,4.682e-06,1,0
0.070987,0.209460,-0.409755479,0.299440663,0.91643502,0.871043248,-0.631332653,0.0106293847,0.224200324,6.477e-06,1,0
0.070987,0.226915,-0.413836449,0.294554692,0.91860284,0.869295185,-0.630324809,0.0188472711,0.235594709,8.573e-06,1,0
0.070987,0.244370,-0.417861892,0.289665507,0.92082512,0.867569298,-0.629255423,0.0269432627,0.247120222,1.096e-05,1,0
0.070987,0.261825,-0.421830809,0.284775399,0.923108238,0.865869348,-0.628128885,0.0349176543,0.25877684,1.363e-05,1,0
0.070987,0.279280,-0.425742324,0.27988663,0.925459002,0.864199493,-0.626949901,0.0427707143,0.270564466,1.653e-05,1,0
0.070987,0.296735,-0.42959569,0.275001419,0.927884665,0.862564294,-0.625723503,0.0505026825,0.282482923,1.963e-05,1,0
0.070987,0.314190,-0.433390297,0.270121944,0.930392942,0.860968726,-0.624455042,0.0581137689,0.294531945,2.283e-05,1,0
0.070987,0.331645,-0.437125669,0.265250332,0.932992017,0.859418185,-0.623150192,0.0656041521,0.30671117,2.605e-05,1,0
0.070987,0.349100,-0.440801477,0.260388656,0.935690566,0.857918493,-0.621814947,0.0729739779,0.319020135,2.914e-05,1,0
0.086113,-0.349100,-0.2567918,0.439327283,0.851025406,0.934474284,-0.613844013,-0.341914245,-0.0520539488,2.665e-05,1,0
0.086113,-0.331645,-0.261663719,0.435555292,0.852659092,0.931610499,-0.615148848,-0.329488534,-0.0446904047,2.312e-05,1,0
0.086113,-0.314190,-0.266547637,0.431725783,0.854343521,0.928848697,-0.616424551,-0.317196599,-0.037204039,2.003e-05,1,0
0.086113,-0.296735,-0.271441494,0.427839119,0.856072906,0.926180038,-0.617665171,-0.305038868,-0.0295946604,1.730e-05,1,0
0.086113,-0.279280,-0.276343178,0.423895802,0.85784189,0.923596178,-0.618865079,-0.293015664,-0.021862045,1.489e-05,1,0
0.086113,-0.261825,-0.281250528,0.41989647,0.859645535,0.921089257,-0.620018966,-0.28112721,-0.0140059376,1.276e-05,1,0
0.086113,-0.244370,-0.286161337,0.415841895,0.861479312,0.918651882,-0.62112184,-0.26937364,-0.00602605311,1.087e-05,1,0
0.086113,-0.226915,-0.29107336,0.411732972,0.863339094,0.916277112,-0.622169029,-0.257755006,0.00207792193,9.188e-06,1,0
0.086113,-0.209460,-0.295984319,0.407570723,0.865221152,0.913958447,-0.623156179,-0.246271284,0.0103063278,7.691e-06,1,0
0.086113,-0.192005,-0.300891906,0.403356286,0.867122148,0.911689818,-0.624079255,-0.234922382,0.0186595301,6.361e-06,1,0
0.086113,-0.174550,-0.305793792,0.399090911,0.869039126,0.909465572,-0.624934542,-0.223708145,0.0271379175,5.180e-06,1,0
0.086113,-0.157095,-0.31068763,0.394775959,0.870969512,0.90728047,-0.625718644,-0.212628363,0.0357419007,4.137e-06,1,0
0.086113,-0.139640,-0.315571062,0.390412893,0.872911109,0.905129673,-0.626428484,-0.201682775,0.0444719097,3.221e-06,1,0
0.086113,-0.122185,-0.320441724,0.386003274,0.87486209,0.903008737,-0.627061307,-0.190871076,0.0533283924,2.426e-06,1,0
0.086113,-0.104730,-0.325297252,0.381548756,0.876821,0.900913607,-0.627614683,-0.180192921,0.0623118121,1.745e-06,1,0
0.086113,-0.087275,-0.330135289,0.377051081,0.878786749,0.898840613,-0.628086499,-0.16964793,0.0714226454,1.261e-06,1,0
0.086113,-0.069820,-0.334953488,0.372512073,0.880758613,0.89678646,-0.62847497,-0.159235695,0.0806613798,1.225e-06,1,0
0.086113,-0.052365,-0.339749522,0.367933631,0.882736233,0.894748231,-0.628778632,-0.148955779,0.0900285113,1.046e-06,1,0
0.086113,-0.034910,-0.344521087,0.363317729,0.884719609,0.892723378,-0.628996347,-0.138807729,0.0995245416,7.583e-07,1,0
0.086113,-0.017455,-0.349265906,0.358666401,0.886709105,0.890709721,-0.629127302,-0.12879107,0.109149975,3.975e-07,1,0
0.086113,0.000000,-0.353981744,0.353981744,0.888705447,0.888705447,-0.629171008,-0.118905318,0.118905318,1.074e-07,1,0
0.086113,0.017455,-0.358666401,0.349265906,0.890709721,0.886709105,-0.629127302,-0.109149975,0.12879107,3.975e-07,1,0
0.086113,0.034910,-0.363317729,0.344521087,0.892723378,0.884719609,-0.628996347,-0.0995245416,0.138807729,7.583e-07,1,0
0.086113,0.052365,-0.367933631,0.339749522,0.894748231,0.882736233,-0.628778632,-0.0900285113,0.148955779,1.046e-06,1,0
0.086113,0.069820,-0.372512073,0.334953488,0.89678646,0.880758613,-0.62847497,-0.0806613798,0.159235695,1.225e-06,1,0
0.086113,0.087275,-0.377051081,0.330135289,0.898840613,0.878786749,-0.628086499,-0.0714226454,0.16964793,1.261e-06,1,0
0.086113,0.104730,-0.381548756,0.325297252,0.900913607,0.876821,-0.627614683,-0.0623118121,0.180192921,1.745e-06,1,0
0.086113,0.122185,-0.386003274,0.320441724,0.903008737,0.87486209,-0.627061307,-0.0533283924,0.190871076,2.426e-06,1,0
0.086113,0.139640,-0.390412893,0.315571062,0.905129673,0.872911109,-0.626428483,-0.0444719097,0.201682775,3.221e-06,1,0
0.086113,0.157095,-0.394775959,0.31068763,0.90728047,0.870969512,-0.625718644,-0.0357419007,0.212628363,4.137e-06,1,0
0.086113,0.174550,-0.399090911,0.305793792,0.909465572,0.869039126,-0.624934542,-0.0271379175,0.223708145,5.180e-06,1,0
0.086113,0.192005,-0.403356286,0.300891906,0.911689818,0.867122148,-0.624079255,-0.0186595301,0.234922382,6.361e-06,1,0
0.086113,0.209460,-0.407570723,0.295984319,0.913958447,0.865221152,-0.623156179,-0.0103063278,0.246271284,7.691e-06,1,0
0.086113,0.226915,-0.411732972,0.29107336,0.916277112,0.863339094,-0.622169029,-0.00207792193,0.257755006,9.188e-06,1,0
0.086113,0.244370,-0.415841895,0.286161337,0.918651882,0.861479312,-0.62112184,0.00602605311,0.26937364,1.087e-05,1,0
0.086113,0.261825,-0.41989647,0.281250528,0.921089257,0.859645535,-0.620018966,0.0140059376,0.28112721,1.276e-05,1,0
0.086113,0.279280,-0.423895802,0.276343178,0.923596178,0.85784189,-0.618865079,0.021862045,0.293015664,1.489e-05,1,0
0.086113,0.296735,-0.427839119,0.271441494,0.926180038,0.856072906,-0.617665171,0.0295946604,0.305038868,1.730e-05,1,0
0.086113,0.314190,-0.431725783,0.266547637,0.928848697,0.854343521,-0.616424551,0.037204039,0.317196599,2.003e-05,1,0
0.086113,0.331645,-0.435555292,0.261663719,0.931610499,0.852659092,-0.615148848,0.0446904047,0.329488534,2.312e-05,1,0
0.086113,0.349100,-0.439327283,0.2567918,0.934474284,0.851025406,-0.613844013,0.0520539488,0.341914245,2.665e-05,1,0
0.101240,-0.349100,-0.253200307,0.437678465,0.843861501,0.932843713,-0.605536321,-0.365078701,-0.0310290245,3.639e-05,1,0
0.101240,-0.331645,-0.258079092,0.433816344,0.84562844,0.929821662,-0.606814968,-0.352531166,-0.0236677839,3.169e-05,1,0
0.101240,-0.314190,-0.262971897,0.429898644,0.847445854,0.926903866,-0.608065491,-0.340121541,-0.0161814831,2.753e-05,1,0
0.101240,-0.296735,-0.267876679,0.425925761,0.849308001,0.924081325,-0.609281993,-0.327850211,-0.00856988347,2.384e-05,1,0
0.101240,-0.279280,-0.272791337,0.42189823,0.851209567,0.921345548,-0.610458894,-0.315717454,-0.000832713456,2.055e-05,1,0
0.101240,-0.261825,-0.277713724,0.417816719,0.85314565,0.918688535,-0.611590931,-0.303723449,0.00703032962,1.762e-05,1,0
0.101240,-0.244370,-0.282641646,0.413682024,0.855111759,0.91610276,-0.612673156,-0.291868282,0.0150195784,1.500e-05,1,0
0.101240,-0.226915,-0.287572873,0.409495068,0.857103805,0.913581157,-0.613700939,-0.280151956,0.0231353941,1.267e-05,1,0
0.101240,-0.209460,-0.292505139,0.405256894,0.85911809,0.911117109,-0.614669965,-0.268574397,0.0313781647,1.059e-05,1,0
0.101240,-0.192005,-0.29743615,0.400968659,0.86115131,0.908704436,-0.615576234,-0.257135463,0.0397483037,8.745e-06,1,0
0.101240,-0.174550,-0.302363588,0.396631633,0.86320054,0.906337383,-0.616416063,-0.245834947,0.0482462482,7.103e-06,1,0
0.101240,-0.157095,-0.307285121,0.392247192,0.865263242,0.904010612,-0.617186087,-0.234672588,0.0568724571,5.653e-06,1,0
0.101240,-0.139640,-0.312198401,0.387816813,0.867337248,0.901719193,-0.617883258,-0.223648071,0.0656274094,4.382e-06,1,0
0.101240,-0.122185,-0.317101075,0.383342069,0.869420767,0.899458597,-0.618504844,-0.212761038,0.0745116019,3.280e-06,1,0
0.101240,-0.104730,-0.321990791,0.378824625,0.871512375,0.897224689,-0.619048436,-0.202011092,0.0835255474,2.664e-06,1,0
0.101240,-0.087275,-0.3268652,0.37426623,0.87361102,0.895013722,-0.619511942,-0.191397799,0.0926697723,2.559e-06,1,0
0.101240,-0.069820,-0.331721965,0.369668714,0.875716013,0.892822334,-0.619893592,-0.180920698,0.101944814,2.272e-06,1,0
0.101240,-0.052365,-0.336558766,0.365033983,0.877827032,0.89064754,-0.620191934,-0.170579299,0.111351219,1.837e-06,1,0
0.101240,-0.034910,-0.341373304,0.360364011,0.879944119,0.88848673,-0.620405843,-0.160373096,0.120889541,1.289e-06,1,0
0.101240,-0.017455,-0.346163311,0.355660836,0.88206768,0.886337668,-0.620534511,-0.150301561,0.130560334,6.637e-07,1,0
0.101240,0.000000,-0.350926554,0.350926554,0.884198484,0.884198484,-0.620577454,-0.140364156,0.140364156,2.134e-07,1,0
0.101240,0.017455,-0.355660836,0.346163311,0.886337668,0.88206768,-0.620534511,-0.130560334,0.150301561,6.637e-07,1,0
0.101240,0.034910,-0.360364011,0.341373304,0.88848673,0.879944119,-0.620405843,-0.120889541,0.160373096,1.289e-06,1,0
0.101240,0.052365,-0.365033983,0.336558766,0.89064754,0.877827032,-0.620191935,-0.111351219,0.170579299,1.837e-06,1,0
0.101240,0.069820,-0.369668714,0.331721965,0.892822334,0.875716013,-0.619893592,-0.101944814,0.180920698,2.272e-06,1,0
0.101240,0.087275,-0.37426623,0.3268652,0.895013722,0.87361102,-0.619511942,-0.0926697723,0.191397799,2.559e-06,1,0
0.101240,0.104730,-0.378824625,0.321990791,0.897224689,0.871512375,-0.619048436,-0.0835255474,0.202011092,2.664e-06,1,0
0.101240,0.122185,-0.383342069,0.317101075,0.899458597,0.869420767,-0.618504844,-0.0745116019,0.212761038,3.280e-06,1,0
0.101240,0.139640,-0.387816813,0.312198401,0.901719193,0.867337248,-0.617883258,-0.0656274094,0.223648071,4.382e-06,1,0
0.101240,0.157095,-0.392247192,0.307285121,0.904010612,0.865263242,-0.617186087,-0.0568724571,0.234672588,5.653e-06,1,0
0.101240,0.174550,-0.396631633,0.302363588,0.906337383,0.86320054,-0.616416063,-0.0482462482,0.245834947,7.103e-06,1,0
0.101240,0.192005,-0.400968659,0.29743615,0.908704436,0.861151309,-0.615576234,-0.0397483037,0.257135463,8.745e-06,1,0
0.101240,0.209460,-0.405256894,0.292505139,0.911117109,0.85911809,-0.614669965,-0.0313781647,0.268574397,1.059e-05,1,0
0.101240,0.226915,-0.409495068,0.287572873,0.913581157,0.857103805,-0.613700939,-0.0231353941,0.280151956,1.267e-05,1,0
0.101240,0.244370,-0.413682024,0.282641646,0.91610276,0.855111759,-0.612673156,-0.0150195784,0.291868282,1.500e-05,1,0
0.101240,0.261825,-0.417816719,0.277713724,0.918688535,0.85314565,-0.611590931,-0.00703032962,0.303723449,1.762e-05,1,0
0.101240,0.279280,-0.42189823,0.272791337,0.921345548,0.851209567,-0.610458894,0.000832713456,0.315717454,2.055e-05,1,0
0.101240,0.296735,-0.425925761,0.267876679,0.924081325,0.849308001,-0.609281993,0.00856988347,0.327850211,2.384e-05,1,0
0.101240,0.314190,-0.429898644,0.262971897,0.926903866,0.847445854,-0.608065491,0.0161814831,0.340121541,2.753e-05,1,0
0.101240,0.331645,-0.433816344,0.258079092,0.929821662,0.84562844,-0.606814968,0.0236677839,0.352531166,3.169e-05,1,0
0.101240,0.349100,-0.437678465,0.253200307,0.932843713,0.843861501,-0.605536321,0.0310290245,0.365078701,3.639e-05,1,0
0.116367,-0.349100,-0.249614782,0.435861388,0.836429968,0.93080951,-0.59691134,-0.38852328,-0.00989165017,4.714e-05,1,0
0.116367,-0.331645,-0.254497195,0.431914999,0.838329528,0.927635788,-0.598167803,-0.375848656,-0.00252879296,4.117e-05,1,0
0.116367,-0.314190,-0.259395611,0.427914865,0.840279135,0.924568371,-0.59939691,-0.363316178,0.00496134294,3.584e-05,1,0
0.116367,-0.296735,-0.264307997,0.42386142,0.842273097,0.921598109,-0.600592821,-0.350926185,0.012579046,3.108e-05,1,0
0.116367,-0.279280,-0.269232265,0.419755233,0.844306146,0.918716371,-0.601750013,-0.338678908,0.0203246374,2.683e-05,1,0
0.116367,-0.261825,-0.27416628,0.415597004,0.846373425,0.915915019,-0.602863274,-0.326574474,0.0281984695,2.302e-05,1,0
0.116367,-0.244370,-0.279107861,0.411387561,0.848470483,0.913186403,-0.603927706,-0.314612918,0.0362009249,1.960e-05,1,0
0.116367,-0.226915,-0.284054789,0.407127851,0.850593267,0.910523339,-0.604938723,-0.302794191,0.0443324147,1.655e-05,1,0
0.116367,-0.209460,-0.289004811,0.402818942,0.852738119,0.907919097,-0.605892054,-0.291118165,0.0525933772,1.382e-05,1,0
0.116367,-0.192005,-0.293955645,0.398462016,0.854901769,0.905367393,-0.606783738,-0.279584643,0.0609842763,1.139e-05,1,0
0.116367,-0.174550,-0.298904986,0.394058361,0.857081329,0.902862373,-0.607610129,-0.268193362,0.0695055998,9.232e-06,1,0
0.116367,-0.157095,-0.303850511,0.389609372,0.859274291,0.900398606,-0.608367893,-0.256944004,0.0781578577,7.324e-06,1,0
0.116367,-0.139640,-0.308789883,0.385116541,0.861478524,0.897971077,-0.609054013,-0.2458362,0.0869415805,5.652e-06,1,0
0.116367,-0.122185,-0.313720761,0.380581456,0.863692269,0.895575174,-0.609665786,-0.234869534,0.0958573166,5.144e-06,1,0
0.116367,-0.104730,-0.318640799,0.376005792,0.865914139,0.893206687,-0.610200825,-0.224043552,0.104905631,4.875e-06,1,0
0.116367,-0.087275,-0.323547659,0.371391311,0.868143114,0.890861798,-0.610657059,-0.213357763,0.114087103,4.401e-06,1,0
0.116367,-0.069820,-0.328439011,0.366739849,0.870378543,0.888537077,-0.611032734,-0.202811649,0.123402322,3.747e-06,1,0
0.116367,-0.052365,-0.333312539,0.362053319,0.872620141,0.886229475,-0.611326415,-0.192404665,0.13285189,2.944e-06,1,0
0.116367,-0.034910,-0.338165954,0.3573337,0.874867989,0.883936327,-0.611536986,-0.182136245,0.142436412,2.027e-06,1,0
0.116367,-0.017455,-0.342996988,0.352583031,0.877122535,0.881655339,-0.611663648,-0.172005809,0.152156499,1.033e-06,1,0
0.116367,0.000000,-0.347803412,0.347803412,0.879384591,0.879384591,-0.611705922,-0.162012761,0.162012761,3.872e-07,1,0
0.116367,0.017455,-0.352583031,0.342996988,0.881655339,0.877122535,-0.611663648,-0.152156499,0.172005809,1.033e-06,1,0
0.116367,0.034910,-0.3573337,0.338165954,0.883936327,0.874867989,-0.611536986,-0.142436412,0.182136245,2.027e-06,1,0
0.116367,0.052365,-0.362053319,0.333312539,0.886229475,0.872620141,-0.611326415,-0.13285189,0.192404665,2.944e-06,1,0
0.116367,0.069820,-0.366739849,0.328439011,0.888537077,0.870378543,-0.611032734,-0.123402322,0.202811649,3.747e-06,1,0
0.116367,0.087275,-0.371391311,0.323547659,0.890861798,0.868143114,-0.610657059,-0.114087103,0.213357763,4.401e-06,1,0
0.116367,0.104730,-0.376005792,0.318640799,0.893206687,0.865914139,-0.610200825,-0.104905631,0.224043552,4.875e-06,1,0
0.116367,0.122185,-0.380581456,0.313720761,0.895575174,0.863692269,-0.609665786,-0.0958573166,0.234869534,5.144e-06,1,0
0.116367,0.139640,-0.385116541,0.308789883,0.897971077,0.861478524,-0.609054013,-0.0869415805,0.2458362,5.652e-06,1,0
0.116367,0.157095,-0.389609372,0.303850511,0.900398606,0.859274291,-0.608367893,-0.0781578577,0.256944004,7.324e-06,1,0
0.116367,0.174550,-0.394058361,0.298904986,0.902862373,0.857081329,-0.607610129,-0.0695055998,0.268193362,9.232e-06,1,0
0.116367,0.192005,-0.398462016,0.293955645,0.905367393,0.854901769,-0.606783738,-0.0609842763,0.279584643,1.139e-05,1,0
0.116367,0.209460,-0.402818942,0.289004811,0.907919097,0.852738119,-0.605892054,-0.0525933772,0.291118165,1.382e-05,1,0
0.116367,0.226915,-0.407127851,0.284054789,0.910523339,0.850593267,-0.604938723,-0.0443324147,0.302794191,1.655e-05,1,0
0.116367,0.244370,-0.411387561,0.279107861,0.913186403,0.848470483,-0.603927706,-0.0362009249,0.314612918,1.960e-05,1,0
0.116367,0.261825,-0.415597004,0.27416628,0.915915019,0.846373425,-0.602863274,-0.0281984695,0.326574474,2.302e-05,1,0
0.116367,0.279280,-0.419755233,0.269232265,0.91871637,0.844306146,-0.601750013,-0.0203246374,0.338678908,2.683e-05,1,0
0.116367,0.296735,-0.42386142,0.264307997,0.921598109,0.842273097,-0.600592821,-0.012579046,0.350926185,3.108e-05,1,0
0.116367,0.314190,-0.427914865,0.259395611,0.924568371,0.840279135,-0.59939691,-0.00496134294,0.363316178,3.584e-05,1,0
0.116367,0.331645,-0.431914999,0.254497195,0.927635788,0.838329528,-0.598167803,0.00252879296,0.375848656,4.117e-05,1,0
0.116367,0.349100,-0.435861388,0.249614782,0.93080951,0.836429968,-0.59691134,0.00989165017,0.38852328,4.714e-05,1,0
0.131493,-0.349100,-0.246035685,0.433882223,0.828733641,0.928382017,-0.5879879,-0.412258146,0.0113656302,5.880e-05,1,0
0.131493,-0.331645,-0.250918635,0.42985724,0.830765322,0.925062859,-0.589225999,-0.399450957,0.0187339783,5.147e-05,1,0
0.131493,-0.314190,-0.255819526,0.425780248,0.832846458,0.921851852,-0.590437275,-0.386790264,0.0262318094,4.489e-05,1,0
0.131493,-0.296735,-0.260736335,0.42165172,0.834971413,0.918739702,-0.591615955,-0.374276356,0.0338594638,3.898e-05,1,0
0.131493,-0.279280,-0.265666985,0.417472263,0.837134972,0.91571764,-0.592756576,-0.36190941,0.0416173143,3.367e-05,1,0
0.131493,-0.261825,-0.270609354,0.413242611,0.839332323,0.912777403,-0.593853985,-0.349689499,0.0495057654,2.890e-05,1,0
0.131493,-0.244370,-0.275561272,0.408963623,0.841559064,0.909911219,-0.594903337,-0.337616602,0.0575252515,2.462e-05,1,0
0.131493,-0.226915,-0.280520531,0.404636277,0.843811183,0.907111789,-0.595900097,-0.325690613,0.0656762363,2.078e-05,1,0
0.131493,-0.209460,-0.28548489,0.400261668,0.846085063,0.90437228,-0.596840039,-0.313911344,0.0739592105,1.734e-05,1,0
0.131493,-0.192005,-0.290452078,0.395841001,0.84837747,0.901686305,-0.597719247,-0.30227854,0.0823746911,1.426e-05,1,0
0.131493,-0.174550,-0.295419799,0.391375587,0.850685556,0.899047917,-0.598534114,-0.290791878,0.0909232189,1.153e-05,1,0
0.131493,-0.157095,-0.300385742,0.386866841,0.853006848,0.896451597,-0.599281343,-0.279450981,0.0996053578,9.634e-06,1,0
0.131493,-0.139640,-0.30534758,0.382316273,0.85533925,0.893892247,-0.599957949,-0.268255416,0.108421692,9.263e-06,1,0
0.131493,-0.122185,-0.310302979,0.377725486,0.857681039,0.891365179,-0.600561258,-0.25720471,0.117372825,8.675e-06,1,0
0.131493,-0.104730,-0.315249603,0.37309617,0.860030862,0.888866108,-0.601088908,-0.246298346,0.126459376,7.879e-06,1,0
0.131493,-0.087275,-0.32018512,0.368430096,0.862387736,0.886391149,-0.601538853,-0.235535773,0.13568198,6.890e-06,1,0
0.131493,-0.069820,-0.325107207,0.363729112,0.864751045,0.883936807,-0.601909356,-0.224916412,0.145041283,5.730e-06,1,0
0.131493,-0.052365,-0.330013554,0.358995137,0.867120544,0.881499978,-0.602198999,-0.214439658,0.154537942,4.428e-06,1,0
0.131493,-0.034910,-0.334901874,0.354230158,0.86949635,0.879077935,-0.602406677,-0.204104886,0.164172621,3.015e-06,1,0
0.131493,-0.017455,-0.339769905,0.349436217,0.871878952,0.876668333,-0.602531599,-0.193911454,0.173945986,1.526e-06,1,0
0.131493,0.000000,-0.344615417,0.344615417,0.874269205,0.874269205,-0.602573293,-0.183858708,0.183858708,6.560e-07,1,0
0.131493,0.017455,-0.349436217,0.339769905,0.876668334,0.871878952,-0.602531599,-0.173945986,0.193911454,1.526e-06,1,0
0.131493,0.034910,-0.354230158,0.334901874,0.879077935,0.86949635,-0.602406677,-0.164172621,0.204104886,3.015e-06,1,0
0.131493,0.052365,-0.358995137,0.330013554,0.881499978,0.867120544,-0.602198999,-0.154537942,0.214439658,4.428e-06,1,0
0.131493,0.069820,-0.363729112,0.325107207,0.883936808,0.864751046,-0.601909356,-0.145041283,0.224916412,5.730e-06,1,0
0.131493,0.087275,-0.368430096,0.32018512,0.886391149,0.862387736,-0.601538853,-0.13568198,0.235535773,6.890e-06,1,0
0.131493,0.104730,-0.37309617,0.315249603,0.888866108,0.860030861,-0.601088908,-0.126459376,0.246298346,7.879e-06,1,0
0.131493,0.122185,-0.377725486,0.310302979,0.891365178,0.857681039,-0.600561257,-0.117372825,0.25720471,8.675e-06,1,0
0.131493,0.139640,-0.382316273,0.30534758,0.893892247,0.85533925,-0.599957949,-0.108421692,0.268255416,9.263e-06,1,0
0.131493,0.157095,-0.386866841,0.300385742,0.896451597,0.853006848,-0.599281343,-0.0996053578,0.279450981,9.634e-06,1,0
0.131493,0.174550,-0.391375587,0.295419799,0.899047917,0.850685556,-0.598534114,-0.0909232189,0.290791878,1.153e-05,1,0
0.131493,0.192005,-0.395841001,0.290452077,0.901686305,0.84837747,-0.597719247,-0.0823746911,0.30227854,1.426e-05,1,0
0.131493,0.209460,-0.400261668,0.28548489,0.90437228,0.846085063,-0.596840039,-0.0739592105,0.313911344,1.734e-05,1,0
0.131493,0.226915,-0.404636277,0.280520531,0.907111789,0.843811183,-0.595900097,-0.0656762363,0.325690613,2.078e-05,1,0
0.131493,0.244370,-0.408963623,0.275561272,0.909911218,0.841559064,-0.594903337,-0.0575252515,0.337616602,2.462e-05,1,0
0.131493,0.261825,-0.413242611,0.270609354,0.912777403,0.839332324,-0.593853985,-0.0495057654,0.349689499,2.890e-05,1,0
0.131493,0.279280,-0.417472263,0.265666985,0.91571764,0.837134972,-0.592756576,-0.0416173143,0.36190941,3.367e-05,1,0
0.131493,0.296735,-0.42165172,0.260736335,0.918739702,0.834971413,-0.591615955,-0.0338594638,0.374276356,3.898e-05,1,0
0.131493,0.314190,-0.425780248,0.255819526,0.921851852,0.832846458,-0.590437275,-0.0262318094,0.386790264,4.489e-05,1,0
0.131493,0.331645,-0.42985724,0.250918635,0.925062859,0.830765322,-0.589225999,-0.0187339783,0.399450957,5.147e-05,1,0
0.131493,0.349100,-0.433882223,0.246035685,0.928382017,0.828733641,-0.5879879,-0.0113656302,0.412258146,5.880e-05,1,0
0.146620,-0.349100,-0.242463325,0.431746957,0.820774971,0.925571272,-0.578784185,-0.436293884,0.0327501899,7.130e-05,1,0
0.146620,-0.331645,-0.247343866,0.427648877,0.822938428,0.922112568,-0.580007582,-0.423348422,0.0401278695,6.252e-05,1,0
0.146620,-0.314190,-0.252244238,0.423500427,0.825150576,0.91876367,-0.581204463,-0.410553932,0.0476372277,5.460e-05,1,0
0.146620,-0.296735,-0.25716243,0.419302123,0.827405846,0.915515147,-0.582369128,-0.397910648,0.0552786584,4.746e-05,1,0
0.146620,-0.279280,-0.262096376,0.415054613,0.829699078,0.912358099,-0.583496181,-0.385418687,0.0630525882,4.102e-05,1,0
0.146620,-0.261825,-0.267043963,0.410758666,0.832025518,0.909284139,-0.584580532,-0.373078063,0.0709594756,3.522e-05,1,0
0.146620,-0.244370,-0.272003031,0.406415177,0.83438081,0.90628538,-0.585617396,-0.360888694,0.0789998095,2.999e-05,1,0
0.146620,-0.226915,-0.276971386,0.402025155,0.836760993,0.903354416,-0.586602293,-0.348850411,0.087174108,2.530e-05,1,0
0.146620,-0.209460,-0.281946795,0.397589724,0.839162491,0.900484309,-0.587531048,-0.336962965,0.095482917,2.108e-05,1,0
0.146620,-0.192005,-0.286926997,0.393110114,0.841582115,0.897668578,-0.588399791,-0.325226034,0.103926809,1.759e-05,1,0
0.146620,-0.174550,-0.291909709,0.388587662,0.844017055,0.894901185,-0.589204959,-0.313639233,0.11250638,1.675e-05,1,0
0.146620,-0.157095,-0.296892626,0.384023804,0.846464878,0.892176529,-0.589943295,-0.302202118,0.12122225,1.577e-05,1,0
0.146620,-0.139640,-0.301873431,0.379420069,0.848923524,0.88948943,-0.590611848,-0.290914194,0.130075061,1.463e-05,1,0
0.146620,-0.122185,-0.306849798,0.374778078,0.851391307,0.886835127,-0.591207977,-0.27977492,0.139065473,1.331e-05,1,0
0.146620,-0.104730,-0.311819399,0.370099534,0.853866913,0.884209266,-0.591729349,-0.268783715,0.148194163,1.181e-05,1,0
0.146620,-0.087275,-0.316779908,0.365386224,0.856349394,0.881607897,-0.59217394,-0.257939965,0.157461824,1.014e-05,1,0
0.146620,-0.069820,-0.321729007,0.360640005,0.858838171,0.879027464,-0.592540035,-0.247243024,0.166869163,8.311e-06,1,0
0.146620,-0.052365,-0.326664392,0.355862806,0.861333035,0.876464803,-0.592826232,-0.236692224,0.176416894,6.354e-06,1,0
0.146620,-0.034910,-0.331583777,0.351056619,0.863834144,0.873917136,-0.593031439,-0.226286876,0.186105741,4.295e-06,1,0
0.146620,-0.017455,-0.336484903,0.346223496,0.866342025,0.871382066,-0.593154875,-0.216026274,0.195936433,2.165e-06,1,0
0.146620,0.000000,-0.34136554,0.34136554,0.868857577,0.868857577,-0.593196073,-0.205909701,0.205909701,1.053e-06,1,0
0.146620,0.017455,-0.346223496,0.336484903,0.871382066,0.866342025,-0.593154875,-0.195936433,0.216026274,2.165e-06,1,0
0.146620,0.034910,-0.351056619,0.331583777,0.873917136,0.863834144,-0.593031439,-0.186105741,0.226286876,4.295e-06,1,0
0.146620,0.052365,-0.355862806,0.326664392,0.876464803,0.861333035,-0.592826232,-0.176416894,0.236692224,6.354e-06,1,0
0.146620,0.069820,-0.360640004,0.321729007,0.879027464,0.858838171,-0.592540035,-0.166869163,0.247243024,8.311e-06,1,0
0.146620,0.087275,-0.365386224,0.316779908,0.881607897,0.856349394,-0.59217394,-0.157461824,0.257939965,1.014e-05,1,0
0.146620,0.104730,-0.370099534,0.311819399,0.884209266,0.853866913,-0.591729349,-0.148194163,0.268783715,1.181e-05,1,0
0.146620,0.122185,-0.374778078,0.306849798,0.886835127,0.851391307,-0.591207977,-0.139065473,0.27977492,1.331e-05,1,0
0.146620,0.139640,-0.379420069,0.301873431,0.88948943,0.848923524,-0.590611848,-0.130075061,0.290914194,1.463e-05,1,0
0.146620,0.157095,-0.384023804,0.296892626,0.892176529,0.846464878,-0.589943295,-0.12122225,0.302202118,1.577e-05,1,0
0.146620,0.174550,-0.388587662,0.291909709,0.894901185,0.844017055,-0.589204959,-0.11250638,0.313639233,1.675e-05,1,0
0.146620,0.192005,-0.393110114,0.286926997,0.897668578,0.841582115,-0.588399791,-0.103926809,0.325226034,1.759e-05,1,0
0.146620,0.209460,-0.397589724,0.281946795,0.900484309,0.839162491,-0.587531048,-0.095482917,0.336962965,2.108e-05,1,0
0.146620,0.226915,-0.402025155,0.276971386,0.903354416,0.836760993,-0.586602293,-0.087174108,0.348850411,2.530e-05,1,0
0.146620,0.244370,-0.406415177,0.272003031,0.90628538,0.83438081,-0.585617396,-0.0789998095,0.360888694,2.999e-05,1,0
0.146620,0.261825,-0.410758666,0.267043963,0.909284139,0.832025518,-0.584580532,-0.0709594756,0.373078063,3.522e-05,1,0
0.146620,0.279280,-0.415054613,0.262096376,0.912358099,0.829699078,-0.583496181,-0.0630525882,0.385418687,4.102e-05,1,0
0.146620,0.296735,-0.419302123,0.25716243,0.915515147,0.827405846,-0.582369128,-0.0552786584,0.397910648,4.746e-05,1,0
0.146620,0.314190,-0.423500427,0.252244238,0.91876367,0.825150576,-0.581204463,-0.0476372277,0.410553932,5.460e-05,1,0
0.146620,0.331645,-0.427648877,0.247343866,0.922112568,0.822938428,-0.580007582,-0.0401278695,0.423348422,6.252e-05,1,0
0.146620,0.349100,-0.431746957,0.242463325,0.925571272,0.820774971,-0.578784185,-0.0327501899,0.436293884,7.130e-05,1,0
0.161747,-0.349100,-0.238890133,0.429484836,0.812557351,0.922405339,-0.569334595,-0.460641535,0.0542693347,1.848e-09,1,0
0.161747,-0.331645,-0.243773182,0.425295549,0.814851056,0.918794329,-0.570529944,-0.447551838,0.0616601648,7.421e-05,1,0
0.161747,-0.314190,-0.24867019,0.42108087,0.81719387,0.915312921,-0.571715744,-0.434617728,0.069184865,6.487e-05,1,0
0.161747,-0.296735,-0.253586869,0.41681793,0.819578939,0.911933234,-0.572869491,-0.421839375,0.076843885,5.642e-05,1,0
0.161747,-0.279280,-0.258521165,0.412507419,0.822001168,0.908646242,-0.573985865,-0.409216835,0.0846377074,4.879e-05,1,0
0.161747,-0.261825,-0.263470972,0.408150146,0.824455865,0.905443441,-0.575059846,-0.396750055,0.0925668469,4.188e-05,1,0
0.161747,-0.244370,-0.268434145,0.403747041,0.826938729,0.902316831,-0.576086712,-0.384438887,0.100631849,3.565e-05,1,0
0.161747,-0.226915,-0.273408495,0.399299148,0.829445851,0.899258902,-0.577062044,-0.372283094,0.108833288,3.166e-05,1,0
0.161747,-0.209460,-0.278391802,0.39480762,0.831973705,0.896262618,-0.577981723,-0.360282358,0.117171769,2.960e-05,1,0
0.161747,-0.192005,-0.283381814,0.390273717,0.834519148,0.893321406,-0.57884193,-0.348436288,0.12564792,2.762e-05,1,0
0.161747,-0.174550,-0.288376257,0.385698801,0.837079412,0.890429143,-0.579639149,-0.336744431,0.134262396,2.565e-05,1,0
0.161747,-0.157095,-0.293372836,0.38108433,0.839652107,0.887580144,-0.580370164,-0.325206272,0.143015878,2.361e-05,1,0
0.161747,-0.139640,-0.29836924,0.376431855,0.842235215,0.884769155,-0.581032065,-0.313821247,0.151909064,2.148e-05,1,0
0.161747,-0.122185,-0.303363154,0.371743016,0.844827087,0.881991343,-0.581622245,-0.302588745,0.160942677,1.921e-05,1,0
0.161747,-0.104730,-0.308352253,0.367019532,0.847426447,0.879242288,-0.582138398,-0.291508116,0.170117453,1.680e-05,1,0
0.161747,-0.087275,-0.313334217,0.362263203,0.850032387,0.876517977,-0.58257853,-0.280578676,0.179434148,1.426e-05,1,0
0.161747,-0.069820,-0.318306735,0.357475901,0.852644365,0.873814795,-0.582940947,-0.269799711,0.188893528,1.158e-05,1,0
0.161747,-0.052365,-0.323267505,0.352659563,0.855262209,0.871129522,-0.583224264,-0.259170484,0.198496372,8.793e-06,1,0
0.161747,-0.034910,-0.328214244,0.347816191,0.857886119,0.868459328,-0.583427404,-0.248690237,0.208243468,5.914e-06,1,0
0.161747,-0.017455,-0.333144694,0.342947842,0.86051666,0.865801766,-0.583549595,-0.238358199,0.218135608,2.973e-06,1,0
0.161747,0.000000,-0.338056625,0.338056625,0.863154772,0.863154772,-0.583590377,-0.228173587,0.228173587,1.619e-06,1,0
0.161747,0.017455,-0.342947842,0.333144694,0.865801766,0.86051666,-0.583549595,-0.218135608,0.238358199,2.973e-06,1,0
0.161747,0.034910,-0.347816191,0.328214244,0.868459328,0.857886119,-0.583427404,-0.208243468,0.248690237,5.914e-06,1,0
0.161747,0.052365,-0.352659563,0.323267505,0.871129522,0.855262209,-0.583224264,-0.198496372,0.259170484,8.793e-06,1,0
0.161747,0.069820,-0.357475901,0.318306735,0.873814795,0.852644365,-0.582940947,-0.188893528,0.269799711,1.158e-05,1,0
0.161747,0.087275,-0.362263203,0.313334217,0.876517977,0.850032387,-0.58257853,-0.179434148,0.280578676,1.426e-05,1,0
0.161747,0.104730,-0.367019532,0.308352253,0.879242289,0.847426447,-0.582138399,-0.170117453,0.291508116,1.680e-05,1,0
0.161747,0.122185,-0.371743016,0.303363153,0.881991343,0.844827088,-0.581622245,-0.160942677,0.302588745,1.921e-05,1,0
0.161747,0.139640,-0.376431855,0.29836924,0.884769155,0.842235215,-0.581032065,-0.151909064,0.313821247,2.148e-05,1,0
0.161747,0.157095,-0.38108433,0.293372836,0.887580144,0.839652107,-0.580370164,-0.143015878,0.325206272,2.361e-05,1,0
0.161747,0.174550,-0.385698801,0.288376257,0.890429143,0.837079412,-0.579639149,-0.134262396,0.336744431,2.565e-05,1,0
0.161747,0.192005,-0.390273717,0.283381814,0.893321406,0.834519148,-0.57884193,-0.12564792,0.348436288,2.762e-05,1,0
0.161747,0.209460,-0.39480762,0.278391802,0.896262618,0.831973705,-0.577981723,-0.117171769,0.360282358,2.960e-05,1,0
0.161747,0.226915,-0.399299148,0.273408495,0.899258902,0.829445851,-0.577062044,-0.108833288,0.372283094,3.166e-05,1,0
0.161747,0.244370,-0.403747041,0.268434145,0.902316831,0.826938729,-0.576086712,-0.100631849,0.384438887,3.565e-05,1,0
0.161747,0.261825,-0.408150146,0.263470972,0.905443441,0.824455865,-0.575059846,-0.0925668469,0.396750055,4.188e-05,1,0
0.161747,0.279280,-0.412507419,0.258521165,0.908646242,0.822001168,-0.573985865,-0.0846377074,0.409216835,4.879e-05,1,0
0.161747,0.296735,-0.41681793,0.253586869,0.911933234,0.819578939,-0.572869491,-0.076843885,0.421839375,5.642e-05,1,0
0.161747,0.314190,-0.42108087,0.24867019,0.915312921,0.81719387,-0.571715744,-0.069184865,0.434617728,6.487e-05,1,0
0.161747,0.331645,-0.425295549,0.243773182,0.918794329,0.814851056,-0.570529944,-0.0616601648,0.447551838,7.421e-05,1,0
0.161747,0.349100,-0.429484836,0.238890133,0.922405339,0.812557351,-0.569334595,-0.0542693347,0.460641535,1.848e-09,1,0
0.176873,-0.349100,-0.235325806,0.427063054,0.804082893,0.918863716,-0.559626441,-0.485312647,0.0759303176,3.439e-09,1,0
0.176873,-0.331645,-0.240194879,0.422830624,0.806508299,0.915137615,-0.560827776,-0.472072471,0.0833381061,2.790e-09,1,0
0.176873,-0.314190,-0.245087074,0.418551443,0.808980754,0.911525029,-0.562003064,-0.458992649,0.0908819574,2.268e-09,1,0
0.176873,-0.296735,-0.250010076,0.414204292,0.811492856,0.908002496,-0.563133597,-0.446073283,0.0985623789,6.767e-05,1,0
0.176873,-0.279280,-0.25494192,0.409835671,0.814043586,0.904590319,-0.564242092,-0.433314358,0.106379911,6.137e-05,1,0
0.176873,-0.261825,-0.259891095,0.405421882,0.816625881,0.901263284,-0.565308304,-0.420715751,0.114335127,5.604e-05,1,0
0.176873,-0.244370,-0.264855464,0.400963892,0.819235504,0.898013284,-0.566327581,-0.40827724,0.122428631,5.145e-05,1,0
0.176873,-0.226915,-0.26983285,0.396462779,0.821868605,0.894832708,-0.567295571,-0.395998514,0.130661058,4.737e-05,1,0
0.176873,-0.209460,-0.27482104,0.39191973,0.824521711,0.891714425,-0.568208213,-0.383879182,0.139033069,4.365e-05,1,0
0.176873,-0.192005,-0.279817794,0.387336035,0.82719173,0.888651774,-0.569061744,-0.371918778,0.147545357,4.015e-05,1,0
0.176873,-0.174550,-0.284820845,0.382713082,0.829875945,0.885638546,-0.5698527,-0.360116773,0.156198636,3.675e-05,1,0
0.176873,-0.157095,-0.289827906,0.378052355,0.832572008,0.882668982,-0.570577911,-0.348472578,0.164993647,3.340e-05,1,0
0.176873,-0.139640,-0.294836676,0.373355427,0.835277945,0.879737751,-0.571234508,-0.336985554,0.173931153,3.001e-05,1,0
0.176873,-0.122185,-0.299844844,0.368623956,0.837992152,0.876839954,-0.571819921,-0.325655015,0.183011937,2.656e-05,1,0
0.176873,-0.104730,-0.304850093,0.363859681,0.84071339,0.873971105,-0.572331878,-0.314480237,0.192236802,2.302e-05,1,0
0.176873,-0.087275,-0.309850109,0.359064416,0.843440792,0.871127129,-0.572768411,-0.303460463,0.201606566,1.938e-05,1,0
0.176873,-0.069820,-0.314842582,0.354240046,0.846173858,0.868304355,-0.573127851,-0.292594905,0.211122061,1.565e-05,1,0
0.176873,-0.052365,-0.319825215,0.349388521,0.848912454,0.865499509,-0.573408833,-0.281882752,0.220784132,1.182e-05,1,0
0.176873,-0.034910,-0.324795727,0.34451185,0.851656819,0.86270971,-0.573610294,-0.271323177,0.230593634,7.923e-06,1,0
0.176873,-0.017455,-0.32975186,0.3396121,0.854407559,0.859932462,-0.573731474,-0.260915335,0.240551425,3.975e-06,1,0
0.176873,0.000000,-0.334691384,0.334691384,0.857165656,0.857165656,-0.573771919,-0.250658371,0.250658371,2.402e-06,1,0
0.176873,0.017455,-0.3396121,0.32975186,0.859932462,0.854407559,-0.573731474,-0.240551425,0.260915335,3.975e-06,1,0
0.176873,0.034910,-0.34451185,0.324795727,0.86270971,0.851656819,-0.573610294,-0.230593634,0.271323177,7.923e-06,1,0
0.176873,0.052365,-0.349388521,0.319825215,0.865499509,0.848912454,-0.573408833,-0.220784132,0.281882752,1.182e-05,1,0
0.176873,0.069820,-0.354240046,0.314842582,0.868304355,0.846173858,-0.573127851,-0.211122061,0.292594905,1.565e-05,1,0
0.176873,0.087275,-0.359064416,0.309850109,0.871127129,0.843440792,-0.572768411,-0.201606566,0.303460463,1.938e-05,1,0
0.176873,0.104730,-0.363859681,0.304850093,0.873971105,0.84071339,-0.572331878,-0.192236802,0.314480237,2.302e-05,1,0
0.176873,0.122185,-0.368623956,0.299844844,0.876839954,0.837992152,-0.571819921,-0.183011937,0.325655015,2.656e-05,1,0
0.176873,0.139640,-0.373355427,0.294836676,0.879737751,0.835277945,-0.571234508,-0.173931153,0.336985554,3.001e-05,1,0
0.176873,0.157095,-0.378052355,0.289827906,0.882668982,0.832572008,-0.570577911,-0.164993647,0.348472578,3.340e-05,1,0
0.176873,0.174550,-0.382713082,0.284820845,0.885638546,0.829875945,-0.5698527,-0.156198636,0.360116773,3.675e-05,1,0
0.176873,0.192005,-0.387336035,0.279817794,0.888651774,0.82719173,-0.569061744,-0.147545357,0.371918778,4.015e-05,1,0
0.176873,0.209460,-0.39191973,0.27482104,0.891714425,0.824521711,-0.568208213,-0.139033069,0.383879182,4.365e-05,1,0
0.176873,0.226915,-0.396462779,0.26983285,0.894832708,0.821868605,-0.567295571,-0.130661058,0.395998514,4.737e-05,1,0
0.176873,0.244370,-0.400963892,0.264855464,0.898013284,0.819235504,-0.566327581,-0.122428631,0.40827724,5.145e-05,1,0
0.176873,0.261825,-0.405421882,0.259891095,0.901263284,0.816625881,-0.565308304,-0.114335127,0.420715751,5.604e-05,1,0
0.176873,0.279280,-0.409835671,0.25494192,0.904590319,0.814043586,-0.564242092,-0.106379911,0.433314358,6.137e-05,1,0
0.176873,0.296735,-0.414204292,0.250010076,0.908002496,0.811492856,-0.563133597,-0.0985623789,0.446073283,6.767e-05,1,0
0.176873,0.314190,-0.418551443,0.245087074,0.911525029,0.808980754,-0.562003064,-0.0908819574,0.458992649,2.268e-09,1,0
0.176873,0.331645,-0.422830624,0.240194879,0.915137615,0.806508299,-0.560827776,-0.0833381061,0.472072471,2.790e-09,1,0
0.176873,0.349100,-0.427063055,0.235325806,0.918863716,0.804082893,-0.559626441,-0.0759303176,0.485312647,3.439e-09,1,0
0.192000,-0.349100,-0.23176706,0.424503445,0.795351682,0.914968274,-0.549689036,-0.51031932,0.0977403513,5.568e-09,1,0
0.192000,-0.331645,-0.236626421,0.420212354,0.797908255,0.911117046,-0.550885271,-0.496922108,0.105168906,4.550e-09,1,0
0.192000,-0.314190,-0.241510579,0.415875989,0.800510687,0.907380702,-0.552055212,-0.483690188,0.112735723,3.707e-09,1,0
0.192000,-0.296735,-0.246417629,0.411494888,0.803153505,0.903749205,-0.553193298,-0.470623584,0.120441368,3.009e-09,1,0
0.192000,-0.279280,-0.251345601,0.407069728,0.805831661,0.900213109,-0.55429428,-0.457722205,0.128286441,2.430e-09,1,0
0.192000,-0.261825,-0.256304878,0.402578568,0.808537707,0.896751408,-0.555341713,-0.444985847,0.136271578,7.984e-05,1,0
0.192000,-0.244370,-0.261267682,0.398070269,0.811273465,0.893382223,-0.55635575,-0.43241421,0.144397442,7.284e-05,1,0
0.192000,-0.226915,-0.266245286,0.393520439,0.814031765,0.89008307,-0.557318559,-0.420006903,0.152664731,6.657e-05,1,0
0.192000,-0.209460,-0.271235486,0.388930297,0.816809197,0.886846729,-0.558226147,-0.407763452,0.161074168,6.083e-05,1,0
0.192000,-0.192005,-0.276236052,0.384301165,0.819602724,0.88366645,-0.559074813,-0.395683314,0.169626508,5.547e-05,1,0
0.192000,-0.174550,-0.281244724,0.379634459,0.822409682,0.880535945,-0.559861144,-0.383765876,0.17832253,5.035e-05,1,0
0.192000,-0.157095,-0.286259225,0.37493169,0.825227774,0.877449377,-0.560582022,-0.37201047,0.187163039,4.536e-05,1,0
0.192000,-0.139640,-0.291277261,0.370194453,0.828055073,0.874401346,-0.561234623,-0.360416376,0.196148863,4.045e-05,1,0
0.192000,-0.122185,-0.296296526,0.365424428,0.83089002,0.871386885,-0.561816417,-0.348982828,0.205280851,3.555e-05,1,0
0.192000,-0.104730,-0.301314711,0.360623372,0.833731421,0.868401445,-0.562325167,-0.337709023,0.214559872,3.062e-05,1,0
0.192000,-0.087275,-0.306329505,0.355793116,0.836578452,0.865440893,-0.562758935,-0.326594124,0.223986812,2.564e-05,1,0
0.192000,-0.069820,-0.311338603,0.350935559,0.839430652,0.8625015,-0.563116078,-0.315637265,0.233562572,2.061e-05,1,0
0.192000,-0.052365,-0.316339711,0.346052663,0.842287931,0.859579941,-0.563395251,-0.304837559,0.243288067,1.552e-05,1,0
0.192000,-0.034910,-0.321330548,0.341146448,0.845150568,0.856673282,-0.563595409,-0.2941941,0.253164221,1.038e-05,1,0
0.192000,-0.017455,-0.326308855,0.336218988,0.848019211,0.853778982,-0.563715803,-0.283705968,0.263191965,5.198e-06,1,0
0.192000,0.000000,-0.331272402,0.331272402,0.850894884,0.850894884,-0.563755984,-0.273372235,0.273372235,3.460e-06,1,0
0.192000,0.017455,-0.336218988,0.326308855,0.853778982,0.848019211,-0.563715803,-0.263191965,0.283705968,5.198e-06,1,0
0.192000,0.034910,-0.341146448,0.321330548,0.856673282,0.845150568,-0.563595409,-0.253164221,0.2941941,1.038e-05,1,0
0.192000,0.052365,-0.346052663,0.316339711,0.859579941,0.842287931,-0.563395251,-0.243288067,0.304837559,1.552e-05,1,0
0.192000,0.069820,-0.350935559,0.311338603,0.8625015,0.839430652,-0.563116078,-0.233562572,0.315637265,2.061e-05,1,0
0.192000,0.087275,-0.355793116,0.306329505,0.865440893,0.836578452,-0.562758935,-0.223986812,0.326594124,2.564e-05,1,0
0.192000,0.104730,-0.360623372,0.301314711,0.868401445,0.833731421,-0.562325167,-0.214559872,0.337709023,3.062e-05,1,0
0.192000,0.122185,-0.365424428,0.296296526,0.871386885,0.83089002,-0.561816417,-0.205280851,0.348982828,3.555e-05,1,0
0.192000,0.139640,-0.370194453,0.291277261,0.874401346,0.828055073,-0.561234623,-0.196148863,0.360416376,4.045e-05,1,0
0.192000,0.157095,-0.37493169,0.286259225,0.877449377,0.825227774,-0.560582022,-0.187163039,0.37201047,4.536e-05,1,0
0.192000,0.174550,-0.379634459,0.281244724,0.880535945,0.822409682,-0.559861144,-0.17832253,0.383765876,5.035e-05,1,0
0.192000,0.192005,-0.384301165,0.276236052,0.88366645,0.819602724,-0.559074813,-0.169626508,0.395683314,5.547e-05,1,0
0.192000,0.209460,-0.388930297,0.271235486,0.886846729,0.816809197,-0.558226147,-0.161074168,0.407763452,6.083e-05,1,0
0.192000,0.226915,-0.393520439,0.266245286,0.89008307,0.814031765,-0.557318559,-0.152664731,0.420006903,6.657e-05,1,0
0.192000,0.244370,-0.398070269,0.261267682,0.893382223,0.811273465,-0.55635575,-0.144397442,0.43241421,7.284e-05,1,0
0.192000,0.261825,-0.402578568,0.256304878,0.896751408,0.808537707,-0.555341713,-0.136271578,0.444985847,7.984e-05,1,0
0.192000,0.279280,-0.407069728,0.251345601,0.900213109,0.805831661,-0.55429428,-0.128286441,0.457722205,2.430e-09,1,0
0.192000,0.296735,-0.411494888,0.246417629,0.903749205,0.803153505,-0.553193298,-0.120441368,0.470623584,3.009e-09,1,0
0.192000,0.314190,-0.415875989,0.241510579,0.907380702,0.800510687,-0.552055212,-0.112735723,0.483690188,3.707e-09,1,0
0.192000,0.331645,-0.420212354,0.236626421,0.911117046,0.797908255,-0.550885271,-0.105168906,0.496922108,4.550e-09,1,0
0.192000,0.349100,-0.424503445,0.23176706,0.914968274,0.795351682,-0.549689036,-0.0977403513,0.51031932,5.568e-09,1,0
0.207127,-0.349100,-0.228213435,0.421811438,0.786364405,0.910728006,-0.539537868,-0.535674263,0.119706622,8.256e-09,1,0
0.207127,-0.331645,-0.233060833,0.41746639,0.78905253,0.906756101,-0.540732244,-0.522113116,0.127159762,6.791e-09,1,0
0.207127,-0.314190,-0.237934645,0.41307747,0.791785133,0.902900335,-0.54189987,-0.508722383,0.134753373,5.553e-09,1,0
0.207127,-0.296735,-0.24283298,0.408645256,0.794556818,0.899150511,-0.543035273,-0.495502007,0.142488083,4.510e-09,1,0
0.207127,-0.279280,-0.247753885,0.404170461,0.797362609,0.895497043,-0.544133285,-0.482451808,0.150364555,3.634e-09,1,0
0.207127,-0.261825,-0.25269535,0.399653927,0.800197939,0.891930927,-0.545189046,-0.469571499,0.158383486,2.899e-09,1,0
0.207127,-0.244370,-0.257671318,0.395070583,0.803054558,0.888430902,-0.546186394,-0.45686069,0.166545603,9.854e-05,1,0
0.207127,-0.226915,-0.262646468,0.390476388,0.805937481,0.885017003,-0.547146147,-0.444318902,0.174851668,8.966e-05,1,0
0.207127,-0.209460,-0.267635951,0.385843434,0.808838506,0.88166631,-0.548050627,-0.431945576,0.18330247,8.152e-05,1,0
0.207127,-0.192005,-0.272637541,0.381173074,0.811754661,0.878371988,-0.548896199,-0.419740078,0.191898828,7.392e-05,1,0
0.207127,-0.174550,-0.277648991,0.376466756,0.814683339,0.875127673,-0.549679509,-0.40770171,0.200641589,6.672e-05,1,0
0.207127,-0.157095,-0.282668029,0.371726016,0.8176223,0.871927452,-0.550397494,-0.395829716,0.209531623,5.979e-05,1,0
0.207127,-0.139640,-0.287692368,0.366952475,0.82056967,0.868765857,-0.551047378,-0.38412329,0.218569829,5.303e-05,1,0
0.207127,-0.122185,-0.292719712,0.362147834,0.823523938,0.865637853,-0.551626673,-0.372581579,0.227757123,4.638e-05,1,0
0.207127,-0.104730,-0.297747755,0.35731387,0.826483959,0.862538832,-0.552133182,-0.361203696,0.237094444,3.978e-05,1,0
0.207127,-0.087275,-0.302774191,0.352452431,0.829448951,0.8594646,-0.552564998,-0.349988719,0.246582751,3.319e-05,1,0
0.207127,-0.069820,-0.307796718,0.347565432,0.832418503,0.856411376,-0.552920507,-0.338935698,0.256223016,2.659e-05,1,0
0.207127,-0.052365,-0.312813044,0.342654847,0.835392566,0.85337578,-0.553198387,-0.328043665,0.266016226,1.997e-05,1,0
0.207127,-0.034910,-0.317820891,0.337722706,0.838371461,0.85035483,-0.553397608,-0.317311631,0.27596338,1.333e-05,1,0
0.207127,-0.017455,-0.322817998,0.332771092,0.841355881,0.847345935,-0.553517434,-0.306738596,0.286065485,6.670e-06,1,0
0.207127,0.000000,-0.327802134,0.327802134,0.844346892,0.844346892,-0.553557426,-0.296323552,0.296323552,4.860e-06,1,0
0.207127,0.017455,-0.332771092,0.322817998,0.847345935,0.841355881,-0.553517434,-0.286065485,0.306738596,6.670e-06,1,0
0.207127,0.034910,-0.337722706,0.317820891,0.85035483,0.838371461,-0.553397608,-0.27596338,0.317311631,1.333e-05,1,0
0.207127,0.052365,-0.342654846,0.312813044,0.85337578,0.835392565,-0.553198387,-0.266016226,0.328043665,1.997e-05,1,0
0.207127,0.069820,-0.347565432,0.307796718,0.856411376,0.832418503,-0.552920507,-0.256223016,0.338935698,2.659e-05,1,0
0.207127,0.087275,-0.352452431,0.302774191,0.8594646,0.829448951,-0.552564998,-0.246582751,0.349988719,3.319e-05,1,0
0.207127,0.104730,-0.35731387,0.297747754,0.862538832,0.826483958,-0.552133182,-0.237094444,0.361203696,3.978e-05,1,0
0.207127,0.122185,-0.362147834,0.292719712,0.865637853,0.823523938,-0.551626673,-0.227757123,0.372581579,4.638e-05,1,0
0.207127,0.139640,-0.366952475,0.287692368,0.868765857,0.82056967,-0.551047378,-0.218569829,0.38412329,5.303e-05,1,0
0.207127,0.157095,-0.371726016,0.282668029,0.871927452,0.8176223,-0.550397494,-0.209531623,0.395829716,5.979e-05,1,0
0.207127,0.174550,-0.376466756,0.277648991,0.875127673,0.814683339,-0.549679509,-0.200641589,0.40770171,6.672e-05,1,0
0.207127,0.192005,-0.381173074,0.272637541,0.878371988,0.811754661,-0.548896199,-0.191898828,0.419740078,7.392e-05,1,0
0.207127,0.209460,-0.385843434,0.267635951,0.88166631,0.808838506,-0.548050627,-0.18330247,0.431945576,8.152e-05,1,0
0.207127,0.226915,-0.390476388,0.262646468,0.885017003,0.805937481,-0.547146147,-0.174851668,0.444318902,8.966e-05,1,0
0.207127,0.244370,-0.395070583,0.257671318,0.888430902,0.803054558,-0.546186394,-0.166545603,0.45686069,9.854e-05,1,0
0.207127,0.261825,-0.399653927,0.25269535,0.891930927,0.800197939,-0.545189046,-0.158383486,0.469571499,2.899e-09,1,0
0.207127,0.279280,-0.404170461,0.247753885,0.895497043,0.797362609,-0.544133285,-0.150364555,0.482451808,3.634e-09,1,0
0.207127,0.296735,-0.408645256,0.24283298,0.899150511,0.794556818,-0.543035273,-0.142488083,0.495502007,4.510e-09,1,0
0.207127,0.314190,-0.41307747,0.237934645,0.902900335,0.791785133,-0.54189987,-0.134753373,0.508722383,5.553e-09,1,0
0.207127,0.331645,-0.41746639,0.233060833,0.906756101,0.78905253,-0.540732244,-0.127159762,0.522113116,6.791e-09,1,0
0.207127,0.349100,-0.421811438,0.228213435,0.910728006,0.786364405,-0.539537868,-0.119706622,0.535674263,8.256e-09,1,0
0.222253,-0.349100,-0.224664261,0.418992324,0.777121171,0.906151639,-0.529187694,-0.561390859,0.141836298,1.147e-08,1,0
0.222253,-0.331645,-0.229497616,0.414597859,0.779941519,0.902063201,-0.530383438,-0.547658492,0.149317865,9.493e-09,1,0
0.222253,-0.314190,-0.234358937,0.41016085,0.782804756,0.898092054,-0.531551764,-0.534101871,0.156942127,7.792e-09,1,0
0.222253,-0.296735,-0.239246351,0.405681918,0.785705575,0.894227842,-0.532687293,-0.520720845,0.164709774,6.337e-09,1,0
0.222253,-0.279280,-0.244157919,0.401161814,0.788639081,0.890460835,-0.533784948,-0.507515139,0.172621536,5.100e-09,1,0
0.222253,-0.261825,-0.249091645,0.396601414,0.791600787,0.886781894,-0.534839952,-0.494484368,0.180678174,4.054e-09,1,0
0.222253,-0.244370,-0.254045482,0.392001719,0.794586598,0.883182451,-0.535847823,-0.481628049,0.188880483,3.175e-09,1,0
0.222253,-0.226915,-0.259036889,0.387334759,0.7975875,0.879641289,-0.536792904,-0.468945606,0.197229288,1.171e-04,1,0
0.222253,-0.209460,-0.264023074,0.382663127,0.800611603,0.87617972,-0.537696202,-0.456436384,0.205725448,1.061e-04,1,0
0.222253,-0.192005,-0.26902305,0.377955605,0.803649715,0.872774721,-0.538540432,-0.444099654,0.214369851,9.587e-05,1,0
0.222253,-0.174550,-0.274034577,0.373213672,0.806699293,0.869419847,-0.539322305,-0.431934624,0.223163411,8.620e-05,1,0
0.222253,-0.157095,-0.279055393,0.368438891,0.80975816,0.866109114,-0.540038818,-0.419940442,0.23210707,7.696e-05,1,0
0.222253,-0.139640,-0.284083218,0.36363291,0.8128245,0.862836984,-0.540687245,-0.40811621,0.241201797,6.801e-05,1,0
0.222253,-0.122185,-0.289115761,0.358797452,0.815896856,0.85959836,-0.541265147,-0.396460984,0.250448583,5.928e-05,1,0
0.222253,-0.104730,-0.294150723,0.353934315,0.818974135,0.856388571,-0.541770366,-0.384973782,0.259848438,5.068e-05,1,0
0.222253,-0.087275,-0.299185802,0.349045364,0.822055607,0.853203367,-0.542201032,-0.373653594,0.269402396,4.217e-05,1,0
0.222253,-0.069820,-0.3042187,0.344132529,0.825140906,0.850038911,-0.54255556,-0.362499381,0.279111505,3.371e-05,1,0
0.222253,-0.052365,-0.309247127,0.339197799,0.82823003,0.846891771,-0.542832651,-0.351510085,0.288976829,2.527e-05,1,0
0.222253,-0.034910,-0.314268805,0.334243216,0.831323347,0.843758915,-0.543031295,-0.340684633,0.298999445,1.685e-05,1,0
0.222253,-0.017455,-0.319281474,0.329270871,0.834421596,0.840637703,-0.54315077,-0.330021937,0.30918044,8.423e-06,1,0
0.222253,0.000000,-0.324282899,0.324282899,0.837525885,0.837525885,-0.543190644,-0.319520905,0.319520905,6.679e-06,1,0
0.222253,0.017455,-0.329270871,0.319281474,0.840637703,0.834421596,-0.54315077,-0.30918044,0.330021937,8.423e-06,1,0
0.222253,0.034910,-0.334243216,0.314268805,0.843758915,0.831323347,-0.543031295,-0.298999445,0.340684633,1.685e-05,1,0
0.222253,0.052365,-0.339197799,0.309247127,0.846891771,0.82823003,-0.542832651,-0.288976829,0.351510085,2.527e-05,1,0
0.222253,0.069820,-0.344132529,0.3042187,0.850038911,0.825140906,-0.54255556,-0.279111505,0.362499381,3.371e-05,1,0
0.222253,0.087275,-0.349045364,0.299185802,0.853203367,0.822055607,-0.542201032,-0.269402396,0.373653594,4.217e-05,1,0
0.222253,0.104730,-0.353934315,0.294150723,0.856388571,0.818974135,-0.541770366,-0.259848438,0.384973782,5.068e-05,1,0
0.222253,0.122185,-0.358797452,0.289115761,0.85959836,0.815896856,-0.541265147,-0.250448583,0.396460984,5.928e-05,1,0
0.222253,0.139640,-0.36363291,0.284083218,0.862836984,0.8128245,-0.540687245,-0.241201797,0.40811621,6.801e-05,1,0
0.222253,0.157095,-0.368438891,0.279055393,0.866109114,0.80975816,-0.540038818,-0.23210707,0.419940442,7.696e-05,1,0
0.222253,0.174550,-0.373213672,0.274034577,0.869419847,0.806699293,-0.539322305,-0.223163411,0.431934624,8.620e-05,1,0
0.222253,0.192005,-0.377955605,0.26902305,0.872774721,0.803649715,-0.538540432,-0.214369851,0.444099654,9.587e-05,1,0
0.222253,0.209460,-0.382663127,0.264023074,0.87617972,0.800611603,-0.537696202,-0.205725448,0.456436384,1.061e-04,1,0
0.222253,0.226915,-0.387334759,0.259036889,0.879641289,0.7975875,-0.536792904,-0.197229288,0.468945606,1.171e-04,1,0
0.222253,0.244370,-0.392001719,0.254045482,0.883182451,0.794586599,-0.535847824,-0.188880483,0.481628049,3.175e-09,1,0
0.222253,0.261825,-0.396601414,0.249091645,0.886781894,0.791600786,-0.534839952,-0.180678174,0.494484368,4.054e-09,1,0
0.222253,0.279280,-0.401161814,0.244157919,0.890460835,0.788639081,-0.533784948,-0.172621536,0.507515139,5.100e-09,1,0
0.222253,0.296735,-0.405681918,0.239246351,0.894227842,0.785705575,-0.532687293,-0.164709774,0.520720845,6.337e-09,1,0
0.222253,0.314190,-0.41016085,0.234358937,0.898092054,0.782804756,-0.531551764,-0.156942127,0.534101871,7.792e-09,1,0
0.222253,0.331645,-0.414597859,0.229497616,0.902063201,0.779941519,-0.530383438,-0.149317865,0.547658492,9.493e-09,1,0
0.222253,0.349100,-0.418992324,0.224664261,0.906151639,0.777121171,-0.529187694,-0.141836298,0.561390859,1.147e-08,1,0
0.237380,-0.349100,-0.221118634,0.41605126,0.767621447,0.901247636,-0.518652517,-0.587483233,0.164136548,1.506e-08,1,0
0.237380,-0.331645,-0.225936043,0.411611755,0.770575012,0.897046511,-0.519852873,-0.573571937,0.171650413,1.255e-08,1,0
0.237380,-0.314190,-0.230782906,0.407130966,0.773569652,0.892963736,-0.521024925,-0.559841951,0.179309217,1.035e-08,1,0
0.237380,-0.296735,-0.235657361,0.402609552,0.776600162,0.888988797,-0.522163397,-0.546293016,0.187113716,8.430e-09,1,0
0.237380,-0.279280,-0.240557488,0.398048305,0.77966174,0.885111818,-0.52326331,-0.532924753,0.195064706,6.780e-09,1,0
0.237380,-0.261825,-0.245481307,0.393448142,0.782749987,0.881323526,-0.524319979,-0.519736672,0.203163016,5.373e-09,1,0
0.237380,-0.244370,-0.250426786,0.388810095,0.785860891,0.877615228,-0.525329009,-0.506728182,0.211409508,4.182e-09,1,0
0.237380,-0.226915,-0.255391844,0.384135313,0.788990827,0.873978786,-0.526286292,-0.493898603,0.21980508,3.184e-09,1,0
0.237380,-0.209460,-0.26039731,0.379393241,0.792130041,0.870393284,-0.527176854,-0.481247176,0.228350658,1.350e-04,1,0
0.237380,-0.192005,-0.265393186,0.374652479,0.795289668,0.866880751,-0.52802149,-0.468773068,0.237047202,1.217e-04,1,0
0.237380,-0.174550,-0.270402243,0.369878784,0.798459548,0.863418356,-0.528803506,-0.456475383,0.245895699,1.091e-04,1,0
0.237380,-0.157095,-0.275422226,0.365073751,0.801637573,0.860000042,-0.529519962,-0.444353169,0.254897165,9.718e-05,1,0
0.237380,-0.139640,-0.280450865,0.360239052,0.804821989,0.856620205,-0.530168188,-0.432405425,0.264052642,8.566e-05,1,0
0.237380,-0.122185,-0.285485873,0.355376435,0.808011403,0.853273683,-0.530745794,-0.420631108,0.273363197,7.448e-05,1,0
0.237380,-0.104730,-0.290524959,0.350487719,0.811204778,0.849955744,-0.53125067,-0.409029138,0.28282992,6.353e-05,1,0
0.237380,-0.087275,-0.295565825,0.345574788,0.814401438,0.846662082,-0.531680981,-0.397598408,0.29245392,5.276e-05,1,0
0.237380,-0.069820,-0.300606177,0.340639587,0.81760107,0.843388803,-0.532035175,-0.386337784,0.302236326,4.210e-05,1,0
0.237380,-0.052365,-0.305643727,0.335684119,0.820803722,0.840132424,-0.532311979,-0.375246113,0.312178283,3.152e-05,1,0
0.237380,-0.034910,-0.310676197,0.330710437,0.824009812,0.83688986,-0.532510404,-0.364322229,0.322280951,2.099e-05,1,0
0.237380,-0.017455,-0.315701328,0.325720644,0.827220124,0.833658424,-0.532629743,-0.353564955,0.3325455,1.049e-05,1,0
0.237380,0.000000,-0.320716881,0.320716881,0.830435817,0.830435817,-0.532669569,-0.342973106,0.342973106,9.009e-06,1,0
0.237380,0.017455,-0.325720644,0.315701328,0.833658424,0.827220124,-0.532629743,-0.3325455,0.353564955,1.049e-05,1,0
0.237380,0.034910,-0.330710437,0.310676197,0.83688986,0.824009812,-0.532510404,-0.322280951,0.364322229,2.099e-05,1,0
0.237380,0.052365,-0.335684119,0.305643727,0.840132424,0.820803722,-0.532311979,-0.312178283,0.375246113,3.152e-05,1,0
0.237380,0.069820,-0.340639587,0.300606177,0.843388803,0.81760107,-0.532035175,-0.302236326,0.386337784,4.210e-05,1,0
0.237380,0.087275,-0.345574788,0.295565825,0.846662082,0.814401438,-0.531680981,-0.29245392,0.397598408,5.276e-05,1,0
0.237380,0.104730,-0.350487719,0.290524959,0.849955744,0.811204778,-0.53125067,-0.28282992,0.409029138,6.353e-05,1,0
0.237380,0.122185,-0.355376435,0.285485873,0.853273683,0.808011403,-0.530745794,-0.273363197,0.420631108,7.448e-05,1,0
0.237380,0.139640,-0.360239052,0.280450865,0.856620205,0.804821989,-0.530168188,-0.264052642,0.432405425,8.566e-05,1,0
0.237380,0.157095,-0.365073751,0.275422226,0.860000042,0.801637573,-0.529519962,-0.254897165,0.444353169,9.718e-05,1,0
0.237380,0.174550,-0.369878784,0.270402243,0.863418356,0.798459548,-0.528803506,-0.245895699,0.456475383,1.091e-04,1,0
0.237380,0.192005,-0.374652479,0.265393186,0.866880751,0.795289668,-0.52802149,-0.237047202,0.468773068,1.217e-04,1,0
0.237380,0.209460,-0.379393241,0.26039731,0.870393284,0.792130041,-0.527176854,-0.228350658,0.481247176,1.350e-04,1,0
0.237380,0.226915,-0.384135313,0.255391844,0.873978786,0.788990827,-0.526286292,-0.21980508,0.493898603,3.184e-09,1,0
0.237380,0.244370,-0.388810095,0.250426786,0.877615228,0.785860891,-0.525329009,-0.211409508,0.506728182,4.182e-09,1,0
0.237380,0.261825,-0.393448142,0.245481307,0.881323526,0.782749987,-0.524319979,-0.203163016,0.519736672,5.373e-09,1,0
0.237380,0.279280,-0.398048305,0.240557488,0.885111818,0.77966174,-0.52326331,-0.195064706,0.532924753,6.780e-09,1,0
0.237380,0.296735,-0.402609552,0.235657361,0.888988797,0.776600162,-0.522163397,-0.187113716,0.546293016,8.430e-09,1,0
0.237380,0.314190,-0.407130966,0.230782906,0.892963736,0.773569652,-0.521024925,-0.179309217,0.559841951,1.035e-08,1,0
0.237380,0.331645,-0.411611755,0.225936043,0.897046511,0.770575012,-0.519852873,-0.171650413,0.573571937,1.255e-08,1,0
0.237380,0.349100,-0.41605126,0.221118634,0.901247636,0.767621447,-0.518652517,-0.164136548,0.587483233,1.506e-08,1,0
0.252507,-0.349100,-0.217575404,0.412993273,0.757863987,0.896024192,-0.507945554,-0.613966342,0.186614542,1.876e-08,1,0
0.252507,-0.331645,-0.222375151,0.408512948,0.760952133,0.891713931,-0.509153819,-0.599867932,0.194164621,1.576e-08,1,0
0.252507,-0.314190,-0.227205765,0.403992525,0.764079295,0.887523001,-0.510332667,-0.585956653,0.201861906,1.305e-08,1,0
0.252507,-0.296735,-0.232065405,0.399432709,0.76724038,0.883440727,-0.511476933,-0.572232128,0.209707223,1.065e-08,1,0
0.252507,-0.279280,-0.236952163,0.394834335,0.770430697,0.879457082,-0.512581749,-0.558693859,0.217701435,8.557e-09,1,0
0.252507,-0.261825,-0.241864077,0.390198354,0.773645944,0.87556266,-0.513642529,-0.545341238,0.225845442,6.755e-09,1,0
0.252507,-0.244370,-0.246799131,0.385525839,0.776882207,0.871748642,-0.514654972,-0.53217356,0.234140179,5.219e-09,1,0
0.252507,-0.226915,-0.251755261,0.380817969,0.780135945,0.868006773,-0.515615058,-0.519190028,0.242586613,3.927e-09,1,0
0.252507,-0.209460,-0.256730356,0.376076033,0.783403992,0.864329343,-0.516519046,-0.506389767,0.251185746,2.854e-09,1,0
0.252507,-0.192005,-0.261748369,0.371267292,0.786675876,0.860695943,-0.517352782,-0.493771831,0.259938611,1.518e-04,1,0
0.252507,-0.174550,-0.266752563,0.366465547,0.789965704,0.857128853,-0.518136532,-0.481335212,0.268846271,1.359e-04,1,0
0.252507,-0.157095,-0.271769258,0.361633906,0.793262372,0.853605683,-0.518854353,-0.469078848,0.277909819,1.208e-04,1,0
0.252507,-0.139640,-0.276796189,0.356774071,0.7965642,0.850120762,-0.519503639,-0.457001628,0.287130375,1.063e-04,1,0
0.252507,-0.122185,-0.281831079,0.351887812,0.799869861,0.846668863,-0.520082055,-0.445102401,0.296509086,9.222e-05,1,0
0.252507,-0.104730,-0.286871642,0.346976971,0.803178383,0.843245195,-0.520587536,-0.433379983,0.306047122,7.854e-05,1,0
0.252507,-0.087275,-0.291915586,0.34204345,0.806489149,0.839845392,-0.52101829,-0.421833161,0.315745675,6.513e-05,1,0
0.252507,-0.069820,-0.29696062,0.337089211,0.809801902,0.836465507,-0.5213728,-0.4104607,0.325605958,5.190e-05,1,0
0.252507,-0.052365,-0.302004459,0.332116271,0.813116748,0.833102,-0.52164982,-0.399261344,0.335629203,3.882e-05,1,0
0.252507,-0.034910,-0.307044826,0.327126695,0.816434156,0.829751738,-0.521848385,-0.38823383,0.345816654,2.583e-05,1,0
0.252507,-0.017455,-0.31207946,0.322122596,0.819754962,0.826411978,-0.5219678,-0.377376882,0.356169571,1.290e-05,1,0
0.252507,0.000000,-0.317106122,0.317106122,0.823080375,0.823080375,-0.522007652,-0.366689222,0.366689222,1.195e-05,1,0
0.252507,0.017455,-0.322122596,0.31207946,0.826411978,0.819754962,-0.5219678,-0.356169571,0.377376882,1.290e-05,1,0
0.252507,0.034910,-0.327126695,0.307044826,0.829751738,0.816434156,-0.521848385,-0.345816654,0.38823383,2.583e-05,1,0
0.252507,0.052365,-0.332116271,0.302004459,0.833102,0.813116748,-0.52164982,-0.335629203,0.399261344,3.882e-05,1,0
0.252507,0.069820,-0.33708921,0.29696062,0.836465506,0.809801902,-0.5213728,-0.325605958,0.4104607,5.190e-05,1,0
0.252507,0.087275,-0.34204345,0.291915586,0.839845392,0.806489149,-0.52101829,-0.315745675,0.421833161,6.513e-05,1,0
0.252507,0.104730,-0.346976971,0.286871642,0.843245195,0.803178383,-0.520587536,-0.306047122,0.433379983,7.854e-05,1,0
0.252507,0.122185,-0.351887812,0.281831079,0.846668863,0.799869861,-0.520082055,-0.296509086,0.445102401,9.222e-05,1,0
0.252507,0.139640,-0.356774071,0.276796189,0.850120762,0.7965642,-0.519503639,-0.287130375,0.457001628,1.063e-04,1,0
0.252507,0.157095,-0.361633906,0.271769258,0.853605683,0.793262372,-0.518854353,-0.277909819,0.469078848,1.208e-04,1,0
0.252507,0.174550,-0.366465547,0.266752563,0.857128853,0.789965704,-0.518136532,-0.268846271,0.481335212,1.359e-04,1,0
0.252507,0.192005,-0.371267292,0.261748369,0.860695943,0.786675876,-0.517352782,-0.259938611,0.493771831,1.518e-04,1,0
0.252507,0.209460,-0.376076033,0.256730356,0.864329343,0.783403992,-0.516519046,-0.251185746,0.506389767,2.854e-09,1,0
0.252507,0.226915,-0.38081797,0.251755261,0.868006774,0.780135945,-0.515615058,-0.242586613,0.519190028,3.927e-09,1,0
0.252507,0.244370,-0.385525839,0.246799131,0.871748642,0.776882207,-0.514654972,-0.234140179,0.53217356,5.219e-09,1,0
0.252507,0.261825,-0.390198354,0.241864077,0.87556266,0.773645944,-0.513642529,-0.225845442,0.545341238,6.755e-09,1,0
0.252507,0.279280,-0.394834335,0.236952163,0.879457082,0.770430697,-0.512581749,-0.217701435,0.558693859,8.557e-09,1,0
0.252507,0.296735,-0.399432709,0.232065405,0.883440727,0.76724038,-0.511476933,-0.209707223,0.572232128,1.065e-08,1,0
0.252507,0.314190,-0.403992525,0.227205765,0.887523001,0.764079295,-0.510332667,-0.201861906,0.585956653,1.305e-08,1,0
0.252507,0.331645,-0.408512948,0.222375151,0.891713931,0.760952133,-0.509153819,-0.194164621,0.599867932,1.576e-08,1,0
0.252507,0.349100,-0.412993273,0.217575404,0.896024192,0.757863987,-0.507945554,-0.186614542,0.613966342,1.876e-08,1,0
0.267633,-0.349100,-0.21403314,0.409823269,0.747846754,0.890489231,-0.497079208,-0.64085606,0.20927747,2.208e-08,1,0
0.267633,-0.331645,-0.218813706,0.405306183,0.751071268,0.886073099,-0.498298768,-0.62656182,0.216867732,1.872e-08,1,0
0.267633,-0.314190,-0.223626478,0.400750118,0.754332464,0.88177721,-0.499487556,-0.61246082,0.224607495,1.558e-08,1,0
0.267633,-0.296735,-0.228469631,0.396155825,0.757625382,0.877590724,-0.500640537,-0.59855255,0.232497658,1.274e-08,1,0
0.267633,-0.279280,-0.233341276,0.39152418,0.760945453,0.873503465,-0.501752958,-0.584836381,0.240539154,1.022e-08,1,0
0.267633,-0.261825,-0.238239468,0.386856176,0.764288492,0.869505884,-0.502820343,-0.571311573,0.248732957,8.022e-09,1,0
0.267633,-0.244370,-0.243162208,0.382152922,0.767650689,0.865589039,-0.503838496,-0.557977291,0.257080076,6.134e-09,1,0
0.267633,-0.226915,-0.248107447,0.377415633,0.771028607,0.861744557,-0.504803492,-0.544832611,0.265581553,4.538e-09,1,0
0.267633,-0.209460,-0.253073094,0.372645627,0.774419171,0.857964618,-0.505711677,-0.531876532,0.274238466,3.209e-09,1,0
0.267633,-0.192005,-0.258057015,0.367844321,0.777819672,0.85424193,-0.506559671,-0.519107983,0.283051926,2.123e-09,1,0
0.267633,-0.174550,-0.263085916,0.362977294,0.781218919,0.850556745,-0.507334229,-0.506525834,0.292023075,1.669e-04,1,0
0.267633,-0.157095,-0.268097026,0.358122547,0.784633975,0.846931235,-0.508054863,-0.494128902,0.301153087,1.481e-04,1,0
0.267633,-0.139640,-0.273119888,0.353241012,0.788052797,0.843343648,-0.50870649,-0.481915958,0.310443164,1.301e-04,1,0
0.267633,-0.122185,-0.278152233,0.348334485,0.791474133,0.839788692,-0.509286834,-0.469885734,0.319894536,1.128e-04,1,0
0.267633,-0.104730,-0.28319178,0.343404828,0.794897083,0.836261516,-0.509793883,-0.458036932,0.329508458,9.594e-05,1,0
0.267633,-0.087275,-0.288236244,0.338453965,0.798321096,0.832757693,-0.51022589,-0.446368226,0.33928621,7.946e-05,1,0
0.267633,-0.069820,-0.293283339,0.333483873,0.801745978,0.829273219,-0.510581372,-0.434878271,0.349229092,6.327e-05,1,0
0.267633,-0.052365,-0.298330781,0.328496584,0.805171896,0.825804501,-0.510859119,-0.423565704,0.359338426,4.729e-05,1,0
0.267633,-0.034910,-0.303376296,0.323494176,0.808599376,0.822348348,-0.511058185,-0.412429154,0.36961555,3.145e-05,1,0
0.267633,-0.017455,-0.308417623,0.318478768,0.812029311,0.81890197,-0.511177894,-0.401467242,0.380061816,1.570e-05,1,0
0.267633,0.000000,-0.313452521,0.313452521,0.815462963,0.815462963,-0.511217843,-0.390678589,0.390678589,1.563e-05,1,0
0.267633,0.017455,-0.318478768,0.308417623,0.81890197,0.812029311,-0.511177894,-0.380061816,0.401467242,1.570e-05,1,0
0.267633,0.034910,-0.323494176,0.303376296,0.822348348,0.808599376,-0.511058185,-0.36961555,0.412429154,3.145e-05,1,0
0.267633,0.052365,-0.328496584,0.298330781,0.825804501,0.805171897,-0.510859119,-0.359338426,0.423565704,4.729e-05,1,0
0.267633,0.069820,-0.333483873,0.293283339,0.829273219,0.801745978,-0.510581373,-0.349229092,0.434878271,6.327e-05,1,0
0.267633,0.087275,-0.338453965,0.288236244,0.832757693,0.798321096,-0.51022589,-0.33928621,0.446368226,7.946e-05,1,0
0.267633,0.104730,-0.343404828,0.28319178,0.836261516,0.794897083,-0.509793883,-0.329508458,0.458036932,9.594e-05,1,0
0.267633,0.122185,-0.348334485,0.278152233,0.839788692,0.791474133,-0.509286834,-0.319894536,0.469885734,1.128e-04,1,0
0.267633,0.139640,-0.353241012,0.273119888,0.843343648,0.788052797,-0.50870649,-0.310443164,0.481915958,1.301e-04,1,0
0.267633,0.157095,-0.358122547,0.268097026,0.846931235,0.784633975,-0.508054863,-0.301153087,0.494128902,1.481e-04,1,0
0.267633,0.174550,-0.362977294,0.263085916,0.850556745,0.781218919,-0.507334229,-0.292023075,0.506525834,1.669e-04,1,0
0.267633,0.192005,-0.367844321,0.258057015,0.85424193,0.777819672,-0.506559671,-0.283051926,0.519107983,2.123e-09,1,0
0.267633,0.209460,-0.372645627,0.253073094,0.857964618,0.774419171,-0.505711677,-0.274238466,0.531876532,3.209e-09,1,0
0.267633,0.226915,-0.377415633,0.248107447,0.861744557,0.771028607,-0.504803492,-0.265581553,0.544832611,4.538e-09,1,0
0.267633,0.244370,-0.382152922,0.243162208,0.865589039,0.767650689,-0.503838496,-0.257080076,0.557977291,6.134e-09,1,0
0.267633,0.261825,-0.386856176,0.238239468,0.869505884,0.764288492,-0.502820343,-0.248732957,0.571311573,8.022e-09,1,0
0.267633,0.279280,-0.39152418,0.233341276,0.873503465,0.760945453,-0.501752958,-0.240539154,0.584836381,1.022e-08,1,0
0.267633,0.296735,-0.396155825,0.228469631,0.877590724,0.757625382,-0.500640537,-0.232497658,0.59855255,1.274e-08,1,0
0.267633,0.314190,-0.400750118,0.223626478,0.88177721,0.754332464,-0.499487556,-0.224607495,0.61246082,1.558e-08,1,0
0.267633,0.331645,-0.405306183,0.218813706,0.886073099,0.751071268,-0.498298768,-0.216867732,0.62656182,1.872e-08,1,0
0.267633,0.349100,-0.409823269,0.21403314,0.890489231,0.747846754,-0.497079208,-0.20927747,0.64085606,2.208e-08,1,0
0.282760,-0.349100,-0.210490108,0.406546032,0.737566827,0.884650399,-0.486065025,-0.668169293,0.23213255,2.427e-08,1,0
0.282760,-0.331645,-0.215250185,0.401996088,0.740929976,0.880131377,-0.487299394,-0.653669911,0.239767027,2.081e-08,1,0
0.282760,-0.314190,-0.220043725,0.397408217,0.74432717,0.875733455,-0.488501385,-0.639370201,0.247553334,1.744e-08,1,0
0.282760,-0.296735,-0.224868921,0.392783215,0.747753599,0.871445621,-0.489666099,-0.625269503,0.255492444,1.428e-08,1,0
0.282760,-0.279280,-0.229723903,0.388122004,0.751204837,0.867257543,-0.490788915,-0.611367041,0.263585365,1.142e-08,1,0
0.282760,-0.261825,-0.234606745,0.383425617,0.75467683,0.863159533,-0.491865478,-0.597661928,0.271833147,8.881e-09,1,0
0.282760,-0.244370,-0.239515466,0.378695202,0.758165892,0.859142515,-0.492891706,-0.584153185,0.280236875,6.678e-09,1,0
0.282760,-0.226915,-0.244448036,0.373932007,0.761668698,0.855197999,-0.493863776,-0.570839746,0.288797669,4.802e-09,1,0
0.282760,-0.209460,-0.249402379,0.369137385,0.765182282,0.851318055,-0.494778135,-0.557720471,0.297516689,3.422e-09,1,0
0.282760,-0.192005,-0.25437638,0.364312781,0.768704033,0.847495288,-0.495631488,-0.544794152,0.306395125,2.866e-09,1,0
0.282760,-0.174550,-0.259367888,0.359459733,0.772231694,0.843722823,-0.496420805,-0.532059525,0.315434204,2.363e-09,1,0
0.282760,-0.157095,-0.264405865,0.354542738,0.775753336,0.839981639,-0.497133784,-0.519515275,0.324635182,1.795e-04,1,0
0.282760,-0.139640,-0.269422462,0.349642795,0.779289007,0.836293598,-0.497789067,-0.507160043,0.333999348,1.576e-04,1,0
0.282760,-0.122185,-0.274449996,0.344719227,0.782825708,0.832637701,-0.498372487,-0.494992437,0.34352802,1.365e-04,1,0
0.282760,-0.104730,-0.279486196,0.33977392,0.786362618,0.829009032,-0.49888209,-0.483011032,0.353222542,1.160e-04,1,0
0.282760,-0.087275,-0.284528781,0.334808816,0.789899261,0.825403107,-0.499316176,-0.471214383,0.363084286,9.597e-05,1,0
0.282760,-0.069820,-0.28957547,0.32982591,0.793435515,0.82181586,-0.499673305,-0.459601024,0.373114646,7.636e-05,1,0
0.282760,-0.052365,-0.294623985,0.324827249,0.796971611,0.818243642,-0.499952298,-0.448169478,0.383315039,5.704e-05,1,0
0.282760,-0.034910,-0.299672053,0.319814921,0.80050814,0.814683206,-0.500152236,-0.43691826,0.393686899,3.792e-05,1,0
0.282760,-0.017455,-0.304717413,0.314791056,0.804046055,0.811131704,-0.500272461,-0.42584588,0.40423168,1.971e-05,1,0
0.282760,0.000000,-0.309757822,0.309757822,0.807586678,0.807586678,-0.500312581,-0.414950848,0.414950848,2.018e-05,1,0
0.282760,0.017455,-0.314791056,0.304717413,0.811131704,0.804046055,-0.500272461,-0.40423168,0.42584588,1.971e-05,1,0
0.282760,0.034910,-0.319814921,0.299672053,0.814683206,0.80050814,-0.500152236,-0.393686899,0.43691826,3.792e-05,1,0
0.282760,0.052365,-0.324827249,0.294623985,0.818243642,0.796971611,-0.499952298,-0.383315039,0.448169478,5.704e-05,1,0
0.282760,0.069820,-0.32982591,0.28957547,0.82181586,0.793435515,-0.499673305,-0.373114646,0.459601024,7.636e-05,1,0
0.282760,0.087275,-0.334808816,0.28452878,0.825403107,0.789899261,-0.499316176,-0.363084286,0.471214383,9.597e-05,1,0
0.282760,0.104730,-0.33977392,0.279486196,0.829009032,0.786362618,-0.49888209,-0.353222542,0.483011032,1.160e-04,1,0
0.282760,0.122185,-0.344719227,0.274449996,0.832637701,0.782825708,-0.498372487,-0.34352802,0.494992437,1.365e-04,1,0
0.282760,0.139640,-0.349642795,0.269422462,0.836293598,0.779289007,-0.497789067,-0.333999348,0.507160043,1.576e-04,1,0
0.282760,0.157095,-0.354542738,0.264405865,0.839981639,0.775753336,-0.497133784,-0.324635182,0.519515275,1.795e-04,1,0
0.282760,0.174550,-0.359459733,0.259367888,0.843722823,0.772231694,-0.496420805,-0.315434204,0.532059525,2.363e-09,1,0
0.282760,0.192005,-0.364312781,0.25437638,0.847495288,0.768704033,-0.495631488,-0.306395125,0.544794152,2.866e-09,1,0
0.282760,0.209460,-0.369137385,0.249402379,0.851318055,0.765182282,-0.494778135,-0.297516689,0.557720471,3.422e-09,1,0
0.282760,0.226915,-0.373932007,0.244448036,0.855197999,0.761668698,-0.493863776,-0.288797669,0.570839746,4.802e-09,1,0
0.282760,0.244370,-0.378695202,0.239515466,0.859142515,0.758165892,-0.492891706,-0.280236875,0.584153185,6.678e-09,1,0
0.282760,0.261825,-0.383425617,0.234606745,0.863159533,0.754676831,-0.491865478,-0.271833147,0.597661928,8.881e-09,1,0
0.282760,0.279280,-0.388122004,0.229723903,0.867257543,0.751204837,-0.490788915,-0.263585365,0.611367041,1.142e-08,1,0
0.282760,0.296735,-0.392783215,0.224868921,0.871445621,0.747753599,-0.489666099,-0.255492444,0.625269503,1.428e-08,1,0
0.282760,0.314190,-0.397408217,0.220043725,0.875733455,0.74432717,-0.488501385,-0.247553334,0.639370201,1.744e-08,1,0
0.282760,0.331645,-0.401996088,0.215250185,0.880131377,0.740929976,-0.487299394,-0.239767027,0.653669911,2.081e-08,1,0
0.282760,0.349100,-0.406546032,0.210490108,0.884650399,0.737566827,-0.486065025,-0.23213255,0.668169293,2.427e-08,1,0
0.297887,-0.349100,-0.206944235,0.403166232,0.727020294,0.878515054,-0.474913658,-0.695924104,0.255187035,2.415e-08,1,0
0.297887,-0.331645,-0.211682741,0.398587178,0.730524895,0.873895846,-0.476166525,-0.681209593,0.262869834,2.110e-08,1,0
0.297887,-0.314190,-0.216455878,0.393971179,0.734060562,0.869398548,-0.477385131,-0.666701553,0.270706832,1.785e-08,1,0
0.297887,-0.296735,-0.221261859,0.389319083,0.737622661,0.865011971,-0.478564735,-0.652399154,0.278699076,1.464e-08,1,0
0.297887,-0.279280,-0.226098837,0.384631854,0.741206926,0.860725622,-0.479700856,-0.638301448,0.286847654,1.162e-08,1,0
0.297887,-0.261825,-0.230964903,0.379910571,0.744809458,0.856529669,-0.480789278,-0.624407389,0.295153693,8.884e-09,1,0
0.297887,-0.244370,-0.235858098,0.375156417,0.748426708,0.852414899,-0.481826039,-0.610715834,0.303618358,7.096e-09,1,0
0.297887,-0.226915,-0.24077641,0.370370679,0.752055485,0.8483727,-0.482807434,-0.59722556,0.312242854,5.996e-09,1,0
0.297887,-0.209460,-0.245717784,0.365554742,0.755692944,0.844395028,-0.483730014,-0.583935272,0.32102842,5.029e-09,1,0
0.297887,-0.192005,-0.250680122,0.360710081,0.759336587,0.840474384,-0.484590583,-0.570843613,0.329976334,4.171e-09,1,0
0.297887,-0.174550,-0.255661289,0.35583826,0.762984262,0.836603795,-0.485386197,-0.557949168,0.339087908,3.407e-09,1,0
0.297887,-0.157095,-0.26065912,0.350940926,0.766634165,0.832776792,-0.48611417,-0.54525048,0.348364488,2.727e-09,1,0
0.297887,-0.139640,-0.265704199,0.345982212,0.770273579,0.828975069,-0.486763114,-0.532746049,0.357807452,1.890e-04,1,0
0.297887,-0.122185,-0.27072483,0.341044683,0.773925621,0.825220139,-0.4873508,-0.520434344,0.367418212,1.635e-04,1,0
0.297887,-0.104730,-0.275755516,0.336086741,0.777576298,0.821491788,-0.487863976,-0.508313806,0.377198205,1.389e-04,1,0
0.297887,-0.087275,-0.280793988,0.331110349,0.781225218,0.817785469,-0.488300998,-0.496382858,0.387148901,1.149e-04,1,0
0.297887,-0.069820,-0.28583797,0.326117519,0.784872339,0.814097056,-0.48866047,-0.484639907,0.397271791,9.135e-05,1,0
0.297887,-0.052365,-0.290885187,0.32111031,0.788517965,0.810422839,-0.488941247,-0.47308335,0.407568394,6.820e-05,1,0
0.297887,-0.034910,-0.295933371,0.316090824,0.792162756,0.806759512,-0.48914244,-0.461711579,0.418040249,4.533e-05,1,0
0.297887,-0.017455,-0.30098026,0.3110612,0.795807735,0.803104166,-0.48926341,-0.450522986,0.428688914,2.524e-05,1,0
0.297887,0.000000,-0.306023612,0.306023612,0.799454285,0.799454285,-0.489303776,-0.439515963,0.439515963,2.576e-05,1,0
0.297887,0.017455,-0.3110612,0.30098026,0.803104166,0.795807735,-0.48926341,-0.428688914,0.450522986,2.524e-05,1,0
0.297887,0.034910,-0.316090824,0.295933371,0.806759512,0.792162756,-0.48914244,-0.418040249,0.461711579,4.533e-05,1,0
0.297887,0.052365,-0.32111031,0.290885188,0.810422839,0.788517965,-0.488941247,-0.407568394,0.47308335,6.820e-05,1,0
0.297887,0.069820,-0.326117519,0.28583797,0.814097056,0.784872339,-0.48866047,-0.397271791,0.484639907,9.135e-05,1,0
0.297887,0.087275,-0.331110349,0.280793988,0.817785469,0.781225218,-0.488300998,-0.387148901,0.496382858,1.149e-04,1,0
0.297887,0.104730,-0.336086741,0.275755516,0.821491788,0.777576297,-0.487863976,-0.377198205,0.508313806,1.389e-04,1,0
0.297887,0.122185,-0.341044683,0.27072483,0.825220139,0.773925621,-0.4873508,-0.367418212,0.520434344,1.635e-04,1,0
0.297887,0.139640,-0.345982212,0.265704199,0.828975069,0.770273579,-0.486763114,-0.357807452,0.532746049,1.890e-04,1,0
0.297887,0.157095,-0.350940926,0.26065912,0.832776792,0.766634165,-0.48611417,-0.348364488,0.54525048,2.727e-09,1,0
0.297887,0.174550,-0.35583826,0.255661289,0.836603795,0.762984262,-0.485386197,-0.339087908,0.557949168,3.407e-09,1,0
0.297887,0.192005,-0.360710081,0.250680122,0.840474384,0.759336587,-0.484590583,-0.329976334,0.570843613,4.171e-09,1,0
0.297887,0.209460,-0.365554742,0.245717784,0.844395028,0.755692944,-0.483730014,-0.32102842,0.583935272,5.029e-09,1,0
0.297887,0.226915,-0.370370679,0.24077641,0.8483727,0.752055485,-0.482807434,-0.312242854,0.59722556,5.996e-09,1,0
0.297887,0.244370,-0.375156417,0.235858098,0.852414899,0.748426708,-0.481826039,-0.303618358,0.610715834,7.096e-09,1,0
0.297887,0.261825,-0.379910571,0.230964903,0.856529669,0.744809458,-0.480789278,-0.295153693,0.624407389,8.884e-09,1,0
0.297887,0.279280,-0.384631854,0.226098837,0.860725622,0.741206926,-0.479700856,-0.286847654,0.638301448,1.162e-08,1,0
0.297887,0.296735,-0.389319083,0.221261859,0.865011971,0.737622661,-0.478564735,-0.278699076,0.652399154,1.464e-08,1,0
0.297887,0.314190,-0.393971179,0.216455878,0.869398548,0.734060562,-0.477385131,-0.270706832,0.666701553,1.785e-08,1,0
0.297887,0.331645,-0.398587178,0.211682741,0.873895846,0.730524895,-0.476166525,-0.262869834,0.681209593,2.110e-08,1,0
0.297887,0.349100,-0.403166232,0.206944235,0.878515054,0.727020294,-0.474913658,-0.255187035,0.695924104,2.415e-08,1,0
0.313013,-0.349100,-0.203393068,0.399688429,0.716202126,0.872090256,-0.463634815,-0.724139857,0.278448226,2.902e-08,1,0
0.313013,-0.331645,-0.208109166,0.395083856,0.719851627,0.867373294,-0.464910089,-0.709199473,0.286183542,2.420e-08,1,0
0.313013,-0.314190,-0.212860966,0.390443253,0.723528828,0.862779014,-0.466148924,-0.694472772,0.294075468,2.029e-08,1,0
0.313013,-0.296735,-0.217646705,0.38576752,0.727229298,0.858296045,-0.467346749,-0.679958727,0.302125132,1.709e-08,1,0
0.313013,-0.279280,-0.222464556,0.381057668,0.730948962,0.853913728,-0.468499246,-0.665656204,0.3103337,1.443e-08,1,0
0.313013,-0.261825,-0.227312637,0.376314818,0.734684091,0.849622075,-0.469602345,-0.651563968,0.318702383,1.218e-08,1,0
0.313013,-0.244370,-0.232189009,0.371540194,0.738431301,0.84541174,-0.470652223,-0.637680697,0.32723243,1.027e-08,1,0
0.313013,-0.226915,-0.237091682,0.36673512,0.74218755,0.841273979,-0.471645303,-0.624004992,0.335925129,8.612e-09,1,0
0.313013,-0.209460,-0.24201862,0.361901013,0.745950132,0.837200633,-0.47257825,-0.610535386,0.344781809,7.169e-09,1,0
0.313013,-0.192005,-0.246967746,0.35703938,0.74971668,0.833184093,-0.473447976,-0.597270353,0.353803836,5.903e-09,1,0
0.313013,-0.174550,-0.251936946,0.352151812,0.753485163,0.829217285,-0.474251636,-0.584208318,0.362992613,4.786e-09,1,0
0.313013,-0.157095,-0.25692407,0.347239981,0.757253888,0.825293648,-0.474986628,-0.571347662,0.372349579,3.801e-09,1,0
0.313013,-0.139640,-0.261926941,0.34230563,0.761021499,0.821407113,-0.475650596,-0.558686732,0.381876209,2.936e-09,1,0
0.313013,-0.122185,-0.266976972,0.337313363,0.764774412,0.817539956,-0.476232971,-0.546223846,0.391574008,1.943e-04,1,0
0.313013,-0.104730,-0.272000159,0.33234565,0.768538962,0.813713522,-0.476750788,-0.533957299,0.401444518,1.650e-04,1,0
0.313013,-0.087275,-0.277032458,0.327360768,0.772300094,0.809908305,-0.47719164,-0.521885371,0.411489307,1.364e-04,1,0
0.313013,-0.069820,-0.2820716,0.322360747,0.776057852,0.806120116,-0.47755418,-0.510006328,0.421709973,1.084e-04,1,0
0.313013,-0.052365,-0.287115317,0.317347661,0.779812622,0.802345182,-0.477837303,-0.498318434,0.432108142,8.091e-05,1,0
0.313013,-0.034910,-0.292161345,0.312323622,0.783565145,0.798580133,-0.47804015,-0.486819948,0.442685462,5.376e-05,1,0
0.313013,-0.017455,-0.297207424,0.307290779,0.787316516,0.794821997,-0.478162104,-0.475509133,0.453443604,3.198e-05,1,0
0.313013,0.000000,-0.302251311,0.302251311,0.791068192,0.791068192,-0.478202796,-0.464384259,0.464384259,3.253e-05,1,0
0.313013,0.017455,-0.307290779,0.297207424,0.794821997,0.787316516,-0.478162104,-0.453443604,0.475509133,3.198e-05,1,0
0.313013,0.034910,-0.312323622,0.292161345,0.798580133,0.783565145,-0.47804015,-0.442685462,0.486819948,5.376e-05,1,0
0.313013,0.052365,-0.317347661,0.287115317,0.802345182,0.779812622,-0.477837303,-0.432108142,0.498318434,8.091e-05,1,0
0.313013,0.069820,-0.322360747,0.2820716,0.806120117,0.776057852,-0.47755418,-0.421709973,0.510006328,1.084e-04,1,0
0.313013,0.087275,-0.327360768,0.277032458,0.809908305,0.772300094,-0.47719164,-0.411489307,0.521885371,1.364e-04,1,0
0.313013,0.104730,-0.33234565,0.272000159,0.813713522,0.768538962,-0.476750788,-0.401444518,0.533957299,1.650e-04,1,0
0.313013,0.122185,-0.337313363,0.266976972,0.817539956,0.764774412,-0.476232971,-0.391574008,0.546223846,1.943e-04,1,0
0.313013,0.139640,-0.34230563,0.261926941,0.821407113,0.761021499,-0.475650596,-0.381876209,0.558686732,2.936e-09,1,0
0.313013,0.157095,-0.347239981,0.25692407,0.825293648,0.757253888,-0.474986628,-0.372349579,0.571347662,3.801e-09,1,0
0.313013,0.174550,-0.352151812,0.251936946,0.829217285,0.753485163,-0.474251636,-0.362992613,0.584208318,4.786e-09,1,0
0.313013,0.192005,-0.35703938,0.246967746,0.833184093,0.74971668,-0.473447976,-0.353803836,0.597270353,5.903e-09,1,0
0.313013,0.209460,-0.361901013,0.24201862,0.837200633,0.745950132,-0.47257825,-0.344781809,0.610535386,7.169e-09,1,0
0.313013,0.226915,-0.36673512,0.237091682,0.841273979,0.74218755,-0.471645303,-0.335925129,0.624004992,8.612e-09,1,0
0.313013,0.244370,-0.371540194,0.232189009,0.84541174,0.738431301,-0.470652223,-0.32723243,0.637680697,1.027e-08,1,0
0.313013,0.261825,-0.376314818,0.227312637,0.849622075,0.734684091,-0.469602345,-0.318702383,0.651563968,1.218e-08,1,0
0.313013,0.279280,-0.381057668,0.222464556,0.853913727,0.730948962,-0.468499246,-0.3103337,0.665656204,1.443e-08,1,0
0.313013,0.296735,-0.38576752,0.217646705,0.858296045,0.727229298,-0.467346749,-0.302125132,0.679958727,1.709e-08,1,0
0.313013,0.314190,-0.390443253,0.212860966,0.862779014,0.723528828,-0.466148924,-0.294075468,0.694472772,2.029e-08,1,0
0.313013,0.331645,-0.395083856,0.208109166,0.867373294,0.719851627,-0.464910089,-0.286183542,0.709199473,2.420e-08,1,0
0.313013,0.349100,-0.399688429,0.203393068,0.872090256,0.716202126,-0.463634815,-0.278448226,0.724139857,2.902e-08,1,0
0.328140,-0.349100,-0.199833731,0.396117073,0.705106039,0.865382754,-0.452237205,-0.752837389,0.301923481,4.149e-08,1,0
0.328140,-0.331645,-0.20452685,0.391490416,0.708904608,0.860570199,-0.453539071,-0.737659526,0.309715607,3.460e-08,1,0
0.328140,-0.314190,-0.209256635,0.386828578,0.712727074,0.855881072,-0.454801994,-0.722703027,0.317666804,2.897e-08,1,0
0.328140,-0.296735,-0.214021351,0.382132509,0.71656924,0.85130381,-0.456021593,-0.707966642,0.32577828,2.434e-08,1,0
0.328140,-0.279280,-0.218819198,0.377403271,0.720427249,0.846827582,-0.457193732,-0.69344902,0.334051289,2.047e-08,1,0
0.328140,-0.261825,-0.223648316,0.372642028,0.724297575,0.84244224,-0.458314505,-0.679148716,0.342487125,1.721e-08,1,0
0.328140,-0.244370,-0.228506792,0.367850045,0.72817702,0.838138293,-0.459380242,-0.665064205,0.351087124,1.443e-08,1,0
0.328140,-0.226915,-0.233392661,0.363028683,0.732062713,0.833906865,-0.460387505,-0.65119389,0.359852665,1.204e-08,1,0
0.328140,-0.209460,-0.238303911,0.358179395,0.735952111,0.829739672,-0.461333091,-0.637536112,0.368785169,9.961e-09,1,0
0.328140,-0.192005,-0.243238486,0.353303717,0.739842993,0.825628995,-0.462214026,-0.624089159,0.377886093,8.151e-09,1,0
0.328140,-0.174550,-0.248194292,0.348403269,0.743733468,0.821567655,-0.463027574,-0.610851274,0.387156938,6.567e-09,1,0
0.328140,-0.157095,-0.253169201,0.343479746,0.747621971,0.81754899,-0.463771229,-0.597820664,0.39659924,5.180e-09,1,0
0.328140,-0.139640,-0.258161054,0.338534916,0.751507266,0.813566841,-0.464442722,-0.584995504,0.406214573,5.203e-09,1,0
0.328140,-0.122185,-0.263167668,0.333570611,0.755388451,0.809615528,-0.465040018,-0.572373949,0.416004549,5.211e-09,1,0
0.328140,-0.104730,-0.268186841,0.328588729,0.759264957,0.805689841,-0.465561321,-0.559954132,0.425970811,4.961e-09,1,0
0.328140,-0.087275,-0.273216354,0.32359122,0.763136557,0.801785019,-0.466005069,-0.547734178,0.436115037,4.486e-09,1,0
0.328140,-0.069820,-0.278276912,0.318557493,0.766992989,0.797888011,-0.466365176,-0.535712202,0.446438937,1.277e-04,1,0
0.328140,-0.052365,-0.283315104,0.313541038,0.770856807,0.794013412,-0.466651236,-0.52388632,0.45694425,9.532e-05,1,0
0.328140,-0.034910,-0.288356877,0.308514889,0.774716805,0.790147576,-0.466856157,-0.51225465,0.467632742,6.332e-05,1,0
0.328140,-0.017455,-0.293399978,0.303481202,0.778574163,0.786287461,-0.466979346,-0.500815315,0.478506203,4.011e-05,1,0
0.328140,0.000000,-0.298442162,0.298442162,0.782430414,0.782430414,-0.467020449,-0.48956645,0.48956645,4.071e-05,1,0
0.328140,0.017455,-0.303481202,0.293399978,0.786287461,0.778574163,-0.466979346,-0.478506203,0.500815315,4.011e-05,1,0
0.328140,0.034910,-0.308514889,0.288356877,0.790147576,0.774716805,-0.466856157,-0.467632742,0.51225465,6.332e-05,1,0
0.328140,0.052365,-0.313541038,0.283315104,0.794013412,0.770856807,-0.466651236,-0.45694425,0.52388632,9.532e-05,1,0
0.328140,0.069820,-0.318557493,0.278276912,0.79788801,0.766992989,-0.466365175,-0.446438937,0.535712202,1.277e-04,1,0
0.328140,0.087275,-0.32359122,0.273216354,0.801785019,0.763136557,-0.466005069,-0.436115037,0.547734178,4.486e-09,1,0
0.328140,0.104730,-0.328588729,0.268186841,0.805689841,0.759264957,-0.465561321,-0.425970811,0.559954132,4.961e-09,1,0
0.328140,0.122185,-0.333570611,0.263167668,0.809615528,0.755388451,-0.465040018,-0.416004549,0.572373949,5.211e-09,1,0
0.328140,0.139640,-0.338534916,0.258161054,0.813566841,0.751507266,-0.464442722,-0.406214573,0.584995504,5.203e-09,1,0
0.328140,0.157095,-0.343479746,0.253169201,0.81754899,0.747621971,-0.463771229,-0.39659924,0.597820664,5.180e-09,1,0
0.328140,0.174550,-0.348403269,0.248194292,0.821567655,0.743733468,-0.463027574,-0.387156938,0.610851274,6.567e-09,1,0
0.328140,0.192005,-0.353303717,0.243238486,0.825628995,0.739842993,-0.462214026,-0.377886093,0.624089159,8.151e-09,1,0
0.328140,0.209460,-0.358179395,0.238303911,0.829739672,0.735952111,-0.461333091,-0.368785169,0.637536112,9.961e-09,1,0
0.328140,0.226915,-0.363028683,0.233392661,0.833906865,0.732062713,-0.460387505,-0.359852665,0.65119389,1.204e-08,1,0
0.328140,0.244370,-0.367850045,0.228506792,0.838138293,0.72817702,-0.459380242,-0.351087124,0.665064205,1.443e-08,1,0
0.328140,0.261825,-0.372642028,0.223648316,0.84244224,0.724297575,-0.458314505,-0.342487125,0.679148716,1.721e-08,1,0
0.328140,0.279280,-0.377403271,0.218819197,0.846827582,0.720427249,-0.457193732,-0.334051289,0.69344902,2.047e-08,1,0
0.328140,0.296735,-0.382132509,0.214021351,0.85130381,0.71656924,-0.456021593,-0.32577828,0.707966642,2.434e-08,1,0
0.328140,0.314190,-0.386828578,0.209256635,0.855881072,0.712727074,-0.454801994,-0.317666804,0.722703027,2.897e-08,1,0
0.328140,0.331645,-0.391490416,0.20452685,0.860570199,0.708904608,-0.453539071,-0.309715607,0.737659526,3.460e-08,1,0
0.328140,0.349100,-0.396117073,0.199833731,0.865382754,0.705106039,-0.452237205,-0.301923481,0.752837389,4.149e-08,1,0
0.343267,-0.349100,-0.196262868,0.392456513,0.693724323,0.858398965,-0.440728471,-0.782039213,0.325620224,5.759e-08,1,0
0.343267,-0.331645,-0.200932729,0.38781105,0.697676958,0.853492715,-0.442061454,-0.766611283,0.333473565,4.803e-08,1,0
0.343267,-0.314190,-0.205640104,0.383131186,0.701649185,0.84871062,-0.443352624,-0.751412932,0.341488491,4.019e-08,1,0
0.343267,-0.296735,-0.210383287,0.378417926,0.705637082,0.844040918,-0.444597824,-0.736442657,0.349666298,3.370e-08,1,0
0.343267,-0.279280,-0.215160509,0.373672379,0.709637045,0.839472595,-0.445793114,-0.721698856,0.358008326,2.827e-08,1,0
0.343267,-0.261825,-0.219969939,0.368895757,0.713645779,0.834995337,-0.446934773,-0.707179847,0.366515958,2.368e-08,1,0
0.343267,-0.244370,-0.224809693,0.364089366,0.717660304,0.8305995,-0.448019303,-0.692883874,0.375190624,1.978e-08,1,0
0.343267,-0.226915,-0.229677831,0.359254606,0.721677947,0.82627607,-0.449043422,-0.678809115,0.384033796,1.642e-08,1,0
0.343267,-0.209460,-0.234572368,0.354392963,0.72569635,0.822016636,-0.450004068,-0.664953696,0.393046989,1.353e-08,1,0
0.343267,-0.192005,-0.239491273,0.349506006,0.729713464,0.817813357,-0.450898401,-0.651315698,0.402231761,1.101e-08,1,0
0.343267,-0.174550,-0.244432477,0.344595383,0.733727555,0.813658946,-0.451723799,-0.637893162,0.411589711,8.946e-09,1,0
0.343267,-0.157095,-0.249393873,0.339662812,0.737737204,0.809546638,-0.452477865,-0.6246841,0.421122481,9.118e-09,1,0
0.343267,-0.139640,-0.254373325,0.334710084,0.741741314,0.805470175,-0.453158424,-0.611686501,0.430831749,8.988e-09,1,0
0.343267,-0.122185,-0.259368668,0.329739049,0.745739108,0.801423789,-0.453763526,-0.598898335,0.440719237,8.566e-09,1,0
0.343267,-0.104730,-0.264377718,0.324751621,0.749730139,0.797402179,-0.454291446,-0.586317562,0.4507867,7.875e-09,1,0
0.343267,-0.087275,-0.269398272,0.319749763,0.753714291,0.793400499,-0.454740689,-0.573942133,0.461035931,6.945e-09,1,0
0.343267,-0.069820,-0.274428116,0.314735489,0.757691782,0.789414347,-0.455109985,-0.561770001,0.471468758,5.810e-09,1,0
0.343267,-0.052365,-0.279485061,0.309692012,0.761651256,0.785429889,-0.455393231,-0.549799121,0.48208704,1.116e-04,1,0
0.343267,-0.034910,-0.284520666,0.304666025,0.765618771,0.781463954,-0.455600672,-0.538027456,0.492892671,7.411e-05,1,0
0.343267,-0.017455,-0.289558798,0.299633697,0.769581994,0.777502417,-0.455725364,-0.526452979,0.503887568,4.987e-05,1,0
0.343267,0.000000,-0.294597218,0.294597218,0.773542548,0.773542548,-0.455766965,-0.515073681,0.515073681,5.051e-05,1,0
0.343267,0.017455,-0.299633697,0.289558798,0.777502417,0.769581994,-0.455725364,-0.503887568,0.526452979,4.987e-05,1,0
0.343267,0.034910,-0.304666025,0.284520666,0.781463954,0.765618771,-0.455600672,-0.492892671,0.538027456,7.411e-05,1,0
0.343267,0.052365,-0.309692012,0.279485061,0.785429889,0.761651256,-0.455393231,-0.48208704,0.549799121,1.116e-04,1,0
0.343267,0.069820,-0.314735489,0.274428116,0.789414347,0.757691782,-0.455109985,-0.471468758,0.561770001,5.810e-09,1,0
0.343267,0.087275,-0.319749763,0.269398272,0.793400499,0.753714291,-0.454740689,-0.461035931,0.573942133,6.945e-09,1,0
0.343267,0.104730,-0.324751621,0.264377718,0.797402179,0.749730139,-0.454291446,-0.4507867,0.586317562,7.875e-09,1,0
0.343267,0.122185,-0.329739049,0.259368668,0.801423789,0.745739108,-0.453763526,-0.440719237,0.598898335,8.566e-09,1,0
0.343267,0.139640,-0.334710084,0.254373325,0.805470175,0.741741314,-0.453158424,-0.430831749,0.611686501,8.988e-09,1,0
0.343267,0.157095,-0.339662812,0.249393873,0.809546638,0.737737204,-0.452477865,-0.421122481,0.6246841,9.118e-09,1,0
0.343267,0.174550,-0.344595383,0.244432477,0.813658946,0.733727555,-0.451723799,-0.411589711,0.637893162,8.946e-09,1,0
0.343267,0.192005,-0.349506006,0.239491273,0.817813357,0.729713464,-0.450898401,-0.402231761,0.651315698,1.101e-08,1,0
0.343267,0.209460,-0.354392963,0.234572368,0.822016636,0.72569635,-0.450004068,-0.393046989,0.664953696,1.353e-08,1,0
0.343267,0.226915,-0.359254606,0.229677831,0.826276071,0.721677947,-0.449043422,-0.384033796,0.678809115,1.642e-08,1,0
0.343267,0.244370,-0.364089366,0.224809693,0.8305995,0.717660304,-0.448019303,-0.375190624,0.692883874,1.978e-08,1,0
0.343267,0.261825,-0.368895757,0.219969939,0.834995337,0.713645779,-0.446934773,-0.366515958,0.707179847,2.368e-08,1,0
0.343267,0.279280,-0.373672379,0.215160509,0.839472595,0.709637045,-0.445793114,-0.358008326,0.721698856,2.827e-08,1,0
0.343267,0.296735,-0.378417926,0.210383287,0.844040918,0.705637082,-0.444597824,-0.349666298,0.736442657,3.370e-08,1,0
0.343267,0.314190,-0.383131186,0.205640104,0.84871062,0.701649185,-0.443352624,-0.341488491,0.751412932,4.019e-08,1,0
0.343267,0.331645,-0.38781105,0.200932729,0.853492715,0.697676958,-0.442061454,-0.333473565,0.766611283,4.803e-08,1,0
0.343267,0.349100,-0.392456513,0.196262868,0.858398965,0.693724323,-0.440728471,-0.325620224,0.782039213,5.759e-08,1,0
0.358393,-0.349100,-0.192676578,0.388710995,0.682047644,0.85114496,-0.429115117,-0.811769752,0.349545957,7.796e-08,1,0
0.358393,-0.331645,-0.197323226,0.384049848,0.6861603,0.84614665,-0.430484145,-0.796078042,0.357465041,6.506e-08,1,0
0.358393,-0.314190,-0.202008105,0.379355009,0.690287667,0.841273214,-0.431808092,-0.780624743,0.365548286,5.441e-08,1,0
0.358393,-0.296735,-0.206729545,0.37462754,0.694426144,0.83651268,-0.433083043,-0.765408054,0.373797078,4.556e-08,1,0
0.358393,-0.279280,-0.211485809,0.369868602,0.69857242,0.831853839,-0.434305286,-0.750426089,0.382212846,3.814e-08,1,0
0.358393,-0.261825,-0.216275101,0.365079452,0.702723473,0.827286204,-0.435471308,-0.735676891,0.390797071,3.186e-08,1,0
0.358393,-0.244370,-0.221095568,0.360261442,0.706876572,0.822799971,-0.4365778,-0.72115844,0.399551275,2.652e-08,1,0
0.358393,-0.226915,-0.225945303,0.355416009,0.711029275,0.818385978,-0.437621655,-0.706868664,0.408477031,2.194e-08,1,0
0.358393,-0.209460,-0.230822351,0.350544674,0.715179436,0.814035678,-0.438599972,-0.692805445,0.417575954,1.800e-08,1,0
0.358393,-0.192005,-0.23572471,0.345649039,0.719325203,0.809741109,-0.439510053,-0.678966628,0.426849705,1.658e-08,1,0
0.358393,-0.174550,-0.240650336,0.340730777,0.723465024,0.805494863,-0.440349409,-0.665350032,0.436299991,1.619e-08,1,0
0.358393,-0.157095,-0.245597149,0.335791634,0.72759765,0.801290069,-0.44111576,-0.651953451,0.445928561,1.557e-08,1,0
0.358393,-0.139640,-0.250563036,0.33083342,0.73172214,0.797120366,-0.441807037,-0.638774665,0.455737209,1.469e-08,1,0
0.358393,-0.122185,-0.255545856,0.325858005,0.735837862,0.792979887,-0.442421382,-0.625811442,0.465727768,1.354e-08,1,0
0.358393,-0.104730,-0.260543444,0.320867317,0.739944505,0.788863238,-0.442957153,-0.613061548,0.475902114,1.215e-08,1,0
0.358393,-0.087275,-0.265553616,0.315863332,0.744042078,0.784765483,-0.443412922,-0.600522748,0.486262163,1.051e-08,1,0
0.358393,-0.069820,-0.270574175,0.310848073,0.748130921,0.78068213,-0.443787478,-0.588192814,0.496809868,8.670e-09,1,0
0.358393,-0.052365,-0.275602913,0.305823605,0.752211709,0.776609116,-0.444079831,-0.576069526,0.507547219,6.658e-09,1,0
0.358393,-0.034910,-0.280637619,0.300792028,0.756285457,0.772542795,-0.444289207,-0.564150679,0.518476243,4.513e-09,1,0
0.358393,-0.017455,-0.285684551,0.295749301,0.760340849,0.76846828,-0.444409791,-0.552434083,0.529598996,6.151e-05,1,0
0.358393,0.000000,-0.290717332,0.290717332,0.764405726,0.764405726,-0.444451986,-0.54091757,0.54091757,6.219e-05,1,0
0.358393,0.017455,-0.295749301,0.285684551,0.76846828,0.760340849,-0.444409791,-0.529598996,0.552434083,6.151e-05,1,0
0.358393,0.034910,-0.300792028,0.280637619,0.772542795,0.756285457,-0.444289207,-0.518476243,0.564150679,4.513e-09,1,0
0.358393,0.052365,-0.305823605,0.275602913,0.776609116,0.752211709,-0.444079831,-0.507547219,0.576069526,6.658e-09,1,0
0.358393,0.069820,-0.310848073,0.270574175,0.78068213,0.748130921,-0.443787478,-0.496809868,0.588192814,8.670e-09,1,0
0.358393,0.087275,-0.315863332,0.265553616,0.784765483,0.744042078,-0.443412922,-0.486262163,0.600522748,1.051e-08,1,0
0.358393,0.104730,-0.320867317,0.260543444,0.788863238,0.739944505,-0.442957153,-0.475902114,0.613061548,1.215e-08,1,0
0.358393,0.122185,-0.325858005,0.255545856,0.792979887,0.735837862,-0.442421382,-0.465727768,0.625811442,1.354e-08,1,0
0.358393,0.139640,-0.33083342,0.250563036,0.797120367,0.73172214,-0.441807037,-0.455737209,0.638774665,1.469e-08,1,0
0.358393,0.157095,-0.335791634,0.245597149,0.801290069,0.72759765,-0.44111576,-0.445928561,0.651953451,1.557e-08,1,0
0.358393,0.174550,-0.340730777,0.240650336,0.805494863,0.723465024,-0.440349409,-0.436299991,0.665350032,1.619e-08,1,0
0.358393,0.192005,-0.345649039,0.23572471,0.809741109,0.719325203,-0.439510053,-0.426849705,0.678966628,1.658e-08,1,0
0.358393,0.209460,-0.350544674,0.230822351,0.814035678,0.715179436,-0.438599972,-0.417575954,0.692805445,1.800e-08,1,0
0.358393,0.226915,-0.355416009,0.225945303,0.818385978,0.711029275,-0.437621655,-0.408477031,0.706868664,2.194e-08,1,0
0.358393,0.244370,-0.360261442,0.221095568,0.822799971,0.706876572,-0.4365778,-0.399551275,0.72115844,2.652e-08,1,0
0.358393,0.261825,-0.365079452,0.216275101,0.827286204,0.702723473,-0.435471308,-0.390797071,0.735676891,3.186e-08,1,0
0.358393,0.279280,-0.369868602,0.211485809,0.831853839,0.69857242,-0.434305286,-0.382212846,0.750426089,3.814e-08,1,0
0.358393,0.296735,-0.37462754,0.206729545,0.83651268,0.694426144,-0.433083043,-0.373797078,0.765408054,4.556e-08,1,0
0.358393,0.314190,-0.379355009,0.202008105,0.841273214,0.690287667,-0.431808092,-0.365548286,0.780624743,5.441e-08,1,0
0.358393,0.331645,-0.384049848,0.197323226,0.84614665,0.6861603,-0.430484145,-0.357465041,0.796078042,6.506e-08,1,0
0.358393,0.349100,-0.388710995,0.192676578,0.85114496,0.682047644,-0.429115117,-0.349545957,0.811769752,7.796e-08,1,0
0.373520,-0.349100,-0.189070338,0.384884673,0.670064812,0.84362643,-0.41740241,-0.842055627,0.373708268,1.033e-07,1,0
0.373520,-0.331645,-0.193694182,0.380210802,0.674344549,0.83853744,-0.418812905,-0.826085131,0.381697763,8.622e-08,1,0
0.373520,-0.314190,-0.198356825,0.375503878,0.678633453,0.833574043,-0.420174593,-0.810362586,0.389854061,7.209e-08,1,0
0.373520,-0.296735,-0.203056638,0.370765019,0.682928296,0.828724043,-0.421483841,-0.794885846,0.398178642,6.030e-08,1,0
0.373520,-0.279280,-0.207791926,0.365995442,0.68722611,0.823976027,-0.42273719,-0.779652695,0.406673033,5.039e-08,1,0
0.373520,-0.261825,-0.212560933,0.361196452,0.691524191,0.819319323,-0.423931364,-0.764660861,0.415338811,4.201e-08,1,0
0.373520,-0.244370,-0.217361842,0.356369443,0.695820096,0.814743956,-0.425063267,-0.749908023,0.424177601,3.581e-08,1,0
0.373520,-0.226915,-0.222192784,0.351515893,0.700111653,0.810240611,-0.42612999,-0.735391819,0.433191077,3.311e-08,1,0
0.373520,-0.209460,-0.227051836,0.346637359,0.704396961,0.805800598,-0.427128807,-0.721109857,0.442380962,3.093e-08,1,0
0.373520,-0.192005,-0.231937029,0.341735474,0.708674397,0.80141582,-0.428057185,-0.707059719,0.451749027,2.900e-08,1,0
0.373520,-0.174550,-0.236846353,0.33681194,0.712942617,0.797078748,-0.428912781,-0.693238969,0.46129709,2.711e-08,1,0
0.373520,-0.157095,-0.241777756,0.331868527,0.717200568,0.792782394,-0.429693444,-0.679645158,0.471027016,2.516e-08,1,0
0.373520,-0.139640,-0.246729153,0.326907065,0.721447486,0.788520288,-0.430397223,-0.666275834,0.480940718,2.307e-08,1,0
0.373520,-0.122185,-0.251698428,0.321929443,0.725682909,0.784286457,-0.431022363,-0.653128543,0.491040153,2.078e-08,1,0
0.373520,-0.104730,-0.25668344,0.316937602,0.729906679,0.780075409,-0.431567312,-0.640200834,0.501327324,1.829e-08,1,0
0.373520,-0.087275,-0.261682027,0.31193353,0.73411895,0.775882109,-0.432030718,-0.627490266,0.511804275,1.560e-08,1,0
0.373520,-0.069820,-0.26669201,0.306919259,0.738320196,0.771701969,-0.432411437,-0.614994413,0.522473096,1.273e-08,1,0
0.373520,-0.052365,-0.2717112,0.301896858,0.74251122,0.767530832,-0.432708528,-0.602710863,0.533335916,9.693e-09,1,0
0.373520,-0.034910,-0.2767374,0.296868431,0.746693156,0.763364957,-0.432921259,-0.590637226,0.544394905,6.534e-09,1,0
0.373520,-0.017455,-0.281768414,0.291836108,0.750867485,0.759201008,-0.433049108,-0.578771136,0.55565227,3.289e-09,1,0
0.373520,0.000000,-0.286803139,0.286803139,0.755020576,0.755020576,-0.433084542,-0.567110254,0.567110254,7.603e-05,1,0
0.373520,0.017455,-0.291836108,0.281768414,0.759201008,0.750867485,-0.433049108,-0.55565227,0.578771136,3.289e-09,1,0
0.373520,0.034910,-0.296868431,0.2767374,0.763364957,0.746693156,-0.432921259,-0.544394905,0.590637226,6.534e-09,1,0
0.373520,0.052365,-0.301896858,0.2717112,0.767530832,0.74251122,-0.432708528,-0.533335916,0.602710863,9.693e-09,1,0
0.373520,0.069820,-0.306919259,0.26669201,0.771701969,0.738320196,-0.432411437,-0.522473096,0.614994413,1.273e-08,1,0
0.373520,0.087275,-0.31193353,0.261682027,0.775882109,0.73411895,-0.432030718,-0.511804275,0.627490266,1.560e-08,1,0
0.373520,0.104730,-0.316937602,0.25668344,0.780075409,0.729906679,-0.431567312,-0.501327324,0.640200834,1.829e-08,1,0
0.373520,0.122185,-0.321929443,0.251698428,0.784286457,0.725682909,-0.431022363,-0.491040153,0.653128543,2.078e-08,1,0
0.373520,0.139640,-0.326907065,0.246729153,0.788520288,0.721447486,-0.430397223,-0.480940718,0.666275834,2.307e-08,1,0
0.373520,0.157095,-0.331868527,0.241777756,0.792782394,0.717200568,-0.429693444,-0.471027016,0.679645158,2.516e-08,1,0
0.373520,0.174550,-0.33681194,0.236846353,0.797078748,0.712942617,-0.428912781,-0.46129709,0.693238969,2.711e-08,1,0
0.373520,0.192005,-0.341735474,0.231937029,0.80141582,0.708674397,-0.428057185,-0.451749027,0.707059719,2.900e-08,1,0
0.373520,0.209460,-0.346637359,0.227051835,0.805800598,0.704396961,-0.427128807,-0.442380962,0.721109857,3.093e-08,1,0
0.373520,0.226915,-0.351515893,0.222192784,0.810240611,0.700111653,-0.42612999,-0.433191077,0.735391819,3.311e-08,1,0
0.373520,0.244370,-0.356369443,0.217361842,0.814743956,0.695820096,-0.425063267,-0.424177601,0.749908023,3.581e-08,1,0
0.373520,0.261825,-0.361196452,0.212560933,0.819319323,0.691524191,-0.423931364,-0.415338811,0.764660861,4.201e-08,1,0
0.373520,0.279280,-0.365995442,0.207791926,0.823976027,0.68722611,-0.42273719,-0.406673033,0.779652695,5.039e-08,1,0
0.373520,0.296735,-0.370765019,0.203056638,0.828724043,0.682928296,-0.421483841,-0.398178642,0.794885846,6.030e-08,1,0
0.373520,0.314190,-0.375503878,0.198356825,0.833574043,0.678633453,-0.420174593,-0.389854061,0.810362586,7.209e-08,1,0
0.373520,0.331645,-0.380210802,0.193694182,0.83853744,0.674344549,-0.418812905,-0.381697763,0.826085131,8.622e-08,1,0
0.373520,0.349100,-0.384884673,0.189070338,0.84362643,0.670064812,-0.41740241,-0.373708268,0.842055627,1.033e-07,1,0
0.388647,-0.349100,-0.185438913,0.380981606,0.6577625,0.835848666,-0.405594282,-0.872925988,0.398114844,1.813e-07,1,0
0.388647,-0.331645,-0.190040768,0.37629781,0.662217667,0.830670123,-0.407052246,-0.856660203,0.406179569,1.446e-07,1,0
0.388647,-0.314190,-0.194681822,0.371581525,0.666675682,0.825617902,-0.408457164,-0.840652734,0.414413815,1.176e-07,1,0
0.388647,-0.296735,-0.199360495,0.366833931,0.671133758,0.820679565,-0.409805719,-0.824901028,0.422819159,9.789e-08,1,0
0.388647,-0.279280,-0.204075142,0.362056298,0.67558933,0.815843484,-0.411094747,-0.809402484,0.43139723,8.330e-08,1,0
0.388647,-0.261825,-0.208824051,0.357249983,0.680040061,0.811098788,-0.412321235,-0.794154467,0.440149706,7.239e-08,1,0
0.388647,-0.244370,-0.213605451,0.352416424,0.684483851,0.806435324,-0.413482332,-0.779154307,0.449078319,6.405e-08,1,0
0.388647,-0.226915,-0.218417514,0.34755714,0.688918838,0.80184361,-0.414575349,-0.764399314,0.458184854,5.748e-08,1,0
0.388647,-0.209460,-0.223258359,0.342673725,0.693343407,0.797314804,-0.415597763,-0.74988678,0.467471145,5.207e-08,1,0
0.388647,-0.192005,-0.228126056,0.337767842,0.697756198,0.79284067,-0.41654722,-0.735613988,0.476939079,4.740e-08,1,0
0.388647,-0.174550,-0.233018629,0.332841223,0.702156111,0.788413546,-0.417421542,-0.721578216,0.486590594,4.316e-08,1,0
0.388647,-0.157095,-0.23793406,0.32789566,0.706542315,0.784026321,-0.418218725,-0.707776743,0.496427676,3.912e-08,1,0
0.388647,-0.139640,-0.242870297,0.322933006,0.710914255,0.779672407,-0.418936946,-0.694206855,0.506452367,3.514e-08,1,0
0.388647,-0.122185,-0.247825254,0.317955165,0.715271659,0.775345719,-0.419574568,-0.680865849,0.516666753,3.112e-08,1,0
0.388647,-0.104730,-0.252796817,0.312964091,0.719614546,0.771040655,-0.420130136,-0.667751034,0.527072973,2.701e-08,1,0
0.388647,-0.087275,-0.257782849,0.307961785,0.723943237,0.766752077,-0.420602386,-0.654859742,0.537673211,2.278e-08,1,0
0.388647,-0.069820,-0.262781194,0.302950283,0.72825836,0.762475293,-0.420990244,-0.642189326,0.548469702,1.841e-08,1,0
0.388647,-0.052365,-0.267789684,0.29793166,0.732560859,0.75820604,-0.421292828,-0.629737164,0.559464725,1.393e-08,1,0
0.388647,-0.034910,-0.272806139,0.292908019,0.736852007,0.753940474,-0.421509452,-0.617500664,0.570660603,9.345e-09,1,0
0.388647,-0.017455,-0.277828379,0.287881489,0.741133411,0.749675153,-0.421639623,-0.605477266,0.582059705,4.691e-09,1,0
0.388647,0.000000,-0.282854221,0.282854221,0.745407024,0.745407024,-0.421683046,-0.593664443,0.593664443,2.366e-09,1,0
0.388647,0.017455,-0.287881489,0.277828379,0.749675153,0.741133411,-0.421639623,-0.582059705,0.605477266,4.691e-09,1,0
0.388647,0.034910,-0.292908019,0.272806139,0.753940474,0.736852007,-0.421509452,-0.570660603,0.617500664,9.345e-09,1,0
0.388647,0.052365,-0.29793166,0.267789684,0.75820604,0.73256086,-0.421292828,-0.559464725,0.629737164,1.393e-08,1,0
0.388647,0.069820,-0.302950283,0.262781194,0.762475293,0.72825836,-0.420990244,-0.548469702,0.642189326,1.841e-08,1,0
0.388647,0.087275,-0.307961785,0.257782849,0.766752077,0.723943237,-0.420602386,-0.537673211,0.654859742,2.278e-08,1,0
0.388647,0.104730,-0.312964091,0.252796817,0.771040655,0.719614546,-0.420130136,-0.527072973,0.667751034,2.701e-08,1,0
0.388647,0.122185,-0.317955165,0.247825254,0.775345719,0.715271659,-0.419574568,-0.516666753,0.680865849,3.112e-08,1,0
0.388647,0.139640,-0.322933006,0.242870297,0.779672406,0.710914255,-0.418936946,-0.506452367,0.694206855,3.514e-08,1,0
0.388647,0.157095,-0.32789566,0.23793406,0.784026321,0.706542315,-0.418218725,-0.496427676,0.707776743,3.912e-08,1,0
0.388647,0.174550,-0.332841223,0.233018629,0.788413546,0.702156111,-0.417421542,-0.486590594,0.721578216,4.316e-08,1,0
0.388647,0.192005,-0.337767842,0.228126056,0.79284067,0.697756198,-0.41654722,-0.476939079,0.735613988,4.740e-08,1,0
0.388647,0.209460,-0.342673725,0.223258359,0.797314804,0.693343407,-0.415597763,-0.467471145,0.74988678,5.207e-08,1,0
0.388647,0.226915,-0.34755714,0.218417514,0.80184361,0.688918838,-0.414575349,-0.458184854,0.764399314,5.748e-08,1,0
0.388647,0.244370,-0.352416424,0.213605451,0.806435324,0.684483851,-0.413482332,-0.449078319,0.779154307,6.405e-08,1,0
0.388647,0.261825,-0.357249983,0.208824051,0.811098788,0.680040061,-0.412321235,-0.440149706,0.794154467,7.239e-08,1,0
0.388647,0.279280,-0.362056298,0.204075142,0.815843484,0.67558933,-0.411094747,-0.43139723,0.809402484,8.330e-08,1,0
0.388647,0.296735,-0.366833931,0.199360495,0.820679565,0.671133758,-0.409805719,-0.422819159,0.824901028,9.789e-08,1,0
0.388647,0.314190,-0.371581525,0.194681822,0.825617902,0.666675682,-0.408457164,-0.414413815,0.840652734,1.176e-07,1,0
0.388647,0.331645,-0.37629781,0.190040768,0.830670123,0.662217667,-0.407052246,-0.406179569,0.856660203,1.446e-07,1,0
0.388647,0.349100,-0.380981606,0.185438913,0.835848666,0.6577625,-0.405594282,-0.398114844,0.872925988,1.813e-07,1,0
0.403773,-0.349100,-0.181776241,0.37700577,0.645124914,0.827816516,-0.39369319,-0.904412928,0.42277348,3.024e-07,1,0
0.403773,-0.331645,-0.186357387,0.372314681,0.649765361,0.822549304,-0.395205323,-0.887833613,0.430918425,2.439e-07,1,0
0.403773,-0.314190,-0.190977937,0.367591591,0.654401432,0.817409158,-0.396659579,-0.871523937,0.43923569,1.999e-07,1,0
0.403773,-0.296735,-0.195636373,0.362837743,0.659030861,0.812383382,-0.398053009,-0.855480869,0.447726955,1.664e-07,1,0
0.403773,-0.279280,-0.200331105,0.358054465,0.663651558,0.807460115,-0.399382781,-0.83970136,0.456393954,1.409e-07,1,0
0.403773,-0.261825,-0.205060479,0.353243164,0.668261619,0.802628278,-0.400646188,-0.824182347,0.465238476,1.212e-07,1,0
0.403773,-0.244370,-0.209822777,0.348405326,0.672859342,0.797877524,-0.401840656,-0.808920761,0.474262364,1.057e-07,1,0
0.403773,-0.226915,-0.21461622,0.343542511,0.677443228,0.793198196,-0.402963746,-0.793913529,0.483467519,9.322e-08,1,0
0.403773,-0.209460,-0.219438974,0.338656349,0.682011996,0.78858129,-0.404013162,-0.779157584,0.492855893,8.289e-08,1,0
0.403773,-0.192005,-0.224289154,0.333748536,0.686564593,0.784018418,-0.404986756,-0.764649866,0.502429496,7.405e-08,1,0
0.403773,-0.174550,-0.229164827,0.328820832,0.691100199,0.779501779,-0.405882532,-0.750387329,0.512190393,6.622e-08,1,0
0.403773,-0.157095,-0.234064015,0.323875052,0.695618244,0.775024128,-0.406698654,-0.736366944,0.522140702,5.903e-08,1,0
0.403773,-0.139640,-0.238984703,0.318913069,0.700118409,0.770578751,-0.407433444,-0.722585701,0.532282598,5.225e-08,1,0
0.403773,-0.122185,-0.243924838,0.313936804,0.704600644,0.766159442,-0.408085392,-0.709040618,0.542618309,4.568e-08,1,0
0.403773,-0.104730,-0.24888234,0.308948223,0.709065173,0.761760481,-0.408653156,-0.695728739,0.553150118,3.921e-08,1,0
0.403773,-0.087275,-0.253855102,0.303949334,0.713512504,0.757376615,-0.409135568,-0.682647138,0.56388036,3.276e-08,1,0
0.403773,-0.069820,-0.258840993,0.29894218,0.717943442,0.753003038,-0.409531632,-0.669792927,0.574811424,2.629e-08,1,0
0.403773,-0.052365,-0.26383787,0.293928838,0.722359096,0.748635373,-0.409840532,-0.657163249,0.585945751,1.978e-08,1,0
0.403773,-0.034910,-0.268843576,0.288911411,0.726760891,0.744269663,-0.410061632,-0.644755292,0.597285833,1.322e-08,1,0
0.403773,-0.017455,-0.273855946,0.283892023,0.731150581,0.739902348,-0.410194475,-0.632566279,0.608834213,6.619e-09,1,0
0.403773,0.000000,-0.278872816,0.278872816,0.735530254,0.735530254,-0.410238786,-0.620593482,0.620593482,3.545e-09,1,0
0.403773,0.017455,-0.283892023,0.273855946,0.739902348,0.731150581,-0.410194475,-0.608834213,0.632566279,6.619e-09,1,0
0.403773,0.034910,-0.288911411,0.268843576,0.744269663,0.726760891,-0.410061632,-0.597285833,0.644755292,1.322e-08,1,0
0.403773,0.052365,-0.293928838,0.26383787,0.748635373,0.722359096,-0.409840532,-0.585945751,0.657163249,1.978e-08,1,0
0.403773,0.069820,-0.29894218,0.258840993,0.753003037,0.717943442,-0.409531632,-0.574811424,0.669792927,2.629e-08,1,0
0.403773,0.087275,-0.303949334,0.253855102,0.757376615,0.713512504,-0.409135568,-0.56388036,0.682647138,3.276e-08,1,0
0.403773,0.104730,-0.308948223,0.24888234,0.761760481,0.709065173,-0.408653156,-0.553150118,0.695728739,3.921e-08,1,0
0.403773,0.122185,-0.313936804,0.243924838,0.766159442,0.704600644,-0.408085392,-0.542618309,0.709040618,4.568e-08,1,0
0.403773,0.139640,-0.318913069,0.238984703,0.770578751,0.700118409,-0.407433444,-0.532282598,0.722585701,5.225e-08,1,0
0.403773,0.157095,-0.323875052,0.234064015,0.775024128,0.695618244,-0.406698654,-0.522140702,0.736366944,5.903e-08,1,0
0.403773,0.174550,-0.328820832,0.229164827,0.779501779,0.691100199,-0.405882532,-0.512190393,0.750387329,6.622e-08,1,0
0.403773,0.192005,-0.333748536,0.224289154,0.784018418,0.686564593,-0.404986756,-0.502429496,0.764649866,7.405e-08,1,0
0.403773,0.209460,-0.338656349,0.219438974,0.78858129,0.682011996,-0.404013162,-0.492855893,0.779157584,8.289e-08,1,0
0.403773,0.226915,-0.343542511,0.21461622,0.793198196,0.677443228,-0.402963746,-0.483467519,0.793913529,9.322e-08,1,0
0.403773,0.244370,-0.348405326,0.209822777,0.797877524,0.672859342,-0.401840656,-0.474262364,0.808920761,1.057e-07,1,0
0.403773,0.261825,-0.353243164,0.205060479,0.802628278,0.668261619,-0.400646188,-0.465238476,0.824182347,1.212e-07,1,0
0.403773,0.279280,-0.358054465,0.200331105,0.807460115,0.663651558,-0.399382781,-0.456393954,0.83970136,1.409e-07,1,0
0.403773,0.296735,-0.362837743,0.195636373,0.812383382,0.659030861,-0.398053009,-0.447726955,0.855480869,1.664e-07,1,0
0.403773,0.314190,-0.367591591,0.190977937,0.817409158,0.654401432,-0.396659579,-0.43923569,0.871523937,1.999e-07,1,0
0.403773,0.331645,-0.372314681,0.186357387,0.822549304,0.649765361,-0.395205323,-0.430918425,0.887833613,2.439e-07,1,0
0.403773,0.349100,-0.37700577,0.181776241,0.827816516,0.645124914,-0.39369319,-0.42277348,0.904412928,3.024e-07,1,0
0.418900,-0.349100,-0.178075302,0.372961059,0.63213339,0.819534351,-0.381699966,-0.936551979,0.447692094,4.759e-07,1,0
0.418900,-0.331645,-0.182637551,0.36826514,0.636970728,0.814179116,-0.383273794,-0.919638852,0.455922433,3.869e-07,1,0
0.418900,-0.314190,-0.187239184,0.363537627,0.641795402,0.808951711,-0.384784235,-0.903007816,0.464327982,3.184e-07,1,0
0.418900,-0.296735,-0.191878755,0.358779829,0.646605764,0.803839166,-0.386228764,-0.886655274,0.472910528,2.655e-07,1,0
0.418900,-0.279280,-0.196554747,0.353993135,0.651400285,0.798829369,-0.387604933,-0.870577645,0.481671918,2.242e-07,1,0
0.418900,-0.261825,-0.201265572,0.349179005,0.656177575,0.793911017,-0.388910387,-0.854771366,0.490614056,1.916e-07,1,0
0.418900,-0.244370,-0.206009573,0.344338974,0.660936396,0.789073556,-0.390142867,-0.839232899,0.499738904,1.656e-07,1,0
0.418900,-0.226915,-0.210785034,0.339474642,0.665675678,0.784307142,-0.39130022,-0.823958731,0.509048483,1.445e-07,1,0
0.418900,-0.209460,-0.215590177,0.334587679,0.670394529,0.779602596,-0.392380411,-0.80894538,0.518544873,1.269e-07,1,0
0.418900,-0.192005,-0.220423168,0.329679811,0.675092253,0.774951369,-0.393381522,-0.794189391,0.528230215,1.119e-07,1,0
0.418900,-0.174550,-0.225282125,0.324752826,0.679768358,0.770345508,-0.394301768,-0.779687349,0.538106709,9.879e-08,1,0
0.418900,-0.157095,-0.230165117,0.319808564,0.684422573,0.765777625,-0.395139497,-0.765435872,0.548176612,8.700e-08,1,0
0.418900,-0.139640,-0.235070172,0.314848915,0.689054858,0.76124087,-0.395893197,-0.751431619,0.558442244,7.614e-08,1,0
0.418900,-0.122185,-0.239995279,0.309875816,0.693665416,0.756728906,-0.396561502,-0.737671291,0.568905983,6.590e-08,1,0
0.418900,-0.104730,-0.244938395,0.304891244,0.698254706,0.752235885,-0.397143196,-0.724151633,0.579570268,5.608e-08,1,0
0.418900,-0.087275,-0.249897445,0.299897214,0.702823453,0.747756427,-0.397637216,-0.710869434,0.590437596,4.651e-08,1,0
0.418900,-0.069820,-0.254870333,0.294895774,0.707372666,0.743285602,-0.398042659,-0.697821532,0.601510524,3.710e-08,1,0
0.418900,-0.052365,-0.259854944,0.289888999,0.711903639,0.738818909,-0.398358779,-0.685004816,0.612791668,2.778e-08,1,0
0.418900,-0.034910,-0.264849145,0.284878989,0.716417974,0.734352261,-0.398584997,-0.672416222,0.624283701,1.850e-08,1,0
0.418900,-0.017455,-0.269850796,0.279867862,0.720917588,0.729881968,-0.398720894,-0.660052743,0.635989356,9.249e-09,1,0
0.418900,0.000000,-0.27485775,0.27485775,0.725404724,0.725404724,-0.398766221,-0.647911421,0.647911421,5.253e-09,1,0
0.418900,0.017455,-0.279867862,0.269850796,0.729881969,0.720917588,-0.398720894,-0.635989356,0.660052743,9.249e-09,1,0
0.418900,0.034910,-0.284878989,0.264849145,0.734352261,0.716417974,-0.398584997,-0.624283701,0.672416222,1.850e-08,1,0
0.418900,0.052365,-0.289888999,0.259854944,0.738818909,0.711903639,-0.398358779,-0.612791668,0.685004816,2.778e-08,1,0
0.418900,0.069820,-0.294895774,0.254870334,0.743285602,0.707372666,-0.398042659,-0.601510524,0.697821532,3.710e-08,1,0
0.418900,0.087275,-0.299897214,0.249897445,0.747756427,0.702823453,-0.397637216,-0.590437596,0.710869434,4.651e-08,1,0
0.418900,0.104730,-0.304891244,0.244938395,0.752235885,0.698254706,-0.397143196,-0.579570268,0.724151633,5.608e-08,1,0
0.418900,0.122185,-0.309875816,0.239995279,0.756728906,0.693665416,-0.396561502,-0.568905983,0.737671291,6.590e-08,1,0
0.418900,0.139640,-0.314848915,0.235070172,0.76124087,0.689054858,-0.395893197,-0.558442244,0.751431619,7.614e-08,1,0
0.418900,0.157095,-0.319808564,0.230165117,0.765777625,0.684422573,-0.395139497,-0.548176612,0.765435872,8.700e-08,1,0
0.418900,0.174550,-0.324752826,0.225282125,0.770345508,0.679768358,-0.394301768,-0.538106709,0.779687349,9.879e-08,1,0
0.418900,0.192005,-0.329679811,0.220423168,0.774951369,0.675092253,-0.393381522,-0.528230215,0.794189391,1.119e-07,1,0
0.418900,0.209460,-0.334587679,0.215590177,0.779602596,0.670394529,-0.392380411,-0.518544873,0.80894538,1.269e-07,1,0
0.418900,0.226915,-0.339474642,0.210785034,0.784307142,0.665675678,-0.39130022,-0.509048483,0.823958731,1.445e-07,1,0
0.418900,0.244370,-0.344338974,0.206009573,0.789073556,0.660936396,-0.390142867,-0.499738904,0.839232899,1.656e-07,1,0
0.418900,0.261825,-0.349179005,0.201265572,0.793911017,0.656177574,-0.388910387,-0.490614056,0.854771366,1.916e-07,1,0
0.418900,0.279280,-0.353993135,0.196554747,0.798829369,0.651400285,-0.387604933,-0.481671918,0.870577645,2.242e-07,1,0
0.418900,0.296735,-0.358779829,0.191878755,0.803839166,0.646605764,-0.386228764,-0.472910528,0.886655274,2.655e-07,1,0
0.418900,0.314190,-0.363537627,0.187239184,0.808951711,0.641795402,-0.384784235,-0.464327982,0.903007816,3.184e-07,1,0
0.418900,0.331645,-0.36826514,0.182637551,0.814179116,0.636970728,-0.383273794,-0.455922433,0.919638852,3.869e-07,1,0
0.418900,0.349100,-0.372961059,0.178075302,0.819534351,0.63213339,-0.381699966,-0.447692094,0.936551979,4.759e-07,1,0
